0,1,2,3,4,5,6,7,8,9,10,11,12,13,14,15,16,17,18,19,20,21,22,23,24,25,26,27,28,29,30,31,32,33,34,35,36,37,38,39,40,41,42,43,44,45,46,47,48,49,50,51,52,53,54,55,56,57,58,59,60,61,62,63,64,65,66,67,68,69,70,71,72,73,74,75,76,77,78,79,80,81,82,83,84,85,86,87,88,89,90,91,92,93,94,95,96,97,98,99,100,101,102,103,104,105,106,107,108,109,110,111,112,113,114,115,116,117,118,119,120,121,122,123,124,125,126,127,128,129,130,131,132,133,134,135,136,137,138,139,140,141,142,143,144,145,146,147,148,149,150,151,152,153,154,155,156,157,158,159,160,161,162,163,164,165,166,167
4.439099082497707,3.1155649830461187,3.444993463458239,3.507957921737812,3.53524027671949,3.7772629807227256,3.4636365782127787,3.014313813444836,4.87012788787734,3.4302952344154747,3.429712627296229,3.298973210471457,4.328533829044344,3.327410135606696,3.316379106883568,0.46206600479157245,3.569207743159724,2.902141148175674,5.602820640010475,2.8582000882219405,3.9500509622868343,3.4977815504222827,4.3220660616735405,4.952662535210399,2.215248555376013,4.14947285065952,4.236466017606789,4.083898087081574,0.9606018330050523,5.010132287477818,3.835680531009271,3.7612539585669134,3.950590342085366,3.6243669565725405,0.03415325329937983,0.8924035699829012,2.769982390332766,3.7050757305527293,3.7672425085852104,3.874548659375712,3.884945425861553,4.23460455498936,4.2727122574059635,1.9868446158592261,1.4179124847271105,1.6017336400354607,1.3527078311471397,2.5090340306754406,2.747581435589022,3.2587470220925026,3.9176258972092453,4.092298148459113,3.9662252236920925,1.4225705613326851,3.301012178858156,2.200088213342786,1.1308304787588943,0.7904670011840058,1.4654874863896865,2.5553108441008696,2.9417018754568476,1.141997063034216,0.7516591371219468,0.9344343545552836,3.1703583711249306,2.79615947390201,3.190989281919984,0.9619965863583507,0.5457830856450699,1.6623855143333748,1.7469056298908867,2.990495106753071,3.7251279343151813,4.960769532120864,3.736472337421095,1.452766042170466,3.6579186775778694,3.651892247139675,3.8126282606032236,3.0327248875893993,2.4419276145822293,2.398701046498358,2.0718415472901763,1.83943624897307,1.9944460578057088,2.2496157666437764,1.1269476195229473,3.3748357951953727,3.583585519028812,4.444253895441185,3.0815941629943873,2.595899155542231,1.4198446992031901,1.8947109820135075,2.83224895618115,0.4368981530728849,5.242535846392912,5.033521394301018,4.884806935581711,4.762069679194896,0.0,4.568302565703615,4.643921275658109,8.325619359054489,0.0,2.728373220471811,4.71816658559534,0.8629659593778416,4.784153650933654,4.81794423772726,4.86104213760801,2.749745693476302,5.000736673533278,1.910721885460619,4.35325604806974,0.0,0.0,5.009455951421409,0.0,7.026332539848736,8.601581661680271,8.666226320072145,7.286526041838167,0.0,4.866278714332148,0.0,5.2029166839162775,4.908093375856215,0.0,0.0,5.175185398999619,5.144513842151765,3.189737979435238,0.0,4.223726053562936,0.0,7.331914454959059,0.0,5.299514727938497,7.381623642149693,2.5184208613382357,0.0,5.078360541251754,5.815613692074523,3.3863816533874433,9.287008136857215,0.0,6.594817687116423,6.873639589859457,5.4820210306083865,3.281980961149568,0.0,6.027646080027148,5.050862783603445,0.0,0.6455063703639994,5.585312009306998,0.0,4.644343997982047,0.0,4.912018412907531,0.0,8.503996377982569,1.7793850959828317,0.0,0.6145162248706333,0.0,9.683222302038706
1.6146247028504659,1.0244025289343197,0.0,2.9955091647633214,0.0,2.559539389805937,0.5388442786414599,5.273689799059817,0.0,0.0,0.0,0.0,0.0,0.0,0.0,1.9170470807620366,0.0,0.0,0.0,2.05684851880168,0.4516872202046055,0.0,0.0,0.0,0.0,0.0,3.6780182021956827,0.0,1.2839750997414556,0.1424407653248307,7.701681159261411,2.7559498271842715,9.092540618146476,8.306518974246751,4.32600087834701,0.0,0.0,0.0,0.0,0.0,0.632927073585364,0.0,1.7648724337863888,0.47464528637027903,0.0,1.4716139352397142,3.723498327363069,0.8102127010385646,0.0,0.0,0.1510315145065254,0.48831558556954346,0.0,1.4689570033593429,3.9537195528092783,0.0,0.0,0.0,0.0,0.0,5.695283915914404,0.0,0.0,3.656028229638457,0.0,0.0,0.0,3.675305055235823,0.0,0.0,0.4564827661978211,0.6838715783505619,6.104802151574654,1.896269019399374,0.0,0.0,0.0,0.0,0.0,0.0,0.0,0.0,6.199132957987014,0.24681888098569935,0.0,0.0,3.70130466373971,0.0,3.458170402153945,0.0,0.3854030934114103,0.0,3.4409893729531134,0.9075697776826418,0.0,3.6780182021956827,1.166110397684202,3.6780182021956827,1.6067466406138895,4.380948887291027,0.0,7.13017155794326,4.399885270545863,0.0,1.1729281858047245,0.0,0.0,0.0,0.0,0.0,2.344361429102667,8.674233131930325,0.0,7.825924218703392,5.391375406265399,0.0,0.0,0.0,0.0,0.0,0.2638226644553159,0.6806335724078932,0.0,3.0029500590321057,1.121350039718194,4.349472356197557,0.42249207109175874,1.144760095073159,2.069049709233068,0.0,5.9001526941501785,0.0,0.0,8.956776702159463,0.0,0.10597378813209346,6.337860354376638,2.2178666498160555,0.0,0.0,0.0,0.0,0.548969769513322,0.20148153502029453,0.18863435903179698,0.0,2.350391140140792,0.0,0.0,4.606702815543463,11.103635846975761,5.992926714259558,0.058173424193888365,0.0,0.0,0.0,1.9144035957120027,3.295149658347807,3.050347342047416,0.0,0.0,6.419132763058613,0.391563645965034,4.724416102344845,4.44642123178158,0.0,1.491973041625015,3.6780182021956827
2.60951850192428,2.3868312086377643,1.320768071891857,2.653690111609185,4.4026747608289485,3.5529554607154434,1.1525900122808859,0.3622970295142298,0.0,0.6878974646930336,6.287829571626865,0.0,7.199819093798722,0.0,0.0,0.0,3.0231650317362644,2.088404636199292,3.834307605257573,0.0,0.0,0.5974479343288035,0.0,0.0,0.0,1.4698734155704465,2.3905860322184993,0.0,0.0,0.0038552409440200906,0.0,0.0,0.0,2.6483465407725424,0.0,0.0,1.8311414581531584,6.163700909156567,1.922416320976583,3.5102029116726143,0.0,0.8112718156758879,0.0,0.0,0.0,0.0,2.7486134716924946,3.6199183712719867,1.2900349658430024,0.10694695452387082,0.0,0.0,0.0,0.5367528130523689,0.4929127621335722,2.2296826705026387,3.5682027869813266,0.0,0.0,0.0,0.31677505403451994,1.7468696922928775,7.667268711913039,4.619437984468283,3.0600547703429317,0.0,2.9120008825166006,2.075536309590316,2.2201034505248396,0.0,0.0,0.0,0.0,0.0,1.870368250068821,0.5175439323945298,0.0,1.8511231606734855,0.0,0.0,0.0,0.0,0.0,0.856397544844395,1.8080344738264675,2.275520401503186,0.0,0.5244902988884461,5.476783746499399,0.0,0.0,0.0,0.09068441793844478,0.0,3.6199183712719867,0.0,3.6199183712719867,0.0,0.21727221206616248,0.0,0.0,0.0,0.0,1.856468464181843,0.0,0.025926871074207016,0.0,0.0,0.0,0.30164249917569963,4.059202287819213,6.202798045106228,0.0,0.0,3.0655938193702528,0.36589606430447735,0.0,0.0,3.871756929955112,1.9241473066542727,0.9568138063868046,0.0,2.696308787736639,0.0,0.0,0.0,1.4355488333838555,2.2563627041781493,0.0,0.0,8.13422454079978,0.2254308589752136,3.459144365471392,0.35445163253127077,0.0,0.0,2.2153003981213906,0.0,2.844102112126328,0.0,1.1672837956805957,0.0,3.471887711027582,1.0734061477784533,3.7714293744503555,0.0,2.065331847950624,3.6873950285119004,0.0,1.1750025477614987,0.0,1.726044885290496,1.7823960744284069,0.0,0.0,2.6345001967437476,4.366584564376058,2.2155138430580608,3.757066387221244,0.0,4.873462806615065,1.0549959362247496,3.6199183712719867,0.0,0.0,0.0,1.8968997580002072,0.6358301495080044
0.0,0.0,0.0,0.38439550837104147,2.490835842200161,0.0,0.0,0.5833073399427534,0.3842008579570203,0.0,0.0,0.0,0.0,0.0,3.3649894663403606,4.75054374399169,0.0,2.0506029552785963,2.66771323073405,1.8662879957460032,0.0,0.5264608924990473,0.0,0.10919138332747062,0.0,1.7815770020441681,2.4440809947398043,0.0,1.2045337613767884,0.0,1.3289214073486944,0.43903152748634566,2.5163705913922736,0.0,1.425136717375562,0.0,0.6801728230648767,0.0,0.0,0.0,0.0,0.0,0.0,0.9236599110654333,0.0,2.380312545720619,0.6958146693596095,1.398725907779947,2.742998542022048,0.0,1.408657845250002,0.0,0.6928942255377175,0.33083976771430723,0.3570392319948134,2.6626099361842956,0.0,0.0,0.0,0.0,2.7302401817707027,0.26703908825747674,0.0,0.0,0.0,0.05237454827430341,0.0,0.0,0.0,1.7237505597837832,0.0,0.0,0.2520788617221426,0.0,1.293079043465598,0.2407300241749122,0.0,0.0,2.8089673247695868,0.0,1.179049935532056,1.2320957658962923,0.0,0.0,0.0,1.870316701792081,3.0193238439000467,0.0,0.0,1.7138751942220274,1.7578216302136698,0.39486598737666395,0.41728448827361553,0.0,0.0,0.0,0.8653628166103888,0.0,1.6465903375681976,0.0,0.0,0.33012693615618866,0.0,0.6706755061857862,0.0,0.0,1.3403170020090573,1.204383442017583,2.020718125639378,0.05518419947231991,0.0,1.254195418195196,0.0,1.6799541240788698,2.1628110024474854,0.0,0.0,0.0,1.6201354119180211,0.0,3.681645041969213,0.2584029142318842,0.0,0.0,2.1682798223526296,0.0,0.0,0.0,0.0,4.17720614024704,3.628123771953197,0.0,0.5166632181644271,3.11084416322922,1.3472841418008932,0.0,3.5472028397415603,0.0,0.0,1.6423695432341325,2.7574850169793907,2.37870510313803,0.8615133593546506,0.0,2.7145009067076273,0.0,0.0,2.7787701694549956,1.7776524089034513,0.0,0.0,0.5646421225195073,0.5374654715340894,0.0,4.191011057328191,0.0,0.6445432429504836,0.0,1.7073652241085024,2.9710148646360963,0.0,0.0,0.2543902655954619,0.0,0.0,0.7624800355609886,0.0,0.15749826197058833
0.6284892994548501,0.0,1.7257262033508303,0.0,0.5705287415226638,0.02840876677034305,1.680649599667569,0.0,0.0,0.0,2.3868459225588556,0.2981766624458716,1.5641075046074822,0.0,0.0,0.0,0.0,0.3623600520120246,0.0,0.0,1.6735311791159133,0.7355707230115102,0.8881371562792909,0.0,1.1815702867620372,1.4005101421451607,0.7001671447148226,1.11981185996722,0.0,0.0,0.0,0.0,0.7101447394406453,1.729947711162938,0.10226551101045242,0.0,0.0,1.7658922565533304,0.48551195425042903,0.0,0.1437655261765551,0.12160155415890038,0.39507645584145595,0.0,0.0,0.0,0.7993197355881936,0.7393292071278381,0.2159829178618636,0.0,0.0,1.8340156191812396,0.30543959197120996,0.0,0.0,0.8295839264003122,0.0,0.0,0.606813680244527,0.0,1.7025355643653268,0.0,0.4832543063344915,0.0,0.0,0.47030675258508836,0.0,0.0,0.6137175751468861,0.0,1.691069117841671,2.185166567189251,0.4478966592601518,1.2804984466025404,0.0,0.0,0.0,0.0,1.5019388848598638,0.0,0.46872139833346466,0.0,0.08739908826316853,0.0,0.2967382028681536,0.0,0.8790143536239023,0.5151885463398378,0.0,0.0,0.0,0.0,0.0,0.3793560022020356,0.3434906953014262,1.0266739921166808,0.0,0.0,0.0,0.0,0.0,0.0,0.0,0.0,0.4471988176794421,0.6652465409786996,2.716802612352312,0.0,0.0,0.3263183583726714,0.6463853590647103,1.3167617084206222,1.1766263194005484,0.0,0.0,0.0,2.2124263800554975,1.899378904163941,0.0,0.28133629563339957,0.0,0.0,0.35082679666848277,1.2360141781863923,1.5216141484772785,0.0,0.0,1.7562493386599123,0.0,0.7379943895951635,0.4323828107673283,1.817813777446907,0.1949199978597872,1.848099706488982,0.4288905901305358,0.0,2.118382810085671,1.0450730199326606,0.0,0.0,0.0,0.4312370518280845,0.18195969719988786,2.645607729626582,2.57768308088764,3.5643482531197157,1.8927531328891445,0.0,0.49611287581978025,0.0,0.6767218667292987,0.0,0.0,0.0,0.17727820438027395,1.2607379149821758,0.0,0.0,0.0,2.0012433447267006,0.0,0.0,1.9607976888887293,1.3768690366995187,0.189067479852137,0.24431750236072847,0.5471405424939821,1.4070210092735533
0.0,1.2186325644466671,0.0,0.037596377533820016,0.0,0.0,0.0,2.126864707241223,0.0,0.12521154704571022,0.026106905489199132,0.0,0.0,1.0339911715376016,1.3107649464648499,0.8062687565577821,0.5559966560175412,0.0,0.0,0.07445142014327039,0.0,0.22950577356576415,0.743008046683003,0.0,1.1580426904489811,0.0,0.15634882700781327,0.0,0.6458925980338482,0.9163378455089574,0.0,0.0,0.0,0.0,1.2037261320961172,0.0,0.4049414621861855,0.0,0.0,0.4395616293114943,0.08527269861410158,0.22986508162258226,0.07868080193556616,1.583204652019443,0.0,0.35548992223789355,0.0,0.0,0.0,0.0,0.0,0.34469075548853784,0.5638127301310565,1.032180614919177,0.37916324332330587,0.33193347516772836,0.0,0.4711279754041903,0.08606161296751604,0.0,0.0,0.0,0.0,0.10313173485871223,0.0,0.0,0.89654671944067,0.6879147543933235,0.0,0.0,0.07367162593163412,1.1196952393306172,0.9271104490381988,0.0,0.008730617105177346,0.3015717130321829,0.0,0.0,0.0,0.6107441151972934,1.2192038135269507,0.8704307557310926,0.0,0.09805630493469314,0.0819616940779712,0.9445999232401872,0.0,1.7180565887384938,0.7639241393419335,0.0,0.3137894298226021,0.622506837762944,0.0,0.0,0.0,0.09248468335495455,0.0,0.0,0.11332784803405334,0.0,0.09391704378571013,0.7659567303262397,0.16122732324024244,0.0,0.0,1.1881732078586371,0.0,0.0,0.6316891273756359,0.0,0.8927627374121411,0.6016816575792048,0.0,0.0,0.23752563920458797,0.0,0.4168164229870359,0.788355659247491,0.6432006649274553,0.7796137107493215,2.492819727531468,0.0,0.0,0.0,0.36178518110217817,0.06578554221947765,0.9361416788749879,0.0,1.0028050874370251,1.0125364906284025,0.0,0.0,0.0,0.5804104111592705,0.0,0.3157069323188022,0.0,0.3277341190447039,0.0,0.0,0.0,0.27410335093876553,0.3232345085509306,0.0,0.0,0.9028848191474274,0.28005337842236183,0.2504852422003346,0.0,0.20827435107722392,0.0,0.12490020580132091,0.3599163714587927,1.559948623663166,0.0,0.0012349316679421498,0.19336771063509406,0.0,0.0,0.6835492307165727,0.0,1.5427080818105579,0.0,0.2332941101280616,0.5716273257365183,0.0,0.0,0.0
0.7630757761728335,0.3353621916942459,0.0,0.0,0.31835747882740195,0.154305897624855,0.0,0.0,0.3416152812595201,0.7238296148228042,0.0,0.3453015558537412,0.1888217431893831,0.0,0.0,0.0,1.1547001933799614,0.0,0.0,0.1748891741098329,0.056883075816437784,0.0,0.0,0.0,0.0,0.14483589010337033,0.4413437391412166,0.04667687100344564,0.3706746406682955,0.0,0.0,0.0,0.0,0.06257751882592077,0.0,0.0,0.0,0.12265663169426376,0.6860155547727183,0.11149673222973887,0.0,0.12202813295548613,1.0073116455059936,0.0,0.45625274425312445,0.0,0.0,0.8838813650262063,0.019182426972097065,0.0,0.0,0.0,0.0,0.4247223863985791,0.6177535714895698,0.0,0.0,1.1234924836988172,0.2974160306335593,0.0,0.0,0.29832089924174304,0.0,0.0,0.0,1.0361008252787027,0.0,0.11655759832853234,0.0,0.6882776859597617,0.0,0.0,0.6652470021669881,0.037414943786870374,0.0,0.25872993542608186,0.43480827686195733,0.0,0.11340750870694984,0.0,0.37848938430618106,0.21851851172328005,0.15546989197445682,0.033442909051795026,0.7935284877817101,0.5296400064503543,0.0,0.0,0.0,0.5075161162023982,0.3449592281766397,0.032109322336289346,0.09239336324821423,0.20192482265782027,0.0,0.2032374798860317,0.0,0.0,0.0,0.840473679999186,0.37622649609316183,0.4787345281682936,0.0,0.15533114269045004,0.0,0.0,0.0,0.023485009794133888,0.0,0.2683170926546267,0.3140641978649349,0.0,0.0,0.0,0.8502617460218763,0.002302950451506569,0.0,0.0,0.0,0.0,0.0,0.33288784895369233,0.0,0.23192984845970183,0.0,0.0,0.0,0.0837474781662431,0.12772104396965805,0.023218944582533728,0.31869898469595875,0.0,0.0,0.6653100489804169,0.3914633679387835,0.32951033887031045,0.4263905774944683,0.0,0.0,0.37408703013371003,0.0,0.48185283921858574,0.0,0.12486001137733616,0.7494558286645892,0.6804002537439667,0.0,0.0,0.0,0.0,0.0,0.0,0.0,0.0,0.9418817199548037,0.16090300402337207,0.0,0.1383118327197408,0.32434224471792555,0.24295875967498579,0.051459049011858826,0.07512707297854014,0.0,0.0,0.6781157573325169,0.0,0.0,0.0
0.0,0.0,0.2620297725563339,0.10850246546646147,0.32616389488489345,0.5500457349579421,0.0,0.0,0.0,0.31210349494960576,0.0,0.3524656431998001,0.0,0.0,0.0,0.0,0.0,0.0,0.26032383419543476,0.0,0.0,0.016980500239426707,0.0,0.16914798910990636,0.16677946792264237,0.0,0.0,0.18810489512379017,0.6524725263633074,0.0,0.0,0.0,0.0,0.0,0.0,0.07783709687584289,0.0,0.0,0.0,0.0,0.2666053207462215,0.06849382927820107,0.2848513796753948,0.0,0.0,0.0,0.0,0.0019196639501062526,0.09815171473398983,0.24911284367227252,0.0,0.0,0.0,0.09074105762128379,0.40639378785141334,0.049146053602065025,0.17107658779046794,0.0,0.0,0.25354447217808357,0.3614798946613684,0.5956279224368267,0.0,0.028515421374310533,0.1598821081625536,0.0,0.40058742681273873,0.0,0.1891610897288375,0.0,0.8847133750232037,0.0,0.36977131677036484,0.0,0.24109778225714049,0.0,0.0,0.08435563162726427,0.0,0.0,0.25792018157517127,0.0,0.0,0.0,0.039506208717030054,0.0,0.5455685677037351,0.0,0.0,0.0,0.4445576420682768,0.0,0.0,0.2520438707985798,0.13734015710658395,0.29953031274785624,0.0,0.05288241435346753,0.0,0.19795687854889849,0.0,0.3732428949126126,0.3523486338232322,0.0,0.3252932296520159,0.5886114546773834,0.0,0.0,0.0,0.059702271280184856,0.06330044575113876,0.0,0.0,0.0,0.32892314338960205,0.31994838877176596,0.0,0.0,0.0,0.3638633531463754,0.05078577885170032,0.0,0.0,0.0,0.08585116687453162,0.16255456202761193,0.0,0.2908226243342987,0.0,0.21152224616918186,0.09237615123433154,0.0,0.0,0.0,0.0,0.009641547978763126,0.1946399925095306,0.22470196770403944,0.0,0.18524454778771696,0.0,0.3339352971076193,0.297887852737559,0.007956607413799745,0.0,0.0,0.0,0.0,0.0,0.0,0.0,0.11863997804274123,0.17920151388419853,0.0,0.21454243178959684,0.0,0.27500667596493367,0.1976679002517191,0.4717881620767035,0.17902697803400158,0.0,0.5243387562739258,0.0,0.29330017279604437,0.08647305821661459,0.7922891274386984,0.0,0.3984908544316369
0.06331630392180378,0.0,0.1250477741838767,0.12141455220400683,0.0,0.0,0.09785136919523521,0.2595731880018992,0.020527353623383305,0.0,0.018264671389576683,0.0,0.0,0.0,0.0,0.0,0.0,0.13609817686564624,0.0,0.0,0.23219437956174718,0.15194235614347337,0.0,0.07054183319539138,0.0,0.0,0.0,0.0,0.0,0.0,0.029934838720187592,0.003941810606936254,0.0,0.0,0.0,0.0,0.0,0.23114528086168842,0.15772498523791714,0.19949879739645276,0.0,0.0,0.28176780697525017,0.0,0.25867124050073853,0.08417699729349062,0.0,0.0,0.20481238948260796,0.0,0.0,0.023198563435804183,0.000762355402128865,0.1792353809714939,0.0,0.0,0.16101604631131977,0.0,0.0,0.1420850005290064,0.0,0.03814896100532,0.0,0.1982544584151731,0.003223179775262265,0.0,0.0,0.45841857317760204,0.0,0.12591626109373627,0.011461806900477328,0.14811246488948557,0.08917643718685676,0.07081070354996544,0.04020763527502729,0.0,0.09858606606539785,0.09836918457609814,0.0,0.0,0.15933766913067746,0.0952918712567472,0.0,0.1810123775394383,0.5200026937479589,0.24708200720364992,0.43443576566559833,0.19041461661331344,0.15806625984670364,0.0,0.0,0.0,0.1571930985684029,0.1996326657032381,0.0,0.18003213279042626,0.0,0.1254148288563352,0.4327145466825205,0.0,0.0,0.0,0.044918133455832884,0.23764251614883236,0.04380848163735753,0.20852767027078947,0.0,0.45219616495458176,0.19311511667759873,0.0,0.09795019598515975,0.09174250294854748,0.11184859561221568,0.17369725432043007,0.22639262043582525,0.025649596536013092,0.0,0.06343293052585822,0.03357313851772936,0.0356437319826311,0.0,0.03185894955179351,0.012688470238353663,0.293478780847577,0.0,0.28970841222758636,0.0029970084252733263,0.0,0.050401054310266834,0.43206929678109235,0.04375608106363643,0.11555012890356847,0.0,0.013159012566623773,0.057921906517757624,0.07500315444773403,0.0,0.0,0.07386050683185488,0.09501970741927325,0.0730228426723856,0.0,0.026392436857105458,0.2918617574306089,0.21735190553677783,0.1687024353071802,0.0,0.0,0.0,0.059402474496091234,0.0,0.0,0.14911966998194484,0.33104885662235484,0.1675689508179667,0.0,0.0,0.0,0.0,0.08398256356728896,0.03442690233636381,0.0,0.0,0.13998163218089316,0.0,0.0,0.27807857630320565,0.23432843090066688
0.23961501470751254,0.0,0.0,0.17033280825260194,0.0,0.0,0.30629350314571596,0.3012576386002301,0.06685459842066596,0.0,0.10081479926943926,0.2593294749589816,0.0,0.0,0.0,0.0,0.06980171840289523,0.22418396187071613,0.0,0.0,0.0,0.24654312861213332,0.0,0.0,0.0,0.4359091114220129,0.0,0.0,0.0,0.0854423079073815,0.0,0.2939072263531069,0.0,0.0,0.040362180731491844,0.42488500878171476,0.1530870990443108,0.0,0.0,0.0,0.0,0.0,0.0,0.0,0.0,0.10010666602607414,0.0,0.0,0.0,0.0,0.0,0.0,0.0753214241794056,0.381722298943975,0.012775770066575522,0.0,0.0,0.0,0.18714110428027397,0.06949076409198525,0.0,0.0,0.0,0.0,0.0,0.22788017516821493,0.0,0.04419457848963626,0.0,0.0,0.1208688150658267,0.0,0.0,0.0,0.0,0.0,0.0,0.0,0.19491222193568047,0.1433458716464395,0.0,0.22092849294614883,0.0,0.0,0.0,0.21070925966806991,0.10025191687538615,0.10990670041461123,0.0892082834146151,0.46240210115352387,0.0,0.0,0.08359340022850043,0.0,0.16595862415830787,0.0,0.0,0.17612391458289384,0.23766957530619576,0.12815489589128073,0.22257768857352594,0.16506166738808323,0.09712964887960249,0.0,0.2454587786228632,0.0,0.14810557443437963,0.3157101650393216,0.0,0.0,0.06588397680100785,0.0,0.0,0.1791201271840775,0.0,0.0,0.0,0.0,0.19829866323756334,0.0,0.0,0.026762843454864127,0.2362766996804973,0.009370788345536018,0.0,0.0,0.022228127169053022,0.06510166194213336,0.0,0.0,0.038016550716298794,0.0,0.4661482341989198,0.0,0.02177248095991391,0.055142733760235874,0.0,0.20884778472991236,0.0,0.46693623241399246,0.0,0.0,0.0,0.0,0.0,0.0,0.17776645348211537,0.0,0.0,0.16960826374856336,0.0,0.2779638248138503,0.12519180750838493,0.05234792180738308,0.0,0.054734647417392396,0.1603128116778485,0.0,0.2125000375472091,0.0,0.0,0.16096819132976387,0.0,0.21952232372076533,0.0,0.0,0.19595361470066922,0.0
0.2216295503359281,0.45961931637919684,0.19223603935115446,0.0,0.12650707674096454,0.0,0.0,0.1145968410854087,0.0,0.0,0.0,0.0,0.0,0.0,0.0,0.0,0.0,0.06831573836488072,0.0,0.009649524777295988,0.10798017862498742,0.0,0.0,0.2571559699851782,0.7401134529527863,0.0,0.0,0.0,0.18085671360120764,0.09684419561906887,0.0,0.20145398507422702,0.1259421582281056,0.20872503691200622,0.0,0.14569390657121767,0.11680552716085493,0.0,0.0,0.26950423343205937,0.24538074661127926,0.0,0.04319767064257621,4.684319418542734,4.177685824608823,3.989003566986795,0.3827385903009729,0.0,0.0,0.0,0.030291468596726243,0.0009215857648145259,0.15070097436961322,0.0,0.2834251007364243,0.0,0.0,0.0,0.0,0.2162381970064683,0.18071026824699296,0.0,0.046521071325615886,0.0,0.3164602092571674,5.679240872336429,2.3766546195150458,0.0,0.6853576653139716,0.30837099431874226,0.1603798096301549,0.13341136973938883,0.09067089249428549,0.37255369333720395,0.0,0.10052407317805113,0.0,0.041159136899739386,0.2317792017528275,0.0,0.0,0.0,0.0,0.0,0.1799033571223072,0.02748378671215479,0.0024131417103080885,0.0,0.0,0.0,0.663940687453972,4.87709992760746,0.0,0.6900304201984673,0.3115286308412818,0.0,0.0,4.456049941112683,0.7419340754596327,0.0,0.0,0.0,0.0,0.18935681532594686,0.1257220883720278,0.0,0.167726364300375,0.042158129611618265,0.0,0.0702056754363197,0.0,0.0,0.09802942650287065,0.0673413992709023,0.0,4.916969158523931,5.114872616013194,2.3733658189808975,0.0,0.0,0.09849314205278094,4.596305520380707,4.515441864084221,4.5823505220127245,0.392396177183064,0.05601946250180883,0.0,0.0,0.0,0.0,0.018446558682443753,0.3074286748183528,0.03236434374656124,0.0,0.0,0.0,0.19751116384971817,0.0,0.055319001051124334,0.1497431339087402,0.941059330477643,3.524159049200822,0.0,0.6095669516761716,4.360300783304621,0.0,0.0,0.09815026069104227,0.0,0.0,0.3918052912293806,0.0836455509926706,0.0,0.0,0.04041857009656071,0.0437741643681241,0.04362385663738953,0.07407438070439298,0.0,0.04244389010907906,0.08084455635690073,0.0,0.0,0.0,0.34906747361332396,0.4939019919142206,0.1361467823848156,0.0
0.09700604652099078,0.0,0.0,0.0,0.2115717744378479,0.0,0.0,0.0,0.20335122815936543,0.006210014009665587,0.0,0.6015639903958949,0.0,0.40928083254137426,0.18764504873626636,0.09712444252781557,0.0,0.1261861720130203,0.0,0.6387646882710176,0.7583854842995734,0.0,0.0,0.0,0.042583616515861775,0.0,0.0,0.0,0.0,0.25749206441784356,0.08980720196417841,0.15753580182635465,0.0,0.08562476112578667,0.0,0.0,0.057810875128489175,0.0,0.2776745970184415,0.10112957114674967,0.11130019043942267,0.0,0.0,0.8382494413062299,5.014297062939349,0.0,0.02844103312802904,0.0,0.040011974308368586,0.9766013748568753,0.0,0.3165167262792052,0.036249879340968516,0.29748286307669375,0.014165702335429747,0.0,0.06977049616659096,0.0,0.1509492336999302,0.0,0.2073073049988298,0.0,0.19057294688313312,0.017988469236128343,0.0,6.222703573603935,2.3817999570371144,0.0,0.9212532066184991,0.0,0.0,0.4482566459633098,0.0,0.046279525172478436,0.0,0.0,0.08442398436466671,0.03177703581112063,0.1772184276843824,0.07078006068165353,0.06808521490364083,0.2531500849930574,0.0,0.1410849197407191,0.0,0.4257610830872568,0.0,0.027730630494603274,0.0,0.05793098922696123,0.0,0.626414570770304,0.7446784809032679,0.10885352223454414,0.0,0.0,0.0,0.0,0.38031732858127426,0.1996900968900619,0.0,0.0,0.07116341406792233,0.01840936788325163,0.0,0.0,0.0,0.0,0.0,0.04314576371384042,0.2541410396742454,0.0,0.010391386505180998,0.0,0.0,0.0,0.6762799533838136,0.07969874378963343,0.0,0.0,0.0,0.022706738919605722,0.0,0.0,0.0,0.0,0.0,0.2758244880928831,0.0,0.21914239980766076,0.0,0.19908879489205739,0.0,0.0,0.20425016426784096,0.1676998870143206,0.0,0.0,0.0,6.473677477470536,4.952182942288316,0.15246471359772842,0.046625575668446446,0.3230410167872954,0.2666143851278518,0.0,0.23836906254410914,0.3106062283412897,0.0,0.07525436520187863,0.019025774798913233,0.0,0.08502492631954767,0.28359024081533424,0.0007621263067754092,0.04057519438129823,0.24309887475378877,0.0,0.0,0.0,0.32581319194554564,0.0,0.0,0.04521036103970649,0.08965385523297002,0.19380181988905937,0.033296383465778415,0.0
0.09794566241068935,0.0,0.6271834062471736,0.0,0.03909131074467494,0.0,0.14301027667381255,0.18239638736534386,0.0,0.0,0.33418204387949113,0.015469779465893879,0.16115685642771532,0.07025302639881978,0.10763258172117872,0.014451494088019462,0.194225462135662,0.07322380120307707,0.0,0.0,0.0,0.0,0.19737494702531833,0.14054061736759232,0.0,0.0,0.07566637824077845,0.0,0.0,0.11842502053756475,0.0,0.3156710488867179,0.0,0.05283813213458506,0.10719590481277563,0.12145299248748521,0.008558238019320463,0.0,0.0,0.0,0.0,0.021257136649744626,0.030883586496803343,0.5617909443447185,0.0,0.0,0.09097365746960982,0.08462586665210899,0.0,0.0,0.0,0.09212878793713389,0.23806622919639198,0.16817578594335772,0.0,0.04100711194222531,0.0,0.0,0.07728639568251308,0.3093042903509784,0.0,0.0,0.04044658319523998,0.0,0.18064008533843376,0.8151991286999544,1.8864167561821052,0.0,0.15928950624526708,0.1435950450107681,0.06892477448290282,0.8335053169219044,0.0,0.0,0.01850818277235805,0.03967382504350968,0.2612415924195166,0.0,0.13548282663269876,0.0,0.23917067096198455,0.0,0.0,0.0,0.113848762422192,0.03752192227967201,0.017929774688706532,0.08755843967942079,0.035550567604897734,0.0,0.3502652886440269,0.028359489190321538,0.0,0.20519841590460802,0.0,0.0,0.0,0.14421991109705173,0.0,0.48674814754446827,0.0,0.20626243482041248,0.017135836531190687,0.1956857201323979,0.2710434242661452,0.0,0.0,0.0,0.0,0.0,0.4338761212669167,0.0,0.0,0.0,0.09662506105665282,0.0,1.3101943508413807,0.433228416155424,0.0,0.0,0.13823251604082354,0.3079100390798666,0.0,0.3753694906815732,0.0,0.0,0.06811675908118044,0.006928891653302784,0.0,0.0,0.43590803468467515,0.0,0.0,0.0,0.0,0.0,0.018116934179583207,0.037867812602175435,0.0,0.0,0.030895607237760376,0.0,0.005971210528221206,0.0,0.14116547424829454,0.0,0.039790403920122716,0.02884160815916988,0.0,0.380662115870642,0.1444646204832214,0.4639874395128623,0.0,0.0,0.0,0.0,0.0,0.04693718005248172,0.2673617582693718,0.0,0.0,0.24415385122361238,0.29144689970194154,0.024317811470570393,0.0,0.10945890197861205,0.0,0.0
0.0,0.3689793735201037,0.0,0.0,0.1797263756142031,0.0,0.0,0.0,0.14905058787985262,0.0,0.2001277123993769,0.0,0.5143890214320369,0.0,0.0,0.0,0.0,0.0,0.023455124663779366,0.0,0.056015735031285666,0.006029233991213741,0.0,0.0,0.24802419842245688,0.3954430513492881,0.0,0.0,0.022605735037168073,0.0,0.014419242247430117,0.10515871452646834,0.041029653763802375,0.0,0.20355166612599257,0.09136311407788696,0.0,0.0,0.0,0.15021382552736864,0.07095001428385107,0.0,0.208907931682722,0.3891197027014851,0.0,0.0,0.22380031426098418,0.0,0.0,0.0,0.019873106721348392,0.08277676775643189,0.0,0.007823141273355245,0.0,0.0,0.0,0.26428306151694664,0.10319922815028337,0.0,0.3826307569343823,0.01543422958908915,0.06284221160023162,0.1801471029960146,0.22498147993821432,0.17764408110601237,1.6010934372587828,0.0,0.0,0.0,0.0,0.5311051900999024,0.0,0.15164862199738888,0.06747761229225933,0.44431151502852595,0.0,0.17156458900464375,0.008531970411339936,0.0,0.06816778313015613,0.0,0.16205794743698085,0.0,0.06934986354253563,0.0,0.0,0.0,0.2369841397762297,0.0,0.0,0.0,0.0,0.19172198788090372,0.0,0.0,0.0,0.23783633972537474,0.20760038627444924,0.5288945734958599,0.0,0.0,0.11961668117986546,0.0,0.0,0.11101624654714633,0.0,0.0,0.0,0.008521825317020308,0.14406261826590977,0.0,0.0,0.0,0.20716787412451432,0.0,0.6057379083693067,0.0,0.0,0.0,0.0,0.07648376941385066,0.13524344674998545,0.0,0.0,0.0,0.0,0.0,0.18077242237149393,0.07098671888562402,0.07707807535753246,0.10220912222738301,0.0,0.0,0.0,0.15463692805679388,0.14717452406657783,0.0,0.0,1.6641987767757738,0.0,0.0,0.0,0.11075551137811487,0.0,0.0,0.0,0.025584342292078573,0.0,0.0,0.0,0.3046482017828703,0.013088022234454235,0.0,0.09472461781728875,0.01982725965111748,0.0,0.010786317808865877,0.2590675334228786,0.16963845678954023,0.0,0.0,0.0,0.0,0.0058089612413120386,0.0,0.27935928695803425,0.0
0.03373488787569763,0.03800900412441075,0.027333233717594246,0.45504991314996424,0.06297765371683998,0.0,0.047486150985667074,0.0,0.0,0.0,0.0,0.0,0.0,0.14056667763231023,0.17489612972464147,0.08552217433796847,0.1436101114847682,0.01453564645676599,0.0,0.02238748092652478,0.0,0.0,0.0,0.0,0.06398778799955153,0.0,0.14291539435946946,0.0,0.0,0.0,0.18153671118804557,0.2918788191250635,0.0,0.0,0.06899244622877915,0.0,0.0,0.0,0.01721216533117046,0.22558891685395818,0.2778901806012468,0.0,0.10234737718380506,0.2015299533495419,0.21334144746356826,0.2886780713025125,0.0,0.0,0.0,0.0,0.0,0.0,0.0,0.18099569778984387,0.0,0.09523177659805517,0.25351778642357836,0.12294387533552116,0.0,0.0,0.0,0.0,0.06286244033050399,0.12372634087608712,0.0,0.012997207066239615,0.16538127110427092,0.014305271614918834,0.0,0.03817520805965369,0.0052420748449368134,0.0,0.0,0.0,0.0,0.010473532589318081,0.25186981654200413,0.0,0.0,0.243112121164296,0.14453657766841582,0.12647659910629,0.10923304282257479,0.4115556747159204,0.0,0.1267094339449797,0.07081966500783538,0.2533065020922335,0.014833289489778025,0.11679157272830434,0.0,0.0,0.0,0.0,0.0,0.0,0.0,0.11484026010289489,0.0,0.0,0.20928308871739443,0.0,0.0049974757114779845,0.0,0.0,0.14321664731356606,0.06624494994281047,0.03521823212794172,0.3228373897561069,0.0,0.0,0.0,0.04984565414027429,0.38769327337518816,0.204782564197443,0.0,0.03065997474582863,0.0,0.0,0.0,0.0,0.0,0.28031007672285974,0.032955815304466854,0.0,0.14979453077911004,0.0,0.0,0.0,0.1754686234964678,0.1053684095867399,0.1518479444764048,0.4755409649308073,0.0,0.0,0.3432409610324666,0.0,0.11461590137791598,0.11622349571707535,0.917353072536793,0.3857822603691549,0.0,0.0,0.0,0.0,0.0,0.0,0.06489339764477282,0.0,0.0,0.017778948813412448,0.35262540196400693,0.20074897257793617,0.06881716883730044,0.0,0.30279321395365394,0.0,0.1843684178697363,0.0,0.11202499813308438,0.03135912457232963,0.25118829932977615,0.0,0.0,0.0,0.0,0.0,0.39074473399961607
0.14394003654502405,0.0,0.12461623343878896,0.25598753835268706,0.2588418189434486,0.34525047508343865,0.1834544511841465,0.026235437103577782,0.03927716726073475,0.0,0.046070732860281294,0.09518983349657076,0.23282324850876757,0.0,0.0,0.11378780276165656,0.0916123188603705,0.024922199274353792,0.0,0.0,0.0,0.0,0.0,0.0,0.0,0.0,0.0805899581049555,0.0,0.0,0.2814367450110049,0.0,0.4135183528321115,0.08849634157442689,0.0,0.0,0.06781457450465972,0.0,0.0,0.0,0.0,0.0,0.0,1.617198767493499,0.17707949909380485,0.0,0.0,0.05534149974269944,0.0,0.04890912943151462,0.0,0.0,0.12045817692223665,0.09693149937392376,0.13778163417226325,0.06825774720302574,0.27061607204384003,0.0,0.27854085258538736,0.0763341888571958,0.29624761866234495,0.0,0.04679666045017283,0.0,0.3282595268039822,0.0,0.01836285221081615,1.7801832273174214,0.6288328421952506,0.0,0.0,0.10670389276419977,0.0,0.0,0.0,0.0,0.10021282357873475,0.01416923224129782,0.053464364734979605,0.2236572765967892,0.0459670568298934,0.09824969512735009,0.18949561411433924,0.0,0.0,0.0,0.0,0.0,0.0,0.18486669249627216,0.22407720988187899,0.0005862025112216445,0.850242588933164,0.0,0.0,0.0,0.0,0.0,0.039179997768216936,0.415296275623327,0.0,0.0,0.0,0.06967354310580767,0.038653202714037445,0.09732896300911273,0.0,0.06219520023792822,0.0,0.0,0.09701564807683823,0.0,0.38857802274969866,0.26942008037967063,0.0,0.15921811128281332,0.0,0.321075481042301,0.0,0.0,0.0,0.0,0.2414623838812477,0.0,0.23638959911019036,0.0,0.03593333666683678,0.10211581477229165,0.0025111400049523704,0.0,0.0,0.0,0.16062915565046634,0.0,0.1092721701667422,0.0,0.19410671402265223,0.0,0.0,0.0,1.5986666421295561,0.7939490735528242,0.0,0.0,0.12737137458996,0.0,0.38568487736228235,0.2535231209909362,0.0,0.0,0.06164748742981474,0.041677718393729794,0.0,0.0862210072981522,0.08703647334668402,0.0,0.015527518959041411,0.2431673793871344,0.0,0.0,0.35247785162560713,0.3514718848620787,0.0,0.06467906633621368,0.24373741583610026,0.2536746268293885,0.19536062031259604,0.32424960032798994,0.28091454877051225
0.0,0.0,0.0,0.0,0.0,0.12434234394347822,0.1937452694243069,0.21950693379151495,0.25057112880175547,0.0,0.07842655561312148,0.21469634746895602,0.25805558698538333,0.0,0.1651717982536967,0.02100161967692577,0.24810560157520645,0.21181246383263844,0.0,0.0,0.0,0.0,0.0,0.0,0.06587022828758049,0.0,0.28936608424561466,0.0,0.0,0.0,0.175068449618147,0.043978182859221324,0.02184101024224523,0.5624145069170841,0.0,0.27742586439966643,0.0,0.04001271574033727,0.0,0.0,0.0,12.897275220828371,8.381375137653642,7.4551070532414805,0.0,0.13541472579930547,0.1008801600234983,0.0,0.0,0.0,0.07408564661727052,0.056956262389238545,0.0,0.20376662337649226,0.16948006876661265,0.12645111937916895,0.15484297957626939,0.1698269607079364,0.0,0.022940025489144464,0.36536586998646453,0.0,4.787418377114223e-06,0.0,0.0,13.19005789066278,8.5283849564575,0.16381725969362382,0.0,0.0,0.0,0.024826689571731272,0.062399974284091456,0.0,0.0,0.19663530821572,0.0,0.0,0.0,0.0,0.10686694209784076,0.4484926157873713,0.19611539511927764,0.225114070533103,0.30092057708420034,0.0,0.04811225290120723,0.2675604617001868,0.03285104476705095,0.2905107914409605,8.594508867741276,7.958167123899945,0.0,0.18761525091175574,0.0,0.0,0.21799894774408404,0.0,0.0,0.13058786774474035,0.2004724310486071,0.0,0.09556714279649378,0.2581332046078978,0.0,0.17018029103142968,0.0,0.3118979237784647,0.28232833009321484,0.18807866659173716,0.015635547058603486,0.0,0.0,0.001914123965790814,0.0,0.0,0.5989409522934629,0.143344692720841,0.05569557174285979,0.0,0.0,0.0,0.0,0.0,0.10919102256061382,0.18615414118682616,0.0,0.4340270936986059,0.13983865903130474,0.32670635779893936,0.0,0.002922884256686658,0.1382801409563159,0.08725398780373815,0.14859026984909524,0.0,0.022555596349347864,0.0,0.03838262844906189,7.551626936482267,7.643238475937243,0.0,0.0,0.0,0.0,0.28697665289607127,0.0,0.2329326560271888,0.0,0.0,0.0,0.054456348040562104,0.0,0.0,0.18447053496214308,0.19237835665706052,0.10406869033781517,0.0,0.0,0.0,0.0,0.0,0.10852964789538476,0.19866956912838668,0.16206037029170767,0.0,0.0,0.0
0.2746495910682137,0.13253860546289015,0.33062401509403905,0.18005519796460195,0.24570255849952832,0.0,0.19897648941126014,0.4616761037709062,0.07832829357063212,0.0,0.0,0.06373318731071538,0.03822022456080081,0.21607538676171906,0.0,0.0,0.0,0.23070349398975518,0.15226946853201304,0.0,0.0,0.04523515999727648,0.10528356451212886,0.0,0.052714953671905165,0.0,0.0,0.026679141923476635,0.0,0.0,0.07462223698921058,0.13888468265156922,0.0,0.0,0.0,0.08329818657069067,0.0,0.10595704525114909,0.0,0.0,0.0457248501250145,0.0,0.4161090254145084,7.038199011622549,0.2545844773513803,0.05255192515720952,0.0,0.16164495671775386,0.0,0.0,0.2611804817572467,0.18513564192424312,0.0,0.0,0.23914986345709133,0.1704200626248665,0.256390780329991,0.0,0.0,0.23975937336577283,0.0,0.27299914073996906,0.24265067903947424,0.08359258500996432,0.074750061329399,0.0,8.870715266943577,0.5363823445239859,0.0,0.0,0.0,0.4252014972096894,0.46487783981909064,0.0,0.0,0.0,0.0,0.08886504857713472,0.0,0.0,0.0,0.2610661566550327,0.0,0.23854378848174554,0.0,0.1351109490439065,0.007238865290384648,0.07708106704913478,0.04561391885596549,0.029233024197769124,0.0805175667527891,8.002214573461234,0.12914143733875197,0.0,0.0,0.0,0.009841790671545387,0.024454329706253726,0.1070902110614879,0.3152081380158982,0.0764747669329173,0.2526241893368197,0.0,0.006946700041194768,0.10298745237686706,0.2400096449508551,0.20373137059955576,0.08531651951810254,0.0,0.0,0.1048937947843946,0.0,0.0,0.0,0.12817263322452185,0.0,0.7845124354675059,0.2082888055585683,0.0,0.0,0.0,0.0,0.0,0.0,0.0,0.26417110317263204,0.0,0.010028617914005482,0.16378182890521373,0.13528052296126955,0.0,0.08128911821510784,0.2662637479177893,0.0,0.23012161154474103,0.0,0.0596253415666011,0.0,0.0,7.000729307098798,7.27725360374861,1.162276597724209,0.0,0.3196820017744495,0.12521000413308941,0.07371676644297095,0.24955429291205722,0.0,0.0,0.0,0.025717300842442902,0.09498306113319155,0.0,0.14782363263151524,0.11422888251242738,0.07812375985808313,0.0,0.0,0.04372853457914945,0.2625555754714853,0.057116081610767006,0.0,0.08277813257086056,0.0,0.0,0.11049560746233633,0.0,0.07526475761379559
0.0,0.043193061546889615,0.04854670230084759,0.10472129659754503,0.15931035720283276,0.0,0.0,0.0,0.04656087963963595,0.30628491453978046,0.0,0.2129137600871041,0.0,0.0,0.0,0.0,0.22300299002703172,0.0,0.0,0.16885756600995494,0.047846198936837114,0.0,0.0,0.0,0.03337528767132942,0.0,0.0,0.009664635704639357,0.07976746160840813,0.0,0.0,0.0,0.001001281123640219,0.0,0.0,0.0,0.0,0.20575925625100666,0.16643432575159972,0.4005826885097082,0.11084542283382134,0.3922770526365991,8.601090679893044,7.542088153010665,0.0712185442325471,0.19537756735180856,0.0,0.010557799561160593,0.0,0.0,0.0,0.0,0.18929808960451863,0.5773042859592858,0.081276963042147,0.0,0.0,0.0,0.0,0.12981462014211115,0.0,0.0,0.1551400418786872,0.0,0.252255175392234,0.0,8.64862034145696,7.606297085847197,7.581770883615008,0.05631241775139823,0.1315057376047229,7.566972721824105,0.035477879651612955,0.0,0.14772774442501874,0.0,0.4058715946178662,0.0,0.0,0.0,0.010504457272716112,0.17365385537298506,0.0,0.0,0.0,0.0,0.1334475373973681,0.22959689125685867,0.035157380370369605,0.10240339786526663,0.0,8.076118013805749,7.536322387654555,7.710906124842043,0.0,0.0,0.12475264518947736,0.10272429714430767,0.1032154483646766,0.1285407516845189,0.4222291014115995,0.0,0.1910999342577242,0.0,0.02313066096580415,0.20172498972198108,0.0,0.35580435810417577,0.0,0.1733387004206037,0.0,0.0,0.0,0.0,0.285159245753956,7.2457688378056595,8.167971359132528,7.4415291892137585,0.0,0.0,0.0,0.0,0.1515894742698474,0.0,0.0,0.1704656965113446,0.1328397014345047,0.034584357662028345,0.0,0.3250705826088236,0.0,0.11834947140873968,0.06660170238077608,0.0,0.19702984109655425,0.0,0.0,0.0,0.13463942193766948,8.016889232235139,7.924477028743296,0.2475942166455579,0.0,0.0,0.12395676070242222,0.3749824181765584,0.083931463231294,0.09562005168037839,0.0,0.0,0.0,0.0,0.3300883696942198,0.16795874237841452,0.024699759691241226,0.11469359749243983,0.0021942176993903786,0.0,0.13520056470131908,0.12224898289213995,0.0,0.0,0.0,0.48811066180138973,0.35128827735787554,0.057266228965493965,0.0,0.08744086671052947
0.0,0.053112149045550235,0.0,0.11569692595091789,0.22004015045151093,0.0,0.0,0.0,0.31282835277010346,0.2259919310972026,0.08107171692541701,0.4707643369602666,0.07900363584338997,0.0,0.03705278826562903,0.2431212589397548,0.45466757192019175,0.0,0.0,0.0,0.0,0.0,0.0325181961873533,0.0,0.0,0.0,0.0,0.19837908492856668,0.0,0.0527471708760445,0.0,0.2134880677070663,0.09574248717403545,0.27274730800286934,0.1631978337400068,0.0,0.2814947899352058,0.0,0.0,0.0,0.04174720164332081,0.0,0.0,7.209913557967136,0.0,0.0,0.0,0.0,0.0,0.12990776618383246,0.27980745785283784,0.0,0.3521306342366823,0.6485810185690069,0.0,0.0,0.18812343807609688,0.09874060604829232,0.36146265246485565,0.32665135093650927,0.09651637954905161,0.0,0.08853528784215646,0.11161842222551337,0.0,0.032557056424177985,0.11158377994015449,7.48483035881706,0.0,0.0,0.0,0.04357719370616834,0.0,0.27223948232967,0.0,0.0,0.0,0.0,0.0,0.0,0.1796044028830536,0.072035809979778,0.5159529923092897,0.03360179157678479,0.22296717713062902,0.21043094769372714,0.2977587371126734,0.0,0.0,0.0,0.005840569590426103,7.978103664189937,7.474817320618707,0.1998489404213327,0.0,0.0,0.0,0.0,0.0,0.0,0.0,0.0,0.09604916218500346,0.024939984021403568,0.0,0.0,0.0,0.1299568655274756,0.3277267383810535,0.0,0.1511546401291825,0.0,0.2664634679472087,0.0,0.18474556169300343,0.0,0.5580605308472466,0.05036466549746218,0.0,0.0,0.34354462833487553,0.20118238662898716,0.47683165392252325,0.05687791285133876,0.0,0.07475596526630891,0.0,0.03140119049889129,0.0,0.05444976695669838,0.0,0.3981783055202377,0.004260018193141039,0.0,0.0,0.09608160224531442,0.0,0.10502276611471104,0.0,8.30051686563293,7.93700441561156,0.0,0.1485981510563186,0.29002140422214406,0.3151200320785986,0.15148545645352907,0.1507639993091377,0.13193215514397202,0.0,0.2802993644258792,0.16439046604866997,0.0,0.0,0.0,0.0,0.07173593067132239,0.2974018659756951,0.23187339490776995,0.07308492927994827,0.2576664547563779,0.0,0.0,0.0,0.0,0.0,0.0,0.06260358230920188,0.08523479148216842
0.0,0.0,0.0,0.2538899179840163,0.2353049667526812,0.0,0.0,0.0,0.4404596077669816,0.11765962444951313,0.4151063262949028,0.0,0.0,0.12640556777020698,0.012494239545104322,0.3245362044201018,0.0,0.2891590902339172,0.0,0.0,0.0,0.0,0.02129742366797622,0.0,0.0,0.012817194457352337,0.16467816971268645,0.06594362121998812,0.0,0.0,0.0011766301892186884,0.0,0.1851486365779237,0.05464118219541289,0.0,0.0,0.22205296325457424,0.06236053522701608,0.36261508274578796,0.0,0.13796544327795854,0.21297133945870697,9.031633639815679,7.682351483200214,0.09460512047782782,0.073057944745891,0.05707155943534318,0.0,0.0,0.08949937672053244,0.023533687589568593,0.0,0.008338934267347137,0.08448646510241889,0.0,0.19956445232514314,0.0,0.09033568068726086,0.0,0.0,0.0,0.20786181948447627,0.3194887954906539,0.307884590840499,0.024300880772699457,13.791416100959342,9.382881264009653,7.701663561644895,7.682351483200214,8.018335639926876,7.959347257634634,8.228017533173299,7.822322160442886,0.00748347630325628,0.23672391434229778,0.24722076112106514,0.15948966405644166,0.0,0.0,0.5054900542648697,0.2417058239352303,0.0017107622199315532,0.0,0.12307210747221711,0.04377252079202668,0.15864082246144007,0.10708692965283713,0.0,0.0,0.11369575320922631,9.175452765883295,7.977135870231953,7.682351483200214,7.494971274935326,0.0,0.0,0.0,0.13296977991511508,0.2809069350695986,0.11283503105471754,0.0,0.11710885310243141,0.0,0.0,0.3901482637803945,0.2462452806552061,0.23857836822360123,0.0,0.1281366716684892,0.1357896164997996,0.33000195745352884,0.11483308612875735,0.06015474761413537,0.0,0.0,0.03179148844064082,0.03706942844204316,0.0,0.0,0.43228638542328895,0.20178672269323222,0.048573887830121704,0.0,0.0,0.1835996208800002,0.18076209902840998,0.0,0.4806629628649238,0.2835852772057474,0.3551115060249806,0.0,0.0,0.0,0.0,0.18807637587375553,0.04692433566519233,0.1872707418659017,0.0,0.0,8.990659380445846,8.614753849902119,7.682351483200214,0.0,0.0,0.0,0.3715286429839659,0.0,0.08260922111257324,0.0,0.11919440823275453,0.0,0.2704373925771507,0.0,0.0,0.0,0.0,0.18945479846480476,0.0,0.09785132406397905,0.02285271806304902,0.0,0.097400582938542,0.0,0.025129815762201524,0.0367963454719937,0.0,0.030896017803822246,0.0
0.0,0.0,0.0,0.05102719105686993,0.0,0.0,0.0,0.039040289710768346,0.0,0.0,0.32150649555567523,0.02397672389387416,0.0011189528589530806,0.0,0.0,0.0,0.0,0.46148266672058313,0.0,0.0,0.23797768728873003,0.0,0.039112729958647174,0.14343514951159686,0.00723240503393329,0.0,0.16622242555134858,0.0,0.0,0.009075546201744661,0.2440233418624089,0.15162006583002874,0.0,0.0,0.16111090340227632,0.0,0.0,0.08418132796711106,0.0,0.0,0.2725140929243197,0.06667343285805336,9.959659469061279,8.631851687303568,0.0,0.17209352972113734,0.276090721143509,0.0,0.014477587763086544,8.396274069900672,0.18438698054733987,0.0,0.0,0.0,0.0,0.027203614787719602,0.14729582003880445,0.4368727835332116,0.13096402332486626,0.18980044334703888,0.025322769739542398,0.0,0.0,0.0,0.4357959702988965,14.003544244178904,9.759510911710525,8.453821437040455,8.314371751801273,8.453821437040455,8.453821437040455,9.014332712400567,8.258640230784255,8.453821437040455,0.0,0.24920999755956924,0.0,0.0,0.0,0.10924577060211396,0.0,0.0,0.19476866021293848,0.24134233752174963,0.09807948830817745,0.0,0.0340963844627691,0.0,0.19734027641365165,0.3108660747698208,9.814986308435445,8.42623387063462,8.341446360424532,8.509431551468918,0.030191494009982528,0.2506926870042607,0.015429089154048097,0.4768855011238801,0.03758672668867695,0.28736109025817136,0.0,0.34592669373177387,0.0,0.08548654191505577,0.0,0.0038714606888890415,0.0,0.038109856868744046,0.0,0.013574533916457588,0.0,0.0,0.19848620234443787,0.015799618243644644,0.0,0.1647458084836196,0.3068103982742939,0.13455234421828569,0.07131996833710803,0.1923392466458514,0.09676934804839478,0.0,0.0,0.2383578068852425,0.0,0.12274083823795875,0.0,0.0,0.0,0.02281310841224586,0.0,0.026834547560603828,0.0,0.3280907297429147,0.4166515995456395,0.22745589388765938,0.11080393161534696,0.0,0.0,8.72659234823547,8.860280733381591,0.0,0.0,0.0,0.2406531910438665,0.0264958363586674,0.0,0.0,0.3097783928725608,0.0,0.20562886628298654,0.23348758080729096,0.0,0.10352390974760298,0.0637630225043587,0.019141856137204125,0.24556494097445605,0.4148676032251247,0.0,0.15963658622215554,0.2512338301538684,0.0,0.0,0.0,0.0,0.10628408818038151,0.0,0.0
0.20870315823414,0.13932076405514848,0.0,0.14705377786566076,0.06572857885501479,0.15905487303305066,0.1667152783250717,0.01601953464478238,0.04474670520161364,0.3299314153770442,0.0,0.2686140424498548,0.0,0.11818764632138268,0.0,0.16395495846682312,0.31614317604276915,0.0,0.0,0.0,0.0,0.0,0.0,0.0,0.0,0.06840190254737771,0.0,0.0,0.15752389569481026,0.0528170819706513,0.07298628823133554,0.1847933885659025,0.0,0.14293448753322804,0.0753314362851712,0.0,0.0,0.5877695873182586,0.3101759971785518,0.0,0.0,0.1609973812058911,10.002467333619347,9.205168157442111,0.2871907829273599,0.14049836669324417,0.06421296439317839,0.0,0.0628273442139509,0.0,0.0,0.24277982034990725,0.028322353355292804,0.016202280833516807,0.33952350611905735,0.0,0.0,0.3356292124431859,0.03114346081242441,0.0,0.0,0.0,0.21894438453560106,0.0,0.3727133870186375,0.03773491005630222,10.226036047016485,9.136994470598246,9.28271329236905,9.183030919919972,8.904867631063347,9.267991499849952,8.79425808971365,8.9705014513525,0.0,0.1280323268878668,0.02726538933495791,0.0,0.03646854645846867,0.0,0.19470800728367355,0.0,0.0,0.0,0.0,0.0,0.0,0.23937312630685886,0.0,0.09670710982094177,10.326897567726457,8.9705014513525,8.9705014513525,9.563251171023534,0.14036018673196088,9.067633552837368,0.0,0.0,0.0,0.17297885570001323,0.4359026379581204,0.0,0.14077380910864618,0.018602148576912468,0.1354222055566391,0.36253863588984725,0.08998005974288947,0.0,0.36219121077970595,0.0,0.0,0.11393843109406179,0.0,0.0,0.1109181999158348,0.2851932899268314,0.3550339869800411,0.14055212744093398,0.0,0.0,0.0,0.0,0.0,0.16202904673231433,0.0,0.10464582225791702,0.0,0.07977229877998383,0.1589292970555045,0.1597609895966343,0.0,0.0,0.0,0.0,0.1868607785358565,0.37201226177466623,0.10377264505728248,0.0,0.0,8.91547236320133,8.9705014513525,0.013605863640964229,0.0,0.017841526506950735,0.14744029093836888,0.0,0.0,0.20893782553320334,0.2103231161875713,0.0,0.04121916544341308,0.0,0.0,0.0,0.2943137510213495,0.11432891622287354,0.1059089344100083,0.0,0.0,0.23583705966380003,0.0,0.0,0.44761679953369277,0.023587894940288845,0.05069264205566644,0.016036529317316528,0.17934416524620053,0.0
0.17515882076561518,0.17229118151967873,0.0,0.0,0.0,0.008087827735199183,0.0,0.0,0.0,0.24023780909245712,0.23953967784394792,0.0,0.11749548528913058,0.07354865202545938,0.0,0.0,0.00030451592620981636,0.2487421965462172,0.0,0.0,0.0,0.0,0.0,0.050044737397709406,0.0,0.07346984875024744,0.0,0.0,0.41403505010257635,0.0,0.0,0.2771785953735105,0.0,0.0,0.12636737557709504,0.0,0.0,0.0,0.0,0.139886103554667,0.05230937578745487,0.2679116717597212,10.253603186583106,9.091900585641378,0.05389127940668666,0.026720538776801857,0.0,5.187083543868459,7.899091633379031,7.620721548046408,6.988918267139203,0.0,0.0,0.17545039640794166,0.0,0.0,0.0,0.22778434255930702,0.23999152647143646,0.0,0.059585244358961474,0.0,0.02842091023626612,0.0,0.14140851036172886,14.71182014741013,10.190693767374981,8.871072719782642,8.871072719782642,8.580020025080502,8.872666447790849,9.062408118536117,8.871072719782642,8.871072719782642,1.6375624570210396,0.0,0.0,0.0,0.0,0.0,0.09331862434261898,0.0,0.17652937411845468,0.16074581173036998,0.16700065270038666,0.0,0.0,0.09530560391496988,0.0,0.31165713072176615,10.31336047020984,8.871072719782642,9.042905203663947,9.418853325352963,0.19611529590347382,8.814218160910379,8.871072719782642,0.04798144745104856,0.0,0.08484810894939723,0.29231511047416514,0.0,0.33412203418959013,0.0,0.02379300743522688,0.0,0.0,0.0,0.0,0.0,0.25827858390388114,0.0,0.5564870795462236,0.4013669917486854,0.0,0.27195251577556323,0.5595640007371948,0.0,0.0,0.020115859916759175,0.2224128545838685,0.2733156338396128,0.13862284605406955,0.07557421843602882,0.0,0.125207457776218,0.0,0.06422111934452632,0.2845877882902393,0.3492510051411221,0.026257005647359225,0.0,0.0,0.0,0.0,0.201067880703165,0.0,0.0,0.0,9.06987307448114,8.871072719782642,0.02376630778087259,0.04344922434768124,0.0,0.0524002349382693,0.4923232616631974,0.007848906311869647,0.012005518386823202,0.1690978152954143,0.0,0.0,0.1683472124118438,0.0,0.0,0.08083218414864587,0.01075659462708586,0.35792876180587657,0.0,0.0,0.0,0.0,0.4011281551164383,0.0,0.0,0.06943996328035223,0.0,0.0,0.0
0.0,0.1617698236262246,0.036224741555133645,0.0,0.20758916500195151,0.0,0.20028024839347544,0.0303716444373159,0.0,0.0,0.0,0.09441157983423915,0.0,0.0,0.0,0.0,0.17240133004404806,0.0,0.2751986266978735,0.0,0.0,0.0,0.14427199494812362,0.006632745265658517,0.03187909900410847,0.07463582357668466,0.1612242000139251,0.0,0.0,0.10397420345425101,0.13678993585025592,0.0,0.22690269970242577,0.16956327723231993,0.13620509626805136,0.2182932994761551,0.22459413922258933,0.23293670003493355,0.06849693710591459,0.0,0.0,0.194882599414284,10.809923472338982,9.511154176395099,0.04316975409429749,0.0,0.0,9.217983962282887,8.698897756979902,8.456458416435316,0.03860747772463314,0.0,0.0,0.3225754335205561,0.0,0.028070981498249402,0.0,0.0,0.0,0.0,0.0,0.0,0.0,0.02733273301306083,0.22078614957000797,14.66569933663523,10.340467738788112,9.217983962282887,9.217983962282887,8.96050502426025,9.174372231285375,9.078028758285607,9.217983962282887,8.92266248330541,0.0,0.026598197489358256,0.13071841455756195,0.0,0.11335893562017284,0.3657848415659277,0.0,0.0,0.101217482807984,0.1646855733712378,0.0,0.0,0.18205360502566217,0.294466282031215,0.0,0.122288044541903,10.579507010596606,9.217983962282887,9.184264048368053,9.148138162370403,0.0,8.448648809529548,0.0,0.0,0.34342112331439734,0.049207592342883494,0.0,0.0,0.0,0.0,0.22070739712773474,0.0,0.017799522812881677,0.0,0.0,0.03640631322055314,0.0,0.06797437540869428,0.0,0.17393123087786816,0.0,0.04314291777945076,0.43947986096722635,0.05776425614796836,0.0,0.19509655763105155,0.04248530303362661,0.23782867454471399,0.0,0.0,0.0,0.0,0.021743354292355046,0.0,0.0,0.03958516511609617,0.1878234067534139,0.0,0.0,0.169675044484822,0.1268222676618076,0.17415684453751704,0.0,0.0,0.03645676205140909,9.914493133110282,9.28215948621921,9.450925602601641,0.12152712004310681,0.10607368767365327,0.0,0.05848988938894236,0.044767185028381395,0.05008988620345951,0.13102112761899015,0.0,0.0,0.014243873490300327,0.0,0.09658380123328267,0.0007107517797443399,0.12255660977812828,0.15987362926436238,0.0,0.11800475669253596,0.0,0.1533806463255894,0.02836134728577038,0.0,0.0,0.23736144817210456,0.0,0.0,0.0
0.24109261626507222,0.0,0.0,0.0,0.2357261664445218,0.051788858613702256,0.0,0.025304955662460788,0.05495739787440522,0.19528984175820918,0.0,0.0,0.19320669349418274,0.0,0.0,0.19518389192206997,0.0,0.0,0.16642138350634628,0.0,0.0,0.0,0.010279170570177375,0.0,0.0,0.18986759257721092,0.2540531451450576,0.027447734861998606,0.10669642715073228,0.410532015436756,0.1884292340889479,0.04864099607130456,0.007458704815647561,0.0,0.0,0.14071970934926686,0.17232587254596166,0.0,0.40818030029653785,0.05733740748310336,0.0,0.2041816551598712,10.819010541598612,9.614588180296074,0.0,0.0,0.0,8.841957554142951,9.0740592613818,8.83026297335624,0.049577985192211134,0.0,0.13462517993369422,0.0,0.311652711114984,0.0,0.1458250518179198,0.0,0.0,0.17112482462951528,0.0,0.0,0.0,0.054991488246537115,0.30400914318864264,14.380888178027568,10.812959151948785,9.389840533953752,9.389840533953752,9.389840533953752,9.389840533953752,9.382633755299404,9.389840533953752,9.389840533953752,0.0,0.09022823878567023,0.0,0.0,0.21442611891980434,0.0,0.0,0.022836785039419317,0.0,0.13584720817617685,0.06160005168774259,0.0,0.27207328514044704,0.3221738639828814,0.0,0.009137806533564151,10.428701566063037,9.307978015677497,9.389840533953752,9.422877442745284,9.339106734555717,9.331189628259159,0.2421512049902362,0.03927170398699936,0.0,0.3145801539336994,0.0,0.22614360565719605,0.07578505950366134,0.0,0.0,0.4700761076993112,0.2074508463320618,0.10957366635462223,0.18902481537371418,0.06927805894929248,0.0,0.0,0.0,0.0,0.05262830382002369,0.384099133137778,0.6782316703116411,0.22729979361052835,0.0,0.26235726502849044,0.0,0.09392378659687792,0.0,0.2504967723937274,0.0,0.01833390730520318,0.1089039648657172,0.0941683112099327,0.0,0.0,0.0,0.0,0.0,0.0,0.0,0.3876889222441736,0.0,0.13506267655626653,0.0,9.866263589494345,9.343172634847509,9.586196859022076,0.0,0.029383580571042175,0.0,0.0,0.0,0.12029294257231216,0.0,0.23401888809615992,0.0,0.23197200944124305,0.0,0.0153271536220594,0.0,0.0,0.0,0.06578621293914125,0.06265816924126016,0.4641203908441615,0.10105867072587442,0.0,0.0,0.0,0.07998731460013968,0.0,0.0,0.025501068710662603
0.0,0.0,0.2418146919600441,0.0,0.0,0.0,0.4001175028408233,0.13118998150773922,0.026651267937791174,0.0,0.008209807025600887,0.0,0.0,0.0,0.0,0.0,0.0034054051576554584,0.0,0.0,0.0,0.03146528355547982,0.0,0.0,0.0,0.0,0.05579194467444966,0.0,0.07465953186536865,0.0,0.33051537590057406,0.0,0.0,0.0,0.17641029039092576,0.0,0.10650862530605185,0.05755008439861268,0.05374825306973938,0.0,0.0,0.0,0.18083743268728147,10.325795110866588,9.388810362747659,0.06006958676341195,9.726764767686225,0.22596859309409237,9.25321897053485,10.045370919261769,9.297677476363726,0.16963149685491216,0.0,0.03156263564545149,0.0,0.0,0.0,0.034738374414801106,0.34966621614956944,0.0,0.202408814837829,0.0,0.4691360350919062,0.0,0.0,0.0,14.665899173236784,10.751526475660722,9.257140536252576,9.342430209364608,9.178158459760134,9.248068018235989,9.342697703834387,9.233335426448134,9.25321897053485,0.0,0.015960897498067898,0.1557735996546882,0.0,0.0,0.0,0.0,0.0,0.44872876019199837,0.060873496750538374,0.31595031129476897,0.0,0.20814446439584317,0.0,0.03143268396926456,0.07546077855233845,10.666161423076394,9.203415674593248,9.538066704083036,9.353409214839145,9.25321897053485,9.18191818255366,0.0,0.0,0.07076205392562725,0.11714677190330909,0.190391122286606,0.0,0.0,0.020015733071393222,0.0,0.12205651999477107,0.0,0.0,0.0,0.0,0.0,0.03406970121839875,0.0,0.0,0.0,0.024396258237752246,0.6102032809475524,0.010073351911969926,0.17413292971134584,0.0,0.10347748943913597,0.2530215088058589,0.1887483703947782,0.34446627832963306,0.10944780762471193,0.0,0.0,0.25319781189683094,0.03327724244127796,0.0,0.20707607765772357,0.0,0.1722378878188663,0.0,0.0,0.0,0.15716769514081091,0.0,0.27752411795408,9.901539626815268,9.084696344932858,9.51962542415661,0.0,0.17957548901354048,0.0,0.0,0.13371543729203633,0.0,0.0,0.0,0.0,0.0,0.0399055260030827,0.0,0.0,0.0,0.35719825558947,0.0,0.2888156725442407,0.22331029808921304,0.22151638208259045,0.05841220679499203,0.0,0.19762638871844765,0.15777402714725458,0.0,0.149273048083773,0.005536455712789909
0.27248917777469606,0.0,0.0,0.1304830560619104,0.0,0.23293775446637516,0.07028384797126361,0.0,0.456692668682663,0.35813721797350845,0.0,0.0,0.12494388957321048,0.0,0.0,0.19355322834396516,0.0,0.0,0.0,0.0,0.0,0.0,0.0,0.0,0.0,0.04541561010030241,0.3244663278637978,0.0,0.19194696296313665,0.0,0.0,0.1440293870775199,0.0018303226358374364,0.5397786448207313,0.0,0.0,0.0,0.0,0.4753295902503785,0.0,0.0869969466418169,0.5049592836271038,10.756944459445045,9.960243761950787,0.0,9.053069042196185,9.794970829529964,8.535325308825568,9.69172968097149,7.895468065130106,0.0,0.0,0.03864275215731105,0.17602862637269912,0.0,0.06475354598371856,0.0,0.34248679031917284,0.17407318334119248,0.01535688401810837,0.3789143068347416,0.0,0.08682262777742954,0.0,0.0,14.98383054538224,11.009087963518965,9.34651477769887,9.859410153999255,9.732772175932341,9.64250396142215,9.751877872407293,9.732772175932341,9.641423580756719,0.32122925747095776,0.0,0.0,0.36637314082055084,0.0,0.20168516984606816,0.05816119192722592,0.06453336882946735,0.0,0.0,0.0,0.0,0.041275306227417305,0.0,0.0,0.0,10.900577551240943,9.732772175932341,9.742782299444901,9.827882002150696,9.648901738437837,9.87650048801196,0.0,0.0,0.0,0.09139842472397482,0.0,0.17577027926129757,0.0,0.0,0.09329990171397415,0.18721387661194977,0.0,0.0,0.0,0.0,0.2376324763268165,0.0,0.18914436591559458,0.0,0.07739574299021587,0.15084631414387265,0.609315277814989,0.0,8.45707723548502,0.22181981895642286,0.19578818760314812,0.09274673069143526,0.15667442078701843,0.25076719453854546,0.08311647451218969,0.06472660800583908,0.03544159506317241,0.052438651078049556,0.01825232290881125,0.01563975999484241,0.0,0.0,0.1057855043860159,0.19980372182523032,0.0,0.015430827660658421,0.0,0.012537275168291217,0.0,10.209069644835061,9.696635869026242,9.732772175932341,0.34946063935131805,0.0,0.0072440998553501435,0.0,0.0,0.0,0.036230327745442485,0.0,0.0,0.0,0.0,0.0,0.0,0.0,0.0,0.0,0.38953842733162886,0.06077859824507828,0.0,0.15689322575920353,0.0,0.08983859809663816,0.1648790524895322,0.0,0.268596705647026,0.10155632045092587
0.0,0.08550409389482909,0.0,0.0,0.0,0.157026241495718,0.0,0.0,0.0,0.026227832610770906,0.38732316303941966,0.0,0.16378438212227187,0.4393966400444842,0.0,0.0,0.07640649912195989,0.0,0.0,0.0,0.0,0.0,0.0,0.016542567855758732,0.07083670549347022,0.0,0.34920449650469165,0.0,0.031961070491607166,0.2079039831779543,0.0,0.4092181852737714,0.1329615632069622,0.0,0.31725908887107473,0.0,0.005074693300799918,0.27413093752274936,0.3224815236421219,0.0,0.17276271677490349,0.07392021042549236,5.636198744812467,9.750467204313464,0.04884799875289171,7.074518080820659,7.159570639715838,8.610994246546795,8.186082639709408,8.19934589644775,0.0,0.28111478211764207,0.0,0.21343299964374085,0.06478698203180756,0.0,0.45238876853965504,0.0,0.01240675665151137,0.0,0.0,0.0239633176438238,0.00412841685125689,0.12019556444761254,0.0,15.194350099942362,11.090037130669106,9.69240024144289,9.753846451729139,9.747747261384738,9.69240024144289,9.729367267838548,9.69240024144289,9.607108320767315,0.06757708586890626,0.0,0.10234013247100993,0.014287293189311006,0.0,0.0029633116178084127,0.14142045041292223,0.0,0.18465747040947691,0.0,0.14384791919279213,0.0,0.0,0.2330446846324781,0.0,0.24726856449662582,0.0,9.501256399136269,9.69240024144289,9.890718577960758,9.69240024144289,9.569647210306197,0.3289824802992393,0.10478566160756417,0.0,0.17312542875447648,0.07525696030477047,0.0,0.0972023874845383,0.0,0.14331932612915738,0.0,0.0,0.0,0.0,0.0,0.0,0.0,0.0,0.007457217391820798,0.1871088223072715,0.7089787207214817,0.7573094675321759,0.10976069944529768,9.69240024144289,0.39378252845168515,0.0,0.0,0.0,0.0,0.0,0.0,0.0,0.0,0.0,0.0,0.12601662991649282,0.0,0.20162639578321853,0.1898238237485098,0.0,0.0,0.1400091861242512,0.0,0.0,10.315480395794374,9.69240024144289,9.75013167147836,0.0860134152424251,0.24565020989943284,0.0,0.0,0.0,0.2105433702623089,0.0,0.3310146539864645,0.0,0.0,0.0,0.006397103473572939,0.19231459087641017,0.05695176414683504,0.0,0.0,0.0,0.33312104229092643,0.0,0.0,0.0,0.009578190243675346,0.0,0.06085195703987697,0.0,0.0
0.0,0.2774813546462775,0.15332192789011825,0.0,0.0,0.02402466152422212,0.0,0.1867448217692163,0.0,0.0,0.05460760062259389,0.2038056305584902,0.0,0.051164386979174914,0.0,0.006440679827310906,0.0,0.09438189886167349,0.20614199017245424,0.0,0.0,0.0,0.0,0.0,0.0,0.0,0.14501265528130744,0.0,0.21977940323337883,0.12237411694180446,0.0,0.10926503187921813,0.16359528160540637,0.05849637072907661,0.0,0.06627262257116139,0.05705456409227816,0.0,0.3486456014477373,0.10724452875314774,0.13784150739038814,0.0,11.067349336929182,9.911175364951259,9.67588746248229,10.083931104251116,9.680660352610461,9.764558319385758,10.110361144231668,9.764558319385758,0.0,0.0,0.0,0.07846557228305798,0.0,0.0,0.003606167287499515,0.15521519896034658,0.021593909316224284,0.1132045116729589,0.294380883102607,0.0,0.0,0.0,0.23809581041806008,15.107592562411394,11.321025186758783,9.792969235040154,9.764558319385758,10.044908635178743,9.99405542746612,9.816346380147534,9.7517107769262,9.5665267909116,0.0,0.12542454801035297,0.15457973475956174,0.0,0.02816564870231342,0.0,0.0,0.386588122320347,0.0,0.0,0.02676135609042197,0.0,0.0998716675383649,0.0,0.0,0.28582407293765844,11.439234821977058,9.764558319385758,9.993433926303865,9.765225930862144,9.391493129273192,9.82170435606299,0.0,0.18779955043328841,0.19844026990738534,0.21310585541762728,0.22394316209926313,0.005039814030316782,0.33126941199541265,0.0,0.0,0.11138015771274538,0.0,0.22753075471591366,0.19827437261463565,0.0,0.34348856591604876,0.0,0.0,0.0,0.0,0.5305202820467945,1.103822341836436,0.5381684022317339,0.0,0.0,0.15569803838107948,0.0,0.1648789904524608,0.10544034697101928,0.0,0.19184689285320938,0.141873907339543,0.0,0.0,0.0,0.0,0.0,0.0,0.2360573619016335,0.0,0.13881856371305507,0.0,0.21556748515162633,0.22323254352214197,9.563539223972983,9.719607247674015,9.535206518630979,0.0,0.044779971004115696,0.0802251045894154,0.0,0.16780190413131416,0.0,0.0,0.03329573146844231,0.351435684505913,0.0,0.25274017402835114,0.0,0.2312555894057682,0.08735278477675114,0.0,0.0,0.0,0.0,0.0,0.10131786170404966,0.03441390626369155,0.545467667689512,0.0,0.11072490156613515,0.0,0.05285489016803532
0.3143249102254286,0.06596763763071778,0.0,0.060867827448821334,0.0,0.21894085064943913,0.24773838621991986,0.2331417373128056,0.09400652740854121,0.19561701123517816,0.0,0.0,0.0,0.3537768928602829,0.029767218405928626,0.0,0.0,0.242303882361672,0.0,0.0,0.02147875987710232,0.0,0.0,0.0,0.0,0.0,0.0065075071873055435,0.24936541042602184,0.09351846823287474,0.0,0.03551171744500836,0.10352437408901514,0.0,0.0,0.025883148700412507,0.0,0.0,0.22490803967555792,0.09058518892534857,0.4110426113660056,0.022373305215852395,0.0,11.261454241118887,10.069781248332067,0.0,9.805709651790046,9.653302541779764,9.26328607954871,8.659931157116837,9.833485411436376,0.0,0.0,0.0,0.0,0.0,0.25041409952799026,0.0,0.4970354298188833,0.0,0.0,0.0,0.24021928175711227,0.28469427055174046,0.47025196220276955,0.0014457476370929553,15.251363803286196,11.713101038871594,9.987430162567264,10.109922864482996,10.125842510266502,10.242512148872224,9.824831650590133,10.069781248332067,10.069781248332067,0.10106514136607611,0.1531871682889881,0.2164659191190153,0.0,0.04773011044203832,0.0,0.252055623649973,0.0,0.2610836949664029,0.04287501828582491,0.5270169526712812,0.0,0.0,0.0,0.026591324735739573,0.23407849145183554,11.615210393255111,9.935736886225223,9.936852314099145,10.066086404534406,9.957787969790912,9.953917237301184,0.0,0.08079294725189143,0.0016401980821925941,0.0,0.0,0.0,0.0,0.0,0.0,0.04851298501443851,0.0,0.0,0.0,0.0732540260578867,0.11087462311191397,0.06683304391466213,0.08385259314118393,0.18708158965610125,0.0,0.5879902425631328,0.24690154677338744,0.0,0.0,0.0,0.0,0.35719554611160614,0.30205208721389964,0.0,0.016580211227709675,0.0197149791956254,0.0,0.36013312479988635,0.0,0.0,0.07924209155796133,0.0,0.2827057195352675,0.23121374321628144,0.0,0.20841163719105982,0.03765712437785042,0.0,0.21764871610358077,10.559375347059353,10.069781248332067,0.0,0.18531154920399248,0.05500879405770019,0.02871030839530417,0.20318969736980308,0.0,0.0,0.0,0.14192541183059332,0.0,0.01044646199879001,0.10536583651631642,0.0,0.0,0.1611867804709478,0.051673717708603524,0.0,0.309580204447808,0.024621155968570237,0.0,0.0,0.23559084306977632,0.0,0.0,0.0,0.11224288333345954,0.2752247880484849
0.0,0.0,0.0,0.0,0.0,0.0,0.2029553380263438,0.0,0.0,0.0,0.0,0.0,0.0,0.0,0.0,0.04731665197533332,0.046695652682033635,0.08369754001021454,0.612932590813989,0.0,0.0,0.0,0.0,0.0,0.0,0.12101042727868205,0.0,0.0,0.0,0.07597419472066412,0.0,0.0,0.0,0.0,0.0,0.0,0.09142900089967906,0.0,0.0,0.12622987487690623,0.5574688834068982,0.0,11.216104926089972,10.044143272866304,0.0,10.087259937291538,10.017388617606754,9.79880205739045,9.493259150531744,9.144357412686968,0.0,0.0,0.0,0.01150434452755807,0.0,0.0,0.22262377594061775,0.04893853968813507,0.0,0.0,0.33016455127631517,0.0,0.0,0.031684829822338036,0.21022557348951593,15.45424762576266,11.389719774084663,10.025207591561667,10.158220833487027,10.323427006434532,10.23423803823679,9.99066444910383,10.096528671377003,9.905198629836084,0.0,0.05193332863997272,0.19657446115778285,0.0,0.0,0.24603189628219838,0.0,0.0,0.0,0.0,0.0,0.17936272745094264,0.0,0.1076411543541196,0.0,0.0015530648635685383,11.467356663369584,10.044143272866304,10.003166873356491,10.143509542057123,10.07487664877032,9.897256371406678,0.39024240036333074,0.0,0.0,0.16413301827164495,0.0,0.0,0.20009593264131464,0.0,0.0,0.0,0.44499073011205975,0.10046120500849216,0.10518950428345235,0.0,0.10662140674854408,0.0,0.07653154367666973,0.04483635599439918,0.03426552214236632,0.3705440975827063,0.005554398289369117,0.0,0.11054788324608791,0.0,0.0,0.0,0.0,0.0,0.3126211313861158,0.0,0.0,0.0,0.0,0.07538986178321219,0.061931895325526176,0.0,0.20161100201364748,0.15950450843243372,0.0,0.0,0.0,0.0,0.045862729275498934,9.987072510786644,9.85427119788809,0.0,0.11000942035927733,0.0,0.24165265496369492,0.08607394825394593,0.235072790500768,0.0,0.0,0.0,0.0,0.0,0.0,0.3565291952945022,0.06898033521007003,0.0,0.0,0.0,0.23945634029585555,0.0,0.05343446170586716,0.0,0.0,0.10432628187033148,0.4324119454323006,0.0,0.0,0.270926806855876
0.35984988624161307,0.06589525287977888,0.1125598725850685,0.0,0.0,0.3910500472290513,0.0,0.0,0.0,0.15910241228472652,0.0,0.0,0.0,0.0,0.04945102567099488,0.05449522983952686,0.2974090330089576,0.008793185435475335,0.22151104636036004,0.0,0.0,0.0,0.09570328869523098,0.027806091735748058,0.17667977713984662,0.14559938999974817,0.0,0.0,0.0,0.0,0.0,0.19948587059780432,0.14870597187193846,0.0,0.028004885565479476,0.1088255064081699,0.0,0.0,0.0,0.0,0.17211152699411297,0.1093492297895015,11.375058518641419,9.985859603222645,9.685966941851898,10.097182511183103,10.139647341040234,9.722753089221861,10.088722391763813,10.216193953648464,0.0,0.054361244830268635,0.3233813812630324,0.0,0.0,0.0,0.0,0.35351096336672827,0.026627039662101837,0.12074033056658892,0.0,0.1373777358483191,0.373870210745025,0.4189963492536577,0.15488496095671817,15.548250555751356,11.65416847390521,10.216017271982276,10.001021413257227,10.143415902132503,10.097182511183103,10.097182511183103,9.679686015071315,9.720998528437343,0.2650222504297608,0.39906402877897185,0.0,0.0,0.1257242519867501,0.16217533781064564,0.11481513380385339,0.0,0.20998807346440246,0.31245363013971994,0.0,0.0,0.09049485981191101,0.35364407824874,0.0,0.0,11.568882806483797,10.097182511183103,10.071496263812946,9.876605470405412,10.097182511183103,10.097182511183103,0.06648635309095319,0.1020777667586194,0.0,0.0811907039236774,0.1582531637929157,0.1816562533907642,0.12277956859111515,0.04711650359846413,0.0,0.23450211368487725,0.0,0.22649325715428859,0.0,0.24243786314072427,0.0,0.25940383076709617,0.2377853116949287,0.20215239820276154,0.12408856222012397,0.31391330404386,0.53605984740381,0.08260181421256449,0.07085148750187596,4.581280539078321,0.07892207883231755,0.2763836936080821,0.043211956435843905,0.0,0.0,0.3003522401043351,0.25453232546416704,0.1539967435156119,0.0,0.05345380900012067,0.11209904380907679,0.20570549351503184,0.0,0.34064159692853463,0.2778256891040509,0.13060654853470996,0.0,0.0,0.0,10.456235904737163,9.870480606382406,10.091011113352678,0.0,0.1064588629773405,0.0,0.0,0.37971267781948304,0.2660266798841532,0.2444943060466284,0.0,0.0,0.0,0.20595031758598575,0.05947486250025856,0.0694174369047147,0.20510576906859332,0.03281756303953583,0.0,0.08063760539086223,0.0,0.0,0.06506829553908902,0.0,0.2874330653429865,0.11931618366074086,0.08073761368377555,0.12281171693510523,0.0
0.018022481308531093,0.16425124052151258,0.0,0.0,0.05239711720715534,0.07060751438485358,0.0,0.0,0.0,0.0,0.16438531347855878,0.18796868359645205,0.0,0.04877511849094168,0.0,0.0,0.0,0.0,0.0,0.0,0.0,0.0,0.0,0.0,0.18839487138684669,0.0,0.3597598436647426,0.32202065253985657,0.0,0.0,0.0,0.0,0.0,0.0,0.0,0.0,0.0,0.05459555873911356,0.08110433382893083,0.4079163460258526,0.25673416052141684,0.23871015425197684,11.549718948471769,10.74034240965173,10.424878963994118,10.688030219289304,10.655013327389133,10.329432312499216,10.977212494181385,10.495056937589963,0.21258202607818663,0.02872480499553022,0.16149635924845368,0.0,0.0,0.11100613580439553,0.0,0.013573417481157453,0.3424567145370085,0.06126193430112678,0.0,0.0,0.31295417602260206,18.1911960144005,18.14707384217992,15.625144483163524,11.908962324689629,10.082233371973745,10.083554067496456,10.48829674752894,10.186471420709097,10.2511436369116,10.42279785295133,10.42279785295133,0.13273190069753413,0.0,0.0,0.0,0.0,0.05964128445353599,0.0,0.0,0.024600103787544653,0.013290915890454088,0.0,0.0,4.320226105578955,0.0,0.0,15.556262085043258,11.75242362073898,10.375933779172025,10.42279785295133,10.419126711336899,10.42279785295133,10.312538621257554,0.0,0.08148365144056743,0.0,0.0,0.016413170859874045,0.0,0.0,0.4086590955815638,0.060129971121849396,0.0,0.0406058574485879,0.2544832142853688,0.2570735735821744,0.028269330434963925,0.09323661010756618,0.0,0.16265526118198426,0.1420546895133952,0.0,0.1922832885553824,0.35550925760437213,0.0,9.6574170639496,0.2483733204535511,0.2797924469596902,0.0,0.0,0.1941095762918021,0.0,0.0,0.0,0.010246124239446382,0.37370077310208116,0.0,0.0,0.0,0.3181075857413962,0.0,0.0,0.0,0.0,0.06392727719447643,0.0,10.816404749891003,10.287572247666285,9.791786664530072,0.0,0.28746195192063884,0.014108801116009954,0.0,0.24889526962894365,0.194680031651748,0.41132347339607844,0.09409995258816445,0.0,0.0,0.0,0.1732812794085992,0.0,0.0,0.0,0.0,0.0,0.11766433192930248,0.30384444657585447,0.2151969166412539,0.0,0.11484202203285997,0.0,0.04330025150632274,0.0,0.11561067998797683
0.0,0.0,0.0,0.2188977056432866,0.0,0.05254361794054517,0.0,0.0,0.1105483322287979,0.3869235000050886,0.0,0.020640171001470933,0.0,0.28089131201254053,0.19321548057192378,0.0,0.0,0.0,0.2810256470258473,0.0,0.0,0.014995602068378206,0.0,0.0,0.0,0.1752247769293637,0.0,0.21431174465849478,0.0,0.0,0.03852120022281648,0.19873779860605775,0.0,0.0,0.0,0.0,0.0,0.0,0.0,0.0,0.0,0.0,10.95744105854805,9.913324037398363,9.73202667382477,9.73202667382477,9.73202667382477,9.73202667382477,9.917375454183807,9.73202667382477,0.0,0.0,0.0,0.0,0.04115863528449441,0.16449291717650677,0.0,0.0,0.022109404934823173,0.16152047721003368,0.037125602183703886,0.0,0.07731229788597974,0.0,0.09503896526042487,14.806011050653298,11.332634175043308,9.534186394228568,9.323183472824343,10.113651982608268,9.97040534824749,9.73202667382477,9.769947048756112,9.263030176456235,0.0,0.06164074092496334,0.0,0.09864209861552584,0.0,0.4303228254105237,0.0026152627372844077,0.12756657669584026,0.0,0.06486595303265213,0.0,0.17289600729574528,0.0,0.12780376098183602,0.21509209335377544,0.0,11.121570296949708,9.73202667382477,9.670558848198123,9.986803831097282,9.476080654389712,9.715576673471494,0.0,0.0,0.03704957684787317,0.0,0.06105484963076407,0.0,0.0,0.353188974694576,0.0,0.0,0.0,0.0,0.007142111809005909,0.0,0.0,0.31133659010689146,0.44845589758947496,0.0,0.1240434348902141,0.12117216590623027,0.42056407653884176,0.0,9.670277075696555,0.1793860589340838,0.25908791548717475,0.0,0.0,0.06929674832898969,0.0,0.005339364533143965,0.0,0.0,0.0,0.0,0.023255645658850074,0.11567235134984087,0.0,0.2424890252880131,0.0,0.0,0.10041872254921598,0.0,0.35973862613847973,10.028741033191135,9.532915002245007,9.838297430065571,0.0,0.0,0.0,0.298897685416707,0.0,0.03729257374556248,0.0,0.0,0.0,0.0,0.0,0.09688330120594704,0.15774074507991226,0.007777410314394318,0.0,0.055397918722391574,0.0,0.0,0.0,0.0,0.07276755260839464,0.0,0.12991178548813706,0.0,0.11667301377217444,0.25707740093064324
0.0,0.056265697780568856,0.14275838642883606,0.0,0.1205373806751965,0.3499522974810666,0.2262013590477782,0.11494113036952688,0.0,0.33408123133706363,0.0,0.0,0.0,0.0,0.0,0.022526432235581685,0.12224280588541694,0.08438887575553196,0.0,0.0,0.0,0.0,0.04854453869591753,0.09185434282564511,0.0,0.0,0.06357605080621374,0.0,0.1281840501112734,0.3881501081521288,0.016533975274920933,0.0,0.0,0.0,0.43432603116835866,0.06266018461936051,0.0,0.0,0.0,0.0,0.0053815604234019165,0.021594215364468226,11.476408401755242,10.288068373475198,10.265013148445336,10.285119450569516,10.199146849487837,10.285119450569516,10.44562909306455,10.285119450569516,0.15660367271467188,0.1716733395061222,0.0,0.26900530793579436,0.019947677935017834,0.0,0.22883685104307225,0.0,0.0,0.0,0.26252338264134584,0.0,0.2208240505126421,0.0,0.0,0.0,11.637831143840112,10.208324910617046,10.2872116053226,10.49607500250391,10.422157251233049,10.1135038848229,10.214756376344107,10.303757862378141,0.0,0.0795758271431836,0.0,0.10030814355055531,0.0,0.0,0.0,0.2989992131653887,0.0,0.0,0.4302788101569834,0.0,0.0,0.3025793662220973,0.0,0.11740760425909387,11.694086576195025,10.285119450569516,10.034428148404361,10.468207200319668,10.285119450569516,10.3187167036154,0.25584474401107493,0.09630349433534495,0.0614389696014693,0.03594054836944105,0.43716821463792493,0.13668572395134848,0.08290294942389317,0.0,0.0,0.32396350749430086,0.08743919477092964,0.0,0.025996410919834144,0.26740249310564984,0.0,0.0,0.0,0.0,0.18500162838510945,0.31757048892422435,0.0,0.05129170726061099,0.21431385091183192,0.21747188342945686,0.0,0.0,0.03830849893189416,0.06540535279138918,0.0,0.3045167337865049,0.04945013068461431,0.19088059994979423,0.0,0.0,0.1933948794942457,0.149749689166545,0.0,0.0,0.0,0.0,0.1424012488876753,0.2911548607919713,0.0,10.959679664938072,10.008655218862478,10.326670482073514,0.0,0.07489185327730458,0.0,0.4889271608956216,0.0,0.002801042685334868,0.21448641610473393,0.0,0.31638623225166257,0.25774058347863016,0.35289422818439675,0.2461798353734641,0.0,0.0,0.21726414219084622,0.0,0.19599816370295692,0.372813146713615,0.446165159208519,0.0,0.0,0.15917916003442195,0.0,0.0,0.3690159910696742,0.0
0.05401848960069226,0.0,0.0,0.3062313898793366,0.0289487372574447,0.14383472266085598,0.2104241348844746,0.0,0.09392121671934572,0.205054989112419,0.0,0.0,0.0,0.18032069449074192,0.0,0.0,0.0,0.0,0.004124419931021949,0.0,0.0,0.0,0.0,0.0,0.0,0.1414794102088745,0.0,0.3829111128400387,0.18183931093442252,0.0,0.0,0.050011234802988476,0.1802467503012532,0.19033584800428843,0.0,0.48451031826620794,0.0,0.0,0.0,0.10596549591703551,0.3113525368108306,0.0,0.2553578802146861,10.97643735987615,0.0008699737337479997,4.878397792319815,6.810399236689814,9.400195154345264,11.245324528712551,10.42191051982435,0.16555034886926906,0.09713532294284441,0.24276975417480384,0.0,0.1909288314719524,0.09533542677187229,0.0,0.0,0.0,0.0,0.08250763029843738,0.12222622622701262,0.2687058956343911,0.0,0.0638720465335502,0.05533411931680993,11.6615832195658,10.41514920211963,10.257496369659037,10.585422398324514,10.106341664189515,10.107498410623226,10.387071438112372,10.243412259192596,0.0,0.0,0.0,0.0,0.2649057390109144,0.19212645026245617,0.2359884820452375,0.0,0.0,0.0,0.0,0.3359776738912674,0.002557420756009587,0.0,0.0,0.03327625987490768,11.747264572624939,10.220682542732634,10.387071438112372,10.034573549006687,10.387071438112372,10.387071438112372,0.0,0.25894721032209034,0.0,0.3113881854335455,0.0,0.0,0.05500640165637251,0.05954941863025945,0.0,0.0,0.0,0.1418407459254499,0.0,0.09676163129814487,0.0,0.10632696849027075,0.10072089526191223,0.0,0.0,0.0,0.0,0.17569061436191002,0.0,0.12240274029914115,0.02781261101245493,0.0,0.0,0.0,0.04298079024243525,0.0891338008538277,0.0,0.0,0.0,0.0,0.0,0.0,0.0,0.0,0.22469067296620185,0.17662189200209857,0.0732156517991429,0.0,0.0,10.690715052870639,10.12796853263853,10.387071438112372,0.0,0.16058785682353843,0.0,0.1239833532422846,0.10476532342925464,0.0,0.08136807696194659,0.0,0.08059296270777266,0.0,0.0,0.06561383269262488,0.22154873935849023,0.31688110572009925,0.0,0.34621334007805243,0.0,0.0,0.10486952244410956,0.11201386704307044,0.0446450040612244,0.2646164074991285,0.35161825310645534,0.07053593341424653,0.46786702130906277,0.0
0.0,0.0,0.0,0.2067496292079196,0.0,0.5822216514314418,0.025607512634312178,0.2513452496850411,0.0,0.0,0.11798538273064255,0.0,0.12602177984038143,0.0,0.17031646636064687,0.16002972815799213,0.0,0.0,0.5245881722911018,0.0,0.0,0.0,0.0,0.0,0.09673965936972279,0.23644347964058532,0.0,0.0,0.0,0.0,0.3173764725475129,0.0,0.0,0.0,0.0,0.10070191362683538,0.11213564924425487,0.0,0.30004949189233593,0.0,0.0,0.06683525553276808,10.961127528015128,9.988242821405906,9.75820984121819,9.957081218076015,9.955933666454923,9.587332660536388,10.552547558761209,9.870216865468574,0.0,0.0,0.0,0.15712229950478285,0.017567088540428277,0.0,0.0,0.0,0.0,0.0,0.2486798684863925,0.0,0.023554564846333448,0.0,0.06680774318983324,14.902992967827892,11.163508841225596,9.742993137444063,9.56213368073749,9.648078992795526,9.566975457280238,9.75820984121819,9.806216990734718,9.812880131566201,0.0,0.0,0.0,0.09256646586502151,0.13489189648806568,0.2799870920400642,0.0,0.0,0.3690077503775768,0.0,0.0,0.1446537816833049,0.0,0.23262243710624134,0.1766629343265795,0.0,10.741233571769456,9.701540100384836,9.710455941007135,9.79038722583851,9.75820984121819,9.75820984121819,0.36975362766227043,0.05635107842032006,0.0,0.0,0.25129890124247534,0.0,0.09418403076440865,0.023886996462266906,0.0,0.0,0.0,0.0,0.0,0.11444105772194137,0.07370114268867424,0.2008912583528195,0.17525158888781445,0.01843510597849223,0.0,0.15978803628748123,0.20229032416489673,0.008048434198502298,0.0,0.0,0.0,0.19399468698245592,0.2243677558797555,0.0,0.0,0.32600797880422805,0.4901433271135759,0.0,0.0,0.2141201663903848,0.28380340585333497,0.0,0.09067269436977213,0.0,0.4907505949409923,0.07723418790583084,0.13082578244382312,0.3006599801301872,0.0,10.424253413967364,9.880150561911893,9.748618430564822,0.036065112934001935,0.0,0.0,0.15726631613508163,0.0,0.03661309072324661,0.0,0.27703964746325205,0.0,0.0,0.07295773967392312,0.0,0.03228248008579649,0.21800727364297373,0.33718803281051973,0.0,0.0,0.16449108211988256,0.0,0.3100971920365105,0.0,0.15835246169936748,0.0,0.28654280121901504,0.0,0.0
0.005064719827375276,0.0,0.0,0.007604044956874108,0.04531124969371018,0.0,0.0,0.11110171764387819,0.179034754857935,0.0,0.0,0.1632999534155893,0.39914694730702943,0.0,0.0,0.0,0.0,0.1787522640028555,0.0,0.0,0.0,0.0,0.0,0.0,0.0,0.3078410909508098,0.0,0.09358932157693728,0.1380161172424148,0.0521181872823201,0.0,0.10607605659171526,0.0,0.29997729010041996,0.2579064097329678,0.0,0.02502619645986107,0.0,0.050389326176083965,0.11514324305385551,0.0,0.0,11.346987672191036,10.388267647844962,10.080901681335684,9.87558787478833,10.047459865218842,9.747243392060366,10.536467386358076,9.712054636334004,0.10626528716495824,0.0,0.08678786656077174,0.0,0.16131177517500594,0.2619751041618693,0.34911666775064415,0.0,0.017765482609613845,0.0,0.0,0.15291191642348598,0.12064790538696976,0.0,0.0,14.707980882392857,11.580857524391341,10.016683948472522,10.171476839360349,10.185526956494515,9.960659650955236,10.25071901491676,10.116142879123549,10.102269503620033,0.3003385728508819,0.0,0.16998074069695404,0.35871186098792784,0.0,0.1574932495657932,0.0,0.0,0.0645219742027745,0.0633256110410033,0.30401525257774265,0.07630887334045638,0.0,0.03247915784919687,0.0,14.983392460987805,11.104946933885852,9.893213867721345,9.918362850842838,10.151349855600234,9.894935846099402,10.004481487685686,0.0,0.0,0.0,0.0,0.545104494418564,0.2616811971817864,0.0,0.21352054808052148,0.31514814417708154,0.0,0.23807136343448743,0.0,0.0,0.0,0.15856598105979075,0.23387795962834357,0.0,0.0,0.13802781988522228,0.0,0.0,0.0,0.07630873473352123,0.0,0.008832358756601101,0.0,0.0,0.0,0.0,0.22065932379125408,0.0,0.0026870416428385626,0.015745987647222036,0.06224007906634025,0.15408764290848118,0.03245556450676214,0.10685798440815673,0.3290023708244232,0.2066496771373189,0.0,0.24898320815019304,0.0,0.02412903941461347,10.990735089524696,10.238032275225029,9.73060595224194,0.015393774598585791,0.0,0.0,0.22055831849272925,0.0,0.0,0.08328396670107506,0.0691436684713776,0.0,0.3103141315212583,0.0,0.0,0.0,0.046997622437155606,0.25588503653694994,0.09669470122533183,0.07835593266363361,0.0,0.057399586587394004,0.0,0.014954645238321441,0.0005098973310377661,0.0,0.0,0.15826261986214854,0.11524661887313077
0.0,0.18710596718921063,0.0,0.0,0.0,0.0710628478366125,0.076788051555503,0.0,0.02311279600999134,0.0,0.16931279633033075,0.011963976039262227,0.19999600495042735,0.0,0.0,0.0,0.0,0.11795776452637165,0.0006744239899184051,0.009410449616213238,0.031578182462698855,0.005005261646882243,0.0,0.0,0.4756242736211079,0.0,0.0,0.22394237105081324,0.044944813216465235,0.0,0.041952536555282034,0.2883526007030502,0.00976205789270714,0.0,0.27306558119801033,0.1387582893314205,0.0,0.1471616316442066,0.0,0.13887608098280774,0.0,0.0,11.0409350534885,9.951278180930084,9.858721474336134,9.895770936103238,10.050487737788194,9.999408560309748,10.501684429043296,10.050487737788194,0.0,0.0,0.28805825977305516,0.033070782622442445,0.0,0.0,0.0,0.0,0.2214774140400526,0.13695765187604164,0.31609134797831595,0.0,0.11990133770889146,0.2030813638077244,0.14308763184310022,14.973907439387549,11.743014099782739,10.050487737788194,10.23118488772424,10.038376129741229,10.050487737788194,10.050487737788194,9.870408618347417,9.871504386995147,0.0,0.0,0.16070270659783245,0.10112262425711294,0.0,0.0,0.06842654177244648,0.25590562351473134,0.0,0.0,0.15826233867691383,0.00026063117389902023,0.0,0.0,0.07887691447063375,15.112624491934097,11.519037370070542,9.85172545272971,10.050487737788194,10.187704069962866,10.095639746390416,10.172325865262966,10.009346387438761,0.11783531690488488,0.0,0.16720918213589542,0.05363758661476456,0.0,0.005003205867746636,0.0,0.4659624440716073,0.05544512729857282,0.046825300252815394,0.11063404073128073,0.05928242720480257,0.18165208309613234,0.0,0.0,0.0,0.0,0.0709063917515959,0.36834185563610505,0.016855625915818618,0.23821053778889495,0.0,0.0,0.0,0.0,0.48923159960984886,0.0,0.1930500203097881,0.12615264981410704,0.04767260251036128,0.35720542192211546,0.006813447719460392,0.0,0.0,0.0,0.0,0.14679262667723272,0.0,0.026401707006971854,0.0,0.0,0.08844730095992816,10.371339742634895,10.050487737788194,9.561346648490451,0.0,0.0,0.20763556637708758,0.14754606549781968,0.0,0.12048249403716722,0.0,0.2656560057015453,0.18384268679293927,0.18287477078252418,0.0,0.2610152858367565,0.0,0.0,0.0,0.023068545492810004,0.02679990883313394,0.0,0.03293512379684127,0.0,0.0,0.13286261546143596,0.0023790563954645986,0.0,0.0,0.30112973574994106
0.0,0.0,0.08973178362756798,0.0,0.02346132040346749,0.12998101692640027,0.2833073657491316,0.0,0.1145463909950803,0.0,0.18954104074733188,0.0,0.21949648477140118,0.0,0.0,0.19218987180646896,0.21231770248345966,0.2003412309902863,0.0,0.0,0.0,0.0,0.0,0.0,0.02901654846905609,0.0,0.07885514235304042,0.0,0.0,0.0,0.17330481066810072,0.1674957048950621,0.33133730885184,0.0,0.0,0.0,0.0,0.010613752768565486,0.0,0.12373785981113176,0.0,0.0,11.52826528016634,10.839823863150643,10.658404922716976,10.839823863150643,10.833454260519842,10.668468882414318,10.67599899849655,10.771092859328927,0.1531691680110337,0.19424008362433895,0.0,0.0,0.0,0.0,0.0,0.07557196147499941,0.11772167418733957,0.3259984780433091,0.0,0.0,0.317130394874313,0.21329342627030629,0.0,0.0,12.624765173117902,11.066170705281335,10.942072865024466,11.20139943894512,11.141440958135309,10.938670035738637,10.84718586508491,10.94853767569144,0.0,0.0,0.46431615922773317,0.0,0.0,0.15764356591719497,0.17505209584273362,0.13303137853585392,0.0,0.059201189670119,0.031913194256060894,0.1400446704066235,0.17513711402275628,0.0,0.0,0.3481947247164969,12.221991279332107,10.734464505559234,10.802571870821584,11.008468842566945,10.544450153435228,10.570965178566281,0.0,0.0,0.0,0.0,0.0,0.10999249785408624,0.305540005478936,0.0,0.22134862114848333,0.1293265748742922,0.0,0.0,0.0,0.024004640050236503,0.0,0.0,0.0,0.08593883861001836,0.0,0.23361944833878842,0.19038534278630165,0.009544211658293734,0.0,0.0,0.2902466981419184,0.4571212374435822,0.0016726667467766524,0.0,0.2970026187954849,0.09379971677853609,0.0,0.27061217747061417,0.0,0.2548461427091985,0.0,0.36761260915377747,0.36656301276615144,0.01673514053612825,0.0,0.30263144903408346,0.08686295446879091,0.0,0.08958774198720604,11.10513210549711,10.802039232692474,10.833350124838443,10.887443919095327,0.03859532402369141,0.11992963149145212,0.3449235984957183,0.0,0.0,0.0,0.14532243880742896,0.20946126738744625,0.0,0.21171028323248242,0.012928360052691065,0.0,0.22883408123330068,0.29448671093778156,0.0,0.0662488324263755,0.0,0.0,0.1288553512941345,0.0,0.0,0.0,0.06199255872027102,0.12783263590442373,0.0
0.10680578828780753,0.04458121560949458,0.0,0.1247903928168689,0.006494272302911161,0.0,0.011528972690441413,0.02262745087883257,0.0,0.09105665256758685,0.0,0.0,0.0,0.0,0.24701210527378048,0.0,0.0,0.0,0.23897411215585976,0.0,0.009877704845811568,0.0,0.05581145874978847,0.04416456931282268,0.0,0.0,0.047786773897413995,0.0,0.17943716300668758,0.15201017719981094,0.26873768482845595,0.0,0.0,0.33273396455162735,0.1965998759757047,0.13510701884474055,0.5217759754957172,0.0,0.0,0.0,0.0,0.06613792663274035,11.188142922382674,9.7101409804025,9.663750000741256,9.663750000741256,9.81572454273931,9.674836393952377,10.331127566749508,9.335750444293854,0.1576456521478703,0.0,0.0,0.022182306834741906,0.0,0.16627687779567749,0.02161614252361185,0.30951870411830357,0.0,0.0,0.0,0.10264061729771276,0.06748552073413662,0.13503867232938033,0.0,0.0,11.165885151431265,9.684237758324718,9.603419149697622,9.728197784874379,9.697745914458665,9.67135346492874,9.38610723737331,9.6639156526002,0.05217972667569523,0.2972623946430033,0.0,0.0,0.0,0.06956939004531235,0.0,0.0,0.26876686886328277,0.0,0.0,0.06087033561474274,0.1806042596722883,0.0,0.023829744796983555,0.08471742964283104,11.16112344088163,9.546411095640853,9.396079971420612,9.64996428601933,9.754765389679692,9.522500200595436,0.21062161848211955,0.011889505976182354,0.18904373224347018,0.2089318631855474,0.03200583765767666,0.0871764940751976,0.0,0.23075013360269567,0.0,0.2414792214668518,0.3081996010923077,0.0,0.1752710589300459,0.0,0.0,0.43785645651937627,0.0,0.15271618453153643,0.0,0.1202847419356632,0.6887495799402557,0.0,0.0,9.520685351970572,0.0,0.18738167253069896,0.0,0.5149554310148133,0.0949349652418551,0.0,0.22185297441067456,0.017539067897868996,0.3195907942624719,0.0,0.07334225985765996,0.0,0.01651155065844851,0.05410621736146661,0.04889729710550897,0.0,0.1824250827880043,0.0,0.0,9.670241088839491,9.34626648969623,9.331657988335808,9.743103955268678,0.0649742497227787,0.22685021910257236,0.0,0.3568493444690941,0.2600093991154797,0.0,0.0,0.1940797143092013,0.14094639502923206,0.0,0.044841949332636646,0.0,0.0,0.11433902092736156,0.0,0.0,0.3276473600773112,0.017222178439402738,0.02404195449206129,0.0,0.0,0.2301791653822092,0.3567791608356684,0.019283548941953083,0.0
0.22604224746395216,0.0,0.027140532597965505,0.0,0.0,0.0,0.013862298120547177,0.0,0.23709631919332033,0.18772813116448755,0.0,0.0,0.0,0.0,0.03518822383455461,0.24569213248976784,0.0,0.0,0.2007683251854261,0.0,0.0,0.0,0.0,0.2438685609420071,0.059567995420655856,0.14198388048742097,0.408948868037001,0.0,0.08162878236092071,0.008473162763301623,0.03605981868180172,0.3155067506483705,0.4237735332869675,0.17723770622975416,0.0,0.07835091264402932,0.0,0.0,0.0,0.16035350312067276,0.08601148122851648,0.094408074886239,11.507845795557461,10.067128069336292,10.035089023006126,9.996284938069401,10.15575141196595,9.922648937951168,10.575383562255933,10.092600298944177,0.026808691527891764,0.010830123353754169,0.0,0.0,0.002514662956013182,0.0039086389108826435,0.0,0.0,0.0,0.12016674111804047,0.0,0.0,0.0,0.03859745715953659,0.20693817728299954,0.0,11.927777427050888,10.09191543094585,10.13657961378593,10.234488638837508,10.029119505416809,9.681699120455937,9.84848855457896,10.221334118197024,0.15649325648969747,0.0,0.0,0.0,0.07497609556356684,0.0,0.065018337055302,0.2848527749270651,0.10036120980345396,0.1763225884163578,0.0,0.16631912282336847,0.0,0.1640568914957244,0.16258810977572363,0.0,11.25829778744206,9.99175061409666,10.035089023006126,10.035089023006126,9.758438236284146,9.776604979907303,0.0,0.0,0.0,0.3359793175673342,0.0,0.0,0.27514902341949943,0.0,0.0,0.14706477315065286,0.0,0.0,0.07638723427252096,0.006238609661924806,0.0,0.007516257391307139,0.06568184675472567,0.0,0.0,0.25740703621894956,0.7461583009390292,0.21306513730721122,0.0,9.89514013927351,0.0,0.7233265084212206,0.0,0.03445537224125908,0.0,0.14221494635153176,0.0,0.0,0.20468818639556835,0.0,0.0,0.07723197322253228,0.13010233675050736,0.0,0.25332043202260596,0.0,0.045662763385889316,0.0,0.20784981296527952,10.800620461853457,10.167250695876394,9.951719550368901,0.0,0.2461487016691064,0.0,0.07901686618989538,0.13079708971366902,0.0,0.06721466959008329,0.014092162410200636,0.0,0.05032279929351886,0.0,0.0,0.35814387872556486,0.2568919736426892,0.03396510499726237,0.12905293753559627,0.0,0.03539603747753739,0.1939937086715108,0.2941911380124821,0.16471796065902383,0.0,0.11951195606480654,0.0,0.06335518212471195,0.0033453661330846833
0.08857626156951569,0.0,0.34008279523128476,0.031092136299665864,0.0,0.0,0.23935086575678388,0.0,0.15275091619568737,0.0,0.0,0.0,0.0,0.0,0.05587436317381485,0.0,0.237027201990483,0.06636803854858675,0.0,0.0,0.0,0.0,0.0,0.14529268083998334,0.27868169174846547,0.08760446883351279,0.0,0.13135249319831724,0.0,0.0,0.23039153697751202,0.02894302438142944,0.0,0.09213890134982917,0.08332560339154294,0.14423144121439255,0.02314392433318358,0.0,0.0,0.0,0.38389978613461123,0.13989348006810037,11.330121840454796,10.138585438859591,9.987173473555874,10.184302222154352,9.919490797498177,9.963642189097047,10.57950924282599,10.184302222154352,0.4128365190132103,0.23894947224675675,0.1974789302671788,0.0,0.0,0.0,0.10262967164543478,0.0,0.4253552165846341,0.21495175123885257,0.11063249807783274,0.0,0.05728065386321332,0.014035510504574127,0.0,0.0,11.69424866590967,10.089498669651139,10.247740991745825,10.256410217215505,10.184302222154352,10.207982494265895,10.184302222154352,10.380559896064769,0.0,0.0,0.2806611970789641,0.15047043705822888,0.0,0.026213424586540822,0.031438996967924925,0.0,0.27503418117093403,0.0,0.15592648266451595,0.11730796684124464,0.0,0.0,0.12951651526326913,0.42201886946324213,11.409835543249589,9.858129096946053,10.175289750816018,10.239773818826253,10.075105034159108,10.184302222154352,0.06526469317163343,0.0,0.0,0.0,0.062046965778328154,0.0,0.256665888220175,0.20916534633862188,0.1251047228441114,0.0,0.0,0.32053997710601834,0.10088620279884042,0.0,0.03289984321145466,0.43856978832493776,0.46262799025489104,0.0,0.0,0.1841572555118581,0.6029600638992194,0.13715943096149105,0.0,10.079580337256614,0.0,0.0,0.16471742100270376,0.0,0.16472295938972686,0.0,0.0,0.10029636419516974,0.0,0.516701951229162,0.0,0.0,0.19655855516581391,0.0,0.0,0.1961624102060564,0.0,0.0,0.29933629917030297,10.961466857315926,10.073500625735921,10.267029624155349,0.5444320337523333,0.22587043692002037,0.15638313232742387,0.0,0.0,0.0,0.0,0.22147163626791674,0.0,0.0,0.0,0.22170689917027653,0.31935141680568097,0.0,0.0,0.0,0.22400433935654385,0.09137813018021083,0.05181765685085819,0.2686063411641813,0.0,0.10317935345233419,0.12468890905935091,0.0,0.022149495987757627,0.17869784897089402
0.11184194093202676,0.11337954978901095,0.0,0.012507556326004058,0.12126367656798158,0.093667499453592,0.26057965790814175,0.0,0.0,0.0,0.03349143148187804,0.0,0.0,0.03615901152658267,0.0,0.018377304070450916,0.0,0.0,0.0,0.0,0.0,0.0,0.0,0.23381807759194653,0.3480254811800275,0.45290994534313345,0.25322796026993966,0.1929248511037227,0.0,0.4544345091259022,0.13389670847786417,0.24965096357611974,0.0,0.0,0.0,0.14820056715729127,0.012558596589777909,0.13154936812550436,0.03141052173878163,0.0,0.0,0.20302558324180991,11.29254626282036,10.367895874526608,10.190740214789843,10.190740214789843,10.42006069049997,10.224522903007887,10.526942610959585,10.247765850035018,0.0,0.013790526875494778,0.0,0.0,0.0,0.0,0.024768032079500034,0.2878624759117969,0.0,0.1252041581994679,0.05570572939748324,0.036702646857095934,0.0,0.0,0.1651605992822271,0.0,11.724218779813414,9.879125649584628,10.190740214789843,10.31421280956135,10.039245954835797,10.190740214789843,9.982242611775703,9.905094970166882,0.030801044087198262,0.03594611878570189,0.0,0.07341529335325708,0.0,0.18569213363482245,0.0,0.0,0.0,0.0,0.0,0.0,0.0,0.3112622095207583,0.23632422117432164,0.0017585006410489698,11.209007963650087,10.080250298203529,10.190740214789843,10.268324845160517,10.097258451235628,10.190740214789843,0.0,0.0,0.0,0.1758798111642331,0.1878693862308013,0.07883583917580336,0.4938180600483024,0.0043624854818382665,0.0,0.20985184373601137,0.2809282501952203,0.04898049604154455,0.3968564185003037,0.0,0.0,0.0,0.0,0.0,0.0,10.415864056256463,10.438122747516841,9.947104299566071,10.076084630435211,10.02426792253168,0.0764094947101863,0.08100197783260246,0.02270381334912055,0.002115688555876287,0.0,0.0,0.025333977145051003,0.20817946263205683,0.32680670041236365,0.383052228243141,0.0,0.1419655348762605,0.0,0.01211369750097229,0.0,0.0,0.0,0.12901837585141163,0.0,10.654069219800254,9.931086350601786,9.926347352891703,0.0,0.1091449597788642,0.0,0.27163656285876914,0.0,0.2754738203001985,0.02098178918998017,0.10686189364941355,0.0,0.0,0.0,0.1454000280429483,0.0,0.15318818230283032,0.0,0.030533761122437508,0.03247158534735026,0.0,0.0,0.0,0.0,0.0,0.0,0.0,0.0,0.28221715597152536
0.08913947101966442,0.0,0.16809827153269105,0.04923520933868197,0.13163919229672247,0.043628587575720704,0.0,0.0,0.04324893231927097,0.09375826916019243,0.0,0.20450877295621447,0.25604330708025286,0.2578242341911136,0.049107896566677814,0.0,0.0,0.001337516609683309,0.0,0.0,0.19118786091907625,0.0,0.0,0.0,0.04998432680870849,0.0,0.006813610321503013,0.0,0.0,0.04070972708110089,0.018099320704119074,0.0,0.0,0.2976665304845449,0.05550076064114684,0.0,0.0,0.09031460614954887,0.0,0.0,0.5436568749294767,0.0,10.78541599627632,9.781867922327807,9.80000769541793,9.80000769541793,9.454119637367489,9.80000769541793,10.105694642657662,9.654805623649121,0.0,0.0,0.08735292672637131,0.08791817356617783,0.0,0.0,0.0,0.17992257914611146,0.0,0.11804668970488161,0.18490340524752805,0.0,0.0,0.0,0.005687921122787137,0.05449900023773415,11.349344668049248,9.90087668665202,9.818830892865751,9.938568105307265,9.861743314868118,9.861162499820207,9.80000769541793,9.871279834999347,0.10394787186114689,0.0,0.0,0.0,0.009224903814166135,0.2269953780160584,0.1850104240138773,0.0,0.3058546872672325,0.0,0.049624868260783925,0.0,0.20050659796140463,0.0,0.04599887960163789,0.0,10.89719422889032,9.57772955262067,9.80000769541793,9.80000769541793,9.650376915430408,9.80000769541793,0.0855960702200475,0.08576997783132402,0.1716957083158206,0.0,0.03866877611199315,0.0,0.0,0.0,0.1779029345543369,0.04927691971070763,0.20372698343889176,0.0,0.0,0.10087896567597067,0.11974261590053548,0.17782612663076794,0.1293846845340385,0.0,0.0,10.054565689182976,10.308521312774616,9.80000769541793,9.80000769541793,9.80000769541793,0.0,0.0,0.2622585086288056,0.0,0.0,0.0,0.22546645900026285,0.10903928625540878,0.0,0.0,0.0,0.18348676569988454,0.0,0.0,0.0,0.09348212549950827,0.0,0.2275182962161371,0.0,10.229056369276995,9.582708697377912,9.906260955636892,0.0,0.06388647538912523,0.10900968792202775,0.12259755840993108,0.33459643734239,0.23605011341171928,0.0,0.0,0.0031252560843065104,0.0,0.0,0.0,0.0,0.0989776335959542,0.0,0.12341544428703449,0.1337643223391134,0.0,0.0,0.0,0.39797989450150184,0.0,0.0248019596560621,4.140911313739187,0.15659515739605273,0.0
0.0,0.2016183562609153,0.04422320959124816,0.0,0.0,0.0061793212350290515,0.0,0.0,0.0,0.0,0.23417907899673987,0.006962893201124917,0.0,0.009448095683710933,0.06612812847307475,0.3296084621420847,0.08677375069460432,0.0,0.25860897616469664,0.10395382061857286,0.0,0.0,0.0,0.0,0.12280578928725042,0.15263981554363837,0.0,0.07312923259569794,0.0,0.0,0.0,0.0,0.2061572221678926,0.43049285761403944,0.3972441126731458,0.3195497970842126,0.0,0.0,0.4630389041716198,0.008573095098175876,0.1846884901804094,0.12556306900600997,10.989557525435174,9.907355432042356,9.715681627180512,9.807651351823008,10.101872151597263,9.7533861064632,10.207718697995825,9.867357341800133,0.018179950488016204,0.0,0.0,0.0,0.01973772830834329,0.0,0.09592008520639374,0.07169762875995046,0.0,0.31151181569626935,0.0,0.32771119235511464,0.36437209978685325,0.28469119445681723,0.0,0.0,11.204917320512473,10.088569025225741,9.845299645728984,9.929276575214494,9.915595788850641,9.869620425723319,9.61802029963015,9.704364093185722,0.0,0.0,0.0,0.0,0.0,0.0,0.00015153045425126882,0.0,0.07658786391191719,0.04741810670678919,0.2623002173195615,0.009639090128832479,0.03746051497537397,0.2823871778586048,0.0,0.0009777978240920174,10.971943944654837,9.785703020052498,9.795023757829417,9.7123462989002,9.915629748282436,9.807651351823008,0.0,0.0,0.0,0.02143817460558436,0.04413649692797933,0.04691065380001642,0.39604377097123267,0.0,0.09212668891172933,0.0,0.28214397567141736,0.3301992383962568,0.0,0.0,0.11581390314274499,0.24356900993931918,0.17202659656054023,0.0,0.0,9.850140171966286,10.33636334656347,9.807651351823008,9.807651351823008,9.694270424788817,0.33614136554011015,0.32144935863791435,0.16027748507322312,0.0,0.02064079850096344,0.05100765436870097,0.09254348082140826,0.0,0.0,0.1567422410506964,0.0,0.15146137974512536,0.0,0.018616088332308774,0.026508604170082845,0.06189570497957405,0.05264795522504224,0.0,0.09618689079836232,9.973804652188921,9.807651351823008,9.896212407458115,0.0,0.0,0.0,0.0,0.19511653751342478,0.25861685143709773,0.2517358315098693,0.14496816654597078,0.0,0.10498352428539089,0.15467684484297253,0.15200377927156933,0.0,0.0,0.07855160686918719,0.17644123831243677,0.17765294883257635,0.029651826610183105,0.04066855411557516,0.0,0.0,0.17466828022574268,0.0,4.347165740810552,0.0,0.0
0.02380226536072854,0.04759728104841679,0.17612919026396948,0.33389714949333416,0.3767000516689967,0.3334115439987656,0.0,0.0,0.27194597594333314,0.0,0.0,0.012180830438325926,0.12026759611214966,0.0,0.0,0.018202069155186303,0.32426876830979884,0.0,0.20578585738056004,0.0,0.04663164652023909,0.2342972534091194,0.0,0.15108977595752726,0.0,0.1325959018770305,0.017990442036575877,0.3908357124504403,0.16746028853456954,0.0,0.0,0.2155013572641322,0.36111994759465854,0.0,0.0,0.25549356636544174,0.0,0.0,0.0,0.03182109997997036,0.10610168758625511,0.11700840462573356,0.0,10.179575475978709,10.072476976497903,10.113326368145643,9.977849023272825,9.992109098450339,10.369635331152672,0.2298102742668912,0.0,0.0,0.029413593583175583,0.0,0.0,0.0,0.3970769264370472,0.17209331082210927,0.04316003046763192,0.15059593454436748,0.0,0.0,0.0,0.051931104161397096,0.013765361086232936,0.2692697954279284,11.42209527512267,10.175993706822117,10.00418468377817,10.346659825322282,10.14546646118004,10.101095915165772,9.845457767196113,10.113326368145643,0.0,0.0,0.0,0.19036591488154334,0.0,0.0,0.22421712529916926,0.15975266715435046,0.18535963987450307,0.0,0.015698665381119376,0.20669233792778563,0.18630329017704697,0.0,0.0442197521362235,0.0,11.525230672890089,10.113326368145643,9.990803432672895,10.125896568874948,10.060759502964142,10.04442377123943,0.13583265919323972,0.3569302943767069,0.0,0.18090250479801084,0.06463613875153854,0.03089077733957197,0.07550392918050029,0.2800901342108673,0.28279765297324705,0.14761498057738912,0.0,0.0,0.2641577242199558,0.0,0.0,0.09664812644565496,0.21477213779063165,0.30319135428078486,0.0,9.959863706485113,10.450484322613441,9.625933553982795,10.149361583448071,10.135489635569314,0.07457135316726574,0.0032170402964554513,0.0,0.12415984402419099,0.10255146739449436,0.09660856226235423,0.0,0.183642697427317,0.05182477143532711,0.0,0.10407806932105658,0.049590723652923614,0.0,0.10619715304025915,0.213442458932829,0.09002202057892747,0.024347340799907982,0.11971365694065397,0.0798916785592309,9.840022997374293,9.931641908352235,10.113326368145643,0.10263834296731904,0.10614387648067562,0.1880515358996704,0.0,0.09906393509069507,0.0,0.0,0.1316848820672176,0.07402438452603723,0.29489966838356113,0.3633237963785261,0.32270191759244177,0.16622347771616824,0.1938465986664301,0.0,0.0,0.0,0.0,0.17248117838691257,0.027075509903790197,0.0,0.0,0.24691800235199252,0.07566431650208587,0.12051067856221627,0.03351603897803111
0.0,0.0,0.09351248748692217,0.2585316227009204,0.42120889619609403,0.0,0.4095383965263643,0.0,0.0,0.243347458662464,0.15141017887015779,0.16127858198344727,0.0,0.03564563151788672,0.0,0.0,0.0,0.0,0.03689940043708286,0.273055268388031,0.0,0.0,0.35106790570428015,0.0,0.008602325750808888,0.0,0.0,0.271660604103965,0.0,0.0,0.0,0.1364436935510468,0.32167437602751925,0.18754764917177907,0.0,0.07033955352967677,0.0,0.03835086680907941,0.03092671970952046,0.1328462971487063,0.0,0.0,0.0,10.065444495859456,9.691907702322622,10.019702462857488,10.019702462857488,10.019702462857488,10.051135667580787,0.061294874209079614,0.0,0.0,0.0,0.032354369600375285,0.0548444648273676,0.19570526531766955,0.0,0.0,0.0,0.0,0.0,0.0,0.0,0.0,0.01866869773049201,0.04831409667240781,11.72232088279746,10.32955018061156,10.09110345752673,10.328734035515202,10.368507883734539,10.019702462857488,10.019702462857488,10.303143572632484,0.0,0.0,0.0,0.0,0.0,0.46595426080147734,0.15149785216656084,0.0,0.30142742996538185,0.2839128691339449,0.16154448767440885,0.15829636670730066,0.0,0.08947714285926289,0.25885788248789665,0.31454453886139966,11.275250319302167,9.71761569220258,10.019702462857488,10.08587160335266,10.019702462857488,10.019702462857488,0.19872529118837523,0.0,0.18525691939093705,0.13198442030767152,0.0,0.45310337636204034,0.04426689369855953,0.0,0.0,0.16089372224619372,0.0,0.10893551736748751,0.09847036638891718,0.0,0.0,0.14671887744833154,0.0,0.06669641610996581,0.0,9.858041273279529,10.126853335112768,9.80283790191025,10.08643738851478,10.071504054945768,0.0,0.0,0.09718258670355791,0.0,0.09069141076338667,0.2946724894537011,0.09290675362295374,0.0,0.42124078449119173,0.0,0.0,0.0,0.2849693545570866,0.21233393020047922,0.14486422938423582,0.1604865616576278,0.0,0.20066523142115048,0.16481235480292414,11.062677761578914,10.366115106887506,10.09715582860347,0.0,0.0,0.0,0.0865931103211976,0.0,0.08181760773829239,0.0,0.33206676801698065,0.0,0.0,0.0,0.0,0.295953845664791,0.0,0.0,0.18181852139644913,0.0,0.12896154193180775,0.46075904214236313,0.09324919543803589,0.0,0.0,0.4183476429220368,0.10330719048315355,0.26125762896274884,0.09556343053296339
0.2368636700524425,0.11780856933231845,0.11262447280479536,0.0,0.004889030990734518,0.0,0.07354001762537812,0.0,0.0,0.022129268954309597,0.0,0.1800275240423058,0.2016960419903222,0.39658403499829287,0.0,0.0,0.23259238007732297,0.0,0.0,0.020482238198311922,0.09170849724854693,0.42903663173328765,0.0,0.2630821624299149,0.0,0.0,0.0,0.10822261920479181,0.0,0.06646742267044349,0.0,0.03357703578670127,0.14642875094737684,0.0,0.06694962556591637,0.05616033660365363,0.0,0.0,0.0,0.3914729757770573,0.2741496116707637,0.15858706218190635,10.87407207351524,9.883423986329802,9.883423986329802,9.883423986329802,9.58326093118955,9.902305457816832,10.331366939415743,0.11417307549107629,0.0,0.1689546914668399,0.0,0.2265725993230564,0.0,0.13008488668197424,0.3568403678241034,0.011161081516338387,0.0,0.0,0.18452098842773063,0.0,0.1069364780756622,0.0,0.0,15.05783878880245,11.31977576467235,9.72729117967511,9.883423986329802,9.857421904545765,9.691824162836808,9.883423986329802,9.880840837093396,9.859877851720437,0.4004164765854482,0.0,0.12029752262362145,0.0,0.2179269090926696,0.16886859554793024,0.0,0.0,0.1457530244268696,0.0,0.0,0.0,0.0,0.38377889829665957,0.0,0.291391150032639,11.37997806318674,9.705824768055574,10.084206266533451,10.151007558874825,9.993166556200869,9.883423986329802,0.0,0.2566123264481542,0.06065838978535147,0.0,0.0,0.054440980144699426,0.0,0.31839632283753166,0.0,0.16190337831079593,0.010156527009137679,0.0837943901201183,0.0,0.0,0.0,0.00045046110761866087,0.04218722317534543,0.07526780345398726,0.3013382782879301,10.226807363542447,10.1329118355711,9.66977310490361,9.786376014906521,9.624498478656037,0.0,0.0,0.1539864809756996,0.11360642118677168,0.13906469047325687,0.29137767584041757,0.0662662915890739,0.0,0.0,0.2745527923875108,0.0,0.08968438990166204,0.01178679610567079,0.1645843202475908,0.0,0.0,0.0,0.0,0.0,9.923085863767083,9.883423986329802,9.838974062070495,0.0,0.03251865397157523,0.2848343005507499,0.0,0.0,0.5590103857114492,0.0,0.0,0.12437631415096691,0.0,0.004175412393540149,0.0,0.03635252867754074,0.0,0.32482622980614073,0.0,0.1569561578353091,0.1392337755950028,0.0,0.0,0.0,0.11797830434465327,0.17211013224884056,4.007688822121838,0.0,0.3194956732707277
0.016055806603887734,0.11015219247857615,0.22902766396294633,0.18573889885835682,0.07759062709606292,0.0,0.15710526344986242,0.0,0.2245791820380943,0.1282863731065698,0.22338635405623572,0.0,0.0,0.1922308161520378,0.003914897776146299,0.0494070138946761,0.0,0.19418522665377813,0.10115033731382783,0.33830651370518067,0.06017668678494453,0.3037346973289694,0.0,0.11262505885690413,0.0,0.049199538347526335,0.15530582685025468,0.0,0.0,0.0,0.0,0.0,0.006206499393737773,0.0,0.1317620135077187,0.3281500105647338,0.0,0.0,0.0,0.030564976342217096,0.16030465759052048,0.024987676923260205,11.147776038361243,10.397781643710939,10.123723210877023,10.440640399823428,10.440640399823428,10.239029821568309,10.392695634295992,0.0,0.0015562159814560491,0.17763422308826254,0.03864035340899773,0.07492665525278246,0.25400672243762706,0.3056298192203228,0.19944717687802677,0.0,0.0,0.3382246495893882,0.09344103163703116,0.0,0.203893486172765,0.0,0.0,15.692929596196882,12.022836121931002,10.16136507664205,10.521217970107372,10.752419499945317,10.699278490601358,10.351385459775154,10.440640399823428,10.449548496085646,0.06759447012879342,0.27135335908969566,0.0,0.2393812831945775,0.0,0.017774780353573532,0.017669674806168684,0.0,0.0,0.16986001801566394,0.0,0.11967316162661881,0.38809448802483687,0.0,0.09635266998585268,0.0,12.250139432134198,10.440640399823428,10.440640399823428,10.512505968362365,10.541538250971332,10.27523835331152,0.0,0.0,0.0,0.0,0.0,0.0,0.010524631518660068,0.0,0.0,0.0,0.0,0.0,0.0,0.11827123309368062,0.08433055003307906,0.0,0.0,0.0,0.15917507700210365,10.185645270746935,10.657323437818288,10.440640399823428,10.440640399823428,10.209976399396632,0.2756659430270491,0.18110801814542407,0.18244877073096435,0.004316081124238366,0.10467423043499761,0.0,0.0,0.07393761120311883,0.0,0.1014480434455117,0.13432169980364728,0.0,0.10290874670135035,0.2142022871597129,0.07825483090271075,0.14821669756959113,0.0,0.0,0.0,10.683476526950043,10.587946301856626,10.799535693534821,0.139490520819843,0.009607161469760676,0.05189856602093399,0.07689337134966683,0.0,0.0,0.14160029500624277,0.2756701155346334,0.2385317815182594,0.10006657658519855,0.0,0.06786187680266022,0.0,0.0,0.0,0.0,0.1839430499530588,0.31390332572004254,0.0,0.0,0.0,0.0,0.0,4.941671108351982,0.0,0.0
0.14486403405809062,0.10237026946710856,0.0,0.028296899490941392,0.09664810517883515,0.0,0.0,0.0,0.0,0.006478906198705981,0.09621014893088368,0.0,0.0,0.0,0.0,0.07944506273900602,0.0,0.06982733143443903,0.0,0.0,0.0,0.18710344764809766,0.03568377450600471,0.014489954901610088,0.0,0.0,0.0,0.0,0.0,0.0,0.0,0.0,0.057630172290963816,0.1031515172918984,0.006475852724291725,0.0,0.15313782910001478,0.33536687468979676,0.0,0.012534785564490163,0.1903356261022364,0.0,11.200518778641667,10.359787451435976,10.221501532915548,10.233188474408832,10.265131350941994,10.265131350941994,10.545046102385186,0.0,0.13454683673747492,0.0,0.0,0.0,0.0,0.18157280746281806,0.0,0.051516501153049385,0.0,0.2413868289838196,0.07762341605666048,0.0,0.0,0.0,0.0,15.47491670439066,11.557058924558078,10.265131350941994,10.265131350941994,10.429411543391309,10.39208903372605,10.265131350941994,10.022608550918726,10.364697209655152,0.0,0.0,0.04485147751450105,0.0,0.0,0.3175370386773577,0.0,0.0,0.0,0.0,0.0,0.0,0.0,0.0,0.23641504335845262,0.015139155792777394,11.661564366172364,10.299638942701963,10.295510340288509,10.332570478042486,10.124338604264794,10.254692950079297,0.0643986461976414,0.3226685598483225,0.18468707731583472,0.14047102997423574,0.058157045565776264,0.2867825612350702,0.0,0.19274153849572712,0.0,0.0,0.0,0.0057705440195240315,0.2551589764986065,0.0,0.0,0.08368960105313583,0.05592080782420446,0.012056067659426701,0.0,10.265131350941994,10.578006992641885,10.265131350941994,10.310451220379168,10.265131350941994,0.0,0.23807823348953056,0.0,0.0,0.0,0.0,0.0,0.08487194541865503,0.35257936630846043,0.21257243427713796,0.13550335624063076,0.0,0.0,0.0,0.0,0.34265743118540615,0.11890709624026259,0.0,0.10524464835502786,10.794230912219584,10.054112676085206,10.512727189313697,0.0,0.0,0.0,0.0,0.23092257357070875,0.025533933994054972,0.07102538004880907,0.0,0.0,0.0,0.0,0.0,0.0,0.0,0.18227513283588037,0.06323528804898412,0.13191968089691886,0.19416188524372524,0.0,0.0,0.0,0.06352310015111544,0.0,4.8173681983949,0.13621474101024775,0.0
0.20857245536374805,0.22761657588411416,0.053989773430728825,0.24244555178467353,0.015893834356579727,0.0,0.0,0.12047793137744474,0.0,0.0,0.0,0.13794445157640586,0.0,0.0,0.0,0.0,0.0,0.17342300219878679,0.10884996512941707,0.07562211904195487,0.0,0.0,0.0,0.0,0.02063273324796362,0.14434036703633493,0.23584275274641117,0.0,0.059491671248705524,0.4151763404361119,0.0,0.0,0.12502504172317783,0.3361837922364553,0.0,0.0,0.0,0.3073240700270154,0.026743587193073536,0.0409432710184501,0.20479809002261792,0.0,11.002476720238876,10.000461314519626,9.834806682722235,10.283552956044367,9.996262533462385,10.283552956044367,10.642327640921234,0.0,0.14125990941017652,0.0,0.0,0.0,0.00018310159269890834,0.38859870095396254,0.2212781943085971,0.0,0.27917212247415285,0.0414645524545177,0.2880267241456179,0.0,0.0,0.0,0.22577315300908407,15.717267098741111,11.73657404487028,10.377082849491545,10.33353567027152,10.21267124233465,10.532490390834043,10.098853427312397,10.337177554909205,10.199400323581996,0.0,0.09858181307739322,0.0,0.0,0.16297070416258236,0.0,0.0,0.13683887595079303,0.0,0.1180937112396225,0.22077460490938744,0.0,0.13431602825381359,0.0526823280161029,0.22741238138359737,0.10616834626323493,11.695077943228677,10.226350149352527,10.212380019364389,10.213307059559595,10.314782622411993,10.222567764628069,0.0,0.0,0.0805271451240962,0.15911003165503862,0.035599869514005886,0.15853230818205954,0.46336900537304376,0.0,0.25845994381390003,0.0,0.0,0.0,0.18288766898539321,0.0,0.0,0.07381832343615469,0.0,0.04420618343858241,0.09679733949219028,10.283552956044367,10.64944306262601,10.107405715458293,10.283552956044367,10.141826727502279,0.0,0.13322061654705875,0.0,0.0,0.0,0.13303078346430874,0.0,0.05619269031463404,0.14464231897007807,0.0,0.168106469666441,0.0,0.06666855839778481,0.0,0.0,0.0,0.005477833473922999,0.0,0.0360932330661577,10.786050549788865,10.35951565662854,10.467542022457705,0.0,0.0,0.0,0.15416465291529935,0.023606982214108993,0.14281149497462858,0.19799859893422472,0.16935902831212973,0.0,0.12438445602912998,0.0,0.0,0.0,0.23708158359430723,0.2489661412510955,0.25566155444063604,0.0,0.2564605765227011,0.22952832476825646,0.013237508186158698,0.20729669323577668,0.0,0.04461175955185023,4.012774999094836,0.0,0.007982877801821001
0.0,0.35795790478141865,0.27907557692355484,0.0,0.15075849546877468,0.0,0.0,0.12812582967225006,0.0,0.27662576017542195,0.033122323404498555,0.2389230039297784,0.0,0.0,0.0492986891077673,0.0,0.3174046454513894,0.14922461263027142,0.0,0.11412527608497881,0.0,0.09613619512839637,0.0,0.0,0.0,0.10856181125647879,0.1036998332295207,0.14400604283804175,0.12314075327302032,0.0,0.1345758091160473,0.4808740162514899,0.22402952150162872,0.3556138895302293,0.0,0.0,0.0,0.0,0.0,0.0,0.0,0.0,11.36464290758107,10.656471493587379,10.436681544347207,10.436681544347207,10.28896278427214,10.349609125664548,10.976721032175606,0.4332021091752842,0.0,0.5652140010568829,0.17582954183629082,0.26948210102462816,0.0,0.06807355873927312,0.24240337628784733,0.0546232812272896,0.04345258117799628,0.15242570982750273,0.1510782846743464,0.21030183472270725,0.0,0.13217127015032415,0.0,15.565790779714906,11.828656220196953,10.395863954433455,10.460076758376756,10.436681544347207,10.734622530671619,10.434780871702381,10.352018464096082,10.416688395790935,0.062401983631357835,0.08472926819635451,0.0,0.0,0.0,0.29313716500381437,0.3882319574873474,0.08144963995905481,0.27646286974351086,0.22347982478728723,0.043946171361736515,0.0033282488276850605,0.07241495764889072,0.0,0.2478832359062081,0.0,11.995689475525836,10.436681544347207,10.193295602840514,10.436681544347207,10.526978353577793,10.343029808398107,0.3726280423432991,0.0,0.0,0.05916249147369824,0.473173269870221,0.0,0.0,0.0,0.0,0.0,0.0,0.0,0.051273642557424406,0.0,0.030588633849210744,0.01974056746823455,0.0,0.240519643692054,0.0,10.34695927574872,10.573083887018765,10.436681544347207,10.432731173366548,10.421688893248833,0.0,0.0,0.41679472720037514,0.4080051871986387,0.11367882000381084,0.19745683454918217,0.04202188359546512,0.1256065068718581,0.14788579734131185,0.16413780488489974,0.0,0.0,0.048230636447405065,0.0,0.11561178686822979,0.11841718754232967,0.0,0.2411683476017569,0.1332585128682579,11.011437728778208,10.169634214037828,10.55334452565685,0.2201074204484161,0.0,0.0,0.2531057167315739,0.0,0.0,0.0,0.0,0.0,0.0,0.017801171127900656,0.3075586815013782,0.22947554012810106,0.0,0.0,0.0,0.28366607021386503,0.0,0.30916553610985803,0.5485175856782061,0.0,0.0,0.0,4.645048476716511,0.0,0.0
0.4687230308474197,0.0035257312059280605,0.0,0.241163526553997,0.008299841639116783,0.0,0.18097348744873035,0.04221364162272789,0.06552720440477991,0.0,0.0,0.24592443688962126,0.3145625405651399,0.0,0.18477069077164304,0.12574918774343938,0.0,0.0,0.10165346236144211,0.0,0.0,0.2647362817004784,0.0,0.09008004619683531,0.30951462462020607,0.26287110159445926,0.3551099809505287,4.690652651564684e-06,0.03842406718349958,0.01693673363333732,0.03035359942532168,0.0,0.0,0.003399114700047937,0.0,0.0,0.0,0.014337169774139898,0.0,0.21336850163399806,0.0,0.0,11.015075714633626,10.414870704636819,9.8642801645436,10.106788828728455,9.979780528094121,10.019471449127844,10.498848858062352,0.15631742550489497,0.39839289069372275,0.10958598257171345,0.0,0.0,0.0,0.0,0.31575634718810885,0.0,0.0,0.17037791058727336,0.1295234340491687,0.46205401159548476,0.11220654386328553,0.22171082226205244,0.0,15.20907322196189,11.36483548805628,10.098590238878206,10.002718257163593,10.098590238878206,10.370235170605172,10.098590238878206,10.103496007104033,10.098590238878206,0.30325948006065184,0.0,0.0,0.0,0.3728804293789647,0.0,0.0,0.0,0.03530652781972184,0.0,0.0,0.0,0.0,0.19243707576092506,0.31674904636932555,0.0,11.474753960637695,10.15255893586992,10.058979672076033,10.098590238878206,10.188442779275428,9.999906508782802,0.0,0.4487213760539994,0.0,0.276440825821025,0.03668124802229456,0.1176354775439207,0.0,0.0,0.3124746720180287,0.09549515018927478,0.09932293699302794,0.0,0.31847642046301633,0.0,0.12401611365152776,0.07256344311281533,0.025065805436421243,0.0,0.0,10.098590238878206,10.371742640472782,10.098590238878206,9.91390584864283,10.098590238878206,0.0,0.31943841163224634,0.020787188510507006,0.19908955949398646,0.3028412206542263,0.0,0.0,0.0,0.11195602517624043,0.0,0.0,0.1189747476606178,0.0,0.23707422043843315,0.0,0.0,0.0,0.12247882775889823,0.2535557021450313,10.607872846314486,10.192902310757992,10.090972082350232,0.04708786597310577,0.11931427152552493,0.0,0.0,0.11997640279091545,0.0,0.25778334076424514,0.0,0.0,0.0,0.0,0.0,0.3396610592423826,0.0,0.0,0.20673010700140282,0.0,0.19534424374626974,0.0,0.30142935212767685,0.3126521075569965,9.938334118158132,10.098590238878206,10.177064096815977,0.0,0.0499052530824803
0.410696375320449,0.09495040179092204,0.0,0.10391046712591617,0.20027572413858388,0.0,0.014982704163716179,0.0,0.0,0.0,0.0,0.03411045545695719,0.0,0.0,0.0,0.0,0.10937336507882081,0.0,0.0,0.0,0.0,0.062341397737564364,0.0,0.3380914548909483,0.1361198589867186,0.21342268961838087,0.0,0.1895046244880199,0.22802827805007478,0.0,0.135498974689458,0.0468300815792374,0.12259248843615718,0.0721120981057723,0.5297464033266447,0.02255004475080972,0.03671931342465308,0.011791098645107976,0.0,0.10325013836610275,0.0,0.0,10.845049982125097,10.040981157187431,9.709978504403088,9.97278725478502,9.462882597233415,10.012165618576173,10.467738312700222,0.0,0.09480917164222202,0.024757028904548516,0.08753738788469274,0.01750219632361526,0.15348521598057327,0.0,0.0,0.0,0.24627701959998013,0.21318855396317055,0.0,0.0,0.25917463103287197,0.0,0.0,0.06011960182323557,11.511911430235429,10.262679348174556,10.048824198067322,10.012165618576173,10.144057687418263,9.43677346969042,10.042764059364131,10.012165618576173,0.1366292796750518,0.0,0.0,0.15165587976112016,0.5122703677628323,0.0,0.13637114895282137,0.25535031762972404,0.09187344641291158,0.03609892013997758,0.0,0.2562243150412254,0.11370710589826795,0.0,0.0,0.2372436367148745,11.207269078194008,9.85179838700579,9.965390290488765,9.730782068258504,10.077108098979718,10.16136351442839,0.2989936596818601,0.07993403169007178,0.0,0.0,0.0,0.07869374144334076,0.0,0.4557256842870594,0.0,0.0,0.0,0.35077052075922127,0.0,0.20923110020573568,0.34568645885632215,0.0,0.46908068006616316,0.0,0.26783957920201934,10.012165618576173,10.032207330107669,10.012165618576173,10.012165618576173,10.012165618576173,0.05399297989096677,0.0,0.20148131606979894,0.0,0.0,0.055039310374200116,0.09004339021151606,0.052993668932888836,0.010237618421959437,0.0,0.005397748655681878,0.06238692064516694,0.0,0.06293756207435783,0.07035911507495606,0.13127929615292167,0.0,0.06902818714050671,0.0,10.753488034421395,10.240431966742499,10.149877870932173,0.0,0.0,0.37444386779152217,0.0,0.20916829928561215,0.0,0.0,0.0,0.10851176866955486,0.1273180383031094,0.10291151766088771,0.0,0.0,0.22810626036979884,0.16633920054394677,0.11208986816484758,0.016427913230247698,0.0,0.0,0.21286115690058516,0.0,10.09065074517307,10.012165618576173,9.713025419071714,0.016759769313386973,0.0
0.0,0.0,0.03047277227889096,0.0,0.0,0.0,0.20330885354288117,0.03839595027697133,0.0,0.0,0.0,0.05218505432234781,0.2029849036157086,0.15287428775190123,0.05381061142282838,0.0,0.0,0.0,0.33914725597689976,0.1170010225806184,0.32519409160624185,0.0,0.19321220463612798,0.03676425872333851,0.0,0.030720415038678305,0.0,0.0892341387269987,0.06237163158515272,0.0,0.0,0.09308199438443368,0.09479393997632199,0.1625795154369774,0.010407799790094678,0.0,0.14310589600207663,0.10154683810298866,0.2414451903071317,0.0,0.0,0.0,11.431788651188516,10.505352310942435,9.921874489815236,10.154468714743315,10.23079542928644,10.192273259054893,10.551790670020075,0.2657680384689483,0.0,0.02706482470095257,0.16389197950947196,0.2736464841718641,0.0,0.0,0.48362939205741945,0.0,0.0,0.10987059479893488,0.0,0.0,0.07693859917266248,0.0,0.0,0.29865059103998254,11.463838745538093,10.129885175999055,9.761905785722757,10.129885175999055,10.398497678034424,10.129885175999055,10.129999305402373,10.019056198092713,0.1824177887486418,0.0,0.11131162710425124,0.4585213924705133,0.05661318167820438,0.11635790707359298,0.04445274047593342,0.0,0.17869998473332682,0.0,0.023323282500293675,0.2279096133484256,0.0048016069428316824,0.0363387839579566,0.0,0.0,11.590346141631155,9.948957819968204,10.129885175999055,10.059776357123447,10.319325999060947,10.129885175999055,0.0,0.0,0.013017185358892144,0.0,0.0,0.0,0.0,0.203778408188642,0.0,0.0,0.0,0.0,0.303779689007647,0.08131683587163847,0.23730797944336002,0.0,0.04507619602234053,0.10576774402062276,0.18169205408443784,10.129885175999055,9.824718643849655,10.235011674180223,10.242275784290328,10.177582874718214,0.0,0.18888160241334492,0.059640801723480234,0.17433778472274622,0.0,0.39777561491870544,0.0,0.0,0.0,0.0,0.0,0.0,0.09406436103303452,0.09104544385551763,0.0,0.2820757513684855,0.0,0.14592872631817694,0.0,10.307627875085286,9.826849933477487,10.266886894983346,0.10663506061007658,0.09933632278376814,0.04357608736783214,0.03841373310365432,0.0,0.08736923499992422,0.0,0.0,0.037026939310494805,0.03393336405436097,0.21814407082091258,0.029162813413124766,0.2288320145158363,0.15901068846996413,0.0,0.0,0.0,0.1349171396629088,0.0,0.15571424042603021,0.0991882005027698,10.196019109152529,10.15112811612539,9.920779599115138,0.0,0.0
0.16805707555138508,0.09869030595334734,0.035542577292173666,0.0,0.0,0.0,0.0,0.0,0.0,0.07576698782751294,0.0,0.0,0.0,0.0,0.0,0.20355074096686365,0.0,0.0,0.0,0.04844262254688091,0.07157333651886894,0.0,0.11419684499048205,0.0,0.0,0.22631264918170074,0.27690276047923,0.04179417089144649,0.06867475873380377,0.0,0.0,0.0,0.19255908816963918,0.0,0.0,0.0,0.3315816494944777,0.0736594191700358,0.08508701747309949,0.28851147677421163,0.35982901695098757,0.02011980663632224,11.022972567711555,10.134439898214202,10.017243784030045,10.017243784030045,10.017243784030045,10.017243784030045,9.962006216435993,0.0,0.21373389923708355,0.3446064720249655,0.0,0.06466716335255052,0.0,0.0,0.07530582027805122,0.05591170692546943,0.0,0.0021278881518657453,0.3757021945661828,0.25671598743019686,0.0,0.12241963558423276,0.1278904659099598,0.3477567493518693,11.368295682379353,9.967710201716189,9.874534269046826,9.808955081321137,9.938734761833933,9.9152620011373,9.78984466110398,10.080858505251905,0.31070835028248095,0.1700921586553103,0.0,0.0010500092790053696,0.0,0.052908793944878296,0.041171619906971935,0.19081650410978876,0.17632183629486123,0.3985205036204419,0.21855768965971023,0.0,0.22259253633319695,0.0,0.0,0.0,11.283220457227287,9.756646732859739,9.828745467190501,10.017243784030045,9.947298302987592,10.017243784030045,0.183427990109655,0.0,0.23653662102765244,0.25930166107186137,0.0,0.023673221270108083,0.2025031140799966,0.0682882002541322,0.10165799265363375,0.17434883034131887,0.0,0.0,0.0,0.08811871520871989,0.20401915538944795,0.1668206566330051,0.11150406010369728,0.4099999817817199,0.23429076825631148,10.091399397776534,10.30916196274871,9.774393395523258,10.058590609016981,10.0597830019386,0.0,0.0,0.0,0.040055408022423446,0.0,0.033023866039561145,0.0,0.0,0.1547583173591915,0.19445423921525576,0.062336069807307146,0.018144666303106568,0.1920660016207767,0.34006988403561056,0.07418901122197971,0.09606160449058389,0.07447389932565096,0.0315340597351778,0.11332483793975312,10.23981587924527,9.843580270897096,10.017243784030045,0.10003225366902593,0.0,0.0,0.0,0.0,0.08261330401931014,0.060109795955418384,0.38282035297288397,0.0,0.0,0.0,0.0,0.0,0.0,0.0,0.07035725346487838,0.0,0.11885391708692464,0.0,0.3543100320109508,0.0,10.017243784030045,9.794043953515635,10.067197125493687,0.08589873095437174,0.0
0.223384393756475,0.0,0.42477655822863664,0.0,0.0,0.027782359134644552,0.001211623396883885,0.0,0.04764542704005176,0.046281310956692266,0.0,0.141854626850898,0.0,0.009283096938680397,0.0,0.09012186067740001,0.0,0.2635708513811352,0.046483317048570075,0.020468843747682913,0.0,0.0,0.05093404941132473,0.0,0.0,0.0,0.0,0.0,0.40233834321213136,0.0943533593241942,0.0,0.2196843898556336,0.0,0.0,0.19274041587047527,0.0,0.0,0.0,0.0,0.0,0.0,0.04049930065528734,12.127130948314973,11.036730929283424,10.599789674570983,10.583047460376083,10.755038159549157,10.755038159549157,11.098196040484908,0.37382362901279,0.28233632403585496,0.49380209427552413,0.12377217106488697,0.2462597436079831,0.0,0.2558070782026913,0.0,0.0,0.0,0.0,0.0,0.17723796600915404,0.02961700758796648,0.2551624182684928,0.24043696334993278,0.20834542666465422,12.072877884095647,10.790055933066308,10.815324541009497,10.288870530502926,10.65586772486831,10.755038159549157,10.70391861903262,10.755038159549157,0.17268420258152128,0.024685336660935614,0.0,0.0,0.23779850597873833,0.08112290235712245,0.0,0.0,0.0,0.4196025869056366,0.0967388690751215,0.14278531728556834,0.0,0.32080755334056715,0.05689033051245525,0.25058510939353196,11.93043655455651,10.755038159549157,10.437714793058433,10.771875718178439,10.887599501840903,10.782393310316595,0.0,0.0,0.0,0.10287049425770535,0.0,0.0,0.01367838505253216,0.07477836830231405,0.12009903108100006,0.0,0.2872721183395016,0.0,0.10340983823705881,0.030787021339108413,0.024963651676466206,0.1309730198130141,0.0,0.0,0.12680195185160192,10.725081721785598,10.971453995278344,10.885494939040669,10.674812898934968,10.755038159549157,0.20821567889504228,0.0,0.0,0.07797933910202712,0.2652170889515534,0.027477968107365098,0.0,0.0,0.0,0.0,0.0,0.0,0.3342926460070439,0.0,0.20215569667732286,0.0,0.07742952668829321,0.045158728502059785,0.19319507927846466,11.429283621659486,10.943778806737035,10.558859592695914,0.09881217715333954,0.10319741178266639,0.0,0.4801169944270203,0.0,0.07740760772547693,0.0,0.0,0.16097653455800875,0.025314437291790184,0.0,0.12356616072697901,0.08676148146127945,0.006103822892484793,0.33727870608840405,0.0,0.0,0.10142653174035955,0.22293070885493912,0.0,0.23092817778879676,10.790234724924014,10.585443085481328,10.774548841480135,0.0,0.0
0.21740185132083964,0.16031283781553224,0.00019088742401189064,0.08300463437272433,0.0,0.10381754229511066,0.0,0.0,0.0,0.017198180336410077,0.0,0.06018184540114043,0.0,0.026579705461815106,0.0,0.008996120889339673,0.3934091293930655,0.13270421646441077,0.03372653510066976,0.0,0.0,0.028635022519344074,0.2936202610124882,0.1563936871318648,0.06265860027908224,0.0,0.22230700294144512,0.0,0.35897284272918895,0.0,0.0,0.0,0.0,0.0,0.0761429725859002,0.0531097350820443,0.031428067836179095,0.0,0.19685248162462524,0.0847870789916033,0.08416451188796899,0.1235668598144506,10.825444046048501,10.069288357711331,10.01787912215873,10.002073425797022,10.047206892086606,9.795900990630548,10.322243581740697,0.010562183656455762,0.0,0.0,0.0,0.11679103624358288,0.006450874368892317,0.3606324603138882,0.0,0.0,0.10001603746659604,0.0,0.2606859683277708,0.0,0.13416074960532248,0.0,0.0,0.0,11.029893065402458,10.00299873605874,9.708820223662348,10.09264213349951,10.187874894487681,10.00299873605874,10.06850460959174,9.84816095047875,0.4463136263008236,0.0,0.0,0.132379429476209,0.0,0.14647292114474036,0.0,0.0,0.2580010217899819,0.026341793691866094,0.08240892454620942,0.0,0.029803878764386747,0.016774111205103113,0.044577161936442435,0.1774782307251972,10.978309266713804,9.87140041947511,9.832576543666454,9.710942379162422,10.10537517080553,10.00299873605874,0.13855224907274372,0.0,0.15119483719905052,0.2608938010621394,0.0,0.0,0.0,0.01239429086341684,0.0,0.0,0.3211715934399287,0.0,0.07270502526344735,0.11546680886189845,0.04608088204274284,0.1755917078939274,0.08077322848469476,0.0,0.14005931892721882,9.828809628783379,10.043825745871018,10.02238188484065,10.04787808633726,9.762704659892556,0.0,0.03206621758557536,0.08079461723544963,0.0,0.0,0.07446892262628298,0.3097175002869474,0.011891137239736081,0.043122255770601726,0.0,0.0,0.0,0.0,0.0,0.0,0.0,0.11276268446250956,0.03743134343679365,0.03988059569167805,10.31854142430041,9.769053780901483,10.06562300061874,0.1698624332877923,0.12571185069996374,0.21664053320714186,0.0,0.0,0.0,0.0,0.00217603742253687,0.0,0.0,0.10982280122564712,0.11987337918613472,0.008672611499517337,0.07532947560681656,0.16429691068242092,0.1023756161230182,0.24914972029022536,0.23168314026775821,0.0,0.0,0.04550038022936892,10.048796081855992,10.00299873605874,10.040195410632174,0.17635942602236526,0.0
0.010082350842697494,0.5174029639308798,0.0,0.0068079628563902815,0.011065243606914283,0.0,0.0,0.0,0.017063247124854176,0.0,0.3198271500580951,0.0,0.0,0.0,0.15341196249762995,0.0774156033063317,0.2936158008054841,0.0,0.21796937696917146,0.0,0.24002537358814607,0.08080433962318731,0.04055434652724948,0.03581124187870829,0.0,0.14788659860491404,0.0,0.0,0.0,0.006794340451592604,0.0,0.2561949070882138,0.07262040693276384,0.0,0.0,0.0,0.0,0.0,0.0,0.07117230163159576,0.0,0.0,11.096107509746421,10.233893319730932,10.171159499939847,10.171159499939847,10.171159499939847,10.171159499939847,10.271174116917646,10.110063916707238,0.0,0.0,0.0,0.0,0.0,0.11045795396250423,0.04850110345439734,0.0,0.21832318946818144,0.12740187330131994,0.021669648227155797,0.1012241930150388,0.20199434715938527,0.19291154073958958,0.0,0.22068034363771455,11.625469393045746,10.01213099458132,9.84735383135838,10.167858156219635,10.175212979549187,10.022694746280749,10.302201489971962,10.171159499939847,0.24923759675647206,0.0706917416602429,0.0,0.0,0.06169401823985259,0.0,0.0,0.2618128661259578,0.0,0.020513779004421914,0.14776008810309713,0.0,0.0,0.05551581009099886,0.04839721759118536,0.24020644126416152,11.548417008172535,10.325728706645046,10.237849143791369,10.146171474959635,10.26966677642616,10.171159499939847,10.171159499939847,10.171159499939847,0.2247277336789677,0.2798310521639859,0.0,0.0,0.0,0.1699190714084979,0.0,0.30151190454033544,0.050051688937009085,0.2255098601014333,0.0,0.0,0.2710921699761899,0.0,0.1793653808736925,0.10686460340635644,0.3208635703768642,10.18159914042874,10.02114558070081,10.171159499939847,10.11458169385984,10.086307466507055,0.0874905662872931,0.16374447714280221,0.02704399802957644,0.0,0.0,0.0024971309534062708,0.0,0.09781283728683006,0.0,0.20477444740685657,0.0,0.0,0.0,0.0,0.0,0.0,0.0,0.16395678275072179,0.0,10.695258074166654,10.29101329311264,10.301591705404833,0.124411080870375,0.08437217622648978,0.0,0.0,0.13046198465873032,0.15006856418743075,0.0,0.0,0.19546434146742767,0.0,0.0,0.0,0.20479531789458733,0.0,0.07258377798539004,0.07042983324601207,0.0,0.07211209524934577,0.13153790465160708,0.03600684670900395,0.0,10.081690545535198,10.119537200866967,9.875542536766964,0.0,0.2827115051137253
0.100044981379598,0.0,0.1393973900127306,0.13628709332061922,0.0,0.0,0.0,0.11012958555847137,0.0,0.0,0.049689008213563646,0.03450197761473218,0.0,0.11488659679394968,0.024266810752161905,0.09452732990980525,0.00015432660400091478,0.0,0.0,0.0,0.0,0.0,0.0,0.07265218226279326,0.11640717097357225,0.04568152395620953,0.0,0.02998724159939143,0.0,0.08178796964319197,0.0,0.20812361534095342,0.009031959534611075,0.08912676794962483,0.0,0.29022797068511813,0.21877086716775052,0.00350649816457952,0.0,0.0,0.057706416309595075,0.0,11.268489706319965,10.236005812759675,10.15010240535834,9.596686235904324,9.99298433893931,10.012282438045574,10.294874828464561,9.637741378735226,0.0,0.0,0.0,0.0,0.0,0.0,0.08437907829529841,0.0591347943530826,0.30817388798046885,0.0,0.35032564775362307,0.025142960322687685,0.16449323234727534,0.12022075859259103,0.011064693747702088,0.0,11.215228529746259,9.955080327243198,9.939340286049015,9.984500175530458,10.114943713846536,10.012282438045574,9.539569413814382,9.839415205427597,10.1020646208442,0.0,0.0,0.17567120039906522,0.0,0.06768791565850138,0.0,0.22781844950863045,0.0,0.0,0.0,0.0,0.3897535737511742,0.0,0.29513008907267135,0.022253447488240412,11.212698905342306,9.943937642091212,10.012282438045574,10.012282438045574,10.136648379332257,10.012282438045574,9.706064918963294,9.678863111852975,0.0,0.07157404278430046,0.0,0.0,0.0,0.0,0.0,0.07327388521499101,0.07034576549207207,0.04619562267049308,0.10596986686636174,0.0,0.0235847787586663,0.0,0.0,0.0,0.024853581598875827,10.012282438045574,10.287625198096917,10.015103169484767,10.012282438045574,10.012282438045574,0.1773236257392682,0.21947246717781202,0.0,0.0,0.3125893390085381,0.17477635712012163,0.21870542077907468,0.0,0.15841171731654397,0.13751885296445787,0.0,0.2475384700017958,0.0,0.040084966694046854,0.0,0.0,0.0,0.0,0.0,10.465834130251618,10.10723713037911,10.122333841449345,0.0,0.0,0.016778994246391576,0.16659300291883733,0.0,0.0,0.1847245488836131,0.0,0.0,0.0,0.0,0.0,0.0,0.0,0.15304166748671574,0.0,0.05464762905884316,0.0,0.16186142954154403,0.0,0.0,9.904745601835126,10.012282438045574,10.012282438045574,0.0,0.44891966878055717
0.0,0.013447353469352736,0.18479903844894593,0.37517995393175296,0.0,0.2681140488984262,0.2563727705039599,0.0,0.09858611720865718,0.0,0.15577588925253247,0.07998886357946322,0.10581281770628358,0.13464852799351093,0.0,0.0,0.0,0.0,0.0,0.08510561744160135,0.03703225656373463,0.0,0.0,0.1221432443277557,0.0,0.0,0.0,0.0,0.12113451532357691,0.0,0.1335272956902734,0.0,0.0,0.0,0.0,0.0,0.0,0.0,0.08011327549740024,0.24286629342536878,0.0,0.0,11.279573346896983,10.069416461798488,10.076910384596331,10.076910384596331,10.098154211962509,9.98540010724771,10.250040416113025,9.999098493927358,0.23156661870460427,0.34205338167401794,0.0,0.13739806474686872,0.0,0.0,0.06692091033387008,0.14127920356716428,0.2714915551201583,0.40950341563739034,0.0,0.0,0.0,0.07058614059868075,0.0,0.15464946948895794,11.60690710034427,10.05824065494154,10.194552210544666,10.34771475324232,10.345775529285172,10.242388957542378,10.062382169110789,10.076910384596331,10.204927921383879,0.0,0.0,0.0,0.3496191882274563,0.0,0.0,0.2993932851008667,0.0,0.22994247316982824,0.25132827735755414,0.22123788152294396,0.0,0.08393129494909798,0.0,0.23069089542253474,11.237771718998784,10.076910384596331,9.870660537675638,10.076910384596331,9.772292623359707,10.076910384596331,10.076910384596331,10.076910384596331,0.0,0.0,0.18236628558263854,0.0,0.0,0.0,0.026223693290573495,0.0,0.0,0.0,0.0,0.0,0.02170008147694497,0.6072959115511616,0.012752008711387288,0.0,0.12431559708155472,9.609700893811839,10.449014078072334,10.181846336304888,10.026905205133783,10.01716242793698,0.4627151559898486,0.11908981664046216,0.0,0.0,0.22624000992980495,0.01057548968138819,0.0,0.04341055165881201,0.0,0.0,0.0,0.008306597254861083,0.020302503587317333,0.15362533237551942,0.0,0.028774406978088612,0.06608311049938491,0.3834629459153807,0.0,10.50827990902134,10.215787274294598,10.09716940058701,0.0,0.04381842136315568,0.3872064352064659,0.4788125734087074,0.0,0.29349912001760614,0.2890571976580979,0.0,0.0,0.06881960476442932,0.28851032577997987,0.0,0.2596612157052893,0.0,0.0,0.0,0.0,0.32896776937186806,0.1947433853987944,0.0,0.16801983728994668,10.048421672350106,10.063927288164873,10.076910384596331,0.12161621319584068,0.08338653490687661
0.0,0.0,0.0,0.20617168835505156,0.0,0.14464846352964017,0.10621811964953272,0.0,0.16941382319571716,0.0607221962954162,0.0,0.0,0.11179541357380458,0.2839898097192404,0.0,0.15433645577733465,0.0,0.1533737321662066,0.07528753911463043,0.0,0.0,0.10215893175138287,0.082963914687317,0.32142548721002273,0.0544269231429726,0.0,0.054139542271958954,0.05240825330611591,0.0,0.11404235135717575,0.0,0.020261208524246423,0.25213970072483866,0.0,0.13345114305102085,0.0,0.27688967191147396,0.0,0.0,0.0,0.01920006091421378,0.030172034623896896,11.46592790212648,10.364947742978345,10.254842413127843,10.253013392403277,10.318622750539102,10.008573775086159,10.475938636757304,10.362631842278086,0.08091002378548284,0.1860058241313582,0.2965789707272857,0.25817013585264564,0.0,0.0,0.0,0.18004651595358176,0.0,0.3027981906021695,0.0,0.0,0.2247597914735597,0.14156688834518588,0.09393985256873827,0.0,11.5834631944636,10.253013392403277,10.149889735677121,10.253013392403277,10.316960809629789,10.253013392403277,10.079272046309558,9.594645786059509,10.260212318129883,0.0,0.0,0.06708201042641466,0.22145924945853543,0.0,0.16524383194873535,0.0,0.07392454562780805,0.0,0.08628773633245072,0.5521245065891827,0.16456819814070792,0.0,0.0,0.0,11.54504321416357,10.253013392403277,9.77954588809029,10.238374120176902,10.365477432962926,10.253013392403277,10.171457709996774,9.9949897170807,0.39191372994907014,0.0,0.0,0.09793836453574717,0.450438668423388,0.0,0.0,0.0,0.0,0.2232606842610237,0.0,0.22620193887855464,0.05241166780397807,0.0,0.0,0.06729522216362734,0.0,10.318523307853878,10.616140502654124,10.305741098084068,10.253013392403277,10.253013392403277,0.0,0.0,0.0,0.0,0.0,0.0,0.20719644094262443,0.2038376125283198,0.0,0.094552502530707,0.05688944485674873,0.0,0.0,0.0,0.5154523178529951,0.018780054671545966,0.12665394192276389,0.0,0.0,10.668497009323678,10.021717924449339,10.38977889014002,0.020340268881098862,0.0,0.30528482591565503,0.0,0.0,0.07367508333994555,0.0,0.0,0.0,0.0,0.0,0.0,0.0,0.0,0.2947227184490172,0.0,0.0,0.0,0.0,0.0,0.03900419153817182,10.468322641588223,10.070395737830868,10.07169586051662,0.09365426057821723,0.0
0.0,0.0,0.1997339919547122,0.0,0.0,0.0,0.2680199709292297,0.0,0.0,0.2770273844231011,0.0,0.0,0.03800200914290363,0.21941551249574198,0.0,0.019813443390794726,0.14648166935257784,0.07107374067947955,0.0,0.0,0.0,0.17496710476205005,0.0,0.08917401440548994,0.0,0.0,0.0,0.0,0.0737940591893275,0.0,0.30718712168125767,0.3976161607988119,0.0,0.23332279302328449,0.0,0.0,0.10166378226708825,0.05335956353894941,0.06293688064819224,0.37212180891185614,0.0,0.0,0.06895478219176723,9.979542029717027,10.161642260395952,10.008844348660647,10.364955221874222,10.215963138590757,10.558082408084282,10.006739738109472,0.07583792551882126,0.0,0.0,0.08581404220864983,0.0,0.0,0.0,0.0,0.0,0.0,0.035478098760105485,0.0,0.0,0.25853959696739676,0.0,0.0741409847423312,11.183579426663607,10.204414596901087,10.204414596901087,10.259234270292412,10.213446266047654,10.204414596901087,10.44984817369921,10.02179987875798,0.0,0.0,0.10974690940116126,0.0,0.02712493762230796,0.0,0.21242569788809817,0.0,0.0,0.0,0.10287280660630252,0.0,0.0,0.0,0.0,0.14426220478496463,0.0,10.392779382479267,10.135462918515264,9.94131616458707,10.242241212542314,10.032670974254756,10.077437002006484,10.204414596901087,0.05383731777688137,0.4275155074933615,0.11055066137347477,0.3211258603924025,0.36833930939480797,0.0,0.0,0.0,0.0,0.14814217733929294,0.2977786765977394,0.0,0.0,0.0,0.11434323251664877,0.34404771188732586,0.042756681404994105,10.204414596901087,10.29672067896325,10.190912311217142,10.084351360188098,10.14917372841314,0.10418808969909148,0.0,0.0,0.06579294514991116,0.24763836496932456,0.6151011305115912,0.19413382962981532,0.0,0.10776963316031458,0.2554048282140532,0.4366720197146183,0.06396658941229864,0.0,0.0,0.0,0.0,0.0,0.21319156683531743,0.0,10.141305981035261,10.204414596901087,10.307003872245609,0.0,0.2809717218816942,0.09881978925639699,0.36367013518468083,0.23328892354058955,0.06258268106817494,0.21637703574216707,0.145758758608917,0.0005788249738493838,0.0,0.0,0.0,0.0653695138703596,0.0,0.0,0.1016177217391207,0.0,0.0,0.10688680144902289,0.02672846426535862,0.06088743775417749,10.204414596901087,10.156268935085993,10.404410800308561,0.0,0.036026503385490564
0.0,0.0,0.019759368392834823,0.0,0.006432059918406704,0.09469486474129796,0.0,0.18274056965721988,0.015947592805778538,0.0,0.0,0.0,0.0,0.0,0.0,0.3257445494169959,0.0,0.03446886292655978,0.0,0.0,0.019896882240532973,0.06863997484974375,0.06578277966076523,0.0,0.0,0.0,0.0,0.08171729919170986,0.14395329757069236,0.08296587909922612,0.09560028730988875,0.40978027552519086,0.025155780037792952,0.0,0.0,0.22241540124885822,0.0,0.08989494860072578,0.4069105315730514,0.1745162136749223,0.0,0.0,0.0,10.2357317472198,10.2357317472198,10.2357317472198,10.2357317472198,10.2357317472198,10.279242005961166,10.25889719709427,0.4435843009746571,0.0,0.38907373384340854,0.0,0.0,0.0,0.18131433193097207,0.13611950828468036,0.009820171356969021,0.0,0.14958005421753315,0.0,0.056415926540258336,0.0,0.1623152488636927,0.20965635218575301,11.312853009853823,10.24062826619901,10.356889608223701,10.343883574472294,10.2357317472198,9.971890446834356,9.999271419564506,10.242086648333924,10.2357317472198,0.0,0.0,0.10490446897888543,0.0,0.36832826865012186,0.0,0.008794002816223124,0.05527419677340978,0.11720349257960797,0.0,0.17299133120582116,0.0,0.0,0.0,0.06891038858843176,0.0,10.200718869978658,10.199127506135383,10.2357317472198,10.389681866895067,10.2357317472198,10.039421903284818,10.2357317472198,0.3059564867495447,0.0,0.13749794925870523,0.0,0.0,0.024743483264108305,0.0,0.07079550532271957,0.26507558748400417,0.007189218157675234,0.4167145724496184,0.0,0.08975870755376729,0.0,0.0,0.19294540472878052,0.0,10.361726530780313,10.475915130940756,10.144799562863179,10.157023442410377,10.093743339282085,0.0,0.1349787657729952,0.04462204795247869,0.0,0.004585312343245178,0.13079635285260505,0.11008656982561243,0.0,0.2390301980345241,0.214835047654498,0.0,0.0,0.0,0.026354075394725764,0.3552025120535501,0.12707065003471346,0.0,0.0,0.23501298876857726,10.35307492452007,10.2357317472198,10.178773732994404,0.0,0.0,0.0,0.3311303241388067,0.314078678989106,0.2639689061687348,0.0,0.0,0.07279237209839802,0.004966693450873899,0.29858773433322683,0.13944142616604646,0.0,0.0,0.014056181224470683,0.0,0.0,0.0,0.11632540848742003,0.0,0.20237291792237183,10.254270749567212,10.171030845201024,10.114112007156793,0.06522187292886292,0.03593594972200623
0.0,0.0,0.5288733651499257,0.06770209950534956,0.0,0.0,0.0,0.08950774833184177,0.0,0.31942468642802013,0.0,0.2277890038484227,0.0,0.0,0.0,0.0,0.0,0.003232875285813369,0.19253250063813349,0.2107411889048209,0.22005884103724094,0.15066617562104526,0.0,0.30786007392897496,0.006590859443829917,0.0,0.0,0.0,0.0,0.10356902120908631,0.0,0.0,0.1259387632239408,0.0,0.0,0.18535325638617348,0.0,0.0,0.0,0.15374613317097774,0.0,0.0,0.014494956344357657,10.35133785974851,10.27780405390768,10.132038591060356,10.173872235619353,10.101044670672321,10.1172848652251,10.116439603565489,0.09460121771625811,0.0,0.2032303986950637,0.0,0.17582234433467123,0.06004674254099324,0.0,0.0,0.0,0.1659759555106417,0.08395216399443245,0.1358157714549367,0.0,0.0,0.22778062273077934,0.13499379870072448,11.152314895421853,9.953335208931762,10.101044670672321,10.101044670672321,10.17440462142807,10.108080838878328,10.04199671350434,9.98336841994576,10.058204066226075,0.0,0.051220886050436544,0.1429305229822563,0.2460918041123007,0.0,0.0,0.0,0.0,0.0,0.11237589366711277,0.0,0.0,0.0,0.0,0.0,0.0,10.165198788913276,10.005771507576272,10.101044670672321,10.233568615969393,10.101044670672321,10.101044670672321,9.982971885321978,0.2701864195716097,0.0,0.16747953334143834,0.1134052195166457,0.17455666876814382,0.0,0.10138341310099774,0.09062950072986888,0.053095706475778104,0.380571043645038,0.016570731100455253,0.0,0.0,0.0,0.0,0.0,0.031043246385497086,9.772835587542762,10.313659825147637,9.655169136217602,10.102395370073008,10.09008189602985,0.0,0.024067694254195908,0.00753707232444064,0.0,0.26318237533003785,0.0,0.0,0.30885325665793223,0.1737836372771815,0.0,0.32728409655137586,0.3891342320928715,0.0031969873141548997,0.42479516129007433,0.0,0.22002971286151915,0.09855402817765674,0.13529079001104205,0.0,10.231650389332016,10.021181572470512,10.318491121542689,0.0,0.0,0.0023267317834812793,0.0,0.0,0.07442288338556567,0.0,0.22142353178357238,0.12763117057953607,0.0,0.0,0.0,0.04211722928160259,0.0,0.0,0.0,0.3138485651450663,0.1632086388225482,0.0,0.0,0.06533025549536761,10.195850527536825,9.856948593493236,10.14127086701023,0.18365747870693006,0.13027707123820614
0.05860245739513535,0.08907681945503955,0.0811684191182964,0.0,0.0,0.0,0.0,0.0,0.0,0.4688779402307832,0.0,0.0,0.0,0.0,0.0,0.26173950133313645,0.08873203310422421,0.08068125196614484,0.0965111715802282,0.2115060915076964,0.0,0.36801744056617014,0.02931399009890489,0.0,0.002605447890423881,0.0,0.03569286050193127,0.0,0.49744877880653576,0.29793415801431794,0.0,0.0,0.0,0.0,0.0,0.0,0.03955885423433568,0.0,0.07117440149700774,0.0,0.2566030312149432,0.0,0.0,9.934639484548068,9.78269803545729,9.710859499355191,9.934639484548068,9.934639484548068,10.06687385284443,0.23282241094542794,0.0,0.05224720325102747,0.0,0.0,0.0,0.0,0.0,0.14839517432293026,0.034521524638635004,0.2864260934130443,0.0,0.2012141245259593,0.0,0.11774724402215338,0.047467810973816554,0.0904827397269351,11.151845489015656,9.932685803037282,9.923032916630069,9.804490976713286,10.076321407597748,9.84457255009264,10.034408955730285,9.934639484548068,0.0,0.1088475635029458,0.0,0.0,0.1647421072278715,0.02970484076011123,0.0,0.0,0.44203656955498966,0.22125242620449018,0.0,0.0,0.0,0.04432879004850575,0.2549289040653196,0.07124280773178801,0.0,9.980905827090282,9.920885554700355,9.546884538277736,9.982787148429836,9.881777116894618,9.934639484548068,9.934639484548068,0.0,0.25533192919062947,0.0,0.0,0.11263105315381805,0.0,0.15865204446989897,0.0,0.03587132363834009,0.0,0.0,0.09807187446186443,0.48421289036803644,0.09287935293665209,0.05020868216018255,0.14589164759507647,0.0,9.943513274802912,10.072070241673323,9.934639484548068,9.842656780373648,9.730292675199806,0.0,0.22053276797837898,0.13005398129177606,0.0,0.0,0.06525777018941167,0.20024478871944412,0.08175659694639051,0.0012313696743669596,0.030182673955779386,0.13337143648561847,0.11139097488394431,0.037818201419242865,0.3007157240273833,0.0,0.1705050812553112,0.0,0.3394355905467732,0.035350679135040704,10.182014133394294,10.048088036184803,10.250380031864053,0.14207492082659748,0.0,0.23576596024190666,0.040369734611606756,0.0,0.0,0.0036796478254246473,0.0,0.17959903758637918,0.0,0.22171286774129245,0.1440744971741801,0.1514347402625756,0.08282254935468464,0.0,0.0690580929211539,0.42067739540558,0.0,0.0,0.0,0.13547809532023092,9.738459747256096,9.933353324325012,9.869343445455348,0.23418017547126763,0.08601781143985882
0.0,0.09774407574668977,0.25918965059071186,0.011461891528113291,0.1405975030869299,0.0,0.0,0.2057516404913953,0.14379608225308782,0.1612541260299653,0.010906728881320113,0.12495456682155189,0.0,0.0,0.2370601723385944,0.0,0.0,0.0,0.0,0.11345668817204306,0.0,0.12111123743561532,0.0,0.0,0.0,0.15325016461792929,0.3439647563916574,0.17155773108720243,0.12000960504817199,0.0,0.06056307417261789,0.24208819096476134,0.12206714143909955,0.06341458158455121,0.07202428830821546,0.37590877317613935,0.0,0.17186686245880983,0.06205976865236393,0.0,0.15471085061311482,0.0,0.0,10.02165051946101,10.22565759903821,10.191845705294268,10.180173074609234,10.051257965296642,10.277447924950177,0.08991386321448924,0.12646217598040496,0.0,0.021446975056165798,0.0,0.04517708740273661,0.15306072302900287,0.0,0.0,0.19078634767643748,0.0,0.47105767772583296,0.0,0.16677117811103523,0.0,0.21299970323585715,0.0,11.172851757785851,9.866782926801164,10.257263076265543,10.098457110003842,10.177011147958595,10.04974007875598,10.312257180446654,10.191845705294268,0.17152917507676663,0.009019460095008413,0.02589223736263453,0.0,0.0,0.0,0.4661548154500025,0.0,0.19450314301758684,0.12488871137247183,0.0,0.03360132059641624,0.0,0.0,0.0,0.0,0.0,10.345159307015077,10.153193315262103,10.191845705294268,10.06110941971228,10.191845705294268,10.191845705294268,9.940593933955917,0.0,0.0,0.30603067088752584,0.0,0.0,0.19840942516106705,0.0,0.34123955507288245,0.0,0.0,0.07449355597332116,0.0,0.0,0.0,0.001896635486027328,0.007466901146715858,0.0,10.191845705294268,10.397181455393758,10.153558152473758,10.00767393954257,10.013997266564989,0.0,0.0,0.0,0.057049412129553785,0.0,0.0,0.2891184838596653,0.1466950817594663,0.0,0.0,0.04939585373374636,0.11033017291633021,0.0,0.0,0.0,0.029402653063585225,0.4558013625881504,0.0,0.25486367721311826,10.711217689390864,10.455007550782666,10.423036949229811,0.0,0.005852418260948096,0.0,0.0,0.0,0.0,0.0,0.0,0.0,0.0,0.16908147710701704,0.0,0.0064671666338880895,0.037137885119558574,0.04099766804800894,0.18353653857448501,0.0,0.0,0.16396920653690605,0.2719665138465559,0.0,10.191845705294268,9.983667834653332,10.191845705294268,0.0,0.0
0.21472854661529228,0.4546075149449505,0.0,0.409724294400372,0.0,0.0,0.0,0.0,0.0,0.0,0.21374335358295332,0.0,0.6049082702160559,0.0,0.011334984523533825,0.0,0.0,0.0,0.0,0.0,0.0,0.23507471114781997,0.0,0.16484221831060691,0.061458872100444255,0.2586707841162491,0.0,0.0,0.0,0.11039717477162939,0.1358806444538769,0.0,0.0,0.037075089560886204,0.5081320042750325,0.017028808484665144,0.0,0.0,0.0,0.005868489376423806,0.06108880850765369,0.0,0.0,10.176404988071342,10.36768562809526,10.109956990804072,10.162663201772604,10.144851125557054,10.253775528442036,0.0,0.41842039585131197,0.021660436383283337,0.0,0.2163265179167921,0.11934622600404993,0.007526486235487117,0.08539241725691663,0.0,0.2171777072505795,0.0,0.16112458713121025,0.0,0.14110168353303265,0.0,0.05649722410299415,0.0,11.163101062015926,10.097448397360909,10.255853399308846,10.122819470518351,10.166914559588143,10.223727612068481,10.130446166693714,10.255853399308846,0.0,0.20279453432256858,0.0,0.0,0.16292757793399257,0.31245004233300905,0.019259141729731834,0.0,0.0,0.0,0.0,0.0,0.0,0.2536705505003463,0.26071347266587025,0.0,0.0,10.329705797295574,10.255853399308846,10.104708098532914,10.39093376593614,10.191931057240662,10.255853399308846,10.10496825566434,0.06528303045823454,0.0,0.0,0.0,0.0,0.29381843831822735,0.0,0.0,0.0,0.0,0.14290492903151925,0.3322344135315492,0.0625369087110194,0.1446402422923286,0.1306132294558502,0.4058976143346179,0.33364278269916237,10.225041939740166,10.48080880000491,9.99043543119107,10.307839924944675,10.255853399308846,0.0,0.2276654626406384,0.05100464441938451,0.0,0.0,0.08544111287068222,0.0,0.19996006270298325,0.032153391556018894,0.0,0.10079622754253224,0.0913728697094679,0.3892909987959331,0.1501014903094124,0.0,0.2528284675058798,0.0,0.01642439245283095,0.0,10.576487624153568,10.129977208923457,10.524172718507318,0.0022278865962754827,0.0,0.008109072822258484,0.0,0.0,0.05614778201298032,0.045730363785966496,0.16147249713759473,0.0,0.09135348390989151,0.0,0.24835937792984067,0.26760714120468726,0.2187495653086419,0.38088754273177616,0.0,0.00829647927014618,0.06047693899877561,0.0,0.16465893457048197,0.17562743721537627,10.61916155144057,10.255853399308846,10.255853399308846,0.2938522604770235,0.0
0.0,0.0,0.08566397807029166,0.3265787203869897,0.0,0.0,0.0,0.0,0.0991885981930081,0.2452734440908656,0.0,0.0,0.0,0.3996869896438551,0.0,0.09933135121470467,0.0,0.2777754412674773,0.0,0.20621933771211998,0.010172154740247817,0.2590799262203388,0.0652929117036644,0.007562435404378012,0.127841047886014,0.1476514455386179,0.0,0.1385390423164849,0.44794118417107903,0.0,0.16138615857524866,0.0,0.17937444455194596,0.0,0.0,0.10138660166857444,0.0,0.0,0.08595782673176638,0.0,0.04751156208932751,0.0,0.13746870050441787,9.96500533170249,10.139968858535228,9.801801131992486,10.121479415174324,10.047590418019894,0.0,0.0,0.0,0.16076655221066793,0.0,0.09936075225029094,0.0,0.0,0.0,0.02857181995134506,0.12260680036707947,0.18828394443172675,0.0,0.29479804257390013,0.0,0.0,0.0,0.05680774188966494,11.232595134403745,9.495251389646784,10.047590418019894,10.047590418019894,9.901239481461008,10.047590418019894,9.82595582852289,10.047590418019894,0.3028800989051499,0.09889696367653704,0.01169410353360173,0.2697515992458548,0.23820189802688213,0.3140869797009508,0.2680415639366398,0.0,0.09868740666574179,0.0,0.0,0.0,0.05185258670929283,0.1883777403290045,0.0,0.0,0.0,9.922314025624047,10.047590418019894,9.593391890248258,10.105216857029829,9.931181714857427,9.756903779440433,10.02532498669683,0.027249785499925048,0.0,0.10868273888126459,0.0,0.1746481619267602,0.0,0.0,0.04339214039612061,0.1578345253206816,0.5191279155389854,0.07614279524697116,0.3408997099963891,0.0,0.10578622092936599,0.0,0.12612146208476788,0.03178103237335959,9.932695243628778,10.247744970073141,10.047590418019894,9.79615338948732,10.047590418019894,0.15016830932033348,0.17175331261666502,0.0,0.09773737387929105,0.0,0.0,0.0,0.0,0.0,0.2523181001454012,0.05665765146737281,0.07729924309545819,0.0,0.210192805910758,0.0,0.0,0.2780874365320743,0.0712127144938915,0.0,10.505125971154662,10.174452746555154,10.270482739988319,0.0,0.0,0.0,0.08312074591773926,0.24248855222419693,0.23072457884086822,0.0,0.0,0.0,0.0,0.1893397707715892,0.09780238958649383,0.07590165612316752,0.0,0.0,0.464068554949402,0.0,0.0,0.2093479592604193,0.053186601887121474,11.289281335798464,10.11158346800564,10.008539691421516,9.893249966579159,0.14117619229769907,0.18025634914847533
0.0,0.0,0.0,0.02011322300446339,0.29331086531485917,0.0,0.0,0.0,0.0,0.1401594300088068,0.35730940865971755,0.0,0.0,0.0,0.28908107023044877,0.3914744063005456,0.0,0.10862346465660308,0.11193365970253163,0.0,0.0,0.18822680931533312,0.1467828416280658,0.21936232932854294,0.008628888046868843,0.05786390058398481,0.043521853565651816,0.18702203948195553,0.14685150611543757,0.3541235489503753,0.025807902994966842,0.0,0.0,0.0,0.0,0.038929466318744256,0.06317054667615733,0.0,0.0155508192273628,0.0,0.13858989686034145,0.0,0.0,10.319889530330071,10.31947525399204,10.08007405955763,10.234555892421163,9.851302053116582,0.0,0.4401460612435635,0.02471970292336067,0.0,0.0,0.0,0.15935640469333018,0.2741262854865898,0.0,0.0842612054579382,0.06694667959576422,0.0,0.38020227605978785,0.1333884365659272,0.012875970567166037,0.05319964517837641,0.1304694530874153,0.0,11.160721742652774,10.026245196875442,9.781284883174465,10.009803917010755,9.948493048222577,10.25963165258428,10.011533108363036,9.532810272848701,0.19728639387941102,0.0,0.36918257900267976,0.0,0.0,0.0,0.0,0.0,0.19815338681084033,0.0,0.0,0.2250436280168384,0.10040543747080828,0.0,0.0318128548898004,0.0,0.0,9.749654738980064,10.054761802355241,9.816097322201152,10.02251268194283,10.054761802355241,9.987329008952441,9.994421873959025,0.0,0.1126726431395953,0.0,0.0,0.06270407631372939,0.0,0.0,0.0,0.1665468003496673,0.06942894598758617,0.36494092087687335,0.0,0.0,0.16238743565758337,0.025423628182697118,0.0,0.09812859430297317,10.054761802355241,10.215200630769665,9.816485168936511,9.923264208785868,9.772673591339784,0.05141473793540201,0.16497406989016053,0.030293444093397175,0.122862924079855,0.1866126085303031,0.0,0.0,0.0,0.0,0.0,0.0,0.01520889940074279,0.06273954839897919,0.15335551967022587,0.23672812275478922,0.08799502279479388,0.12518330682620984,0.07241905756629849,0.0,10.451743413109185,10.062991457661626,10.030445044840127,0.0,0.13499130001145646,0.0,0.2632606838061852,0.0,0.0,0.0,0.024914454561940084,0.0,0.0,0.07908610460753886,0.06824633197411274,0.048569799308479204,0.0,0.08163046367221045,0.045415838180821656,0.0,0.0,0.0,0.0,0.0,10.210395750972685,10.054761802355241,10.054761802355241,0.38816895805511203,0.2892520396600018
0.267517839187558,0.2556031279084498,0.0,0.248767749060069,0.04986329138884228,0.0,0.4040901698962737,0.023246426866254662,0.14008090490109928,0.2399334657696336,0.0,0.24965036709644145,0.0,0.19166378685291333,0.0,0.0,0.19827903724251236,0.0,0.0,0.0,0.04135707500859889,0.0,0.16412637071235509,0.0,0.039152337939515565,0.0,0.044404146125962496,0.10427279725242945,0.12876046860546056,0.0,0.040268270348922615,0.0,0.1047913369915476,0.0,0.07940192740936435,0.025446026163158355,0.0,0.0,0.38967010535358165,0.0,0.0,0.0,0.05795092876982741,9.61803887814608,9.88576616719316,9.88576616719316,9.891224849702496,9.527084471816178,0.3931301048689905,0.13814349713398802,0.006501782729927255,0.07513076305882352,0.15129196911670534,0.0,0.08193654494333892,0.18194700356403745,0.0,0.19483340120107187,0.26381361755744615,0.042361523637084564,0.2700234554734399,0.04392415850546048,0.02798403489647845,0.0,0.0,0.0,11.314663900013027,9.88576616719316,9.993252247156889,9.966704268600434,9.853748924559012,9.964975203910699,9.972523558853446,9.881119424134177,0.17355424792332222,0.0,0.06518428766957231,0.0,0.11531368267690924,0.603771588222278,0.0,0.0,0.1706431606093542,0.0,0.0,0.0,0.0,0.0,0.0,0.0,11.08187201274765,10.06655644017317,9.946442140075787,9.81738101184671,9.781672125236211,9.88576616719316,9.781756802131754,9.83172850559766,0.0,0.16599858248445012,0.0,0.0,0.03119969887444999,0.0,0.020334102998946998,0.21841547422171825,0.0,0.0,0.07228522233277303,0.0,0.0,0.278324138799308,0.01023611802780498,0.30661403110559665,0.0,9.905587846885656,10.039570939826914,9.88576616719316,10.027528819103741,9.88576616719316,0.17299753462551998,0.0,0.03494056678333378,0.0,0.2910376754505875,0.0,0.38726890323924523,0.0,0.2653184565882644,0.4024628762233693,0.041657117306836244,0.0,0.019445470212404944,0.0,0.0,0.0,0.0,0.2568607898211901,0.0,10.25538847862198,9.575668885245268,9.709638127009871,0.0,0.4029627110740197,0.0,0.12530288609258058,0.03417803188765288,0.2388980611729668,0.0,0.012017594408564052,0.0,0.2654831323276646,0.0,0.18347261040979193,0.0,0.0,0.0,0.0,0.1258647931520261,0.0,0.0,0.5810425325121286,0.0,9.787427542107825,9.88576616719316,9.650727338639452,0.4679196520835056,0.13512277772623327
0.14781142043694862,0.0,0.0016646704267402276,0.0,0.06384972696373711,0.0,0.0,0.0,0.1612563343289107,0.33862370444046597,0.0,0.0,0.04774700775684618,0.0,0.08143365089416148,0.0,0.0,0.0,0.0,0.3468345809656175,0.02022887240033594,0.0,0.0,0.2884554805751134,0.0,0.0,0.0,0.22641163574674153,0.0,0.15922746185659997,0.11327036429862393,0.0,0.0,0.0,0.4165608144746547,0.233435118196899,0.0,0.0,0.0,0.0,0.0,0.3612843486772588,0.11834899594619863,10.379443559654725,10.51835825507265,10.218386326811409,9.923699568261247,10.022594451192457,0.0,0.0,0.2722559538155043,0.1727409692913487,0.3021506531171431,0.14125129698994215,0.2354129308667009,0.04314077974341483,0.0,0.0,0.0,0.0,0.0,0.0,0.20875998329429976,0.0,0.0,0.0,10.991587020159,10.076436874717723,10.025284670465378,10.080494472679163,10.01535676066241,10.03170531138475,9.976769445340414,10.080494472679163,0.2528154997858768,0.0,0.13734967329428382,0.46948646562190954,0.0,0.29467427756824904,0.0,0.0,0.11111350548706075,0.2679014934886763,0.0,0.06729979493844802,0.0,0.0,0.0,0.21894525237373044,11.159885057483933,10.084090974647829,10.200394312423462,10.068594889062181,10.080494472679163,10.071858882612306,10.080494472679163,10.080494472679163,0.05130862548930699,0.5086397454796898,0.0,0.0,0.051935915628843886,0.1041714233883147,0.01587517258153775,0.10525329426218817,0.0,0.0,0.12456678079748597,0.0,0.0,0.0,0.01911326690116131,0.20382638680588366,0.0,10.171592173339157,10.127592513655221,10.102883398809752,10.080494472679163,10.080494472679163,0.2128439841279513,0.11330870459445931,0.0,0.09672017320479488,0.0,0.0,0.0,0.0,0.0,0.339685514075196,0.0,0.0,0.0,0.0,0.15446591850450114,0.3511864886046422,0.0,0.0,0.2118216254223178,10.57380909492279,10.105121707472048,10.075339635171042,0.21276419525750412,0.05588412168582648,0.0,0.0,0.0,0.0,0.0,0.0,0.15287339223534677,0.0,0.3011093017168726,0.0,0.0,0.0,0.14742502094596463,0.11112385345712503,0.0810674654689213,0.17833532001351035,0.0,0.17509240990747588,0.0,10.080494472679163,10.080494472679163,10.080494472679163,0.0,0.0
0.0,0.08795152003511308,0.24262003596827061,0.0,0.0,0.10181856884797398,0.0,0.0,0.0,0.0,0.346529651502454,0.0,0.0,0.0,0.0,0.0,0.3963424611300317,0.0,0.16359676710762727,0.05166344555710461,0.0,0.0,0.46241530309095846,0.22513024006577895,0.4555047831993054,0.18316293823310137,0.35289700607335184,0.0,0.21478225894826075,0.3803162424315202,0.0071619128932256335,0.0,0.3451269199403302,0.12379982155024923,0.0,0.0,0.0,0.0938867802974258,0.11939211331422346,0.0,0.0,0.09845923498431902,0.0,10.141762479096146,10.062012233591997,10.11934406445539,10.134032322759099,9.807496004697708,0.06389467709110766,0.0,0.0,0.0,0.007916804110630343,0.05922508871326671,0.0028821423295309987,0.09970775464377539,0.0,0.19030935865087556,0.0,0.0,0.0,0.0,0.0,0.0,0.4394441180780245,0.128965510239702,11.101805062134888,9.826694821131909,9.901177741327064,9.97627585061946,9.97627585061946,9.97627585061946,9.68258715059476,9.97627585061946,0.06492252253085908,0.0,0.0008249443610492058,0.0,0.0,0.1942197243097504,0.06274976266993525,0.005288076698807811,0.0017037692820969167,0.045251661528841663,0.05446094373870562,0.03759358083359865,0.0,0.18589387984601385,0.2631306285166382,0.0,11.144626393942994,10.033583036417157,9.834155300010439,10.141979309945924,9.970189565561975,9.891129279011407,9.778177586343489,9.97627585061946,0.0,0.005177011440888038,0.01109753171076809,0.0,0.09127867020103439,0.0,0.0,0.0,0.0,0.09271518525159199,0.0,0.0,0.0,0.0,0.29755685821354494,0.0,0.28965526074778386,10.14897499388744,10.100497750704008,9.98559183011518,9.538437152777863,9.954499601610248,0.0,0.0,0.0,0.24502436231468158,0.0,0.19372439721772686,0.0,0.0,0.0,0.004173493376722109,0.026066589479155185,0.0,0.11956879652497673,0.0,0.0,0.0,0.040540514021001686,0.0,0.3024313057642109,9.821623315612985,9.97627585061946,10.030584898717956,0.0,0.0709080080923995,0.11518655428211834,0.08529483149953704,0.0,0.033021387389874944,0.19336199698799944,0.0,0.0,0.0,0.20397470553966746,0.0,0.284322831187645,0.0,0.17178454663294804,0.14154354246446324,0.0,0.0,0.0,0.0,0.0,10.331475188348582,9.98246352872927,9.97627585061946,0.21814662675061697,0.0
0.0,0.0,0.13405752949888972,0.0,0.0,0.0,0.11779569841111155,0.0,0.0,0.0,0.21570967754556528,0.0,0.0,0.0,0.13304086012998856,0.0,0.0,0.20311842643540717,0.14094169284867025,0.10792480010856399,0.07190692628696646,0.22107530405658635,0.0,0.2521828378902608,0.08031609228398452,0.030710459259591857,0.0,0.0,0.24021759462251394,0.0,0.0,0.0,0.0,0.02269742591703026,0.0,0.0,0.0,0.1091931518451613,0.0,0.11911131580867412,0.03958211571315365,0.0,0.0,9.698912644425496,10.226974027434075,10.226974027434075,9.847745426955333,10.226974027434075,0.0,0.0529632699569491,0.0,0.14588155708146508,0.0,0.0,0.0,0.0,0.22480415359638561,0.0,0.27352871562946296,0.0,0.0,0.0,0.0,0.0,0.0,0.1654669095905944,11.587114738152499,10.209500962331667,10.271108897105286,10.263866397977813,10.424160863056926,10.331608832896457,10.35164494502204,10.274240393621477,0.19103090378344162,0.14896912793528516,0.0,0.17598562392190426,0.22094362280397814,0.3741283316993133,0.1797406166127685,0.279349261135018,0.030160334722910506,0.0,0.1502633674442916,0.31808405096685,0.0,0.12059551337320777,0.0,0.0,11.346731381450807,10.306272442616214,9.92127041594799,10.226974027434075,10.214458830976016,10.313573377370506,10.367999041505813,10.201400620028219,0.3301496849953335,0.1766968290286291,0.0,0.0,0.0,0.42580768589692425,0.0,0.016876959834643317,0.08907707739860692,0.0,0.0,0.20509366042313532,0.09112075898874666,0.15724488639666356,0.0,0.21178588107036966,0.13633956112304665,10.062410738347005,10.071194045853234,10.150524908667354,10.01760137997053,10.226974027434075,0.03470284285182156,0.09283363097770307,0.06414800859517057,0.0,0.09662713987574015,0.0,0.0,0.03939513393131104,0.0,0.0,0.12670557694858303,0.28984680243909744,0.0,0.0,0.19908459746862786,0.014619810622431657,0.0,0.0,0.0,10.625636023480139,10.409719564441694,10.046034710272254,0.0,0.0,0.0,0.0,0.0,0.031180204018670186,0.00976092023815095,0.0,0.2608468999941365,0.0,0.28360255248278904,0.07445663775393069,0.0,0.0,0.0,0.0,0.010696545539162354,0.02481487113704264,0.0,0.11627986521542391,0.0,10.300890121024844,10.226974027434075,10.258080025034847,0.14453355999914996,0.10527312894428235
0.0,0.20496157326325737,0.07224193108203021,0.0,0.0,0.47385321709669076,0.2831705416824717,0.415492365589836,0.03657534676207658,0.17891198408421874,0.0,0.03184361038655263,0.0,0.0,0.09998584834655157,0.0,0.030584337037381434,0.0,0.0,0.0,0.0,0.0,0.0,0.09111455268369573,0.0,0.0,0.34617936236448793,0.0,0.0,0.0,0.0,0.0,0.0,0.07606647531585337,0.44527747541594653,0.012781144805389071,0.23703946578948534,0.0,0.016269251125000543,0.11712090353787158,0.0,0.16242564863952824,0.0,10.622807457207285,10.607463948064837,10.537195423404125,10.396043917185649,10.508196661566183,0.18880332428507432,0.12440350133642421,0.0,0.0,0.0,0.06316594461508518,0.0,0.0,0.018949457563019786,0.0,0.042710967835447554,0.02351875010981245,0.23951298782849942,0.0,0.1145837559207007,0.0,0.037541607182688036,0.0,11.870960920469606,10.508727531976186,10.399524997036746,10.508196661566183,10.522553262142456,10.604527737821408,10.508196661566183,10.508196661566183,0.0,0.0,0.20529683930751588,0.0,0.0018146167584961578,0.0,0.10350911055329752,0.01732359986251346,0.10316899662246902,0.0,0.0,0.10753407966494637,0.09670688047418037,0.0,0.15591122751584682,0.17482255702442703,11.291137602906153,10.508196661566183,10.508196661566183,10.28596115281134,10.334057504926955,10.508196661566183,10.508196661566183,10.508196661566183,0.025439649789087086,0.27643240782289974,0.10501079044650069,0.1564668574979758,0.0,0.0,0.0,0.0,0.19419420516436,0.0,0.0,0.16379466327550882,0.09376809755871139,0.0,0.0,0.0,0.15362280487161967,10.60726493844664,10.21037911094547,10.55740296191233,10.683952705925277,10.283158630430796,0.0,0.0,0.0,0.02189107530999887,0.05476354781695212,0.0,0.0,0.16511655191577534,0.1386457788394184,0.0,0.5865747289477549,0.0,0.0,0.0,0.36123491253837164,0.0,0.108254891782773,0.16383990184257627,0.09989443623330391,10.29762973953826,10.45986225749262,10.357812844980714,0.0,0.0,0.013261702272594688,0.017373311153139306,0.08752986011421274,0.0,0.0,0.1460954050895983,0.07697690884056216,0.34969153850885326,0.08010899558101092,0.19897375942367343,0.0,0.14177839267494133,0.0,0.034401183101551096,0.0,0.0,0.05028483255667934,0.14704446717130043,0.0555148990701751,10.53145966935316,10.61573906894387,10.504998520904314,0.0,0.20892782113018926
0.0,0.0,0.0,0.0,0.0,0.5116417609972712,0.09202371997898001,0.0,0.0,0.5249738438179679,0.0,0.0,0.4366557705141624,0.0,0.0,0.0,0.07942490053661454,0.029190458644002625,0.0,0.1327855079048056,0.0,0.106119577161336,0.22555851643380914,0.015248667071790874,0.0,0.0,0.107228918140028,0.0,0.010625966897043796,0.030392441041591067,0.09440026718199945,0.0,0.07644400168219793,0.0523958706046885,0.19231512871564133,0.3011075611905053,0.0,0.14749034626751945,0.22560929009481084,0.061258470280151384,0.109522410270448,0.0,0.1137742267309053,10.8188263030503,10.847958755292709,10.683429689470884,10.482295819638477,10.329149949347158,10.492504892015475,0.0,0.0,0.22988084043478957,0.45156169709274424,0.13917351734780498,0.0,0.24999956986045158,0.14110411842090279,0.0,0.020523631060780027,0.18153694034441908,0.23341679280943295,0.0,0.0,0.24026524595022442,0.0,0.06873997090105773,11.327230703845336,10.433434269509053,10.44465867061617,10.247437515238195,10.448969312382314,10.127753572958014,10.03075141032436,10.44465867061617,10.354182223396235,0.08407459589690114,0.07853638175085384,0.04385913699728529,0.0,0.0,0.08396818081759655,0.06569888470660931,0.06548748795137711,0.23922061339812967,0.0,0.09573864594075923,0.02849607561942415,0.07695346546245001,0.0,0.2158212030089634,11.596627458272813,10.710849789127868,10.532012337991976,10.666058999701566,10.54266456275097,10.322061245478809,10.44465867061617,10.27969170983446,0.029503389574608803,0.0,0.059733505855907934,0.09917143087679504,0.0,0.063669746031322,0.2225878811946943,0.048209423099753554,0.007401519485385572,0.11094671438309557,0.0,0.0010154609767376965,0.3007071444754966,0.0,0.30133693329695826,0.4172863321592167,0.003199937307132389,10.44465867061617,10.44465867061617,10.373842993086258,10.386099251706392,10.44465867061617,0.0,0.1179087335898745,0.0,0.4361775640469905,0.0,0.0,0.0,0.0,0.13926597043196212,0.11194975909768629,0.08024321042722458,0.26541894526112014,0.2238300395788459,0.0,0.0,0.0,0.0,0.14507903339386333,0.0,10.139383077823585,10.2833824453903,10.41020266874291,0.11087270710019542,0.01464449195618965,0.0,0.0,0.06866038355590678,0.2462361357253654,0.0876879700743613,0.0,0.028894475962300797,0.0,0.0,0.2842068762561418,0.0,0.04078676115216257,0.1927463737439457,0.0,0.0,0.0,0.0,0.0,0.019903211355860338,10.706474349671971,10.431497260396066,10.322343073716704,0.1063351055233293,0.0
0.1910307229836931,0.2579040840811412,0.0,0.013362150437346523,0.0,0.3442710909856033,0.0,0.0,0.19290598248991836,0.0,0.05873742803166998,0.18236032135547,0.22742575535569975,0.20519798230088404,0.15345772591970142,0.0,0.2388739279549446,0.2685263660191488,0.0,0.06262453847204057,0.10796691630908548,0.0,0.0,0.0,0.0,0.3430719447547437,0.18039089174132755,0.0,0.2873498579753754,0.0856158513478051,0.0,0.0,0.12071910490914872,0.0,0.14856833519877435,0.0,0.4665308001486667,0.0,0.48708766695515726,0.0,0.0,0.27151253680926885,0.0,10.006955625767905,10.116426681252195,9.705754528225743,9.978009521009362,10.071258553706128,9.99364278990275,0.0,0.08824963466483991,0.144049126214126,0.1474968694958787,0.3332025086556607,0.025064208935332163,0.1951240526360567,0.3537745643347778,0.0,0.14705406100018695,0.0,0.00044793802367400546,0.20566458375253077,0.10229024096145133,0.09828083361884657,0.0,0.0,10.790597449177591,10.009198412191914,9.942524341976588,9.99611261527306,10.009198412191914,9.9415482542105,10.02440716226627,9.834733696396098,10.093565109030106,0.2264290709050985,0.4549525568963454,0.0,0.0,0.08799072188015872,0.0,0.08534231277106742,0.0,0.21058983997902797,0.25781623889372374,0.0,0.2820087642787747,0.219032842766364,0.0,0.0335544372161514,11.17093998230007,10.106262744584695,10.077060287764823,10.140937640817086,9.97074616442343,10.00542199035407,10.067892875867852,10.009198412191914,0.08090169422844581,0.0970038542016133,0.0,0.071256137195118,0.0,0.1285219672012005,0.0,0.0,0.0,0.0,0.0,0.5414941543130077,0.0,0.0,0.0,0.14768039931758864,0.0,10.009198412191914,10.009198412191914,10.009198412191914,9.996806745743493,9.881303329419042,0.24035818880268095,0.0,0.0,0.0,0.2813644094192095,0.04899167351410884,0.0,0.359031238378925,0.0,0.0,0.015367028361736779,0.10556588064396767,0.0,0.0,0.0,0.0,0.0,0.052080457568826954,0.0,10.349764114721578,10.012149961576258,10.009198412191914,0.12835874505279032,0.0,0.0,0.0,0.24519165556090666,0.05170336380248396,0.3791128777447381,0.23617076756383854,0.20855507922791244,0.0,0.0,0.002948491494899004,0.0,0.0,0.18160559165353102,0.0,0.21906181290562254,0.33094128965164415,0.0,0.0,0.13953942424530527,10.100394573141063,10.010415418179614,10.203124424778188,0.007165310720074208,0.03260020018374189
0.0,0.22649283364613976,0.0,0.0,0.4622919972011266,0.0,0.2166691086376631,0.0,0.11012999971094237,0.07885298520370261,0.0,0.0,0.2567581702052535,0.0,0.1651750154056362,0.12977754401689523,0.0,0.0,0.0,0.28867432666483805,0.0,0.0,0.14254561425190113,0.2800768781398875,0.18379648795929876,0.05588450154235897,0.0,0.0,0.18279156957980172,0.0,0.38367859852817876,0.22849266483304656,0.0,0.0,0.0,0.06956983891170433,0.15591645538149046,0.09933463068996978,0.0,0.0,0.039337019942137216,0.11191885946020189,0.25764021639910917,9.979916932028349,9.904578990313144,9.562553607123368,9.563831802548238,9.958383745383935,10.024402329758567,0.22867391989943248,0.04769544515201739,0.00010693227202742023,0.03528605804289273,0.20846240492369267,0.014285231011681943,0.0,0.0,0.06271112991652845,0.03704813254910938,0.0,0.018124591867266858,0.24769496280453648,0.0,0.05558909884843396,0.0,0.09005905001329158,10.84260275703248,10.062903683066013,10.035183016880396,9.845656416846284,9.707492047511016,9.97447098095091,9.932300176278956,10.080490991728828,9.847326742334143,0.0,0.1165867603933432,0.0,0.33913908263006326,0.0,0.0,0.0,0.08910480941315778,0.08892739710172161,0.0,0.0,0.30506851077795505,0.05713115610445604,0.2049981460858484,0.4501461996818586,10.925156428989585,10.165862516695837,9.985617219625427,10.053296510507518,10.024402329758567,9.937028514522028,10.006946937151762,9.889442802600033,0.35091613567320734,0.0,0.005222185883695817,0.037714662720033654,0.0,0.18690229147754167,0.0,0.0,0.005531790384960234,0.0,0.08340368094201377,0.0511835309567399,0.18640014010201808,0.02938381352863214,0.11317849383711392,0.0,0.0,10.137031520784971,10.024402329758567,9.809774057121778,9.899248317417237,10.024402329758567,0.0,0.21492434558337353,0.0,0.0,0.051190943279699266,0.10218814691001321,0.06486052913737163,0.21235620161367322,0.0,0.1798945811187351,0.015119809854660236,0.0,0.22889176096051358,0.2878654866371249,0.17472540287497001,0.0,0.0,0.0,0.0,9.930104299305011,9.982703285362685,9.828205794256256,0.0,0.0,0.0,0.0,0.0,0.019516178104198527,0.0,0.0,0.08470727027115302,0.1990029486178921,0.22914273237927743,0.2521342058667705,0.0,0.0,0.0919100133516839,0.0,0.01097591261014722,0.0,0.259889237942848,0.22064029521542544,0.0,10.050850727081347,10.024402329758567,9.99137875728008,0.0,0.06372581045551717
0.07734518352902194,0.0,0.15031885701842654,0.10294281612546244,0.1020110839599771,0.000412481607962705,0.0,0.14865124866395626,0.12184469407799133,0.03118003592980879,0.0,0.013920292927261447,0.0,0.09506791329976388,0.1740728156904478,0.37941022063624796,0.0,0.0,0.35911163350318415,0.19229620523372282,0.0,0.0,0.044086047053914626,0.010354953952681892,0.1762429175775767,0.0,0.0,0.0,0.0,0.09588463325209254,0.0,0.07701424624867059,0.2602236161388533,0.0,0.0,0.0,0.22514240150674913,0.0,0.0,0.0,0.0,0.19869808576578205,0.14816919187202954,10.012993766255285,10.206544278742093,10.137176467445993,10.15728430172839,10.078322248572585,10.097352410655345,0.0,0.0,0.2377804523555244,0.0,0.0,0.0,0.0,0.10894450249612476,0.0,0.0,0.0,0.0,0.28270774487108125,0.0,0.0,0.0,0.0,10.7397421309518,9.818024859218664,9.939164584577776,9.9353653528918,10.078322248572585,9.83077814721286,10.078322248572585,10.078322248572585,10.119189945809199,0.0,0.15940930135330228,0.18281804748690256,0.0,0.07067561680165514,0.0,0.0,0.0,0.0,0.0,0.0,0.0,0.0,0.05246676452518961,0.2545399225052554,11.164118666275717,10.144047689271702,10.078322248572585,10.069997590307826,10.138526393675013,10.043403556717486,10.078322248572585,10.078322248572585,0.0,0.3112997701250611,0.0,0.12872642787193905,0.0,0.0,0.0,0.0037734344740433232,0.0,0.19236636286820555,0.0,0.05904200872744836,0.0,0.12606821006286595,0.18530982816451996,0.0,0.0,10.078673416813382,10.129377770502892,9.999131460089862,10.10762049973823,10.0642267878484,0.0,0.17879943773984955,0.07590920607339698,0.0,0.0,0.0,0.3278402409898526,0.0,0.0,0.13682569454731192,0.10842442657109627,0.0038472808549947406,0.0,0.0008639283021477809,0.4035837055070597,0.0,0.0,0.0,0.2266917802557656,10.223415890535739,9.926243191518964,10.169848766489872,0.10472913834545705,0.0,0.0,0.003795225432377887,0.05675994441297443,0.1095605657673313,0.0,0.4089188978855449,0.0,0.0,0.05568342077105259,0.08119596193797535,0.0,0.0,0.08557181057797841,0.0,0.0,0.267012673449912,0.3866591311883022,0.0,0.13090340089180524,9.86296521306471,10.19132049432556,9.988641111067304,0.14104232686390133,0.0
0.022543750115899073,0.3804961312449394,0.0850101336502008,0.0,0.3609028358683365,0.028999107468671133,0.0,0.5142765725854598,0.0,0.3317062700176733,0.16050506321997365,0.06840924927852583,0.0,0.0,0.23865362956317393,0.2782878021827152,0.0,0.23498587247865282,0.0,0.0,0.28716721533709066,0.0,0.0,0.2522311541432973,0.12451601444236149,0.0,0.0,0.0,0.0,0.2973061409591249,0.2979019944985762,0.0,0.0,0.12557180535820925,0.0,0.11036142895314299,0.0,0.0,0.22683473337154367,0.04233543952172062,0.13084867786778848,0.0,0.0,10.226721171553907,10.258929871835923,10.226721171553907,10.243785962747971,10.061826866459363,0.15896805569154018,0.0,0.0,0.1584111103352612,0.0,0.20168831504707846,0.3169372745939534,0.08620407705350275,0.2750723581791227,0.0,0.24706987476820622,0.20072178119856726,0.0,0.23895736171206228,0.2360001352673857,0.0,0.32871535257832823,0.0,0.0,6.670865333413125,8.080642014717018,7.7088680865208685,8.515063940786286,8.802083337548684,8.486164936216142,8.9374271979563,0.0,0.28059429800715896,0.3061859823874446,0.0,0.05600300890499265,0.0,0.017225024675374224,0.2375852558139675,0.07925554012745534,0.0,0.0,0.06125200251556795,0.0,0.043159136122861715,0.0,0.0,0.0,10.401426434513626,10.234648581261549,10.246086041296921,10.458790738665845,10.28918051865879,9.940208561999793,0.1074528190518965,0.11339859680754973,0.20595144890525105,0.006939015176908561,0.3304922664363023,0.07859104177099363,0.0,0.03054267275263109,0.10761768190290692,0.44505519428523593,0.0,0.0,0.10645147130559589,0.2989277621490973,0.06590517423381449,0.17129202734827362,0.0,0.0,10.034260782826697,10.055057970575644,10.120695572415942,10.130487240995732,10.116087080464313,0.05070179405761974,0.0,0.0,0.17460122439788062,0.0,0.0,0.0,0.0,0.0,0.11876932505955196,0.0,0.0,0.0,0.0,0.0,0.4930988116106304,0.2802903006788989,0.1826231127024263,0.0,10.113749173921414,10.309091072028089,10.329125885143277,0.45082547257184835,0.0,0.14756956383183142,0.07288428121652402,0.20710797159426805,0.024430905178591252,0.11561920035129665,0.0028812945209037277,0.24880915129461506,0.18927898370140767,0.0,0.0,0.0,0.1708623042694033,0.0640384879488865,0.17387369222695678,0.04620157016115252,0.0,0.0,0.325586259831624,0.0,0.0,4.984540070899779,6.933360979235367,0.05789662294405073,0.18728230403767826
0.2975174574409537,0.0,0.11635094758680327,0.0,0.0,0.12039537402043508,0.17401523870575622,0.007387729870400047,0.0,0.03530590889105768,0.2815120470562282,0.45347577244292636,0.1346966240332269,0.16784035624540478,0.06919125575135275,0.046437971277990396,0.23877764444066935,0.0,0.0,0.16528734258328737,0.0,0.04118398791651379,0.0,0.0,0.17251033986315792,0.22092770846496035,0.0,0.0,0.3884606866127444,0.0,0.0863283064380312,0.276143190927086,0.0,0.0,0.16852662658034617,0.24619213924401054,0.0,0.0,0.0,0.0,0.0,0.0,0.20986749107768646,9.570232815583482,9.588240468823264,9.843897560813796,9.867954450096779,9.770577550836013,9.697337866518914,0.030240085668328337,0.042986852912776916,0.0,0.15628074848933596,0.14817714012371683,0.0,0.0,0.0,0.0,0.0,0.0,0.15266180811082777,0.12565156280627096,0.0,0.11166805169420232,0.06701136237093158,14.417626948934886,11.17126371534594,10.161973513967341,9.91907360353585,9.813783329141788,10.048953125923248,9.944107668392064,9.746013508443736,9.971292722446062,9.867954450096779,0.0,0.0,0.03576293279029149,0.0,0.1374990440114436,0.0,0.4262084029379595,0.31914224009620795,0.0,0.0,0.1393867787192274,0.10313380507950996,0.10433785942967784,0.0,0.0,10.87801616987955,9.90443641958825,9.715410576421725,9.868019829145089,9.99146215885004,9.838654309798637,9.867954450096779,9.739742612161598,0.0,0.0,0.0,0.0,0.20382788044673664,0.16661086933073097,0.20728404365858696,0.0,0.0,0.17078182324817737,0.3693863304252492,0.0,0.2138384138434431,0.0,0.16481281781903098,0.0,0.46810168998027624,10.048875364479423,9.752052355122109,9.554044517790475,9.743196752598063,9.867954450096779,0.0,0.0,0.0,0.0,0.0,0.0,0.0,0.0,0.04589387734354437,0.0,0.0,0.4227762079323542,0.1281984381246731,0.18754478059653973,0.0,0.0,0.1289936998531121,0.0,0.0,10.01205727477113,9.93716188745274,9.516229388369274,0.026595790227991835,0.0,0.14564738945734265,0.10090976551994482,0.12491701702142637,0.1781417870087194,0.0,0.20086042263831566,0.0,0.3412765737790917,0.0,0.07539970369002665,0.0,0.17201790033413378,0.05500093490327646,0.4895723549940917,0.1473603926604043,0.10450985257750801,0.14592107136591945,0.0,0.09168817642779771,10.232228924284643,9.91926907828787,9.93158956802134,0.0,0.06558266644503004
0.05255681269738918,0.0066920007575062505,0.0,0.0,0.0,0.24558090296671853,0.0,0.19097252440726117,0.0,0.01025222352671699,0.0,0.34689321492464426,0.0,0.005449932885541738,0.3142654882391475,0.0,0.15359022346288712,0.0,0.0,0.0,0.1573899101171285,0.0,0.1001033074285251,0.3311709806740506,0.28411497239664674,0.22524581189525575,0.20922422076499161,0.0,0.0,0.05279174014450515,0.0,0.07891060208160887,0.0,0.13767063094744814,0.2569527797689899,0.07169753697206865,0.1414536617222142,0.047758274757730305,0.0976283097401218,0.0,0.25311936050751166,0.0,0.0,9.863891685390014,9.87309235080258,9.730329486681754,9.681986752520928,9.87309235080258,9.655540561727605,0.14994763585703935,0.0,0.0,0.18339503094823115,0.0,0.0,0.15398187348553877,0.0,0.09313524229401497,0.0,0.0,0.2691090264997912,0.12154147333523103,0.13680808119810203,0.16014251271007748,0.0,14.254300265866402,10.906804551420231,9.87309235080258,9.779429690210481,9.87309235080258,9.899537855619775,9.80893773116329,9.763018360407415,9.870521730792785,9.88051305126466,0.37933683890183423,0.0,0.1778488061426654,0.0,0.5494850287808305,0.32732654270536415,0.12876553320794126,0.12453443129746607,0.0,0.0,0.26068202334359514,0.0,0.16806427145837252,0.0,0.0,10.8259851596417,9.750916361522371,9.886099219585414,9.801053806337096,9.96143111671297,9.87309235080258,9.880066205666767,9.722099871485785,0.0,0.0,0.0,0.1304018039780115,0.1317892757605148,0.22312495796518325,0.0,0.0,0.0,0.10757184660692358,0.14452237290446823,0.08615307322225439,0.0,0.0011909269439263179,0.0,0.03479741764895377,0.4030144116942902,9.903547596014397,9.87309235080258,9.660413075676441,9.87309235080258,9.87309235080258,0.0,0.2385163037258094,0.0,0.0,0.11240196843774046,0.09523347083001295,0.0,0.0,0.015048174238581099,0.24318312041691342,0.1203167502398887,0.17791569463741846,0.043521400444465924,0.11272787156200405,0.008846910363001507,0.17408276336770248,0.0,0.0,0.0,10.193451205816359,9.6996384413404,9.879152573846877,0.0,0.3161699319181068,0.0,0.0230693334770582,0.08799121172955253,0.0,0.20437256222356334,0.0,0.0,0.12937134016592064,0.0,0.38563171509890964,0.0,0.18590021423969683,0.0,0.0,0.0,0.1720862077548638,0.1040618163928722,0.0630189426783439,0.0,9.87309235080258,9.815039494881418,9.437353989960615,0.0,0.0
0.16174969105005782,0.0,0.22532585048325315,0.398072799557419,0.11798173087886159,0.0,0.17523926450954072,0.05699570939188999,0.0,0.0,0.0,0.0,0.0,0.0,0.0,0.08953071716310257,0.23192828055566098,0.0,0.0,0.0,0.0,0.0007473093704265896,0.0,0.0,0.0,0.0,0.0,0.0,0.15508203603982945,0.0,0.0,0.0,0.13375016577969612,0.0027346544174481316,0.0,0.0,0.29084072937673044,0.0,0.0,0.0,0.21066508420854022,0.2053085413082767,0.07284861247375655,10.224130539619543,10.124501966331774,10.209866485204339,10.026442065860236,9.985369911478726,9.982561775329678,0.23837414119194555,0.06640640583963056,0.0,0.29721866692274146,0.0,0.20747703761039415,0.2640463512779025,0.06675062940603643,0.07386700662504808,0.29899380376924795,0.18613186037376164,0.1831068965198478,0.0,0.0,0.1790576604186062,0.0,14.39681360038248,11.298803885093998,10.510714397708748,10.444650187280038,10.201896253405689,10.332501876350053,10.378833496224036,10.094914268027727,10.259773569300275,10.037056338796193,0.0,0.0,0.009259009421199992,0.5914790829238683,0.14249783918000203,0.0,0.0,0.2476154868634046,0.0,0.0,0.04843110534514453,0.019355710780899208,0.0,0.002155670034391546,0.0,11.174330569350763,9.738756063518478,10.238992927123924,10.224130539619543,9.960626285675808,9.913678348363893,10.028191270218556,10.224130539619543,0.0,0.04413827970685422,0.19004659294440712,0.0,0.010185144352176313,0.1194001835123233,0.39757054517343576,0.0,0.14020045063848668,0.0,0.0,0.2697674995463376,0.0,0.0,0.09850658346652615,0.0,0.0,10.410478737235318,9.990568827134938,10.162617979347894,10.143416290776123,10.224130539619543,0.0,0.0,0.07729601555768326,0.0,0.0,0.04202089020267391,0.0,0.0,0.0,0.0,0.2457703374771265,0.34896436915528994,0.0,0.1880026716286594,0.5194602844120811,0.02573900840859973,0.11086602055989103,0.22893117632242801,0.4749602130791921,10.393225235482502,10.244260152287973,10.193209359259717,0.0804957767142806,0.1378092208270374,0.07855911463271226,0.14911531734490094,0.04150399548866546,0.0,0.3813334050409166,0.20133904560200366,0.0,0.0,0.10895365096893511,0.0,0.0,0.0,0.0,0.0,0.0,0.370595531216839,0.0,0.27509650476720454,0.0,9.986478053323411,9.985701479198665,10.104076853248538,0.1410084200164671,0.020313293921542207
0.0505008636377253,0.0,0.0,0.0,0.0,0.0,0.14361677507590653,0.29496686309737175,0.0,0.0,0.0,0.23566489213993502,0.0034831295709245257,0.04419600521050285,0.41065148914824257,0.11796722476147956,0.021751369526445432,0.0,0.10362489892299329,0.0,0.020340043054991718,0.0,0.055097499429185834,0.0,0.0,0.5805862604234745,0.09438627331339294,0.21094477406549106,0.0,0.0,0.05075789905825765,0.0619260070768583,0.11908058481249148,0.0,0.0,0.12421270251225291,0.0,0.0,0.14596503700765645,0.1678569605072514,0.0,0.08047224463266181,0.0,10.091268872101724,10.091268872101724,10.039664964977927,9.928931168812392,9.979975916485158,10.099975135982648,0.25161844442115455,0.1762176158477186,0.0,0.0,0.10594418251880486,0.0,0.1643469754180279,0.14154973675472277,0.12825207415192966,0.19540026007259723,0.0,0.0,0.0969423524930842,0.05473305528802371,0.0,0.0,14.346118647897967,11.289626723156038,10.006555971388089,10.127315768262067,10.091268872101724,9.830681146460547,9.994211930853538,10.021056772121899,10.126385418825382,10.091268872101724,0.028894883186471394,0.0,0.0,0.13625009119497422,0.0,0.0,0.0,0.15584394013427585,0.015903154161889598,0.028378295211020664,0.0786352422787851,0.134013475357728,0.0,0.276916552085193,0.0,11.21415410489259,10.131682533805716,10.091268872101724,10.127779833042924,10.106056465446523,10.091268872101724,9.942233577273294,9.874416351631183,0.0,0.2527401203184996,0.0,0.2839508172637551,0.014418316540127341,0.17237616582732812,0.09039430581680223,0.010522444048830898,0.0,0.1936461550854694,0.0,0.0,0.021670727413357353,0.18319154633199183,0.327772898375196,0.0,0.0,10.102989178592766,10.091268872101724,10.00273700221306,10.091268872101724,10.091268872101724,0.23116659967815142,0.0,0.23453525422336266,0.3848614956112933,0.0,0.0,0.0,0.0,0.09450299570948317,0.3361861639104756,0.21180913662181705,0.18061241610042644,0.0,0.28940574773628086,0.2897858819004197,0.0,0.0,0.16153311488572958,0.19162631767605814,10.516430147530377,10.244638413033936,10.077994469401768,0.3132182221714892,0.44002879835159114,0.0,0.0,0.21518971995722325,0.0,0.0,0.011389907459218751,0.0,0.0,0.2533969383185035,0.0,0.0,0.007752882626770805,0.14091634781920112,0.08381495191770177,0.0,0.17481470369764246,0.0,0.0,0.11472723201784302,10.167831455030287,10.280724698636028,9.941087385274564,0.0,0.5070419516164734
0.0,0.22072008653198938,0.0,0.10649299072782567,0.2369553376988166,0.0,0.0,0.13420585769759547,0.18339936723629274,0.36261171073096365,0.0,0.13328608438096626,0.0,0.16307420494843813,0.0,0.0,0.1584052031666453,0.20920592619257306,0.19561187952813036,0.2796684209605267,0.0,0.5442201167422043,0.028800467076548732,0.0,0.2635517530543359,0.03696740741753561,0.0,0.0,0.02169856171152605,0.0,0.0,0.2804022725232386,0.2439202508566106,0.0,0.0,0.12389517875345823,0.03806403901321802,0.0,0.14331997133609353,0.22650383226240592,0.0736786201781821,0.0,0.07128638660700909,10.366174587647324,10.313318348245694,10.197903491831026,10.366174587647324,10.366174587647324,10.366174587647324,0.2258262216200359,0.0,0.22765321425715473,0.2672194120736303,0.0,0.0,0.21672233285544645,0.24363579681620667,0.08907077154843804,0.02059202555440079,0.19675079331022718,0.0,0.0,0.3833049523680936,0.060457197728147415,0.0,14.745556190099226,11.572129358174628,10.366174587647324,10.418516073173565,10.366174587647324,10.35247633630735,10.48103897279822,10.395297879136097,10.522215629483924,10.45251519996494,0.0,0.0,0.0,0.0,0.0,0.5139308190396562,0.0,0.03995735176705304,0.0,0.0,0.3473912967170213,0.13290573685312895,0.0,0.0,0.3044286031417913,11.471846394160888,10.281688620761706,10.441399508369365,10.314419912397872,10.366174587647324,10.366174587647324,10.366174587647324,10.172771733745316,0.0,0.0,0.15474749047966999,0.0,0.0,0.0,0.04228480309971373,0.26297700517259004,0.0,0.0,0.011147234617470752,0.0,0.0,0.08764475934655308,0.0,0.11568633863748938,0.14299970620422917,10.608992398611196,10.27104790697102,10.269958407171062,10.003763110010281,10.297192773348264,10.366174587647324,0.0,0.010190037964514655,0.32226210728343274,0.0,0.20049956509649827,0.0734920528795722,0.0,0.18930295581519738,0.0,0.04588726986418218,0.0,0.0,0.31324408624769917,0.0,0.47589138495415234,0.0,0.0,0.3469211792408468,10.66605140894257,10.559275616466753,10.366410374309718,10.366174587647324,0.0,0.0,0.0183054609727085,0.0,0.0,0.0,0.0,0.1660415395228811,0.10047813040032653,0.2685051558256388,0.0,0.14575612697324697,0.10444272341870502,0.28846891671075603,0.04266329604430595,0.3709245561051222,0.0,0.2230451549021869,0.0,0.0,10.178893894981721,10.167734605128516,10.261097283178868,10.218409905593845,0.023968749136396305
0.0,0.0,0.14525330147397522,0.24669224355870842,0.0,0.0,0.0,0.427381597530723,0.10255378693807046,0.11209380244356948,0.1655087411932961,0.1153834904326046,0.27858940262538,0.0,0.08282012769867289,0.1216829396795755,0.21357128751462157,0.0,0.4367079154558311,0.0,0.0,0.0,0.0,0.0,0.19894226408366114,0.0,0.0,0.0,0.2325581606423525,0.1408081097488174,0.0,0.0,0.0918978082993811,0.06318022425912272,0.0,0.0,0.0,0.3011622002643701,0.20794631179435305,0.22683980014126232,0.21125365696987455,0.1079865897622596,0.07661111827481137,0.3301056681774675,0.0,0.0,0.05374636152324925,0.0,0.0,0.0,0.0,0.0,0.4618606240616569,0.0,0.11558884671733437,0.0,0.0,0.18353782897636547,0.11304492455607415,0.0,0.3028840917401325,0.04757941363251951,0.23121783055790876,0.0,0.0,0.0,0.06052364547863803,9.884628878779113,9.977213002277114,9.896080980919958,0.0,0.0,0.3296480465823905,0.04292900284497886,0.02714633688786601,0.0,0.03661565934086664,0.05871407366364684,0.09921945296722452,0.024914377555945496,0.0,0.11219854983002821,0.21120046572689377,0.07895697319131054,0.1735701746713544,0.15974851173081217,0.0,0.0,0.30243294905696144,0.005046933897826783,0.23358241358589296,9.846987558232714,9.848204296600256,10.068105531597304,0.24332155502843775,0.10093557549499904,0.0,0.0,0.029227385436396688,0.0,0.12662174102387472,0.0,0.0,0.22809371012187935,0.0,0.0,0.0,0.00888847785822305,0.0,0.0,0.0,0.009695166338607376,0.057575515514400176,0.3061780199286046,0.0,0.0,0.0,0.0,0.2714644507268233,0.12171348067866114,0.12582509516047713,0.08264103380993694,0.009114811018520774,0.11447310831518384,0.1081922038695053,0.0,0.0,0.1963578193968428,0.21267301087749724,0.0,0.4230593552399591,0.20752140944385697,0.0,0.0,0.0,0.0,0.0,0.0,0.0,0.15245629293350998,0.0,0.04350296634286913,0.0,0.0,0.052907522068113236,0.0,0.12093116363621076,0.021440029235198308,0.0,0.0,0.06362692233412569,0.055366190079394896,0.0,0.3495618971273232,0.05934692751999619,0.11667654164648598,0.07904206391551537,0.0,0.0,0.07501780241371647,0.01420834801230757,0.0,0.10482922502826576,0.0,0.10384565565361943,0.026092914736901077,0.17046292735025248,0.17747667121739463
0.0,0.0,0.0,0.0,0.14322713245351257,0.0,0.0,0.2133455870043547,0.0,0.16435078548992643,0.16475410636529134,0.0,0.0,0.03247981668232507,0.0,0.009742521520148878,0.0,0.047265473025578174,0.0,0.0,0.16720970985661032,0.0,0.3662072920439726,0.0,0.0,0.0,0.1752919308953084,0.19329896055720955,0.0,0.0,0.09819762717200345,0.0,0.22302674276836532,0.20347089721358386,0.10108033924884796,0.04607728908963074,0.0,0.00926570192416844,0.0,0.1724161794339911,0.26792779347594337,0.13023197096637718,0.0974136032572265,0.0,0.20932834047058355,0.0,0.0,0.0,0.0,0.12869063038555664,0.0,0.32185545455027575,0.12262108145966595,0.2457540296111893,0.16158251681953464,0.0,0.0,0.0,0.12331080686291994,0.0,0.0,0.0,0.14217727054187437,0.0,0.0,0.0,0.0,9.049188694857069,8.905999802251555,9.49189906098436,0.11788177988978937,0.33066632851603645,0.05924619789298407,0.02323388187135219,0.0,0.0,0.0,0.4269804137408461,0.0,0.0,0.0,0.24648373576269256,0.0,0.08356805600523123,0.0,0.0,0.14159741904335194,0.0,0.13701307885992894,0.0,0.1837344149825013,9.74391870949493,9.743716238482573,9.74391870949493,0.0,0.0,0.18676067867966656,0.09401038595809959,0.0,0.030697349501031937,0.0,0.0,0.0,0.0,0.0,0.15526397034099465,0.0010148588891277877,0.07076230478842906,0.0,0.0,0.0,0.0,0.0,0.20606337511284512,0.0,0.141907664526753,0.3896507373964181,0.0,0.0,0.0,0.11350901991148837,0.0,0.24487696454573613,0.15509414239168304,0.0,0.0,0.0,0.006397260265321561,0.004074883931881823,0.21987212516994362,0.0,0.0,0.0,0.0,0.019014450863003313,0.0,0.04086282975392547,0.0,0.059833658010939345,0.028057546734326727,0.0,0.24257454851693905,0.12705162463365866,0.0,0.015649133983472757,0.0,0.0,0.0,0.0,0.41485019803810425,0.0,0.0,0.0,0.0,0.015446835414498816,0.0,0.017992333328908424,0.39044547175294814,0.0,0.0,0.16134061639083233,0.0,0.09814758093302596,0.0030247692916472815,0.0,0.17832018087913318,0.0,0.0
0.11923391115640643,0.0,0.0,0.0,0.0027187326285922743,0.0,0.0,0.050168244306784786,0.1641712557102096,0.0,0.38534649742044297,0.0,0.0,0.1639304217045676,0.13197514384335018,0.0,0.09782315491815423,0.04113307353191914,0.0,0.33960824578839377,0.2229886521888527,0.25549603886996114,0.0,0.0,0.0,0.0,0.0,0.0,0.0,0.0,0.0,0.0,0.003758197437501485,0.0,0.0,0.03974977654188325,0.0,0.0,0.0,0.16412520368911837,0.0,0.0,0.0,0.11104846305594267,0.2698795307773951,0.32271820729390444,0.0,0.19573823207784397,0.0,0.0,0.1056968069444477,0.0534308639103014,0.0,0.07823484641180495,0.18524916286831167,0.12586074502552816,0.0,0.0,0.0,0.008127661914457147,0.0,0.0,0.1615107399714441,0.0008289064548168349,0.0,0.0,0.0,9.778032902429262,9.542481955904474,7.9488687759967815,0.0,0.21622512507385128,0.0,0.0,0.17435279130835812,0.4060234190760226,0.2731999790516226,0.18737690382374977,0.0017987759844429192,0.0,0.21518530172560948,0.0,0.0,0.44096483553891835,0.0,0.0,0.053778853451627515,0.2681520082360178,0.20294572766359953,0.033148515491923006,0.0,9.685944438388955,9.724647114989207,9.890856520146505,0.0,0.0,0.041154775476702876,0.21697163427630875,0.03486967127842245,0.0,0.0991033500743324,0.0,0.18269685067050634,0.11139344463744602,0.0,0.0,0.3136418276035536,0.05301491008898852,0.0,0.0,0.2061036836776282,0.0,0.0,0.29543683336505316,0.0,0.0,0.0,0.10557226900459615,0.0,0.0,0.0,0.33485822028344037,0.0,0.0,0.0,0.22247521604846826,0.0,0.0,0.0,0.0,0.0,0.1170746617998413,0.18062026025545333,0.009020358915122503,0.0,0.11142619752227254,0.14985878596539629,0.3967305458706436,0.0,0.15155144430395034,0.3365204809518476,0.0,0.04444141480944622,0.0,0.13317875454376518,0.0,0.0,0.10538697342472005,0.0,0.0,0.1093909830581152,0.059578692985828914,0.041326023245367986,0.0,0.0,0.0,0.0437812832764463,0.07594995244113967,0.0,0.3135621359785154,0.0,0.0,0.0,0.0,0.0049403605358458716,0.09299441359674954,0.06831172789701748,0.0
0.3697482712991573,0.0,0.0,0.07307490873670623,0.0,0.4054398920542692,0.0,0.0,0.0,0.03160325153442886,0.0,0.3153815944905791,0.0,0.01265982686756445,0.23436626252381967,0.0,0.0,0.0,0.0,0.0,0.0,0.10487815732640113,0.0,0.0,0.045660062115267866,0.0984933692241243,0.36433965686945285,0.02674246394494636,0.0,0.06936346435487074,0.25652811970272493,0.16627541692830017,0.017015007611972385,0.0,0.0,0.10938598764555646,0.11969919465344234,0.0,0.0,0.0,0.0,0.2443420506862891,0.3661162680187014,0.0995430443921158,0.11967654619317905,0.12965625210521406,0.16220539504019565,0.0,0.0,0.07527540298685431,0.2082208499976852,0.33857552129309687,0.016017809606282195,0.0,0.12881026070202162,0.2895620768131879,0.0,0.15894680554477525,0.14850794961338235,0.0,0.25183480114291235,0.0,0.0,0.1497722648087408,0.04112476802317384,0.0,0.0,9.486827728489345,9.405354370161055,9.486827728489345,0.0,0.315242741928031,0.01319880132385172,0.0,0.0,0.5391416778764847,0.22880263748051052,0.18738521794326057,0.0,0.023479628393517894,0.15738637500837135,0.20203832464424618,0.013986391655063865,0.04063448160414508,0.0,0.0,0.0742665685352031,0.0,0.1707532647295522,0.0,0.0,9.486827728489345,9.486827728489345,9.582367280763105,0.0844295545717797,0.11916492357513407,0.0,0.0,0.0,0.0,0.0,0.0,0.0423957485764174,0.0,0.0,0.0,0.0,0.0,0.15836736509140772,0.0,0.12142485247863115,0.0,0.0,0.24614842418777536,0.0,0.0,0.0,0.0,0.0,0.10663073491557774,0.0,0.047608092914017824,0.2595990236740038,0.0037564729186206087,0.0,0.0,0.197995799751761,0.47861302625228,0.0,0.010317200134915496,0.0,0.042817276028321805,0.1370391974232976,0.1838732102403547,0.0,0.0,0.2813486627252681,0.06357691158138902,0.0,0.0,0.2718269520586188,0.24917187059324936,0.20434762070931764,0.0,0.0,0.0,0.0,0.0,0.10198981967226864,0.17281398205408655,0.0,0.0,0.0,0.08644798207170411,0.0,0.009673324640988055,0.044293035987844356,0.0,0.014261562094049414,0.09084200121602296,0.1929200371525881,0.0,0.0,0.0,0.2758260910875135,0.0,0.0,0.025344448777373046
0.04303110848296785,0.0,0.0478762112136167,0.21310404729732893,0.0,0.21268190756667654,0.0,0.22608191874139735,0.254221619018333,0.0,0.1656660865136821,0.1338628241788949,0.0,0.0,0.0,0.1264676570983227,0.19227244000894916,0.0,0.3535833422163887,0.0,0.002843590888520758,0.0,0.0,0.0,0.0,0.0,0.019895262840952138,0.0,0.0,0.052702902403580776,0.0,0.0,0.1262390832838843,0.0,0.16958513754740367,0.0,0.0,0.025866666986792995,0.05481147050889104,0.19002401553401121,0.0,0.20906156403593498,0.0,0.0,0.0,0.25325717251928226,0.0,0.0,0.0,0.0,0.0,0.0,0.05849129956083426,0.0,0.0,0.1490493756487824,0.17363301219153915,0.37405056735479447,0.0,0.13616586788610485,0.0,0.3736799166160437,0.143448899310212,0.20153532958422948,0.0,0.0,0.0,9.608397801343715,9.608397801343715,9.608397801343715,0.05210831775386256,0.0,0.3673150351915963,0.29886010739202895,0.3397347937945903,0.18800025533188597,0.22194370371599878,0.5030088234836605,0.0,0.0,0.0,0.09469419723886845,0.13234883620118143,0.0,0.07192127248438235,0.4521956102067903,0.021038312848701266,0.0,0.12185465288527744,0.08562886831324047,0.05587788189726711,9.604619301395456,9.656205891557226,9.69358527077866,0.0,0.0,0.0,0.0,0.1868530543168099,0.0,0.39036577759321556,0.30374109378748415,0.13070478298081442,0.6370119725466385,0.31911051612257707,0.0,0.0661045657710917,0.5701960789867327,0.3263483088938756,0.2569985512419798,0.11771210728107234,0.0,0.0,0.037951650845370596,0.0,0.0,0.0,0.13514793739189432,0.36628919386479397,0.0,0.0,0.0,0.0,0.0,0.0,0.09007425630150825,0.0,0.0,0.026886074112373228,0.0,0.0,0.015973692965246877,0.0,0.02091239450143162,0.0,0.0,0.10410443081215483,0.0,0.1375547612051451,0.18835322701253038,0.0,0.054776914397684826,0.0,0.18648408831739874,0.0,0.026042739404294843,0.1247739913408381,0.24230699317561857,0.0,0.0,0.0,0.3141633686615254,0.0,0.3525202577758082,0.0,0.021124377878746003,0.10700557609998845,0.0,0.0,0.5989403050464502,0.21131635220528522,0.15366245000876566,0.07034920837259083,0.0,0.0,0.010171680754681348,0.0887892825131554,0.0013064310261211404
0.09570379260614839,0.0,0.0,0.08723021351088014,0.06977250897351177,0.03670887222294139,0.0,0.0,0.0,0.1599935944362369,0.0,0.03422549315975675,0.0,0.09039378568964496,0.20829471651841125,0.0,0.19059623012829408,0.12168745162255724,0.02741599618287327,0.05815886579693779,0.06605852771140908,0.0,0.24962761727038257,0.0,0.04343836852980573,0.11536624575497452,0.1606360885383323,0.0,0.0,0.17438478582651487,0.25684140388927085,0.0,0.0,0.01778322067890452,0.17222993045508445,0.0,0.0,0.0,0.1004163853193324,0.025370108513778758,0.0895148040871794,0.0,0.37541307864848267,0.0,0.0,0.31626007265645295,0.0,0.0,0.0,0.0,0.0,0.24319452200410846,0.11576430675502944,0.0,0.0,0.14701001115043683,0.0,0.0681017646237346,0.009899169478384427,0.0,0.0,0.0,0.2953958182732115,0.0,0.019327505713068134,0.0,0.0,8.477548367872183,9.52974780287247,9.385028490770951,0.0,0.31193198633443175,0.0,0.016065764375866036,0.14037008002796106,0.3333525177802529,0.0,0.44881488205049136,0.0,0.026095724132918652,0.045122092645687145,0.0,0.0590041472598013,0.365731821943033,0.0,0.20810073758436426,0.20166277409479108,0.1883115801042095,0.0,0.10210649393588778,0.31096421872122737,9.31048124316099,9.31048124316099,9.005568240171712,0.0,0.37362169319856625,0.0,0.0,0.0,0.0,0.06122415769626394,0.18912386679895454,0.0,0.39214669123202434,0.1420383417437592,0.0,0.0,0.11972828162031908,0.17984553659481473,0.0,0.0,0.22186016281579252,0.18773086337841885,0.22691037277901535,0.10629956464283892,0.09893029601265325,0.18842288572746038,0.1015680991053532,0.1966588172120198,0.08229325346403392,0.0,0.0,0.08899927407675186,0.0,0.21171731179366643,0.0,0.06806641319946394,0.2582006896301153,0.0,0.05142388885256943,0.04812410477980654,0.18273750443375078,0.04048204135564195,0.0,0.0,0.19875527665938036,0.05741665725135417,0.3366460303250099,0.0,0.05733962859031314,0.14860563978813374,0.0,0.0,0.32014634014327215,0.104519127392838,0.0,0.11676090974889301,0.0,0.30786579989541607,0.2092876769505693,0.09618531445542701,0.0,0.09473128373059438,0.102894925902869,0.006140082933892226,0.0,0.17178792170246424,0.0,0.45827634874014944,0.0,0.004726173824895016,0.028274598457439588,0.11470776160985138,0.01802950420729695,0.1876610215128404,0.0,0.06381208881820265,0.13134878244631037
0.0,0.0,0.0,0.0,0.0,0.0,0.0,0.0,0.10279841970955071,0.00905062890723384,0.08816416008908597,0.0,0.09403390329370499,0.0,0.0,0.15109517488875307,0.0,0.0,0.06242583183755521,0.0,0.2080280544757132,0.0,0.07252395492383555,0.0,0.0,0.16068967171924903,0.045747816049581926,0.18317369646797724,0.0,0.0,0.08842335566884647,0.13593781895960794,0.12836178694344602,0.0,0.0,0.0,0.0,0.1059295393806318,0.0,0.03800338372333728,0.0,0.1652483496074099,0.0,0.0,0.2661532251481032,0.0,0.0,0.12264051401292837,0.07006095377780233,0.0,0.0,0.1881992384091507,0.04273133281446828,0.2077469433173279,0.05614148330603661,0.0,0.0,0.0,0.23061084547383603,0.0,0.0,0.029367158592887955,0.1735904082230985,0.0,0.0,0.5217445223848631,0.0,9.809919142642244,9.973897084196986,9.555422438062955,0.0,0.0,0.0,0.6343027143251874,0.0,0.0,0.0,0.024330667588634038,0.17420693343136814,0.0,0.3070194393851266,0.0,0.0,0.0,0.05292473204717178,0.15063310867917407,0.0,0.0,0.11872149233764026,0.18236750534606525,0.0,9.76282731482819,9.76282731482819,9.715561633501965,0.04132674906311027,0.06546150641565635,0.0,0.0,0.20614274719078024,0.0,0.1587179396067872,0.16118052745724104,0.0,0.12947061303497073,0.10514743637728648,0.75977910597677,0.1975059728231246,0.0,0.04739769732945841,0.2004321972696067,0.10682577387943995,0.0,0.0,0.44492823712355983,0.0,0.0,0.049021891240639784,0.0379209356623065,0.08456018490100123,0.13216986867456879,0.23344264186850838,0.018210959720399003,0.2651243437113377,0.0,0.58539305898948,0.0,0.0,0.35928066398299746,0.014050299292348762,0.0539901065635299,0.014602179430995437,0.09644986739634988,0.0,0.3552852844992405,0.0,0.11207209868334443,0.0,0.1232763830897887,0.0,0.02097671063581357,0.27495534834530344,0.20928846243565355,0.0,0.0,0.0,0.0,0.251611878434022,0.0,0.0,0.1370430401199872,0.0,0.0,0.0,0.12811696613124315,0.0629339016130629,0.0,0.3999881948654898,0.0,0.0,0.004645582684149281,0.0,0.023183355049688242,0.0,0.10037167176396695,0.0,0.0,0.2145073901888729,0.1300022140802237
0.26929065531891333,0.038759892758563765,0.127121525576781,0.049971302692090755,0.056058513947273486,0.0,0.009048208011915453,0.0,0.2292812031490169,0.0,0.0,0.04105970542765409,0.0,0.0,0.06727323593978825,0.1640262372334242,0.20417846865932107,0.23155624750524292,0.09627134116608847,0.0,0.26750432079092773,0.0,0.07592269977013343,0.09596767354515465,0.0,0.0,0.0,0.10626902778082946,0.34642006346257803,0.0,0.0,0.0,0.1154846654312412,0.0,0.11761758488719583,0.0,0.11426757435547702,0.0,0.0,0.046832138851783445,0.05302424343881522,0.0,0.10999894708102212,0.09175117038327488,0.0,0.27902939639536684,0.11704698328090511,0.0,0.24046135771315813,0.0,0.15244874160820493,0.01639313476086441,0.0,0.0,0.0,0.1581528787949607,0.1924437415730473,0.0,0.03890784262358149,0.0,0.0,0.0,0.0,0.19803346696422525,0.20412927662508884,0.0,0.0,9.64142596997154,9.64142596997154,9.64142596997154,0.0,0.0,0.06269887196361067,0.0,0.08040103746584198,0.0,0.2273939479421267,0.2889089344825534,0.0,0.2477751117236964,0.0,0.26858879469057284,0.09384576362382019,0.11956380298068267,0.12079047347786219,0.1095350262670302,0.0,0.0,0.04071586627302894,0.04757308431339141,0.24166330128835042,9.698540164775762,9.64142596997154,9.541039985121342,0.13292460738778722,0.08225135629940936,0.0,0.07470662120823686,0.0009035246593459172,0.1893770173240819,0.2164161823385685,0.41599493190645326,0.04343293455450824,0.10325426447392463,0.025623992230447697,0.0,0.0,0.0,0.0,0.0,0.0,0.0,0.0,0.0,0.04774682957510122,0.0,0.048170040821790064,0.0352489326352677,0.18575919211763153,0.0,0.35976420705362755,0.04849308218319677,0.08717545358230376,0.0,0.0,0.28954676873777846,0.20233344196917927,0.0,0.07328352746228535,0.0,0.23668598545573638,0.0,0.02914766876929062,0.0034098858539952145,0.0656161809722972,0.0,0.0,0.1948058707850957,0.0,0.0,0.0,0.027666006554835587,0.0910836847541855,0.02218084685747108,0.0,0.11554015737242126,0.0,0.17758855384502253,0.23045174223781734,0.0,0.1792882707272867,0.23057833552931079,0.0,0.43654679008658775,0.020549408673067034,0.3584734426139503,0.023217522539704247,0.0,0.19313422055337498,0.0,0.004400690875362451,0.23326235513095445,0.0,0.0,0.0,0.18096783768692118,0.0,0.0
0.010017062608905659,0.0,0.3528409889177972,0.0,0.2481428034480037,0.23738209458163095,0.07213413362782191,0.0,0.0,0.0,0.0,0.034649886501279877,0.3859929946287764,0.0,0.0,0.15989803913094944,0.0,0.3179309698097108,0.0,0.0,0.17312218899957388,0.17275439843222853,0.06857943869983318,0.07788012156005991,0.0,0.0,0.15234359802391761,0.041089671346501336,0.08553601428336785,0.1318303014290412,0.10356698243954246,0.0,0.06688111714678224,0.0,0.0,0.0,0.0,0.3653937229147597,0.0,0.0,0.05369559159974332,0.0,0.0,0.09530843946789422,0.0,0.23331238572497498,0.0,0.06974366865248077,0.006016589506492844,0.044422674740482136,0.0,0.3254053529440626,0.10025177600784815,0.0,0.5149980018139253,0.25927894987423383,0.07141485797310732,0.0,0.09481380265982417,0.06329888225543745,0.0,0.0,0.0,0.3264737352106438,0.0,0.07909289654234197,0.0,8.996856945064337,9.261525634027754,9.19718766392116,0.0,0.08313370200805435,0.0,0.0,0.04299544199572858,0.007187269486771678,0.1750554360471025,0.024844781139191557,0.2962719169414957,0.01865116782173079,0.0,0.0,0.0,0.0,0.15636853580530982,0.2672396626102711,0.02764852764533409,0.04013684853443706,0.00895553118655509,0.0,0.0,9.284994043166952,9.220020847773071,9.299744218314206,0.0,0.0,0.14868993728639668,0.0,0.0,0.0,0.0,0.0,0.30794083483853724,0.13520603455176392,0.11369206073322624,0.0,0.29805427747793456,0.0,0.047628075489653365,0.09798406380348768,0.0,0.0,0.07724903658483429,0.31001873202394,0.0,0.0,0.11441305930978324,0.17686736452439591,0.27790802648870405,0.33746496891271505,0.0,0.13682113021846545,0.13845544720336922,0.08399311560421781,0.18007640645970466,0.0,0.0,0.0,0.4365274016676346,0.05227834886691124,0.1607123496436625,0.0,0.0,0.0,0.020105500728855225,0.0,0.05800080087483653,0.0,0.009701659561917732,0.0,0.02533032516842782,0.0,0.058081584438739474,0.057577332771985706,0.02392593985937817,0.1901290023761013,0.253325280386872,0.053690730810601175,0.3301869854657016,0.09325932860485268,0.06062622700423871,0.0,0.033155614222627396,0.15577445733665463,0.0,0.0,0.0,0.053713192653633654,0.020367798343966625,0.0,0.08564697542020588,0.23236580163654075,0.0,0.28853700164077406,0.0,0.016828644793260312,0.413365904495386,0.0
0.0,0.0,0.0,0.15490322682895288,0.015061035575455784,0.0,0.0,0.0,0.03010537596185253,0.18281840575199282,0.19055858414540078,0.23904018650648087,0.12587462733768112,0.04603162133690027,0.0,0.08582769133644709,0.12127616602447085,0.0,0.12845536813702654,0.0,0.0,0.0,0.23893216289620484,0.40334012730345453,0.0,0.030187832825570138,0.016855572043222206,0.0,0.057855353040346245,0.0,0.10493628264526386,0.0,0.06805165026250415,0.0,0.12032194219662519,0.0792802065730054,0.0,0.0,0.19549588943596408,0.029952528320377186,0.07743319148935096,0.3203099701661548,0.0,0.22491229412560665,0.07185627815262557,0.2045808713149124,0.0,0.0,0.0,0.12519538923563472,0.33060231600251927,0.22241347868847064,0.0,0.5656353880135505,0.0,0.0,0.28957443948829426,0.0,0.0,0.0,0.0,0.1634380205542538,0.0,0.018647695912654864,0.0,0.04153822236797649,0.22278480476994114,9.445577658063963,9.377106882410834,9.446006053334008,0.043800522680304134,0.0,0.0,0.0,0.0,0.0,0.0,0.0,0.0,0.0,0.0,0.0,0.1211621378449824,0.0,0.0,0.0,0.03834425458312993,0.061748030069215316,0.006325235448120724,0.03490378545038093,0.06097488416615085,9.40395834037349,9.473933308229626,9.337859023942007,0.27957667540659115,0.12215255518978928,0.006941426169477658,0.0,0.0,0.0,0.05378260922576554,0.0,0.0,0.0,0.01847211960463914,0.22990504834297656,0.10034601437394178,0.0,0.0,0.0,0.0,0.38515049607131946,0.08247830555308361,0.1963876662746072,0.0,0.0,0.014715226115238069,0.22042850281874618,0.0,0.0,0.0,0.1022993600173454,0.08491145127960448,0.3021482611901961,0.0,0.0,0.13853269239540175,0.06349294319225032,0.082382807841039,0.09171998651565325,0.11932274613185746,0.0,0.0,0.034558702751766,0.0,0.0,0.02334677397069574,0.0,0.2720398198375057,0.07971979332216142,0.0,0.14976757679661648,0.09228049536441815,0.0,0.0,0.0,0.1676241812591699,0.0,0.11839095056740424,0.0,0.06559780574523404,0.2923580279641334,0.21282943685171102,0.0,0.09430209846594673,0.005023302687810243,0.0,0.0,0.0,0.0,0.0,0.22698987678552002,0.0,0.0,0.35269375094065775,0.07415079092538766,0.0,0.13801959081927256
0.0,0.19774324581252628,0.0,0.0,0.6574555025495821,0.0,0.201074245040277,0.029663674850488906,0.0591786707683711,0.0,0.0,0.0,0.10312950779564442,0.0,0.13102616848533316,0.0,0.0,0.05526922886953776,0.0,0.2472083341389413,0.08473469983736273,0.0,0.09333183925252544,0.3297690671627891,0.2290091397928002,0.20953000306677622,0.13774090839586753,0.0,0.0,0.0,0.06667932454328543,0.0,0.0,0.0,0.0,0.0,0.0,0.0,0.0,0.3612013414498855,0.12889067264877205,0.15323780196041725,0.0,8.947171311644711,8.947171311644711,8.616636423356331,8.86616548743473,8.947171311644711,8.924990732910054,8.955549389355559,0.15986168091751965,0.051245055347102116,0.0,0.0,0.0,0.13865758138572648,0.0,0.10014089719130508,0.21140262516532396,0.2949218792994212,0.0,0.11044588265473199,0.0,0.16001401215110042,0.41763709948225863,13.472411667634255,10.165940050189578,8.855600559005493,8.95531365075212,8.70942179598786,8.98661953677539,8.668012322505064,8.876287092363162,8.550753313594221,8.912467051808438,0.0,0.1484474860452805,0.0,0.051185598323506915,0.24144825494437555,0.3326128985009587,0.0,0.22426635188111518,0.0,0.09338824287033703,0.002769589195335467,0.19573692001806714,0.30883434894696304,0.0,0.2555746670199025,10.102047326169625,8.84337032228485,9.019816483297118,9.046560151861215,8.947171311644711,8.788419072209969,8.947171311644711,8.674411697027676,0.15686389365212602,0.0,0.0,0.0,0.0,0.0,0.10606451707391254,0.0,0.053937851297364336,0.04909892846773113,0.0,0.06470978619185999,0.11771698710222459,0.2650073312395426,0.0,0.0,0.017886408771190146,9.018793427051314,8.85947415950232,8.91481082912434,8.832231578126407,8.893841912992915,8.947171311644711,0.0,0.1486218910805476,0.0,0.018075168760127543,0.0,0.08078563526506807,0.16528124555951018,0.2945102697324527,0.14413934175072268,0.0,0.0,0.36494828625603803,0.1193926053873101,0.06654989455417105,0.05633820786255236,0.09174467688074932,0.2569522464347414,0.14214334716013408,9.25680400376104,8.881200451009015,8.978203647259738,9.088906146662238,9.034990945827554,0.0,0.0,0.0,0.048555572304687135,0.0,0.3998658945810826,0.02036796901578551,0.0,0.0,0.3860160721684694,0.334606448590003,0.0,0.0,0.0,0.0,0.1588354149409265,0.0,0.0,0.30606749209967377,8.670654946741466,8.961366282937693,8.962953055639456,8.947171311644711,0.18583163884288487
0.012524104593960167,0.0,0.17272414294232152,0.08783407140201602,0.0,0.2073735678676084,0.2927793379787388,0.41900986438001914,0.0,0.0,0.15646011583344094,0.0,0.004252245431922893,0.18823180222611904,0.0,0.0,0.05547929618044871,0.0,0.3634068854161128,0.0,0.0,0.28917345922826815,0.13176175090382353,0.40274550814873533,0.0,0.20551524559236453,0.0,0.0,0.15555798397035414,0.0,0.3227248420910981,0.3188203088526368,0.0,0.12643030887808931,0.10210538270704045,0.0,0.25243488687442117,0.06327747410800284,0.0,0.0,0.0,0.12798464610117574,0.0,10.06877959001386,9.956355575943082,9.956355575943082,9.838212562182754,9.817555601844322,9.874611845850392,0.0,0.0,0.03173279061087544,0.08336595072104303,0.02384541255406053,0.155042597366051,0.0,0.207833899878624,0.0,0.0,0.0,0.0,0.0,0.2959305632813599,0.016329306427502348,0.0,0.0,10.838370245188619,9.945971674514505,9.956355575943082,9.956355575943082,9.954748937548928,10.06353378889982,9.906434398664342,10.005977240056547,0.09424186053616739,0.0,0.0,0.0,0.2706824125875198,0.07582133191018668,0.0,0.0,0.3152540971849122,0.0,0.0,0.2658376890537366,0.0,0.0665369194021694,0.029106385558885547,0.0,0.044492286994797806,9.990097701879774,10.124372382490371,10.039668568664016,9.976183873813193,9.93848347207805,9.817866650776086,0.0,0.0,0.29096725867439704,0.0,0.0,0.0636118890133111,0.1216316171666499,0.0,0.16627474548658921,0.2590875214420069,0.0,0.3513001376094589,0.241179135816933,0.0,0.047639875822142394,0.0,0.053036070814430056,0.08563310489313235,9.575768542637606,9.717292663779048,9.95627704227522,10.090306912015738,9.86463429365871,9.588741645871979,0.0,0.07535853459038505,0.3854445693939794,0.07868940038123667,0.06498901483097595,0.0,0.0,0.16351093603977607,0.0,0.03036831410169975,0.33280541647448736,0.0,0.004362084943531089,0.22785880409677656,0.22637884331017594,0.0,0.03278033921037842,0.11465251554599575,10.049377429992232,10.110081823837618,10.048776187888684,10.055539559213276,0.3222348226327665,0.0,0.04443909995744812,0.0,0.12623290762784764,0.419699628545253,0.011214487384716917,0.05354935108930267,0.2939195487304292,0.11501039072317651,0.023831555549167535,0.2912344565179285,0.0,0.0,0.0,0.1645947564070006,0.0,0.08546976058054206,0.06457805219901958,0.0,9.972527442980818,9.891837357290736,9.86368372638041,9.956355575943082,0.31081501230862824
0.16470969893394008,0.13553890101984198,0.0,0.1568571172381802,0.022461662815193885,0.05006895604063689,0.17972975367205796,0.0,0.31366300000547964,0.0,0.25545072820221965,0.0,0.07609236791633998,0.0,0.17525980096294694,0.0,0.0,0.0,0.027592906499351384,0.0,0.08377148922668105,0.08070887597695708,0.0,0.07759081138243162,0.3235330824411974,0.0,0.0,0.0,0.0,0.0,0.32731678710405077,0.0,0.0,0.10915301501105092,0.0,0.050752844237053486,0.0,0.11920499681515398,0.0,0.13905036754306022,0.0,0.2788987067456983,0.0,9.9342637088289,9.841406376062052,9.94135742949036,10.147578916379025,10.267556607140065,10.252817448869752,0.37134505084133906,0.0,0.0,0.0,0.13089298612430464,0.0,0.0,0.16259051206423603,0.008168954101118411,0.0,0.0,0.06819988918005201,0.0,0.2548579106272545,0.09599554025767665,0.0,0.12774105598399507,11.791581210147747,10.362430967402839,10.405925772641355,10.268514787671913,10.310789632805458,10.27560772155679,10.137688980758714,10.210838864057603,0.27699834547962987,0.07079154116038633,0.0,0.0,0.0,0.0,0.2011291988409053,0.24082780966775477,0.0811593830518923,0.0,0.0,0.012200310035693251,0.13159756061129718,0.4678328099636525,0.0,0.0,0.0,10.203146442874385,10.052184716003497,10.203146442874385,10.234578311285551,10.203146442874385,9.940605698557384,0.26992332494066246,0.028499476329259883,0.0970158350630501,0.0,0.060704353914045224,0.0,0.06919169513198975,0.48739884191541577,0.2878135695960888,0.0,0.02195664911927683,0.0,0.0,0.3950658536851311,0.0,0.0,0.0,0.1348460492264517,10.254948648705005,9.899723967466237,10.05271008200426,10.247039653927075,10.320527554607892,9.777623614635633,0.0,0.12641904498840711,0.0,0.0,0.1669893308817855,0.2725726994977768,0.0,0.0,0.20535937024934045,0.0419933478235244,0.0,0.0,0.0,0.3481871434451862,0.1732212258160593,0.5176008289437043,0.0,0.0,10.260157435160284,10.203146442874385,10.203146442874385,10.203146442874385,0.3104746623196149,0.0,0.2686621579737574,0.0,0.0,0.0760547642729722,0.21777850190495107,0.0,0.0,0.08411297195269668,0.2014913821506677,0.09161838533505647,0.0,0.0,0.0,0.33645022898384974,0.0,0.19017161359691154,0.0,0.24404627997848732,10.425807765438002,10.51226482594788,10.444959628408633,9.914245508988314,0.0
0.1492059683515065,0.0365324387500073,0.0,0.0,0.0,0.0,0.0,0.0,0.06919758569082046,0.0,0.23861213489732053,0.0,0.07670206454898987,0.0,0.06466983817818012,0.0,0.05781196620163986,0.0,0.036109538404104094,0.016289147241471593,0.09001638164600051,0.0,0.3515973182616616,0.0,0.0,0.0,0.05338522023627377,0.0,0.15260125189037058,0.0,0.028235375789854817,0.0,0.17745730583788608,0.0,0.0,0.0,0.0,0.05545296273866658,0.0,0.0,0.07975561319326364,0.08697688936853244,0.0,9.750607711703788,9.501183410003986,9.847835028616293,9.878674185478248,9.748029362013222,9.68392035566318,0.0,0.0,0.0,0.2533863488190952,0.050743383001330584,0.0,0.15502117252254108,0.2605638919686427,0.0,0.14438379150186087,0.0,0.0,0.0,0.0,0.0,0.026473752836555998,0.18531016191977304,11.310711689915262,10.006268188096563,9.957195647989256,9.75908567026134,9.516796813742019,9.353595167608853,9.847835028616293,9.908164021502278,0.1515375400785003,0.0,0.0,0.06512302077004002,0.0,0.0647905561638022,0.0,0.0,0.10217092351406047,0.0,0.24804458509138605,0.0,0.0,0.04880355416765459,0.27364141991216334,0.10738948737488604,0.0,9.717938653992134,9.847835028616293,9.847835028616293,9.694091939916929,9.847835028616293,9.847835028616293,0.032804121871501134,0.0,0.22901227422640888,0.0,0.0,0.40562717040072277,0.0,0.0,0.336166381995423,0.0,0.032466099326368236,0.0,0.1684043060953874,0.0,0.23255752693863013,0.0,0.0,0.0,9.975182897980444,9.509967921762208,9.902225843443775,9.735510062116317,9.842597844716105,9.73084464036218,0.030539615173096148,0.0,0.0,0.2051807145841357,0.11120701229493134,0.19475084376222834,0.0,0.0,0.0,0.05480011946492705,0.03753590112371483,0.0,0.03794184498709641,0.19122821856380426,0.0,0.28735443486646123,0.27240735857204096,0.006203478016211503,9.909507723978436,9.574078632905806,9.85971609599867,9.598788850589584,0.17127000746216942,0.029076119550358916,0.08483198122449742,0.0,0.0,0.08190264382698957,0.0,0.0,0.14659242561637983,0.4964140445339833,0.0,0.0,0.12657648423052964,0.05484471661654457,0.0,0.10692473740379003,0.3047459221824542,0.0,0.0,0.0,9.900027531467297,9.662126258807357,9.805659489224034,9.924541867700878,0.12366525690967355
0.0,0.01485114891381337,0.0,0.05339718680561548,0.0,0.0,0.1664277595203547,0.1679750095805654,0.0,0.0,0.03836938802134623,0.24719047062266922,0.1936094532997573,0.169120594577863,0.35520904058658015,0.25812240347441745,0.0,0.0,0.0,0.0,0.0,0.0,0.01988763307849473,0.2518522847892414,0.0,0.0,0.0,0.150658748253168,0.10225906772237944,0.0,0.0,0.0,0.12129246818199721,0.29974698277155887,0.07885857302014117,0.0,0.0,0.0,0.0,0.0,0.0,0.15456102747777253,0.03007072689377808,9.858286793705606,10.284560835012643,10.264320666093901,10.398791172263085,10.26251585916723,10.408711254788331,0.0,0.17969359866911105,0.15117761109385866,0.5807518756294742,0.0,0.08457761793661868,0.2764504315076057,0.0,0.0,0.10743420433844694,0.2080420247029362,0.0,0.31141704052142194,0.03896726075800103,0.00651139682336029,0.0,0.0,11.362190538323603,10.142139401399143,10.182220841992715,9.795400803865638,10.144025576813418,10.144025576813418,10.059999790003417,9.868190212808924,0.0,0.4235991729918789,0.0,0.12493154434849726,0.0,0.05987185147943196,0.0,0.2710970526933834,0.0,0.0,0.0,0.15383585055526788,0.23124176273584368,0.0,0.0,0.0,0.15959608385077512,10.144025576813418,10.237116915558765,9.767276551281126,9.867483073108405,10.006537963247295,9.8180583440444,0.3246926001805051,0.1498160606520391,0.09849744992675226,0.0,0.11625268533114161,0.10899707616192619,0.04749965329243433,0.4823673526522359,0.0,0.0,0.14942590704913333,0.11761036897838717,0.0,0.0,0.37984439989512225,0.2175809787691001,0.24357960618119856,0.0,10.151554188379952,10.144025576813418,10.144025576813418,10.097996988919144,10.232192583829223,10.164406864756497,0.14276831599632497,0.0,0.11764710499899933,0.25105365816568637,0.17511607875781673,0.11178371630854554,0.0,0.25893908103625396,0.12211250586915863,0.3225245952646857,0.2051480436854781,0.0,0.0,0.03476861825829319,0.05283780530423612,0.0,0.09376744399265184,0.0,10.284648754886717,10.155110282770892,10.150295095168993,10.065901137884005,0.2544617972626671,0.0,0.09059486317368126,0.20951100287859642,0.0,0.0,0.0,0.0,0.041146495354077446,0.0,0.0,0.07494027326156716,0.0,0.1364958148359296,0.017000831547816786,0.11546424777562794,0.0,0.1333719538668338,0.0,0.15509823575363246,10.353459513474037,10.215812099190932,9.916520731172833,10.007661328605433,0.0
0.0,0.14584876609566985,0.3311538988895118,0.0,0.0,0.0,0.2756761123122765,0.0,0.12828973654261325,0.0,0.1436345148792097,0.0,0.12412876319335324,0.0,0.2664188125221128,0.01531954871998519,0.22238478704979683,0.0,0.0,0.0,0.04871976342299808,0.0,0.0,0.10616043611029184,0.2909167509520484,0.28532369029347054,0.0704744993102595,0.0,0.07956256262370999,0.16416967796520487,0.0,0.0,0.33648513019420734,0.12745088259615867,0.10913330360621726,0.024310854860272728,0.31252188889754723,0.1942030199320558,0.14806111466410418,0.0,0.3558332698958292,0.01868787950870088,0.0,10.744183218564162,10.662070215606441,10.631445627596337,10.747309602417184,10.695665923586123,10.534370047146542,0.1501723049867651,0.31175190088316485,0.03486410742363337,0.22854281441558288,0.0,0.23446993551806938,0.3615308911795766,0.12200493306803983,0.32837216177454326,0.0,0.11570264053629765,0.0,0.27254633106866183,0.10106567016825752,0.32183173349356575,0.0,0.07664420798605344,11.832675429066132,10.27414806776863,10.68296194152301,10.393501754609147,10.470495677033716,10.60184077559314,10.651688399000076,10.734380972922713,0.0,0.545148117407421,0.0,0.02581562123637449,0.13834002028292194,0.00942702903305635,0.36229560018290174,0.0,0.24165165075402464,0.0,0.0,0.0,0.0,0.1278201406113909,0.18320347489958036,0.0,0.0,10.585084090009865,10.535629155541832,10.604548595244532,10.42196985768243,10.512481320869282,10.700126606437486,0.1255492669151951,0.0,0.0,0.06908543075428512,0.14490468149993949,0.13691209482857586,0.09026205565297274,0.42992371190658846,0.0,0.0,0.023966205693345285,0.0,0.0,0.21061946554041405,0.20812745816497719,0.0,0.0,0.20291299364515392,10.701531016783195,10.57426093800022,10.681538704915539,10.610939950774156,10.652959099660801,10.723983387328186,0.0,0.026509646475958094,0.3696068292568732,0.0,0.1167162750842359,0.0,0.0,0.0,0.0,0.12630063573442235,0.1743310471394463,0.0,0.04713428161479434,0.0,0.1071055112588801,0.0,0.05208279287828473,0.0,10.617998562291056,10.617998562291056,10.617998562291056,10.455495996677032,0.0,0.0,0.0,0.16594647412380464,0.03023838546103136,0.18713965899223808,0.10416255366353398,0.0,0.04236937722812095,0.0,0.0,0.22836673814625288,0.03716680321632754,0.033960951261726845,0.0,0.0,0.0,0.0,0.0399566951245855,0.17906012334444082,10.95915843778214,10.821607080283664,10.953727598259073,10.601105797725843,0.02662339371072313
0.07034352335954153,0.0,0.6000711999877278,0.2210293266555399,0.14141132067684264,0.0,0.0,0.0,0.09356408200124004,0.0,0.2462057188542141,0.16564597356614907,0.0,0.0,0.16403446455360474,0.03854755099340007,0.0,0.14279565835463634,0.016819151077096944,0.0,0.03415127970016749,0.15949110831117752,0.010474812148278941,0.3003685241886819,0.0860446680630436,0.0,0.05495943525468026,0.0,0.4560381418902769,0.0,0.3199415410153547,0.057486826888727686,0.1707926792628784,0.12216664457158558,0.00563044334994618,0.0,0.2601883355925653,0.08767444560144881,0.0,0.0,0.10274609388607803,0.0,0.07738949194265791,9.96457385725518,9.902632024543816,10.07656349247731,10.134761223719888,10.08888393558015,9.939155742078364,0.05087037484197757,0.2333300654343157,0.0,0.20094971545701115,0.0,0.13887082801440698,0.35505168949563565,0.24470569800067682,0.176622825245568,0.0,0.23266827851702465,0.11773169301626092,0.1218153806036683,0.49542283120738717,0.1592062608198287,0.20059084144156383,0.19388385746900733,11.216374189536083,9.970373687406148,10.025206049571992,9.931130260491537,10.005576842887342,10.07119336316747,9.970373687406148,10.093591266579596,0.0,0.0,0.0,0.21460928707816213,0.055714671968393345,0.0,0.0,0.1583162975671692,0.0,0.14898450959382947,0.0,0.022033636513168784,0.002310873082816156,0.0,0.12690329472575645,0.0,0.0,9.585069689236821,9.970373687406148,9.970373687406148,9.996243452391393,9.970373687406148,9.974185792395971,0.0,0.07829444128262587,0.21126486673441078,0.005169836002995267,0.009396946774020193,0.0,0.07974285948156733,0.18404131958262634,0.0,0.12356492116749718,0.3693370526385248,0.21045852895235415,0.0,0.0537955043850918,0.09420457017708223,0.0,0.1705350018315643,0.4094389219258302,9.926456915083282,9.891047471664736,9.969762160525326,9.983256138022455,9.970373687406148,9.970373687406148,0.0,0.0,0.021305260067086225,0.0,0.06850105756078397,0.22162179575815774,0.0,0.1710350706943822,0.3263135824542241,0.0,0.0,0.014372936845705222,0.030607164462219616,0.11178851379836832,0.0,0.18233802092296383,0.0,0.3756595596802329,10.063762396488675,9.968854481790379,9.884639711684823,9.913011602122358,0.0,0.0,0.30013928329189365,0.0,0.19907340411853225,0.0944444636217644,0.15050224285551417,0.0,0.0,0.053317933813513234,0.0,0.0,0.15826752711266154,0.07849794321694194,0.05251726664734899,0.0,0.23810339046228354,0.054967231333877764,0.0,0.0,9.818254277738033,9.651898860437806,9.623302356315685,9.678239204569737,0.0
0.0,0.0,0.0,0.0,0.05665250096754029,0.12729654034229262,0.20634576460126214,0.03252513173730735,0.0,0.0,0.0,0.0,0.0,0.0,0.0,0.0,0.0,0.09810401317314969,0.0,0.0,0.07918282073709221,0.0,0.3977649292695407,0.0,0.0,0.24733855559690088,0.28622138085697413,0.0,0.0,0.32081113136497297,0.0,0.11977746740670772,0.13322559888829155,0.0,0.0,0.0,0.2596061442103414,0.0,0.08402354600433758,0.0,0.0,0.21911373029772838,0.0,10.15113041535777,10.052731446933011,9.992529032385747,9.907160097450115,9.803328610978383,9.817994899822985,0.0,0.36205270122852107,0.0,0.22081315101927626,0.09476615115526807,0.0,0.28122616103974063,0.4561222910905977,0.0,0.0,0.0,0.18343515854918796,0.14910147409236968,0.09555725632035558,0.0,0.0,0.0,11.076890320121104,9.955292144137802,9.827612870435486,10.042493946621414,10.039545499071753,10.04880438571391,9.929908975129747,9.992390519263074,0.031399689957205705,0.21519728868930782,0.24791617473875954,0.0,0.0,0.0,0.1697209271941147,0.0,0.0,0.0033063277405249217,0.0,0.0,0.0,0.0,0.0,0.0,0.11208425264270065,9.990048262800872,9.889227684919062,9.990048262800872,9.995983754416013,10.029677049078034,10.092795282479742,0.0,0.26187677481411736,0.07175890245179031,0.21932392425314834,0.16618155683431068,0.0,0.37721956953472674,0.0,0.1558930687364544,0.0,0.0,0.044843107335384796,0.31568006553201317,0.43354952340784947,0.007283356330213557,0.0,0.18262998534143185,0.232746003569991,9.813283669679501,10.088651191000025,9.942376002537536,10.056621625111502,10.013205737670287,9.98337902984364,0.0,0.040089173414495284,0.0,0.0,0.0,0.3341885637167248,0.1044879580659154,0.0,0.0,0.09026105902516844,0.0,0.0,0.07311679629877267,0.0,0.06110584529090617,0.08421438315267604,0.0,0.0,10.001999511172647,9.69433892770491,9.998578028480164,10.002738847743826,0.26124136947526433,0.0,0.0,0.16555938795854197,0.24651967536597616,0.07151144572747178,0.0,0.0,0.0,0.0,0.0,0.17438199493609016,0.19840400096991134,0.0,0.07138257294771877,0.24460788049460647,0.010736263426206948,0.0,0.05475657727723503,0.048392173749509174,10.142833364092562,10.006783817202466,9.731622199356053,9.982347615799402,0.1288362435762698
0.27243624855058624,0.0,0.0,0.0,0.0,0.0,0.0012040120017294507,0.037515687641006476,0.18535647334551242,0.02038328724749607,0.0,0.0,0.0,0.0,0.1739116872300933,0.0,0.1443565126549424,0.1786761435276957,0.1757405624929951,0.10657706823407685,0.26722473262669233,0.0,0.027106168282819452,0.4509170973320978,0.3933316986668466,0.0,0.5593480826599072,0.0,0.0,0.0,0.0,0.0,0.07485445015105202,0.05760860146797387,0.0,0.1978422790964025,0.16784916723248025,0.08551130801483216,0.0,0.0,0.0,0.18445334306262304,0.3371091996459995,10.351177913182191,10.351177913182191,9.813543957606273,10.34646544451443,10.351177913182191,10.39180679899542,0.0,0.36681694555730104,0.3099243559842229,0.0,0.21319803079277005,0.19938531363418416,0.0,0.02193766270079928,0.0,0.0,0.0,0.07521809112165673,0.07055603265084164,0.0,0.0,0.0,0.0,11.392076189937454,10.153159441382211,10.484833931047303,10.448422108008018,10.485493611974299,10.322317608503148,10.39044780966525,10.449135868784857,0.0,0.12798765204626777,0.10744405616085466,0.1166728177417694,0.0,0.0,0.0377379124182578,0.219411328687428,0.0,0.0,0.16122579433619327,0.0,0.1573996072328572,0.12983376398831148,0.04095987076834046,0.0,0.0,9.955640553102308,10.245188660034069,10.400191972955083,9.955171964833244,10.409862941965384,10.166006841905011,0.12903274853066066,0.12368115280686874,0.04206615673410333,0.11121061354952644,0.0,0.1748106509432406,0.24198641883497576,0.1622926963369769,0.0,0.02398117600745269,0.0,0.11554561549212664,0.250614715445789,0.10082271059595668,0.0,0.0,0.15548373301185314,0.11622918159283431,10.36795325660663,10.095185251501274,10.019290406892825,10.351177913182191,10.351177913182191,10.351177913182191,0.4815420738782477,0.05676952096112456,0.16073129306652534,0.0,0.0,0.0,0.19359751195048883,0.5353528218249999,0.10648606886404868,0.01809940708227597,0.0,0.3709688604440159,0.0,0.0,0.2968656654808902,0.0,0.0,0.0,10.80597456365781,10.630257677618236,10.623700262721668,10.404550995334871,0.0,0.0,0.0,0.3389239020226822,0.0,0.0,0.0,0.0675440420151278,0.0,0.10354131968610733,0.0,0.0,0.1307801264166404,0.0,0.0,0.0,0.004666618700431751,0.15854195358738585,0.0,0.05259904447915067,10.108668573597122,10.351177913182191,10.351177913182191,10.351177913182191,0.0
0.2066584916372049,0.5016682146163395,0.0,0.006495160631140882,0.0,0.08721193444739331,0.0,0.0,0.20538659639788945,0.16932813087818815,0.03980829959888987,0.23814533860863285,0.3137985382878149,0.1096617787133702,0.0,0.09528022427532504,0.1579299778849888,0.10107460031243541,0.0,0.15681338635204156,0.2854334294206495,0.2774713777051504,0.0,0.0,0.0,0.0,0.0,0.0,0.0,0.0,0.0,0.0662646620807611,0.0,0.13365326948237974,0.0,0.28655923457431765,0.34133013241026944,0.0,0.0,0.0,0.0,0.0,0.0,10.308367359544818,9.763940204888039,9.990014087835497,9.927492091024865,10.093530353804612,10.199453054300548,0.0,0.0,0.1836569268062389,0.09394966729903809,0.23814162670000447,0.0,0.0,0.0,0.3322623260455054,0.0,0.2068730895017561,0.0,0.0,0.0,0.0,0.0,0.03859215942965819,11.025114861261594,10.168899336657717,10.097359520762456,10.074619259074113,10.074619259074113,10.074619259074113,10.05644110103256,9.988647215381288,0.0,0.0,0.2097255151775021,0.08061837068377611,0.3669675409578532,0.06557968801323459,0.0,0.19271470917961356,0.20804322536962533,0.0,0.19607694932669123,0.0,0.5231058160128663,0.0,0.37633802858619864,0.0,0.0,9.651647407336187,10.054587055792402,10.102264504532872,10.210432355046956,10.074619259074113,9.813604294609169,0.028267173323134664,0.0,0.0,0.05976720888485891,0.15233299746406365,0.0026478788453123906,0.0898701887588228,0.0,0.0,0.0038304581678908632,0.0,0.22942224853168258,0.016055701683908664,0.2147238230927306,0.0,0.0,0.0,0.24809201147283708,9.68085336671159,10.074619259074113,9.51689601820295,10.007526381844244,9.930982507182666,9.937128972499835,0.0,0.1633354426197211,0.2807821512779669,0.0,0.016884555107495054,0.0,0.0,0.07713891354193916,0.0,0.0,0.0,0.0,0.0,0.10543732696608221,0.0,0.33540802136544806,0.0,0.053173022787444575,10.222251396003418,9.897186914452083,9.704733578597773,10.074619259074113,0.423313554572359,0.03049546300728882,0.0,0.0,0.22388949354169987,0.0,0.08892554364294716,0.06421318295997408,0.26169517099393497,0.08117081592150024,0.0,0.3111723458102253,0.21537244603634137,0.0,0.12201725515062242,0.24837933593404976,0.0,0.22600364545329193,0.0,0.5372276177659915,9.800507089332582,9.80614561766973,10.078934362153511,10.074619259074113,0.0
0.0,0.018134307806807318,0.0,0.04791545711623723,0.16688386727014884,0.0,0.02851661149284308,0.1222324796988261,0.0,0.23502666074212697,0.11881448714586873,0.0,0.0,0.010257823037279542,0.31208086048952133,0.0,0.18864501005622386,0.07521328820995375,0.0,0.0,0.26796076008964065,0.23078574184850337,0.23192021452917586,0.09393096479333732,0.0,0.06382812962830181,0.11448480474082945,0.18207616726628578,0.2007892303148535,0.31095044834068714,0.0,0.11144088362791925,0.23236724865518155,0.0,0.14514697105212754,0.0,0.0,0.0,0.06360582822717338,0.0,0.0,0.1888879912411496,0.10176903380844916,10.83765484605598,10.422830070205466,10.651881690149693,10.396209492298373,10.357047283154518,10.534021247993268,0.3892036917465346,0.0,0.0,0.017033193550396827,0.0,0.0,0.023301465953688906,0.0,0.01878045585756091,0.0,0.1378411519914921,0.191928942254086,0.16893641209596524,0.11665794941174909,0.0,0.17362025512687523,0.13951244761051723,11.026560672990017,10.179235426983821,10.297534290952688,10.365036326313371,10.365036326313371,10.326294383925307,10.19949861419751,10.365932614665752,0.06967996029898138,0.2625953386316705,0.0,0.0,0.0,0.0,0.0,0.26287912505490735,0.0,0.0001235239404088337,0.0183927606991106,0.0,0.0,0.14124534387149926,0.03550573015508351,0.0,0.0,10.626076679997698,10.636107372364124,10.188535346485073,10.430221806048518,10.365036326313371,10.41104860916919,0.055169369318353235,0.0,0.0,0.0,0.0,0.1370181700162839,0.0,0.0,0.21743345518450374,0.0910175482547709,0.0,0.5605376579844342,0.0,0.01619911202362353,0.0,0.24237622891504862,0.0,0.0,10.365036326313371,10.33429911336835,10.365036326313371,10.43219238566927,10.296404578027303,10.112645349151501,0.0,0.36510255159143457,0.001173798124107537,0.0653757446576056,0.0,0.13307198725489414,0.0,0.0270725361490236,0.024927930534830278,0.18777533488178966,0.0,0.07265212583875495,0.0,0.0,0.3936535950745288,0.0,0.33066392779676745,0.15942823216324115,10.524597180687806,10.433411588779407,10.41764139965339,10.050928611021606,0.0,0.11380562454685335,0.0,0.08415846631903123,0.09259992001782602,0.0,0.0,0.0,0.1940614828467879,0.0,0.052904804333741076,0.0,0.0,0.0,0.2369255345809869,0.23704946549613382,0.16083556508397545,0.16689090099777615,0.19926650940810922,0.13419727473789766,10.436061520440155,10.49826086812105,10.357192199894575,10.314751142022592,0.0
0.0,0.0,0.3260852288337913,0.0,0.0,0.031078836489391817,0.44159895954852313,0.039049665223081675,0.0,0.05457625345504553,0.24757015672958563,0.05480228877434618,0.07605222384026232,0.0,0.15668679950231149,0.0,0.15622147444548462,0.07743440802705583,0.1881139465355734,0.2641155322557046,0.1410394857389005,0.026969799794052333,0.06492875515122427,0.05238960266059989,0.11042831448580064,0.0,0.06036057539852478,0.09982713859371567,0.0,0.0,0.0,0.07041955933837961,0.43844008675161894,0.0,0.18761708082551035,0.11884332257678659,0.0,0.07989467046627097,0.1016143680742909,0.11583354521560203,0.1027702810985721,0.07490342284994113,0.09588383381172792,9.839114968012398,9.895516752934434,9.909708895385286,9.936830094157592,10.138807285460425,9.807501499798152,0.0,0.0,0.019975269225630032,0.0,0.05574550901221117,0.0,0.0,0.21649389349591663,0.0775972671316649,0.0,0.0,0.0,0.2553761800423439,0.17361671862359296,0.0,0.0,0.0814869525299309,11.410374112075,9.996730503367916,10.122425539640378,9.943916675312657,10.02128677235689,10.019931966114127,9.865576494921354,9.885074908855472,0.06617236598421548,0.19275108021575446,0.0,0.07857084501157949,0.0,0.0,0.0,0.12977812924930557,0.0,0.41583152705201665,0.05036346426066805,0.0,0.0,0.0,0.10273035213264506,0.0,0.0,9.665049110339332,9.82352330724285,9.996730503367916,9.889330086142445,9.742271572949344,9.99029941877556,0.0,0.26858506052660425,0.0,0.24320777704755284,0.10944363239876974,0.13619189116366714,0.0,0.0,0.08801715488248123,0.23545034548534088,0.1094629706037508,0.00920468870651371,0.0,0.11164717351113154,0.0,0.09728562375655289,0.0,0.0,10.223369040737646,10.101697375332597,9.936088734845372,10.103518316554467,9.996730503367916,10.008341786552737,0.0,0.0,0.11390647256748422,0.0,0.0,0.0,0.1417472858364308,0.0,0.0,0.082936217860222,0.0,0.012461618794114187,0.031627896671439976,0.0,0.12305335506931245,0.0,0.060151176108778306,0.0,9.830284460908318,9.996730503367916,9.885254335694519,9.926412339040585,0.20489037981996328,0.06838564006682157,0.0,0.0,0.19512745705276313,0.3798517593497479,0.08172056926019783,0.0,0.03709468963491943,0.31003239968986623,0.21807696710495264,0.0,0.008583885482328716,0.0,0.0,0.14569106053066738,0.10738936566933707,0.16339648326576298,0.0,0.0,10.185628225032373,10.286070225034429,10.289330074079697,10.073389995255525,0.3123464707300906
0.5335235427102343,0.0,0.0,0.09923115299006827,0.10222433502147121,0.3494158974462813,0.0,0.0,0.0,0.062248201016105384,0.0,0.20272499799273996,0.0,0.1612215798316999,0.0,0.0,0.21229092975713723,0.13783713975982254,0.0,0.002926769065362851,0.29016608200617117,0.021733960901396787,0.34247407592458984,0.019546724142376116,0.0,0.0,0.1771911070636212,0.14343306795744037,0.0,0.0,0.0,0.39943799897855065,0.1443125025456015,0.0,0.034521488222711866,0.0,0.23500174488735026,0.0,0.0,0.09260755369431478,0.11572196906230627,0.009031522249307079,0.0,10.348797150968538,9.946874196734074,10.34204605413221,10.419649416304965,10.499079604043608,10.385079431299543,0.0,0.10567574738253116,0.01025469443844863,0.1445717561675672,0.0,0.1363417956354637,0.0,0.31589520954719613,0.07564498521321478,0.0,0.0,0.19796927774889195,0.18509390736615527,0.25520790654352815,0.0,0.0,0.0,11.160866194806127,10.348797150968538,10.148904088456934,10.205472857205192,9.847859885384148,10.291606346393994,10.1665604659856,10.500903392045048,0.0,0.2624383180640063,0.27605339077409513,0.16999288995594095,0.0,0.0,0.0,0.02858937853954743,0.0,0.0,0.1618625731576442,0.08536892869032002,0.005047102605026864,0.0,0.0,0.003339551982251115,0.13565077621091184,10.444275094885176,10.389304544200373,10.348797150968538,10.101551771061242,10.449243758628327,10.40360269386821,0.0,0.09456639906988981,0.28363661346413116,0.0,0.0,0.06158903151766591,0.43931578803578114,0.0,0.0,0.0,0.0,0.0,0.08144365446104558,0.008331026232465994,0.0,0.3145680990492876,0.06449257770233018,0.2160312932363075,10.361027684381645,10.404248553284448,10.225488540780118,10.550971947318383,10.247085022520025,10.40431365005668,0.0,0.0,0.0,0.0,0.24049318523202992,0.0,0.24105139231738293,0.0,0.0,0.0,0.1292220319641317,0.2416781357338205,0.012869381271466935,0.0,0.2714126945419683,0.011986578460743504,0.0,0.0,10.348797150968538,10.348797150968538,10.348797150968538,10.152517577308686,0.0,0.025299839270623098,0.0,0.0,0.0,0.0,0.09054293574859013,0.17648037159232857,0.2704970948752431,0.5048635240094335,0.2907628025262286,0.0,0.0,0.27374215849563865,0.0,0.07591063857049823,0.0,0.23518928952672627,0.08307403960604269,0.14140223101243257,10.719460960881774,10.858741432790746,10.666398911908953,10.348797150968538,0.0
0.34967340618075765,0.0,0.0,0.022525757986438744,0.0,0.0,0.1442451553027568,0.0,0.14231053809912678,0.0,0.0,0.0,0.1418677052016329,0.0,0.0,0.0,0.0,0.46131578355668923,0.037549364242544084,0.17816732465528862,0.1906603310669729,0.13156353742981763,0.0,0.0,0.0193179013065798,0.2758627072451042,0.0,0.0,0.0,0.24157603323877577,0.23295959359885332,0.0,0.0,0.0,0.0,0.0,0.0,0.02831811536250028,0.0,0.0,0.0,0.0,0.07762893308240965,10.067127376228294,9.970904884334463,9.74320342175994,9.905461831669097,9.750171884403024,9.882703854905204,0.29288890472328716,0.0,0.0,0.172648607717735,0.0194928009643371,0.17953201961798188,0.08119199240698248,0.0,0.0,0.2456226871645365,0.0,0.0,0.24467857295371703,0.0,0.030118126843805396,0.0,0.1834517034779667,10.93389565096494,9.871805494078377,9.871805494078377,9.779759296286759,9.879519629586413,9.882714817960103,9.871805494078377,9.866257873730339,0.035138083184257256,0.0,0.0,0.0,0.25620696911663254,0.0,0.03336094003080924,0.22865768789903246,0.08689439531145736,0.0,0.0,0.0,0.10330408047283875,0.19591112007995104,0.0,0.19164070350240373,0.03357181597488138,9.783364102535595,10.071708126078713,9.976436649079005,9.963898769415831,9.788878577019927,9.747724880364222,0.0,0.0,0.0,0.0,0.0,0.3122235757220771,0.011921281715582589,0.0,0.0,0.0,0.0,0.0,0.09203465173480034,0.0,0.0,0.09434273047243899,0.11758655220750326,0.011486874595332233,9.871805494078377,9.871805494078377,9.871805494078377,9.978418229984259,9.85508445284805,9.714388812263707,0.0,0.0,0.0,0.0,0.1411269192559107,0.0,0.13600803085816934,0.0,0.13361424460619903,0.0,0.0,0.0,0.15947850247109538,0.0,0.19375907526827085,0.0,0.08500893363449746,0.006714368858441862,9.898525109273775,9.820863370646386,9.904903679697787,9.483978399248853,0.0,0.0,0.0,0.11393095811099097,0.1569673534008544,0.09916130700946527,0.041828029088405674,0.1439533352859926,0.22507876214532013,0.0,0.05231979004302121,0.04258246346699836,0.0,0.0,0.21551117700940298,0.0,0.09437716559865275,0.17719580741828886,0.27909281406622954,0.0,9.956699041815956,9.713757523886418,9.684182803447936,9.704329184102216,0.20114286346559224
0.0,0.0,0.47311050175781183,0.028780787354704147,0.0,0.2497719837581523,0.11290170846639401,0.06011685407692954,0.21823032623255,0.11790778141740749,0.0,0.0,0.11667717446710782,0.0,0.0,0.12456777525543147,0.0,0.0,0.23063532212738352,0.08016424393959369,0.08718052329519908,0.0,0.2817098249157948,0.2206146471140074,0.01877042297440932,0.0,0.18427264355899167,0.0,0.0825425565143536,0.0,0.1453683251990094,0.0,0.15397132237512495,0.0,0.0,0.029769170054997494,0.06255515135350537,0.0,0.29859804540367724,0.267961503723808,0.15029216482012392,0.0,0.3455080220024663,10.170530113027537,10.173971687712132,9.589144722886678,9.968031329479743,9.955809800336946,9.955809800336946,0.0,0.23689675517557116,0.3833181425803458,0.0,0.07989381068975085,0.0,0.0,0.0,0.0,0.16673491879460753,0.11400779563649932,0.1224605327922096,0.0402256338655796,0.1438514320775287,0.0,0.06822608054877681,0.0,10.763529234476685,9.972409953100465,9.955809800336946,9.875295560915962,9.876825915790334,9.917544763907424,9.955809800336946,10.046979097771029,0.029705956775047955,0.08791861003607467,0.19276571756678362,0.0,0.11191392315030994,0.0,0.013923946232137345,0.0,0.0,0.0,0.29613790558661446,0.11568668983413194,0.29427642631591805,0.02179313358335864,0.15160916815621867,0.0,0.015279446925827386,9.963798105407168,9.772183314329766,9.779416914322235,9.55680747900503,9.847874328279403,10.040659171130763,0.23686968476123232,0.04623810728606337,0.044001463807020025,0.0,0.07181138565588172,0.0,0.20046274772547049,0.0,0.16209757216696433,0.0,0.2862697639671092,0.0,0.17103590783314607,0.0,0.0,0.0,0.20084723258718273,0.0,9.91503603163887,9.94038187841689,9.955809800336946,10.191560229346047,10.148530398846196,10.05433152655708,0.17223158110984574,0.03454173330458451,0.0,0.0,0.0,0.0,0.17874939566735099,0.3544022244801066,0.0,0.0,0.0,0.031297348541821465,0.2678237674477865,0.1070034222094569,0.0009195466056065336,0.03999394171512084,0.2494141040991008,0.13488392277966835,9.955809800336946,9.853240911131143,9.966331877065675,9.937304726877183,0.0,0.0,0.11043291013239191,0.0,0.0,0.052035445150648764,0.21053185092043183,0.08857432917379675,0.0,0.0,0.0,0.07738688804120783,0.04172167491958215,0.018562856360219586,0.010434008000463124,0.07034347162761159,0.0,0.0,0.0,0.0,9.963041816863024,9.955809800336946,9.702166712386294,9.955809800336946,0.28570408237278755
0.0,0.03223678572598891,0.3963875268152275,0.513862702167707,0.16375000293362701,0.23628031617552636,0.17582938044737562,0.0,0.16092084886646008,0.0,0.15989402929278163,0.18804188726656795,0.06559105092198048,0.0,0.03216429268938839,0.033253369383252566,0.3905892062710575,0.0,0.06493337093279065,0.02429538726339188,0.44908146058338416,0.016790460756990443,0.07410433843605252,0.0,0.0,0.0,0.47693006622498996,0.15209977694350002,0.0,0.0,0.0,0.0,0.0,0.17132859030833583,0.0,0.03496969273497407,0.2351500146367749,0.0,0.4270290207432925,0.06249484638654444,0.17208007718538573,0.0,0.0,9.49370381078876,9.739440410730577,9.693358899389162,9.670646139795576,9.693358899389162,9.710670101023148,0.0,0.0,0.2914985117152223,0.11075642240358363,0.0,0.0,0.0,0.0,0.0,0.0,0.0,0.0,0.30027216980784455,0.05867461419780298,0.0,0.10661099777944287,0.10511480469543744,10.612228248197946,9.693358899389162,9.73300135900872,9.697600614242736,9.642508556341024,9.693358899389162,9.693358899389162,9.87716990928889,0.0,0.0,0.046595562719768474,0.0,0.0,0.0,0.1751209568128463,0.0,0.23468954862001434,0.0,0.0,0.22998915599780878,0.024992412166996786,0.0,0.0,0.012531798183751846,0.0,9.659703232356682,9.73308658247654,9.693358899389162,9.663221357986204,9.590186740400485,9.693358899389162,0.18006717421813315,0.32643541003385257,0.1669106123872772,0.31989944792893416,0.0,0.0,0.1680346626146879,0.0,0.1528545839676104,0.0,0.2949426561163041,0.0,0.0,0.0,0.0,0.0,0.28489799425876583,0.17922720768774816,9.838769101407145,9.835269520393291,9.693358899389162,9.542934947293915,9.427575786146868,9.656972344722016,0.0,0.0,0.20689046038074574,0.0,0.23516340142087283,0.0,0.04504838925239761,0.0,0.0,0.0,0.0,0.0,0.0,0.0,0.0,0.0,0.22217714041479927,0.16250508411946502,9.693358899389162,9.574054420979607,9.733173831398922,9.439190783361093,0.1248947495672542,0.0,0.0,0.09601562858615739,0.018756230826619147,0.0,0.0,0.0,0.3850255804482996,0.0,0.0,0.0,0.44393400932314414,0.0,0.0,0.0,0.0,0.0,0.14299263183096525,0.19396525106239065,9.661379850803982,9.868815792647077,9.741554740926446,9.693358899389162,0.0
0.12278404302956682,0.2746127398764343,0.0503509134243505,0.0,0.0,0.1317128855286976,0.0,0.11375941855426366,0.13734940180781083,0.4458769208653538,0.3371656767007135,0.0,0.0,0.14943175267077546,0.07009494963977667,0.0,0.0,0.0,0.11377263618065428,0.14401838910892328,0.0,0.0,0.0,0.0,0.40232566095613487,0.0,0.0,0.16240885328210278,0.0,0.13656515873392325,0.0,0.12896330492040237,0.09347612243186025,0.02650309555401293,0.3460146551053673,0.12780892144674566,0.4260540839465115,0.0,0.15754295938296897,0.0,0.28569624338921007,0.0,0.0,9.697282019209577,9.52923501813358,9.697282019209577,9.697282019209577,9.521765433931405,9.697282019209577,0.0,0.02902736942164696,0.24131682319123476,0.006172483210874068,0.0,0.0,0.2444077569631128,0.1588032040311407,0.1868460926350312,0.03924621197110986,0.2527599862174507,0.0981755020435586,0.0,0.0,0.0,0.22723012448166036,0.0,10.878256094448961,9.769734981040907,9.737576439656879,9.79122696603357,9.519935255209258,9.41151315038702,9.639780137189662,9.831049827907856,0.032228245476599755,0.0,0.0,0.0,0.5833969444706221,0.0,0.11875191645364387,0.0,0.0,0.12047435252471969,0.0,0.21596256427096677,0.0,0.1732338496109961,0.0,0.1337094922174054,0.0,9.406748223125298,9.697282019209577,9.37979537339776,9.785730877700336,9.697282019209577,9.591568300006035,0.011397320404727991,0.11214422556189227,0.0,0.30284864093427327,0.0,0.11098847290090948,0.13056304644695751,0.0,0.0,0.26353393611715537,0.0,0.0,0.16442469163438356,0.0,0.0,0.0,0.0,0.4455274690048913,9.723484438016449,9.723325127687726,9.694939880016928,9.652521626248635,9.697282019209577,9.700768909278509,0.414404861986803,0.13052475072096179,0.0,0.14542888687406075,0.010428972875432976,0.0,0.0,0.0,0.13887036238873018,0.12403145710644492,0.09902366896354756,0.0,0.31390194778305536,0.0,0.0,0.0,0.0,0.21144549071789778,10.200778717403844,10.091143897533387,9.984399536806142,9.683861223794263,0.0,0.0,0.0,0.19306619493401028,0.12170192541980485,0.06740359850851751,0.06552563732131939,0.0,0.008263207330893224,0.10498750459636697,0.08127978056807457,0.0,0.0,0.0,0.0178449690722104,0.0,0.1599592804930456,0.0,0.0,0.33747457640381545,9.687574657848176,9.697282019209577,9.697282019209577,10.040856102481856,0.0
0.13171361538172918,0.0,0.12219295166466468,0.0,0.0,0.0,0.2093566354623555,0.0,0.0,0.0,0.1141088240674312,0.0,0.0,0.0,0.16575651510492423,0.0,0.0,0.0,0.12810209283575713,0.0,0.17908252105726719,0.0,0.0,0.0,0.18807842118174734,0.0,0.0647146661473284,0.20718912386700447,0.16130352874605927,0.0,0.0,0.06832507217775144,0.0,0.0,0.0,0.28938904821709277,0.20236200467291304,0.0,0.0,0.0048168451892442125,0.0,0.1826496028210834,0.22026437362234558,10.479455380357662,10.250094168855805,10.441382063459885,10.362385988933845,10.252154776110816,10.312139621813923,0.5122728788257673,0.2068420200624561,0.0,0.01043882634616764,0.17372352248077205,0.27820164562704275,0.14536699317282364,0.0,0.2745474527870126,0.10520309267738637,0.0,0.1242173331206661,0.03868188707425692,0.28120082324939183,0.11045454177014885,0.18455364716210357,0.0,11.11759435435491,10.161045067269296,10.113992976195785,10.161045067269296,10.161045067269296,10.038130660002022,10.079400470365774,10.130944367247395,0.0,0.0,0.0,0.2653066223649217,0.2058685822141263,0.016756965702601948,0.36488037698662246,0.020055521738270382,0.0,0.15005323683792018,0.048146837992170184,0.0,0.0,0.10398713451750279,0.27413083625050433,0.0,0.0,9.94881131970245,10.324987148343544,10.161045067269296,10.094674328117934,9.992820901373316,9.995479693495316,0.051526282570897544,0.04095532321709498,0.0,0.00856249093478351,0.07897118640788275,0.0,0.0,0.08906441616766828,0.0,0.23220719432787584,0.0,0.29373836190594893,0.0,0.12243722561304352,0.05597054591127562,0.029974226096126478,0.21695383417776154,0.069243566357218,10.147592848442802,9.821577279040046,9.877631161512706,10.172882787587389,10.272491194786106,10.208881141325918,0.0,0.2763045756118342,0.13370688400292502,0.0,0.0,0.12183115496010999,0.0,0.0,0.05986491872696528,0.25225554259909005,0.04087411278342543,0.04064241752153697,0.0,0.0,0.07997906053337055,0.0,0.0,0.01704336230280309,9.781141541706099,10.161045067269296,10.263968881678334,10.234340102678544,0.0,0.0,0.0,0.06935128123222424,0.0,0.05894032810545754,0.0,0.0,0.28825228123672425,0.13076246284595433,0.07521337672985211,0.046785933439939795,0.0,0.3004038940304708,0.0,0.0,0.0,0.0,0.0,0.0,10.278861400495574,10.30897048315509,10.166205253116686,10.164834460857241,0.007159262950807133
0.0,0.0,0.0,0.0,0.0,0.11650487659032435,0.1813404114574583,0.02860199250536625,0.0327291033914258,0.05213315382924535,0.0,0.37126195328838685,0.0,0.0,0.0,0.0,0.0,0.0,0.38300094488397757,0.11143903225684848,0.0,0.0,0.08584895297773057,0.18636606729320138,0.2006329452150471,0.0,0.0,0.03093938203207771,0.0,0.0,0.0,0.0158750115103075,0.0556161319467914,0.0,0.1053917407381956,0.0,0.2027763349133988,0.20965058557040311,0.0,0.18908538625294835,0.0,0.3904167409885719,0.0,9.951602445070671,9.995916165656096,10.139467998620551,10.090733365017085,10.03287628859616,10.024715961571362,0.05648963855769459,0.0,0.0,0.14315721039856183,0.16466812950750853,0.0,0.0,0.24756591371928371,0.21998949483584482,0.06801217334642008,0.31426460967799047,0.05091080417060821,0.14829238812653764,0.0,0.0,0.0,0.0,11.086883515201405,10.046297433175024,9.960791414118482,10.046297433175024,10.045063664318574,10.029684986589523,10.046297433175024,10.046297433175024,0.29159112918338215,0.0,0.0,0.20687608502415777,0.0,0.0,0.1166692427836624,0.21213833655814235,0.0,0.0,0.0,0.13827495764053513,0.0,0.09111994652254,0.17073570209675623,0.3616515471618151,0.0,10.024353285626853,10.208264281330559,10.121175216287087,10.078557633368462,9.943670794408776,10.046297433175024,0.0,0.0,0.0,0.06436461901955604,0.0,0.3530305505288346,0.14317874531415992,0.0,0.0,0.0,0.0,0.08767996027267257,0.0,0.27456560947187486,0.0,0.11271262409452476,0.4050254114804586,0.14619723659669723,9.69567349026825,10.046297433175024,9.589903433438652,9.938592026538483,10.019271402335432,10.08242708948572,0.10573281753912424,0.0,0.0,0.04078847602636305,0.0,0.073371973927694,0.0,0.0,0.0,0.09077340491302413,0.0,0.4788730384435303,0.0,0.0,0.0,0.0,0.0732804233227174,0.0,10.05778510792177,9.95627614530984,10.123858301818764,9.880113450800328,0.19111002229394536,0.03919766210458272,0.05169944755057144,0.0,0.23696793740933175,0.0,0.0,0.344092854817929,0.04073128503553745,0.0,0.15754019743972236,0.21495180102811423,0.013904649719789289,0.0,0.03238439788694036,0.07222276769767048,0.0,0.0,0.06176302288503452,0.0,10.046297433175024,10.106539308988022,10.062829996101494,9.744802851294573,0.4084699586055229
0.04235056132679119,0.0,0.3216183350413035,0.044651198454279714,0.12271334053104915,0.07652584988426302,0.05307592162362218,0.0,0.27539259114966064,0.29434608916297716,0.0,0.0,0.2879054356819023,0.0,0.0,0.0,0.027866716852515627,0.0,0.0,0.37517721957725775,0.0534401446105228,0.25884188713904005,0.25550957145880177,0.0,0.0,0.0,0.2639834823158271,0.15019972604502277,0.2340814333028334,0.0,0.1434892168284167,0.13596034661578515,0.19996526392405606,0.0341320427525496,0.06901088396480812,0.03443122453157087,0.34694232763987715,0.0,0.0,0.0,0.2114153640347145,0.2652836279199982,0.0,10.188114399941838,9.844007617162797,9.764458281511173,9.644304161686522,9.710436296895546,9.844007617162797,0.0,0.034992206851348136,0.0,0.06912670664120932,0.0,0.0,0.0802105106611853,0.06001316945505642,0.0,0.0,0.4696616328081229,0.40688408193599174,0.0,0.0,0.0,0.26844863760082394,0.07816324467113207,11.41707962360532,10.114562541679408,9.861563075060367,9.946863575822901,9.727966414791736,9.889561830809434,9.798314751656228,9.986126064431014,0.10720790117665435,0.023601673041854735,0.2666117956616562,0.060289796697197556,0.0,0.0,0.24157130143483443,0.0,0.4963541776136627,0.1302200495256361,0.0,0.0,0.20894334449134316,0.11737076126311946,0.0,0.14694521272019048,0.0016331562158451976,9.606115516084921,9.830659065935311,9.844007617162797,9.945168122564136,9.844007617162797,9.683663836966346,0.55899279317123,0.0,0.0,0.0,0.0,0.4676311061475991,0.007762157716530778,0.046549221117361206,0.0,0.19054491722862682,0.0,0.0,0.0,0.0,0.0,0.018531677893288648,0.0,0.19782336171472847,10.042789730759308,9.865922632389296,9.844007617162797,9.832004291542722,9.895246659283634,9.734924602369247,0.0,0.21795040873680954,0.42512637675016673,0.04605278033375401,0.0,0.05247825407926549,0.34853470501792205,0.2974862524317487,0.0,0.0,0.0,0.1045388974575151,0.0,0.12696631747311862,0.11989204283804374,0.0,0.02661778947159714,0.0,9.851400590430883,9.844007617162797,9.615467538709126,9.844007617162797,0.0,0.20470859893041324,0.01216432348430791,0.0,0.21849640386854025,0.0,0.0,0.09764755566870169,0.0,0.0,0.10266065446080382,0.29435408383571937,0.0027789696805819103,0.1417360738940233,0.14726498421829204,0.2827350220597653,0.11513411941839188,0.12993270870982876,0.2718631782764207,0.04953301683153419,9.844007617162797,9.785825620897803,9.606392882881048,9.849121679629578,0.2133318042075858
0.054055618548893715,0.0,0.048752639197835845,0.0,0.07497737378751507,0.27130040360301616,0.0,0.0,0.0,0.10492024319184215,0.0,0.1900518036589062,0.24945197619236925,0.0,0.09946992232782532,0.0,0.007190971644408145,0.5446081812919583,0.0,0.23792543025864246,0.2024211901479375,0.0,0.0,0.0,0.0,0.0,0.0,0.4652923864100761,0.1097666908606635,0.0,0.03857134345791758,0.0,0.0,0.0,0.26861172613298273,0.0887213816308745,0.08915437194154076,0.0,0.07308645637389333,0.0,0.04800729772141077,0.22109037703657597,0.13770325257982532,10.193191658765715,9.763301822588886,9.758756889125708,9.907663940049353,10.001890638175109,10.069514696890652,0.0,0.0,0.2586370568340318,0.01174659178364047,0.0,0.02145681687429957,0.0,0.19609487124148214,0.0,0.0,0.11610202303075816,0.0,0.04005909495629154,0.24883884367437412,0.0,0.4183708947556172,0.0,10.950322460450082,9.718654495888151,9.90446559010739,9.889790166313514,9.90446559010739,9.90446559010739,9.90446559010739,9.908678075002028,0.0,0.0,0.14241935056614283,0.10115483080850361,0.0,0.0,0.2478806326091783,0.0,0.0,0.0,0.03892982524366943,0.014331373588688608,0.0,0.08016901493755431,0.0878544918209877,0.01869376760790501,0.2385911973144646,9.649722123972591,10.049696891799638,10.178529608371928,9.99034598855197,10.091125275943979,9.936213232151594,0.0,0.010005199784707116,0.28222079184103205,0.0,0.21215483049073294,0.0,0.27023090813453676,0.09125247442935716,0.12322405953787977,0.006668043295474583,0.29827191032732736,0.2703516945802037,0.0,0.0,0.18433792627672346,0.26040810451158025,0.0,0.0,9.722778664114069,9.76269756869492,9.721532828842307,9.987689841218275,9.734754074235932,10.097524921343004,0.0,0.20518324576457142,0.051930951586025925,0.0,0.0,0.0,0.0,0.0,0.0,0.0,0.3992861663258902,0.0,0.0,0.06716791888768045,0.0,0.014142120360548275,0.29458526816404923,0.07295370498173921,9.817884106695042,9.698563157927754,9.90446559010739,9.577650318649344,0.0,0.09989245792688839,0.0,0.24486638385850382,0.0,0.0,0.03877766934304086,0.002281940044720432,0.03610986674411444,0.0,0.09979509781497028,0.0,0.0,0.09221564272659051,0.0,0.0,0.0,0.14270528249087278,0.25000848086072575,0.38183887884092393,9.973800666341555,10.156978606917065,10.023014340453724,9.453081073343833,0.1103808533795766
0.0,0.26643773385117797,0.0,0.1427877954590802,0.0,0.0,0.0,0.0,0.09065616145677378,0.3673724898448579,0.09065101884169209,0.02374297781290318,0.013223384303573423,0.06704099738794794,0.0,0.3222633481784223,0.0,0.0,0.0,0.0,0.23837569624196134,0.2550694143278336,0.19282817429943214,0.0,0.24565920516541537,0.0,0.045142203992875336,0.1302811186584461,0.004616910124948603,0.23100309393372215,0.0,0.30565914586053505,0.33146273089126493,0.27376645913966186,0.1677425343454972,0.004750601811900576,0.0,0.0,0.2525607500047127,0.1537289293340793,0.1719605051469667,0.0,0.0,10.571055520797847,10.015008245106806,9.813614185950064,10.03890072491784,9.948283070124951,10.03890072491784,0.0,0.15510097985247376,0.07882633071399887,0.0,0.0,0.0,0.0,0.01411489075360558,0.0,0.0,0.09039346596971995,0.0,0.0,0.027629377243812342,0.07600780258327151,0.0,0.17313700192550843,11.223428721150107,10.047610130918946,10.02692508354975,10.03890072491784,9.83886621604018,10.137855293525456,9.921450335878212,9.984619306594118,0.0,0.2185892228181718,0.0,0.16836049818459348,0.0,0.0,0.19060047490593807,0.2827000124271071,0.0,0.0,0.11396318122354517,0.0,0.21285032203236454,0.0,0.0,0.0,0.0,9.951685640140099,9.895626271125895,10.03890072491784,9.609330178565816,9.81126112186475,9.905585487113898,0.0,0.0,0.0,0.0,0.03244184982549165,0.07478301810850906,0.11698026505799332,0.0,0.0,0.0,0.32008973500820875,0.0,0.0,0.0036761147360549994,0.0,0.4814567153125812,0.0,0.06603128861977982,10.205533303790055,10.03890072491784,10.03890072491784,10.0044981642992,9.670278223001048,10.016005951136666,0.0,0.0,0.16704766776676241,0.43657364287305295,0.2768058830867379,0.0,0.0,0.09036981286134378,0.0,0.0063342464787942265,0.0,0.0,0.0,0.0,0.0,0.32738138601668954,0.15508157105980466,0.0,10.093219054888849,10.03890072491784,10.135462302873497,10.105853069766997,0.0,0.11769157745868683,0.18794321965655478,0.32674107512754136,0.05882521871038446,0.028399920676634573,0.017677634256996266,0.26177556378268574,0.0,0.0,0.0,0.0,0.1204651072472153,0.0,0.0,0.11255815293962086,0.2407508628135965,0.132200689312879,0.0,0.07298739300801696,10.067818396988736,10.256825817394335,9.994391213007349,9.51303023104418,0.12922146642311272
0.009498359205377765,0.07288166030314497,0.20750240139710846,0.02370650530150924,0.0,0.0,0.0,0.19050615634511364,0.0,0.0,0.0,0.3129152165484914,0.0,0.003572458841435725,0.0,0.0,0.15625510325937117,0.0,0.0,0.07965758015811049,0.0,0.0,0.16610273916033313,0.19387287667650527,0.0,0.1184857305065526,0.2017799833914404,0.0,0.008223891189128165,0.0,0.0,0.05204251923202907,0.07841001089098347,0.11228985107755457,0.0,0.2679185943848617,0.0,0.39315420135856705,0.25634548181709976,0.12413266636237028,0.3681501161460122,0.0,0.0,10.224532607736075,9.998197851833616,10.099238668427402,9.933179650240803,10.099238668427402,9.778995581985845,0.0,0.30626636539697727,0.034580881046998434,0.0,0.0,0.01778850337932987,0.23906364101435004,0.1319310312878318,0.2280960707409524,0.10019381914722515,0.0,0.0,0.0,0.21616047882697445,0.02763323296224543,0.02303537360150083,0.32580326745265525,11.014739595138328,10.19007136486674,10.211968623502187,10.099238668427402,10.125107373115549,10.107843822767732,10.099238668427402,10.133173606146231,0.0,0.15453629119210605,0.014936704236070786,0.0,0.21543321165423185,0.06923225797908995,0.006952274828343817,0.0,0.39645634703749016,0.0,0.0,0.3787440137912014,0.030803402425881393,0.01617813617624322,0.12933462354907987,0.1988587755450782,0.14352397788016666,10.099238668427402,10.185094109038545,10.144867259006762,10.099238668427402,10.099238668427402,10.099238668427402,0.25638085703433444,0.0,0.0,0.0,0.0,0.2744352723907887,0.05171863712919436,0.0,0.335418700299722,0.01420239952491608,0.23426525401284243,0.2700714646827058,0.0,0.0,0.0,0.0,0.0,0.0,10.075615394166146,9.885257649203096,10.099238668427402,10.221384930300982,10.099238668427402,10.099238668427402,0.0,0.2912055562860799,0.06309188119276006,0.0,0.0,0.3044242413920282,0.22624156639465354,0.32967647340386275,0.3604047244021339,0.18768695016267145,0.26147621983786334,0.1831328952837569,0.0,0.3136601822800506,0.0398189420749957,0.0,0.0,0.003590411900803956,10.372413953413895,10.30377484429644,10.09507421545975,10.099238668427402,0.0,0.0,0.0,0.0,0.0,0.0,0.0,0.23540304833912615,0.33700908536060215,0.0,0.0946163312699973,0.0,0.2143541256671551,0.0,0.11892887007461453,0.0,0.0,0.0,0.0,0.0,10.099238668427402,10.099238668427402,10.087514578631179,10.037009431253768,0.0
0.17685072715611608,0.17705253196363874,0.15420655130178607,0.10992730136696756,0.0,0.0,0.0,0.33398602630704877,0.16552433498683713,0.03362302532505165,0.03778367007678614,0.0,0.0,0.0,0.0,0.009289115027995159,0.006782089566827345,0.0,0.305844776821922,0.0,0.0,0.0013607118077154077,0.004138814200654365,0.23464670894551765,0.028788073101948846,0.0,0.06917920548092657,0.0,0.26035184048045373,0.0,0.0,0.25658024782946826,0.1387830236584523,0.0,0.07038395618228335,0.12709646061430718,0.1874423796680066,0.3402621037370637,0.0,0.0,0.0,0.0,0.0,9.693197530880184,9.638942205856742,9.758561116022241,9.887977187920685,9.96765321979602,9.728141995263588,0.0,0.006103044090142955,0.0,0.0,0.0,0.1696685198579977,0.18605315643724313,0.15504783644525555,0.03239873520402096,0.0,0.25409316309836666,0.0,0.009424185227277644,0.05953133837009901,0.021310169767051405,0.1407222473583804,0.17028782147348462,10.908857747059773,9.811850891224868,9.811850891224868,9.648049901245306,9.588905027421205,9.498671535130224,9.780275193450585,9.679161361164502,0.0,0.0,0.27934412901561534,0.0,0.1290234769397326,0.0,0.05192739164617298,0.4657786587376185,0.0,0.15922029136397478,0.0,0.22852391155635643,0.0,0.0,0.0,0.0,0.0,9.966790366867146,9.802424922645297,9.923926499123281,9.811850891224868,9.811850891224868,9.811850891224868,0.0,0.11818190831352848,0.0,0.054775485625585395,0.0,0.0,0.16262422123034537,0.0,0.0023431764105090076,0.00844676181530101,0.0,0.0,0.47116426840198616,0.0,0.26679218447966485,0.0,0.04111343762163872,0.097795213206993,9.797081216234528,9.565908241389748,9.692600031112061,9.784307505095166,9.44463347393029,9.651709003035892,0.028075486721956668,0.0,0.0,0.0,0.001939646145389905,0.08365274488117755,0.0,0.0,0.0,0.0,0.0,0.0,0.0,0.0,0.0040047901443716555,0.20367082682667942,0.07746197310309558,0.17555321110248143,10.090630883444378,10.066101791126684,9.987574398390253,9.842608770459691,0.0,0.21257379945137753,0.0,0.1817968320965618,0.2466742731430195,0.0,0.34658160606509875,0.06267341060939462,0.05410336378289963,0.0,0.0,0.0,0.0,0.07740568921539398,0.15059186130207497,0.0,0.005389606115514455,0.0,0.0,0.039266239544192706,9.786763333079017,9.811850891224868,9.811850891224868,9.779460411549755,0.010940178349204363
0.0,0.0,0.09431073402094406,0.0,0.15067401282985327,0.0,0.0,0.09450000565297967,0.31869629678347894,0.0,0.10044124008384239,0.032673629652779396,0.0,0.21987585206899424,0.0,0.08471298686326421,0.13094660070315572,0.0,0.0,0.1488488472999674,0.0,0.0,0.12722176504106045,0.07261303256864637,0.3749441350462257,0.1241685629392423,0.0,0.32910345192153434,0.19487607758838232,0.23992306106885794,0.16012661726337477,0.0,0.0,0.0,0.0,0.0,0.04523377565977534,0.0,0.0,0.21303900223413078,0.0,0.0,0.2264948127312342,10.826870850071964,10.592820684492015,10.557327314178323,10.479725352157644,10.511584824873236,10.430920543275057,0.0973298613895365,0.0,0.0,0.0,0.15912036583986658,0.03545936738144466,0.0,0.0525136398177142,0.1851620654328837,0.08342942340950722,0.0,0.11367169034166126,0.10383511575406784,0.17487534459602866,0.0,0.06573651299324836,0.0,11.281476626148482,10.36447684152674,10.168328552822382,10.12358497776152,10.36447684152674,10.372346269563504,10.278773872518613,10.23479167378232,0.3523941783272238,0.04679005766152164,0.4125308409519596,0.26710570179232757,0.018578992903267477,0.06576394015798744,0.06787599319797964,0.0,0.03334021528844695,0.1030230192616008,0.0,0.0,0.13302844708102374,0.17523474285332946,0.18141663348816772,0.0,0.021694436752520793,10.395852279567269,10.28268845613519,10.147595656730042,10.443445304245804,10.36447684152674,10.317244841011725,0.01959820017115164,0.0,0.0,0.0,0.0,0.0,0.0,0.2719731190117163,0.12356183219650975,0.0,0.0,0.0,0.28554185469689874,0.0,0.0,0.03435887360121445,0.0,0.01949792266500473,10.37087044198936,10.36447684152674,9.870958260582308,10.495580155291695,10.490905680143149,10.36447684152674,0.0,0.0,0.38590575418980233,0.0,0.36244125002330024,0.0,0.0,0.06461256110157906,0.0,0.0,0.0,0.0,0.0,0.16626404263101746,0.0,0.13086113392862658,0.22317389246257635,0.0,10.350859339538868,10.35823255647537,10.20654002773005,10.459834582542099,0.0,0.0,0.4882418924807529,0.0,0.0,0.0,0.0,0.0,0.0,0.07138772302982421,0.0,0.12948886845513996,0.058479145252113965,0.0,0.06570843960097364,0.026302060978020576,0.02451237288876053,0.44760957835885906,0.0,0.08579271900413338,10.40194869512894,10.528241356364974,10.454846309362726,10.200125010529531,0.21685314449655219
0.2605520098581397,0.05026942976855919,0.0,0.0,0.16407995868493383,0.2270540948220247,0.0856089369439246,0.0,0.2705561532135885,0.36080543196994497,0.0,0.0,0.0,0.0,0.23119117670649728,0.0,0.09409163955631004,0.24838838952992273,0.009387461609895415,0.14853715261564535,0.10014107686098957,0.0,0.0,0.00561228365848548,0.08157249309541606,0.0,0.0,0.0,0.0,0.5312569198206778,0.0,0.0,0.0,0.0,0.22211448282563934,0.0,0.24334527386387306,0.0,0.0,0.07861373238988972,0.27894921845758963,0.40339541152365016,0.0,10.1111239705713,9.613763507606228,9.864720018770559,9.91209268315711,9.95543304287808,9.510078772112271,0.0,0.0,0.0,0.2691512660093458,0.0,0.05914726656268607,0.05347281011769704,0.0,0.0,0.0,0.20397040542077619,0.1325862790449127,0.0,0.0,0.0,0.0,0.0,11.218652032583142,10.065080525402346,9.886144033443703,9.864720018770559,9.53798552789535,9.688929203646657,9.864720018770559,9.910205861573312,0.47652648725641367,0.0,0.1263750738684411,0.28825390247211774,0.010264805496686031,0.2346104247106352,0.308822215387233,0.317727797386177,0.0,0.2972509618975645,0.05137742381778518,0.0,0.3181077061686302,0.0,0.0,0.19563876374385358,0.0,9.854459326833162,9.871401944320526,9.864720018770559,9.787453165410811,9.864720018770559,9.997489073041047,0.04749687650098338,0.0,0.005875783895182215,0.4839250502232738,0.0,0.0,0.0,0.051040848520423336,0.11437954024511464,0.0,0.0,0.18152193965051716,0.0,0.05224102928637861,0.0,0.18245056008020044,0.0,0.2059364839132716,9.884336416254321,9.524428263713396,9.941334778003867,9.621054305501268,9.996984367679124,9.864720018770559,0.0681688091252758,0.1334818899139629,0.0627722641875032,0.18248588286734232,0.13894391850760707,0.0,0.1469908774342697,0.0,0.0,0.020039929569364033,0.0,0.0,0.0,0.0,0.2217973687539209,0.023654171313173038,0.0,0.024143211055408835,9.716408117740796,9.875872794034981,9.864720018770559,9.864720018770559,0.36070122865982457,0.12115808198160134,0.2107135996398055,0.11336327175320411,0.110559448797028,0.0,0.0,0.0,0.0,0.0,0.2267221176002019,0.038159484900986584,0.04791338685566228,0.0,0.03226742554634934,0.16350476353852936,0.35860692849623876,0.03169313336792494,0.0,0.0,9.94510429617572,9.834104504492963,9.752893058821254,9.895566251669075,0.0
0.0,0.0,0.0,0.0,0.0,0.09135638906486872,0.0724710908327653,0.0,0.0,0.0,0.0,0.034552298918140614,0.17887657005573815,0.007598619928627609,0.0,0.09990035555263325,0.0880392550730778,0.0,0.21303804303358698,0.02736054415665866,0.18091941769255163,0.059200505946199355,0.0,0.025456330977231958,0.10767051338461953,0.0,0.0,0.0,0.0,0.0,0.34327847140985585,0.038821177381793096,0.18319662533951106,0.0,0.0,0.0,0.13424061927814634,0.33748351650654373,0.43071628053158345,0.0,0.19455947762871464,0.2568821798832724,0.04438841971510741,10.468012936800818,9.968461573731304,9.621420001784678,10.090601038373125,10.090601038373125,10.090601038373125,0.0,0.30051475712969045,0.0,0.07724532705738507,0.22834070962270386,0.0,0.0,0.0,0.0,0.0,0.12574445457387645,0.06290713551047161,0.0,0.1160686194019668,0.11993198098703153,0.0,0.0,11.317393353936932,9.795087301029577,10.090601038373125,10.16392705156167,10.248436488661905,10.108076331492391,10.11581259433529,10.184613260830815,0.0,0.00025413587620520676,0.0,0.0,0.0,0.3872527921971095,0.07935449813946657,0.15299253463730939,0.0,0.11218735647867004,0.09456348709169662,0.0,0.0,0.23034895642336056,0.09965043324521367,0.1694537884874352,0.08356439773383653,9.84275797225334,9.81271987619622,10.090601038373125,10.112830331954855,10.004588564532519,10.090601038373125,0.0,0.0,0.09216982305100219,0.0,0.0,0.0,0.20731648695346402,0.3197999232128438,0.06906693404978594,0.05226427106238824,0.2974173391181831,0.4059842126677478,0.0,0.030362371039595236,0.15051972491308757,0.0,0.12497511510799227,0.0,10.305704334586586,10.066361420667597,10.24348285554428,10.169298705685474,10.167558915648733,10.06785493592994,0.0,0.38768998117898906,0.1116437267240243,0.0,0.0,0.0,0.24502146187376928,0.0,0.0,0.0,0.0,0.08709245978541985,0.0,0.0,0.0,0.03534705376215263,0.04557802424806656,0.0,10.006876017492011,10.020878695257592,10.090601038373125,10.048836347266983,0.17166843627278205,0.1277138635638151,0.16908403326828822,0.0,0.27107740408623354,0.0,0.008695129766306124,0.15466677577728793,0.10451502325093563,0.0,0.12169571069910505,0.0,0.12715177373707018,0.22071996148818993,0.0,0.17885126624868877,0.0,0.0,0.24358292744133142,0.2412558647075071,9.700939394724477,9.696232495704786,9.735264064995299,10.090601038373125,0.3031582013662788
0.0,0.0,0.2804574926535136,0.0,0.41951019780443327,0.0,0.21657809100425027,0.15643891329627146,0.056706870294599226,0.4454727735728756,0.015582553632190294,0.16260672578955696,0.31008459426433416,0.08748593932703783,0.005940261098666646,0.0,0.0,0.0,0.1416379669016865,0.07270583428792088,0.07492057268626133,0.04582439080223463,0.0,0.16137854646042993,0.0,0.0,0.0,0.11036201825919889,0.12005052490845841,0.0,0.0,0.0,0.30240294314556576,0.0,0.12812901490346704,0.46629493624902213,0.11028329205490926,0.0438503450147514,0.0,0.0,0.02553753413441569,0.0,0.30967199641022614,9.767956334034658,9.853211599601474,10.029333643521463,9.763544074828172,9.959021272451139,10.029333643521463,0.0,0.0,0.0,0.23071522412920156,0.0,0.3220209265309448,0.1812461291908548,0.3303264843149345,0.0,0.20221267600814086,0.0,0.0,0.0,0.14735320122459553,0.0,0.0557897907137774,0.1694179799131108,11.093313320737716,10.029333643521463,10.029783332992318,10.029333643521463,9.82968721326254,9.876468933776815,9.972826763930058,10.043037709039988,0.0,0.0,0.06750014377772152,0.0,0.2715896907901435,0.0,0.0,0.0,0.06647918535904125,0.0,0.0,0.0,0.1722044213213071,0.0,0.0038575606096215983,0.42020076601164835,0.07714561552824795,9.894840617296913,10.029333643521463,9.78999606187341,9.882898964907813,10.029333643521463,10.023180621605874,0.007986806480269735,0.0,0.0,0.0,0.11413992519333693,0.0,0.12050978265396008,0.18063480858765735,0.28672157104524476,0.0,0.0,0.13796062170463277,0.0,0.0077228411673640985,0.09799538509094498,0.34976834769628884,0.24387896952273092,0.0,10.059594740905519,10.069467305753882,10.074203122299359,9.737625687164515,10.029333643521463,10.029333643521463,0.027205836307404876,0.21338902552208552,0.0,0.0,0.0,0.0,0.0,0.0,0.0,0.0,0.0,0.0,0.0,0.0,0.18512091536045142,0.22038057458908078,0.0,0.0,10.041322837337223,10.334974676666501,10.309705807472797,9.933533461221742,0.0,0.1775028561653361,0.24131712385542725,0.0,0.0,0.0,0.0,0.0,0.0,0.08430827578032199,0.0,0.03828892153323593,0.0,0.2127200618118048,0.0,0.2843819626148424,0.0,0.2835559203477297,0.016880435040238975,0.0,9.852559541960954,10.029333643521463,9.542555320041131,9.907783007681436,0.0
0.3217580144730472,0.17751745464424662,0.18163816136197117,0.014558403531956815,0.33187589791587857,0.0,0.0,0.0,0.11227503616513451,0.23778611332393634,0.09449032910762398,0.19209991356745537,0.09528386545353726,0.0,0.0,0.0,0.0,0.0,0.02060466802897383,0.13379487554288555,0.42699807339836476,0.0,0.0,0.13748792337819668,0.0,0.04646083226246668,0.0,0.08862666365633187,0.22674621262003097,0.07985107142129078,0.35084987632357234,0.1166860214403454,0.0,0.23414026760149062,0.18395781299913658,0.420649489014426,0.16139029242318892,0.0,0.0,0.18174473108418998,0.0,0.0,0.0,9.877624497985577,10.190800815174976,10.281611953783433,10.34645490044473,10.413459393891225,10.444962074031594,0.08888786784065901,0.0,0.0,0.0,0.09600182036748414,0.24303624662060633,0.00013585633219227313,0.0,0.0,0.0,0.3387855082288481,0.2009948780449507,0.0,0.04451160014632555,0.4345248346289127,0.01570560125168685,0.1448744422625667,11.347458722584912,10.101204237721015,9.859015163350493,10.154530830513043,10.154530830513043,9.910124935566273,10.154530830513043,10.154530830513043,0.01843461042091422,0.36253743234503755,0.2813000070796264,0.025080216729800996,0.0,0.11814226538653574,0.08485689842564538,0.1473960813046432,0.0,0.0,0.2056294809696774,0.0,0.0,0.0,0.0,0.14869508980592505,0.09707512078454682,10.004012491544112,10.312501528981187,10.154530830513043,10.154530830513043,10.12473326380797,10.154530830513043,0.06904785874242898,0.02487001721797468,0.0,0.0,0.05493295251668044,0.0,0.0,0.0,0.0,0.0,0.0,0.06201818998259497,0.0,0.2674443671712763,0.0,0.0,0.08699607637792174,0.183842073049998,10.238029896360477,10.031523948904997,10.172408901501766,10.00716662443712,10.317292291001563,10.154530830513043,0.44829421745718395,0.04367639536888201,0.0,0.15419561250195105,0.0,0.07405563810398358,0.014589049821319037,0.2530214311436157,0.0,0.2936657692932472,0.11886229064017124,0.0,0.0,0.2573937540502924,0.0,0.08086709081078655,0.04637732500548938,0.2922314334574382,10.148437267032214,10.154530830513043,10.005211378970234,10.088706326601427,0.0,0.0,0.0030937243619651453,0.0,0.0,0.0,0.041570557711127915,0.0,0.0,0.21143338817061813,0.0,0.32571754568166195,0.23657733432411582,0.3492578566893916,0.2873394890720002,0.18007724219776336,0.3026553881727171,0.0,0.0,0.0,10.250678179719495,10.28070649432932,10.224926784445561,10.146411843035446,0.04139564993653981
0.0,0.04410356596530773,0.042963822581245564,0.0,0.05920004612690473,0.0,0.0,0.12893602698028653,0.0,0.07177980675811307,0.0,0.0,0.0,0.1310242551914753,0.0,0.10530378167757798,0.0,0.0006540661508272431,0.0,0.062156781009444856,0.0,0.0,0.0,0.08381214108768657,0.08406391195991167,0.21864221518111143,0.3658003670264356,0.07791567036306019,0.054193983559171766,0.005907979852341523,0.00758167472692165,0.1293779928194225,0.0,0.0024366737851610025,0.1389186881623064,0.10869946688616612,0.0,0.11468965725330026,0.04163151111691217,0.2532159938920776,0.0,0.3172580793307854,0.08603049449772394,9.746099867239696,9.693072412032812,0.07410483064356939,0.0,0.0,0.34515211458493555,0.3455100171166351,0.0,0.0,0.0,0.010866554613485391,0.14959946722070866,0.12226600638829282,0.28168522588664036,0.0,0.0,0.1497967622828772,0.0,0.2074661074568196,0.0,0.0,0.264552282321669,0.0,0.0,6.042798135058231,7.795201181712075,8.902727253096922,9.098007132114924,8.938769503142595,0.0,0.0,0.20505796909614477,9.944855286790323e-06,0.0,0.0,0.17707113390128715,0.0,0.0,0.12113586101337419,0.21141444821107638,0.0,0.009458407137948256,0.0,0.0,0.0,0.0,0.0,0.0,9.802233924644487,9.600471925647149,9.73436294346408,9.802233924644487,9.800631166913695,0.07925208527888543,0.044568462430896405,0.0,0.0,0.12341767168553944,0.16280841072030244,0.0,0.13207276999124468,0.0,0.14984816466871892,0.0918449441278784,0.0,0.0,0.0,0.061018875032191125,0.0,0.19376095456254186,0.0,0.03747258354120717,9.989500569583843,0.0,0.21737560496962963,0.1817232627536913,0.0,0.0,0.0,0.1464674835448624,0.1649491193354454,0.05355090115336062,0.40275419387548755,0.0,0.07888028484305956,0.0,0.0,0.6329533920185594,0.304538256953677,0.021314281226123735,0.044495440571313175,0.0,0.173354851419557,0.0,0.27035104154907347,0.0,9.794951769797722,9.642616650249467,0.0,0.4023457589614932,0.0,0.10485959759433791,0.22898899402437145,0.0,0.0,0.028297599014242773,0.0,0.0,0.0,0.06911047240850793,0.0,0.0,0.0,0.0,0.08647201517985409,0.0,0.0,0.1166227020284085,0.0,0.011284186973124553,0.2058269930582109,0.0,0.01136581152400894,0.013859738169917436,0.0
0.021032608509466092,0.0,0.026352203019092094,0.0,0.2235220891663364,0.0,0.21554397768502917,0.0,0.0,0.0,0.0,0.0,0.0,0.016395517337004676,0.0,0.021234093269085083,0.43949257519000906,0.12147086562020334,0.049218449218174316,0.0018719665586164817,0.0012346512280867015,0.3224777302276208,0.0,0.005269439458113368,0.20105492750400725,0.0,0.4562246006641464,0.0,0.3597990017725782,0.0,0.0,0.0,0.08126443316755075,0.0,0.0,0.13173410384284143,0.0,0.0,0.0,0.0,0.0,0.0,0.0,10.60658078996968,10.450491666739296,10.242278981790868,10.24202622553191,10.151691744892958,10.400803380529679,0.2510843454727434,0.0,0.0,0.31796743884493006,0.037178508136620186,0.0,0.0,0.13355789069243218,0.0,0.03367736404440338,0.021698914826918044,0.0,0.0,0.1259214462829476,0.0,0.0,0.0,11.343474162321808,10.262446080665914,10.323155366843585,10.355518078654356,10.40066232597278,10.265801482176657,10.357204438180071,10.41154150745928,0.23861716637130137,0.0,0.0,0.39217355458293535,0.0,0.22879900604200945,0.0,0.0,0.09882398614104937,0.0,0.06667296345696759,0.0,0.0,0.0,0.32392520507824235,0.0,0.2597495126809216,10.323155366843585,10.375465070200974,10.323155366843585,10.202490774531258,10.323155366843585,10.175438311321374,0.27146555153428387,0.0,0.0,0.0,0.15747689623996738,0.07815953161175677,0.0,0.0,0.35235979073498813,0.0,0.3730914605285612,0.0,0.20795811945450854,0.10755399518507035,0.14018546556639808,0.0,0.08331996751837448,0.15704654563080842,10.424702723259578,10.414119380487975,10.444437594111138,10.321977245018568,10.365581725723064,0.3610732778765583,0.09521996519647408,0.32730455322610597,0.0,0.06385808381538222,0.0,0.3143298462973408,0.092465492604637,0.0,0.040756887301443,0.05861370070993662,0.0,0.0,0.0806449193392287,0.3273281703171535,0.0,0.0,0.0,0.3693211398439105,10.238171958707028,10.217659725808911,10.275139395616373,10.323155366843585,0.0,0.0,0.0,0.16562162353995763,0.0,0.0,0.0,0.0,0.0010176393371202866,0.1920597841825504,0.0,0.08497350191842473,0.04498324756554449,0.26618274742615505,0.27839848730916084,0.0,0.0723389069639307,0.16379350378556218,0.04239312248361214,0.3348994927765524,10.5336113466929,10.42107200624648,10.361041109588953,0.05392388510839463,0.0
0.08093048720846151,0.48011980841364466,0.16668448272331865,0.0,0.05838903746937011,2.379250136464986e-06,0.0,0.20595400509576162,0.0,0.11445455664168869,0.22001925330536978,0.205730389097528,0.0,0.04162423837168908,0.0,0.0,0.0,0.0,0.11334843431281934,0.07320814854289656,0.3828740402480152,0.22563513506037383,0.0,0.02881869916353434,0.09155107594729657,0.0,0.0,0.2133644883195782,0.26851447991726146,0.07417631315470596,0.06629269072408937,0.0,0.0,0.0,0.17126265908953356,0.00590319023102928,0.21288855698359296,0.08662041068627341,0.0,0.15168358467622156,0.0,0.05898290457227248,0.0,9.964610218963827,9.864862219108616,9.622509024225511,9.794090276139368,9.861180801310129,9.865033871499696,0.0,0.04585484004416731,0.14334332017985554,0.01705700253304781,0.0,0.0,0.2592789828484925,0.313296663804974,0.14122867099120814,0.0,0.2596450768780561,0.34304558932370066,0.4101060636252504,0.030137231313074334,0.0,0.0,0.06366349186455902,10.979540632763339,9.861180801310129,9.861180801310129,9.788286014537874,9.861180801310129,9.75335845902042,9.722928580475976,9.8180614869223,0.23384838108928113,0.008109032011242268,0.1102858763882684,0.5149778267943087,0.16042290502770995,0.12410249830722982,0.21630381006824367,0.0781379800515633,0.0,0.2532934214068426,0.1798194780687025,0.31490767829508287,0.18999196374411387,0.11908868729738356,0.10443008213475727,0.0,0.0,9.879647930152364,9.861180801310129,9.861180801310129,10.044305935310012,9.88577379089525,9.975243173730146,0.26219832081704464,0.2214455920570593,0.0875079009850207,0.0,0.0006401907372590233,0.0,0.0,0.0,0.026698916077983574,0.27128911404082845,0.0,0.18366208660166558,0.0,0.0,0.4664597669303945,0.0,0.0,0.16523928791967443,9.93192570500645,9.780160767700945,9.718210136837808,9.648981224635511,9.871847505882881,0.1209499852190655,0.0,0.012095114065301702,0.0,0.01660858890716911,0.0,0.0,0.0,0.0,0.12497184321588335,0.25651562895893426,0.16014621353578923,0.03813675367302834,0.10869969042045663,0.0,0.20214051270952435,0.2661249558736996,0.0,0.0,9.861180801310129,9.861180801310129,9.895644387683552,9.657199100272829,0.0,0.0,0.1862282680786961,0.4589145735809169,0.0,0.0,0.183357845135886,0.11003726207342364,0.0,0.0,0.3202046576829938,0.2109559077627052,0.0,0.0,0.08911230381487899,0.0,0.0,0.40139994763591896,0.25118419969435024,0.023926936388896872,9.870135215666986,10.28513911502314,9.861180801310129,0.12347102161344621,0.1895277154878712
0.0,0.0,0.0,0.28891035118299246,0.0,0.0020087931793993335,0.17549410744865826,0.3040844218634486,0.0,0.0,0.0,0.0,0.0,0.08991348510096892,0.27045921175915316,0.2498941361738146,0.08209695623683158,0.0,0.0,0.0,0.0,0.12546437596800225,0.0994712433924251,0.0,0.09317041088891992,0.0,0.3123245816473213,0.0,0.1846097478323185,0.11380332056879383,0.11253255528640663,0.0,0.1073632020084187,0.03235473945614272,0.0,0.18352806933738336,0.3334544682388754,0.00975868701339924,0.0,0.04390773157499894,0.4440238662780523,0.07331445861314248,0.0,9.74263090814979,9.939852355840506,9.7455911970342,9.819044202610208,9.939852355840506,9.7483312814083,9.939852355840506,0.0,0.15450763953875027,0.0,0.050288489577044806,0.0,0.0,0.0,0.40878790229824524,0.44491034351491476,0.0,0.1318742881994686,0.18202975644107316,0.0,0.3498197078821374,0.0,0.06312129444225567,11.134424417921371,9.655704682570345,9.789445771751664,9.961800569781008,9.949617877958794,9.941513965579535,9.939852355840506,9.945689854913018,9.912181074771846,0.010266543756743907,0.0,0.10183070761652407,0.15466662534525366,0.07593821329704638,0.15612359892223926,0.0,0.0,0.11560936677735127,0.0,0.0,0.10365072958603062,0.0,0.1078353700748492,0.0,11.08377107071714,9.939852355840506,9.87306029732812,9.939852355840506,9.944705281336732,9.702208163779291,9.967412345701282,9.913469635073877,0.0,0.03353578197792008,0.1364975426012402,0.0,0.0,0.2116244993822026,0.0,0.011734851085515682,0.0562796377922329,0.08718602036625772,0.0,0.0,0.0,0.18162645415878156,0.40462281039759673,0.10086189603278355,0.19478094394125606,9.844805380410426,9.901252975679194,9.939852355840506,9.683525515866377,9.691153802319661,9.910220403092541,0.0,0.0,0.21172675900260313,0.0,0.0,0.1997689646576856,0.0,0.0,0.018754315046705928,0.14600553097509014,0.0,0.016926187199780077,0.48352886506792603,0.0,0.0,0.0,0.0048641220721036115,0.0,10.039929978883528,10.108352833666231,10.046496151736847,9.939852355840506,9.736316403734653,0.1431914001822726,0.19985935167159885,0.387889953580522,0.0,0.011790035656638538,0.0879476450624032,0.16160336761617022,0.2071226807523324,0.04436405794097458,0.0,0.043983829702089715,0.0,0.05396560648802441,0.0805543045478897,0.28471151477034196,0.12790223300145176,0.0,0.3197667907778977,0.18645137123549832,9.985265461746621,9.978270817636139,9.983278017667276,9.961061772768103,0.0
0.1965375601150468,0.053613621175735315,0.0,0.0,0.08947056509773603,0.3525929264500367,0.0,0.0,0.23364951948757182,0.0,0.4920657471314895,0.0,0.012578505959947358,0.0,0.0,0.20342712410582856,0.1702788180499742,0.041651775217813984,0.0,0.2949645633973754,0.20186679628574117,0.0,0.11445797754136312,0.0,0.30261260371475796,0.0,0.13705944784223117,0.0,0.04192001226127645,0.06109605574774007,0.1740980095438994,0.0,0.032117980942371775,0.0,0.0,0.0,0.0,0.0,0.08368284896522554,0.0,0.07468114889996245,0.0,0.0,9.988205060693048,9.699305712921404,9.56051361490173,9.810512678185507,9.769997959724547,0.15652768617509433,0.0,0.0,0.0,0.155374671786451,0.0,0.21429659153261588,0.0,0.08056112541987168,0.0,0.0,0.020316252003713727,0.1677421436639655,0.0029120215736651296,0.0,0.08322420997328035,0.33303206812117137,0.199372525679929,0.0,9.569873295842372,9.576767567349531,9.649630745308643,9.840089320002633,9.879390320770439,9.775364884200636,0.09430770526831596,0.075498710238943,0.0,0.0,0.4612248187726954,0.0,0.0,0.0,0.17491458473043373,0.0,0.0,0.0,0.3343337414131147,0.4566836055826364,0.0,0.0369294611277654,0.09905464621303732,0.04564481569376225,9.763451322830234,9.869791671531727,9.80991906582001,9.969211426322088,9.798827103356096,0.0,0.0,0.0,0.003144822808186101,0.15009756421521175,0.0,0.029331787054213635,0.0,0.0505474996142308,0.0,0.1842853258242854,0.0,0.0,0.0,0.18276019870145482,0.0,0.0,0.1632871630228912,0.047647434343371,9.51251307860517,9.647093408582936,9.61085779419994,9.825725099756875,9.783195850943567,0.0,0.0,0.0,0.04389839486717376,0.0,0.16818126349019996,0.019768919142909642,0.19428987786092633,0.1520575021303629,0.04988203955074688,0.1551902161291201,0.13126965204628205,0.0,0.40657900240595524,0.21382552919163397,0.32869744401792267,0.1379984356524187,0.09337065214677823,0.0,9.369363022380378,9.763451322830234,9.553802119710614,0.2126825061009518,0.0,0.0,0.21308097340631316,0.21200112555840142,0.0,0.0759039628168523,0.0,0.0946049634168762,0.07580615769306576,0.18216366577476528,0.13597134440675648,0.0,0.06413775443358162,0.0,0.12572582723322312,0.38373026838802066,0.07601756454282395,0.014260444646774414,0.0,0.21290757842660102,0.0,0.0,0.0,0.2361710166145167,0.05248435762032112
0.08201253100898276,0.0,0.0,0.23283853860956197,0.0,0.08973890378753073,0.0,0.29050792280665644,0.0,0.03452885264982657,0.22155951083243602,0.1936322968024339,0.013966629849567053,0.0,0.0,0.0,0.047173977558887206,0.0,0.24552953924777757,0.23102376418528606,0.0,0.2571755803900718,0.13828185372488547,0.0,0.0,0.15348509822585096,0.22295737804894644,0.0,0.0,0.0685076512624837,0.14475063043021508,0.008899900639121845,0.3665593485744013,0.1396225016344912,0.17463097248859918,0.061679232934197456,0.0,0.0887617307079274,0.05755250721356881,0.08054599748737476,0.0,0.35332078226305935,0.0938299638246526,10.155000515180388,10.155000515180388,10.155000515180388,10.141631827136775,10.155000515180388,0.03700812903174745,0.0,0.5675389828473657,0.030461162408256227,0.06717719603189191,0.0058740803412256695,0.1529914669974109,0.0,0.0,0.0035895177099692956,0.0,0.0,0.052875067758172176,0.06130671870524461,0.12763633364622218,0.04144748235350631,0.0,0.0,0.0,10.441919413296395,10.445642300417708,10.355405510546845,10.186258013911951,10.271071537391107,10.024428956935166,0.11548038582460703,0.44330060944464017,0.03927185079358539,0.0,0.4701571030686114,0.08228917299816667,0.0,0.0,0.0,0.0,0.3873524823077165,0.0,0.039985862861025644,0.1127168945502977,0.17009905768089925,0.0,0.036619064075178044,0.0,10.053732310794008,9.923343432027336,9.841261476591729,10.155000515180388,10.155000515180388,0.15354971708831613,0.26571798941073915,0.0,0.15434731282481706,0.08823447881185108,0.14838826792256415,0.0,0.0,0.0,0.15568317843714594,0.0,0.013586658056481248,0.26650086000204604,0.005508344242472832,0.0,0.04851321713003941,0.0,0.028904810058731596,0.030492359634554024,10.494111675007519,10.33605866183526,10.250167605838088,10.338078715629868,10.155000515180388,0.1023059130255352,0.0,0.0,0.0,0.0,0.0,0.0,0.0,0.098810588574656,0.0,0.22639024738811325,0.3788750850818118,0.0,0.0,0.0,0.2120990674741851,0.3559193259566617,0.0,0.0,10.190326029687553,10.155000515180388,10.150047706517451,0.0,0.3386920078897186,0.09560066339434001,0.15116841168190512,0.0,0.19541239723651152,0.10216496935326393,0.0,0.001149794695097334,0.10771458854348984,0.0,0.3387178780716635,0.2877989325208393,0.0,0.3316142755931668,0.0,0.0,0.3463818896864873,0.022472691202720104,0.23548903990038175,0.0848094283435308,0.3652627747840277,0.10117579256254856,0.0,0.0,0.0
0.1848507181370726,0.0,0.0,0.0,0.0,0.0,0.11738977266875068,0.0,0.37184813369771946,0.11379204984617722,0.0,0.13071175645514677,0.07737984484797676,0.17332928064411882,0.0,0.0,0.0975525015754182,0.24333233566134455,0.1284889734065056,0.0,0.0,0.15505548658511442,0.0,0.0,0.0,0.044458520819547515,0.022435284961846207,0.0,0.1748825518264111,0.0,0.02105622720748987,0.0,0.029454318679353827,0.0872465276206824,0.0,0.0,0.0,0.0,0.2721518339862783,0.045543923460039756,0.0,0.10949479810790361,0.0,10.145544316664076,9.988613293071106,9.835158169352482,10.082360702249318,10.045670556077544,0.10577759039862741,0.0,0.0,0.0,0.560343276639354,0.15751924548343263,0.27337284407089424,0.014677388935220574,0.34154826386105297,0.0,0.0,0.10949690989346188,0.002009524912773251,0.0,0.2583248511398654,0.0,0.4115519300000543,0.19992033006902218,0.34256407816254225,10.136984147515419,10.071039416285366,9.988613293071106,10.168609662627118,10.032812920336049,9.988613293071106,0.0,0.0,0.04218691489008349,0.4060297358146927,0.0,0.0,0.0,0.040511776723435644,0.0,0.0,0.17475046132704464,0.0,0.0,0.0,0.04313265356197065,0.19248409224999896,0.0,0.0,9.811779919226913,9.988613293071106,9.988613293071106,9.681366807094518,9.988613293071106,0.0,0.04528568903828431,0.39321887663237454,0.32970809432355086,0.0,0.26883096961059744,0.0,0.05061086279604694,0.07922878738780229,0.06419903077346983,0.0,0.0,0.3912318487571847,0.08435119878282486,0.27053385809301544,0.39405966691380884,0.0,0.0,0.3152163460025621,10.113158075446478,10.03342339405534,10.03136392897587,9.897906836638155,10.239840663754283,0.0,0.0,0.0,0.1294029590410056,0.02567728800041435,0.1617427391644665,0.4618704646937328,0.0,0.0,0.0,0.03683946817107822,0.0,0.038946557901369125,0.0,0.20077148261945355,0.007339891692059364,0.0,0.0,0.0,9.875039971368983,9.974210966595244,9.966257521785431,0.04469207882687534,0.0,0.0,0.0,0.0,0.0,0.0,0.0,0.0,0.42227366468874256,0.0,0.03876184058615698,0.0,0.0,0.0,0.0,0.22347957704850793,0.00598923742999899,0.0,0.14077087024604823,0.0,0.0,0.18735421485617412,0.02291128747883996,0.020624913132990225,0.000462688459060701
0.0,0.0,0.0,0.0,0.0,0.0,0.1628787321894899,0.0,0.0,0.2823417246133616,0.0,0.0,0.0,0.10387175998166051,0.026455240544082746,0.0,0.22449751462385972,0.09893597290753042,0.03446774936277376,0.0,0.11150923917356713,0.03631073311356817,0.08431788064403685,0.0,0.017249773737746152,0.12187382286829851,0.0,0.0,0.0,0.19135329737105977,0.0,0.1468365196881131,0.22632018291157147,0.0,0.0,0.0,0.0,0.0,0.29564040140812026,0.14659007958607678,0.0,0.35474763295683476,0.2822413837750865,9.984937666764802,9.894700127708003,9.95192172188977,10.109080041453186,10.021307343586585,10.101121856903369,0.06137665599123023,0.0,0.21310769532266055,0.0,0.0,0.0,0.2402131219053107,0.17757464902793865,0.0372443217327964,0.04806456424845064,0.0,0.3282250088217489,0.3748360223324374,0.0,0.20008345126490135,0.3029473521904196,0.0,11.188351931274152,9.812550550239443,9.929711419751442,9.836319624987592,9.98390032802982,9.952693345782361,9.477176373820367,9.95192172188977,0.08630075299546001,0.0,0.0,0.0,0.17507397428430688,0.062448106099390985,0.24244320401561548,0.0,0.0,0.4071101574773569,0.0,0.0,0.0,0.0,0.021489009965800682,0.25613206785775827,0.2229851438231786,10.00401484151784,9.918566668968305,10.119882275544857,10.008623067475602,9.924701340745578,9.95192172188977,0.0,0.0,0.05345077081890922,0.08334299880181574,0.22106701081520627,0.018574613129253223,0.0,0.0,0.0,0.015300279208642915,0.0,0.0,0.0,0.09522217740533545,0.05168992698939875,0.0,0.26638231913882726,0.0,9.95192172188977,9.95192172188977,0.0,0.3302373972732852,0.0,0.0,0.21596075028937298,0.03536494221172201,0.28858060968807037,0.01392506257879999,0.0,0.0,0.0,0.0,0.0,0.08410246741259494,0.0,0.04967034643958931,0.22725130078152214,0.0,0.0,0.0,0.3144545609397521,0.0,10.54923454960775,10.162923764941684,10.066410493416495,0.0,0.0,0.0,0.07445877280610722,0.0,0.0,0.0,0.23389902688421105,0.2448047484710897,0.06676048364464346,0.06779111365800553,0.0,0.0,0.0,0.07576294449595503,0.0,0.0,0.32555604044192893,0.0,0.14013948547454996,0.0,0.0,0.26720918881993566,0.15736933941792408,0.01108013736125189,0.24139142252406523
0.0005403130210963991,0.05215854277183429,0.0,0.0,0.043142189309954844,0.0,0.0038622228461734904,0.0,0.0,0.0,0.0720360072849734,0.15710844112566916,0.0,0.0,0.0,0.0,0.0,0.34164497144662914,0.07230165115345902,0.44061317554368773,0.36450292526353795,0.2659896786297186,0.0,0.0,0.0,0.0,0.22657183518421858,0.3730196925694423,0.0,0.03874000947273516,0.2453498835798218,0.06470345254867649,0.0,0.0,0.0,0.0,0.0,0.0,0.06416586677662613,0.0,0.0,0.1334729058531409,0.12358916409518414,10.119554123175433,9.75119668884149,9.999799063669958,9.887173415770135,9.957499237024413,9.879784428479203,0.0,0.03109987754571819,0.09872913995641762,0.062068727572358456,0.0,0.0,0.0,0.0,0.09308389373345352,0.13881077744069376,0.0,0.0,0.1296689548125683,0.0,0.014476466270874145,0.17087291965620965,0.21152891155133063,11.305069956394675,9.994022514084586,10.042073629159509,10.01925830157656,9.685040787167283,9.47369824789417,10.03398308949267,10.055244918841995,0.0,0.0,0.024496857215059974,0.0,0.016738589747210406,0.09573757566026164,0.0012213478882327354,0.0,0.17689988758363015,0.0,0.0,0.026294780009246274,0.0,0.09510017923559927,0.0,0.2379048476673126,0.0,9.999799063669958,9.802979070731464,9.989513008799166,10.01985396861497,9.999799063669958,9.999799063669958,0.6289699261159103,0.0,0.07725470205783737,0.11555906149259405,0.0,0.11235225263335408,0.3043698193422947,0.0,0.0,0.0,0.0,0.0,0.0,0.1522990490640575,0.1413149577386241,0.08167143341682925,0.0,0.0,9.971612704417616,10.15218789881025,0.04796009769205522,0.00895834413337659,0.0,0.1694513454871577,0.29960670687260776,0.0,0.0,0.005281980367973491,0.009020481847985234,0.2708985751892103,0.0,0.06751104407166493,0.0,0.0,0.009826808961569289,0.14997060788197253,0.0,0.0,0.0,0.0,0.0,0.0726207149849722,9.934876626811114,9.491385058555156,9.983825003789422,0.0,0.23678181767654935,0.0,0.0,0.0,0.0,0.22274295731836827,0.0,0.0,0.0,0.6100564230012769,0.0,0.0,0.0,0.0,0.0,0.3216371933377929,0.0,0.05064896604487424,0.0,0.3094677863497877,0.0,0.0,0.08994532042501027,0.20179851517417804,0.0
0.16488375617253392,0.0,0.0,0.08295482569849376,0.19695389376738034,0.09009776032657292,0.0,0.09007345864724982,0.0,0.0,0.04898558293130563,0.0,0.0,0.0,0.057595551678195314,0.0,0.0,0.07864252459073365,0.0,0.0,0.0,0.2332950343214427,0.0,0.0,0.0,0.28987769467678753,0.0,0.1820989601218387,0.0,0.0,0.0,0.0,0.03454620912230418,0.0,0.010461391479545931,0.0991209187417639,0.0,0.0,0.10604264987678289,0.0,0.05445296433239186,0.062493070479321,0.0,9.945602035788157,9.801101637124471,10.034174349720816,9.981657495330381,10.06717295695813,10.039036858423595,0.0,0.0,0.0,0.22265872314300997,0.06329189664757538,0.08356302430613347,0.25747605345515834,0.13062197400429426,0.15513459570942437,0.0,0.0,0.12593679259825322,0.09967581898791394,0.0,0.13943700813475518,0.08026418143145245,0.12321417675313123,11.241408930818242,10.100915398198675,10.149857199930924,9.962757692221256,9.825526140067392,9.896842042720497,9.858529648054208,9.947921349562527,0.0,0.0,0.0,0.0,0.4474056994136773,0.0,0.14096332988827412,0.14732000950295457,0.2520372276560671,0.0,0.07804573847073917,0.2269578774325106,0.11181969214313094,0.025115188961032042,0.0,0.0,0.17607771375090678,10.034174349720816,10.04131249158861,9.83778185680242,9.973795383351755,10.065842429584228,9.748618526516871,0.0,0.22591478926167302,0.0,0.058286466450633685,0.17409074526223464,0.09115871401960575,0.028202731171988474,0.3028263970341436,0.0808073746848302,0.00455104339822341,0.12165753194709315,0.05250068202459021,0.06542011566468349,0.23367542396388982,0.0,0.0,0.0,0.00564678904126147,10.034174349720816,10.034174349720816,9.849370414590696,0.1541749787109462,0.0,0.0,0.34829924123465833,0.0,0.08560754861619138,0.29153393908490843,0.0,0.28014693108159383,0.0,0.4654961426601404,0.1295916866669411,0.0,0.5970406859253546,0.0,0.23866137403477347,0.3158934328856298,0.0,0.0,0.0593621301099163,0.3290112991958004,10.369988540240428,10.364079827805337,10.152749806739461,0.0,0.0,0.0,0.0,0.0441554295066566,0.0,0.0,0.0,0.28955390734879505,0.10313989085953955,0.15970954545293584,0.0,0.12534565555975666,0.22076662628103544,0.0,0.15939559793496771,0.0,0.35603623483726976,0.0,0.0,0.0,9.848990182380328,0.22439862719985493,0.0,0.0,0.19667061875411185
0.0,0.10799507455305217,0.07945728809669937,0.0,0.0,0.17665439543069064,0.0,0.0,0.1010800208731235,0.09392428101990972,0.0,0.2557026420919988,0.03766996415383607,0.0,0.0,0.09233749829528497,0.0,0.0,0.12413985137507534,0.0,0.062055318356555304,0.0,0.0,0.25698599410577255,0.2238036673682713,0.18331867199538207,0.326767224197486,0.05474342565902682,0.0,0.0,0.0,0.03886826992656422,0.09930791212713679,0.10511889847083526,0.021430482934291353,0.0,0.11506631960137918,0.0,0.0,0.10734407489960218,0.037016050669247236,0.1698382110170316,0.0232577048340532,10.306505734105551,10.218162227119985,10.170060222246349,10.218162227119985,10.218162227119985,10.218162227119985,0.15342281811986042,0.12007906145417928,0.02952071079071902,0.10771234740465081,0.0,0.2099102503071212,0.0,0.15880721724282726,0.0,0.0,0.07477773823619484,0.0,0.07177100308824205,0.0,0.18133881580516775,0.211794357690414,0.12497122629304015,11.494947613644033,10.457353713899723,10.277414115053759,10.109291035575572,10.218162227119985,10.101152760876303,10.112033002319226,10.218162227119985,0.09728611798279724,0.0,0.27856421906797124,0.0,0.11715697719682527,0.2720850346267948,0.0,0.0,0.08249733124046543,0.04909774018180755,0.0,0.0,0.0,0.0,0.0,0.48716704616952566,0.06031090582659321,10.238200519026453,10.017146829374234,10.400993219789726,10.306435547852248,10.261860281697203,10.40003742758943,0.053538940634695636,0.4556199036889558,0.054988134258868546,0.0,0.0,0.0,0.22130577118828942,0.0,0.0,0.1760715924015794,0.08561748518494637,0.21165113845861888,0.18862073478437688,0.07449484042590714,0.09887886106742548,0.0,0.0,0.01803381421804937,10.010926522444127,10.01985571711999,10.218162227119985,0.17503947786250634,0.17965973426103715,0.0,0.0,0.0,0.0,0.0,0.24748056242214653,0.0,0.026531721001104618,0.0,0.1133550438010343,0.19802413375697975,0.0,0.20357381713298445,0.0,0.0,0.16551122214982242,0.0,0.0539510334830804,0.14516063051437075,10.706524473379156,10.586810239557751,10.036881253769808,0.35590105266771477,0.027445882560642215,0.11111291539822772,0.2783838544385667,0.17655188280324835,0.3787019511954045,0.0,0.0054414358096475796,0.0,0.04073841838667572,0.0,0.01086713214519809,0.0,0.0,0.0,0.0,0.0,0.340151249708875,0.0,0.0,0.016250179107209526,10.238008381243324,0.04742280167704303,0.2874312768178098,0.0,0.12649077599866815
0.01490995731926484,0.17901852593458997,0.0,0.0,0.0,0.0,0.0046650466499604465,0.3469432722053691,0.0,0.0,0.0,0.0,0.0,0.19778297301274286,0.1230081569194188,0.29434286642133906,0.09139023127368946,0.1400890554542681,0.0,0.0,0.08906772202749234,0.0,0.11398757155031852,0.0,0.10605486913206977,0.039898308022885715,0.0,0.0,0.0,0.0,0.06719407545863769,0.05078363940719409,0.13677751615777142,0.0,0.3675828554218211,0.0,0.1368738250347745,0.23547655420617758,0.0,0.0,0.0,0.054151407857894455,0.0,10.149062569332763,10.02221439105807,9.823997413726698,9.9654336774745,9.9654336774745,9.926853520738796,0.16631764941491428,0.0,0.0,0.20326145045884822,0.0,0.0,0.0,0.0,0.31981440939846273,0.0,0.1619066932639564,0.36478201054682025,0.3203920322153219,0.0,0.3510865898375629,0.0,0.0,0.0,5.141413174559016,7.6932065248512025,8.275462018747199,8.397050956038544,8.71609011619684,9.558452674308391,9.263758880741193,0.0,0.0,0.12169544805300136,0.051276934523568775,0.0,0.133150499332955,0.0,0.0,0.05762010783240799,0.0,0.0902632954608923,0.11562892533933955,0.03742286254565628,0.6887554422190411,0.11487539839321818,0.31589281124416524,0.0,9.522822127649437,9.9654336774745,9.9654336774745,9.9654336774745,9.705109211928196,9.697872008113707,0.14298074847793651,0.3236092586494011,0.0,0.0,0.3262334426619418,0.1753074554302603,0.0,0.1790115137184003,0.1602231782526078,0.0,0.0,0.07380082042925293,0.11580644088200398,0.32614102608597517,0.1640580160389747,0.0,0.0,0.06532841778836504,10.120545208444643,9.89577469980871,0.270526956640934,0.07886869115678546,0.0059441045182934546,0.0,0.0,0.0,0.0,0.08902774603949677,0.0,0.0,0.25455669831796157,0.22858476811089193,0.0,0.08295160446515587,0.0,0.0,0.0,0.369459232802842,0.08777128769768355,0.43845542573742985,0.08977820118146174,0.0,9.9654336774745,9.9654336774745,9.9654336774745,0.0,0.0,0.0,0.2766187121073571,0.13465095328360865,0.0,0.11273945535558766,0.0,0.0,0.4619827824861266,0.09182667150703609,0.0,0.0,0.0,0.06883610873983495,0.11324420192024189,0.026367672330085478,0.04246359098832307,0.14518529942593456,0.0,0.08780449094565586,0.0,0.09326641016162644,0.0,0.0,0.1811923717397304
0.07887948407858923,0.35247725247407646,0.0,0.0902064963770483,0.0,0.0,0.0,0.1322597068036598,0.0,0.07856856454855898,0.0,0.0,0.05266762106003895,0.0,0.0,0.10687549025632845,0.29104879722214055,0.24816144991303699,0.021869093829833475,0.08874223534581686,0.08687918208017895,0.3124254388608477,0.1386811342416544,0.0,0.052024234471038544,0.11859195952915913,0.0,0.0,0.14665267476421934,0.0,0.11140422598964018,0.0,0.047511943139110856,0.0,0.0,0.0,0.4972736448991003,0.0,0.1039159693253421,0.1503601243490382,0.0,0.0,0.20157130739167975,10.203827775708353,10.203827775708353,10.203827775708353,10.025467917486827,10.06078864146042,10.216259534758919,0.0,0.5754133860246813,0.0,0.0,0.2600950056134531,0.01087994435779414,0.0643741654841321,0.20292713228810452,0.0,0.0,0.6530221967873028,0.09702402696535015,0.0,0.0,0.0,0.277318209878194,0.3928683147450598,0.0,10.097354826564173,10.022707900826434,10.292852650700606,9.930368630183285,10.203827775708353,10.308704009387517,10.005617176889771,0.0,0.021520743783982367,0.011125209431178515,0.0,0.28319005036311623,0.24979777221154645,0.0051749733135272825,0.15732420750304651,0.0,0.17200700781823008,0.11525684105073888,0.22191623020681575,0.0,0.02760800943848032,0.0,0.1825611674221276,0.0,10.175016800515552,10.146239228612117,10.025076901623521,10.336723311401217,10.076723911753467,0.0,0.0,0.07936679961625441,0.0,0.0,0.0,0.0,0.0,0.04502923118024196,0.022623717154934463,0.0,0.0,0.0,0.14803390875662842,0.24333623671589577,0.0,0.00020075222478380898,0.0,0.07749595135756115,10.24890576431985,10.12433924209211,0.0,0.11923807802085067,0.0,0.0,0.0,0.0,0.035315358476858835,0.0935460664994486,0.0,0.0,0.45133073502130805,0.18955195063804853,0.0,0.09983180816126584,0.3806049955459411,0.0,0.10816864881230585,0.027132414734713402,0.14801709820848757,0.17498449906162522,0.0,0.0,10.426799780328613,10.617034286224191,10.623014583195319,0.0,0.17932329325533677,0.26810807513218193,0.0,0.0,0.0,0.0,0.07275330514348177,0.12903380829246625,0.0,0.10802146720390664,0.0,0.08937586133831783,0.045637769142910276,0.04955871509650204,0.17132448088358482,0.45720947609290863,0.08436721758307832,0.0,0.0,0.08826037501184192,0.0,0.0327706952266895,0.0,0.0,0.0
0.11094899583718101,0.07356442167154637,0.001316032111338196,0.0,0.4851621966578915,0.0,0.19170674797139825,0.1601047536893013,0.3404110002155343,0.06725249841635711,0.0,0.0,0.0,0.14060602535056105,0.0,0.05512468094499377,0.0,0.0,0.0,0.37354439703592246,0.06252351457171844,0.11954594634597511,0.0,0.0,0.0,0.0,0.0,0.0,0.0,0.07442671040809842,0.0378549060057077,0.16150769343229435,0.026853231957013963,0.3677597367090413,0.0,0.20421352868887938,0.0,0.10990505163600116,0.0,0.016241870107266895,0.0,0.0,0.0,10.492957402080098,10.339924907906415,10.339924907906415,9.89854119333704,10.339924907906415,0.342648802367051,0.0,0.0,0.12095745110322476,0.0,0.05938927760208961,0.0,0.0,0.0,0.009600402367188376,0.0,0.0,0.0,0.0,0.0,0.0,0.0,0.11424734163090977,0.0,10.297646772949724,10.43642164127784,10.126796801428885,10.229697156644225,10.339924907906415,0.29872878998184565,0.0,0.21625831299756085,0.010944093660429212,0.12366523267418893,0.07945858489951074,0.15285543298647164,0.16695985023482535,0.5731129523293472,0.09745942494861348,0.0,0.0,0.02578032423461808,0.0,0.04439430018891977,0.0,0.0,0.0,0.0,10.376233287656378,10.468227778149071,10.133403430952761,10.1190006543421,10.339924907906415,0.15713384660769353,0.0,0.16204064270729887,0.2387267724446061,0.10844419838208907,0.009666092091832636,0.1882957434874848,0.3250353297706572,0.0,0.18856282286344755,0.0,0.0,0.0,0.11693869317463705,0.19736565707890244,0.2920707989155377,0.0,0.0,0.03639606951959313,10.358315203735378,10.318385698193111,0.0513932883232973,0.2555480105591065,0.0,0.0,0.0,0.0,0.0,0.18833677816639807,0.02387325348531951,0.15850630237903574,0.0,0.1571915302788693,0.0,0.01897199722037457,0.0,0.06378140005118921,0.0,0.5907843587608829,0.27533862476601384,0.2223116168746902,0.0,0.3062705813001087,10.45237134594614,10.325674586651147,10.339924907906415,0.19061080523572407,0.0,0.033161779052509145,0.0,0.0,0.06935771808279324,0.0,0.0,0.0,0.38347147924699126,0.46549665736176354,0.0,0.16436954009714683,0.0,0.14909399813086377,0.0,0.06523589266905759,0.0,0.0,0.033385409160948426,0.0,0.14158500503659288,0.011465087242968599,0.0,0.0,0.0
0.49199775331410756,0.17895110191295152,0.0998028785281733,0.0,0.0,0.012917307029808556,0.26339319203986383,0.0088814623107655,0.0,0.0,0.04693057370561097,0.17400129191266483,0.0,0.03468865002181547,0.0,0.06146258840100584,0.10048867762631446,0.0,0.0,0.0,0.2688463421323289,0.0,0.0,0.05640893079277402,0.0,0.0,0.20546171101828645,0.0,0.24039769494508476,0.13052480920508522,0.30930776865658305,0.0,0.3151174242285074,0.06363101451086314,0.15069321547056408,0.0,0.0,0.006494858660480461,0.2299156024030002,0.2242927637220873,0.41510185198929594,0.0,0.0,9.949913570537385,9.964592877418792,9.850489961574539,9.733433095515773,9.74758830413676,0.0,0.0,0.11263139445220244,0.0,0.0,0.0,0.0,0.0,0.08996558537287758,0.0,0.0,0.16139648124751507,0.0,0.008235976138775065,0.036531186479976996,0.0,0.0,0.0,0.0,10.249868063074763,10.150507942022958,9.897983629508897,9.905318596375976,10.01640618968696,0.0,0.0,0.0,0.0,0.28119723099549593,0.0,0.0,0.31619978113646796,0.0,0.0,0.0,0.02546311487539704,0.0,0.0,0.30092787157556694,0.1625958222479214,0.12352070989592505,0.0,0.10259395514089606,10.01640618968696,10.01640618968696,9.98143796444948,10.01640618968696,9.891421632275215,0.0,0.11485958156099232,0.16676730921732985,0.0824767132923112,0.0,0.13487872426402867,0.0,0.15246783034797087,0.0,0.0,0.1466315148267246,0.0,0.0,0.35501877856990666,0.16770288500106686,0.0,0.0,0.0,0.15260496255938938,9.808756717450207,9.930190828969726,0.13313798992881348,0.0,0.0,0.26941290463563966,0.0,0.0,0.12710455538385904,0.01250622035982713,0.0,0.44689952005048617,0.0,0.13814527594515294,0.0,0.0,0.33690516810850984,0.012247314080485116,0.08780539999677789,0.0,0.0,0.0,0.0,0.0,10.544187571049154,10.2542796884202,10.207676808881738,0.0,0.060363785551919055,0.4352480586111776,0.319602486188417,0.34761470064437755,0.07766308959711406,0.2222161991392327,0.10492312585652966,0.0,0.0345457573863013,0.08915831421169687,0.3924888726434161,0.13315976006015462,0.0,0.0,0.12034496293039462,0.0,0.0,0.0,0.36535324706095174,0.15301151136709198,0.0,0.0,0.03162345383307235,0.0,0.0
0.2566813359571235,0.14957889761891033,0.0,0.11609439632104292,0.022228679735667927,0.28838167505306217,0.0,0.0,0.0,0.07845603456733044,0.171441530180004,0.0,0.2964762983311178,0.0,0.0,0.0,0.2305017590647031,0.1814745020605296,0.11763648787826626,0.0,0.3009106111493038,0.0,0.0,0.0,0.08004756969840643,0.0,0.15454384269903068,0.10834777634532554,0.0,0.0,0.0,0.33836940354938805,0.20055803372893297,0.0,0.18203117355070475,0.10212836452891529,0.0,0.05443276294786033,0.14199985578706995,0.0,0.1258770215814778,0.2067011880779938,0.0,9.660644141221267,9.920434070907191,9.79181205578169,9.790812358085226,9.97100994563706,0.04553555469617751,0.06865253211427198,0.25077345275377144,0.14679620616336686,0.0903769952186088,0.0,0.009973177238864928,0.12112610243112505,0.0,0.0,0.13000517773454331,0.0,0.0,0.0,0.0,0.0,0.010393317080275074,0.18982735185118063,0.08522214200829763,4.974421789254453,6.380600400517992,6.8611462803713135,8.084580325557768,7.596433716460007,0.0,0.0,0.0,0.1863429935936322,0.0,0.35081252709488336,0.1341602683708255,0.03598581938936131,0.06701741458511318,0.0,0.06848441797341806,0.3101059942292256,0.0,0.0,0.0,0.0,0.03871108559186137,0.1586701075402576,0.0,10.082051710691097,10.044607854210115,10.201089984939653,10.067778900615542,9.972283264785721,0.0,0.06107523546546841,0.0,0.3146506897659867,0.05795570299906169,0.17770564102180936,0.13301610903423963,0.0,0.06382167230875362,0.0,0.22750446346969078,0.0,0.0,0.0,0.0,0.0,0.0,0.07926400991483423,0.0,9.927482079044424,10.007375807473927,0.0,0.0,0.0,0.0,0.0,0.05104310327148979,0.0,0.0,0.0,0.002045213370887841,0.039618456864545515,0.21437173323698833,0.3303877863832299,0.025716607237300158,0.0,0.0027340961313895404,0.0,0.10363683515679648,0.17646905765558102,0.1726507120757598,0.0,0.0,10.536322789302343,10.353831852451279,10.044202266851482,0.0,0.2985355845083892,0.2743043443658411,0.0,0.0,0.10968600864275849,0.1936802194435017,0.01576512411639816,0.0,0.0,0.0,0.0,0.0,0.13336632735238563,0.0015111891218070176,0.13123307556682168,0.018953656907957042,0.0,0.1301012049635673,0.3809413056720629,0.3207593697432636,0.25075464027527,0.0,0.14030075727754107,0.03780957436877125,0.0
0.0,0.0,0.17335940906232505,0.26212272365295697,0.0,0.0,0.09398046725111896,0.025974012683285606,0.05941328851150965,0.0,0.061484351715934506,0.11699046266989856,0.03166882745567081,0.007408384695809853,0.13776999976832294,0.0,0.0,0.05571886909255982,0.12268495647786327,0.040352752302224446,0.0,0.24871017980289611,0.12184577313648219,0.0,0.41191805898687384,0.15241719666670472,0.0,0.0,0.0,0.0,0.0,0.0,0.11267758978941751,0.16005622098665764,0.0,0.0,0.0,0.0,0.3470610699336674,0.0,0.11852207911637662,0.0,0.0,10.509941192632962,10.037804254378544,10.115114651222799,10.103088009518133,9.908992063486737,9.970736699940671,9.806710156009569,0.0,0.3108896740701458,0.301711001248493,0.0,0.2237379845727784,0.0,0.0267413959739443,0.0,0.07379501622994983,0.0,0.0,0.2900912251903627,0.0,0.0,0.011759115949057732,0.2695458121099286,11.532118332413429,10.288730786362038,10.205822270099953,10.110283188596878,9.774207206323783,10.132093409877863,10.103088009518133,9.841461620590504,0.0,0.0,0.0,0.0,0.0,0.0,0.0,0.0,0.031133842776193448,0.0,0.1124007199414318,0.0,0.0,0.0,0.11544041421815465,0.0,0.18786193853569452,9.857085994029273,10.103088009518133,10.172147874837245,9.68390373181113,10.10565499954059,9.966368568220796,0.0,0.16453152297088394,0.0,0.04600969291831503,0.0,0.2523336269153539,0.0,0.22359830060489583,0.0,0.040442545856522204,0.0,0.0944894507293744,0.0,0.2062342038808277,0.0,0.0,0.0,0.0,9.918048321799246,9.933272379607486,9.796639547350846,0.06094535679452922,0.12740431223747808,0.12076881035246351,0.0013353894775528252,0.0,0.0,0.0,0.18157695981669988,0.11859126204453843,0.04626477458578743,0.09898272502713322,0.19942906229145643,0.0,0.35942232672868496,0.1350180122897146,0.0,0.0,0.3109991455602968,0.0,0.1554763413821991,0.1165382834825583,10.258289166363666,9.909771995889058,10.1736846431747,10.103088009518133,9.734722385736937,0.01673735048582691,0.0,0.0,0.2682568190860233,0.0,0.04194817480178836,0.06968883114879586,0.0,0.06121980196862893,0.0,0.0,0.19230023509936547,0.0,0.3181504101791373,0.06692073232731476,0.0,0.05797280370374459,0.3046319730763889,0.0,9.864957674055091,9.85487545952036,0.1346642278754733,0.0,0.0
0.0,0.0,0.24796632640762328,0.067284464378743,0.14014865446641625,0.0,0.0,0.10057572884785788,0.0,0.13902027767361247,0.0665731016624798,0.051338392703500935,0.0,0.0,0.0,0.0,0.0,0.0,0.03600272097532464,0.0,0.0248167052261738,0.0,0.4786685948679115,0.23888272644792236,0.0,0.20113000992059812,0.12554801430501533,0.0,0.0,0.1334747337516186,0.0,0.0,0.0,0.0,0.0,0.0,0.18271590576278637,0.0,0.16805346160892315,0.0,0.07049677800779208,0.0,0.14822336172979753,10.073693822030195,9.995233492329673,10.057676189112389,10.086940035553436,10.057676189112389,10.206648780248262,9.92120628703325,0.0,0.0,0.0,0.0,0.0,0.0,0.0,0.2540725003262333,0.34800202149901643,0.0,0.0,0.06482421545986165,0.0,0.0,0.0,0.0,11.277717379071465,9.858509151017957,10.034630652375217,10.126362851803838,10.022138650913748,10.057676189112389,9.95358906226816,10.067948899030597,0.14903661640710944,0.0,0.0,0.3748624441335719,0.2614500092368407,0.4018516003246337,0.0,0.14912638714299753,0.03813769458329668,0.13511929775966933,0.22667216242565455,0.0,0.09276562171805933,0.0,0.2477150658552562,0.0,0.22629090341505895,10.057676189112389,9.901545176088632,10.045639927736916,10.11885279022521,10.08766871403341,10.082897316467056,0.29682874648002044,0.15034110990024058,0.0873461087001162,0.0,0.0,0.21295985675864787,0.0,0.0,0.0,0.0,0.0,0.0,0.2676321358366705,0.0,0.012053232027220829,0.18910752638750322,0.0,0.2783577209018073,10.220280285033098,10.208603132031671,9.764016430416143,0.24141173956528783,0.0,0.0,0.1732187785228595,0.30598552409401936,0.01966855819644124,0.032669708107485575,0.0,0.07826277556332786,0.17276395135950878,0.23401928467504982,0.08230496215095262,0.2193022617871724,0.10147989314183688,0.0,0.08313132905388822,0.09052775359464049,0.0,0.10568984184982329,0.10059665861778785,0.0,10.1246545248211,10.075884744234104,10.175557866596924,0.11345406271588147,4.439761358432977,0.10981428247796537,0.03848204106693867,0.2937600320488022,0.13230741332976986,0.0,0.3200763484357332,0.20117863996622867,0.13838535509815894,0.011440410926224623,0.0,0.10291381667561468,0.1299887988173852,0.0,0.42599665582972945,0.06784019725207482,0.0,0.0,0.14486968614875614,0.12055316593287083,10.106177691399157,10.085094196903006,0.0,0.07814935443812467,0.3960370868481289
0.0,0.0,0.1055617669266091,0.0,0.0,0.21190837071601698,0.03832103767521995,0.0,0.0,0.4469536629253445,0.0,0.0,0.41136301476061266,0.3333084735494521,0.06929219998764194,0.016177853214260976,0.0,0.3305303664957647,0.0,0.07565495163235658,0.0,0.0,0.0,0.0,0.29400737269262994,0.19758433974756415,0.0,0.0,0.011433289428006161,0.0,0.0650952112019057,0.0,0.0,0.19157970283104186,0.0,0.1348405571665397,0.0,0.16103171261058147,0.1028009692387878,0.03504469864525635,0.0,0.29282656557082476,0.2513495610198701,10.258866111766228,10.08506863625121,9.892089818884443,10.270968019591836,10.093579300922265,10.144480179737553,10.303877297715736,0.0,0.0,0.0,0.36233398220620017,0.0,0.0,0.23102244216400564,0.03856791175651429,0.005015733054401099,0.18901860815684768,0.0,0.3460712797781363,0.1622636228769384,0.1706905550737134,0.05253485304467176,0.035816474089442454,11.577233103812496,10.371616881853035,10.205825055371035,10.303877297715736,10.303877297715736,10.303877297715736,10.303877297715736,9.828089607125198,0.0,0.27508392409655547,0.12773713575932588,0.11530044477165297,0.054420410367288244,0.0960747010835378,0.05285739916700185,0.0,0.0,0.004746124617415014,0.08055269062639314,0.09594235023095252,0.0,0.0,0.0,0.20904626372986776,0.0,10.1935301664995,10.182362036698741,10.303877297715736,10.303877297715736,10.196540602874759,10.303877297715736,0.23799613773111905,0.1565381256906306,0.0,0.002506179149727718,0.05691305341870627,0.08517859453295612,0.36478842616612345,0.0,0.0,0.0,0.09302062727952001,0.15468435033864333,0.0,0.10407876034733332,0.0,0.1577852756100502,0.19140324994057034,0.0,10.48598373663209,10.457053848180834,10.254515367407134,0.0,0.27681360035700114,0.07236667400872793,0.0,0.061909997919840754,0.0,0.11371837392076309,0.02972285436569616,0.0,0.0,0.0,0.0,0.0,0.31678039218729076,0.09335260194232461,0.0,0.09097494631744212,0.0,0.0,0.0,0.0,10.175370399520142,10.303877297715736,10.210909363747646,0.10074461072768778,4.772918495424297,0.006591859421110041,0.11096494333408985,0.07751136827754372,0.0,0.0,0.0,0.0,0.0,0.0,0.0,0.0,0.09127519987849393,0.13479143208593852,0.06761555388719401,0.0,0.041498722333275055,0.13567488853649923,0.0,0.09653373579501716,10.593033244664067,10.190611277134442,0.022275082662936815,0.0,0.0
0.06064594147198199,0.15115620835759647,0.18340583408348776,0.0,0.37262294468741664,0.0,0.0,0.0,0.39399419813457665,0.005656804717344111,0.06141929481734773,0.058101387553440055,0.17744790303626018,0.01747021982130846,0.024334688429797056,0.01898936231856146,0.2477182207518821,0.3177605694837906,0.0,0.0,0.0,0.07037798536659531,0.0,0.0,0.0,0.07263232202350475,0.09548731364263943,0.0,0.042964156266524715,0.02199804523519691,0.0,0.45851566615303385,0.0,0.2368670348316173,0.0,0.0,0.0,0.022315203795979684,0.06282175317393825,0.013130323972880581,0.0,0.0,0.0,10.61290174339513,10.462506729485222,10.364564023168237,10.379396372226624,10.319274535594008,10.473790478352383,10.122979249635032,0.15643026409441615,0.02593647285380981,0.0,0.0,0.30729922672405846,0.11079740254169229,0.0,0.2588025778603725,0.012118493047444074,0.2940722739096099,0.0,0.0,0.0,0.0,0.0,0.0,11.561748049413223,10.396103078062822,10.376156892481676,10.39900817691412,10.405295331144536,10.364564023168237,10.135421310923475,9.984504624226728,0.275216479744548,0.21457527840506377,0.0,0.0,0.0,0.052870276499537266,0.0,0.15191842000989722,0.20414951076662297,0.0,0.0,0.0,0.0,0.19982842763855024,0.0,0.07658289643869072,0.3258383706001079,10.364564023168237,10.321656212240779,10.364564023168237,10.204476528233284,10.364564023168237,10.372607731802203,0.0,0.0,0.3015872446646747,0.08398567556429301,0.0,0.0,0.0,0.529462962527193,0.05461946064631733,0.03411027131065793,0.2530321789986652,0.0,0.12077893850486757,0.014305573670324142,0.0,0.0,0.11945328761954943,0.0,10.520019364828924,10.548813150209295,10.576284331741245,0.0,0.0,0.0009318392149191164,0.18661970197574984,0.20447654040991875,0.0,0.0,0.0,0.0,0.0,0.4105141793553416,0.0,0.1107673778076087,0.2000111332194647,0.20511547673323885,0.0,0.3590498897851414,0.10615433409112351,0.33946460639793236,0.39888976882981564,0.24305689915652023,10.329837912106214,10.328123981968048,10.282718817163813,0.0,4.632806318782248,0.16720863245806677,0.14206237057308327,0.25506598987520707,0.3327248475279387,0.0,0.0,0.20624212329631447,0.1635581938489207,0.0,0.0,0.0,0.0,0.05396187754687048,0.0,0.0,0.35159330664953686,0.035831491712957894,0.0,0.0,10.633638634231291,10.593615696828492,0.2036509392069279,0.20565850154178633,0.0
0.09313787255709097,0.0,0.0,0.0,0.0,0.08756487535572849,0.0,0.0,0.024872680881068556,0.0,0.0,0.17332647467944984,0.226537251900992,0.15374617623380907,0.18424393309075016,0.0,0.0,0.0,0.0,0.061801952293975566,0.08073480266254598,0.06845173073779111,0.37022583227907657,0.0,0.264978719629262,0.4154341440935132,0.038719218969241596,0.22153500758705746,0.12324506070030601,0.0,0.0,0.0,0.3055661533595464,0.0,0.19110691755173442,0.01780311845095304,0.0,0.0,0.0022336424225540908,0.0,0.0,0.0,0.07411136182082555,10.019042088163369,9.76091785677214,9.756093635149606,9.75997813498952,9.548709937062187,9.75997813498952,9.75997813498952,9.75997813498952,0.0,0.13044362120616557,0.0,0.0,0.0,0.4306120913088046,0.0,0.0,0.5850813318344722,0.09865904865729282,0.10144711562881772,0.0,0.0,0.25688147942149836,0.0,11.297729686068491,9.980665577431795,9.935642822455875,9.472588482544923,9.790100498504922,9.75997813498952,9.75997813498952,9.667670423050705,9.75997813498952,0.009527024575024022,0.0,0.03533395823755616,0.0,0.40768045744217574,0.0,0.25648559278081884,0.17918537283438837,0.0354960525365631,0.0,0.0,0.0,0.21749669692716112,0.0,0.0,0.0,9.75997813498952,9.75997813498952,9.79705434157866,9.773227451712682,9.75997813498952,9.784274517805626,0.0,0.1879535555751486,0.11953136692620768,0.43650572489779127,0.0,0.039710820891918526,0.0,0.0,0.0,0.0,0.35160705277249493,0.022100161359632862,0.0,0.0,0.04385782628197432,0.0,0.12797469096416378,0.11081363268696921,9.627525446927372,9.82741096098088,9.810735130662987,0.06590228374118862,0.10066963444610187,0.0974794809897513,0.17676693931624035,0.04102069713281264,0.0,0.11345055025979521,0.10295878457686264,0.010492061163924895,0.0,0.2942754837155258,0.0,0.03591850637127286,0.05438306080790745,0.0,0.06489332264977014,0.0,0.0,0.08533810484561047,0.0,0.2739401866676695,9.773231009970916,9.75997813498952,9.75997813498952,0.0,4.254944564207111,0.0,0.0,0.16796882589097742,0.0,0.009661603205418479,0.0,0.0,0.18647453372287043,0.0,0.15591048204658106,0.0,0.0,0.0,0.0,0.0,0.07021732446590813,0.008672039813940113,0.0,0.0,9.773235301124595,9.806315911755213,0.0,0.20200695534392188,0.2772563579297413
0.0,0.0,0.06669395357054651,0.019239624345709656,0.40199169421188324,0.0,0.0,0.0,0.0,0.03615579516042567,0.0,0.0,0.0,0.0,0.06172431894057558,0.1817892465877063,0.0,0.0,0.23745679911418002,0.0,0.22382885673987063,0.0,0.33300291741527643,0.09150187658243686,0.04780431931521165,0.0,0.0,0.12205861577546025,0.0,0.0,0.0,0.06708230874619521,0.0,0.14620835305847593,0.0,0.0,0.2760921510445829,0.0,0.0,0.2320085349443393,0.1952108516082546,0.0,0.0551240906281504,9.763549583327295,9.76442942201072,9.480197039699856,9.542126546036071,9.697612092974786,9.8241762442271,0.0,0.0,0.0,0.26200755657856084,0.0,0.23025833854927277,0.2984432484431222,0.0,0.2887920710577111,0.12172985609819847,0.0,0.11503332049114234,0.0,0.4614045916128939,0.0888258175788695,0.0,0.0,10.96301147712516,9.76442942201072,9.733081400674616,9.840241934245142,9.86621316071786,9.885939829957959,9.466666784045595,9.735406446270282,0.0,0.038926672541695635,0.0,0.1577676957140297,0.006735127843517408,0.29068733269284247,0.0,0.03935426272387087,0.03173359507915984,0.15069828889735698,0.0,0.0,0.0,0.0,0.6259715726468833,0.0,0.0,9.76442942201072,9.6698700622326,9.616761960689068,9.792424188683727,9.76442942201072,0.0985265074362361,0.2141432674712167,0.02619080560355087,0.0,0.0,0.0,0.007229729945945363,0.3142732505275339,0.1430110370985658,0.014645437884361475,0.0,0.0,0.3060827754211335,0.35840216973300226,0.0,0.21788165453552805,0.0662866806260983,0.0,0.0,9.76442942201072,9.705666333966388,9.76442942201072,0.048642380532253615,0.0,0.2866654632213642,0.20725185339127006,0.5463003205661223,0.04166615920395553,0.0,0.0,0.03562496170222296,0.17126360311186298,0.04861959885911142,0.23648459742618955,0.0,0.0,0.07398034190407056,0.0,0.04616666140450364,0.0,0.017450355433687087,0.0,0.012144636065462323,10.2610718605422,10.09570233573199,10.138795550684565,0.1272619798223963,4.45222815814191,0.16496139947768906,0.08695330043595033,0.0,0.31913268922834953,0.5087207512335489,0.0,0.0,0.0,0.029955714029392018,0.0,0.1865917689206984,0.0,0.0,0.0,0.14379523228303856,0.0026607707716110613,0.07325510082308044,0.0,10.696399511237992,9.76442942201072,9.632547522927027,0.06016022538847898,0.0,0.0
0.08032907986845582,0.0,0.0,0.0,0.0,0.0,0.0026488232801569122,0.0,0.06870940355671638,0.0,0.0701679714203889,0.0,0.09225690112265963,0.05743983654570335,0.0,0.0,0.0,0.18892534415183873,0.0,0.0,0.0,0.20695275528749568,0.0,0.029342342972994595,0.15414547808957857,0.4046509473050283,0.0,0.0,0.0,0.35493384406154616,0.36758320233014086,0.0,0.0,0.0,0.0,0.20066318938522124,0.26002446258268413,0.14607589728599166,0.0,0.0,0.17353064694888906,0.0,0.2250779950649493,10.100918250825854,10.000233222112449,9.912023034029367,9.965752289312285,9.762322628372736,10.000233222112449,0.0,0.0,0.0,0.03298389121778393,0.07487000445031936,0.14679467510261074,0.3496644384048184,0.08781825393673613,0.0,0.0,0.0,0.2669759909340341,0.034462806294129344,0.053807257560317116,0.07042801049671064,0.1651153453450454,0.0,11.28200762926334,9.962871144621937,10.133069561428664,10.11530223953844,9.954643033358716,10.11073866271179,10.000754040725301,9.837550117823696,0.0,0.21280021731314136,0.09307193943066333,0.0,0.0,0.0,0.0,0.046934360453790715,0.1744072209610746,0.0,0.0,0.12944013002018168,0.0,0.0,0.06229777220915339,0.0,0.03013030781100652,10.000233222112449,10.000233222112449,10.072076133982655,10.06846514135798,10.000233222112449,0.01483629325398667,0.0,0.2942717254271728,0.0,0.009687043896400727,0.09651473170936335,0.1140043053221767,0.45343728456420046,0.0,0.10313088200849502,0.029388470668065898,0.2567254719673868,0.21531138840502215,0.0,0.0,0.0,0.0,0.09352057295663045,0.0,9.969299833459273,9.863036720250744,9.94431635162666,0.014954910375034549,0.0,0.0,0.07910473681247167,0.0,0.0,0.09332875327661691,0.0,0.0,0.0,0.10085492818760021,0.6073190504644062,0.0,0.0,0.03165952995631541,0.20819197992164745,0.3499238501050792,0.0,0.0,0.045803971386771565,0.0,10.285470357493427,10.23852646133995,10.164996924955277,0.005369022750042889,4.41898473824993,0.0,0.019281672814112846,0.1508291331830387,0.0,0.0,0.14702201006692836,0.09660152756967547,0.07933433219330802,0.40602834398850407,0.0,0.0,0.02688430051900805,0.0,0.1650476648789217,0.003110945431619434,0.0,0.001761428192189681,0.33641222938360144,10.85782244660809,9.906854495644078,10.005061757587036,0.19797344366761144,0.14262323313816438,0.08314780578100162
0.15920006602854997,0.0,0.22097701722746782,0.05008366929843233,0.0,0.0,0.0,0.17034872591129138,0.0,0.0,0.0,0.0,0.2566997751060474,0.0,0.0,0.23568601561195698,0.0,0.33012175432281143,0.34456943934481954,0.0,0.0,0.0,0.0,0.0,0.0,0.26359922590929225,0.1657096213939789,0.0,0.25619664776671597,0.0,0.0,0.0,0.12923357341119346,0.1101053688961516,0.0,0.0,0.0,0.35786863340259817,0.24888077899591596,0.10875399865405304,0.4700844047590051,0.31354051627205365,0.0,10.257924360012812,10.21465830773633,10.21465830773633,9.943250177809347,10.21465830773633,10.16271395210414,0.0,0.0,0.0,0.0,0.0,0.0,0.4327785124692673,0.0,0.0,0.0,0.0038665172950461913,0.333623337382702,0.3502705313033664,0.16759602559881992,0.07249541910156511,0.13997927203312016,0.0,11.78424492432615,10.20203973307077,10.513645938366823,10.28996055577917,10.327658887105681,10.29150807642038,10.21465830773633,10.22792941609476,0.056823858612751785,0.06308003543289209,0.20052096403657413,0.046449927406333046,0.0,0.04584073187652576,0.0,0.0,0.2695277370997937,0.00559625129710155,0.0,0.13598189943706665,0.13527247439208434,0.1284439981831479,0.0,0.157041926095922,0.0,10.141027593437736,10.21465830773633,10.195387776940104,10.154372351193727,10.254248946874556,0.0,0.0,0.0,0.0,0.2931512243494782,0.0,0.0,0.09722535913758074,0.0,0.07724465362921011,0.0,0.0,0.0,0.40404778842962125,0.0,0.1154191596148971,0.11383253465447803,0.05696219409287615,0.23651908758904053,9.986840487689262,10.3172315876812,0.0,0.013855055807664095,0.0,0.0,0.0,0.0,0.0,0.0,0.0,0.0,0.0,0.13015795952425555,0.06421716337330115,0.0,0.0,0.085392229371922,0.29448979405095005,0.07180403226445764,0.3272168651644189,0.09136442367835601,0.0,0.053096969432517994,10.39330919542604,10.21465830773633,10.144774912140115,0.0,4.79345748934818,0.0,0.18135131606497723,0.10704477629797053,0.4454645799315614,0.058448691970837276,0.0,0.3242542925637712,0.0,0.0,0.24554718271759352,0.047895844241889404,0.0,0.08442434788640443,0.1430851099363969,0.0,0.03295696797486425,0.14753102852376088,0.16411171151296297,11.426026241653826,10.294946444637652,0.008713629270031883,0.0,0.0,0.22964962909530592
0.0,0.0,0.0,0.35151272681121354,0.17224983384223702,0.0,0.0,0.0,0.18341214467274275,0.13199937628618133,0.0,0.010113453355999133,0.09617363243830045,0.0,0.06791977673605323,0.0,0.27015197961437026,0.15302871395196424,0.0,0.0,0.02167163666846402,0.06654975365364953,0.0,0.0,0.02695707975281426,0.053867011979034825,0.37378017186008455,0.0,0.0,0.0,0.0,0.0,0.0,0.05690951234260894,0.0,0.17634784460715242,0.04355603253372648,0.0,0.0,0.25824910539996243,0.0,0.0,0.0887030618319225,10.254268820557417,10.040210312951409,9.937342330612223,10.052209767481067,9.969654101250498,9.802686584133472,0.0,0.0976218644744005,0.0,0.0,0.15002677150919327,0.0,0.17852941546547657,0.0,0.21407545277103457,0.009208063918497588,0.10891044741321786,0.0,0.19176139731904654,0.20236055247272597,0.0,0.13200105192156888,0.0032542034088337865,10.96721541090554,9.947429791490226,9.855046767380331,9.941938061222643,9.921421124895646,9.926540628493214,9.937342330612223,9.95870119404903,0.09220545064398215,0.0,0.0,0.1675927801162694,0.0,0.27690997948972373,0.0,0.0,0.0,0.12601252417897219,0.1149380250025849,0.0,0.2620274972154517,0.0,0.1764907930458358,0.0,0.0,9.981319456642288,10.146580355433413,9.914532797879016,9.488212852080622,8.276213642833323,0.05819550214296635,0.1500906223068217,0.2143179183854917,0.0323378480759249,0.0,0.012162353662553823,0.12224443079173992,0.0,0.0,0.0,0.0,0.0,0.14840653504738996,0.0,0.07164579778325986,0.040931840069915126,0.0,0.23953955145713374,0.0034274147516564417,9.907133837851541,9.937342330612223,9.937342330612223,0.0,0.09619144836894153,0.2379962194470183,0.0,0.16132712605908,0.0,0.0,0.0,0.09749781241926816,0.0,0.24281983318478526,0.0,0.0,0.0,0.04910236909150531,0.1839582858099411,0.0,0.1830211438694879,0.0,0.30908942273984397,0.28299764266854394,9.715275612734988,9.937342330612223,9.909173688414183,0.04905556369895003,4.3385674771744736,0.0,0.0,0.0,0.2403354852907745,0.2727975532081151,0.3979626778854425,0.06767756471133603,0.0,0.056857477957320615,0.010903998777202936,0.0,0.0,0.0,0.041359805830547436,0.0,0.16268006763134724,0.23062930285004946,0.2660957289823921,0.0,9.39147478207332,0.43209725297732154,0.0,0.2627818302053494,0.0
0.18616576641318788,0.0,0.33444695171642713,0.0,0.0,0.0,0.15897653833345932,0.0,0.0,0.03302543672853788,0.18051832967147052,0.0,0.05338900398399518,0.0,0.36199800876521576,0.15188674639834152,0.0,0.0,0.03705839239346925,0.0927485183805046,0.04352747335752293,0.0,0.0,0.019499235222834713,0.2508697002024568,0.35859939111257594,0.0,0.0,0.0,0.01739911525509331,0.0,0.0,0.25003747246682134,0.0019848278861769758,0.0,0.2377882007418762,0.15848958261433543,0.13743885659875738,0.0,0.12487909951682037,0.33585420977638336,0.0,0.22602811286473723,9.943277609655954,9.821510651443894,9.830361987895621,9.867414362835945,9.814364507698883,9.924634514713258,0.3858116630517041,0.0,0.0,0.4738252742490315,0.09508692934721144,0.17792909668823856,0.0,0.3740092006314827,0.041065351619667595,0.11619536070635346,0.20863240305649286,0.0031434917734140286,0.0,0.09160119139346065,0.0562701073356467,0.1365715178564966,0.4486765307942825,10.93127676065377,9.830361987895621,9.467628350177717,9.79266496497865,9.830361987895621,9.671168731839943,9.664519370563886,9.766055009495371,0.0,0.1617402906020462,0.0,0.02605455492452182,0.0493891178937617,0.20167652100564715,0.0,0.0,0.15527954519123593,0.20041120418723662,0.0,0.0,0.0,0.13804139184598255,0.0014079389771067114,0.28937027817536876,0.058896611603902964,9.754803557766577,9.92930182800399,9.784217469826084,9.85590819825804,9.832887817474289,0.07934956372103395,0.0,0.3723830569216537,0.16801700126708258,0.0,0.0,0.25785709759610226,0.0,0.3359849635723641,0.0,0.00777485772118477,0.0,0.004977517796152056,0.0,0.22790488917301208,0.0,0.2561582655370821,0.22668478091166927,0.0,9.833169339412143,9.732274424685423,9.830361987895621,0.25981518990053737,0.0670208966077167,0.0,0.0980891614716838,0.2965432801723478,0.0,0.0,0.1970056112457076,0.0,0.4056171750169347,0.3847232367335007,0.19578032296586115,0.0,0.0,0.005009356434405189,0.11413540183122224,0.0,0.0799246067994562,0.10224986260063348,0.0,0.0,10.221064771758002,10.146003892876166,9.795620011482402,0.0,3.6316074674782124,0.07091562227277291,0.0,0.10440366761092278,0.4370108224915791,0.2954616654762388,0.04279040290340621,0.0,0.0,0.0,0.041393619661725334,0.2336574255010722,0.255287047022906,0.0,0.0,0.14368200260290617,0.01924349975487305,0.22908154501356712,0.4133138394139322,0.1804722569911071,0.0,0.0,0.1538256570856146,0.04332161470596946,0.2102577933532676
0.23999385651214816,0.08633221824026885,0.0,0.0,0.0,0.0,0.25297710644080573,0.0,0.019618853698860322,0.2649130548224836,0.043400964551704196,0.291614092176604,0.0,0.22640020868484428,0.44825161574890177,0.0,0.0,0.2606346670880467,0.16851414576629006,0.17903440394573716,0.1303566742764176,0.0373307160738017,0.031062783368576388,0.24377627774998728,0.11226401235345428,0.055069455003046996,0.0,0.5488231438729458,0.20606288868780048,0.0,0.0,0.0,0.0,0.011080142360106241,0.024843412367730345,0.0,0.09998779055219371,0.0,0.0,0.3328259444282467,0.0,0.0,0.09412237015227261,10.103714512573797,10.103714512573797,10.103714512573797,10.103714512573797,9.762825177143831,10.219925362269306,0.0,0.0,0.0,0.10432097236339118,0.08956968470576199,0.26531418209409763,0.0,0.01593558499668198,0.08802039214619811,0.2705995708607609,0.0,0.0,0.0,0.0,0.10237712645233124,0.08914429177293341,0.0,11.310455845623435,9.922140738546677,10.103714512573797,9.87495098769406,10.103714512573797,10.103714512573797,10.109836249522061,9.962325953846506,0.1420341473486625,0.1819630362049326,0.0,0.4734023384790414,0.06448636639603042,0.0,0.07755552539388326,0.16693480181554618,0.13885445810798366,0.0,0.0,0.0030922203449207583,0.15262488973030588,0.0,0.0,0.12493118572537687,0.0,10.129283436042714,10.186430257583577,10.226703686965225,9.941011416296964,9.965906201418173,0.0,0.0,0.3523784274946377,0.0992251259045218,0.0,0.0,0.0030317392171137414,0.06208990123689963,0.0,0.0,0.09887659068372022,0.10597480999459748,0.12941579458467406,0.12026650239902667,0.0,0.1641030730557818,0.0,0.5155197333588988,0.0,9.698086068511937,10.103714512573797,10.103714512573797,0.0,0.04029189202485162,0.032332995091885385,0.0,0.0,0.019560594576571784,0.3120518483900115,0.32364067530801577,0.2370587269953058,0.408879282208653,0.10376500723821017,0.025308548034549034,0.0,0.19692183730593504,0.0,0.07382417744767199,0.14506649595562088,0.0,0.0,0.0,0.0,10.66229105565932,10.592001869141619,10.449738723035571,0.0,4.261854603953159,0.10731492972333415,0.0,0.35136828347241444,0.14000424784159501,0.0,0.0,0.0,0.0,0.23383910099339028,0.0,0.18330164560336956,0.0,0.10245185571448988,0.05498404068486373,0.013608452970461808,0.0,0.0,0.0,0.0,10.052092513834374,0.5004092516028734,0.05531616469482657,0.0,0.44914040375106745
0.0,0.18624548739446894,0.0,0.4495515582962005,0.16160636924653662,0.09115995799401973,0.05003783046267603,0.08200650686354208,0.4103031314376727,0.0,0.0,0.0,0.0,0.0,0.2238009142952448,0.0,0.0,0.11476334598694535,0.0,0.0,0.04375412077766746,0.18525066511300964,0.04179616974285563,0.2541116910220074,0.0696782859942684,0.0,0.0,0.19132495518454884,0.2843090592079537,0.0,0.0,0.0,0.0,0.0,0.0,0.07865403534240144,0.0,0.21175300490049592,0.007836871115346287,0.09000284869113624,0.0,0.0,0.0,10.171130116319183,9.939753002251482,9.995918107285227,9.607426590341854,9.696969640062319,9.614377940337706,0.12096410821087498,0.0,0.0,0.0,0.0,0.0,0.40631532559335465,0.0,0.0,0.24430203321519273,0.017377738686970283,0.0,0.2529089691736378,0.0,0.07101157612386089,0.0,0.14310547606755317,11.307895634413757,9.709015625523682,10.139091168712069,9.820290704989144,9.960884625995167,9.943543831453628,9.871096236420929,9.629191185712532,0.04108520286256397,0.0,0.038678708972175,0.059388784426816284,0.11306293014716806,0.0,0.0,0.0,0.0,0.17421164581150292,0.36360754730126077,0.4035135669430246,0.1979575631349112,0.0,0.0,0.0,0.12061755861448896,9.943543831453628,9.694524979712904,9.943543831453628,9.943543831453628,9.940642986285471,0.027956038108851215,0.19583450137588934,0.0,0.0,0.0,0.0,0.030422201364139773,0.0,0.33512213211352204,0.0291573548241771,0.20765683291149906,0.5644943259957111,0.11564600476895705,0.2199281280676038,0.0,0.0,0.0,0.2383817409363477,0.0,9.943543831453628,9.959022722180721,9.871961429407992,0.3015016955613999,0.0,0.0,0.0,0.37519116628769733,0.0,0.0,0.3770946556679837,0.0,0.09320476530007492,0.09230836941554157,0.27155499197939365,0.1887830396135265,0.0,0.0,0.05075700086462273,0.0,0.0,0.06825465982609173,0.0,0.37507104654516726,9.899338861818803,9.925450276518664,9.6055154913064,0.06748807690874677,4.564330784358265,0.0,0.0,0.0,0.0,0.26647136227253204,0.0,0.0,0.21162026924576946,0.0,0.0,0.0,0.0,0.21701541017543982,0.0,0.045679058339468066,0.030698820999354108,0.0052102891892343815,0.26055694165699167,0.0,9.648029479534047,0.0,0.0,0.20007605657590266,0.0
0.0,0.0,0.0,0.17157219867872492,0.0,0.1744770866458129,0.0,0.17789542230043867,0.0,0.2573468666170629,0.480078578797846,0.0,0.16486469854673033,0.10103496868271875,0.048505521359518404,0.0,0.0,0.0,0.0,0.18177958790988488,0.2999632163023377,0.0,0.0,0.0,0.04148657114628214,0.2600185149794488,0.0,0.0,0.0,0.0,0.4043719951890928,0.0,0.0,0.13477638222021582,0.0393508947352427,0.37698678842771105,0.1982705062383378,0.10083952670105997,0.053567903104517964,0.07242445533165355,0.0,0.18597170826200576,0.0,10.296996757331952,10.080349328377618,10.095828801214708,10.12100888043236,10.168642811507361,10.137201172324483,0.0,0.36429596813990006,0.0,0.0,0.0,0.0037337545945932238,0.10942065643898016,0.0,0.15944529162147178,0.0,0.0,0.28918020782784865,0.16706983077573068,0.015730109918829102,0.015254151096885564,0.0,0.2539082289746176,11.143999533824852,10.026276868438844,10.083053009360842,10.059832002855577,9.745453526166436,10.154791348700071,9.91680786124099,10.139136642856215,0.0,0.012614862410279204,0.0,0.09705633185049603,0.18732813907344353,0.0,0.17870479054558627,0.0,0.25932945831318355,0.21268892110494003,0.052728710773839,0.0,0.10802835520446441,0.22492485292833644,0.03320897385655054,0.0,0.1041338412371871,10.089522766338739,10.115125469685632,10.10177508846688,10.10177508846688,9.89547389464865,0.14504333251507703,0.19330512534486616,0.0,0.0,0.0,0.14737621867695155,0.14561379914703573,0.15371502347825317,0.0,0.0,0.0,0.0,0.025359692527374862,0.08727886617337192,0.0,0.16840108217943042,0.1044061715100471,0.055687109781964686,0.0,10.10177508846688,10.006175879715355,10.10177508846688,0.22409756918236226,0.0,0.5943438272350698,0.02941856874735271,0.0,0.0,0.0,0.0,0.0,0.0,0.4676891263610505,0.0,0.0,0.07225736876670376,0.10810690524864493,0.2876880574676931,0.0,0.0,0.0,0.0,0.0,10.321112094786884,10.23789129709032,10.135804553681892,0.056594767695505616,5.225891945441589,0.21776449183129212,0.14027209443510802,0.45752988295806263,0.14854010235666099,0.1205660448544471,0.04356151543587831,0.30835297660399097,0.0,0.0,0.0,0.2695195631361326,0.0,0.07857079574217263,0.0,0.0,0.0,0.0,0.0,0.0,10.270699301314133,0.164295675599894,0.0,0.0,0.21073881786557
0.14456618294845985,0.11551983888175507,0.0,0.1282372478905329,0.0,0.0,0.0,0.10933178534766327,0.0,0.0,0.12430569026533136,0.537089535412097,0.17254787365510088,0.0,0.0,0.0,0.08301917291325778,0.0,0.14144264802446074,0.0,0.12749640384001218,0.0,0.3325253040466625,0.0,0.025012560807754575,0.13375466975404923,0.09466404980975965,0.0,0.03824105412159106,0.0,0.0,0.16274689752142094,0.0,0.0,0.0,0.0,0.15297339784425606,0.03325287809842974,0.0,0.0,0.03826310676402497,0.0,0.0,10.185449375377688,9.830478489238606,9.804106404108001,10.057928901053522,9.967159977786029,10.024956188729105,0.0,0.0,0.0,0.4188681185818125,0.1928757629516603,0.0,0.0,0.0,0.0,0.07861209887394487,0.0,0.0,0.23712843455441035,0.5266143020514283,0.08164286965906617,0.1565326204414722,0.25866733775107775,11.175206823434031,9.920121568520068,9.603282923983143,9.777470076207846,9.990606911506115,9.990606911506115,9.725015341029405,9.782184654807724,0.13066247149076304,0.19327457918763244,0.0,0.0008953234799785111,0.038696062701251484,0.0,0.14368773102209265,0.036185306528631236,0.0,0.029201222262159755,0.2082496875068014,0.0,0.0,0.0,0.1247900487315947,0.0,0.3131589068533778,9.999083332904526,10.02730956097102,9.983034731112827,10.005322652567221,10.00524784981691,0.0,0.0,0.28569811966876146,0.0,0.05522566105484127,0.0,0.05958009828488791,0.0,0.0,0.0,0.0,0.0,0.14589426044310022,0.05054423655039785,0.0,0.0,0.0,0.0,0.11425821401309545,9.851476373697908,9.692712749434136,9.566860320468866,0.0030709527275930865,0.0,0.0,0.0,0.26989622666730717,0.0,0.017611572511364398,0.0,0.0,0.11446612599765804,0.1791327287313024,0.01571047756389533,0.07815880893257857,0.26778794830886965,0.0,0.23373498759465602,0.0,0.0,0.18686047826515512,0.0,0.0,10.13127785505453,10.057405038935276,10.143809501526208,0.06725196107964672,4.05080678866627,0.09429663143713946,0.2624349424544913,0.04385753966358519,0.280449190686053,0.0,0.051221556198031426,0.0,0.0,0.02156035938101778,0.0,0.12658147188268384,0.14712697675862782,0.0,0.16154784801597294,0.0,0.0,0.126927120530502,0.0,0.05662142481724196,9.990606911506115,0.02418696519095028,0.033601914725468536,0.0,0.0
0.3428265299861849,0.0,0.0,0.0,0.0,0.0,0.0,0.17534570049651743,0.026311685599734753,0.05500875065461811,0.0,0.0,0.10511886358772253,0.0,0.0,0.019164712850892583,0.05068685491763044,0.13898920315718913,0.0,0.0,0.0,0.03749767872917864,0.0,0.20387555122606144,0.08428236507629573,0.09363749474891311,0.0,0.03147452066173946,0.007800310189524761,0.22558777770229851,0.08561946182814474,0.0070440881731617735,0.0,0.15434811029544301,0.0,0.0,0.0,0.20226045246154875,0.0,0.0,0.0,0.06475254996280386,0.0,9.617010144998126,9.40355123063518,9.617010144998126,9.36012531150436,9.642676196303546,0.12116984127138129,0.04655830580971506,0.0,0.0,0.07759401905256638,0.12282132571094889,0.0,0.1830864117825454,0.0,0.0,0.45159619321052025,0.29328879493594046,0.09750043646824126,0.2665400529085551,0.2144459376170501,0.18361152250565388,0.18652588642195478,0.0,10.689984063603964,9.532154301761587,9.495308088466622,9.781110120517235,9.490609041252416,9.544518393195473,9.16603606558272,9.342142257309474,0.4048398910933618,0.059381847076147236,0.20255524855850482,0.0,0.1987441879373009,0.2246078678156385,0.0,0.0,0.0,0.3107451502178313,0.0,0.0,0.0,0.29612872085390607,0.0,0.13276427530893894,0.02366668690810908,9.667498011564922,9.5657226965302,9.617010144998126,9.545284574770518,9.637606454314334,0.054551644464770566,0.0,0.0,0.12778317303347025,0.0,0.4367390523687406,0.14532259081250534,0.051829602933183005,0.0,0.0,0.0,0.14356406412804257,0.0,0.0,0.0,0.0,0.04942659256804542,0.04592468133148098,0.0,9.62186721873557,9.617010144998126,9.444589532937032,0.13018145664586106,0.0,0.0,0.0,0.0,0.15718410455627566,0.0,0.0,0.0,0.010737834779562123,0.0,0.0,0.09145330974537491,0.0,0.01352677264457913,0.0,0.15074366815969803,0.28569766574234123,0.2042392756572323,0.34767406354788377,0.0,9.852397752227349,9.719363726157711,9.64674215373578,0.05223810399374206,4.087878388908153,0.0,0.010582547166641443,0.0,0.07260175139190019,0.0,0.169618449762105,0.017722162318121498,0.0,0.018609351174585693,0.09501276765035435,0.009421208888802237,0.037997512790246935,0.05866989451716161,0.0,0.22976224270011866,0.2522977203413878,0.0,0.0,0.07434082611847241,9.617010144998126,0.0,0.0,0.0,0.0
0.15879597927222328,0.0,0.0,0.3002363788943423,0.0,0.0,0.17335257901821322,0.0,0.0,0.3173592201909778,0.31550770801549205,0.0,0.06555685255110441,0.0,0.0,0.014279297399992516,0.0,0.13093021245184935,0.0,0.007788691833851383,0.08803948574687737,0.0,0.1918643957078049,0.0,0.002002473107248996,0.0,0.0,0.0,0.023534699930929128,0.1675902560713657,0.09749753767420848,0.024171766015188965,0.08770943221557427,0.22539805203218058,0.0,0.3292186876284578,0.21804614892915633,0.038457010616578594,0.0,0.0,0.16600149542868706,0.22545270393191355,0.0,10.701997047228712,10.701997047228712,10.641668362609066,10.747031294609513,10.645108653180865,0.0,0.2537675438980112,0.1872079951870048,0.3931707796433132,0.0,0.09128241830432374,0.02288842434493145,0.10336370595067841,0.0,0.013399649080270989,0.0,0.0,0.3712735467257922,0.0,0.3448220473895592,0.0,0.0,0.019762201598795673,11.828063801719738,10.762881020271701,10.743936832010048,10.7838474516354,10.62168056695019,10.701997047228712,10.54917093511208,10.701997047228712,0.0,0.09816535478694897,0.059284648665473824,0.0,0.19121519572610518,0.0,0.0,0.0,0.0,0.0,0.01283058556466969,0.0,0.28205107906152915,0.0,0.0,0.0,0.0,10.320809969731627,10.73151592793376,10.701997047228712,10.652564991280613,10.320540653097398,0.0,0.12798488687579498,0.3419342989381171,0.0,0.34735879925495317,0.0,0.24253346540287407,0.0,0.10755316876326315,0.07655438099028396,0.2124379655463161,0.0,0.18465416822568556,0.023737645421847066,0.0,0.0,0.26783115620629105,0.1312315503634005,0.19393978404083712,10.49461568339851,10.701997047228712,10.701997047228712,0.34614766977786515,0.17493032846714798,0.08891786058283344,0.0,0.037310739218430575,0.10490174571413102,0.13687344044198602,0.3167684778562327,0.4387431097314278,0.0,0.0,0.22197046332414153,0.06592785530791992,0.3694402258110307,0.0,0.24937162409004954,0.16631893542123452,0.2349958358519188,0.11765372485854797,0.0,0.2717188415039116,10.906622564431967,10.780155752090364,10.519230958498929,0.024312684756782735,5.358590894320476,0.0,0.0,0.0,0.33578146486598764,0.13040195472671082,0.0,0.0,0.0,0.13696117814978315,0.0,0.0,0.0,0.0,0.0,0.0,0.0,0.0,0.0,0.06526152212808405,10.701997047228712,0.0,0.2328005421372361,0.0,0.08454664935882644
0.0,0.17864188553952726,0.0,0.1981315814989244,0.0,0.4438114633336472,0.0,0.1444851146811815,0.19606751012861345,0.3167993132132909,0.0,0.18325071562416617,0.22344527648503304,0.19856884260957275,0.0,0.21201401084334817,0.0,0.0,0.2006072384938931,0.14459418082250286,0.0,0.0,0.09543214965361846,0.1532991677953414,0.16745723091522052,0.21770858668307796,0.02713868388135527,0.0,0.0,0.0,0.0,0.06594003533221064,0.03617457776559886,0.0,0.0,0.0,0.0,0.0,0.0,0.10197837135423791,0.44089777566594235,0.22856542153803056,0.29965653023903466,10.280358436930923,10.175105936055209,10.327163243360078,10.34716349878184,10.292252954690243,0.11875220013744393,0.0,0.0,0.0,0.0,0.11259810044879551,0.0,0.0,0.2510330305356258,0.030493268624903935,0.2968564778244834,0.21584979989830017,0.0,0.0,0.0,0.0,0.0,0.0,11.521176015794216,10.372352780960865,10.145908537990897,10.448142145098114,10.40873231999182,10.020772002354379,10.27593828870112,10.337511420182453,0.2696104788520723,0.09902263232450881,0.0,0.0,0.004729860552974136,0.0,0.08667766151092152,0.0,0.0,0.036025994151835744,0.2699636978832713,0.0,0.14511054909244298,0.039522203684288465,0.21338571620403374,0.0,0.07430551797606927,10.074953648266465,10.312412838644333,10.301969660253674,10.363459397855763,10.145494698534364,0.07984461457834087,0.29511387067219774,0.19559352773357644,0.0,0.028785362110579138,0.3861333798271264,0.0,0.33460816462167814,0.0,0.24239055756433955,0.006397777018700759,0.0,0.05264618739439386,0.0032893227921136914,0.20758611550900802,0.03646475971193947,0.12897361775639163,0.05851484927376602,0.0,10.603936943861964,10.493562740683476,10.381186024994191,0.2608604461159949,0.08180322580089124,0.29891688383157666,0.40082791087931324,0.38880337388533087,0.10585949125083054,0.03328779734065458,0.08608863259939713,0.0,0.08067736279863261,0.0,0.42412195279403897,0.0,0.3431465337498462,0.1106868223346233,0.18147977407077376,0.0,0.048267314633574906,0.012332978783731708,0.08014969484226442,0.3610839043313521,10.203385939133272,10.34716349878184,10.457163676951895,0.0,5.0394363050015665,0.029278474399599155,0.06348947752096816,0.17024291336601283,0.1758782339269323,0.0,0.42606478546046445,0.0,0.7301818401819326,0.12172902696186133,0.4397632276750895,0.0,0.11839936678997512,0.0,0.0,0.0,0.0,0.3079549278550893,0.18747802169100275,0.0,10.411991126331198,0.0,0.0,0.0,0.0
0.13937926321570884,0.0,0.24344799479857912,0.20110780437318748,0.0,0.0,0.15170058622934468,0.0,0.0,0.0,0.0,0.0,0.0,0.0,0.11707422813229855,0.0,0.008975644839598122,0.07497889198104483,0.15642905445974764,0.0,0.0,0.03960804082210708,0.12060420243735624,0.056377388551238784,0.3347101866176634,0.2616527349209655,0.2426254858573211,0.28352195350970943,0.0,0.2373493078118606,0.11163610067790565,0.009152771809094557,0.0,0.0,0.120022618731834,0.002747912435975964,0.13072493251183145,0.18505823409079938,0.0,0.13395047038805846,0.0,0.0,0.04516289980018399,9.91793235522494,9.701957343795831,9.937445207859799,10.0660914853368,9.821918586990122,0.11279626470357575,0.020161545070487938,0.0,0.0,0.0,0.0,0.20027045606915161,0.31378409802357365,0.0,0.22298167405892103,0.0,0.0,0.0,0.28635176470977036,0.0,0.0057648812829716595,0.12618339787225297,0.0,11.0625927089232,9.814096920906461,9.88524219844363,9.851640722768142,9.91793235522494,9.91793235522494,9.91793235522494,9.91793235522494,0.2266122435243859,0.0,0.0,0.09654600470406544,0.26741468217304315,0.0,0.0,0.11149903106288209,0.21742947563422071,0.0,0.0,0.003451243044874886,0.18977813438551616,0.0,0.0,0.0,0.0,10.050962372270869,9.89879097712944,9.91793235522494,9.955214478137838,9.91793235522494,0.0,0.1328436287162955,0.0,0.0,0.29124425995910597,0.0,0.14833150121845104,0.0,0.0,0.0,0.08967209236368698,0.0,0.019324535035927043,0.0,0.1675364050387337,0.0,0.0,0.0,0.1280629625829599,9.91793235522494,9.734805141037873,10.026799169054767,0.09870185577083374,0.23499714013851233,0.005016299543195333,0.0,0.0,0.0,0.031096390627661993,0.0,0.0,0.023630549696451373,0.1523859525557397,0.0,0.07493828934421808,0.0,0.0,0.0,0.46722829596030624,0.0,0.2089930837511816,0.029782771507812045,0.17401205680250992,10.218168309381637,10.215431948598365,9.822175707272498,0.4472231815585082,4.2089595755880875,0.0,0.21525813058566257,0.0,0.0,0.17766561875875908,0.03367937637815903,0.20610298158948462,0.0,0.0,0.0,0.10454821952049315,0.09365540601785527,0.05634465969140502,0.07925878370094869,0.0,0.0,0.0,0.2954863379661222,0.09898150323684102,9.751165961961176,0.1858836442130379,0.01696866600245448,0.0,0.0
0.0,0.0,0.19557916138859813,0.0,0.0,0.0,0.18388743781252306,0.09577613938914317,0.3040856465200671,0.0,0.0,0.18920675762115513,0.10465056222944072,0.2692785512659325,0.37703971928969715,0.021690265924020898,0.0,0.0,0.1060141960331677,0.0,0.0,0.22387521231561286,0.30006144656755757,0.3548955139147216,0.018962402258501772,0.12513433357798742,0.18615438257419878,0.2554377432117095,0.05338780750817067,0.0,0.4445742702618963,0.0,0.0,0.0,0.02515502347546089,0.033006247273736904,0.0,0.05910031916341484,0.0,0.11897486288666409,0.1809251053290864,0.0,0.0,10.065727942085644,10.082759562841488,10.082759562841488,9.926544474987587,10.01164404402775,0.14040170441451458,0.05090676322551228,0.08278967340916875,0.0,0.0,0.0,0.0,0.0,0.16869917469247575,0.1420197035459741,0.12353706767511534,0.0,0.06520410505914896,0.0,0.0,0.013194924090312202,0.0,0.0,11.243668532102319,10.082759562841488,10.082759562841488,10.128825665387678,10.082759562841488,10.082759562841488,10.101627496698008,10.082759562841488,0.0,0.1543920374868101,0.12661665144572842,0.044992681491178285,0.0,0.037277280273454054,0.017491740517963233,0.0,0.0,0.0,0.0,0.25219464250280016,0.0,0.0,0.0,0.0,0.021658830305086293,10.080484653710228,10.139223085946726,10.082759562841488,10.087307887786062,10.059313776320353,0.1331341986189225,0.10278856139044232,0.00919225256092633,0.0,0.08178549210298451,0.0,0.0,0.3274614048627736,0.07651915140254965,0.0,0.14570196400473182,0.0,0.3870073550928209,0.0,0.31921911471145775,0.16675519874926634,0.672306042229271,0.07444277835684764,0.15705692828686757,10.082759562841488,10.082759562841488,10.065481000674637,0.3106274623085268,0.0,0.2194157773378818,0.24217869241447695,0.0,0.3208592296845025,0.12929362526887964,0.24760927468615146,0.0,0.0,0.02307983426105506,0.0,0.0,0.34139412792831525,0.0,0.0,0.0,0.0,0.0,0.26984902260261345,0.2731053293669232,10.358145472204251,10.050821327935656,10.278261623154105,0.17797047492047122,4.890836573382332,0.0,0.0,0.0,0.0,0.19145892345205598,0.0,0.0,0.0,0.0,0.06035724482199782,0.1458265764891653,0.0,0.0,0.0,0.0,0.3662810527471918,0.16297276212948994,0.2288222687950857,0.0,10.082759562841488,0.0,0.0,0.21732354601199708,0.1212901022579104
0.07346834088798965,0.09754661831859009,0.1042438714701311,0.0,0.006451494285349309,0.0,0.0,0.0,0.186895203763234,0.0,0.04280111910784076,0.0,0.0,0.0,0.17142365382036423,0.0,0.0,0.20560860062397576,0.27650996994422955,0.20633357619613685,0.06140847425561102,0.0797693972905132,0.11846461708028198,0.0,0.2714605515328391,0.0,0.0,0.0,0.0,0.29722115566039636,0.2095757704121148,0.25099696671554933,0.0,0.0,0.0,0.0,0.07675797816279284,0.0,0.09769604228556447,0.0,0.030549396605500396,0.0,0.0,10.390150806492992,10.407471908930649,10.188099396180615,0.0,3.707161036936131,0.35373708569541273,0.00978575142988529,0.39836302163341064,0.0,0.1713971978937173,0.1705502290318627,0.0,0.0,0.2742123935231006,0.0,0.17529257118398722,0.0,0.0,0.0,0.0,0.0,0.10827903367682094,0.0,11.216380799158141,10.14508419150125,10.161107568436721,10.239725795325526,9.923691562822258,10.125950870723697,10.28444874469169,10.161107568436721,0.13379175567193724,0.0,0.0,0.0,0.0,0.08343035194238378,0.0,0.0,0.4463280045731222,0.4193815094992789,0.0,0.01598985552236796,0.0,0.055203044659272234,0.3360057721265102,0.0,0.1687100561308171,10.031891650616247,10.161107568436721,10.161107568436721,9.941770382840852,10.212933214439595,0.0,0.1551738781484394,0.0,0.15720551755727485,0.12120192129839044,0.0,0.0,0.0,0.32157585356788687,0.0,0.0,0.0,0.0,0.026953828539242893,0.0,0.11367218639360488,0.354830879509398,0.0,0.0,10.161107568436721,10.264484497134536,0.0,0.0,0.0,0.0,0.0,0.14363068051905986,0.0,0.09431449028932415,0.22536061770734828,0.0,0.01046002908314846,0.0,0.3466589815227946,0.07809614826247933,0.0,0.2862840747697603,0.1469074826117338,0.0007967272280542822,0.0,0.1667780070628629,0.3607095427506349,0.12076191230017408,10.269767909436734,10.145717137769488,10.15800366705568,0.12744148841253267,4.169234762411593,0.09562396666478036,0.24964138819274764,0.08043082501950197,0.08978390052418234,0.09351066743464727,0.04987303539833582,0.036858030825205376,0.1289138503399376,0.013431170017169296,0.14601012487311335,0.10799203507335361,0.16944786566952344,0.2114476696665135,0.0,0.1282187157372916,0.10318516097217463,0.0,0.1654033134899886,0.0,10.161107568436721,0.09008975819734301,0.0,0.0,0.0
0.0,0.0,0.2548743844558978,0.034200508431108285,0.13829369751752296,0.10594486086376802,0.0,0.0,0.0,0.2045181766531223,0.22827095249089754,0.04584117172070732,0.1325997398890372,0.0,0.0,0.0,0.0,0.1628207703189445,0.30711426401626457,0.2744101470493063,0.0,0.0,0.18517058964544214,0.0,0.0,0.0,0.30343969492963196,0.0,0.0,0.0,0.0021318061705100904,0.1094350659924613,0.05355698860959582,0.0,0.0,0.22604369972730343,0.0,0.0,0.0,0.0,0.0,0.0,0.46179733330076145,10.031718408168794,9.770659543152908,9.884882178827889,0.3003144149816434,4.732641481470917,0.0,0.011305809710544288,0.24574924192148592,0.0,0.19743233024000026,0.15977850909120517,0.5479253077845951,0.15508885405302986,0.0,0.0,0.5777975334063187,0.07500929219206837,0.31284578142065,0.0,0.09616991916980541,0.03385366222089807,0.0,0.22646060315334543,11.079945333292141,9.924994971273472,9.789199177046408,9.883580039109923,9.883580039109923,9.883580039109923,9.682260816349856,9.703736121420329,0.0,0.075752922541122,0.0,0.0645766702008316,0.028454864690008748,0.0,0.0,0.07507282954648362,0.0,0.08178418393250662,0.2284783415058521,0.0,0.2714140229901309,0.06533593416493318,0.0,0.38751124581308144,0.0,9.846284850794838,9.950159518437745,9.716312978571109,9.988781071515838,9.742564386059692,0.0,0.01844100932129042,0.0,0.0,0.07060319883605325,0.2509367192636019,0.19055849099746816,0.0,0.09044420871489607,0.4439080103535919,0.16949716792507033,0.19427999724604228,0.0,0.18448672107878766,0.04783201791996196,0.0,0.1542640437711497,0.0,0.4559920288009153,9.807327386568643,9.535633011401274,0.0,0.0,0.0,0.2812391278704339,0.22669806340735552,0.0,0.19848888682008836,0.05903044676859835,0.10743340941786196,0.11307697254034155,0.09943315225467704,0.0,0.0,0.0,0.004379163516204631,0.15250166074118013,0.1742308511094528,0.11640337512143416,0.045386907978297655,0.03179445855819231,0.0,0.0,9.992849174384943,9.883580039109923,9.883580039109923,0.0,4.701360878180546,0.320712379632424,0.07620758480863814,0.0,0.0,0.0,0.0,0.0,0.0,0.28236467711274177,0.0,0.0,0.0,0.2407458704769697,0.0,0.0,0.05151168226421872,0.0,0.0,0.058058187554092595,10.162891305971742,0.0,0.23043116283168585,0.29786717651254807,0.1383151078193333
0.44081827666326145,0.0,0.0,0.018947646850337316,0.0,0.0,0.32452341136545504,0.0,0.3779006610736307,0.0,0.02473896782512974,0.0,0.174861065854413,0.017566001225192536,0.0,0.11176966494072275,0.31632353214301484,0.0,0.3771164481072575,0.31461470577492673,0.0,0.0,0.0005040575485622665,0.26046739458858237,0.1250485139618154,0.0,0.1633529591818638,0.17937818493607255,0.0,0.23572044900923625,0.0,0.04567199638164893,0.0,0.16418851727131617,0.2892238076755052,0.09096995369822466,0.0,0.09690519498841044,0.2789510952462052,0.0,0.0,0.05063928396356916,0.06100025615242949,10.088160500080493,10.178114615163489,10.144386175780555,10.180417977286888,10.097242577337758,0.07458342767839912,0.0,0.0,0.0,0.0490454812488221,0.0,0.0,0.0,0.0,0.2425196279686168,0.0,0.2726975814141565,0.0,0.0,0.0,0.0,0.0,0.0,11.381582615452082,10.054365405417624,10.10165569915843,10.137916309998285,10.028352418269813,10.180417977286888,10.189248079743448,9.871614608120575,0.0,0.0,0.0,0.25936097251479967,0.0,0.0,0.3893692534025187,0.1509648269478062,0.01651962743646992,0.0,0.34098802740211015,0.17209403898421827,0.006687587839775932,0.0,0.38867440113554685,0.0,0.0,10.180417977286888,10.095211072740781,10.179894608384325,10.180417977286888,10.162506951721827,0.019595135476159105,0.0,0.008468635527023455,0.0,0.0,0.0,0.1728648906626191,0.0,0.03491691067793305,0.19210728947736647,0.0,0.12976041960886173,0.0,0.0,0.36204356187775033,0.0,0.2893477031933748,0.0,0.0,9.995792325780885,10.279484328470392,0.0,0.0,0.1892090250917044,0.0,0.13931865447904423,0.43947125177580804,0.0,0.0,0.0,0.16185686254152237,0.0,0.0,0.0,0.0,0.0,0.4353735606713145,0.24546002783879844,0.024737495011889016,0.0,0.0,0.04561537727048526,0.0,10.43983180758471,10.180637013543347,10.180417977286888,0.0,3.4865747371200806,0.07468630377452178,0.0,0.0,0.04753176577026418,0.12066981326823677,0.22735156979482454,0.16498608657696381,0.14359424067059182,0.0960890069747549,0.0,0.0,0.0,0.02378260691588109,0.0,0.07482125042429276,0.0,0.0,0.16945291472484056,0.0998654880186523,10.076425159311798,0.0,0.04456322297410417,0.0,0.4635335325026348
0.0,0.0,0.3085281697615106,0.0,0.0,0.0,0.017542674140931757,0.22811236743967117,0.08949887080710053,0.030343865616560925,0.0,0.0,0.0,0.31542487590207446,0.0,0.03591555755560541,0.0,0.0,0.0,0.0,0.0,0.0,0.1978115882394183,0.0,0.02160914903430872,0.178596571205657,0.0,0.10251057378465922,0.0,0.25840971086599585,0.0,0.0,0.03561806889187896,0.006438667557184512,0.17770860535212615,0.0,0.21362600554587752,0.03950463548831922,0.30392975301699576,0.43857317967551884,0.0,0.03896927209269019,0.0,9.865271008889959,9.934858768153473,9.902109261308977,10.037218555041973,10.051213263983467,0.3579290399725079,0.0,0.0,0.0,0.24059806179462698,0.13403323059291325,0.0,0.0,0.1724745360838738,0.3117314802765571,0.0,0.025854250952927274,0.0,0.0,0.006235968256813889,0.12699248910275274,0.15502331770311495,0.08573249743468905,11.086660019829509,9.860143636760426,9.756193973907301,9.934858768153473,9.818714650245532,9.585913713837469,9.934858768153473,9.674181437635749,0.0,0.0,0.0,0.0,0.0,0.058928271014400166,0.2004545397631652,0.0,0.0,0.06202147362233234,0.0,0.13196890268896497,0.1732796329499519,0.0,0.0,0.0,0.0,10.001342996914078,9.780927262722356,9.934858768153473,9.98073170540267,9.917747955034837,0.06027993428939711,0.11244809739109535,0.1685208977771585,0.0,0.0,0.37258466340643764,0.0,0.0,0.0,0.2528952220152677,0.2901573442479896,0.0,0.040342384332780055,0.336061685633158,0.0,0.1989590914555156,0.0,0.11716882774868011,0.0,9.597487828768827,9.897059141069086,0.0,0.4193669835975171,0.0,0.0,0.0,0.0,0.0,0.0,0.0,0.0,0.0,0.21400487013717426,0.0,0.1286142288811291,0.09930030174126388,0.07020296575921037,0.021184275825213924,0.10111706884355257,0.0,0.0,0.18494129463130887,0.0,9.861503297873341,9.788491287434985,9.877040367384604,0.26946403355633763,3.606604142126249,0.31181888011561987,0.06727752756752278,0.016119045235625056,0.28047320614855525,0.07714359579324018,0.05586116711323648,0.0,0.04476208864258759,0.0889257139423693,0.0,0.022309219919709678,0.0,0.1788824498915485,0.0,0.0,0.14991763962388152,0.16059619593178323,0.0,0.0,9.707201735844302,0.0,0.14322901831068566,0.0,0.0
0.29291162227276457,0.0,0.19133460571406496,0.5404151653924364,0.0,0.20174850462978877,0.30261404889913635,0.05733991776132374,0.0,0.21193383287807785,0.036387791908642136,0.0,0.005174294758503165,0.39188185697016703,0.14403357898762176,0.2055725083180628,0.0,0.0,0.0,0.0,0.1566924558934751,0.0997467210673119,0.1332086421528902,0.0,0.0,0.18874888000499157,0.053143439061202564,0.08484504990769288,0.19004610732128618,0.0,0.0,0.19734076529914682,0.053865559309298316,0.07215119952688247,0.0,0.0,0.0,0.0,0.0668234772163038,0.0,0.09332089718580416,0.5559763774946421,0.0,9.936146198847993,9.50540045553591,9.798417580246758,9.870243820210673,9.821581291792475,0.07049871062150845,0.3836738942559097,0.0,0.0,0.0,0.0,0.06508302272990805,0.0,0.026614782989911392,0.3810538012013064,0.1979434722774932,0.0,0.0,0.0707795460463852,0.15626357222646922,0.0,0.0,0.0,10.64669656651531,9.855188466127258,9.770347366664234,9.798417580246758,9.798417580246758,9.798417580246758,9.798417580246758,9.798417580246758,0.0,0.06129441058836566,0.0,0.0,0.26669971546029236,0.0,0.036623156104572785,0.0,0.0,0.19271340449150196,0.0,0.0,0.1015934585535652,0.0,0.13841006558785143,0.0,0.0,9.798417580246758,9.76972695579188,9.552909885731465,9.440657175991486,9.751633468636232,0.16786515210757252,0.11330074363978684,0.09961998008738757,0.04380858739622038,0.0,0.2590474378223181,0.1759088618523395,0.0,0.0,0.12793602836688683,0.0,0.0,0.057133807134883245,0.0,0.04031567730943666,0.0,0.0,0.0,0.0,9.73432560354581,9.605603513628134,0.0,0.0,0.0,0.14107737894781278,0.13886772007286352,0.3545786784988133,0.023537367074358273,0.04382600022202619,0.4110930965300686,0.0,0.0,0.0,0.10609068388655589,0.0,0.25798398040085163,0.0,0.2935286236809252,0.03776141154034401,0.0,0.0,0.0,0.5037626930823424,9.911253649698946,9.878134018562434,9.798417580246758,0.023350999216613762,4.740663685438268,0.0,0.0,0.0,0.00012229367802626983,0.14685041519399644,0.15950559151659413,0.38132337307886954,0.0,0.16656843087614445,0.03329246971654411,0.15270021599943395,0.12666843523031496,0.031184633775263745,0.0014946579085247328,0.021582928753535423,0.12307855536874211,0.2512971898888145,0.0,0.19015226687885575,9.638454649492518,0.0,0.0,0.0,0.0
0.07374149202875348,0.0,0.050817124539135235,0.20678129016854213,0.0,0.0,0.0,0.010015012537026033,0.0,0.2532080944833429,0.0,0.0,0.0,0.09393089071937415,0.17522340128664285,0.1902802328334066,0.0,0.0,0.0,0.12421980341416312,0.031184140217474666,0.0,0.06845677383532094,0.041265824871115006,0.0,0.0,0.011814719254879638,0.0,0.0,0.0,0.2217801371902921,0.0,0.0,0.24221302509506856,0.23752805442637126,0.0,0.0,0.0,0.0,0.0,0.0,0.0,0.0,9.69004910926429,9.752030560836708,9.783812968504957,9.878603231658712,9.8057406833257,0.33659437532227243,0.0,0.03438402177407621,0.13298235755460888,0.13983192388519738,0.12653875805239645,0.0,0.03661283543176095,0.0,0.1558122931467247,0.07480574005816491,0.11699903722709401,0.0,0.0,0.060661838252547645,0.3712362049088556,0.05114053695610254,0.267052017685106,10.990229901002335,9.920737621581225,9.75033956146156,9.60877188800262,9.622179194831721,9.75033956146156,9.7371306905529,9.75033956146156,0.0,0.0,0.36019859690806283,0.0,0.0,0.0,0.0,0.12915560890212813,0.0,0.0,0.0,0.18994464590475602,0.0,0.0,0.11457796171056996,0.0,0.0,9.778717266160545,9.426791034506495,9.552912715925357,9.856075599408118,9.769129255655548,0.0,0.0,0.09055523623004173,0.10709730261547483,0.0,0.0,0.025125040555479775,0.0,0.0,0.020778649031299442,0.271387897106536,0.0,0.42353818140759836,0.0,0.1741620113927677,0.0,0.13179504684516932,0.0,0.047445018309513934,9.727201908605647,9.69401486303445,0.3272170713825934,0.13022045094029172,0.3695217500341888,0.5766701114420154,0.23626993688811496,0.2060816150215253,0.15539751535128232,0.19129933878853703,0.0,0.0,0.0,0.07860954123104852,0.07426053942680516,0.18079275527107938,0.0,0.1105874663312346,0.46476257050740466,0.19179431762645802,0.2547658635515271,0.0,0.0,0.07704029952680409,9.84798191433501,9.68220583605112,9.76368902433323,0.10511054708493683,3.5814961106379513,0.0,0.0,0.0,0.0,0.0,0.0,0.08287102977040571,0.04147182913263963,0.47911499651709816,0.0,0.0,0.01134447652599797,0.03164883353787799,0.0,0.0,0.061096503742221545,0.0,0.08467294053293843,0.0,9.781481138148187,0.0,0.0,0.05957054953932124,0.17483151827450083
0.1210605772313539,0.301990369543882,0.09836458777655632,0.01870339604364756,0.0,0.14646094717463756,0.08665478922764583,0.31169785035732406,0.12041026018722753,0.0,0.14083743921558384,0.0,0.12447131198498954,0.09456536553577634,0.19870621705853167,0.24751521809897817,0.2932913612132094,0.0,0.0,0.0,0.0,0.18365827739252916,0.0,0.07005422806564834,0.0,0.05501046304296051,0.0,0.07933928349767655,0.0,0.0,0.3971600439761879,0.0,0.21492768682190985,0.041773601128512625,0.0,0.0,0.09402671448565728,0.19463660564505533,0.05415813509184683,0.2595832062890378,0.3058790559474119,0.09793248965722515,0.0,10.702904357843678,10.533656613710203,10.595347751172564,10.641268707743446,10.642867752633926,0.13986114920334608,0.0,0.0,0.13790300906623212,0.09152362178047095,0.06096570705037126,0.0,0.08327938167969529,0.22906980378164368,0.00247656395689827,0.10298046947235286,0.0,0.0,0.0,0.0,0.0,0.0,0.3428467989600758,11.71471808772259,10.615887923566994,10.507434871720687,10.507434871720687,10.286797591514846,10.507434871720687,10.454967304817155,10.363931713726473,0.24732257621236703,0.0,0.03707860728074761,0.04839204838553059,0.0,0.0,0.2464957441504943,0.0,0.04724574679629167,0.2815289325258064,0.19926136162089292,0.0,0.027136727113165043,0.006277236241819748,0.0,0.0,0.0052707144066627305,10.429146714407018,10.509879160181647,10.354187464327161,10.532510595507938,10.360998480055835,0.12142970542938825,0.18163331268871336,0.02084641850596067,0.12079513593777673,0.061972616268064745,0.09954361417644186,0.04397471484301863,0.0,0.0,0.08155617824770024,0.0,0.0,0.0,0.0,0.0,0.25425818098593533,0.0,0.0,0.03899805435624911,10.54055762301279,10.519839059514636,0.0,0.05421351080605526,0.0,0.003308753769373865,0.038528369564394836,0.0,0.004071926941709387,0.1696093860180139,0.0024549597175289755,0.0,0.0,0.0,0.10286008662860283,0.2156272027523966,0.0,0.0,0.0,0.0,0.19460399959962502,0.0,0.0,0.20208570265190812,10.392394492965183,10.544239807165152,10.480729120760051,0.0,4.315902924164777,0.0,0.13086943764738923,0.0,0.0,0.10603948785989123,0.17607529734047406,0.0,0.0,0.0,0.0,0.0629604313593214,0.1099296038210632,0.19068901301470875,0.1668429654438341,0.15460618460579725,0.3298107748409781,0.0,0.0,0.0,10.507434871720687,0.0875474560929664,0.0,0.17170178850012882,0.0
0.15603476422932377,0.0,0.0,0.0,0.0,0.29063663542374657,0.06334359666387367,0.0,0.2896703152995183,0.0,0.03973224410073233,0.13273135330461341,0.03715940492306586,0.19727458493867214,0.0,0.0,0.1582260494114211,0.0,0.12939399749128977,0.2282847818130855,0.08508478864238211,0.0,0.04263938868998359,0.1600664854038991,0.14499770513799012,0.0,0.0,0.13618418467859064,0.37672745879565495,0.2460101458691492,0.0,0.0,0.011329782882602807,0.0,0.2205172484269764,0.0,0.0,0.05567138074092268,0.002306928649874261,0.0,0.0,0.0,0.0,10.004172504105094,10.060474900320306,9.94523019248318,10.053032242031417,10.02876998455922,0.0,0.032798947703399424,0.596437589684257,0.0956108744424699,0.018314537787784472,0.0,0.5546054714473603,0.041691316550829256,0.01616525718912091,0.11744522115526213,0.12332761060825717,0.061333215051202795,0.15729771536796805,0.06150932596612633,0.06645233087873363,0.17986746636760303,0.24759884309194874,0.05210227064344986,10.676431326122836,9.867718434524171,9.516516641537374,9.867718434524171,9.862817258531235,9.867718434524171,9.781003090460779,9.908181491209918,0.0,0.0,0.053175700432053954,0.40856575415285673,0.0,0.0,0.0,0.19360636662321876,0.0,0.05287041429801226,0.09027679267840247,0.08881104544209596,0.0,0.0,0.0,0.05711442033338833,0.0,9.995349443381881,10.031245063441482,9.867718434524171,9.692012137116992,9.867718434524171,0.1100568478369749,0.0,0.0,0.14020034731509434,0.0,0.05760907201705205,0.0,0.00783773144376098,0.0,0.019695131973186834,0.0,0.31832827042664025,0.0,0.0,0.04792982297508428,0.3019839290014835,0.25558492271292166,0.0,0.0,9.723356935115426,9.867718434524171,0.0,0.0,0.19107948781409367,0.12089593187055701,0.0,0.0,0.0,0.10581096698033006,0.0,0.16378381610894124,0.07985933298742785,0.0,0.027627917477264168,0.0,0.14177062377091448,0.0,0.0982925823526973,0.27827704255786667,0.0,0.02825081529322745,0.3138444311157513,0.0,9.800917322346455,9.492549563023456,9.867718434524171,0.032152005697757426,4.9822022729898,0.0,0.11615941154168646,0.19249125061646624,0.0,0.0,0.31887960443391306,0.0,0.0,0.0,0.0,0.4401312889600369,0.0,0.07048164039702072,0.0,0.0,0.017377368314183836,0.1584533658013779,0.15844046625396774,0.0,10.009446349784433,0.22166203324847755,0.0,0.13215078959646934,0.024367453506762726
0.42793952307658545,0.0,0.08509394360457721,0.0,0.0,0.019489332535870783,0.0,0.0,0.20088096755367754,0.3562441056032881,0.10237281334770398,0.0,0.07406085185531762,0.0,0.0,0.0,0.0,0.1292395011355058,0.23176461241891616,0.048414858402169025,0.34099741098727937,0.19985208509774377,0.0,0.002065241543486385,0.13056212124038996,0.15502325475154752,0.0,0.0,0.4493393839726661,0.0,0.08037359276882083,0.3986811158516134,0.017530165561182285,0.14880062148577264,0.0,0.013868531624869437,0.08242173772947718,0.3015394006720585,0.09784316917069062,0.10325868635146487,0.0,0.18335924760218433,0.038141914198740925,10.128172488351591,10.050261468422692,9.798022923113857,9.863082565720202,9.840091730739722,0.28958697029158453,0.3283091822059031,0.0,0.08924030521497336,0.0,0.27753829449892603,0.0,0.0,0.0,0.0,0.0,0.24864266656626732,0.0,0.003867645251096303,0.03019992448047913,0.06705641516393353,0.06466305080917427,0.3014385753854719,10.761718368980675,9.73117330046159,9.658176124795641,9.730189527545651,9.680215142901526,9.76552103019063,9.76552103019063,9.679789167978829,0.0,0.0,0.0,0.16283450635138963,0.0,0.0,0.12132291135099528,0.011791626054897413,0.021364806612672923,0.0,0.019475135317414887,0.0,0.0,0.5408797407834122,0.0,0.0,0.0,9.790330580534098,9.920759004021354,9.809563363078663,9.815259213607508,9.76552103019063,0.06555504867728117,0.15967488732202986,0.0,0.4098301917815269,0.08570411962224013,0.20651137553156174,0.0,0.12230592695171558,0.02815210969335015,0.0,0.1714839710171146,0.0,0.0,0.0,0.022747194739905795,0.22280110320798432,0.0,0.0,0.17164189528946505,9.690542445639352,9.602620415284823,0.2704725982255016,0.0,0.09863839704911734,0.26156308333036626,0.07044181032588996,0.3227042931207584,0.0,0.3206763729098763,0.02670321164047789,0.2106922932101473,0.36584344612780545,0.12420362836898378,0.1484355054723501,0.0672891337976341,0.1804308257573606,0.0,0.0,0.0,0.004576715188961777,0.0,0.0,0.23841812399153187,9.76552103019063,9.629280158790518,9.73492578677988,0.0,4.368471991290638,0.0,0.0,0.2251317667091261,0.18582035494231838,0.0006529653409017412,0.0,0.2612663111121143,0.0,0.0,0.0,0.12329327601344886,0.0,0.3122017327474549,0.0,0.0,0.3004567116197622,0.12294576899544038,0.0,0.0,9.948386150071348,0.3667031460790265,0.08249508969763414,0.09896083061594085,0.0
0.0,0.0,0.10744712929109147,0.24263076478587026,0.17748760824909052,0.1966633589902287,0.0,0.0072364276396325285,0.0,0.0,0.0,0.0,0.0,0.0,0.11466334582648147,0.17847062062877808,0.008227579975935925,0.0,0.0,0.08152622535226124,0.16960984909667523,0.05656979296877263,0.0,0.0,0.0,0.4382422354936606,0.0,0.0,0.17684098464329573,0.02719181853506964,0.0,0.0,0.0,0.08714083782352489,0.1971361917031462,0.3018916705521747,0.07593697264787662,0.1503921919733325,0.0,0.0,0.005135188940423525,0.1356516781442354,0.048807502071636276,9.910786147320485,10.199434870035223,10.120871102842948,10.154037253923795,10.119578415091818,0.0,0.01893876894569658,0.027587458796270618,0.0,0.167742993406581,0.0,0.1381974675805454,0.0,0.0,0.0,0.0,0.10685944661066812,0.2869211138112266,0.22428160176661563,0.03701197166428935,0.11909205951986546,0.0,0.0,11.003527743193906,10.062451289346088,10.005266736170096,10.062451289346088,10.02857089555272,10.062451289346088,9.878689810611412,10.086704562639767,0.4684072524474993,0.0,0.0631549384158773,0.0,0.0,0.0,0.0,0.23679823840653022,0.07169952106796239,0.21580275169175073,0.11605569409103496,0.30308813743190977,0.0,0.07324190609797018,0.002481526100084527,0.06064131760418015,0.19859895622505686,9.972405502948774,10.133891656782273,10.16469993225749,10.14859462997779,10.062451289346088,0.08334107724199886,0.527533709662181,0.2738197496098189,0.0,0.0,0.2532713159852372,0.0,0.3278019645017117,0.009543331688085195,0.0,0.0,0.10980002820509117,0.19187141784179595,0.12993082465966688,0.06068411116790733,0.0,0.0,0.0,0.10970812908234931,10.062451289346088,10.062451289346088,0.045907044028871455,0.0,0.08420891702920323,0.04159930428297872,0.0,0.0,0.0,0.061123567136904096,0.0,0.02828876768913017,0.0,0.0,0.0,0.0,0.29068146037846465,0.0,0.0,0.1034036497398233,0.0,0.0,0.0,0.06770336551197427,10.17497968764856,9.773613831563065,10.103048868938835,0.0,4.463117914683861,0.0,0.0,0.19655190715862525,0.0,0.010044472074968705,0.16022061340061663,0.0,0.2009806284858081,0.0,0.0448843049341919,0.0610894059813999,0.18827814133035609,0.0,0.05449278445441334,0.0,0.1973203905385122,0.0052943067563421264,0.0,0.18885899027932126,10.270112913256385,0.0,0.29440167560889047,0.016924480079350664,0.0
0.0,0.19846867800685242,0.38635912745171375,0.07114170234648497,0.0,0.0,0.10706217864823538,0.13940324006113533,0.15305006815950953,0.05261489747783225,0.09750130443281865,0.0,0.04394346077490725,0.002386148792908412,0.0,0.07256215652207496,0.40255724449408736,0.23625931123416868,0.07245316826904433,0.0,0.0,0.37211716756175917,0.0,0.3543769628216415,0.0,0.0,0.0,0.03174967235471299,0.0,0.2988853621798897,0.0,0.0,0.11692045736479469,0.0,0.11831983289222295,0.013868257827042929,0.41318851065173723,0.0,0.28104833314155664,0.2294387786767297,0.23667901926699333,0.0,0.190590527425068,9.449529500726719,9.273600434973133,9.581312682143484,9.32816211410715,9.6758189597087,0.0,0.0,0.0013151117312358333,0.04248506216992164,0.04917075360301216,0.11717055325091269,0.0,0.3931234693890542,0.08184205211175927,0.4648439746237531,0.38008384357685776,0.0,0.0,0.3143829645261461,0.0,0.18872734287331736,0.0,0.0,11.337362475431238,9.936004198525474,9.603084528651703,10.021323858616137,9.822525387561802,9.733543352701357,9.755403913246179,9.560816317090968,0.30273245334129284,0.0,0.018941271707926196,0.0,0.20415682054712675,0.540538008376074,0.08209395899461758,0.0,0.0,0.0,0.0,0.0,0.05655153550759753,0.12963752589393357,0.01670633116027954,0.0,0.010728039589333646,9.789643188941652,9.789643188941652,9.789643188941652,9.789643188941652,9.736386057989668,0.0,0.19070742828390197,0.0,0.10191931128967696,0.06375140119559018,0.0,0.0,0.0,0.0,0.0,0.010331920266636558,0.0,0.06592797769984768,0.05324596028571936,0.0,0.0,0.0,0.0,0.0,9.644711679276519,9.803294187267525,0.06960712268596095,0.0,0.0,0.29102976250656887,0.0,0.1662612975356642,0.08829320191499519,0.0670699451350108,0.0,0.36368370519796694,0.017228213041700326,0.0,0.15721581539808932,0.0,0.015266764733285995,0.0,0.05445580407296612,0.09179760229872645,0.17568822007761134,0.0,0.0,0.0,9.62414633733599,9.651068122090601,9.84247597533128,0.14549356526454257,4.34188150472044,0.1362469812744952,0.0,0.19907847588064284,0.015651968222382746,0.0,0.0,0.3807640969081311,0.0,0.0,0.17579006546219922,0.1899605417947586,0.22154046073759012,0.0,0.0,0.0,0.0,0.0,0.0,0.0664979068777447,9.789643188941652,0.006758241701463676,0.0,0.0,0.1038904146644572
0.0,0.11635146349567582,0.5431229842938176,0.15314657580697325,0.08287815380108338,0.0,0.0,0.2662845584201523,0.0,0.12531838214969682,0.0,0.0,0.0,0.0,0.0,0.0,0.0,0.0,0.045854210156968146,0.0,0.0,0.18515475108964005,0.0,0.0,0.021183379693514286,0.0,0.03480173540386116,0.0,0.0,0.15696050741552628,0.0,0.0956081548443633,0.2593791856516909,0.10330077599487138,0.0,0.19293906768163507,0.0,0.0,0.0,0.0,0.016347944764172447,0.0,0.0,10.096579162691341,9.735469893279888,10.055730547054802,10.11005587574631,10.105289336406528,0.0,0.0,0.0,0.11305468018504355,0.0,0.18674868998254718,0.0,0.3368622934633484,0.0,0.0,0.0,0.07679746857693244,0.0,0.05841515695155642,0.00913001044610241,0.0,0.27758455733736925,0.03963531399647857,11.176192371794398,10.11715337509516,10.240656285765104,10.292199725420831,9.972653555191103,10.090665827150215,10.159089760695199,10.02473408621443,0.21782088080094492,0.0,0.0,0.0,0.0,0.01454641182012214,0.0,0.273926918506492,0.09846940403079942,0.15076953025286569,0.16052515400057693,0.00977826731153697,0.0,0.19985861845177466,0.24242750225468998,0.24249508213598867,0.0,10.105289336406528,9.825130811150894,10.092419949528242,10.21177795402832,10.115945717606524,0.0,0.0,0.0,0.011288713191085117,0.0,0.0,0.2522361179799,0.1688840142182338,0.0199611019756671,0.0,0.10867067220616414,0.0,0.0,0.0,0.20162472521976782,0.055598539759286324,0.0,0.07964779152439516,0.0,10.105289336406528,10.105060935689849,0.0,0.17670454103514613,0.03606084647317625,0.19226797918802635,0.0,0.13993193139763657,0.0,0.0,0.0,0.0,0.0,0.0909160477991566,0.41990009504653264,0.19232581593803424,0.0,0.3647005257325286,0.0,0.08338521757121671,0.2989032530739102,0.0,0.16140188512896358,0.07463704779491216,9.95026622886876,9.726429234539058,10.105289336406528,0.15147460336479696,4.965984436231805,0.06461554136216142,0.19129136008502423,0.0,0.0,0.21995323668677574,0.016546253028196872,0.0,0.0,0.259352520530853,0.0,0.0,0.013611022878122485,0.0,0.2311114889647881,0.05373484948599168,0.0,0.06914921858313006,0.22692640178188825,0.0,10.312115164069533,0.004320888019393091,0.0,0.0,0.2700496274268952
0.12455379804311424,0.24415124351866557,0.0,0.0,0.0,0.17600308959419694,0.0,0.14021903202771752,0.0,0.08232170170845125,0.0,0.0,0.0,0.0,0.07069913421581388,0.27076197305694677,0.0,0.04732309824739718,0.0,0.0,0.0,0.1164566500488376,0.3740456094291839,0.17141051841872013,0.0,0.0,0.0,0.0,0.0,0.04012225190573183,0.09377206670226168,0.0,0.0,0.267782454438915,0.0,0.06016823931461195,0.0,0.0,0.13295776241320575,0.21705746366902576,0.0,0.10802902847933041,0.0,10.527377403296756,10.019015061050741,10.401420412695753,10.50730697869049,10.423738338043334,0.034368019480031556,0.0,0.0,0.0,0.0,0.0,0.09790598269877282,0.1394303495387816,0.0,0.0,0.0,0.0,0.06876812915542953,0.0,0.0,0.0,0.0,0.11136767265585037,11.571118023855366,10.342989194294667,10.345283295578257,10.454943672132101,10.228718287498335,10.421107213445005,10.400756250087257,10.125114367324562,0.0,0.0,0.12118837860344034,0.0,0.034076846555273176,0.09127954589241138,0.0,0.09910623249722376,0.0,0.0,0.023259518417295316,0.0,0.0,0.0,0.07662274068110321,0.0,0.10140524464152643,10.387014023756992,10.387014023756992,10.425988538632652,10.35963675596202,10.26434141366027,0.0,0.0,0.09271098839511946,0.16478052716842803,0.09226595275829934,0.3360993172471344,0.0,0.0,0.3221881974529128,0.2397603315368491,0.0006147131511119195,0.0,0.0,0.0,0.0,0.0987203981061466,0.027657275130583227,0.2521840335189178,0.0,10.14528425440672,10.387014023756992,0.0,0.008054501092919893,0.19006285525773664,0.05492541710776525,0.07295911756401262,0.33458718527892806,0.0,0.0,0.2789804952512241,0.12439165383856267,0.13352894542493815,0.0,0.034622151003541435,0.0,0.07170109795527035,0.0,0.0,0.029577547723846104,0.06387155911363035,0.15149899496072033,0.06503340160139019,0.00724562534653126,10.737255978310994,10.567717550379982,10.387014023756992,0.0,5.782684774358394,0.08912610077818989,0.42508306760399783,0.0,0.0,0.0,0.18890757991068582,0.14739962230768194,0.3062247622743784,0.07215421003484365,0.0,0.0,0.0495226202096465,0.0,0.17918700243304064,0.0,0.0,0.24780157629391047,0.22764325969038543,0.0,10.197891790241014,0.0,0.021819266167894442,0.0,0.0
0.17473001544247052,0.027027438610475244,0.3680539535595617,0.1748494380673822,0.0,0.09262065805941057,0.32565132034796407,0.08882524586438671,0.05971080697317105,0.0,0.0,0.313328462349158,0.1727130452796641,0.0,0.0013249852098532935,0.11962168667009329,0.0,0.21431084421898053,0.07300099613685365,0.0,0.15211845587642817,0.0,0.14876648880307025,0.0,0.33981676627853263,0.09713477981996654,0.0,0.1315006233980851,0.0,0.0,0.09144361465248553,0.0,0.06150267557441155,0.08905956311646243,0.1440350447230396,0.18583100926391105,0.0,0.06295314427670057,0.0,0.0,0.0,0.0,0.2938093330260428,9.539326697093117,9.58198805800156,9.58198805800156,9.494743357794619,9.326360123394055,0.0,0.12008660596138676,0.0,0.026788263411865607,0.06883535998591973,0.4274441096270993,0.0,0.1745199187731864,0.02218741057248239,0.0,0.04826765697693837,0.0,0.21880405894820776,0.0,0.026558114812688417,0.2693668390520764,0.0,0.21580172930854374,11.020098169355851,9.639641187275584,9.811754697573209,9.705106851428514,9.605741390387955,9.671483610824946,9.641082599463612,9.264384505372778,0.10601980646609961,0.07781002735269739,0.3537104684017006,0.07338026524395107,0.3072681036568733,0.21221240323011603,0.05580521022282828,0.0009702323986339962,0.0,0.3788391530715791,0.09222297192643274,0.0,0.17746911947710123,0.04759714813769697,0.2749414597874508,0.0,0.11626960189777517,9.306334938028169,9.58198805800156,9.37043329978992,9.372345389281246,9.58198805800156,0.0,0.0,0.0,0.0,0.007772649885986332,0.0,0.0,0.30148711388395427,0.0,0.10805832535023048,0.0,0.025175498729642316,0.0,0.0,0.0,0.36675136051049506,0.0,0.0,0.043218951056775784,9.234298751464115,9.65759908481612,0.0,0.0,0.10157764376530166,0.0,0.0856586795518851,0.07087536321198945,0.14007806962121502,0.0,0.181471709757392,0.0,0.003578792970236412,0.38578339334522754,0.0974068098019345,0.0,0.0,0.0,0.0,0.026708505948295633,0.01063577941945619,0.3995566083769798,0.07343774125838162,0.0,9.719568749835274,9.589610187726432,9.58198805800156,0.4979584535640188,5.0285820916145845,0.04319417115728182,0.0,0.17786843099712926,0.5587562385459289,0.0,0.0,0.03296748358601008,0.0,0.45460339139640044,0.0,0.22320857176382197,0.47769790190248157,0.0,0.0,0.0,0.0,0.4811635248274194,0.0,0.0,9.58198805800156,0.2221897678205954,0.06875252658269884,0.21426915550185782,0.10483476443871143
0.08601867619640137,0.0,0.0,0.28281918397872907,0.04446421826745426,0.0558182391641998,0.1980041646493483,0.0,0.0,0.0,0.04232932338970467,0.0,0.0,0.016732452665485863,0.23612396979367575,0.05786634532165775,0.0,0.0,0.2805004890678053,0.0,0.2857785483966842,0.34063421046355535,0.0,0.004086439063275525,0.15441513074190677,0.0,0.1946449085713717,0.04744656430506526,0.0,0.008491909734598228,0.49376098638201593,0.0,0.0,0.27239883064890624,0.0,0.0025841560609399655,0.07404565409613972,0.19793730158350345,0.0,0.0,0.007588652431453414,0.0,0.03661357461197256,9.913774507710409,10.007153238648172,10.0227848796424,10.019216862366353,10.007153238648172,0.004499622725239394,0.41012352022316784,0.0,0.0,0.07668233200507882,0.04050944502590744,0.0,0.1303560970424857,0.0,0.023412800317853207,0.0,0.0,0.13000746679817346,0.12697986384825594,0.0,0.07686732275430712,0.10066796143277101,0.01328522882022563,11.292999766145321,9.976229173102375,10.007153238648172,10.007153238648172,9.842736506243368,10.007153238648172,10.006723277021123,10.007153238648172,0.28815295451440076,0.0,0.0,0.0,0.0,0.0,0.0,0.17467982984452754,0.2793068208184627,0.05222152448059094,0.15325997989026977,0.0,0.031137736094629657,0.043562240413718374,0.3027307047239767,0.045841383647098694,0.28867848990532813,10.084702090369676,10.08199422687882,9.84295236716913,9.963347056977879,10.01896629866604,0.06770771034126037,0.006239273755679394,0.020064530230584177,0.38339018611737274,0.0,0.22619111481702653,0.34972547542797316,0.13927684113938893,0.0,0.3323902197669609,0.0,0.0,0.0,0.0,0.0,0.0,0.19178300276529506,0.03352243523615803,0.0,10.007153238648172,10.007153238648172,0.0,0.004313595604146817,0.12818716928565968,0.18208375313947786,0.09907454139129175,0.0,0.0,0.34759296417421726,0.0,0.0,0.06941495816537088,0.0,0.0,0.17656744369213986,0.3306498866130652,0.0,0.16491352467022713,0.10006090296696725,0.0,0.0,0.23482976275420364,0.0,10.474300913015655,10.28585358748636,10.20324895441001,0.12237171957956523,4.137435225438829,0.0,0.0,0.0,0.0,0.0,0.1527504370834612,0.4409857356392205,0.0,0.15506790603994028,0.0,0.2891312607206464,0.0,0.14284729860082432,0.0,0.0,0.0,0.24232733426376307,0.15009640046342554,0.16631275541000748,9.890166664800224,0.0,0.0,0.02970254463852495,0.0
0.0665083941051038,0.1857834776499294,0.0,0.09310521900227721,0.26185253076062265,0.0,0.0,0.2780830007540167,0.0,0.14064773555101592,0.26857677134685665,0.10093968821122801,0.0,0.072222234812359,0.0,0.0547121261179962,0.4670626389393234,0.06404240945714122,0.2665318492797771,0.3348339908053818,0.0,0.044009469800889156,0.026777800632944885,0.0,0.013985583025961201,0.1291206412565738,0.0,0.01352479756860975,0.0,0.10887087195765582,0.0332770165951593,0.0,0.008982350443661087,0.0,0.0,0.0,0.0,0.0,0.3848437899289608,0.0,0.5595000586209165,0.1164317377765049,0.2580036884398005,10.05235932520088,9.9920368014797,9.833942257444711,9.610463371216483,9.923539161126895,0.2574208359966933,0.0,0.0,0.053256558168388736,0.0,0.2598174939797046,0.0,0.0,0.0,0.0,0.05672380524595365,0.07896792825526816,0.21107255116882698,0.2421421242364647,0.16324184738057096,0.12397902005785259,0.0,0.09658150514273357,10.870559862234275,9.951536064076313,9.6564169968826,9.923539161126895,9.804158390810725,9.923539161126895,9.923539161126895,10.047089611343639,0.13820928274301664,0.016316721648632872,0.1756219126215672,0.0,0.0,0.20134213120348685,0.42228796020834053,0.3751871916963307,0.10730287039407033,0.0,0.0,0.20879692707917627,0.0,0.0,0.0,0.0,0.08232994794481391,9.951257729784185,9.998462167476832,10.042221926183458,9.76093436268347,9.896404967146188,0.0,0.0,0.04669374950055856,0.0,0.17175071547369392,0.28500068615744295,0.0,0.14012440471483256,0.04255136480247807,0.06123504164723185,0.07050820813772797,0.050698444555331276,0.10149852556813084,0.24701091178723303,0.21510407636306572,0.0,0.07286264674520596,0.0,0.0,9.923539161126895,9.923539161126895,0.061072296613152166,0.13949779414700347,0.25321081212469804,0.0,0.11875617380014938,0.0,0.032200374185439716,0.0,0.30893736117535153,0.2574885510560382,0.21560342235042332,0.0240492458612684,0.0,0.20470958748398516,0.0,0.0,0.0,0.2130518820143649,0.0,0.5450692427808164,0.12301996444867401,0.0,9.293886131701173,9.985035788493038,9.74051721635182,0.029002627181921543,3.9021630861896672,0.0,0.0,0.09716591387266674,0.17824706934826326,0.0,0.016676287376042313,0.0,0.0,0.0,0.1263979516301701,0.028073872343032776,0.1250650942708696,0.0,0.0,0.1597288896530589,0.05433566330354669,0.14697355258355485,0.24450066782618057,0.04195848179554021,10.135992328858467,0.033273334447214836,0.0,0.0,0.2761556581797993
0.4267812026315093,0.0051376435021236394,0.0,0.0,0.0,0.0,0.061369776981294276,0.013954347949425424,0.31854210217624734,0.0,0.1725203048217408,0.0,0.02147570652990606,0.16391244463528282,0.0,0.0,0.0,0.24956466023253712,0.0,0.1566898987673131,0.0,0.0,0.0,0.19747518212434106,0.05184242623961437,0.0982317730086197,0.05265078423777698,0.0,0.3521739611692932,0.06881483919471952,0.0,0.029256571533563484,0.0,0.0,0.0,0.18136275012272085,0.0,0.1029181890838766,0.0,0.0,0.0,0.0,0.29190335247326693,10.309729560238575,10.0349759567175,10.042552333339207,10.049763875546732,10.033254281429032,0.027709785557468426,0.09753303443099734,0.0,0.1337474712986651,0.0,0.14898687718141496,0.020480932452428498,0.31692031814139704,0.0892959466789129,0.16529763311003073,0.0,0.0,0.0,0.010369145470375537,0.0,0.0,0.15923550747055704,0.0,10.891612718909926,9.849919827821655,9.74834124374515,9.790961191236404,9.75796868340629,9.499655467574026,9.947609788908661,10.056408638699006,0.0,0.0,0.3460277193454072,0.05307457820951603,0.0,0.0,0.0,0.23538695627563555,0.291835534190191,0.0,0.0,0.28427013059463574,0.3293672798687025,0.0,0.1856633823942443,0.0750328598221546,0.0,9.831497889903883,10.077704268160868,9.920111627460981,9.873737375512857,9.972926458017314,0.0,0.1698754723821447,0.0,0.3180560488020221,0.24343783501489719,0.3627151009720516,0.0,0.12005128720136587,0.10638766980098768,0.0,0.0,0.1933232181783851,0.0,0.0,0.0,0.20979335026804954,0.049673207930309604,0.0,0.37783984346278476,9.972926458017314,9.719933569306264,0.0,0.31439826908176965,0.0,0.0,0.0,0.0,0.0,0.03498923681315395,0.0255099314495279,0.20416683189608364,0.0,0.0,0.14105657210829378,0.09881627733657525,0.008322991443308534,0.12037745690044915,0.19608956915425474,0.06469929672179857,0.502022705342903,0.09240833311828102,0.0,0.102001563124446,9.972926458017314,9.853288675505947,9.972926458017314,0.28915671950482663,5.167346478857251,0.0,0.0,0.0,0.0,0.0,0.0,0.013825912272209131,0.1785486063851785,0.0,0.0,0.18255531411770046,0.0,0.0,0.2828916213222193,0.1246065324273409,0.09443845447714322,0.0,0.0,0.03029302201000137,10.133870304260132,0.0,0.0,0.0,0.0
0.17314501748709257,0.0,0.26072727904965487,0.15866470458488346,0.0,0.13174683311558982,0.0,0.0,0.1899206748961239,0.0,0.0,0.17128708626950712,0.0,0.17926711952546887,0.017781208590676525,0.03862977754441629,0.18825339470819363,0.01788839521168194,0.0,0.04182216097817723,0.0,0.11833725073275819,0.18735741822823013,0.0,0.15299324162212957,0.0,0.021906099589721187,0.23269976658886318,0.0,0.2381251606942699,0.0,0.11570829008208618,0.29059459950122424,0.0,0.02798545380457155,0.1005557010691451,0.03239203683161762,0.0,0.2845998885189675,0.10630876938218979,0.0,0.42944133263423806,0.13153039718348217,10.575511140218513,10.239892944646247,10.261550122717793,10.000071497983287,10.293233536914517,0.23971366990434287,0.0,0.0,0.2129618371155424,0.0,0.14967282132971732,0.0,0.0,0.021154113556554038,0.0,0.0,0.0,0.0,0.17234013765171927,0.08085997247546224,0.0,0.0,0.31682569481399664,11.55036551146733,10.386173927086194,10.244100529050963,10.386173927086194,10.34469221519367,10.358431492210984,10.40021633829658,10.454368237244532,0.08355402440328327,0.0985219844991373,0.0,0.17145572673127515,0.0,0.0,0.2372254560526587,0.0,0.0,0.22754596434212163,0.2232399172898203,0.04349163036655788,0.06386873877296713,0.3891779654038391,0.0,0.0,0.12086793439359372,10.386173927086194,10.42497797549226,10.73280962702081,10.387203263218057,10.386173927086194,0.0,0.14667390571922329,0.0,0.0,0.0,0.17494072023955587,0.10629416159416054,0.0,0.12194618264243148,0.0,0.024673709984297743,0.1608965332618788,0.0,0.23722810568232178,0.0,0.0,0.10312897805675511,0.0,0.0,10.257640875530324,10.21073011691001,0.12998330759119964,0.0,0.0,0.028939661397539618,0.0,0.1073512714245316,0.0,0.14741886962053968,0.0,0.1591444391111801,0.0,0.0,0.045330694868795034,0.0,0.0,0.23996973231449947,0.0,0.20764717709518613,0.051820111602388225,0.0,0.4186352988355375,0.15306127193608418,10.527247953825182,10.562053063411424,10.386173927086194,0.0,4.6865196020507565,0.0,0.1844939896377805,0.12434071593853684,0.20912632816067872,0.025644844821925344,0.0,0.08857597388328484,0.14815183027528453,0.1767585862903664,0.024932224000566668,0.20318406111322854,0.05927891078556933,0.0,0.0,0.0,0.0,0.32471177453576416,0.0,0.004560931952459311,10.386173927086194,0.10890234908410465,0.09633675109982558,0.0,0.0
0.3579592374205234,0.0841127921182642,0.0,0.22213008168661968,0.0,0.0,0.0,0.003067704566169182,0.0,0.15997560616174628,0.06961890802180076,0.0,0.09318814646171662,0.0,0.0,0.006790292177016554,0.06575584559023007,0.047418247759762985,0.0,0.015819335973066912,0.17601829338623431,0.2761676623009629,0.17183834071851578,0.0,0.0,0.307136305156156,0.0,0.1640375634641987,0.027926780015445525,0.37654313696249747,0.11304403861053214,0.0,0.20309622564041938,0.10436665574022953,0.0,0.17229430578456742,0.372105143320486,0.021140025796385454,0.0,0.0,0.09171478141675948,0.17447045813099288,0.3299462024056751,10.540911116892389,10.153540704860175,10.28566165653,10.29620320568491,10.215550043036867,0.058870159514118794,0.2642818880752078,0.0,0.3081055057086214,0.0,0.0,0.19953304804041244,0.0,0.12262401046708045,0.0,0.005924027986446514,0.0,0.0289049088625444,0.015070696829205778,0.053816604596802084,0.08238340100855557,0.0,0.0,10.732712617590892,10.110177267975656,10.002369178289948,9.909725982835212,9.792667625246692,10.136341994342246,10.136341994342246,10.179330470647486,0.2779200675375211,0.0,0.028064394608438403,0.0,0.0,0.0,0.07829257325711808,0.0,0.0,0.0,0.0,0.04643043060380116,0.05137286901638552,0.0,0.2163185535648372,0.3380908137812539,0.0,10.232560611993701,10.2668960451458,10.133054798571735,10.212955278327383,10.075856476042853,0.061912725815633625,0.0,0.0,0.22219534281537234,0.0,0.0,0.0,0.09484027272767008,0.0,0.0,0.0,0.0,0.1279757046126431,0.0,0.0975026328614532,0.0,0.0,0.0,0.21147172411615978,9.963912350827727,9.997307931555097,0.14088806600132245,0.2600891246717622,0.0,0.3899786571245445,0.42241542480037914,0.0,0.0,0.0,0.055011706059635394,0.09079151007392236,0.2554915196909552,0.2927019808292896,0.0,0.09083393374457778,0.3127060656546251,0.0,0.1220167505155831,0.0,0.0,0.0,0.0,0.32175622844787377,10.17271100832568,10.136341994342246,10.053863136957528,0.10694410389527627,5.233017897356905,0.0,0.0,0.0,0.1526149931692361,0.011146012994127834,0.13524468868922218,0.0,0.0,0.0189402721797767,0.16701414079192253,0.0,0.11391681875464117,0.0,0.0,0.3993182428276457,0.0,0.22345337027840284,0.0,0.08148959159334537,9.746972510616303,0.0,0.0030291052459325675,0.18684348231195466,0.0
0.0,0.09257918900285675,0.0,0.0,0.0,0.23643776880675227,0.0,0.0,0.12307128846052313,0.0,0.2078544744070206,0.1821201811408047,0.11292285735641451,0.335961956535398,0.0,0.0,0.0,0.26760581887758544,0.0,0.05820341924469328,0.10644944980042288,0.0,0.0,0.0038464101067913906,0.0,0.0,0.0,0.0,0.0,0.0,0.15522590302104813,0.0,0.25610687094527174,0.039932284763935566,0.07166388411125756,0.4217736813204339,0.0,0.16298004726678156,0.36220465117902795,0.0,0.0,0.08629611745238877,0.0,10.066970233358202,9.985247124864538,9.876148719324979,9.784169124961362,9.683380532683339,0.0,0.0,0.031279466290266206,0.10889117081663688,0.034169670663093815,0.0,0.057329793786304976,0.0,0.03564523436218985,0.09622752994785906,0.0,0.0,0.41711570469461423,0.11736279375609715,0.05731867548167743,0.0,0.0,0.08017058785002082,10.76809507560401,9.855415061377679,9.855415061377679,9.649439522384233,9.720784073635604,9.695950205649678,9.855415061377679,9.930417146685842,0.0,0.030258132382211606,0.0,0.14679680794896213,0.06553031305264918,0.0,0.03523657481113985,0.017047682696519822,0.3830288321734348,0.28272348889821197,0.0,0.1649851861311183,0.0,0.0,0.1228108968573888,0.41153986322220976,0.1183856191587863,9.848921366322513,9.797544459900816,9.995717763797987,9.924974329428883,9.891442491120069,0.09142888895983596,0.0,0.0,0.0,0.47426373008836614,0.038027462298448646,0.0,0.5925960198685115,0.0,0.0,0.0,0.0,0.0,0.0,0.0,0.0,0.0,0.15587001694691688,0.01650457211903392,9.855415061377679,9.855415061377679,0.0,0.017427502838540027,0.060549428706610425,0.0,0.0,0.14692593341769222,0.0,0.0,0.31131628839350506,0.1441959357693606,0.0,0.2501656776576462,0.0,0.0,0.0,0.04127591064107282,0.07940040371249973,0.0,0.08077244611470799,0.0,0.3177175403758334,0.08497096554178915,9.94905683736825,9.883272398009655,9.8776638398124,0.0,4.36776109493913,0.09441073706608524,0.23752703468918338,0.28104887840675535,0.0,0.0,0.0,0.48362917022736096,0.04191672587191205,0.0,0.0,0.017466423935806493,0.0,0.0,0.0,0.2344376389151189,0.0,0.0,0.1989259581981005,0.0,9.855415061377679,0.0,0.08838964352115196,0.25122548906494535,0.2090402041210322
0.0,0.0,0.0,0.10235900464489743,0.03076135864229014,0.0,0.0,0.21576702109964413,0.0,0.1524758078742747,0.06652780971974004,0.11389839064277989,0.20635110664780879,0.0,0.0,0.5424813706717536,0.10791032353857072,0.1273320239699059,0.06606423723929544,0.14216438017683766,0.07730022699627692,0.37865666203982645,0.035838232947455105,0.0,0.0,0.0,0.34529474097598256,0.1976186311689684,0.11304046623023248,0.0,0.0,0.0,0.0,0.037714848748854495,0.0,0.07299483855405349,0.0,0.20772687628484912,0.0,0.05534735804176767,0.4661151778367198,0.0,0.0,9.982216187869135,10.058727245273232,10.058727245273232,10.058727245273232,9.83220669290706,0.4320863894032244,0.0,0.0,0.19149895842896295,0.0,0.16036167282439778,0.0,0.0,0.0,0.39358663769573193,0.0,0.0,0.059695544488188944,0.0,0.0,0.09728970171903283,0.20227518781266743,0.2697709622094965,11.541083212361025,10.287971611693655,10.244536369071747,10.190323276053954,10.156760359094124,10.055784508833316,10.180212970586194,10.03495463243909,0.0,0.1022849772265115,0.17669755167230908,0.0,0.06734614771008134,0.01631469274127177,0.0,0.11407811404315163,0.0,0.20499854256470432,0.1912765931010984,0.0,0.10449509264410581,0.0,0.7047382086227163,0.2631096144593109,0.0,9.927784553259409,9.941652005526324,10.058727245273232,9.998002380514428,9.957932226096007,0.0,0.20677479249747163,0.40856183996698886,0.0,0.01990572936050557,0.03147892992239543,0.21671629326935035,0.0,0.29974336148243236,0.3924527792432051,0.2121512223847513,0.0,0.10103792535914662,0.35542630688468546,0.3775247413337978,0.062331456040700124,0.15294921391416005,0.0,0.0,10.164688205471437,10.158964521283487,0.1349577515942683,0.0,0.14432631087343858,0.0,0.0,0.2446321455012011,0.0,0.103323130993476,0.05745785595345708,0.0,0.0,0.0,0.0,0.0029826001719162353,0.0,0.3177311329184154,0.2694503054887067,0.0,0.29062036958771037,0.0,0.39411153811755545,0.0058170947663236435,10.264792087396426,10.186295557495235,10.061157309532431,0.21110651355416574,5.085651204483769,0.0,0.23522963883673936,0.11648820343113449,0.0,0.07968074718073784,0.0,0.25991415497164166,0.0,0.0,0.12478702637597273,0.03384112595618557,0.0,0.02478273220397979,0.2878827848723274,0.3774702921205282,0.0,0.0,0.089197182457715,0.0,9.918350428257913,0.1609388094127678,0.0,0.02252889318402604,0.0
0.09687298374347962,0.39547220357291635,0.0,0.0,0.1898897748311669,0.03198921773878181,0.0,0.033862284017163916,0.0,0.24783142693172383,0.1799782192619805,0.05893046028219151,0.09579643804517876,0.16546247596523792,0.11892171328838672,0.0,0.09552524244233716,0.36530323475364296,0.0,0.0,0.05036335267314409,0.09830567995758135,0.5936717503780748,0.1559263067591826,0.0,0.0,0.0,0.0,0.030668081138437074,0.0,0.0,0.0,0.0,0.0,0.19490238261604376,0.06169819202975836,0.0,0.0,0.1027756485468353,0.11204887303660607,0.0,0.0,0.0,9.782882631430931,9.84842800944247,9.839459837731964,9.923772227785452,9.901747537614032,0.07609822641318684,0.0,0.1599882112274057,0.0,0.0,0.0,0.15560704394900343,0.0,0.03866106351721505,0.0,0.0,0.0,0.0,0.46491765252184947,0.0,0.0,0.21654808010667154,0.0,11.290845749800958,10.00629979701477,9.95397740640405,9.872835021408328,9.544200058960133,9.81493628699777,9.699839875958412,9.638440246343432,0.019318841339154638,0.0,0.169086104258218,0.006419845071542588,0.027567477089140188,0.16643450699071194,0.0,0.0,0.018100709122868368,0.07581657762850845,0.07329929375798226,0.0,0.13827968218430528,0.06963148181460899,0.0,0.0,0.0,9.84842800944247,9.84842800944247,9.790481595812418,9.84842800944247,9.813963132004078,0.37482194046578027,0.0,0.0,0.043777462045173236,0.0,0.032904970005376136,0.05206162289605301,0.15267411486431348,0.0,0.15437259807651282,0.0,0.0,0.0,0.0,0.30365857013801656,0.0,0.0,0.0,0.0,9.970763303956742,9.862816958215753,0.3618880327707951,0.0,0.2549539211138797,0.0,0.0,0.0,0.06329053887933252,0.21692961462061172,0.0,0.0,0.0,0.0,0.0873048863324593,0.08059174024850979,0.1436471469678174,0.0,0.0,0.0,0.012398062580170632,0.07169202092045643,0.0,0.19739647726816545,10.151980340300813,9.936447873209433,9.87568734305994,0.0,3.909067616985694,0.2432968419628657,0.2601905123505318,0.009961697635866448,0.0,0.0,0.0,0.06025623059727663,0.07147059746152419,0.0,0.0,0.0,0.0,0.15670846587919882,0.09132577988864332,0.0,0.40428020265407705,0.2596704708471933,0.0,0.010548550350099762,9.84842800944247,0.22977309174647764,0.056428704203625994,0.1749356810784289,0.04486404837423332
0.0,0.0,0.0,0.0009376159284005735,0.015310139045689376,0.0,0.14469636721598933,0.0,0.0,0.0090484537840439,0.0,0.0,0.1370178797576237,0.35257222815948064,0.0,0.0,0.08746954024739391,0.0710945062909969,0.13566752041191596,0.29218913612704095,0.01780711104653151,0.21989933523089245,0.0,0.0,0.016343999573694486,0.1759634216497191,0.0,0.0,0.0,0.0,0.027428979832972704,0.201226022209145,0.0,0.0,0.0,0.09586097357137369,0.4894064733776563,0.25263372197977074,0.049113857168506414,0.13942602924562975,0.0,0.25838543933797387,0.5223771721350614,10.544631010823428,10.402489865031392,10.137443456233681,10.231390515375027,10.246995714514922,0.0,0.2583200310856434,0.0,0.10900804669559128,0.0,0.0,0.0,0.0,0.21643988277815449,0.0,0.22358369770200082,0.06807115052880774,0.2832613254721248,0.0,0.15999478418545857,0.3447963340643281,0.2938870056905903,0.0,10.909881803653889,10.04649008028982,10.04649008028982,9.956412947609675,10.04649008028982,9.829997043334007,9.680269511611366,10.094727763679664,0.07152737602843659,0.059122909789359496,0.0,0.03441180704694944,0.019504158655881804,0.0,0.16755828898267955,0.0,0.2695510815858685,0.4005241609397941,0.0,0.7174184323418695,0.2955346107768465,0.0,0.1588241001008358,0.38831861489405783,0.09492418260905114,10.184699420725867,10.143041720570091,10.406347453451554,10.03332814074638,9.995440188000478,0.0,0.37315369131514114,0.0,0.05879327721513429,0.0,0.0,0.30618413361614244,0.0020183518048962957,0.0,0.0,0.0,0.3789145581638906,0.01171594113799196,0.18302086118143376,0.09718944590744422,0.0,0.0,0.25334421939411533,0.0,10.04649008028982,9.956396047962995,0.0,0.10917043072025368,0.0,0.0,0.0714886199633919,0.0,0.12751910611489237,0.0,0.12305985273772616,0.06240529084551591,0.0,0.0,0.0,0.0,0.25914439574241227,0.0,0.0,0.23153479495417836,0.0,0.0,0.0,0.29361631635207963,10.208019735756956,9.888372324689286,10.04649008028982,0.0,5.778460174139194,0.0,0.0,0.0,0.10351041570121221,0.31529082632441136,0.0,0.2199806758925132,0.0,0.0,0.1261617285552167,0.45615725618020686,0.10077775774882684,0.0,0.0,0.0,0.0,0.2091209138107267,0.0,0.1497905805356308,10.028001385368995,0.0,0.0,0.12451542524125352,0.0
0.16062311744549707,0.14459190724425014,0.10764798365383502,0.2370328383856308,0.1480162674239358,0.0,0.24334695267291387,0.09005475970740771,0.0,0.5510045775386895,0.35660110244548493,0.37053292946163285,0.0,0.0,0.005386262331447567,0.0,0.05394336714843434,0.0,0.0,0.0,0.03932728443947892,0.0,0.0,0.03149309938879226,0.004807805713696487,0.0,0.14296138157296048,0.138513674135899,0.06992699189034225,0.0861253404211784,0.07068903240233644,0.27120365108572486,0.0,0.08683194160419926,0.3066782518535351,0.05481363765992314,0.0615389114189831,0.3550042857865776,0.0,0.16046986981799752,0.0017994941675345702,0.0,0.0,9.899811116624749,10.096909165543,10.096909165543,9.906576436629965,9.879431728631186,0.0,0.0,0.10402773346280622,0.0,0.0,0.2054641171604626,0.0,0.0,0.18283095990161574,0.0,0.4493557358035477,0.0,0.1899111806983712,0.0,0.19229296504836982,0.07301067633455337,0.0,0.0,11.310948651113934,9.93406578936351,10.164495246903396,10.187014163716416,10.212382017545051,10.09063977999563,10.182847880104164,9.855327594405162,0.07162514885587179,0.10770842534931642,0.0,0.0,0.0,0.26977615910160635,0.0,0.2809496577696513,0.19324763912476273,0.0,0.0,0.0,0.06793883757538495,0.36980213879512314,0.2284356741581983,0.21853377314688002,0.0,10.096909165543,10.096909165543,10.05946193318177,9.90421682007535,9.96164607159288,0.0,0.06796864576961914,0.0,0.0,0.0,0.0,0.0,0.0,0.0,0.0,0.2596290918582419,0.25393862179128773,0.0,0.0,0.010645672175033795,0.0,0.0,0.19906256252383292,0.16708648120969696,10.18629524168558,10.23012774428159,0.0,0.2667232985885043,0.0,0.29958363379988956,0.05426937653351726,0.0,0.14725551160290093,0.0,0.1306827117534648,0.09157478531853247,0.0,0.0,0.0,0.08257261403445397,0.17378824647324057,0.1423135152800779,0.047742145425757596,0.0,0.0,0.0,0.20097863286153952,0.0,10.184262869900309,10.243108614676798,10.224312545908537,0.0,5.217263977231484,0.0,0.4015644938474227,0.06368246588133956,0.2811302351563817,0.35525908980300946,0.0,0.12872903179129133,0.0,0.0,0.0,0.0,0.18077702074288018,0.0,0.0,0.0,0.0,0.0,0.0,0.07708929141093426,10.096909165543,0.0,0.05560692281799261,0.06513398713053002,0.0
0.11819881942620457,0.22384558186158773,0.09101532754646437,0.060453551498724334,0.04708125929620712,0.0,0.0,0.08269519527334487,0.05977552737721138,0.28427019787449503,0.08316379808145696,0.0,0.0,0.0,0.0,0.0,0.14009551498093076,0.16783234640962214,0.0,0.22563960270057362,0.2686895242510302,0.22353351384458073,0.0,0.0,0.0,0.0,0.1802712928547531,0.0,0.0,0.3400628640821079,0.20672188623017437,0.0,0.07906128406909822,0.0,0.0,0.0,0.0,0.0631166936204074,0.0,0.0,0.0762439772971149,0.0,0.0,10.12901710033362,9.94207847174518,9.989291821503684,9.87605827974411,9.862257569653508,0.0,0.0,0.0,0.0,0.0,0.0,0.0,0.0,0.5578378691424175,0.17678155857209726,0.0,0.0,0.19282824545137595,0.05075004417191311,0.0,0.09423308678926627,0.0,0.0,10.534571326855794,9.9092518232826,9.885938702083116,9.716180426629021,9.9092518232826,9.731857542355597,9.781432301247055,9.894553868206657,0.059861301677665485,0.015549706882096007,0.0,0.1311770603828726,0.0,0.3255877011087099,0.15656738334550221,0.0,0.17054628662767723,0.29328283645243347,0.0,0.0,0.08499095020172384,0.0,0.023468603475764595,0.018990932537296168,0.0,10.042590802934011,9.818584511590704,9.666538723412176,9.905896491078918,9.922229137854462,0.19913630087463985,0.0,0.0,0.0,0.0,0.0,0.10759094117820957,0.03450293202113505,0.23909828583663884,0.16217939434647125,0.0,0.0,0.0,0.14209592819832548,0.1710866526063352,0.12999095722918516,0.0,0.0,0.5704187726357302,9.828165301144024,10.023322725451948,0.153678980227482,0.0,0.0,0.005359503414005434,0.0,0.2705961505676657,0.0,0.0,0.0,0.14855904954791535,0.27516186069872,0.0,0.24506526050000776,0.18939369317103563,0.0,0.0,0.0,0.0,0.09452792028972376,0.14302539991868782,0.0,0.0,9.9092518232826,9.793074566710347,9.875069860399027,0.039381435930792304,4.4347026813424035,2.8985834907616463e-05,0.0,0.0,0.038908937742133096,0.16525176044477974,0.0,0.10786375342276172,0.0,0.13751149379795052,0.03428081919118867,0.18454329685643187,0.0,0.0,0.012524884107567542,0.0,0.0,0.0,0.0,0.0,9.91148076577343,0.1759641604516954,0.0,0.0,0.0
0.0,0.09574262273981213,0.008519491611916088,0.0,0.0,0.0,0.0,0.0,0.07158091568121475,0.24527859592942858,0.08288746720298971,0.0,0.3100297244157593,0.15179004520407854,0.008581491875603219,0.014086346485387721,0.2707042961686893,0.10410930041962126,0.20024266583767106,0.0,0.15774953523578525,0.0,0.2338024598685071,0.0,0.09503589850648518,0.0,0.04476718167593488,0.0,0.0,0.31315628469281037,0.34013631018746243,0.4006257837795665,0.0,0.0,0.29024757730339795,0.20015009277514184,0.0,0.10149757930428117,0.023634028504580018,0.08336138936943417,0.2730285110832457,0.0,0.0,9.824025870724835,9.929409275768219,9.929409275768219,9.794463489872172,9.72132015262873,0.06303281419598691,0.0,0.032084883764548384,0.0,0.0,0.03528082066616109,0.0,0.0,0.018800464300535908,0.08686264802405244,0.0,0.2808255705011432,0.0,0.0,0.0,0.0,0.24757635145775464,0.0,11.318425677014186,10.016604660811186,10.074856828254108,9.988232192039657,9.88288169351418,9.969513170547872,9.929409275768219,9.550710546880829,0.26507183969039444,0.32554073632954905,0.07604473557618913,0.308212915445781,0.1044365182395386,0.11848408865850404,0.15404434356452484,0.0,0.3285996869678085,0.04290942122364818,0.0,0.16442376411316809,0.18319123643137078,0.0,0.05013917391514507,0.0,0.0,9.867460543612868,9.960461080564505,9.929409275768219,9.929409275768219,9.929409275768219,0.0,0.0,0.023484927046689436,0.5259910937978631,0.0,0.0,0.1365266825408583,0.002941562315668678,0.011351646335047053,0.0,0.32719747773497815,0.0,0.0,0.19977871948558562,0.0,0.0,0.008643446068531666,0.0,0.2294848525598463,9.968534671273712,9.690059524901546,0.08894755973210214,0.4339057396039571,0.058632540611038536,0.17436456149437024,0.050409127932908686,0.0,0.32145949024866294,0.2772666518598057,0.0664718553054705,0.0,0.036103035576320795,0.0,0.27383709428411773,0.03538013141200303,0.4735047325066598,0.0,0.007097685315695205,0.0,0.0,0.07115844891304747,0.0,0.0,10.207298939915598,9.857557341733155,9.999367844156705,0.13334873783003895,4.702435119171461,0.0,0.031980009421766716,0.037741846036754075,0.0,0.15779484156005805,0.300459285644363,0.38605394302389684,0.22256644811906118,0.13362067287830914,0.0,0.10833348199984509,0.15011762538332968,0.0,0.0,0.03122283120736806,0.05277991151068177,0.07743153842523215,0.0,0.12278002401845764,9.547486339506277,0.144360545913971,0.03831545664707601,0.0,0.2902320798082296
0.29206464417190114,0.0,0.061492563809215764,0.0,0.14582489579911875,0.0,0.12333471157720768,0.0,0.0,0.0,0.0,0.021628963517225836,0.0,0.0480968920137438,0.12472279061035696,0.0,0.19112244371600462,0.026761681179740555,0.08908020558285379,0.0,0.21159637345883056,0.0,0.0,0.08304393336705053,0.3052692667345415,0.08167015250366753,0.2436354873404683,0.18321567289113755,0.025507307759411655,0.15101697852067664,0.0,0.0,0.09153145294372977,0.11241759192631197,0.00867045559052202,0.0,0.004418585656335337,0.16352347335333733,0.0,0.1161441719372649,0.0,0.17850650344652036,0.0,10.700428106012884,10.745924323772497,10.564374015422306,10.349253685731723,10.440487082765285,0.0,0.0,0.0,0.0,0.0,0.0,0.15006041156503463,0.3312314881236641,0.0,0.18622680734079958,0.10666020947290908,0.3236779333340988,0.08681926685112745,0.0,0.0,0.0,0.031397634375829264,0.0,11.130041968816005,10.413300206229234,10.413300206229234,10.413300206229234,10.413300206229234,10.413300206229234,10.413300206229234,10.413300206229234,0.0,0.03601313761642179,0.011880865249924977,0.04859793998637504,0.29506476392485775,0.43717072190675255,0.016093359769221643,0.06147280141993683,0.0,0.0028132956899009714,0.0,0.0,0.18867186220357435,0.17519673700772698,0.0,0.0,0.08243040970905721,10.338638878722076,10.565497399187961,10.3399806168343,10.153034985981577,10.19002451012359,0.2849693770682179,0.14380422598412976,0.16207421411494186,0.0,0.056939230037926586,0.0,0.0,0.22385401012837525,0.1709282576330804,0.1653260974256249,0.016540191932525553,0.24631681867937247,0.0,0.07838930156208347,0.07851975058170893,0.0,0.0,0.2910607621891169,0.005131679922181737,10.413300206229234,10.308618493394254,0.055974856589822396,0.0,0.0,0.0,0.12058376981463981,0.0,0.0,0.16452987408239977,0.09523410777344815,0.06967985699742828,0.010254195531061544,0.0,0.40453795440283996,0.13006200685436456,0.0,0.0,0.2783616997352366,0.24867869053292332,0.0,0.0,0.0,0.0,10.225775183695651,10.365287498033343,10.413300206229234,0.17851514634900167,4.392090028700544,0.0,0.0,0.0,0.0,0.14682924401435182,0.10617132455811805,0.0,0.05669816625224367,0.3034069901406811,0.2569697164824988,0.0,0.3938984737198122,0.028663110640372136,0.0,0.04547900685174921,0.0,0.0,0.0,0.0,10.703950962448925,0.028890294679156332,0.1858583993492116,0.0,0.5199620535445741
0.32261283327170237,0.1546498422277475,0.033927580657241926,0.0,0.1782892736268035,0.1054928258952951,0.22209843469270035,0.0,0.10501766610158451,0.07045654321480453,0.0,0.13509621927916815,0.0,0.02937470850866722,0.19507643828202886,0.0,0.22086519400121357,0.0,0.0,0.0,0.13437601055929876,0.0,0.10797004496094895,0.0,0.0,0.0,0.5387103339654082,0.1730090366082467,0.0004962098932664647,0.0,0.0,0.37528717727995187,0.0,0.0,0.0,0.19682733986824189,0.0,0.0,0.3738009205134265,0.10500347762065095,0.162953818907892,0.12382436166975068,0.0,10.073142114512665,10.125868021292222,10.125868021292222,10.175990067898844,9.968163531307475,0.14517234008087646,0.35448665086360376,0.0,0.0,0.001596946537057057,0.0,0.08692512271344487,0.15737401121848169,0.0,0.0,0.07046600618096945,0.0,0.05927713169598509,0.07196698290024765,0.0,0.0,0.0,0.015756219468830285,11.443267428745859,10.43523338022443,10.236454196051398,10.252242500788773,10.125868021292222,9.994902535221005,10.171229568892679,10.144591766014848,0.0,0.0,0.05536620148709925,0.0,0.03547493337952919,0.0,0.0,0.0,0.3055779318378992,0.05967457540067522,0.0,0.11231813254786074,0.0,0.2303111926732347,0.16229951727990527,0.0,0.079912521687752,10.125868021292222,9.93223330970931,9.629766164081845,10.142246261157325,10.16623792148064,0.0,0.0,0.0,0.0840181907773835,0.2839211459856169,0.38410064697488816,0.22437627907337357,0.0,0.0,0.18620769950028515,0.0,0.0,0.023846942507355254,0.023169666700880498,0.0,0.05987186269407169,0.11186708676846584,0.023328346912069864,0.0,10.158469716395194,10.12132501035026,0.0,0.2009898437941102,0.0,0.0,0.36063615010893263,0.017779145608033856,0.31815725866279676,0.2805391085559489,0.16482348070064218,0.0012516213493788946,0.0,0.037932663354805767,0.10944913809839753,0.0,0.1682592825152861,0.14083276763528801,0.0,0.06766759760234956,0.0,0.26041701191685235,0.11503591233195927,0.28346580914846065,10.305127711846412,10.137359819129706,10.084638283550653,0.2955988834420412,4.061820092783909,0.023405333901272897,0.11700361253119636,0.0,0.17158876798192751,0.13189807383356408,0.0,0.08034699628114347,0.0,0.0,0.3819526456035285,0.0,0.0,0.0,0.08676361722089963,0.23756716803094946,0.0,0.0,0.0,0.43925502976640357,10.07508862182001,0.0,0.0,0.0805671338550204,0.17710334703044417
0.0,0.0,0.030375805928086596,0.0,0.0,0.0352802005566829,0.016472493212843088,0.0,0.0,0.0,0.4832494332187113,0.22490460828203443,0.04177835238585324,0.0,0.0,0.11031197485895977,0.06303973807176508,0.0108920969829294,0.1369043061318128,0.0,0.014650545051798112,0.09513091350264269,0.0,0.0,0.0,0.0018099661448932817,0.0,0.0,0.40960220568638644,0.11923369643638201,0.2357575917876421,0.08552853457993062,0.0,0.29517734412323077,0.10704771550111816,0.0,0.3070713889635955,0.0,0.21782754976143776,0.07561682382248383,0.0,0.0,0.07604055864139775,10.502821586540009,10.482235583817612,10.53306347946303,10.655095041102236,10.262910024587196,0.20799496414430937,0.0,0.14088045721046358,0.0,0.0,0.0,0.0,0.0,0.0,0.016508364612993733,0.1697433881484944,0.22249012937839946,0.18526215306766095,0.0,0.0,0.0,0.031179432626462444,0.32468126312491136,11.548488595179013,10.008399254470413,10.482235583817612,10.350375492012121,10.40641315577196,10.277330293363022,10.4553399082297,10.288991923449307,0.0,0.2301775508700292,0.06772268657292285,0.11542847257290534,0.28236216764541144,0.056961086638182314,0.0,0.03144394292492813,0.0,0.17002002239435676,0.0,0.022710468810090388,0.010792303172494168,0.0,0.2709079818077432,0.0,0.021953233082560523,10.488151772195561,10.314017483365685,10.535947523944005,10.288008441327879,10.482235583817612,0.0,0.0364993793795747,0.0,0.23630203962874216,0.0,0.015325996100363826,0.16931842601941732,0.13112965916618802,0.0,0.030552099618614045,0.0,0.0,0.008899279683340613,0.13536889645496258,0.0,0.0,0.042212012766888955,0.0,0.1762694050665425,10.482235583817612,10.482235583817612,0.0,0.07806840772833824,0.05040966004688709,0.0,0.0,0.32880975179844557,0.24342035643034035,0.0,0.0,0.0,0.12832112090976375,0.16106049090037416,0.18428518706787284,0.0,0.0,0.0,0.3800300475130868,0.10760374909250431,0.18822669647716525,0.09420711504951872,0.0,0.1424394105878358,10.522134616510534,10.725193124250607,10.639464529520481,0.05828161831931747,4.649166265655435,0.19719694901891385,0.27320675123501625,0.049243195834574045,0.0,0.0,0.31920158378823593,0.0,0.12149116783869054,0.22908520412156674,0.0,0.3990042830149194,0.0,0.0,0.0,0.0,0.28763118747113947,0.0,0.0,0.0,10.84077731551174,0.04147853806869416,0.11841533378617716,0.04203665073863517,0.0
0.0,0.12469552743532752,0.0,0.0,0.28871426902442,0.08860176043082742,0.1470889563017457,0.19066913728880616,0.22919941193217352,0.042287146395203236,0.041012849469946905,0.05793627400005219,0.23197164162299316,0.2575284810736037,0.0,0.1258754602268358,0.00835416372096327,0.0,0.3295013054027202,0.1175012766422926,0.0,0.05541857331442833,0.0,0.007550807077125072,0.25628951528880667,0.0,0.0,0.0,0.0,0.28774617658320695,0.25531805165360966,0.21336910739451015,0.007779529542127897,0.16158823420654408,0.2411923515391573,0.0,0.0,0.14013943029618037,0.15855512536424202,0.0,0.0,0.0,0.12860802927234005,10.059920129444663,9.987241998553358,9.803460629445304,9.987241998553358,9.955473864212259,0.0,0.0,0.0,0.1747715469289009,0.1446327152526997,0.0,0.1965247555683533,0.0,0.09370669065960618,0.055339377699050854,0.026321581009714174,0.0,0.07713891639922527,0.07614999743025398,0.0892551596374882,0.0,0.0,0.0,11.332935851592406,10.053059491949334,10.177810045923623,10.18423182901554,10.036420679568733,10.125350200317381,10.100321743065702,10.09744617485669,0.06859050794961566,0.0,0.3064970706712063,0.17656198779009474,0.0,0.0,0.28957846584700936,0.20573935775108415,0.0,0.24824917322369008,0.06035342508045244,0.07588228018605708,0.20547847837003125,0.020980794474499756,0.12568332604914326,0.0,0.0,9.939357779578454,9.974101149425325,9.856018889517856,9.987241998553358,9.748458022996516,0.036129354351678675,0.0,0.21673809787869602,0.0,0.3027269095619509,0.0,0.0,0.0,0.0,0.0,0.14236405441789446,0.004410465230553397,0.0,0.0,0.3272065166847562,0.134134101676818,0.0211865871927402,0.04945117705147077,0.0,9.62719922498884,9.869058497201907,0.05760932260378211,0.0,0.0,0.0,0.119195983406487,0.0,0.0,0.25911198572177885,0.0,0.025118767506257078,0.0,0.023179783825901076,0.0,0.17820938505173525,0.10097564969327408,0.05554440041909686,0.13559571458963438,0.38129933185071807,0.018881824378713254,0.0,0.22535695955512566,0.0,10.17908857446345,9.923809821204177,9.987241998553358,0.0,3.7575925756021546,0.0,0.0,0.0,0.18930462146822158,0.0,0.0841966133652646,0.2695145519030122,0.0,0.0,0.0830815979102412,0.056016674013394684,0.1341069807644619,0.0,0.04901372454671712,0.0,0.0,0.0,0.20954076051142187,0.0,9.987241998553358,0.0,0.21631024905572196,0.0,0.03019880125170987
0.20286586399769505,0.0,0.1287180781075082,0.0,0.0,0.0,0.0,0.2261956841299571,0.0,0.1088015256333118,0.0,0.0,0.11188740595036577,0.0,0.0,0.3729426196981796,0.26007742732619793,0.4144918259566739,0.08722076905903428,0.1464042274320105,0.08253427047178322,0.17561714374702364,0.0,0.0,0.0,0.0,0.24219097012318813,0.18300926034958875,0.03670882813936654,0.07100669089289771,0.0,0.04667189221272117,0.23266595790750313,0.0141753842224264,0.1085429455863476,0.0,0.0,0.2421236165305307,0.0,0.2097570951767932,0.23468155489375578,0.31753874249881464,0.03326503315119585,9.942385104641486,9.828312725653078,9.953641616509096,10.013711045566652,10.048252973452799,0.0,0.0,0.31790585289644596,0.0,0.0,0.0,0.0,0.171395456688935,0.0,0.0,0.0,0.10312000377019119,0.0,0.0,0.12621717507662325,0.0,0.0,0.0,10.909406991570584,9.765664112388238,9.89574962801471,9.951963213324357,9.953641616509096,9.953641616509096,9.97539210620601,9.890283343443617,0.060014753233408505,0.051908350388447246,0.05646018851370208,0.15572963207998486,0.0,0.0,0.0,0.009392420214397594,0.1472853947467246,0.0,0.14019879461725016,0.16033537597516417,0.0,0.37468562416288154,0.05577729174723184,0.12077451287178664,0.0,9.997476958911632,9.539135809038223,9.942027074853968,9.996387991386433,9.702262661801667,0.15068350774648614,0.0,0.0,0.13645342726651705,0.0,0.0,0.02233854806591545,0.26218640882884564,0.09357059818100169,0.34674492858775136,0.17873561872766858,0.0,0.0,0.0,0.0,0.14912914233303629,0.0,0.23564858554629703,0.0,9.896080908199275,10.015966412050645,0.3125154858561936,0.0,0.12944765130066124,0.0,0.002706433762578145,0.0,0.17425654180620867,0.0,0.22621392589401818,0.0009732210077806819,0.0,0.18159037112020526,0.0,0.0,0.0,0.2910187150238889,0.3688889197206945,0.28217569848073165,0.15221483608045275,0.2545693766479652,0.0,0.0,9.896161319567929,9.945882166403658,10.018578432410592,0.023977547398333358,4.936609992903494,0.1951421039105523,0.0,0.0,0.0,0.0498629514535945,0.0,0.029103877624822066,0.0,0.2447036871647058,0.22125121718945978,0.4377038510971228,0.0,0.0,0.0,0.04924664576432466,0.1648993157267625,0.09589543186152404,0.0,0.3046060111874198,10.14474004821517,0.12972662563577625,0.014962521807322982,0.4966408094547797,0.21148327397320196
0.18070362595351822,0.0,0.0,0.0,0.0,0.2233179510576204,0.0,0.3142258175012157,0.0,0.02506811950666831,0.17924648880758118,0.0,0.1074426984215553,0.05823829929298409,0.30300961914782026,0.0,0.15968370407328691,0.0,0.3771842970075441,0.07327033627166817,0.15399687741408172,0.2143801883223901,0.0,0.18712414649338188,0.0,0.0,0.0,0.21654550627295738,0.0,0.035099158018246236,0.0,0.2415780922551701,0.0,0.06209972491484893,0.0,0.00021356320517438497,0.15599675355239268,0.0,0.0,0.4101138318307047,0.33549792415105784,0.0750501598037704,0.0,10.253127677198265,10.27503298460309,10.135404180740302,9.755988517187946,10.108771537660607,0.14846910624515458,0.3472564155522944,0.0,0.15370422972993822,0.0,0.0,0.0,0.20001528352522524,0.07021881906121434,0.16594370780570608,0.3074553182463978,0.0,0.299965889143392,0.0,0.22781747275059247,0.1246024630244207,0.017115666693372625,0.0,10.588674253069401,10.108771537660607,9.868304235126674,9.832183835964708,10.117121558261562,9.963016923357873,10.116287913389788,10.128532283432817,0.0,0.10695354891884239,0.01745858755609641,0.0,0.210322094202667,0.07886122922165781,0.0,0.0820815460115605,0.0,0.0,0.25804471928043576,0.21046225277493028,0.0,0.0,0.0,0.027006920958528816,0.0,10.159879017319742,10.209271737298813,10.042679045858202,9.804743137873944,10.119362421209095,0.4085431757918376,0.097892999145228,0.20683641472597347,0.0,0.0915690119835969,0.1001092194670868,0.0,0.42156918219182987,0.0,0.0,0.05681973828414143,0.0,0.0,0.0,0.127910788772624,0.035441775490966464,0.0,0.0,0.27382213866523675,10.062057082259152,10.095940328646002,0.11990530909651977,0.3610098628248246,0.0,0.0,0.32237391522725745,0.08715044539674639,0.0,0.017297162048467422,0.20430024334546867,0.1416046415469481,0.3409966497728805,0.13327828108755307,0.2798237697403628,0.017717628935931966,0.1613306951405746,0.0,0.26581835245006896,0.0,0.0,0.0,0.13849349128307206,0.16507905309584275,10.16829548307852,10.15926748456365,9.846684014182607,0.3111538876506893,4.743331154364201,0.0,0.0,0.0,0.0,0.0,0.0320234022823277,0.0,0.0,0.3985376806999346,0.0,0.0,0.0,0.0,0.10120663811714307,0.0,0.5471091959787884,0.0,0.0,0.0,9.919142814063289,0.0,0.0,0.05811757072546945,0.16521413501541085
0.0,0.3013209057919954,0.01273992001306359,0.07673411198986137,0.1900367817909111,0.0,0.0,0.0,0.17827534741309356,0.07689725578624818,0.005008988993523859,0.06745160778633164,0.04786544985157789,0.0,0.0,0.14139699325331628,0.27742235764018086,0.1663917665773254,0.0,0.0,0.0,0.2737859646036737,0.028004037407888878,0.5876868000843721,0.025670659142699268,0.037451428404426945,0.0,0.19067336654327902,0.08833335093485671,0.0,0.0,0.16073750054502153,0.0,0.21835877261803854,0.0,0.0,0.11418600309833554,0.1260550868660384,0.17290056379805965,0.22272746911301,0.0,0.0,0.0,9.807299113345852,9.936281364600429,9.936281364600429,9.924561421905228,9.92444004748175,0.0,0.0,0.0,0.32320949246717007,0.0,0.0,0.0,0.03728399190530036,0.0,0.0,0.0,0.322146033280213,0.2669127463891677,0.0,0.0,0.0,0.06604959592795703,0.09401865014155213,11.13112691408664,10.298297423877994,10.348642200901628,10.069506177351839,9.946671509182156,9.967942230400121,9.86008897407472,9.807710134862592,0.0,0.0,0.0,0.33232847554267764,0.26989580060632995,0.12993727984484657,0.0,0.14280891313126465,0.46374540165086087,0.0,0.23766234418133347,0.0,0.12478409759094126,0.05446459904055071,0.030635610292072225,0.0,0.0,9.936281364600429,9.867335468612522,9.936281364600429,9.936281364600429,9.936281364600429,0.0,0.0,0.21289576364752913,0.0,0.18523813240568007,0.0,0.0,0.0,0.0,0.0,0.3007258566781753,0.0,0.23399516964621686,0.48884493002792506,0.0,0.0,0.0,0.0,0.4886665947084409,9.932907392634938,10.01538316942752,0.11787372077982804,0.12327324258369114,0.0,0.0,0.0,0.08455878004239704,0.0,0.0,0.21772921394603922,0.03314409628811392,0.0,0.04905875434022525,0.08376744617002883,0.13903170188246955,0.2569952202445252,0.0,0.1551440084447637,0.29407570135283173,0.0,0.0,0.0,0.0,9.892706968301708,9.979139463825721,9.9894526668842,0.0,5.492309267000759,0.11487172926791503,0.07625168370681219,0.0,0.2788386680151492,0.25131662581943515,0.09921751525231345,0.0,0.21269791407123978,0.08810954803999703,0.36935975448432834,0.0501615331937174,0.0,0.0,0.0,0.20616773836175814,0.0,0.0707557226495084,0.25013275609174146,0.0,10.02265340378546,0.04995974460435472,0.0,0.1644632926486433,0.3121721678427631
0.10612317148009719,0.029683023107174557,0.09392572326605256,0.0,0.017029149586942627,0.1376222348903809,0.1635249180403342,0.05490014996722904,0.1332060809038942,0.0,0.0,0.0,0.09145441236683023,0.0,0.0,0.2818517771456203,0.0,0.0,0.1523537402066981,0.0,0.3567684291119689,0.37579452951669995,0.15537948641987126,0.0,0.0,0.043133810635832145,0.29639505020227497,0.0838038142476401,0.2997714892660644,0.0,0.11728782078456156,0.11597074328423847,0.18410851901986827,0.0,0.0,0.11526933288641211,0.21510313859126798,0.3727818272901896,0.13500232282478927,0.0,0.032823098648262244,0.11541820956955484,0.0,10.27573503121392,10.220120331546571,10.179742848223725,10.113781080690899,9.938317699112908,0.012732815906665846,0.0,0.27819642519303495,0.0,0.1646874763249272,0.0,0.0,0.3267756630995727,0.0,0.0,0.0,0.03195734497462766,0.17833575622345144,0.0,0.12472191357064374,0.0,0.012761767812251319,0.0,11.101041805063291,10.084943502474882,9.841120886536457,10.084943502474882,10.084943502474882,9.998613997218122,9.792519603781741,10.084943502474882,0.03649512145435391,0.0,0.2280433578236987,0.23917055453018882,0.0,0.1748754197226272,0.0,0.0,0.32562722880251815,0.17853987687468711,0.014518747626177294,0.0,0.310137685236985,0.0,0.0,0.29515272247263585,0.00585001768426969,10.170500076082854,10.199423661276423,10.249181856402595,10.110169841085272,10.084943502474882,0.18812747812066485,0.0,0.15809553709538685,0.5205124000873254,0.0,0.13834889070724227,0.0,0.0,0.46111361609050044,0.2751899808874419,0.0,0.0,0.0,0.07699120945307378,0.0,0.04813924484860384,0.0,0.0,0.0,10.084943502474882,9.886271156239868,0.0,0.0,0.3005781878616338,0.0,0.0,0.0,0.0,0.39246488412158176,0.0,0.0,0.25933230165687765,0.19074803070199223,0.0,0.0,0.16214912074512583,0.0,0.0,0.0,0.0,0.0,0.0,0.0,10.236068242347695,10.062678749955683,9.768116979849143,0.0,5.2464920403793975,0.3320610938618894,0.0,0.03844015649204476,0.20414032039523872,0.34144693226720363,0.14524973594970758,0.0,0.15968593129156128,0.0,0.1998837047776979,0.0,0.24659437003512955,0.0,0.0,0.0,0.0019457665326836047,0.15269184978326303,0.0,0.0,10.03836377361117,0.0,0.04062257372018924,0.0,0.1874274193415934
0.0,0.0,0.13658217886222043,0.0,0.0,0.0,0.13858227546577712,0.4611005966006082,0.48677498109635986,0.0,0.0,0.21264225128064015,0.0,0.0,0.14132453188259766,0.027547615566149937,0.0,0.0,0.20989365240293542,0.0,0.0,0.0012886273486863017,0.0,0.0,0.0,0.20766245446959242,0.05834384507045245,0.38689976817479343,0.22931657571013053,0.07258450028050945,0.13182977696263845,0.32282682907924065,0.09681522741568108,0.0457029331819336,0.0,0.16714642725164686,0.0,0.0,0.0,0.07706177016776283,0.0,0.10548853945860903,0.19866328208517653,9.874251597624172,9.874251597624172,9.682454354404264,9.90702474549331,9.641096987052082,0.11990984524781435,0.0,0.0,0.0,0.1627890062598993,0.17753703568462934,0.2201788531058116,0.0,0.0,0.0,0.0,0.06167850775232381,0.03746985194157491,0.08929090298615477,0.0,0.36746508671679023,0.3934053857694809,0.12854750409322413,11.056324766540657,9.791570741266886,9.750851082544372,9.970142440596396,9.825664153049706,9.947544153801013,9.730538843455998,9.795493745198723,0.23736367713838274,0.0,0.1596789297554782,0.0617863800682448,0.040319000137404415,0.19723198636755593,0.0,0.03143661866406091,0.5048913312049393,0.2208510877559508,0.0,0.0,0.13734890634363497,0.3779301015980985,0.18492498823719325,0.06731004221179186,0.0,9.781017675621023,9.69314258959497,9.874251597624172,9.990207734161851,9.881613884969875,0.12513000991308365,0.0,0.0,0.02838536763131225,0.0,0.0,0.0,0.0,0.0,0.30287929924245655,0.32223695766235927,0.0,0.0,0.0,0.2358694934873252,0.11499532964269729,0.10946858912487617,0.0,0.31440831450139345,9.996209247937996,9.990147643616346,0.0,0.23712841310612676,0.03239605473318926,0.10284996785953111,0.0,0.0,0.10230361442013453,0.0,0.12828752941192786,0.008202733154725599,0.12135699517112986,0.0,0.15328531084007418,0.14765741399010301,0.0,0.20214167983271755,0.15636276097436672,0.0,0.0,0.5082058989607479,0.0,0.0,9.840386154401129,9.874251597624172,9.903244696707258,0.4517800041135563,5.153087993111415,0.06321912181094588,0.0,0.2522910292264569,0.32252768039136004,0.0,0.0,0.02287547849453813,0.0,0.0,0.12155511333513819,0.0,0.0,0.23080502616995444,0.0,0.0,0.0,0.0,0.0,0.0,9.907291264736312,0.0,0.09798801860045821,0.0,0.0
0.08092712154594559,0.0,0.16684485017606676,0.007553726580129747,0.17576777560311502,0.0,0.0,0.4187663746392474,0.0,0.14016763270592447,0.25477507953331663,0.08599868759199615,0.18109711002353707,0.0,0.0,0.1104514047257244,0.19300332224590666,0.0,0.13062066372906955,0.0,0.0,0.0,0.0,0.0,0.0,0.1536937482276689,0.0,0.0,0.0,0.0,0.12421970983536453,0.0,0.0,0.25512854554219777,0.030291074139168345,0.0,0.0,0.14309022441619412,0.0,0.0,0.0,0.0,0.330527651488686,9.781591981493625,9.712469995004398,9.807679118513745,9.86542907473687,9.819581817598854,0.1501915173012228,0.131434562607482,0.12150878020100303,0.0,0.15544821879088505,0.0,0.0,0.18906615047563358,0.021601224040680704,0.13239643967336226,0.04761109001366232,0.28108170954360273,0.0,0.0028712029594653563,0.057250854132149476,0.0,0.029649855955080247,0.0,10.810030999629353,9.606230729954968,9.437407074410782,9.712469995004398,9.712469995004398,9.642558217303215,9.712469995004398,9.606055191463607,0.0,0.0,0.0,0.0,0.5595592493863192,0.04179279616559315,0.12819520287742928,0.04347917884680864,0.13312788359283448,0.0,0.1854379735763284,0.10108976882046267,0.07216548419745845,0.0,0.0061925822419861025,0.256811407250087,0.4551450499677515,9.814567846118685,9.88778756800987,9.74489904310935,9.63447719382603,9.582265969398069,0.0,0.0,0.05279187114959046,0.0,0.03385226821606601,0.0,0.09815522898073564,0.14115955752731865,0.0,0.5213986589009347,0.05464349729283245,0.0,0.11137768391294423,0.0977505049726562,0.0,0.08713212863698253,0.2408538257473816,0.06595336884805388,0.03295916709758682,9.712469995004398,9.731945138464093,0.0,0.004420134615798345,0.0,0.024140785417557736,0.048941168906500736,0.0,0.0,0.0,0.0,0.10835183297102326,0.0,0.0,0.058333324223547506,0.34523394099896315,0.0,0.0,0.4161468589084221,0.0,0.0,0.0,0.0,0.0,9.726677832034992,9.481741428335592,9.564327692681498,0.21145315653807778,4.30547389345141,0.0,0.18509585251554525,0.49737154404356965,0.2389834850994207,0.073660709686728,0.10379506349767226,0.19295813276344415,0.0,0.0,0.062434674548065595,0.03552389941909468,0.0,0.013381913767224977,0.04413999330532235,0.43559282536224025,0.31727622792308163,0.0,0.0,0.041035698432287965,10.056480278205392,0.0,0.13615716504068698,0.0,0.0
0.3285137523087351,0.5705564492777913,0.06657975922172586,0.0,0.0,0.0,0.0,0.0,0.0,0.0,0.07739621362182543,0.15049326987275957,0.0,0.0,0.12714730346220343,0.20602365123278904,0.0,0.08964678078313082,0.0,0.0,0.0,0.18503396770643785,0.17143209329753833,0.07187259184341771,0.0,0.0,0.0,0.0,0.0,0.08035200971012221,0.0,0.0,0.25248258582873895,0.0,0.009094938686074359,0.0,0.0,0.2472116371532221,0.0,0.0,0.29152666603236105,0.1626599564283363,0.22071968292143593,9.605535132349251,9.843981978018705,9.843981978018705,9.680909378274265,9.683163388476268,0.0,0.0,0.0,0.0,0.2272407001296705,0.0,0.26559312742487634,0.13572990893329256,0.0,0.0,0.0,0.0,0.030993514075552852,0.0,0.0,0.0,0.145875592322311,0.09251058914596337,11.250376569625395,9.751974620955604,9.971239389055564,10.013125324179432,10.029040515334657,9.877929696574666,9.985158063717142,9.840596696374313,0.0,0.0,0.0,0.0,0.0,0.02880047273617544,0.0,0.0,0.0,0.0,0.07869257869312488,0.0,0.19644996849674534,0.0,0.0,0.0,0.082472762343849,9.76909432028649,9.843981978018705,9.843981978018705,9.573643381543581,9.80175697189294,0.008550630788298643,0.0,0.0,0.12772791339273257,0.058678656983749286,0.01305011201762162,0.0,0.018841859375475833,0.0,0.0,0.0,0.0,0.0,0.0,0.0,0.2475542396660262,0.0,0.0,0.0,9.784291873213245,9.981324130007053,0.14876094440041576,0.017541064348693812,0.0,0.07817977637909657,0.07667950764912444,0.0,0.19077014972183107,0.23530208651006215,0.4118880235840572,0.2661886191885346,0.22543691831850235,0.0,0.161803342763609,0.0,0.0,0.0,0.036670963760622365,0.0,0.22555050101048718,0.4699008131667861,0.2964786033102307,0.0,10.135275289547462,10.018691301270474,10.008667194959227,0.0,5.26066661099551,0.0,0.11542609426588847,0.0,0.22576907929615667,0.0,0.009607281732996523,0.26648274682659256,0.058471727814835915,0.23448806198303807,0.24334157200680162,0.0,0.05888650835783961,0.029586717106749906,0.072288782233673,0.0,0.1830227335791576,0.0,0.0,0.0,9.843981978018705,0.34206676785266016,0.3840285950712986,0.0,0.09491038400628678
0.0,0.41194065205366337,0.0,0.0,0.15034972159213533,0.0,0.10444646707247499,0.0,0.0,0.08366404030706415,0.09697189011727758,0.0,0.0,0.10971792673654451,0.30648588571851737,0.18805090446383696,0.0,0.3059273444221442,0.3301742409557401,0.10744329538510475,0.0,0.0,0.0,0.0,0.0,0.01737180622035198,0.180610257351327,0.2614806520300877,0.0823494644953837,0.0,0.0,0.00712990677063381,0.17691842245178477,0.13816949549538837,0.0,0.0,0.13479650351641462,0.0,0.0,0.12366444400926364,0.0,0.2314246546522154,0.0,10.07768805531748,10.075033419089088,10.08846302869581,10.107911124467241,10.135553747695905,0.0,0.0,0.1803787745831152,0.05184870677348252,0.0748944204901096,0.21310578559900367,0.04969839228170185,0.0,0.0,0.0,0.0,0.0,0.2700908153118249,0.0,0.03104524299503199,0.19876206525375117,0.11479286588663912,0.0,11.134117671644722,10.075033419089088,10.098648495473592,10.075033419089088,10.075033419089088,10.075033419089088,9.990036833747531,9.967611630025111,0.05692673463261291,0.06826684360019725,0.005474938879041106,0.20984678512522623,0.0,0.18874642284506155,0.0,0.213079572702276,0.10735366498529608,0.006114762320242275,0.017610401619816148,0.0,0.07028613859108085,0.08570038937401829,0.014441766599138182,0.18312928812119533,0.0,9.92488681392444,10.274674397917021,10.351518437041376,10.01634928190997,10.106056218091968,0.0,0.0,0.0,0.0,0.0,0.1826909383999911,0.0,0.0,0.010828165739814268,0.17043444003056754,0.0,0.0,0.22070054958667254,0.1585891612686338,0.0,0.2610340685989133,0.0,0.10936306147037259,0.2302751366434796,10.075033419089088,9.924026395839855,0.20548972373686383,0.3421180831482937,0.0,0.19396746364690626,0.0,0.2516621340192989,0.0,0.0,0.26464689971682387,0.0,0.04986157011907892,0.22112550761144772,0.0,0.0,0.23537341171395249,0.0,0.13315277535549674,0.0,0.04672490102656256,0.26703177319454396,0.0,0.15258621201500855,10.304945614897235,10.185718082511393,9.987896557130567,0.0259958181322234,4.865478906873391,0.0,0.0,0.061711051641734224,0.15893372818573823,0.0,0.0,0.0,0.0,0.0,0.0,0.06984065459678743,0.18111822834553812,0.0,0.0,0.0,0.0,0.0,0.0,0.0,10.13278596309142,0.0,0.0,0.043567293795688314,0.0
0.1707836631105804,0.0,0.051221612991669434,0.0,0.03261621080815248,0.10748303330738648,0.11190345366044072,0.0,0.3011472722885605,0.13962836104982318,0.06783080148402228,0.0,0.06814203857789679,0.12368369383486583,0.10244886485625386,0.0,0.0,0.0,0.0,0.01614259190602564,0.0,0.11037666204188364,0.2600313985656643,0.28269911563111144,0.12426173668479103,0.26016877603693633,0.3069570059825551,0.0,0.5388443531711103,0.0,0.2896126867969147,0.0,0.23643943737380255,0.0,0.0,0.0,0.20453715767369682,0.0,0.1659915188022759,0.0,0.050899807002193174,0.13460868624484693,0.0,9.612224058510801,9.75164497746318,9.857262162271772,9.823686324883827,9.782806932979444,0.0,0.0,0.03045971077704325,0.0,0.0,0.2595937810485923,0.0,0.0,0.0,0.0,0.12746580279079905,0.0,0.0,0.0,0.0,0.0,0.0,0.30494531556084165,11.523553652703454,9.980371972650344,10.05294077927798,10.002166756173043,9.596933932198583,9.857262162271772,9.908454113460927,9.535955252836729,0.0,0.0,0.0,0.19049919176929847,0.0,0.0,0.24875984971728843,0.0,0.09414769786002787,0.0,0.006077464893519219,0.15298877795344074,0.0,0.15210612498139991,0.03401133976968859,0.0,0.0,9.785982621250003,9.857262162271772,9.857262162271772,9.671721145744586,9.869499774838001,0.30246461977959566,0.1099584112872625,0.0,0.006126538837907301,0.0,0.16725694642974534,0.04130321639006648,0.0,0.15616411494641774,0.014445246802271326,0.0,0.052184342394574826,0.0653810832073834,0.0,0.09976385596252124,0.0,0.12378379619229027,0.0549056371425096,0.0,10.193620708738445,9.581459321345882,0.24945221991492977,0.360177941693952,0.05080679381640364,0.2677782058027468,0.0,0.08578469738874668,0.054653952706481684,0.0,0.0,0.18983667238217108,0.0,0.17079867018520456,0.0,0.0371607749577711,0.0,0.0,0.0,0.047894090503388345,0.0,0.040442665266126436,0.0,0.01387059760597275,10.00437284791592,9.89361952461562,9.5235942180242,0.0,4.270095415942656,0.26827452604421753,0.0,0.0,0.7582917758952061,0.0,0.1011645435674578,0.015042097156220353,0.019164100493989967,0.0,0.21938548757226242,0.0,0.0,0.3627619173633697,0.06203645595301614,0.020892243558020825,0.0,0.0,0.09582780577297374,0.12002335938190124,9.533956775332506,0.0,0.0,0.08494143402644078,0.0
0.0,0.21342912154374905,0.0,0.14607105047639093,0.1365524448816054,0.04712892772629018,0.2743218314900276,0.08215302541917517,0.047280336446650306,0.0,0.09469644118460413,0.04857115706065533,0.0,0.28521988217515976,0.0,0.0,0.0,0.0,0.0,0.09617438772023784,0.001123701057610206,0.05287285646220648,0.0,0.0,0.0,0.22793407545040378,0.07890415059099064,0.0,0.4001573594258427,0.0,0.0,0.0,0.34326041865047907,0.0,0.048186982902358344,0.17656019995199043,0.2765811429832372,0.04772576126602399,0.04378784931518072,0.0,0.027161625244988708,0.0,0.27937150667872335,9.487935091066714,9.69564971432897,9.796155756298312,9.794278446035392,9.796155756298312,0.00287611732341211,0.13054126345315445,0.0,0.20876675521317162,0.0,0.0,0.0,0.26630819161021463,0.2798330461760059,0.06026364044414362,0.0,0.08046365969034397,0.0,0.0,0.09168656730603032,0.3424032982600916,0.0,0.00040002200058194604,11.243036455553085,10.110382705572384,10.077629216359338,9.971878373434869,9.817374648945135,9.790640135599219,9.308307432115203,9.796155756298312,0.0,0.35228760465651926,0.4412626946347868,0.0,0.29203849050622727,0.0,0.0,0.0830986314829017,0.009599817681533599,0.0,0.0,0.18542574029314057,0.04571988074385226,0.0,0.0,0.0,0.13057205021210833,9.796155756298312,9.796155756298312,9.639550650205896,9.776514631302723,9.638113502569423,0.46344583964733516,0.0,0.10084530624868254,0.20525226339912586,0.103969431774567,0.23524471316804124,0.0,0.03266288437878354,0.17556064039058655,0.05975369860224167,0.0,0.0,0.0,0.12130682460861825,0.0,0.0,0.0,0.0,0.16758591598436923,9.796155756298312,9.796155756298312,0.020006379872245093,0.02715733521073833,0.0,0.08608901179653806,0.11378562260209556,0.13647866330447134,0.0,0.0,0.211260797032978,0.0,0.0,0.0,0.16033933686052743,0.1081995994571991,0.0,0.0,0.0,0.32594536324754,0.0,0.1817196011504394,0.057026790725292334,0.0,10.246125652829235,10.106756158518783,9.791965503484722,0.0,4.675737387925996,0.0,0.21447600428428948,0.0,0.09897887748567302,0.1230047690224466,0.3239194187908952,0.09306889399790584,0.0,0.09121745572558836,0.0,0.23278434037215553,0.2457911689388284,0.0,0.15811001574932146,0.0,0.0,0.2342333367066181,0.35121197509716123,0.1336706479009592,9.779138264290646,0.18088383417830242,0.0,0.31441632002120706,0.060580772234489565
