0,1,2,3,4,5,6,7,8,9,10,11,12,13,14,15,16,17,18,19,20,21,22,23,24,25,26,27,28,29,30,31,32,33,34,35,36,37,38,39,40,41,42,43,44,45,46,47,48,49,50,51,52,53,54,55,56,57,58,59,60,61,62,63,64,65,66,67,68,69,70,71,72,73,74,75,76,77,78,79,80,81,82,83,84,85,86,87,88,89,90,91,92,93,94,95,96,97,98,99,100,101,102,103,104,105,106,107,108,109,110,111,112,113,114,115,116,117,118,119,120,121,122,123,124,125,126,127,128,129,130,131,132,133,134,135,136,137,138,139,140,141,142,143,144,145,146,147,148,149,150,151,152,153,154,155,156,157,158,159,160,161,162,163,164,165,166,167
1.9117544191573095,-4.440892098500626e-16,-4.440892098500626e-16,-0.12733810783325605,-2.853219850735036,1.7153966381193675,-0.028034951811164888,1.901198432396517,-0.0,-0.0,-0.0,-0.0,-0.0,-0.3540555746855297,-0.0,-0.26315395669414193,2.3004714810536506,-0.0,-0.0,2.236044290721935,-0.0,1.3802006474897786,0.8948253776357822,-2.7755575615628914e-17,-0.0,-0.0,-0.0,-0.0,-0.0,1.6687418288503182,-0.0,0.2580385711144544,-0.0,3.986120629619436,-0.24652376603101184,-0.04723894200009067,2.6909638051838063,1.8897623917806396,-0.0,-0.0,-0.0,1.7812683192914385,-0.0,-0.0,-0.0,0.11363404630093799,-0.0,2.1593989448332245,-0.0,-0.0,0.6033937721637941,-0.0,1.0148191343597557,2.419996328060794,-0.0,-0.0,-0.0,-0.0,-0.0,-0.0,-0.0,-0.044615029978677376,-0.0,-0.0,3.2196426179197912,-0.0,-0.0,-0.0,-1.1102230246251565e-16,-0.0,-0.0,4.406339457694224,3.5202729977065883,0.5888044394890106,-0.0,-5.551115123125783e-17,-0.0,1.1007124198263307,-0.006565033641816513,-0.0,-0.0,-0.0,-0.0,-0.0,4.133665513393656,1.4532806825247728,-0.0,-0.06257297831469667,-0.0,-0.0,-0.0,-0.0,0.9037427372681375,3.4633881465560608,-0.0,-0.0,0.01140601499603422,-0.0,-0.0,1.4173153810596255,-2.7755575615628914e-17,-0.050241734084065875,-0.0,-0.337899360862004,5.137279118172694,2.503180875012898,-0.5196715502754861,-0.5858115657650929,7.3454732872667385,-0.0,6.598545256972507,5.6403426320858285,2.286373001368572,-0.0,8.979372753384462,2.234348185643966,2.428850936535924,3.6835556772396902,9.449643463071283,-3.316011700115966,1.1025357478694993,-0.293828393290136,-2.332169535573281,2.3222614763932428,2.2896982684548064,2.396013013221051,-0.6799901045198008,2.1536238696717636,-0.0,2.0164323877139125,7.671775318324147,-0.20177548608780055,7.016919468961165,-0.04799192665091257,6.1626980298976015,-0.0,-0.0,-0.0,6.1626980298976015,2.4645172105635598,-0.0,3.2770280531480247,-0.39076933535471936,-0.35755476443869794,1.9253802485064,-0.0,-0.0,9.399023595964564,3.571300479776475,6.1626980298976015,3.4886125544883164,-0.0,0.5485634402085127,-0.13716269319055846,1.2205429453045626,10.0,-0.0,-0.0,-0.5267106211538216,1.4197706674150652,1.1744528563604906,-0.0,9.192390271982132,4.964970196928261,-0.0,2.9419920772775106,9.550275676717195,3.7865681591251295
4.5245735616577525,4.9537656581360245,2.175403672749027,3.5278036892101485,5.539414701185239,6.8748511185919785,7.169930337242317,7.576587053103995,2.7204767698168295,2.569840687005267,6.601759139228501,5.318551321206933,10.0,-0.0,4.524520459238,-0.18321231844388564,5.097143531565742,7.093167698415545,3.667117103323801,2.3244144426350926,0.6515069038531405,0.0,0.0,0.0,0.1551822274915646,0.0,4.635431632482252,7.244891591161805,4.034916291554059,6.879546394417933,0.5223173477187286,10.0,6.695064591051868,6.652394153129143,10.0,8.248136104329834,4.946882216540389,6.314204084021981,7.349479323107431,10.0,6.570270100372168,6.430736926046835,3.442456595940421,4.4000620053706445,3.1782001832627502,0.6141450134184987,0.0,0.0,3.4297298996278323,0.0,4.268319443596109,7.00146244489377,1.0972731395400297,7.974722336308654,7.430029339477329,1.1821680700714525,7.2779587052785715,-2.3990613965982157,6.5996596959136795,9.757154265562672,10.0,2.088335790477164,4.330812067325665,8.355209465601568,2.4593979697967105,10.0,6.962921634086317,1.1587653144179304,3.1478857870828194,0.0,0.0,0.6749108701110149,3.4297298996278323,0.0,0.0,2.5870840838479747,0.4125068892442556,2.721374900010713,6.651358990787918,3.709813683936167,6.570270100372168,1.6618756977529499,6.245782236178824,1.4267776770866945,7.761511678348185,10.0,9.37932101888598,6.374790392952352,5.843233153008205,2.8126964686232716,2.567610725569219,5.028684758653804,2.7200936949858634,0.0,0.0,0.0,0.7937904941143161,3.081486330778335,3.709125275933065,2.4795228207257987,3.82172367797488,1.4628070088856602,6.583147217065613,-0.7990357573613149,10.0,9.091478462316166,4.643789747009241,8.354070885885914,10.0,4.755814462475894,-0.0,6.570270100372168,1.3100668061898562,10.0,4.760254546570457,5.380264216700399,-0.0,3.4297298996278323,0.0,3.4297298996278323,0.0,0.5400963090317585,0.08615037033608179,1.0842000061488168,-0.0,4.855071069332426,4.62509389820653,10.0,9.990066581258349,8.98309410252553,10.0,1.1097236922804563,5.884701495291933,3.5617742232388157,9.055467183346835,6.570270100372168,10.0,10.0,6.570270100372168,5.68560701391918,4.7192018259476045,0.0,0.0,3.4297298996278323,2.274822767243839,0.7333506925748002,2.314103512205304,3.3250092832080127,5.229628206006712,3.568396897949309,8.891880354702161,1.0496038838226027,10.0,7.1264948522522324,6.570270100372168,3.9832532168115393,-0.0,8.054679892956464,-0.0245359442207216,1.4157676038451965,5.305643677228252,3.013776650927451,2.103711823634251,5.025204003584372,2.2892279927178576,3.4297298996278323,1.2681368274630618,0.5576955077595246
4.0614077964093,2.8097687990031055,0.025832162274830317,0.5703040860111801,3.441848258631096,7.908965101721646,2.544563221394631,8.053362646782388,7.80813770743243,9.597802998191339,9.622244025122022,6.294521633327008,3.144566550509536,8.370754115299068,7.669895340066811,8.252228121236678,4.153273514838085,8.394136700841022,1.8777855826590726,1.7231220887514178,0.0,3.705478366672992,0.0,0.0,0.0,3.705478366672992,3.705478366672992,2.5016013506493042,4.013904628250915,5.478253938984537,6.3466505637438475,4.918183796250389,6.2972509576937785,2.7570473514522447,10.0,6.96494184486988,6.738156054023873,1.9991651398580428,6.753403144549361,10.0,4.171265590685211,9.152753830022318,4.745327302670095,5.515274408332097,3.888854064428404,2.579649938482504,0.0,0.0,0.0,1.2234675647680373,0.0,2.063329030709394,3.8147029688428287,5.531406114812205,6.070364063137804,10.0,6.899433202781898,10.0,4.699657026004525,8.671493896487988,6.294521633327008,4.173774138720302,10.0,5.978090218639139,6.294521633327008,5.184745943233851,0.0,0.1628150411949676,0.4316630543349347,5.670709328388125,3.6986277479624747,3.705478366672992,1.0692616271192326,0.45324273557818134,0.0,0.0,2.671020473451353,4.075967596513338,4.663757450984274,10.0,7.611024665860086,7.145864073872281,8.929102975442234,6.329031320873813,9.42022588500331,7.433249525013785,5.711707034255782,9.059178374729928,9.708844200588338,9.228304633874561,0.0,2.5489636250108956,0.37679556590332125,4.521401891364407,3.863683489348132,4.307891635304785,2.19052817538249,3.0044989271605873,2.1477814399434143,2.980164733688317,5.1873693019953455,4.925988291330089,6.9591785496521705,7.998659372710034,4.734969740252868,3.369039408150855,2.0055257601223695,6.880983597999124,5.847375581113973,6.608955637536255,0.45734892471857536,7.9399332853372435,4.846140485910752,10.0,2.6870162268436735,6.966330371174179,5.393290448733107,0.0,3.705478366672992,0.42610200782640895,0.0,0.8171004147795067,0.9103316637936902,1.668173995424505,2.087022491402339,4.533091926438064,4.079088739205108,4.495073112533878,9.714696804683642,7.737917785638958,4.1665235642540885,-0.0,4.963977756603188,9.566725666997025,9.82430935288997,9.597844829007823,5.39253583154728,10.0,5.610255774816079,2.7239916637338717,3.486258596284689,1.19556908904294,5.709823065437244,0.6359904399497791,0.0,4.172509799962441,4.447433403120626,3.578589164327159,3.165775490406701,5.5582977890094885,6.951448223224054,3.4128303492065193,7.69081069284946,7.696293031322265,10.0,9.584341377971906,2.647784037540333,9.133802895751804,9.003001190106929,9.95468093584155,6.477794304799092,6.480182356781322,2.98334593716727,3.3574307214273933,0.273017396870582,3.705478366672992,4.827166652351065,1.5295955717071468
3.7368440202807025,2.9816015850990407,0.6168786106785826,1.7194236332525845,4.017394868459105,6.317050227474967,6.670070470495313,6.935753114814585,6.819709147517745,10.0,8.896815700854036,8.230200002960414,7.5435987313094435,9.958948396627386,6.012508776600577,8.795363389250923,5.573688355857209,7.770480660044621,3.9199406729260824,4.555421705044322,1.9216463643141726,4.84363846022626,0.8748418823392634,0.9807910039725304,3.1218826942614033,2.588371539532274,0.5337291262379199,1.2855926561505049,3.8445292354693787,6.531943460542685,6.074758117873184,7.81805096416114,6.055611550749455,8.933542099381587,6.24309729811502,5.714009945065619,6.0617295267135916,8.194115075735857,10.0,10.0,4.982097956682423,2.8629559460411196,2.7361526063706316,0.9235171319727362,2.816354373322821,3.7880775271757856,2.068838018646116,0.6402273973088417,1.5439522374362218,2.5792064557692833,1.2955287328584875,1.7768897936083876,3.5441758651780684,3.971802940223599,6.332884260254839,7.50810774927894,9.288304655426124,6.876254508102054,9.669108981971226,5.212202033563756,9.018603214628428,5.5970028935970095,6.359375052448269,10.0,6.7831584807357945,7.16140998340422,3.6107287335448257,0.9868334214643819,1.2954627372851224,4.582107134702343,2.97239947022931,3.6107287335448257,0.0,1.599841305886466,0.6425626688726169,0.0,2.4378891974174497,5.338034804808235,8.021466164135429,8.77776420585658,9.041910623902583,7.064155209621791,6.800456769542099,8.632699570423181,7.606847837840987,5.980460558993624,7.83125119086853,9.802692896453674,7.578732857591904,8.806307116228517,1.4783916504858654,3.667780730846988,3.6107287335448257,5.495697660930093,1.0946361024945743,0.8037816463266388,1.0581304336695265,0.45050356288959525,1.9278747399526055,1.8238762755238684,3.203484669887599,4.038393524151135,6.671223984630209,9.761092788198013,8.844523883385063,8.563864129453316,7.030409784120616,7.866793963948001,7.600455328374723,5.038990160115508,9.873336725463485,10.0,8.089379970437392,4.143574689887172,5.307313100877087,6.625827428621493,0.052644828886329265,0.0,0.5558669987790037,2.532175805371397,0.0,1.7726730554639563,0.7326046781027429,3.9116965270883597,3.640659215608912,4.217570715972871,5.452273390085758,10.0,6.561397341715281,9.687366407756613,8.211459937379345,2.4459600980909313,8.944306822070295,9.115231728219682,10.0,9.506983940212288,6.352897625341241,7.4417375433752735,10.0,2.4903810654359355,3.6107287335448257,5.549487308277494,3.729841957097908,0.23042299832294852,0.9202494896261321,0.6023507204507786,1.2357495194942507,3.970902358123014,4.263543328326782,5.886847352368525,6.297502489137546,9.299644821159134,9.967419270860077,9.516847896819144,9.57412633339306,2.179299073990907,6.843331159383821,7.025204357476077,10.0,8.90811265002759,8.478459843533974,7.348231864221106,4.846172505428861,0.52037829398424,1.0321942378419244,2.6534931008751137,2.68413907012759,3.6107287335448257
4.4811981111978545,1.5056796325310364,0.7507347309251472,4.5291297916332045,4.955542317462407,6.674998706444251,8.56414813075641,8.965635930264535,9.18525651625029,8.505860352924719,8.449102689313683,8.308406381084348,10.0,8.641536274338597,9.005270510084568,10.0,9.262673595731007,8.229375055725042,5.55177840253622,3.033491417170472,3.7450220668074037,3.7417591920234408,2.2262031229459676,0.9579338187635563,1.1660961814184216,0.673693136808374,0.37712272951851417,1.2972184291090918,2.651137325604902,3.136275396987837,5.411053943871965,9.32417935586279,10.0,9.97388209678252,9.973269247326499,7.1564811560511705,10.0,8.031496812871811,9.625112912519334,8.392246756537535,7.169890214551324,8.949467757219274,5.643877160581565,5.260379231039309,4.2091510912183,0.463438605529256,0.4132402595675076,0.24716791056468057,0.8363258458098601,1.0147569312855527,1.3981927304763184,2.046763345930792,3.2759250155828474,4.933209698093243,8.961938819414382,8.85610021627342,9.343668135751976,8.417381248845038,8.637744877139296,10.0,8.005767806958191,6.918483721154137,9.755420415960097,8.780431107646303,7.447253889290084,7.697933041280031,3.4636081739358655,3.894912140131962,6.534786143938001,4.010308382268123,1.0336519770522987,0.30757905651206946,0.8591462665059862,0.6960838515968606,0.1769865384418544,1.3333075485863382,3.5817985136162815,5.698852934884861,8.153670525450304,8.227800210703741,8.696623218773551,10.0,8.687496286472108,6.688955031982654,9.100210112876528,8.639449689328794,10.0,7.289806437940555,7.137390733808236,6.903872285981146,0.5796564748730075,3.760254239223765,4.604632039895524,2.589567837445284,1.3380306659104908,0.3671513063627107,0.5652935484011482,0.5353174917852832,0.5811594427866275,0.48973339824264217,1.079491194876689,1.576631049676176,5.259886773711681,8.59318099786151,9.83250206949989,7.131638677223403,8.723372773975557,9.209189295658211,9.563247637103782,9.543606093798017,9.236145028862124,7.316569011120888,9.716524180758066,9.498097894642894,5.022593016834707,3.9077191814017525,4.604632039895524,1.6639704351793019,0.09018027308951027,2.6846424382427956,0.9992473022444731,2.329496394497461,1.0254941098859676,2.0800951418912583,3.215206183439391,4.880760642840093,5.418018191002516,9.313717395747776,6.295072069174992,6.092358735594591,9.808901232256638,9.75858643721274,6.3320836860169605,10.0,9.43704984572673,9.045087368945214,8.113643001890212,6.316507056023544,8.465312676199359,6.113992761832791,4.450479053722075,1.0532109616100065,0.4228619772954023,0.5621091339315346,0.5494732994496441,0.03745242145156663,0.7194987566487445,1.94402997902691,2.318458125146955,3.6953051453084718,5.935077029270793,7.993723034991259,7.854075773009292,9.628783532538414,10.0,9.989207122076172,9.437093549841583,9.270031801044379,7.610431778692172,7.442751834778748,8.897237884637823,9.516087826326277,4.582789132607267,4.314743865585742,3.91268725042902,1.042176866990811,0.8557052829523529,1.3318295005807301
2.862874635144261,3.9979098039949554,0.8426750544304462,2.5309155961468806,4.031266057483905,6.100648567773243,5.576406914806363,9.746752737936813,8.89034972748799,9.755028518043865,9.702170308552606,9.090358550620417,9.808829917219006,7.992283358684457,8.433819370714273,10.0,7.653296983325608,9.869729636454839,5.578837142687638,3.533794098563593,4.257565413720543,2.258689437652639,0.3045906958066093,0.5105420581736347,0.5986740962304914,1.4262351129587953,0.9064647755216367,0.2590841255146732,2.3340033678319916,3.9090097556477175,6.129342861989796,10.0,9.537362514661934,9.705260074159954,9.251204811010203,8.403195294930237,9.509009000693192,9.521417764506781,9.541673919693906,9.791720165494034,9.195916626314503,8.092394203349524,5.172479471512855,5.9712478844864485,4.003862182376428,1.531747816580785,0.6528091391767145,0.032952124347465195,0.8896303558758992,0.8630929212791787,0.6613716529858902,0.7305888814147568,3.6221039977307212,4.82170033934811,7.920453540286256,9.45044749017504,9.890317641057008,7.607388889124098,9.079876338893056,9.731108362778237,9.893716703674098,9.257969168393057,8.982770740396123,9.521973680654835,9.825395542769824,8.713173930280547,5.266334914917165,3.53618605842882,3.1780626438718516,2.731668319093852,3.0005975338953546,0.8149935585362631,0.3511272761418462,0.44028350131703853,0.5099480624889978,0.1715917623632302,2.6753251704927576,4.937934648402168,8.617326954931288,10.0,7.243083362967786,9.11436115971788,9.673610216181388,8.747200900172354,9.43713470665195,9.513661435512386,10.0,9.344561986161287,8.617143226462293,8.998631485911105,3.820460130267038,3.8169921217970373,3.158895151950916,4.28776791413288,0.17825631112464474,0.8058957409805941,0.5130291409415308,0.07741512771584305,0.6846936346711587,0.0,1.4322287355738612,2.357567991707814,5.678452072173965,9.86006251784817,8.86898087488933,10.0,10.0,7.854969226494161,9.317234770228346,8.75067134580585,9.804505007485618,9.070816928859157,9.955244533367976,6.357479026680114,4.191464970660844,4.202198038738426,4.353198861232924,4.841914610921869,0.7932918321316311,1.6783555300705713,0.7521250888827963,1.2929396268235818,0.47146756560041003,0.7627693664835564,3.528770837628832,4.459621349802368,7.387676936467866,8.636834342074547,9.131946330873067,9.748593234074045,9.21406605965033,9.845197684100551,10.0,8.331507211170527,8.788915470948256,9.62243682041359,8.648993889388302,10.0,8.283817734042284,5.578866017383911,2.785501486088229,1.3685893783458618,1.5334349400756742,1.3101349374935078,0.3109000511682678,0.7695761352331676,0.6622546103010538,1.4969514713972796,3.058850796613985,4.34244603211201,6.637836692879551,8.206891561662713,7.474230530766416,9.226700694620686,9.82187126051566,8.82886551825999,7.842297851301256,8.481435523338492,9.548545509148138,9.67339176833836,9.385754977589631,7.602170183558843,2.345142504556549,3.4600530120194284,3.9544820059505,4.003862182376428,0.4746478336023737,1.8605548933016607
6.934612841245654,1.781241050652979,0.4510405999039305,2.608651760636183,4.6561395496114955,6.8643885126714625,7.945145689851978,9.66606722362063,9.232617048261973,9.488378661704362,8.961578974086063,9.619610187016264,9.258486792586583,9.498304155061653,9.178518984972097,9.981375594444193,7.698876915385261,9.779195700689813,4.972304926925283,4.708213793334841,3.842068107928109,1.1124097220158338,0.6803277359824826,0.5096441274575102,1.285593344323919,1.129514910260423,0.6718594466233158,0.2346860857235582,1.7140237553973097,3.4124935180286253,7.00347005359325,9.82156060003995,9.808265811130639,9.24008331537062,9.681785445370664,9.658317471878568,9.472773622058888,9.849495047547567,9.914687261198758,8.352172322104899,8.504189985549933,10.0,5.539362023706541,5.279227354681165,3.7962797103010217,1.2021848978135,0.46394139208953444,0.5598229070644557,0.6435940456125494,0.6062378304925001,0.35335819470492974,0.4952334706268859,2.4739147567468662,2.7070080338972997,7.022786198867845,9.104614033370305,9.132945154691866,9.667931310950923,10.0,9.521832020223636,9.25315510866601,9.639267585878958,9.451968210371366,9.170829361200276,9.563631016018062,9.775128850768121,5.825255834532653,5.244045559685941,3.7486975232069124,3.36984907517384,4.554942262908978,1.957482061182231,1.924060451434087,1.0492169669412337,0.5651901307573969,0.4024909578396054,1.155970369731652,2.246304329304954,6.440531793690044,9.911586921685391,8.79125267305545,9.589764616622602,10.0,10.0,9.678253050036682,9.050611576455461,10.0,10.0,9.491452934798305,10.0,7.905455213096083,4.611701126313015,2.3936335427961395,1.158942212560718,0.6880062923269106,1.183101216908705,0.7465066458936095,0.38136432704131723,0.4315233631914612,1.3823611336991424,2.2163798583848275,4.40154739654498,6.436927122378976,10.0,10.0,9.722773358057406,9.002681387739209,9.503362164610493,9.397729392192293,10.0,10.0,9.63761976139372,9.091483860614671,9.849974340906234,6.484938733067114,6.205910213517587,2.587950527279873,1.096679275183011,0.5451962620373008,0.40391363127153945,0.4006052386590081,0.6577829814956893,0.6024763537000718,0.35661090116856464,2.4684957761029898,3.691078876312174,5.704683642437999,9.793247165828978,8.928155647054089,9.64224271831196,9.17862945855165,9.720989943028211,9.56742911058102,9.553948762060909,9.395653528279343,9.062468470108255,8.521013265142752,8.9387934187083,8.483463777237281,6.00678751413131,3.249243936711617,0.8538177287632965,1.0293907001362816,1.880097742601232,2.070358760836297,1.1436242635114877,2.696321940185918,3.846829278620608,5.356599053444735,6.5208797256902145,8.675716709106656,9.647809968402566,9.991615561612901,10.0,9.502295473402446,10.0,9.34622533240213,9.946489395858778,9.560966359564505,9.914623768318865,9.487159615814383,8.430487816910258,5.783819218118536,4.5279506045654205,4.67685905613662,1.4157999266024661,1.0000262136892188,0.9785688554044527
8.478549172019306,1.298406189642675,0.6827219690495018,1.7395793632154413,4.269572301360084,6.206062545912453,7.376522573839031,9.53217871736424,9.85893805503441,9.484923683773738,9.53774440359542,9.722695833969242,9.983952055647533,9.910546344621851,9.832525556417538,9.61837838742922,8.849739582423613,9.513317929687716,8.704552299164055,5.714304238432869,1.6816649441989426,0.5892952608492543,0.47030988208972313,0.8141914682645199,0.537954899113759,1.6932693275533475,0.7505047436406621,0.7041714478669865,1.0334251271545716,3.0847696284213137,6.06320973053308,9.874770783022788,9.944053644922356,10.0,9.863594129858702,9.05490573815585,9.825685017643893,9.488320201308253,9.615406168833008,9.796393728613294,9.267262704927665,9.870021999385429,7.650065494470333,5.436927592901291,2.4212174175557957,0.595256701463741,0.5497753671741654,0.9098646754005267,1.053100874920705,1.5712371514139187,0.8387627127256218,2.0218880430871913,4.48378138100736,6.957750685859658,9.76122599334789,9.995183060663155,9.7922667532429,9.839734438999793,9.896120619012372,8.934755227845972,8.694912128541885,10.0,10.0,9.81894648374056,9.49844587852288,9.917735772754583,7.452855969702048,5.633416759759427,1.7886859223853566,0.9399660986883707,1.5711258144583806,1.676431008393735,2.0711649742428193,0.5997188092479762,0.8635871930147314,0.6194065222910783,0.5990637155056494,2.4418927055454756,7.554777086064103,9.533064104764833,9.695487317694502,9.039236676835614,9.450917576290893,9.330512121029832,9.304715238567823,9.54585170411118,10.0,10.0,10.0,9.853758820158754,9.485386674670922,5.714304238432869,1.7315295443403698,2.307195238983473,0.6828676630095096,0.6002081370843169,0.7305582976885134,0.7315676491079925,0.687519357151482,1.2194519209251697,2.6669516769598824,5.733110248488607,9.923265431495526,10.0,9.92174816491551,9.127818054237213,9.827799482104727,9.769433619004314,9.739152514919803,9.6615735990056,10.0,8.789940287191921,9.92195699683482,7.541654353233996,6.352192200479234,7.453097216641961,3.1769337301016365,1.6763203047131874,0.6251106839450542,0.43246672052291035,0.7776281217529708,0.41733777579033066,0.7891407840473937,0.5009654880529573,1.9102962646276271,2.7325014991851493,5.171715542924217,9.591377292378708,9.647290461294881,9.823377612407695,9.613958147717813,9.53206261995816,9.031853122253123,9.815067670902927,9.298798838131127,10.0,9.852500189052812,9.453092073750081,10.0,8.143547040809707,1.926123236518329,0.8295156945232964,0.9919843136931088,2.2690143943936896,3.322852717294146,2.8321845505296324,2.8266411098879356,5.257930570789043,6.995889092097356,9.182930971092604,10.0,9.818330449758989,9.761033058331359,9.786504585181405,9.504058938907813,10.0,9.454787122960214,9.970414980853283,9.439080293134783,9.477091911406577,9.98286238891728,9.62401032581436,6.300843835218031,6.459314959562406,3.612358123459683,0.7450710960286485,0.8520889127550293,1.890376927961153
7.819782889660376,0.9059012603008068,0.7354596357894123,1.769283926115238,4.486011777172343,6.793791472025295,8.179060975203916,9.571877096546318,10.0,9.698727635278129,9.736848099295612,9.910965569038506,9.605288051640107,9.730051115162214,9.951360526950314,9.888462486975056,9.931168879703044,9.860194776588076,6.2093440553197885,6.2093440553197885,3.090846179400063,0.8106876713024538,0.8057418094783023,0.6060109894774188,0.691927227745071,1.2842974708357526,0.7979642340408861,0.5351782501751551,1.7304853067264516,4.426225938543898,8.472644331043949,9.749542514201314,9.908404034786319,9.422631944079873,9.61246802615321,9.909676602896,10.0,9.631654586700648,9.937372055599022,10.0,9.825204134811772,9.94783152796168,10.0,7.153611539262893,1.030741155584734,1.1095395543509472,1.517908018424373,1.6057405163115637,1.0743106200095105,1.4774786135146498,0.8070941844190617,1.6890148928821298,3.3647239251043795,4.16387104803878,7.407951409167127,9.86714623350069,9.7564226523949,9.78598282625881,9.918511977687682,9.912376975887556,9.708460004907426,9.747470716746886,9.953186339136808,10.0,9.572624476347078,9.830104041424645,9.815230408031823,6.060886319903788,1.2100330857735768,1.2859743535920318,1.2015467173981664,1.703202526786961,1.1813529914382788,0.8032955072653968,0.6811523398309959,0.7984343402137575,0.9768131106360083,2.3559710037464363,7.224745446684363,9.866750422153395,9.997593752237854,9.99271395592285,9.923394777209166,9.93910209589532,9.948653004867719,9.628129165435947,9.864863127450997,9.835266632700604,9.741527298796468,9.932210151728052,9.775189503091537,5.9621148246750195,2.0472199950600953,3.6269516670034516,1.3483565248988647,1.924465596311713,1.9428382998241085,1.7390405350619247,0.8669591749934351,0.9025236689675847,2.3943992391405726,4.342524184083594,10.0,9.951298182221262,9.813258265856065,9.7844889717149,9.784246676388651,10.0,9.80481392878163,9.838343795516245,9.65891627612752,9.67365550297957,9.65194778499174,9.879991656505718,9.196173792858328,10.0,4.185549904662765,1.9184647154820342,0.7253371153217354,0.7928521645758373,0.5598242302519294,0.7739361518115434,0.6939000941708131,1.6259842008603183,4.0423557733268005,4.595245416322633,9.345896508483321,9.868117224621072,9.480502437783871,10.0,9.446240006504544,9.487403026290805,9.546075831006833,9.959440990631757,10.0,9.866101187440501,9.725190544452522,9.656773194863407,8.796223447111648,7.655943580732263,1.1998393889806316,0.9303909427275103,0.765489607820544,1.0849600973576035,1.6771616411984231,0.7329783584611922,0.5574008621523086,2.016752363421074,2.728513328262857,3.977986810472963,7.127924294476278,10.0,9.921007930530761,9.72494742347895,9.79507605993215,10.0,9.98687545429001,9.788134599115013,9.982029637339147,9.751764170384785,9.805977712171021,9.650794075402862,7.8444584616830015,8.892360771968232,1.7765857514156946,1.2658710837343734,2.2936868594376687,3.5319735030231905
7.816094902587038,1.1691661201466206,0.9412063674432903,2.8414795864183366,5.42802101720471,7.837050907133559,9.561954755357243,9.795639761856014,9.920820439349122,9.96626918945134,9.812988462943874,9.981036965959317,9.958033673785389,10.0,9.930472510589363,10.0,9.877847052228264,10.0,7.894182361648252,5.632954084707139,2.2022775939708903,0.8430066761529387,0.6602451763417837,0.7796368094718006,0.6962074896193016,0.65647398979907,0.5193217997893849,0.8314419531292344,2.361247745704097,4.792295698330509,9.740127442025306,9.54580904657562,10.0,9.795246278480242,9.932003656764612,9.545808065946336,9.88746809461221,9.86128016690219,9.90238499393289,10.0,9.700552145485274,9.89103360373334,8.431316952796973,6.551292111666001,1.2972619520298398,0.8370483207510784,1.565457694365804,0.8787888670380057,0.6257079611326938,0.607529908272137,0.5901249260365733,0.8620166774609928,2.6490793555854646,4.455841489570386,8.871024651068572,9.75569919931295,9.938941094015398,9.889563530151657,9.777763306052353,9.779077600818574,10.0,9.910397799659682,10.0,9.826330147162862,9.61118939336751,10.0,6.577701430738492,5.90650958637186,2.952031051335877,0.696025098135432,1.731839942611301,2.404236649585278,3.7394565642205166,0.9429356704353795,0.699713509967935,0.897124409368921,2.4035018614106365,4.3497013311154635,8.633770709924832,9.929587953325171,9.569714925113828,9.773220668755965,9.873654206259733,9.828219503856563,9.545816184491134,10.0,9.914798429033214,9.963181901026063,9.928535995003294,9.745136267617923,9.676817693074254,6.00666359072641,1.4028641060998817,2.3416883360941654,1.086426986916653,2.033376139375866,0.9944921948749859,1.6266681419337665,0.6939312449092737,0.6204049230388334,1.6788462859226607,5.3278100207819685,9.93057022111708,9.757052677784156,9.630209125878649,9.833241967049343,9.82330218431681,10.0,9.673128487765887,9.74393731615549,9.967648457301102,9.908732902575778,9.737740204563716,9.785554193723222,8.461076965115659,8.0375418760094,1.5501694299524513,1.2059826561651272,0.6871012876057117,0.8893638384842564,0.6760944086886603,0.6309559519299042,1.3786601914287737,2.4392066524738176,3.98257425329621,4.8443916695652405,9.418132131917895,10.0,9.931695769647153,9.667555693201534,9.830107458146772,9.451740214540346,9.787434406985712,10.0,9.803064206758894,10.0,9.885728899836762,10.0,9.914611529851062,6.13975945640538,1.3433388820627434,0.8790602992744204,0.5714787999275979,1.2982648556892002,0.8648631897676378,0.6147398295382677,0.8340836950226596,1.7969231880080965,3.8563669954112227,5.947958208721145,10.0,9.51574189288484,9.921374883327339,9.438322644479678,9.610339454768244,10.0,9.571461446146216,9.898855485407193,9.775660247107787,9.938632939611615,9.830820008221602,9.691638013795057,6.995718378845948,6.140572540239694,2.517797806670515,1.8522089223213993,0.6423775427526836,0.8639184679871121
7.4313578440593355,1.3166221263275253,0.8647262759184472,2.0548250801078756,4.925377427818445,6.894480470840326,8.787845088506963,9.925592817458078,9.857289055942426,9.70230330887838,9.793229249246618,9.632864666312722,9.926363179971641,9.947290370122717,9.989503207236954,9.938529624114423,9.59791808057707,9.63412345792267,7.40563627844128,6.107408370881936,2.3124909362666557,0.5436041003665917,0.6109153314730211,1.1451474886055455,0.8284005031014318,0.533459027077962,0.8896252083993162,1.804710842743928,3.8436489557463926,6.602859849337867,9.72622987255134,9.992282588187928,9.790978361711005,9.838785976188756,9.875254588862523,10.0,9.847792830991036,9.814674281942768,9.971472036319618,9.784178701007892,9.805052053507433,9.680974491428405,9.45348434273049,5.770938151887668,1.2773212900674953,0.6984485621097506,0.6822992972475882,0.704972930322317,0.7284192633182054,0.5529077501937576,0.7282334920389775,0.5080791346097329,1.927054268541498,3.596184197602174,8.677269357850246,9.661476001872916,9.898952307174364,9.844797884526772,9.971119922608912,9.752376401446812,9.47762804015008,9.70912659727157,9.700881884427249,9.749802558582804,9.863887356455002,9.733193396993817,7.73210390877993,7.280630268166906,2.4238035052421285,1.0860245277725147,1.0238995294432587,2.4144338916441286,3.4155567259970407,1.006016731060281,0.7228779871705183,1.1023618958913741,2.879088824312852,5.245582479154892,9.004940639486067,9.904692066296137,9.880052856173501,9.50706527017094,9.924452382023933,9.48945497925927,9.681418834168339,9.930720266533271,9.9496915879778,9.76649326465973,10.0,9.851802150800394,9.870536122113231,6.107408370881936,0.7878273102827487,1.7444625607277062,0.8064915557364779,0.9129842205894322,0.8136933486992518,1.1636456789535066,0.7693550635758206,0.6553961503941265,1.6148932957159452,4.739032568418116,9.520391223643024,9.868819708112865,9.984977943762814,9.891873257924138,9.885944624313243,9.987146277869225,9.822286792983489,9.88866071559305,9.950903453237977,9.893728454377602,10.0,9.728461781585592,8.715493403896458,5.794847866284123,1.9481561712079847,0.9787467049908876,0.6540364803859537,0.7071612944618642,0.5812695979151484,0.6314741305544826,1.869269449209766,2.461106093011979,3.6429973436377336,5.337992451766802,9.704541468890463,9.799934347884909,9.841445725007114,9.963399623532336,9.958120441600515,9.599336372233438,9.909344159367839,9.433646313661399,9.65575978324617,9.560270503358774,9.928499382827747,9.688923815157098,9.891846850755062,6.251568087384303,1.3603239744725435,0.9370112758948099,0.6068120969532199,0.7067037756817238,0.6718375377906138,0.9037204719836952,0.7410491806902609,2.0951650984467616,3.2091730298940884,5.0233470768223185,8.853852407952871,9.957754519129283,9.668993363939222,9.958504465758697,9.798989974649855,9.878258308236434,9.681672629925242,9.708852753889513,9.66496077272417,9.885791149038328,10.0,9.94812994894241,7.936496641077976,6.291981722091045,1.4863130383577372,1.158331977740635,0.8332544068955109,0.745490359065575
7.737248979627611,1.110981248379493,0.5462738044739821,1.4643307976437592,4.2142204018333,6.2363863899469365,9.07777598370654,9.779896142843041,9.880932960989888,9.718547739388944,9.769321342401572,9.76241063907963,10.0,9.785599118271975,9.74534771102143,9.68919825363779,9.883619230561772,9.877135175505696,7.3964756587592575,5.7939559827972,3.1026251823958666,0.7028680799782946,0.444594940680794,2.030360994264055,0.6655789557062118,0.9373154381186819,0.5674118463469244,0.697770669830512,2.995387668097391,4.417947824961931,9.012282406586742,9.98575611322046,9.822416309516097,10.0,10.0,10.0,10.0,9.86749577665705,9.824671506558934,9.66821754607214,9.769906537136418,9.876479029226939,7.742386205779423,5.742166997966233,2.4121869731972656,2.1404430096420652,0.8417740399167187,0.6633446130359961,0.6664260948995367,0.7034155870397111,0.6402937519756556,0.5963941428785753,1.4747336174340144,3.812601632891191,8.819945343489458,9.79521578842714,9.669912947352902,9.740530355385161,9.8904472581871,9.895344072491467,9.864275548791436,10.0,9.681645190218577,9.450265538341442,9.68527384099526,9.805519732720311,7.7412637707019325,6.733168474298633,2.476729270654537,1.0658027512717894,1.6889952223908717,2.526950150165632,3.0970904163609565,0.748693836530529,0.8446979155708667,0.7659333263092286,2.3754493900604023,4.668354254623347,7.9293439821301615,9.88643252329046,9.570993719938194,9.88972769793351,9.859521149949247,9.643090100076757,9.701476699023965,9.649772428013117,9.567755739930705,9.722014599919694,9.78273238512362,9.779725351040202,9.627726657718869,5.973164512673524,1.312667112275542,1.8359928533495495,1.3266029594023794,2.220067566201411,1.098233750035416,1.9612194829639935,0.6578879988256058,0.6905557899064734,1.198589461488172,4.028602782480293,8.981990147540333,9.97346150209938,9.74383985382757,9.933977832620487,9.775186675668367,9.478210360663645,9.637807116864364,9.738379652537555,9.853463734672578,9.745072924443312,9.962547637929347,9.696543107358801,8.654906356774607,6.721107998706943,1.3058844858322909,0.7968674828235964,0.6507465682100578,1.3910755223618056,0.768710749321022,0.5729854729879542,0.8412852712988369,1.077842015385323,2.702634475970193,4.97536812408671,9.932598489539162,9.965913446040002,9.844386688172476,9.288478130004764,10.0,9.715257001534143,10.0,9.907761150075729,9.789732198636948,9.910661781129985,9.632413125745435,9.802728885911945,9.878807586219791,8.228146275083011,2.3483584867976806,2.2874838697156523,0.7836013060162876,1.914129947431416,0.4969970470714658,0.4518480954026888,1.3490927409147826,1.9757821602303134,3.454777501353857,6.493602388471515,9.779841165720285,9.674499182023554,9.78324937708154,9.657133999162829,9.849163963361303,9.83549951559193,9.918472697190726,9.966746803572693,9.661887216553026,9.966220111086189,9.842869627986518,9.778553340603453,7.595528794342185,6.005340998517435,2.1947624026624335,1.5117975488274773,0.4241808908522826,0.7498774039109922
7.855202304917781,0.8551135370682801,0.7088169364472178,0.9993457234755357,2.6496570447093726,4.792869990480208,8.579024396596283,9.957465226734714,9.65903126920668,9.995248932851519,10.0,9.855373338026698,9.885877239543648,9.913684885558018,9.986695645547076,9.918495678761971,9.902239401115986,9.582799489089421,9.373097953507026,6.265010142565426,0.7448393036825368,1.8802460583809841,0.5898661748639717,1.1361731351307107,0.8131550035187218,0.5614390874172475,1.05248878233821,0.7554517530606796,1.9089513348752873,5.5351690951537185,10.0,9.85929860207574,9.697707806072199,10.0,10.0,9.649449426585418,9.61032806136721,10.0,9.92454058893065,9.912969524867828,9.982699232302885,9.761663739114299,6.544939394711151,6.332543055001793,3.650951575248716,2.3929732597719804,0.6855366533503875,0.964652471774913,0.5889257873638201,1.7983693101086948,0.8079733089399067,0.7686229752005279,0.6351056807125319,1.943436565162723,8.394144799944755,9.938511659658435,10.0,9.58748977332659,9.816830721447184,9.914731163114517,9.784750138094477,9.476321609254935,9.919151706578756,9.884036350815121,9.279119573550927,10.0,9.71522611026088,7.0546345350097726,0.8519865713178527,0.798907251214974,0.8950801886276395,2.177786504994963,2.1587076867324693,0.7410737120198394,1.0079321009452975,1.0063303764591278,2.20835950029909,3.7547498329784212,7.075264902628427,9.80817283086962,9.912476237007729,9.547043429967275,9.953927040215396,9.989804517575049,9.497481046452027,9.88205413623632,9.776053405554126,10.0,9.860781282267991,9.965796868356723,9.693531105720762,5.936240927346793,1.451528621830711,2.552404614508614,0.8649925103458522,1.6263531801625335,0.8283157629260616,1.464383874355631,0.9000491788089632,0.7746132836253405,2.7292645186487148,6.744797459999078,9.717978607118486,9.640763112004263,9.853872116527787,9.887116693212832,9.974448000391904,9.47023290436885,9.72355263204394,9.810828656715378,9.905074120459453,9.427123935190796,9.646621831973636,9.777495388876925,9.747384496504054,7.524633275899626,0.9322738964904023,0.693708008903434,0.7748237836573987,0.93638780594937,1.0002552537313039,0.7641802209616145,2.4544182720934633,2.5535851087867787,2.905247868336648,6.502527885586823,9.447234098315898,9.59031398166079,9.990731213600075,10.0,9.690753304490332,9.694636914772396,9.9837239162239,9.910495064838551,9.836002242523545,9.666947495206047,9.940979410198612,9.595171964360595,9.937021006796318,7.019678980245855,0.7178361032163877,1.527904972718885,0.9896120810538274,1.8882482270039258,0.7255616181264574,1.252763907890186,1.3827593377382597,1.5243225643457525,2.781744402062627,5.597040128510649,9.404053045693779,9.932589838334545,9.846147682344386,9.93046098384518,10.0,10.0,9.879837554381071,9.976949357039658,9.98982839297302,9.480075591474666,9.247475760888,9.99100367106963,7.732257029712181,6.434482357516106,1.4603067457662895,0.5875159985079643,1.5163635743302022,0.7506865091411239
8.247364163959217,0.8655463347172632,0.612876786635541,1.363621081306563,4.247877441192454,6.989465889000549,9.624255514123718,10.0,9.79971953763628,9.858776183768699,9.583548957629365,9.82562137482315,9.821968113102287,9.776134639657132,9.971102369637883,9.773311104746485,9.403685481733927,10.0,6.684167732693,6.435515965678624,2.5166633671735212,1.769014968680954,2.8241280321951754,1.706860555633904,0.7129294713926363,1.6459414570600912,0.5501371292891901,0.977690083722048,2.437000482105694,5.482286328495834,9.744696241409883,9.819861322395296,9.928605686971938,9.826983771988871,9.980306235222331,9.990414015056142,9.684793792972814,9.593516243874266,10.0,10.0,9.963869664897695,9.703374753223601,7.028771166741353,9.20918232446651,3.690220306708684,2.3898750097539025,0.7932847700693815,0.6003623025203673,0.8007528567942188,0.9751246251156742,0.8654259765877407,0.6324663282721981,2.785633843994686,6.056201322543607,9.908206789590515,9.333673983176478,9.874179002771914,10.0,9.967159965153487,9.14602500765422,9.756586956758335,9.680895313655709,9.842442036817795,9.436995532980951,9.917755835654958,9.739844217277627,7.789290531862245,6.152222684603864,2.1152045693273136,0.6818169859791322,1.5235190939328724,0.7330327460214351,2.739458536929593,0.951969538698129,0.7373981319717102,1.8519475954857212,3.2590568597700633,5.039484493677505,8.836066457918891,9.957850083306198,9.806743629028588,9.465369321407152,9.71579562965747,9.636494051254216,9.973361996934342,9.909527709639326,9.704760635522737,9.710788051671965,9.892086864923568,9.904025640626386,10.0,5.982488300590681,0.5733168736318396,1.328945331993681,0.6271920428452791,1.2361468170525716,0.8221209351460329,0.8530056561601511,0.7703062787325229,0.7035095248480921,3.175069059334549,6.185348147983181,10.0,9.82118649271951,9.749050413173663,9.733973163068033,9.931232289679805,9.92761134856908,9.869008711349558,10.0,9.948093380311741,10.0,9.802386734168461,9.841774353097875,8.347840471265782,7.650241777738495,0.8385483655985426,1.0209723604662884,0.566649363169538,0.9532909276012865,0.5345601540788706,0.6083239988893495,0.7520482842927076,1.3018967731356255,2.0375813380419032,4.859056278067505,9.928709948543192,9.572716736436924,9.957443131850853,9.739709009013064,9.97681698809877,9.952217993170878,10.0,9.874787195006538,9.91941068912879,9.753143430508533,9.926924573700315,10.0,9.629976306836427,10.0,0.9642995028852486,1.0336720746756634,2.1299326326930146,3.4023499627955243,2.1032926844164317,0.7649130039115911,1.4305800762182384,1.7133473009509252,3.13961428090422,4.602032149887985,7.356084258985346,9.86726327233977,9.907107966979176,9.89432334044064,10.0,9.692807286782154,10.0,9.855992481390437,9.827806531138089,9.573006789155277,10.0,9.891076849906986,8.469082238817458,8.302702414289078,2.5499670140945803,1.517621491260802,0.7842277529000704,2.262817750733336
7.957719900477016,0.9423395493006137,1.667380223878065,2.6709441697310345,6.704339014591042,9.854083606873655,9.949072783946052,9.842375891799236,9.969158938260712,9.998439803689202,9.788266433542537,9.939723327688029,10.0,10.0,9.65160491668064,9.724811632682334,9.802845646830946,9.923040951557413,9.003633260678667,6.278275744735248,1.3030962275086917,0.784942963499442,1.9796947125207454,0.7894980309344679,0.7493404721156637,1.9636703277447634,0.8194575552159985,0.6099232903984753,2.3290178221508056,3.425353907051903,7.258353687991341,9.912444010260257,9.974277039673057,10.0,9.95607967832693,9.839251910646484,10.0,9.929114633820614,9.746114586561294,9.78580189421804,9.71833976259474,9.701321861706749,6.391370455118487,6.3505871188563585,3.6162153093984766,1.432267114596604,0.7017215590676404,1.793286055375194,1.4308128861942992,1.3141706785272689,0.5217991759918221,0.7223954309147228,2.2122397821235698,5.501127166354017,8.28711631208318,9.865888144327291,9.784977400877484,9.722207682001564,10.0,9.990887473791245,9.829181810891889,9.723975391808613,9.88662649655239,9.586221567447675,10.0,10.0,9.580222497054761,6.4247896882311615,1.3683381527036174,1.4137439223388366,3.5093817623005825,3.6067310876605108,4.101964047280219,2.455422024056113,2.364301031033345,3.7273090599463354,5.659619975088776,7.9611378727620075,9.804421434605368,9.766440778819467,9.717452391454385,10.0,9.992464773658648,9.766987133473693,10.0,10.0,9.766721011589475,9.881477113927692,9.896495768967984,9.712547103117855,9.568239817990726,6.272355470479494,0.8328741650521174,1.286649592875802,0.7637209178351807,2.5781742780592323,2.539144823025727,1.182706970609129,0.6366898479054325,0.6532812557505403,2.0432553219222247,5.012716304885138,9.663560918299144,9.988490936911058,9.765026072189317,9.737198568668589,9.953822105254606,9.841020523903723,9.710155206099037,9.54626557292467,9.825822663845777,9.965846822516472,9.809142803927182,9.76875264095287,8.132188253480003,7.927019475080843,1.1632039407960053,1.1082609585250407,0.799492799085774,0.6936208891737038,0.8191332405479929,0.7993155008573156,0.856258524702055,0.7866780604594826,0.5919455033604426,2.7252731810953534,9.988793045376266,9.740330714300052,9.789965733076839,9.60320858717072,9.865514857093071,9.820712630827106,9.812815186567635,9.670297123657408,9.874746908849609,9.886201975309012,10.0,9.847093711383897,9.991396572755246,6.23573240373455,3.1191224522669554,1.1551393150464915,0.6214949653490566,1.3528864172234019,0.6289420776151221,0.8007658592270896,0.8134903534336563,0.606676966702084,1.182266372700853,5.0705824617954525,9.903864052972725,9.76944187389334,10.0,9.971822032478514,9.67799749578066,9.456089211030019,10.0,9.746241910620691,9.889871764828756,9.964510653392955,9.869466694946777,9.609834319212608,8.78684329383169,6.983255755700492,0.8903051066431376,1.1037248690701702,1.753941520265211,2.494699107064563
5.96628551367141,0.824854946723332,2.1284640376714026,1.6754807227879875,5.3870927003941285,8.078675778094802,10.0,9.709996528545432,9.668896978233152,9.480132970791363,9.908065743587198,9.893729398354557,9.801389904102425,9.678676195515404,9.928239853622093,9.711972958447284,9.925002188577105,9.856808473637349,9.33171974291454,5.954197328752395,2.05639933872292,1.5800764267766367,1.5368001623166476,0.5994061092595352,0.3457129706978706,0.8335890654825927,0.7713625238240646,0.6804142462180549,1.5223573484289674,3.631394081686923,8.433657099269913,9.998029414111846,10.0,9.265234411055319,9.69387942695857,9.726382845792264,9.990547713471548,9.486755112068836,9.834201758222925,9.731778936297339,9.83090277948951,9.860597749903999,6.151371652555798,6.513975197092696,3.216177929423,2.1973856438923316,0.5878487753634349,0.892654800489652,0.6381434356509542,1.0694434036667828,0.79170617569237,0.63299632936637,0.8661972335176917,3.5967348547819022,8.113605812805204,9.761329946895327,9.837762516963437,9.814155528309957,10.0,9.886714808596125,9.680821486963943,9.689935171699886,9.955082625835976,9.866942633091224,9.879376879475723,9.666142523242419,8.724965705387127,5.851244296942444,1.0485854043870577,0.736922224369953,0.7750625510597018,1.847840873754072,2.9002988707707242,0.9612321396850261,0.6179332367063493,0.8587926525100961,1.684808842650391,3.1696756074819037,7.53174460282418,9.336147592508476,9.860556257785655,9.973274586985184,10.0,9.649002730443437,9.975680539718292,9.949574731797064,9.975303823340347,10.0,9.461014288187993,9.63284250586768,8.780730804690343,5.885048619994863,1.6421630444710673,2.0656667939216335,1.2693416516723557,1.0731176001783853,1.3407958886261864,1.4286621092030558,0.5707651304063015,1.0447986585944038,1.3296747514697846,3.2864892743649827,9.559394935706734,10.0,9.959402738417273,9.573540702959043,9.889891781494539,9.781083618871273,9.732517677605824,10.0,9.975598660621033,9.810315948908432,9.90560773329255,9.989648725909797,7.877248581281215,7.221429611676784,1.1219544207230208,1.1469666761436152,0.8210402752306317,1.041372473354575,0.9093858237026008,0.8580287039295564,0.8544706036707969,1.6593516990484503,2.884266245541896,5.368190386968483,10.0,9.673255946195319,9.990847589306824,10.0,9.753633876470216,9.489439672905492,9.948933108699503,9.306053121928151,9.825783541969676,9.93891200968953,9.761009980113743,9.617138888670175,9.664625389782831,9.859710271107613,1.8512772613310502,1.2867195243190297,0.7270489488737222,0.8604329446878782,0.5210206021459708,0.8301603466899437,0.7242782956860673,1.2573629525259065,2.450062025617911,6.239728570073298,9.834057748442302,9.480662040540809,9.786387546063326,9.88410974920722,9.254610585391204,9.820759027019783,9.8819856269535,9.946176300415585,9.904008303652116,9.972941722675449,9.713909055231252,9.5272724333063,7.990028466295959,8.141778180854716,1.5021679536990598,0.6820595915845644,1.5620465023216688,0.7552694823533258
6.215309106378699,0.6699518661994335,1.4609421227250063,0.8058001567086576,4.125118490672067,7.647199435547138,9.959139219263019,9.722388248462249,10.0,9.337455204563605,9.856843685578578,10.0,9.82841116223285,9.928234586674428,9.780844347912558,10.0,9.736102318016668,9.98634429056944,9.347976275591396,6.003270536129037,2.086058414928256,0.7215027945680194,0.8404812613493743,0.666812300071214,0.4752661052804158,0.649316237150136,0.7509507723437242,1.1630878048516804,2.9613142398801013,4.771293710859541,9.982649468050779,9.9188562446207,10.0,9.931341891051515,10.0,9.95829560309172,9.474836387088072,9.63341405011514,10.0,9.942593534232705,9.794596155122177,9.894682845027948,7.696673759162552,6.230904807735586,2.0204481024569825,1.6002340030112205,0.8930002331426561,0.7256413296152011,0.6368554816747586,1.21410109106976,0.8823789653603347,0.5593149455672345,0.8406792182524896,2.505751200723393,9.188541002060486,9.836462220014964,9.77118449133169,9.925316823251565,10.0,9.789585218083129,9.908499671593143,9.761522698502738,9.979233707138274,9.815713121052495,9.969639116241368,9.744432387561805,8.887378884487344,6.422532942783869,2.0503396817675075,0.7671274442042844,1.3798408396205137,1.2531319192882875,2.0496023444218023,1.0572389920515517,0.42504614658431783,1.4110628497097493,2.1672417591521964,3.9142832862799484,8.699481324094215,9.691716534123298,9.941900587562374,9.777865356145227,9.946777611124354,9.751286538371598,9.77759329882937,9.840025301251652,9.90676306497114,9.885775728336798,9.948218512515057,9.976289119891478,8.938177520322709,6.116725233807456,1.1532002020544607,1.9554043621524608,1.1021712867524887,1.4525571985368777,1.9887386650510626,2.1011128052430186,0.8969948964915375,1.0760223051635691,1.692084246937633,4.330065215770565,9.778275011241032,10.0,9.866132542916773,9.872873360370697,9.70419599126679,9.671793113443867,9.967400295159175,10.0,10.0,9.708896679449701,9.875395076247166,9.982807094112992,7.898786269841898,6.40776162589655,1.3463399731206338,1.3659709551351673,0.4787530200512316,1.2306349208466387,0.8282406956285221,1.1482110427759213,1.7659622756890596,1.699496341097533,2.139745103638252,4.135379073626826,10.0,9.929337029411784,9.95570721755482,9.888925486200577,9.700853804512679,9.490071272255141,9.958072091147244,9.950444756216799,9.871081767400725,9.805138271967165,9.834894095111585,9.935337291311566,9.804117955492533,7.4405466173424095,1.1921327901067276,1.1740230940862557,0.6823772180188981,0.8688080487782166,0.6641950339904618,0.7000901237037175,0.8026257924799275,0.6053685084052517,1.403848623768873,4.619727229000753,9.94327508620854,9.849466830147986,9.98192231129047,9.98195421305887,9.935658767237333,9.380572342762317,9.813001296801952,9.981016266318314,10.0,9.999832960093947,9.542208805789544,9.350240134157639,7.89402888677173,8.19652666063326,1.6605657528323783,0.7863411781118488,0.5874643304061508,0.7741370245152315
6.944888065528135,0.7446556592804379,1.5442237290679146,0.7642318889036422,1.430287284414149,6.034969387502109,9.602046048049907,9.96590701113554,9.75820583928041,10.0,9.884390294282131,9.157422360432784,9.800132896844742,9.990344810029752,9.77688690439175,10.0,9.71692432649667,9.85209584944558,9.840048093026105,6.015314901755506,1.5559121060252368,1.4400016572587488,1.916778164711879,1.2342067877081229,0.526268928342404,0.9853770289138902,0.5171539067379342,0.7813807709362475,2.333057936875318,4.028814885055618,9.618175903788682,9.961674453710991,10.0,9.842090423668536,9.623411417009747,9.92305379679268,9.887012516141269,9.694713590062618,9.975552633282415,9.729082850585657,9.89507890552904,9.831171800859293,9.058680000068653,7.237486630990225,1.1948105626205117,1.7275358316001954,1.9709959562566626,1.277478723047946,0.6987782268445573,0.8639557240752087,0.6102211846842848,0.761409235705988,1.6395359622160006,3.87556318421738,8.999756980509382,9.726689779211117,9.88752776949181,9.96210742589925,9.874998450682748,9.968739004838174,9.81723898796714,9.822020835393884,9.878086834104222,9.916893096682498,9.554549820429589,10.0,8.117038558822252,6.180524712656086,2.8515696749498574,0.7448587050751817,1.7980950710375239,1.1810559631157793,1.386697675510232,0.8357426705235419,0.675327389428809,0.9368580888636662,1.701297957742789,3.3053630650466794,8.8960415142771,9.941309137764351,9.538018857799258,9.98576368598542,9.628557826411988,9.928833864516715,10.0,9.709974833845113,9.601343816458376,9.928413992009233,9.497334482103703,9.793550617889858,9.635335945451088,5.886598560489597,0.8224477781668641,1.4080875948073444,0.9403962513498634,1.9628579213638446,1.5479119667382588,0.614694099822019,0.6307208981625338,0.8491857480230455,2.047505682748439,6.569454018168051,9.809450676877868,9.999741175923909,9.986984796500703,9.695807335724055,9.84578767029914,9.541090156330068,9.970110021184292,9.78699831411079,9.346872392475312,9.820031730295945,9.46358400341357,10.0,8.277751718894239,7.275815616438318,1.6012574709976661,0.6642236103947722,0.7720014433005918,1.174718541292174,0.7432892216354579,1.561907954627109,2.3592479856167206,2.382683382448272,2.6274780105767257,6.943598017792873,10.0,10.0,9.832699153266754,9.607402139315163,9.925494760247673,9.636574690924277,9.864440340803656,9.93450718856588,9.602550394804217,9.81161562127362,9.938342513562654,9.755136028444939,9.385718622559308,8.290630311907151,1.3698383713531965,1.3820054501899173,0.7841701364882884,0.6092987596848641,0.7321947784407958,0.7019290717960307,0.41844639809765194,0.9813950958020755,0.6574525427238168,3.713312394142397,9.238796600449087,9.930851688668275,10.0,9.568253280500086,9.781148627257844,9.90745501153823,9.451703519708738,9.894545805736398,10.0,9.707844871682365,9.646381381579499,9.995875277987983,8.591711398334759,7.763574084850588,1.4568900685520174,0.9369127000055559,2.001077569848881,0.9442187192871436
6.225494122880378,0.9924865508912638,2.1084890096471476,0.6582912421033708,3.2003024870316947,7.888982023477791,9.921195046493168,9.740785111922182,9.869957619491611,9.755506106721464,9.991339577463217,9.921980149190093,9.781747478104178,9.66019295452481,9.718437290390135,9.750046686367769,9.657643398450249,9.57670844200799,9.969018854677142,6.06654543845892,0.8976450114166812,2.1940017762272475,0.9373432234192722,1.240814936249234,0.6538795012162903,0.897331046749736,0.6118040266061382,0.7401366636144692,2.9828279110070124,4.420942570904021,9.960403151782252,10.0,9.930058428631396,9.309637663610935,9.693851014263847,9.277887919887064,9.968915494369567,9.699656013094978,9.830394093022193,9.86063519594124,9.717583441651666,9.535608834939472,8.268128095625487,6.065023493789364,1.6459377775606239,0.5650720363483916,1.1923904421327656,0.8823558139287061,0.7827850361201756,0.6147330564963145,0.5467289155794672,0.9702199353145001,0.523078655080415,3.840995103957454,8.867234241799629,9.881691322654849,9.959544230456308,10.0,10.0,9.992715270099838,9.879492018249113,9.982256058122163,9.596893642946249,9.438462189496903,10.0,9.980765735155591,9.069819777914446,5.9364829166960185,2.2362037560185444,0.954013395044959,1.8478678332322909,1.5064116795425808,1.1999994134168166,0.6081995042605246,1.2984976588563133,1.3579938185127554,2.0514179345005887,3.263869528305383,7.888980458843144,9.649055093083353,9.88520843400682,9.722911489743721,9.765189490455647,9.773494564615943,9.839048662660234,9.706948596096668,9.985047244808484,9.683241401465917,9.450969968309739,9.972178957940741,9.733304972344186,5.702748388869735,1.1491793943746738,1.6429797896939706,0.7654511163413712,1.8866343456106076,2.574863114129321,2.153507011215807,0.6928671532193372,0.5867455665226949,1.0538061908969076,5.458849911792009,10.0,9.867112517785861,9.869592472813702,9.693416262974315,9.914559933244384,9.866735811963299,9.659752176565677,9.982478022027895,9.937027578395703,9.527759019560207,9.848074258959114,9.619510904012365,8.45537087943086,7.19891520707979,2.0074707100467135,1.5732755404505294,0.8381184155943481,0.8245095414855412,0.7277700491397359,0.791884756279951,0.655784659403625,0.7090515616489668,0.595113506067762,3.4556816395430725,9.853045984669702,10.0,9.608417786861043,9.835093812338027,9.876057920972901,10.0,9.612642862878644,9.928889618627606,9.867437608844174,9.737688154272316,9.637887826269013,9.962266297702918,9.788233607175062,8.39348447246695,1.4705382856359719,1.7080847394413292,1.1990690123916088,0.9575221135575852,1.0671101535846574,0.6718254561899395,0.7339125998141596,0.8703634624588487,2.216651490748923,5.793109370918152,9.95821089881517,9.985444265786372,9.804016283428886,9.867355618761838,9.803375946664511,9.901042374776702,9.642179845986467,9.976947171239246,10.0,9.874730822490521,9.774706883924955,10.0,6.092083412312294,6.089647229443154,3.5276821136392167,0.7321787492966254,0.7948521145266816,0.8017767256972093
6.461018293445143,0.8017610072327422,1.8696919878568508,0.9215357293680093,2.4677455387511933,6.757023108273904,9.72731325259213,9.726042552492821,9.824868420995406,9.869685345356253,9.644069716302017,9.658466711322994,9.618653335463994,9.63019194512404,10.0,10.0,9.81734336599701,9.803988380280101,9.694574239406336,5.8267146642315755,0.6812465355018795,1.9525363459557088,1.6966359519722538,1.6840687335292737,0.976565002462794,0.7068428368668341,0.4609635274197954,0.872128264891094,3.166467771244516,3.4125598601967884,9.951348117862482,9.44756950928297,9.857815221389307,10.0,9.938113499325697,9.55958312140106,10.0,9.530254869787498,10.0,9.61170681760713,9.963363470522312,9.844053160915959,9.304894664596993,5.9839896312793535,0.7016506121042488,1.40247767826967,0.724990786784645,0.8333766774635603,1.0898975166367693,1.5442490882696838,0.7482833621704172,0.9687535236001653,2.1995376638360256,5.2610487553263745,9.078424012088636,9.927169514014384,10.0,9.85429956756096,9.960207953994304,9.696169743564058,9.945458163098444,9.551684158119674,9.594591375229367,10.0,10.0,9.645734676437819,9.287702259478289,5.944703873772713,2.0754969349473233,0.8575124452144192,0.6589461652872218,1.234148651444131,1.222192872728902,0.6959492905206578,0.8824180078262258,1.064246008925965,1.8727439619924953,2.944949278716222,8.153731294491266,10.0,9.742949794551533,9.884983011058182,9.706595931688877,9.618141099630662,9.541093321219257,9.62002484545554,9.638751909339666,9.983732770642705,9.90571680729824,9.871344623692547,9.073971095235692,6.678224824506195,1.8099223202139747,1.555441681120659,0.7891099494850594,0.6847667999860749,0.9464009523497839,1.2982391017230148,0.8168783744677376,0.5347803930028034,0.9241881123488885,4.430258632310592,9.822746311903256,9.581359647304748,9.867649410929133,9.822938476946085,9.715480755550766,10.0,9.802262401573389,10.0,10.0,9.932321218071998,9.747339001784516,9.383480706203162,8.915194580207563,7.447643191937454,1.3298557558799118,1.7905446802204832,0.8864757179528477,1.0436561589193274,1.1906135035591836,1.475021094302744,1.8903487377482457,1.1113231142578788,0.6730166736900638,5.080894920283531,9.991461260417434,9.984476697269269,9.475191097439184,9.798907387578812,9.875427963042396,9.740014431454886,9.944255440213592,9.97387842289908,9.824596357062763,10.0,9.955156652939499,9.94821563411943,9.99440651845004,7.11013778461529,0.7464469781598048,1.7591676458880396,0.8793039468639373,0.8494592572513117,0.7935844810418263,0.7380030510216627,0.5427461040345112,0.615549911258092,1.4613857179632728,4.454263796618032,9.694224567769261,9.816338581534081,9.393635441595082,10.0,9.628992177259837,10.0,9.60723398420659,9.600624094588754,9.460392475418386,9.56439680331631,9.814288059516196,9.89593655714239,7.1564353546548904,7.13266437274541,2.1988359052131834,0.7726202395234059,0.7712879364848789,0.7799037755582704
7.103986327047363,0.9310952143368224,2.700554387367884,0.9316321898924756,1.692529879897395,5.7432494107437595,8.76306472246441,9.609214934247237,9.901587912974806,9.981207689707466,9.889824771463097,9.675754875092753,9.81301553368593,10.0,9.624033051224677,10.0,9.969625580519944,9.90995634665932,8.615993167153835,7.121630017842977,1.946806063889901,1.8899281758638657,0.8198278247113758,0.9949119253222303,0.5794838294880016,0.8122582247327536,0.7806579104197111,1.466157343376835,3.406604072482403,3.8578249253198313,9.65840773936032,9.752947232743052,9.769487180984278,10.0,10.0,10.0,9.300846986294125,9.821237318506823,10.0,9.838700217373107,9.942430177112035,9.910638790373978,9.032770593042581,5.98645115727459,0.8391484469358619,1.7762929413790471,1.1790191283899216,1.149683561763026,0.7804089072254506,0.6644264011605159,0.8099892083541615,0.7167054506460641,1.329206100894518,4.588648008490688,9.345886913048556,9.95958435194989,10.0,9.8808550223041,9.913210670547373,9.947838880774142,9.006720922757632,10.0,9.905121992144487,9.93421484946221,9.90491712214975,9.764679933690019,8.932495892084413,6.041199682796076,1.5347651636271795,0.7456272167371414,1.4786130088926837,1.9272450383513133,2.2197959075907945,0.6826009463816793,0.7519399931626937,0.9841836375995312,1.3313815413115515,3.299244129737111,9.580537906615895,9.892671789866467,9.527996464423246,9.845338238481675,9.425098484840703,9.862727440200738,9.578962822536376,9.692705880722045,9.97147099277771,9.984445561101666,9.839573454444263,9.740753692104413,9.131647648751368,6.056508677410594,0.9592117330885984,0.6450592325997732,0.7515053024545969,0.8795763560241815,1.6832423368669183,1.2467931376149142,0.7949089361611642,0.6030468998700714,0.7379797917645932,4.786717466256259,9.91511969490825,9.890691402006457,9.907232930201111,9.929407161372811,9.922772696311398,9.705449910720738,9.743607167833432,9.851798684937513,9.788152673839438,9.74419867978511,9.726049081123037,9.706547555242555,7.643782573192052,7.575464008949966,1.7393899313675816,1.5118529828629073,0.776897491195328,0.7097910063075813,0.7343180952389419,1.181093433737653,1.8359157478665118,2.0208014357804327,1.6353775294968391,5.3422847455971745,9.83006933832363,10.0,9.960519387935324,9.998446558567215,9.644496661758042,9.47985027492918,9.724443798592329,9.977715967515456,9.970079264235855,9.672961363273275,9.939648097092896,9.956213114848252,10.0,6.881621394764608,0.8773853249502365,0.6540583378292801,0.8706489013679672,0.6993639507605506,0.9304542807310863,1.2283574492072171,0.7471392878808126,0.8723283528447248,1.8504518763697588,5.119887818241767,9.394440092923585,9.735564989385377,9.99416198677065,9.923410674716424,9.81320189793639,9.852397361138017,9.866095517340286,10.0,9.874033475699644,9.651467301874604,9.842253148770883,9.904407587452143,7.445433655410358,7.594065763672381,1.902339781429215,0.7332862309312074,0.8922340151033092,0.5316869820515115
6.151926981055765,1.4295957074982373,2.7403752814916422,0.8644721548498336,1.6084214193169837,6.038515071477857,9.550883392922325,10.0,9.913326681626547,9.90318614794306,9.829430983708423,9.669388886950028,9.921445877846036,9.54203412520829,9.413404730411314,9.866724902122161,9.994748487548408,9.770261716498206,8.056703976581787,6.291740935216553,1.9185239488432662,0.6662591224596047,0.7445695163465522,0.6874610772496011,0.5771999368806521,0.8179827196019873,0.5610327244734278,0.6239485562690481,2.6637942485430965,3.667835585350188,9.546199067967448,9.988649633418905,9.67287259202191,9.49393754108992,9.989355299387642,9.6352770329192,9.997036007175804,9.893264452494941,9.868548292817772,10.0,9.805611155035376,9.750393574918172,8.157600747573154,5.969677810559385,1.8000633758907323,1.156632589407928,1.9245905907082566,1.7263580195659638,0.8485886306947462,1.5839115016628837,1.94283510384721,0.7831328288748903,1.6828464616152843,4.078695529902609,8.91896915238612,9.737277100872701,9.990723769789563,9.532375280868322,9.377587701814848,10.0,9.7579796962572,10.0,9.968642464474236,9.772889797559593,10.0,9.560176079282108,9.036374069398057,5.96916613923016,1.6162759479252555,0.6366440145123928,0.7699765224879594,1.7046083069238496,1.8204648769436247,0.6280768363717932,0.7634134143031783,0.769175202439823,1.0639139826780357,2.943329536783742,9.04544665656406,9.978049520315436,10.0,9.56487434518601,9.742052673296778,10.0,10.0,9.684532343628591,9.890556811758048,9.922222161607099,10.0,9.948877135589587,9.17351076482668,5.78911197429496,1.242903049302804,0.5625803881119932,0.7124493895860181,0.6272903706454449,1.0879725214986902,1.3121532116575687,0.6427573318788419,0.9692877779883058,1.0804396187242022,3.9536005980471396,9.881677180309001,9.693739947870695,9.834482051418952,9.634398236952137,10.0,9.989683196942861,10.0,10.0,9.676299304348985,9.655098139642208,9.983854854787346,10.0,7.799529086185525,6.935684804835187,1.811373838546458,0.736390673331438,0.9810861823255619,1.4161541434678617,0.4276472048625432,0.716026580970219,1.597961222414852,1.1701262894595752,0.6998788572339968,2.9282095506470216,9.584746243649317,9.799368177160057,10.0,9.732471289777381,9.99236741788716,10.0,9.816672270051106,9.865833045298638,9.946727357835337,9.598204868924562,9.907059556825335,10.0,8.880375747535208,7.525614670361254,1.215087765667465,0.7401670396200665,0.7258408884235443,0.6616459523617915,0.6491720536885528,0.7082505193353549,0.8009823122584067,0.5745942932005171,0.7444855464431832,4.661788499378381,9.596430050048152,9.88575530798483,10.0,9.984022139667331,9.882993012552289,9.921709089708752,9.889350162277031,9.77264307452199,9.69011597723251,9.970646477089502,9.792172415954894,9.49968837635038,6.713522558280806,7.376088891608765,3.2842044599642377,0.7974337875834678,1.1515350930063022,0.7228040089103249
5.770269239308736,1.5637444316566453,2.384399803831567,0.8081408144279694,2.176673864887192,7.659659808391486,9.870964713233942,10.0,9.817315893007493,9.543258992000757,9.962124916090765,9.888906005344202,9.876613052898739,9.70976664190654,9.774700449381735,9.915955213756439,9.94591030028077,9.631560294057268,9.290222844723083,5.480621556871096,0.9716894426071503,0.8765562252917296,0.6534226741580249,0.9203380806555206,0.7286449606435648,0.7173719008131937,0.6575909090787606,0.6583430561474173,1.6856585188302944,2.7333986814249087,9.682556595881664,9.926020478919162,9.946119393211982,9.334339437709382,9.588599659624506,9.997664091173261,9.991645932019972,9.63654495198481,9.944631234609208,9.8203824583063,9.3196195434543,9.947687045930854,9.13848497671125,5.9541984649967725,0.8921825884998892,1.748733802029471,0.9697094098448316,1.1293700297123759,0.6241149962823458,1.0681163971292453,0.8992418273060574,0.5929239084676433,1.3970968197840714,4.314571648625738,9.473707350500602,10.0,9.863720973510967,9.836115674945722,9.531817330137095,9.383780728063774,9.586595718181208,9.875396280009415,9.99046914561649,10.0,9.8783777248522,9.759156847033596,8.955345304218875,5.925216532999015,1.424686002943138,0.7117908283891424,0.6600896504327042,0.8395898758568765,0.9055261903238572,0.8432323461087472,0.9857324725942909,1.343267317942598,1.957487865145015,2.8265320310848887,9.250802500990053,9.716950767462352,9.737866450041787,9.923362956880528,9.889302021023164,9.85196287466104,9.995412397808073,9.447058315836378,10.0,9.606164567540437,9.893362052969165,9.695875268279538,9.668323798448956,5.808654059512488,1.5590135882786589,1.177582852392922,1.5279462430265687,0.8697056446640006,1.4485325421357014,1.4066652653304093,0.7268382361284726,0.6374483072437614,1.0512903186157434,4.323069667386813,9.83735234733245,9.673707334252706,9.746280091872194,10.0,9.732990619317706,9.591191260365044,9.62126389482919,10.0,9.786435769154886,9.871976521852455,9.830011948463389,9.249151877883493,6.9010344260282555,6.840499829418419,2.2465026853025902,0.9979738499270165,0.7417518421192988,0.5980660270570158,0.4940344966080775,0.8862442986402171,0.6951826052467154,0.7251998440008419,0.6167461377100454,3.5444126834773986,9.904163694816642,9.77666971465728,9.723777028181583,9.59318838998776,9.711444317612058,9.896794652785657,9.931469611871336,9.522876760063582,9.671965993890046,9.818436780269803,9.973905971787811,9.565746352717225,9.42449058373083,7.429029292639877,0.9013787035765575,1.7390649544402266,0.8125740703626856,1.3654885003700072,1.2864657757696094,1.1075572715407795,0.8399309414391787,0.6490629025844915,1.3347004954681143,6.112132596354258,9.93078978091684,9.912106681609828,9.862017196011502,9.603833164019912,9.508756791598154,10.0,9.918037987294625,9.526682082825456,9.972408429187677,9.715137243574645,9.75288361934115,9.593394232285856,6.4281170626030635,6.96088439457288,3.3059890326324375,0.8926778801088951,0.9071065927444326,1.6663583894997676
5.940688216452982,1.446243736804726,1.9895309880287348,0.7777380261059172,2.5089606816282966,8.438213963706014,9.927914235077681,9.585821356542755,9.840178989118261,9.876232966813417,9.599062754776291,9.45207752747071,9.934433279329687,10.0,9.794233360051113,9.930605408564459,9.72162959114854,9.405005157025188,9.305685078511322,6.174816684695466,1.1164059055267497,0.715853742768444,0.6836466880976703,0.9291103295427503,0.7563743148694415,0.7025289606372463,0.8315366127089616,1.024029630722075,2.090060817628956,2.548070159858943,9.90114317851496,10.0,9.713743471614503,9.851951149724039,9.733893912458845,9.451936665882512,9.922275725317562,9.641390723205042,9.898766768526146,9.859304834036939,9.526294640388546,9.712432065541678,9.62964172950821,6.058711092384837,0.7048123860588207,0.9956127762631131,0.7342244897146193,0.9789082040888087,0.860079867564182,1.0323936034426762,1.4236391727562028,0.7768224920257162,0.695735003247613,3.5317453058552393,9.832790163366347,9.978696149008162,9.867014622014354,9.999570335933043,9.807363296884384,9.923009098038696,9.861482168560812,9.508008902852698,9.971872569981985,9.905141538361983,9.776706025067618,10.0,9.004907432893651,5.894318181540711,1.049227251232276,0.7418812252300063,0.704537211617294,0.9354493516953828,0.9529332276427588,0.6500476049680153,0.7714305582320008,1.2303600151624505,1.5427126392323713,2.6792537372770004,9.445099743709148,9.306628433831778,9.903435386088297,9.735055997777987,9.528757485850054,9.82853372644072,9.779501768645154,9.818822172949863,9.812422371470626,9.987993735131575,9.79372954443594,9.855533385194418,8.29650013009332,6.124211413186551,1.0384695264299462,0.5210402422910535,1.215792401237782,0.615405438180346,0.8339687998880483,1.1909447754672986,0.7724050259098036,0.7615116658330078,1.1695750539329413,4.4419499228705615,10.0,9.99636954242234,9.701337464639812,10.0,9.977696412440118,10.0,9.911796176645614,9.934924322001727,9.898683955659928,9.449934433580456,9.748004350860631,9.322411322767527,7.183720243086534,7.005518040826785,2.024500902645689,1.1933609261036222,1.4625757472862162,0.8355633712265348,0.6535602000252547,0.8540217305028305,0.6847253562420066,0.6881027704275512,0.6406361548541136,4.626056163996786,9.912893319863601,9.724995067026223,9.956279165618293,9.63005758496056,9.604377577097639,9.49326617600003,9.516283718528818,9.908858288186899,9.721330268551243,9.538297064383393,9.728164405967734,10.0,9.27364077403823,6.792583742549154,0.8534714589446049,0.8569449549418694,0.6647688982327047,0.6546823819079628,0.9551759950774696,0.7655777569304,0.6618039892456322,0.606503689644489,0.7983595320799185,5.160997065989864,9.905007064418038,9.574092013904362,9.722995611906786,10.0,9.68087707839463,9.77771767472956,9.847828173205212,9.94869581619489,10.0,9.903533804345278,9.76361831165339,9.640386742456435,6.970012508423592,6.940446663046433,2.269247070103941,0.8231378708328462,0.987078849875973,0.7395717290655927
5.743184709834526,1.1240897264878837,1.483762742310235,0.7237926234165065,1.1299486582691618,6.427410564039578,9.587042716939491,9.705196068928869,9.742001317823734,9.611522648773017,9.835239098652638,9.790081873650317,9.980724438180077,9.747108164856797,9.851336033852373,9.550447905713229,9.960412517043137,9.654819939372892,8.608758094918066,5.750445837816749,1.5504826327449621,0.5565245239675624,0.5501982097261016,1.0942934767115682,0.8195162441835744,0.5934490006931887,0.5643438811498318,0.7822083536221877,1.682270115980085,2.5441224186018108,9.725846076517884,9.981861648905358,9.886830122395358,9.869835748519044,9.96861802976466,9.970557456168377,9.912348596344353,9.773206441201783,9.520464539810813,9.768510973363195,9.832747073918888,9.693683779842143,9.297805212938284,5.656367915176731,1.1814640147500197,0.8124012462960499,0.7486903757626878,1.3043739964815289,0.6905126727254068,0.9453399050012024,1.2208243151338567,0.6127305659185829,0.5522599574286438,3.115505618186525,9.99825416829372,9.781765201335359,9.797838501250938,9.739633580699264,9.583327566926787,9.538079354392634,9.867972085616811,9.894682913860702,9.798023580086806,9.83335671430634,9.855609468220468,9.822433736223935,8.644649294056036,5.743184709834526,1.318362340011857,0.5807414415791197,0.7778370389281763,0.8893876215230883,0.5450089460916678,0.7326970460885931,0.777793181085127,0.5732714825590172,0.9889517766658392,1.9765714728426795,9.485619453090202,9.74575033729817,9.522970760349986,10.0,9.931872711263374,9.741402558483738,9.564560037000092,9.895786236030379,9.795046190275977,9.841212335258811,9.898454747738578,9.884336836525971,8.727776551555042,5.872999740268285,1.1899434932138466,0.5967439937503276,0.8029683093826341,0.8239531284553341,0.8074417250668744,1.4948393577512782,0.7526017294890655,0.7552923696385537,1.3754961456634125,4.562069977298305,9.805884325259976,9.952411624468512,9.697175909326479,9.983827706306371,9.952137128645022,9.874022049858365,9.568740729948109,9.97904746752448,9.98753161170688,9.79622709855118,9.903300471662691,9.86896150734287,6.959765435366166,7.327090751783304,2.2774162711027794,1.7105665488432826,1.9295014932548833,0.9992645154356941,0.9791924036559725,0.6268214626459406,1.3593395374867465,1.4763771106336998,1.2830786253509339,4.378976055075167,10.0,9.843002343140919,9.927595011106227,9.711316669409157,10.0,9.868173013157115,9.909748999711883,9.956159096983598,10.0,9.586344891785407,9.444563401210432,9.938193821253966,9.05894773649621,7.157339066008484,1.4552405084008115,0.4201443353716485,0.7533294063866738,0.8132631245172619,0.8744883525404952,0.6388776057147253,0.5964231853901759,0.5486750457915966,0.8004831811733276,4.39342943286724,9.836851503698997,10.0,9.990479790540052,9.699113534363196,9.816087661650418,9.685128530659844,10.0,9.926633968260093,9.854216788043232,10.0,9.804073198736505,9.546872540488371,6.767928134159894,6.630465209349474,2.635014251743024,0.9019190697552208,1.4040864105051891,1.1709491561121523
5.572210361117614,1.031321410770599,0.5824387239876322,0.6193082769884989,0.6337266483140082,4.71523194783825,9.561263516788793,10.0,9.860262273390955,9.922530655073727,9.740299325354355,9.957503146379976,9.680961486108684,9.966933692421778,9.98992854355999,9.586672613959935,9.839172224269127,9.64229303325394,9.873385636156396,6.556340657914561,2.091775223471655,1.7328165969203189,0.9895904849244828,1.2989490851484216,0.8906496597098943,2.1499610512415535,0.8110504200376819,1.9221981935924544,3.215833372407392,4.367710226635204,9.925531270443601,9.800729600086843,9.862014995814027,9.786330454143613,9.978973937340673,9.676995370503205,9.737286637642793,9.717104233647845,9.872702630823802,9.808137213116073,9.958738282864024,9.728860510431634,9.537075877281236,5.511594270001421,1.4901915320920478,1.0615081599532445,0.6353013570564662,0.8178900888961902,0.715952909986047,1.4971596395421094,0.8136647973113458,0.45743183129515846,1.3819639217634785,4.070076931641322,9.581321572650477,10.0,10.0,9.683452381555625,9.911113196011472,9.34729259986253,9.679407876304163,9.841160438751853,9.856041593801443,9.969384645055024,9.946154818396707,9.82965490330644,8.253886463464116,5.332736126841613,2.5966233624098933,0.5806289986121235,0.7823557928846605,2.042032224510238,1.197822489898154,0.9454425455426256,0.5182709976784151,1.0250143858080318,1.391448435406117,2.4900915897273457,9.232270279880446,9.90534881837832,9.85429627654212,9.950937670017304,9.889292187482543,9.869883372713643,9.828137027218139,9.914488378181858,9.947550037921664,9.409390762410158,9.754327685078922,9.830163204365029,9.698670672630982,5.490231982915923,1.5739367592496758,0.5967175130408745,0.6565974005217716,0.7848405405949899,0.5891892056879136,1.243710382565889,0.6841505723487536,0.6781474561901206,1.278005193559189,3.711103318962789,9.89501544206456,9.917087999248537,10.0,9.996006743681486,9.445782062566261,9.849281103879134,9.722344965668585,9.77424663840293,9.862311236943714,10.0,9.942831994353059,10.0,6.826813274730705,6.415636597955513,2.6614781618588945,0.949846435406881,0.8866788549382044,0.7613103387894803,0.5539709465029783,0.6906946392695248,0.6669815148524209,0.7698967973326023,0.7361793616061112,3.8331639005116838,9.79011462683569,9.764594946687517,9.602545640255487,9.958501667201254,10.0,9.625447736106686,9.82881054773946,9.743103818471088,9.937700566766372,9.515217123103996,9.830864639950816,9.654419487143262,8.498855664688174,7.032066510843831,2.4544215779587497,1.1938485386552302,0.7485880154072703,0.7937880127057608,0.8632078212135452,0.7414707951816948,0.5444274228477702,0.8141294796273384,1.4723069169476588,5.497025892411366,10.0,9.96249609466071,9.987325185160335,10.0,10.0,9.912211735839815,9.94279914674944,9.37688735933746,9.887719027823124,9.656715375397393,9.756956722279758,9.867632530927956,6.639972615206961,6.438371352052579,3.335781792899374,0.8746783546005884,0.6735330584850983,0.6182609874881149
5.263846336084457,1.1564706211605311,1.5465573048672747,0.6049836725194487,1.3052726416892182,5.857616305050052,9.76183795520079,9.663772612194062,9.618619760245341,9.628140754710167,9.910111671551208,9.736154781354474,9.751531509193256,9.77532763345134,9.640233994473,9.775403369662431,9.642189954058713,9.973653238684909,9.16311538234558,5.746519213213558,1.5401279298380592,0.6616162090126445,0.5707711747105997,0.5870043868406535,0.49293808915783743,1.2167361140947257,0.9402786471776031,1.8149292253494769,2.7868839062232955,3.2859405541028126,9.916702879540455,9.750768237929961,9.898700813624394,9.556514195354822,9.791238780165985,9.908407187526443,9.679159097450386,9.922703767312896,9.8734316009284,9.95951179602126,9.636705034576721,9.86801587301334,10.0,5.175644691555434,1.974524251302518,2.058833020047935,0.6903536082522981,1.2065222298157297,0.5288553947035471,0.7044846269073336,0.6017672351645806,0.5201918097029521,0.5482559765377215,2.5619546070550805,9.701157992885836,9.845150520963204,9.954949370142447,10.0,10.0,9.682627273940398,9.813258692436623,9.976590899011377,9.865072676588444,9.802134240146879,10.0,9.87333947367766,7.947384252602278,5.211433478490863,3.397796552600953,0.6357927086306754,0.6042720962140165,1.6343998355830354,0.6888563878986133,0.5575142481640459,0.706028659605519,0.4540239841776095,0.896372441256198,2.0962641314358916,10.0,9.942505209277442,9.911883195358431,9.80998176179663,9.808135065091818,9.694735777362773,9.757337202655764,9.942512926883552,10.0,9.684696497571132,10.0,9.495664960780175,8.77188734863477,5.313358509907225,2.0020964213636154,1.0167014151264424,1.0540043709784186,0.5349309267273188,1.3483246634635853,2.148531430997907,0.5686046011581958,0.8076694386470706,0.9410640611986831,4.031252933962608,9.95318536660765,9.967678766618727,9.683840769657253,9.941860795874051,10.0,9.958072692782238,9.761171478779476,9.990474050405952,9.886665634485595,9.930772701931758,10.0,10.0,7.416572485862941,5.849536892133253,3.103532125080534,0.8331748174063655,1.083529380426045,0.4215834677031599,0.6937278599308163,0.6854835724413179,0.5691664667171393,0.6086873704677223,0.518775833256351,4.391805149647522,9.561031403378584,9.979774864016093,10.0,9.9195380634196,10.0,9.817040359250438,9.82440830047816,10.0,10.0,9.860143403298826,9.870768023999027,10.0,8.210101244187133,6.373836680762285,2.6188905888362495,0.6747728524532999,1.0518471510295297,1.3352218223027905,1.594441804108969,1.0390169384625885,1.324956307771424,1.1830184760497358,1.2686755359404238,5.567016750550632,9.845694623978249,9.915104006832484,9.99998644028362,9.91472109551641,9.783461610373777,9.716621844359084,9.937378621706408,9.958627663314639,9.609010137044987,9.247344797321334,9.929735031546103,9.82366632894303,7.393532420882934,5.825570336291708,2.993548142699586,0.6215860761243388,1.2843274322626348,0.864671918261559
5.631330785303848,1.0810702069680003,1.7545952140085956,0.6910503171674591,1.5440355908141101,5.948866207993954,9.884740490609685,9.699072448358427,9.666046553009721,9.459783570780568,9.888903281127144,9.905783926260531,9.857652948355453,10.0,9.93799887414042,10.0,9.894351676506627,9.458769644419066,8.078535244504444,4.98206275023823,2.8755176495957664,0.5273805399237458,0.7194734718986926,0.5818286494360262,0.9033655469035635,2.095298745084448,0.6980359717146554,1.6003304328697194,2.3616133378471553,3.3239879715002743,9.676739394239448,9.763194624878937,9.828980757561572,9.67317229853638,9.690546803233163,9.961689211089956,9.84771430761529,9.905860381975463,9.658662568463818,9.537066753197662,9.927551245408926,9.769082669497067,9.363437144559336,5.416107280805306,2.049343940091297,0.7262342867513485,0.9602764416740674,0.6233546545296929,0.7126694516908674,1.7719656325560313,1.7044492307606318,1.1900310707514166,1.2030319246993133,4.276842465081415,9.949751397749674,9.978593870617186,9.892264012222148,9.715656467400855,10.0,10.0,9.696427955866096,9.61088807008711,9.802794597559183,9.89994813626356,9.611955600022345,9.774972901983444,8.357414885997336,5.311986521497322,2.2435170182716413,0.7593905990625888,0.4834456381116027,1.7607743079666731,0.643517717965979,0.6067306738738041,0.6918832868423451,0.5999419414632603,0.9075721691864675,1.8256382015500223,9.795173958567968,9.637934644572681,9.948254504410734,9.983298961247726,9.711088243188506,9.570815841444945,9.87179177730529,9.263444544711353,10.0,9.943611130016489,9.63676478014986,9.952165765684201,8.994640330013391,5.324895043089716,2.7094634992252797,0.902549649083094,0.7050503505812249,0.6337847822698577,0.5505746885048554,1.3442454162491668,0.6489012240146408,0.47754608156539413,1.355056235926489,4.277133471628098,10.0,9.224992952804552,9.989683228885715,9.76357913382237,9.76451663849842,9.90558959235203,9.831727457455104,9.728299981974727,10.0,9.886138249071523,10.0,9.469071786254084,4.762324176491473,5.410557473001389,5.271397197962818,0.44679736538725623,0.6049919348210919,0.6067799065161624,0.5949069894004144,0.5409025296958271,0.5918535995653751,0.4218043433876667,0.7174908458157815,3.38949149277457,9.643610175954867,9.628156631099472,9.687966414216163,10.0,9.875826043092133,9.754785132865923,9.927960542394969,9.886922082573516,9.591089377171466,9.593140847233023,9.719648864239154,9.661290524203602,8.641276928654861,7.43818770909404,3.0674734421673113,1.8058613805062356,0.6964949404114436,0.5923319046093326,2.027872836045045,0.7413222249120801,1.7194039139581818,1.4958829991337534,1.9607056006874102,5.382581619641031,9.925004331326363,9.474276038052842,9.8739162891358,9.859795169809207,9.675702720830499,9.672367821186688,9.879941434484238,10.0,9.816726416120817,9.95182320795275,9.977551463122321,9.479828582883542,6.506373588854789,7.0057980044641965,3.8836687574108053,0.5916989845132276,1.1909403913890624,0.7108725735068818
5.557036747620535,0.9433686662091834,1.542195736042614,0.6951914333895934,0.7476196107805305,5.290589894687503,9.660830265497315,9.754448211674376,10.0,9.536020702156813,9.95583766840446,9.893474148124131,9.739625499100214,10.0,9.47521298919362,9.691539966993432,9.94501028586217,9.793601700442968,8.93380130975901,5.691211010149733,1.48006144345466,0.6288606388313267,0.7153868489810796,0.6600171423791836,0.7054284704583312,0.6820409301869882,0.638533890582169,1.483584339756343,2.091901502733588,3.023200653209752,9.9187696755556,9.839447340664726,9.979020616692894,9.94133976513138,9.781892530407337,9.938921031767565,9.861339519845762,9.918349644840598,9.75520976774764,9.651528894748212,9.813606841885138,9.43171344112012,9.920129562143297,7.129204069705131,1.4377133764569083,1.5516497976232442,0.6973620560769855,0.8227663926351235,0.5939745673755399,1.091720933432673,1.4168733251856411,1.3693009744520381,1.0021503000247325,3.6739616765081915,9.32900548878276,9.962541685098966,9.644356921446713,9.962065290204151,9.814115952303425,9.602144190216189,9.873256892822553,9.798008918223243,9.684071347340229,9.691903090070255,9.723997326814576,9.896084098815962,8.498189550167638,5.691211010149733,1.8544029773875677,0.4704348545155911,1.038369750156417,1.1135726655421547,0.6346096659116871,0.5670695686270047,0.45975082163951003,1.2129301919034998,1.5164896499126996,3.0298911358803404,9.978252238504961,9.689332692808373,9.877478232502865,9.950699026939425,10.0,9.707385010687933,9.858335301878718,9.647069669644337,9.816404306617871,9.81901166377496,10.0,9.94428438462391,9.757282495661336,5.691211010149733,1.1999504727640329,0.6749170547080177,1.013956146935002,0.7093140055827668,0.539493778175443,1.108404113660235,0.503690130895708,0.7035349452250759,0.7359479068921931,3.780435735222418,9.989249620922546,9.959129024060168,9.930591238153848,9.844597295544427,9.824368570044829,9.552283077115776,9.995801532454589,9.919380538142368,9.533069403602306,9.632442352934174,9.940097309847802,10.0,6.9511992989480325,6.71767100798995,3.133931559783446,0.7424509796900097,1.41199193883953,1.0348576609113873,1.1087672705461444,0.7869514489014883,1.4823993090739,0.7844559012697674,1.0955516727778454,4.679230983009942,9.990604947238559,9.874956212803635,9.870736922683237,9.876641976049449,9.75925893862182,9.963018086546343,9.676339837025303,9.817292594964707,10.0,9.918005320113378,9.735639097498009,9.729530449343637,8.695368210863148,7.063165533201196,2.675986804896569,1.6075670475255477,1.6616145194940486,0.9702308320390696,1.0264967607473066,0.6098868546181633,0.7078532436803748,0.5183385001044284,0.7192258476549334,4.156199646844974,9.638025677488988,9.749234938788408,9.57858164455139,9.857813686217975,9.58776871938571,9.861912370805893,9.740699993382458,9.935068933351717,9.863261708031857,9.61377870232227,9.469849794424611,10.0,7.485158550192791,7.0274876536952045,2.6170118703206513,0.7526427425753174,1.712457554800805,0.7464440045121807
5.464911659073646,0.9434452198951299,1.5968802665008845,0.9574092132148678,0.6428397552760698,4.132392872449039,9.051170053730335,9.98416188588772,9.799436128950356,9.81139872110758,9.946380110158994,9.966036258212224,9.190255578324297,9.915284687854923,9.736779880550802,9.827258851649114,9.731003927103737,9.483179121734246,8.714731654743305,5.503290147591648,1.4155505654777623,0.8339819447026215,0.5473976506758373,0.782705818931013,0.6835955793242987,0.5945213410178154,0.6749126504245031,1.355397939901764,2.054448565399469,3.07741704288876,9.958185133377187,9.991568519748585,9.829175924350142,9.89034486645524,9.546971005259852,9.637628678932678,9.763433732893567,9.517516580364514,9.592333727899465,9.648645277195476,9.870296650548902,9.905540645963814,8.881014025728252,5.648525513597332,1.6885385127046046,1.109690008021046,0.5301280002198492,1.246292394272316,0.7452037746539678,1.321225673250428,1.4673812220242872,1.426324880448521,0.689778925509456,3.2819986784498623,9.976597149928763,9.746014302964282,9.539680306873205,9.986692969892914,9.93684094609571,9.664869183238942,9.971334024802353,9.456937515817435,9.36476946033353,9.929676808848477,9.815279682334728,10.0,8.319495015729267,5.251575880542997,1.7956989593929182,0.5644109908796486,0.6825906403437665,1.2375273447893405,0.8415164727139887,0.5463928602137642,0.5734713759333822,1.005724581698745,1.5690294340590554,2.8073064637563454,9.656514587166713,9.838344300285105,9.902602052090906,9.96880526520263,9.886343686814074,9.83058389579545,9.687154908720453,9.796870785039516,9.665919087878086,9.958846682267874,9.650996422395524,9.703403460806081,8.82815681727766,5.2763243023999165,1.562231278465723,0.4158640794693781,0.7494060618874625,0.7542304058944364,0.5951416439095227,1.4111761599098707,0.5910443674670256,0.726019709326178,0.7911386833506475,3.8566823074577066,9.922632963604073,9.855488518202609,9.810457980760013,9.899517020329213,9.76052760179539,9.791907168355563,10.0,9.999841732421073,9.835250284165719,9.563852241044701,10.0,9.436124657223582,7.5574455014837625,6.318210563538545,2.314838459171029,0.642287832866426,1.3843322123813508,0.9278534636471724,1.5299754743554033,0.7005073757712946,1.3743697468780076,0.9742065345223712,0.742879820386903,4.432254407989708,9.807413342829284,9.84800489088041,9.49185997537522,9.917557510883931,9.566511513179174,9.442475101729084,9.985952185571652,9.980950021792463,9.851820186637292,9.665085276838674,9.580638205650123,9.522009659237433,7.866520639310676,6.2572656068060715,2.666718858898529,1.467516544194744,0.5949560663749244,0.5668168922802206,0.6732201711702439,0.5716401609471636,0.5348920221210329,0.5695423049269117,0.45167314816368254,4.442489687301988,10.0,9.720871170151268,9.839534379493863,9.885382873270691,9.910839963677164,9.316560772285847,10.0,9.799862239979474,10.0,9.463522860204497,9.77956210620394,9.723071079932996,7.713105232617713,6.932293117842797,2.2024065452675057,1.2027761083346948,1.7210695827988718,0.654953198795765
4.823633634446436,1.7200763545671771,1.7751874326467634,0.6587898532905299,0.5807486827759298,5.479843051076858,9.571012213386709,10.0,9.812062136473498,10.0,9.610988432698395,9.96659361461656,9.50203665002956,10.0,9.747386144670424,9.96144216731148,9.691659116567413,10.0,9.27909920029224,5.535682585551255,3.580699893190285,1.9142483700431305,0.6409336980342163,0.6964063416348081,0.49613995593849974,0.7112528032729943,0.8038995802971101,1.6502320728749023,1.9528226480106616,3.8893273302087623,9.868417440426642,9.483617763945697,9.731023583381832,9.722129190639002,9.960343454759334,9.757329285070353,9.998468265500678,9.902222689490449,9.862436188954648,9.947350571046247,9.889712891859277,9.992359843482607,7.907352834706617,5.295411089516466,3.0638541864035194,1.2106711269041042,0.5110962787944148,0.5672495245889632,0.5137441679705618,0.6993243008225483,0.6525963603608209,0.4927312850983369,0.5805664217665727,3.1610324269872185,9.979550230667742,9.738475230383726,9.817609118198494,9.841592280084736,9.316349605366417,9.693835523461292,9.99027956123465,9.85275839686207,9.986672568997419,10.0,9.872123860658716,10.0,7.1457606842970325,4.761528807703261,4.287683006345547,0.6688328406921019,0.5070008478816368,0.8539973809479229,1.098629503280335,0.5827173202693783,0.45624718466323194,0.9910810970103313,1.79112863321998,2.9089049850479345,9.866535102262036,9.728746267910596,9.55648037111535,9.894566814614729,10.0,9.600977043480238,9.911826648217748,9.94604800752944,9.712424764448706,10.0,9.70615941990863,9.455054284574853,8.148723555655604,4.823633634446436,2.7746665858970676,0.7441141119459104,0.43375185137447814,0.8518180652107952,0.6579953449742683,1.3018700011411362,0.6678957317481298,0.5807034917355922,0.6568094337783618,3.232135740977376,9.929556020410415,9.96030337628327,9.976646755247017,9.939138798623317,9.889657816368869,9.788611631740467,9.937534376878007,9.935545438861743,9.745185016186246,9.541478761671529,10.0,9.869938208480166,7.098934220509358,5.713092604873697,3.5559780928768228,0.9427094781138443,1.4933735390642173,0.592667378590995,1.1705295584729005,0.7263639457400813,0.9045950225226613,0.5335127712226131,0.7464053438241299,4.021860269172111,9.969082687486573,9.951764278592591,10.0,9.7008236392346,9.466768813632184,9.922547104330748,9.748403522097407,9.906560443403572,9.703760989163285,9.730004034733787,9.887772030782012,9.870773644114832,7.91738413867162,5.9611780061655555,3.887203368579601,0.5615300777884276,0.624271541882434,0.46232681350547444,0.8818569487735171,0.6888919421876996,0.41564727251814826,0.3639351398093481,0.5814947484142139,5.506723235882599,10.0,9.629917395491669,9.80148237978152,9.970741796000688,9.651781046966075,9.593244380362119,9.987661646397074,9.753802240600342,9.733443896363502,9.80966892704891,9.461741610644333,9.822994659909053,6.0096557110383815,4.823633634446436,4.646420045765351,0.5628347236817733,0.9967391177433192,0.6153897361415575
5.329104153409355,2.4106015864428856,3.001740682289624,1.0584546885653445,1.9253513830802946,7.2449723459813855,9.739183292017097,9.898341568694466,10.0,9.979288772406797,9.747516276847039,9.905549453488689,9.841706127420885,9.967678877032776,9.87935096857421,9.640263064000358,9.572051284797645,9.271048004421806,8.473424908594149,5.128856081079447,2.5847242155573906,0.5150376345726898,0.4497252618544077,0.35131975761591155,0.7326572135818259,0.4498275917586433,0.47424646559753975,1.1553968805680395,1.4943975343906248,3.6683220986981224,10.0,9.977927079413863,10.0,9.930600177048165,9.98483142165138,9.735177364644379,10.0,9.708442170123538,9.747111850911338,9.741948540528764,9.522923555267832,9.77640355024115,7.671366838082928,5.228634971763751,2.814546684413764,1.1380462962263738,0.9766488611011149,0.8590408138014785,0.4650460776393475,0.6049927219716982,0.6895801586596944,0.48292321781336106,0.46529804287933096,3.260988152954928,9.881525182737622,9.30313002215037,10.0,9.808699588294283,9.758679538053665,9.82186951313873,9.852697051158554,9.95433555790894,9.89251931038978,9.439419972354354,9.611979640672168,9.829448587523,7.734004348563549,4.507290299892646,3.7032556267109182,0.7272194299272227,0.6599590774181875,1.4730778435675385,1.0745323794401056,0.4347977072611641,0.7727163628842288,1.2011669861033107,1.7552874795787092,2.9456981793918624,9.95836291392599,9.912016333624516,9.941860822452032,9.804710016587103,9.631005477634082,9.690494396720322,9.84862331031278,9.881079978280829,9.949573718458081,9.78013497775119,10.0,10.0,8.1175566838318,4.864026484817351,2.6188960360648816,0.7630594574493026,1.0066791627245288,1.3695224921241298,0.5386124990967119,1.4519858770400516,0.4974392027820812,0.6261551512275347,0.4156045815669168,3.3209686799171494,9.797694077116054,9.775774833832966,9.865657753727408,9.91380709873029,9.43470928087649,10.0,9.976260958276706,9.86083846638091,9.566843730728285,9.905031320336988,9.571589536335471,9.922717303860422,7.111759915429222,5.37390829298922,3.3980764438688174,0.45199177662344414,1.2761991191651314,0.7308001634416116,1.071592088543896,0.6706233168308898,1.152676307529941,0.7965942325989344,0.5838063225226522,4.355542359676946,9.692320444126729,9.569629103261848,10.0,9.375190166378282,9.918304853355679,9.629062596433895,9.95752984967775,9.846998475376255,9.911850305720828,10.0,9.844663157517164,9.857361680419451,7.192208240243719,5.2722218581319344,3.6544377754924415,0.9156536555959368,0.5947952062492914,0.5339175583135671,0.7117529082030648,0.5665875844065649,0.5782449868733405,0.6341022825319603,1.0415745184211223,5.618137199944432,9.971082842965435,9.940777911338516,9.698129511716797,9.578094866327037,9.68211513654856,9.806585225302113,9.96646382810257,9.870287169636187,9.861164551181192,9.649395091662944,10.0,9.97769220617446,6.9770148564119605,4.78940606229802,3.2137148251019556,0.6235518624220745,1.3222820620233477,0.6506427232329748
6.031567567248655,2.106802649084242,2.802139780438221,1.5137326186321345,2.419230447191366,7.278693134009936,10.0,9.815169798792075,9.74165389889324,9.89666351153266,9.687899969525859,9.804937853748513,9.606079190737724,9.63527398794662,9.966570614835543,9.715382157336704,9.96824909997063,9.981060801363983,8.78665352254307,5.497893153912441,1.6068779792197228,1.0023745248158433,0.6893104641862415,0.5406366187252863,0.5048550524714763,0.7508648500891978,0.5116604002386627,1.5555010778297644,2.1767061771861176,4.169682286461429,9.644194275442267,9.76728720434443,9.999179507972775,9.776467962210797,9.737038317508063,9.677915338123306,9.654882475925739,9.833253444623724,9.791543191541983,9.804358346041003,9.97037920262266,9.717490466665627,8.430984504862352,5.436294189845445,1.782021980927018,0.7724419274946502,0.7872532659479887,0.876074382318278,0.6348740623884455,0.4251014577049155,0.5987007828889209,0.6498324708726498,0.5903451481094273,2.771524164354961,9.617217058245545,9.836743720269514,9.974109209908667,9.840020516507844,9.939265574206003,9.919445868947406,9.52681028665441,10.0,9.816058525537066,9.856091759718952,9.737045385369534,9.999003179748552,7.905435003292043,5.064994970821306,3.1417905322728537,0.6191254530569767,0.6061860578339079,1.5373682621309253,1.639743980554015,0.707048573722833,0.5577528092210191,1.1557617440290051,1.5829398745967063,2.971030644678583,10.0,9.909939570280127,9.850281306574594,9.607824790724482,9.839745300811126,9.411911157099155,9.743144783327896,9.752197443343272,9.680077150029907,9.804160074466315,9.815354518362719,9.847875257324983,8.733356344584568,4.96582439613533,2.481931182924423,0.840561612917981,1.179593446320566,1.6293575817569013,0.6457100418344437,0.9632760070702915,0.7881682097304943,0.496059873836617,0.4528882925558613,3.100669143440621,9.942840003210673,9.711787821979833,9.640401983107608,9.655620725288347,10.0,9.848929341034342,9.688259091434576,9.901370925925608,9.914124824421492,9.970615249741911,10.0,9.833867052630898,6.725719340436608,5.3311024283641375,3.337364474220067,1.0077702443366743,1.5376552332167277,0.6419221968980884,1.1097234244445686,0.6340594745149841,1.2340542048892538,1.1169867629858086,0.5265482442574796,3.9138648586708937,9.935024395797338,9.86005952957026,9.867150692677871,10.0,9.980813035603079,9.679959215817487,9.887555230416332,9.518658149647056,9.625263520344904,9.893308551299041,9.80186302506594,9.914508391562157,7.605444142112121,5.626888064234345,3.276449642465491,0.45395884804250386,0.7483085375276215,0.5363007475814594,0.7032616470263985,0.6102691885134877,0.6302139832136451,0.5515284122735683,0.6287546827884142,4.80182815465793,9.618776004632933,9.719882795745828,10.0,9.82895332013162,10.0,10.0,9.501457497613112,9.890093378687197,9.815606436449375,9.79746943285212,9.965313926144237,9.849704342704376,7.0739957676513985,5.881645656729011,2.663340117846123,0.9973758176394377,1.8972215512092148,0.5747459544116716
4.266361892932913,2.1240569270417384,1.7717644335437812,0.6005947063075354,0.3177695673517929,4.962474954899746,9.922483132761121,9.819587446760071,9.825363004851527,9.831115114368274,9.816256616642569,10.0,9.808960660796922,9.886666391496751,9.989437168036716,9.685982084975697,9.915925870712396,9.905255832320135,7.143618766910112,3.9315891681324526,3.9497803237426554,0.5891088122234711,0.5131033126822103,0.6058096270757533,0.543444717518311,0.4805346249272445,0.517507721188012,1.0458094156452296,0.9874455659530454,2.5022869252348916,9.945079500185662,9.999376854231494,10.0,9.843784466800091,9.920398109134467,9.968209416362917,9.821401510263046,9.772637425394617,9.68483538208628,9.797422766445097,10.0,9.67731849065186,7.843532608458125,4.803518887832578,3.8078533207273915,0.5340589404844802,0.3851812050590812,0.38050996626668265,0.5385397953745128,1.057888599249206,0.7599903922316934,0.8728141239968134,1.1972592665918513,3.980368550050973,9.727042397659687,9.854554736123472,10.0,9.854799847273004,9.84309591999713,9.819967620163938,9.787547199627184,9.378417416107903,9.896968261401758,9.868181521160373,9.91217247410415,9.747922867695118,7.6294251973000025,3.9920912318078017,4.485272576986611,0.4100807256941217,0.5524674986032665,0.8978012127341168,0.9352497341264241,0.5073372539327579,0.31971286949990724,0.7619743062118833,0.9892256040585362,2.507948996060507,9.715762292199296,9.706404923604724,9.877457150796527,9.88288201098615,9.938361530119044,9.846606018294418,10.0,9.877966099500076,9.98669057409563,9.969702549041182,9.80672023934829,9.943151198741125,8.177229678068631,4.317148685428567,3.521880693583602,0.5453887855035433,0.404895905423761,0.5608524305672723,0.4981518963563523,0.9221444427928824,0.4663436853847518,0.5545395267272584,0.5366243749648492,3.7951709047791153,9.596790328948796,9.91113385238694,9.69215213722787,9.94480739853912,10.0,9.648767384393587,9.87907675389741,9.997609300959786,9.944164855172417,9.68880876006804,9.899758093782022,9.395921747736807,5.677039395554418,4.9467032199812,4.858929762529814,1.0862521968079522,0.5241256749027962,0.476366875432904,0.8747116254703365,0.5427164824842591,0.4873586018199846,0.4255854561500558,0.545507643500386,3.203666166406119,9.824334424511658,10.0,9.873763303542326,9.820244846764906,9.957263382725873,9.928609579926032,9.85666708304348,9.963807331575671,9.758867735741813,9.389010187513138,9.993863668354551,10.0,7.419274636484874,5.166831378021576,4.29755195698423,0.6304536123506558,0.4404284858942201,0.6225640942927884,1.1384865882784512,0.7223821872052453,0.441848446423299,0.4871883963682807,0.54540245151634,6.003980325047229,9.69013230934234,9.98551697916478,9.826062112226433,9.844011607737182,9.874198548767339,10.0,9.588193010878486,10.0,9.343556328341519,10.0,9.71104789432512,9.770473447601974,5.89856165506005,4.5074636338054095,4.03038058789331,1.2939431585301155,0.7949572660105111,0.5807843931760792
4.120293230028233,2.1864307747591445,2.2380778690702545,0.5607691991903739,1.0639330244278362,5.609999056416982,9.400142668022704,9.7354270876626,10.0,10.0,9.81081442089061,10.0,9.724916748325773,9.791593623131119,9.897669109898086,9.784172205912046,10.0,9.843369011811003,6.925468899034699,3.990815544166232,3.7792154016504886,0.5816503225478769,0.529201078305323,0.5491631598365111,0.4274214733218753,0.43436589015466753,0.6103680165141727,0.7284899538698987,0.6679971587018159,2.571156577537831,9.978678563405179,9.77503042226696,9.84753582977103,9.756296238144202,9.991828972524475,9.520157646925448,9.86766031246285,9.958718134468548,10.0,9.938858152612243,9.827416722632739,9.3263831558223,7.495671303096052,4.717295130353817,2.82925330364509,1.225490653218984,1.5672126385565248,1.5333577340213707,1.085572998613817,1.6373693622924368,0.28817705229743307,0.7106031619663742,0.6567840623958565,3.265460209701294,9.827033059365135,9.495303223526031,10.0,9.980426391683322,9.710266867450974,9.949880257680531,9.549608512374775,9.433302530366237,9.779700930403145,9.89258222599466,9.67893092630953,10.0,6.8540844320900955,4.006744099735739,4.22157404817887,1.071252739657608,0.4528553144057516,0.7005723045313572,0.7936137039088922,0.49927312451938904,0.398514489059134,0.7592234826470947,0.9931815890643884,2.453606291906933,9.95548252078615,9.90552382810824,9.944545057146053,10.0,9.876620187240444,9.591026762102901,9.892849976894913,9.796221979824237,9.702168754555741,9.638281467586658,9.999128625521962,9.759407947535143,8.169527007856676,4.517653146688057,2.9749752632034845,0.8645989699312918,0.7317615912849658,0.38750529593995403,0.5502577743302209,1.3427836352629368,0.5641291082613733,0.23834529616558406,0.738788888635187,3.1162609663951697,9.915656413353007,9.684656902543779,9.947304932360653,9.833546577122998,9.588147583135413,9.936497402383678,9.802227174253165,9.999191329408912,9.655753664975355,9.810070830556104,9.85067729810032,10.0,6.928839901355646,5.478406985300768,4.2719419447154925,1.135585745020646,1.0465133454525464,0.8272690661280027,1.2123725092451236,0.4033748210465744,0.7305001960070383,0.7989732804589473,0.3415535381379633,3.959916158484113,9.794509964072553,9.915542596853083,9.774298787054091,9.802395162755296,9.8829657240371,9.769633796597635,9.738644291682386,9.80170799224571,9.979589880001486,10.0,9.92407150784523,9.944288064964638,7.174403751730205,4.838212751881709,3.9930561331192447,0.6258611130090161,0.49439168482565565,0.5950898497029048,0.6610432559798212,0.4679515244109055,0.4713083770533367,0.3727873037742704,0.6858682501082518,4.3007132975412175,10.0,9.58602859990392,10.0,9.684539335584349,9.688916172968097,10.0,9.904872873947511,9.946033814940266,9.25142417925131,9.881111893404755,9.61853254975208,9.619749213624903,6.850804852919092,5.114470349344124,3.4804516780176527,0.7524353215102804,0.5616983181846638,0.9139815104663082
4.534534259380123,1.3224268542900892,1.1578681071791386,0.47178721132116164,0.6541024970531447,3.6219482246285333,9.803157268001536,9.936543328282411,9.967162390707557,9.944032946111953,9.653396462342995,10.0,9.700147458345144,9.972566708359317,9.949787442034356,10.0,9.71013663635149,9.674008224865421,7.808485632456991,5.003556861246684,2.927525117710629,0.8398384858767809,1.1601856140704423,0.7202346206250422,1.1386547657697146,1.4787917354664897,1.348388062497789,1.822168498939119,1.6289634878444932,3.5534282459615074,9.585985642353236,9.930273326144706,9.926860873472215,9.591338041355645,10.0,10.0,9.557213466043942,9.938386431977875,9.924846839629561,10.0,9.880276829063744,9.864892322991052,7.076437086400347,4.345465142469947,3.329127115296585,0.5936814717839908,0.61056380334331,0.5047314508545024,0.4310950446154015,0.749985601376082,0.5669032324717425,0.38035310363924013,0.4286688615408252,3.2675783222128274,9.954585899616534,9.816615320093348,9.722514834919016,9.874005280344628,9.959758763213253,9.834384308695975,9.958131201080157,9.953383812506841,9.814042489060194,9.834652977090446,9.61046248701497,9.658108790472307,6.952447408040346,4.620014067803509,4.043504365520733,1.1245796941606163,0.46260664400705,0.8605183041229547,0.920243446146051,0.6952060313431476,0.4906432656561848,0.8722423292644124,1.320016342581765,2.873632248870722,9.998062868379344,9.765970860227727,9.891017251536896,9.706794560844333,9.687016225660788,10.0,9.982964398143075,9.829866723061642,9.931579234411982,10.0,10.0,9.916453402954104,7.936040688909849,4.399587280602451,3.1058447938885236,0.6582561208251247,0.5834200629537295,0.3702020785156801,0.6378454494063822,1.0149796860747413,0.7523277125153569,0.39718021546765486,0.9547135818721051,3.261992185493446,9.445117318257244,10.0,9.56001910672144,10.0,9.823145550187132,9.697980434371942,9.720012964266717,9.729197553826781,9.71018959408035,9.734655480355508,9.716594030727817,9.864475994626309,6.932661805322731,5.524647861725985,4.043067455704499,1.5833273355517141,1.371931893089707,0.8790774961888108,1.3010519762949573,0.45219065141394,1.042354805519079,0.6383038303797042,0.5543751736626451,2.9385487369064838,9.790689014853774,9.839016337976275,10.0,9.624661560761522,9.717681916288935,9.691735398785417,9.906936885790522,9.855792128980859,9.771641638908552,9.699700688825235,10.0,9.72428701328545,7.247399030646784,4.825646465570876,3.409742328548057,0.5491492526090103,0.5463478496396836,0.5083610757060113,0.8769275048376162,0.6506051539501869,0.5377205231367918,0.660106180738152,0.8612425419427293,4.75056703964588,9.693535318824416,9.814998520670706,9.958745697943026,9.534332960709772,9.960754241824885,9.525222071355161,9.673374310080396,9.853731709927938,9.840603539928964,9.735680335295417,10.0,9.893096277010374,6.732643038414278,4.433794531957487,3.3639770514141465,0.6875980168947875,0.8460213257802629,0.41430740229216706
3.855048337418291,2.124849566432044,2.270167228545266,0.44105130904223877,0.7171971223477165,5.011803734472899,9.991540313835307,9.72819337013872,9.551718098408424,9.685226335769933,10.0,9.782970195927781,9.668369469551132,9.926157055147566,10.0,9.886544276458002,9.640392587656965,9.856432257422249,7.913193745155027,4.102247429532467,3.6877419513662204,1.9131636509690453,0.9106099803924216,0.5690592777519237,0.34857820014933516,0.5043007116321934,0.6202990647942772,1.4148168935649283,1.1804187628579714,3.5275353370224924,9.81417686416692,9.978717546801768,9.575544571516442,9.763757926700137,9.693968312198932,9.981635587066409,9.440848350614049,9.842706227333528,9.843005707739938,9.667271474730265,9.963853076372196,9.913475177361766,6.1412327198361805,3.414327467267209,3.807857634830606,1.7804403348464846,0.5540538435053991,0.6628604127374895,0.423996948077594,1.2449036323629041,0.34210006846615526,0.5301737988143088,0.508075863300077,3.0556299088980285,9.887356777471993,9.81610814493121,10.0,9.732158341613795,9.731756527113415,9.877156526224814,9.844548287090294,9.764742958884323,9.945219128835637,9.832483178588626,9.980789428207988,9.924576866489243,6.736734924951121,4.098638987978422,4.1690178133959765,1.5498341111350817,0.4679207566499343,0.8526459385915665,1.0341235086081213,0.48939091814004176,0.5595554301015544,0.4072594283965555,1.041553983368174,2.6720507934282196,9.95250904603002,9.82826076579532,9.943073353039038,9.77785544168163,9.521228570476378,9.348401504342275,10.0,10.0,9.881629787563194,9.991831206137903,9.69816089706371,9.812682962355744,7.3481531090234045,3.6921679793551023,3.817791714353418,1.0800943603362343,0.40185136983573566,0.4939317651948701,0.22804444030254847,1.0200547838569025,0.38990386843725205,0.33024192271464525,0.8481948766645091,3.428101447589704,9.695110777642233,9.98092563839603,9.790029170819551,9.945924054165445,9.893140149432183,9.986914692047703,9.866585354357468,9.716854723553896,10.0,9.830233496789006,9.623473685497762,9.691821109018237,6.372359843378227,4.767748631732463,4.422795428773241,1.1819086488816235,0.7947622276830877,0.4397429033440897,0.6272861813805126,0.4490556253442428,0.47877399664621395,0.4746212426837795,0.4357406229492346,2.9333819919740995,9.9106218203736,9.737523390940515,9.864324985111018,9.872698669746681,9.76296124503921,10.0,9.840349261184622,9.592037651672445,9.853544494315857,9.876876516936433,9.519845019408326,10.0,6.680225899199735,4.959806947098187,4.5800265747771265,1.02917708001501,0.5079436724360424,0.2312243648225365,1.0260819812455748,0.3348237960222723,0.3830389651959314,0.4165836404642928,1.07451415166063,4.899174964061976,9.917154177903868,9.782320005336137,9.994777727614514,9.797816322092478,10.0,9.716892383080614,9.996497314042644,9.95843493583821,9.61685878006723,9.82379427923643,9.45616375941636,9.413477961400256,5.874860416398127,4.325712718554432,3.855048337418291,1.4279571140713592,0.5147135727312333,0.37199096807073895
4.261455361922843,2.064554961971346,1.7650801387663129,0.6993055058502925,0.8840953367154625,5.696841638992654,9.930817836814468,9.439968674958198,9.637786551411404,9.67507222114726,9.6802785338512,9.732462027566598,9.993070429423234,9.527914892768333,9.824382535800138,9.704551937716918,9.742386726654408,10.0,7.892202233193352,4.252268389713236,3.5966617296473196,0.46399358036988925,0.7407111881085396,0.3886044127863795,0.42168350619411193,0.6223515241078235,0.32931352619945875,1.6317578152173762,1.3809929453828733,3.3624295910436284,9.94145375231175,9.783905267026297,9.766309199856737,9.58008988130297,9.645994121245572,9.594412289557056,10.0,9.939365440612837,9.734058488927149,9.823368160384238,9.47590521033661,9.914439897338582,7.443473424906763,4.528442850152178,3.38433377399347,0.625537299473979,0.6709910929066594,0.7794557073344124,0.5657735136661896,0.6482475030781808,0.4504171417915501,1.0797103664039094,0.44602745688680795,3.8322001467497064,9.709209884578792,9.848261496021184,9.895261366876035,9.657327087353659,9.897232313980728,9.832532815303608,9.694571596935173,9.36187759282068,10.0,9.927991966904598,9.78881837487709,9.99004569137698,6.744492646091367,4.003003219122897,4.217590018228468,0.38066275149872225,0.7071172440018828,0.44270821482222805,0.3992923807648809,0.4209956534748456,0.5744504920584721,0.70023094591326,1.550838385703179,3.415034556742752,9.974574094205128,9.741549347689071,9.94782280917359,9.839651370454641,9.95896432648192,9.787474001216237,9.579856603992381,10.0,9.717137959257787,9.951720150849512,9.588692181868835,9.959257007594882,7.115520584002638,4.261455361922843,4.220871310525092,1.0210045994829473,0.6691441592897526,0.4922410282005639,0.6047805273324862,1.0323422791485677,0.489653017633904,0.36996557916650563,0.9354322399943824,3.6346916293265465,9.878009281111634,9.780294375747433,9.804970770506294,9.96249043307877,9.632744757213816,9.902371652768382,9.931057931029292,10.0,9.473736455534802,9.493654291364612,9.573112546398484,9.506042679087793,6.620645414670756,4.5792093262568345,4.289916241562855,1.139308869576764,0.6477379422331709,0.569100331344328,1.032582808240208,0.3981175562003807,0.49829140351231066,0.447280749786208,0.3753977130991882,3.1036541350648217,9.945664134021646,9.606757237044162,9.926111308942948,9.99179303146392,10.0,9.146883999307095,9.873168558467128,9.979243994901704,9.48212184161092,9.810985524854823,9.726264669867335,9.793581113994867,7.451247593096704,4.837641325406915,4.618695315715605,0.5251301331038581,0.5297372868312357,0.3704599812986651,1.3106024923135446,0.8470823904251638,0.5223931361668354,0.6814357795380696,1.4024090934665414,5.438258053090119,9.718873639392795,9.83558593543571,9.768336010719135,9.807334721982278,9.67548197225403,9.719556626796289,9.885548924778163,9.656825736525882,9.598629402295813,9.840623555107662,9.67706011405418,9.759554802515016,6.225121244635011,4.286605782375465,4.261455361922843,0.9094448327193188,0.7591126678033325,0.5387479463483783
4.0372530501043915,2.189304648058021,2.4118104321027105,1.3249355304338648,1.734072087308311,6.770559509384043,9.487150503374684,10.0,9.997639023507611,9.888325261362818,9.966310936058491,9.683245200745093,9.82262058294385,9.603865745950555,10.0,9.953650591971257,9.749973456968075,9.69915189640688,7.028290781899387,4.0952530920367405,3.396342303500627,0.5304743922677184,0.13068824253350458,0.6447526282790236,0.8582036563965103,0.71447819909002,0.6147634543047815,0.5166233879864062,1.02667417759676,2.853740108542579,10.0,9.88390312850785,9.992099558794697,9.9217068798596,10.0,9.911377704306442,9.807839515800003,9.68308516217582,9.635893855077525,9.958630297780882,9.909893468267319,9.766497205841805,7.44211923686724,4.950655986163623,3.498857259584202,1.1675635618924958,1.4149519860524857,1.8996186795759884,0.9537109703017315,1.5112923150076594,1.2090321068656458,1.7590653264059646,1.2013719063961394,3.9783041745895322,9.934338430388491,9.7637877583372,10.0,9.729889112098554,9.712372011481962,9.517908675137486,9.793198759145158,9.756199259334997,10.0,9.78406759471986,9.960922699607208,9.669577224933624,6.782017595902092,4.107114688692725,3.5312869221346275,0.4102733756062493,0.7188591760556657,0.2947802335975486,0.6856016792625962,0.5953533451266402,0.6543461376417664,0.452466311728984,0.9213280142876302,2.5534118994912647,9.53953275362791,9.838018238376879,9.768335295919304,9.623130487694786,9.950389624950384,9.927679568387056,10.0,9.908051753688468,9.681744049058507,10.0,10.0,9.319486164453544,6.8648153600578175,4.247533665115141,3.332071705922997,0.7644666619731086,0.5354406289736849,0.3737183536779166,0.5732605150823773,1.258274904594323,0.470968990073352,0.6640037914292152,1.5554455488421595,2.81868379578335,9.916560053711603,9.98569196148456,9.560952812720648,9.576499655996217,9.711138049448534,9.651730672800975,9.744312935524015,9.982400788730136,9.72040950614662,10.0,9.975474106918162,9.708550857406575,6.418272691900654,5.060867766864798,3.985586393229686,0.9822249595011061,0.7602615589123216,0.431769690037654,0.7703793401385968,0.4992640700115776,0.7504293373539532,0.44723239642704177,0.2767016078128117,3.5981402487138503,9.6712259758616,9.698613994113245,9.534207017310367,9.771766176541647,10.0,9.509775860058285,9.86674891026181,9.781041963529834,9.869299561903077,9.99366009832844,9.67147802364675,9.56565182965882,8.070830241434976,5.999943951334921,4.108773725329305,1.7249989469659393,0.4561700841320408,0.5391377766388673,0.44592211605164545,0.5887731061872105,0.5863566749174373,0.2646889171562414,0.9179818950998515,5.076648013899912,9.789415896545714,9.475558657424257,9.477384457043117,10.0,9.563184899525194,9.756963904696253,9.70914928361135,9.926568186727721,9.4059859376364,9.752419320799355,9.97211114615893,9.864154416378334,5.804804837951878,4.055594806701261,4.310679767063448,0.8515120569738974,0.7127477973739482,1.561056316563518
3.3866167295190155,3.1830205844394097,2.2067109475567803,1.086436193583688,0.8045746848348776,5.165688368277685,9.847516876018862,9.91454154087473,10.0,9.687226328687284,10.0,9.937830411405853,9.528797014642478,9.818045698276253,9.863580427990913,9.507629434579277,9.927128420836436,9.936671858256164,6.764484780064864,4.550421266887561,4.146440113100018,0.8827449712358235,0.6202007604548185,0.5275427826805952,0.8880713936275166,0.997150843315256,0.4997811460397945,1.6227120127173655,1.4232212623475031,4.57589916199447,9.925832109077469,9.955245614508788,9.839604130769287,9.647659585033427,9.967984162269378,9.343203424240816,9.89426449975495,9.757932224269329,9.92097512529481,9.94887956692106,9.769477023050145,9.744279161180305,6.705740584574482,3.8514223406331207,3.775405624315612,0.8800045786618825,0.4613792830637313,0.5123026504755755,0.4598790265891381,0.7650022642596273,0.5049364778744415,0.438370091364285,0.3226029116110548,1.8956758639757485,9.9316607433362,9.926060587298338,9.88421090224773,9.408093762266445,9.748192069166642,9.894018295350232,9.925530773234474,9.761561789072847,9.784882621169798,9.678486744780546,9.76068498797343,9.812188919295439,6.757767984276176,4.332369545497802,4.374190610715147,0.788181791016703,0.5614756329586619,1.3643937611240358,0.9384348455561444,0.5069320539190495,0.17812063377073983,0.9253225467274446,1.3252079480089713,2.9253720182853282,9.817778736779418,9.644911848067014,10.0,9.955960243763139,9.70639586860121,9.626575062871767,9.883674217489803,10.0,9.935580838204844,9.873779041049307,9.946251775302658,9.693827499606252,7.904531902855881,3.8234550430975567,4.174748382103654,0.39185848324671396,0.8012493269784364,0.4591824822983401,0.8135438948499739,1.1412774590338435,0.32804591356437146,0.48322632492006246,0.5728933139382876,3.288350831456203,9.552584410531093,9.679878788537872,10.0,10.0,9.962848866064293,9.36051456187261,9.813069548930383,10.0,9.757286498713167,9.488776358282832,9.880728013479352,9.884031778641278,6.786916654476888,5.10613890391655,3.7891021005836834,0.7209653032376584,0.9005486750775036,0.352757878854504,1.1444045224411021,0.37203321371138,0.5466005820292026,0.37794226117821406,0.5252032379834877,3.241548123095829,9.742880615096313,9.97716946564458,9.836185525213569,10.0,9.875727047908562,9.649561526137399,9.818428316701178,9.913811389524794,9.840181399628996,9.795283831954356,9.667049148353,9.724105389981016,6.7025670434324045,4.06086686086746,4.018994374084757,1.130742919159329,0.337165352421989,0.5015064307996561,0.6101867152404645,0.39629276482150544,0.42924768623364545,0.319133792261945,1.1505515689047079,4.750763050647191,9.70708956948475,9.92848002208334,9.886985469411927,9.914658216053768,9.86439606601686,9.612845734190048,9.952564117045489,9.666795005272402,9.870386923430189,9.738612870755873,9.899674139852593,9.567983903909035,6.497487787961748,4.46421548569429,3.7241838617954364,1.2451700433861086,0.5357280970679263,0.42471328443435785
4.276988819947868,2.709419359055689,2.0572017329748316,0.5578659371532627,0.6324423819795463,5.08294582783955,10.0,9.644320135202742,10.0,9.718741389287077,9.948677729136499,9.962374869464126,10.0,9.946427425695733,9.968069069881793,9.841408422290833,9.7617573012288,9.75956383675995,7.025611658631603,4.036753089633895,3.8265472419312614,0.44284944119108954,0.4729974025914124,0.3736501959750542,0.6897111712733981,0.9610005125657635,0.4864008294040227,1.265540164818894,0.9567669032284376,4.081309554836961,9.836981231740028,9.493936567170461,9.86009937468166,9.867978984179775,9.623581538577858,9.784798025306415,9.946987618075184,9.72155042237231,9.784001106627958,9.941632141871693,9.692850166738012,9.96440659322825,7.308978849603713,4.38723092886184,3.632284167533133,0.5473985911119911,0.6319574873732243,1.0058456777112634,0.5075301232194376,1.2256145948069679,0.8920815710107783,0.624399733511544,0.37824354413057437,3.3679033845055457,9.378354470317257,9.967691264604433,9.845724667230563,9.954965090266185,9.625710071093968,9.401999934118116,9.564550217301136,9.972970230920348,9.80129759086686,9.965929558557686,9.657859130963235,10.0,6.989575129757988,4.193519597642957,4.1921912288231225,0.731672655936696,0.4799546345468707,0.9536302222099028,0.596330688780741,0.7026929995046057,0.44099762425944306,0.9131341397927508,1.4271067100327943,2.8341673851381546,9.598251361175208,9.733723315882985,9.807847809475831,9.543479265793435,9.728823588425792,9.960356678553374,9.525338941740845,9.919515252979366,9.752542772257252,9.740132897378894,9.983397362997128,9.734568006649914,7.597287060644838,3.858527008112432,4.005772689252148,0.40848174581167573,0.6720571541628537,0.4725629247992472,0.9844958578614038,0.7679375747720536,0.37267219487471315,0.6053064816364413,0.33034184724530957,3.2515721500809525,9.679656850992242,9.61143205292542,9.753983771924696,10.0,9.737233773922696,9.624483641419541,9.711166431823369,9.951091524515697,9.994493833412402,9.907562190717464,10.0,9.845149994910278,7.154929070393399,4.726347250178774,3.836876206353465,0.5418858069317007,0.7321221325804671,0.4009269542567685,0.7594546267718654,0.2865700606220905,0.9026231905963927,0.592058421288918,0.7350895953798767,3.957077957625539,9.234777655394963,10.0,9.7839249608093,10.0,9.932790643592496,9.647605014294896,9.995718860040231,9.945499373009238,9.87945476116297,9.710553912951983,9.555768263521841,9.817485410906714,6.863113274209813,4.6826273295609395,4.330735059719609,0.46030468095818655,0.49641975134059985,0.30241313418465593,0.9573523071490218,0.3826015311269916,0.4819440081041042,0.4905246569109044,0.9784657408640195,4.998044891505394,9.735379738992442,10.0,10.0,9.976368456009059,9.866597336867967,9.795579866796746,9.594696588095015,9.962779721472126,9.764788142411973,9.979277242841167,9.997203271660837,9.984221656426799,6.655418493047254,4.314409418585336,3.9488583344008443,0.6886067977191214,0.25681277328473484,1.0001988640920318
3.978293354457482,1.923670912408635,0.5516093391182526,0.3443744358232617,0.653204305674394,3.9625371303761425,9.630580064684668,9.654969671008887,9.974787758416104,9.652825440555103,9.923146272888244,9.886091098122234,9.580732697480055,9.987590863896314,9.597762063397303,9.745891992403035,9.603830725979474,9.811193079290337,8.913472922765784,5.430332997194364,4.420839239114327,2.558379871563008,2.2024174516137585,1.7788127361134927,1.7436357661174835,1.8666618782794893,0.8197086381971223,1.7906344054484342,1.7067341776060836,4.063876505252675,9.640395628513646,9.973424961949673,9.940942101870636,9.791718734859847,9.979473559778082,9.860898241615747,10.0,9.70695364632119,9.814887985909852,9.592081887049826,10.0,9.541627607589604,6.200561558088604,4.2167310549153285,4.297634397455541,0.6142878931083846,0.5354015017495989,0.4429600685864141,0.45501600406143833,0.44112967857420504,0.5146799403985315,0.932441946281005,0.49790084915460225,3.002950016972144,9.643520976158698,9.712457046834603,9.97207538551846,9.851722339638307,9.927838647865778,10.0,9.974084123791702,9.901994735792425,9.639283283878274,9.992632095806387,9.774355282448193,10.0,7.200208928907049,4.656985479623821,3.607067059957374,0.9060134335111669,0.49358656156510977,0.5116714801572443,0.5672942829659918,0.8721836843902171,0.6582915649720791,1.013529274499683,1.3495438723398805,2.3990971830803702,9.683320904599716,10.0,9.892753983407383,9.93926976844449,9.840219907246448,9.832022668679237,9.764184438605376,9.757861544562243,9.78147496610587,9.723505212625977,10.0,10.0,7.8592946384385645,4.515796088507364,3.5383563972233842,0.5257519461310538,0.3468662750398708,0.484707413909675,0.5180446740136108,0.427878646505985,0.5644538717474977,0.41509665355078823,0.8446996580883968,2.2918739008437132,9.67352795129596,10.0,9.769497812535299,9.890136484875235,10.0,9.769235748167658,9.499399442929148,10.0,9.408815366886413,9.904922715173495,9.927602483573798,9.882352902321905,6.0942132947595935,3.814408644812236,4.297634397455541,1.5659797769126524,0.7576246287545411,0.460606021955763,0.5328695967871679,0.40313620550160867,0.48304514366167106,0.5223288406416486,0.4669870536305697,2.9338515401223724,10.0,10.0,10.0,9.640254610423305,9.886971331961607,9.99885301043593,9.843907475043238,9.61557457671799,9.919930679539467,9.812771917488037,9.720084125555257,10.0,8.20227548405812,6.208423333893325,4.387096059198612,1.6211509847494874,0.591731355163115,0.5009536370605316,1.3347421020495278,0.49720773462667234,0.621238289829594,0.41887178944149406,0.7357455899424683,4.112490878851091,9.784441411995628,9.929324791848439,9.994272062996332,9.919965492458884,9.570851495887288,9.88748577484862,9.50390178581313,9.970879887870167,9.95351352490166,10.0,9.245889661683272,9.770588027584342,5.139815047680635,3.846352495961744,4.154343493467991,1.9261038898486453,0.7967454173959816,0.4990721896847593
4.426811772020594,2.191720628554256,1.2021912661846743,0.46485695252147774,0.3976184854229907,4.8250584584426,9.81502946980205,9.587875320278524,9.732779475708547,9.890511825450114,10.0,9.893981373154855,9.950604727432893,9.743700596365326,9.855078281508755,9.914992902955404,10.0,10.0,6.845298185934147,3.9420314266476666,3.8122295485593742,0.5357587044115312,0.29247146140500113,0.5428247333637947,0.47681151103031755,0.49420601771463635,0.5114827828547356,0.4760803868763904,0.5620565759024364,3.2008043554831183,9.795454014507882,9.909242906703701,9.830970004935828,9.758748259663248,9.944938765061586,10.0,9.803814363365289,9.779675020318468,9.65462986956292,9.550425932981906,9.627523638427894,9.67689605531553,7.661849211019788,5.850638417569479,4.152697653275327,1.751898378019511,1.3785477996403406,2.0425681561299784,1.14002449713267,1.0672461676358589,1.4009370157835521,1.1014451340134483,0.6437190218104042,3.817062149378707,9.430948807619124,9.592197345232655,9.933066897622078,9.853738121786394,9.939830159265558,9.715834418956565,9.96679456930578,10.0,9.693543766337008,10.0,9.581995123607072,9.824402101900661,6.340853654000908,4.056801900110837,4.093188115940151,0.3926148532241363,0.4685688989949046,0.49201790894240705,0.4249863397821836,0.6167771978289854,0.4896708482867831,0.5018512227896454,0.9095906774696423,3.099215791690489,9.989768802058922,9.112712374807732,9.796358208388234,9.831744553099803,9.959650508369126,9.693452223139186,9.984268708083002,9.62670963150998,9.721987174245834,9.790185240540469,9.842024849626453,9.865253352006642,7.838592052289844,4.0607646000306605,3.181125149700462,0.4377726122644081,1.2016079428609459,0.4987030640850877,0.9361911099640587,0.47371984765667885,0.6589961680655806,0.3558486425216767,0.6407294922370564,2.4386514837940707,9.945291635065937,9.607006128959155,9.834482040468787,9.733492726807885,9.994636941693612,9.742104153401954,9.614470367261085,9.928106600572992,9.668535618546418,10.0,9.871976222815295,9.978327351706715,7.0229709223998125,5.434934171462853,3.337623815104219,0.5177890744371011,0.9965196241092407,0.5243994445480292,1.0459067334791847,0.4922853084455421,0.9609990761010032,0.7121904922367986,0.5057719734026377,3.0967703815871612,10.0,9.831235615700944,9.81662436084502,9.737623067848618,9.806120466395662,9.976884254477774,9.912447999756116,10.0,9.925233462141012,10.0,9.9713429547592,9.975920180094283,6.420078390177862,4.489982866176171,4.162002595140076,0.7865685120091058,0.31944102942312547,0.5141685654629256,1.0595838599533534,0.8425330813354233,0.6650906277168744,0.8737430589055055,1.9277427804562253,5.277219897567413,9.912285481173322,9.503442835480188,9.967238472734026,9.962153133231338,9.523086889656975,9.98393742009608,10.0,9.973355277105567,9.995662695033499,9.701069262151636,9.93838235293642,9.878900985609826,6.261622486471724,4.339639673245807,4.037849848662595,0.5330618207187019,0.567221922669381,0.4335327387083853
3.9383324109410465,2.6309245713478284,0.8084644115040256,0.6647049611374156,0.3711002528698324,4.733222309974612,10.0,9.731496220868761,9.554522392854446,9.8483073049178,9.258194420514515,9.92541615139696,9.459237246561559,9.767680507935847,9.790950642143278,9.983121487935737,9.3998585556526,9.933578219368698,7.03498013331217,4.319221802877611,3.3226414043132753,0.6351294969878424,0.4170295603985031,0.3671067278156101,0.570642687755575,0.412847339079673,0.4613934974178666,0.4056875239452017,0.6432601381586808,2.2820987056285875,9.970215043385974,9.897625064644936,9.887898044568356,9.898201430890035,10.0,9.835766191516658,9.901526168825878,9.893354652767918,9.891939103361125,9.594853595038117,9.857317760729028,9.375069380224575,6.55239064767581,3.812957912546178,4.323088778138859,0.8769228402015538,0.4013772109135733,1.5055907406679534,0.9809228201032106,1.2898769543931514,1.4857674227922795,1.1538910397258246,1.044601310090704,4.169545801524501,9.42189094114449,9.502545241439957,9.726515599016805,9.899201125199612,10.0,9.905345620416893,9.745905985551891,9.98610251254123,9.995366966623406,9.726669454349443,9.840779787180553,9.898656490056917,6.559473471285834,4.359480550610866,3.731746227323331,0.3489051827507225,0.614376713045204,0.47760089133873096,0.5215914914756076,0.36404179967063255,0.6263385785118214,0.5469873423639678,0.905445339276115,3.02565306673894,10.0,9.929967205024436,9.637196500680597,9.542521814514707,9.701386371650884,10.0,9.91754694478532,9.802643165180827,9.534437619368967,9.833399474659311,9.87461847106,9.908638904037913,8.103468679477556,4.256239002540749,3.120130945398616,0.5127743720008239,1.184022359620557,0.5130820155084671,1.3725934058362048,1.0678802979757216,0.4145622705620833,0.5716173173684657,0.5778606762519765,2.9841734312172092,9.726548116432847,9.98097911044651,9.581840646812237,9.876616141946199,9.351176597711008,9.772198349469415,9.976045184880386,9.80177394299477,9.719580949206996,9.76332071290438,9.919086496661938,9.887726716380884,7.349181635326377,5.302325473432393,3.50848506924984,0.47197702628410865,1.0205787493825926,0.44155472256216105,1.0343449178864956,0.47605126392918967,1.2309577521784651,0.9043673323482851,0.5760854024027464,3.3056887245620077,9.957203951374744,9.704048258575801,9.97301976070902,9.767366621716262,9.259981132665233,9.833204768219154,9.91983422362242,9.8999202277371,9.688929942427299,9.838812194878976,9.888044379229582,9.484116863601681,6.993149540352389,4.338178279103123,4.046052583028777,0.6963470826210183,0.37403769182606666,0.57406594810397,1.0704824294577158,0.7392099354675441,0.4737280582707578,0.6543793956648187,1.151471462684198,5.399111380539528,10.0,9.313504217535845,9.720924732397826,9.856071261213566,9.622364570674689,9.59821023001636,9.841617097739228,9.632275350920885,9.863458916575505,9.938149926788952,9.914433451330853,9.995116814957562,6.556752497087349,4.600076780419657,3.904121756263293,0.5118616781627202,0.6140009368852062,0.6219834153660184
4.329214848555371,1.8844528869920876,0.7409950588935077,0.42201779223639674,0.5554259620902177,4.761384889475622,9.555323031651312,9.992782953347042,9.812563477625686,9.984871523536883,9.657040748669953,9.679770363074475,9.603198714046684,9.934378648427458,9.658187148449404,9.57750938652765,9.59594101716618,9.998114246167905,8.03202872857198,4.718029339107991,3.383966165085529,0.6072155744688292,0.8664136010975524,0.5376058981437056,0.35564732153889533,0.5707560804937176,0.5102186273550015,0.521956738896881,0.6774701744919995,2.2972970340948917,9.95571163416881,9.700789342097739,9.948471479715183,9.729842233001623,10.0,9.727145293529308,9.930661668297999,10.0,9.82415442051978,9.897709991617447,9.837763597862597,9.929515448638771,6.928395100722852,4.0168092097014325,3.374574526726249,0.5525438478812612,0.6371240396834422,1.427429385533367,0.5063187214539333,0.7624529389658725,0.8989989988312519,0.7404038211272532,0.4621316165129137,3.4722788548339047,9.938076813967903,9.777660544863812,9.724170925791231,9.89296308466639,10.0,9.896425639843882,9.778389406241693,9.745120096321301,9.986591745409413,9.984296443983219,9.717004466729549,10.0,6.95340984730349,4.463253817896602,3.1139833561451584,0.742018687606441,0.7742090892710489,0.5770961340546272,0.397321049755699,0.49087530122708506,0.48751536918323446,0.6017176573769308,1.2066066999518328,3.4274986473783997,9.86913338768903,9.711508947229845,9.93273447491999,9.945312686669487,9.778515040764608,9.461219990615586,9.931420897616775,9.946973045658583,10.0,10.0,9.899418230971909,9.722414817668865,7.566317427260975,4.40018698382248,3.0881810698928214,0.599590312135665,0.8709372798771899,0.6264374388507407,0.8666654661290056,0.8770950781457881,0.4570475523907946,0.5354896117177266,0.495227155449221,2.826865998997337,9.900256533538402,9.960832762121976,9.990310421431893,9.995868997377269,9.630108119829497,9.971888258179476,9.992166526768466,9.900291643978566,9.939602299680674,9.978459522420003,9.77866958039231,9.988265451896535,6.128178485121959,5.103288683993184,3.6639242978112976,0.5201919303429471,0.6886193808158148,0.45212006903566937,0.9233459238413138,0.48283680983530736,0.9515248139802865,0.7154248361839047,0.5308868415989886,2.955893908370556,9.47415063803727,9.760786660442687,9.679155746320498,9.7755474536163,9.822923086232816,9.94362083034678,9.765059737927198,9.917332110847864,10.0,10.0,9.924712613306031,9.327128646446399,7.047629323851372,4.6544189266228555,3.4001291249833514,0.5249198256072065,0.5928537643846667,0.5260110995251673,1.1298442738420693,0.7564015065131064,0.4583561871775329,0.6095525253724204,1.193477434244281,4.25102188670975,9.823204038437867,10.0,9.784977094360508,9.691602114675787,9.978128750298852,9.381700088343026,10.0,9.513577408027846,9.773994189900206,9.962957727586605,9.806674355299736,9.514324123847517,6.34429344660199,4.286447766496955,3.8380164059163446,0.6234904619307696,0.9877347762286586,0.628531596733188
4.482953227306241,2.0085086919511963,0.5966231499459074,0.5008905548254992,0.38595170415266433,4.261816511828688,9.984864861388457,9.592315555533961,10.0,9.94046783144503,9.912423175473384,9.868972162042542,9.943115804071432,10.0,9.759776519991782,9.861126096956736,9.93764426177146,10.0,6.203409755818269,3.2737834863231488,3.327759008017627,1.6072118445750039,0.6214884335190696,0.3586507180332327,0.3119993456363682,0.4791574878171953,0.4855752278411249,1.520340383037165,1.2892520529814702,3.467269554999317,9.891372841046593,9.471444154925319,9.605391593885292,10.0,9.904165809508807,9.725212644949975,9.935624167999238,9.976167847254896,9.749211866304393,9.91456246600477,10.0,9.944402804518463,6.251575799934265,3.800017321609859,3.6260147428218525,1.6042444959513071,0.36321376834527663,1.2376610037853775,0.4898289225275249,0.7840819049944044,1.0965666578812718,1.1037733142732575,0.5014112807224,3.495852615497878,9.462255054358609,10.0,10.0,9.591144758190431,9.930208149591657,9.951383304900345,9.663818602933349,9.911873497408765,9.949156659400053,10.0,9.714114437461749,9.553919561335922,6.106828296936274,3.5375791677922166,3.619356453963967,1.7015612671076752,0.5670703454790313,0.3789675816037703,0.466617931800658,0.5842535885805534,0.4604910751959304,0.47871052495920374,0.5361709059578494,2.6549730929824604,9.351133864156775,9.896497844596471,9.972228831038091,9.463269489016653,9.837498968095364,9.987126445378754,9.981488986033622,10.0,9.944075620380719,9.879104009291774,10.0,10.0,7.159841327344972,3.651459405316197,3.5284945857602765,0.3668479959605764,0.37895143294524664,0.3013890801393657,0.8020826021813239,0.5244297390131695,0.415147438195507,0.5088270654672764,0.4336721196076844,2.9738102574676044,9.62183797836287,9.776006179649492,9.65733102795007,9.87967553915421,9.916633623073839,9.885962199041675,9.87008013624708,10.0,9.767351377475153,9.899302309705112,10.0,9.96560956905606,6.214094210950496,4.374442578615448,3.7485869934801865,1.000739727222773,0.24559314030367063,0.5001162378909187,0.5136488801427299,0.47187867004344725,0.7461829424525566,0.9999922100470362,1.277078981195631,4.2421433179789565,9.829143329025406,9.898446332528742,10.0,9.881965431345835,9.927829104782148,9.86664071796314,9.960968802158158,9.87565286768225,9.638277074913171,9.559859913973758,9.51027031873316,9.549778374641841,7.126063784029393,4.602289707981186,3.7703516951296185,0.9641125321477128,0.5449694205178767,0.2914481603362572,0.9434756591372618,0.6288530196669818,0.4538391233802068,0.44848610760093743,0.7020580779914576,3.7413690967782305,9.232185140923232,10.0,9.75949754469264,9.883491547123986,10.0,9.884753892395427,9.877214213973422,9.82121886957149,9.637263299188307,10.0,9.73329628299147,9.654082946819262,6.433678440414523,3.7852933363077814,3.9010771861602893,1.3499206048070487,0.6518237589294466,1.034663850027774
3.520069676965993,2.1623291424835283,0.28796004131386704,0.5591286925547094,0.46469559427931856,4.483516058804981,9.759493042885252,9.930812445971943,9.963643445351217,9.890688974504148,10.0,9.925594569516862,9.953195934150372,9.75231398244279,9.77923237787757,9.986432762947619,9.592334648049224,9.816105216712684,7.171503111314571,4.201120336580419,3.9115727192609753,0.34968057583819334,1.3971309867818449,0.6034158719932174,0.6458795692213403,0.42082574341308054,0.42207547030126213,1.0185000324863567,0.5207917596712998,4.057844988292243,9.78798421287612,9.739507581105737,9.738982764957195,9.697919910478772,10.0,10.0,9.722827335386418,9.519147403532216,9.802731999248412,9.813693505733116,9.395380878417768,9.997627441371522,6.765464696920413,3.828050544860708,3.5710498279193748,0.6029271671016659,0.3888309367903583,0.8499403906872582,0.5574577469886893,0.41513670177432044,0.5093231976679057,0.3707227307473858,0.5131434667253257,2.713222547266304,9.741388660740736,9.91041840260255,9.637973196019722,9.499922134809388,9.764360973892597,10.0,9.61286370110359,9.570916835365978,9.761660839527405,9.552461146744307,9.89096457509918,9.710236030430249,6.375965074924129,3.537367589934623,4.252662386726931,1.028113827733277,0.8203130575330262,0.4567252759959713,0.5386007879234604,0.8657965935093238,0.42265124542768795,0.8092910965132923,1.1321773913234539,2.7984576282254645,9.921208611096894,9.928237051373571,10.0,9.881231453345833,9.685732110063487,10.0,9.960417695162404,9.653717278977407,9.894396242957404,9.971369067611725,9.876085839210917,9.04753084796169,7.028993486832739,3.828050544860708,3.315484812082539,0.6053399399911695,0.37758080327666865,0.41076882697807504,0.7039961611549999,0.44871997317520596,0.4249313817291848,0.42106585005605424,0.748854264622191,3.226225541060063,9.947626825584079,9.690972518537986,9.409055846159786,10.0,9.877747717787875,9.827455589017655,9.770796413140003,9.98732228431388,9.592327428344586,10.0,9.868204285951517,9.876499088603833,6.534731144757898,4.380879975890324,3.713730448109574,0.4294169951999435,0.5026404839938581,0.38051556900960115,0.6375863633608222,0.3652086832536542,0.4362139647013178,0.5478929339182101,0.24250490436117395,3.180065871577836,10.0,9.976476746777593,9.932467926883467,10.0,9.985621248571789,9.881603893854349,9.917002963943204,9.908988222970788,9.882910108680212,9.909417692089281,9.815240956599679,9.80352074914031,7.111777847186165,4.665137476279703,3.4101690514750747,1.6115913228608083,0.6528761651885286,0.41842868697728497,0.9275381672895302,0.4290177071407425,0.6089717719521582,0.5422484827877257,1.1857563796612893,4.324738982723424,9.755331654243514,9.826891789130812,9.683022437357877,10.0,9.520885387892715,9.617021806179965,10.0,10.0,9.864482739911379,9.776722562287034,9.62760600636676,9.763975872293896,6.592529732753322,3.6321508615639178,3.6536329106140504,0.5419279295435159,0.24573778096940008,0.5735068056776789
3.8421184488534106,1.943025177886221,0.4250303396032672,0.4976994062430618,0.3877628721317034,3.651338949282121,10.0,9.929237154500381,9.999189884434436,9.810427715019854,9.749659597692332,10.0,9.536921694754183,9.543267898158438,9.775160452244812,9.9596023447089,9.845452696572503,9.560876639228828,7.032997641172539,3.7066105192450345,3.4761993236696704,0.6953976360011693,0.8034671808831159,0.5807053212336739,0.5014890204733606,0.49672542204965064,0.2711809896595577,1.0263490455364543,0.6152237703794994,2.804592715912093,9.863732657611628,9.403063000029867,9.902867043032504,9.954712881052375,9.950952585757415,9.501804304124066,9.941942457153427,9.552592560762916,9.957457452102085,9.594685401876884,9.934160999349512,9.880034926663075,6.953550740965187,3.9859016140157304,3.8411806454874204,0.5213635526427939,0.517814010915188,0.47698021482548614,0.5534232039814951,0.7654042884513127,0.921678828334606,0.8341926069779648,0.4010765359336387,3.391142552285154,9.910419141171339,9.852777923536014,9.952538292510546,10.0,9.993801005042284,9.884417364247232,9.66921463367676,9.895157000160657,9.96464567555628,9.99476827636332,9.80679888893638,9.757404608142021,6.368917709889883,4.013734096418244,3.914147220190747,1.5392648710891499,0.539488199312383,0.46449717465992585,0.4049522726263426,0.912519110689032,0.33480156500834096,0.5111937413871511,1.1595984067545575,3.3006048196113142,9.565673957916301,9.888549768300962,9.497746612868655,9.715171023713197,9.7673414822891,9.64301438713096,9.681827071791906,9.797025515914207,9.953036520225782,9.618543924353073,9.97287297243243,9.864917779670474,7.026308492284794,3.977371245463715,3.726991353780767,0.45691604383558176,0.49243266073213676,0.19212969749432715,0.594776239450173,0.3944597438405748,0.4910774574283022,0.3704634573867173,0.47898577187585045,3.5499247814396115,9.383579184610792,9.92390024209276,9.968597880591139,9.96732813769223,9.906012625267735,9.946681310126515,9.818565348828612,9.484317235488295,10.0,9.890109107834455,9.820978934390988,9.93007583217796,6.155092163530299,3.9141655549188474,4.410808118185654,1.5842849895140487,0.6285190891849983,0.47563309647080076,0.758294460191059,0.4407146485309469,0.5118027488891651,0.790821328346752,0.630352632635414,3.394041611554453,9.61626853914107,9.625204327212053,9.970112949474563,10.0,9.955787890643014,9.93301624526997,9.99508303081907,9.89122331840503,9.825525610122288,9.914551193736468,9.893712892369383,9.672205343941911,6.681253990636285,4.45660308794241,3.6844962982302794,1.593121026205417,0.5004035799584768,0.3814263090099224,1.0880851711316075,0.5588967131206946,0.3978692731862024,0.37892970393734493,0.8674002142089416,3.6265973023671707,10.0,9.988572396548852,9.828538483415842,9.75801742652157,9.628747921613545,9.855107583869183,9.578834732643669,9.979578421761003,9.32263503623294,9.599109979615017,9.696095510272198,9.558819781469241,6.704435313057956,4.444853387322242,3.9240997952332632,1.2837203153320977,0.9139890077317547,0.9023440507854468
3.832840075425552,1.9210294552712626,0.3495749617516165,0.6374239190449874,0.4727525072832449,4.619349856521672,9.672812954217573,9.968531668612881,9.78808730057488,9.986525087001251,9.598797471067318,9.583065780165706,9.951003217935975,9.97068255332074,9.884125671631358,9.946465156566799,9.747259858035092,10.0,6.929967954642146,4.012460976896937,3.5477712580805227,0.4001773652554492,0.4733442772734811,0.4593610570887535,0.15706141828275738,0.7499241140508988,0.4795687143314178,0.4696564434357455,0.26477493491650994,2.5765117564366617,9.848295562655727,9.766559427863276,9.757867718817256,9.79422057662738,9.87906107443791,9.897395131314685,9.806779084584706,9.954374061960559,9.811237690908735,9.754676396816748,9.66605483613292,9.665707208878695,7.906357317001435,4.769675139340284,3.9122770098662016,1.8690447704018662,1.215503087921633,1.9668098900012176,0.6352080754087692,1.2394642010572339,1.0837199811814573,1.4170645933485941,1.0832026021207546,3.865065203211751,9.71863253799038,9.810583662523305,9.864572608597701,9.859116213206256,9.507220800663902,9.616933998354705,9.867793034238286,9.857772936968228,9.983566740754437,9.972842924058051,10.0,10.0,6.464742559155601,3.9839032790230022,4.201739477154642,1.0578216536587368,0.9595340792030052,0.5475681296572037,0.5120197832618052,0.6331038078387979,0.6056857781103162,0.304471002653664,0.9470189400258862,2.729326250321691,9.938181235972259,10.0,9.731779446331162,9.837075111628913,10.0,9.780852566882736,9.789155660715522,9.916168301291483,9.56647188342509,9.766759366769449,9.68650361298186,9.7960472053112,7.087775186036351,3.5906139642271433,3.392387825346631,0.4407217110029275,0.36112399632549663,0.5637732421301925,0.47863140200232246,0.3857963418703648,0.511491479522102,0.42539451987295,0.3911283950482816,2.9203409619264034,9.532528672423938,9.609959157965339,9.942584922882547,9.97119490940951,9.954286970573465,10.0,10.0,9.98990318837897,10.0,10.0,10.0,9.952468028304464,6.3435448716523215,4.693518904551812,3.9711987799043955,0.4678728374138575,0.8561872223385574,1.0966682246023394,1.2837003972518102,0.49134349426622603,0.6065163396955925,0.6794753900439651,0.21972572029761414,3.328931357080375,9.765183430116172,9.995904653600869,9.610131142047354,9.806610574588197,10.0,9.816003827381035,9.880786443228635,9.888873967498395,9.832278573735476,10.0,9.98541519873211,10.0,6.200821027830667,4.428294936973333,4.0187356988453695,1.1497600285606104,0.5395802076238072,0.5269696206241263,0.9410388614274607,0.600584502151444,0.36550359701193275,0.7242994042859048,1.2004117964592547,4.286828901993201,9.802203819584614,9.970937423160029,9.571071320122902,9.771595149600797,9.972930193730365,9.948900083961876,9.882161768592464,9.62893526377468,9.76799181581304,9.586656938887238,9.833956859458064,9.78557909976583,6.47962056855506,4.093577408925484,3.67419866569038,0.5599225139452929,0.9986522356201337,0.7327118880527244
4.023200044914491,2.7924352992086043,0.575879935044626,0.5619955447133382,0.32512369067899916,4.322608374028489,9.886087855410862,9.770700966444824,10.0,9.518820262989369,10.0,10.0,10.0,10.0,10.0,10.0,9.948932937057961,9.715101260196668,6.613541045335296,3.75963058542748,3.6748772198696553,0.39603523178988237,0.832425162936021,0.30041891179437996,1.500543014865815,0.8721040063206005,0.6041861345841685,1.5112973700282448,1.1822862662465692,3.9382559729381814,10.0,9.949069571300706,9.723010614922233,9.400207036120877,9.71878210398562,9.737809811395245,9.817858071845519,9.83902444556029,10.0,9.690507229066485,9.867839449265645,9.803373983161498,7.490947247400165,4.272234531227503,4.016208348395972,0.8243679261956278,0.6139537120563465,0.5334848278369348,0.6120962132504584,0.633814764094817,0.3913867002743544,0.7674415573379791,0.5215209673120262,2.635582033119535,9.83991347140802,9.414746979150333,9.802289115727035,9.88291593837732,9.68546422267376,9.684175713752685,9.933561342794151,10.0,9.663004831363773,9.748551340822239,10.0,9.803341292585444,6.090831008762146,4.153406861085614,4.071171196284109,1.1316712143307033,0.39486862011542784,0.4873693050219392,0.35020406126949233,0.933169303348875,0.3807692690257945,0.43246447760397866,1.5109204425127465,3.296748730732639,9.546112824688294,9.527996989031074,9.960644344884443,9.745023854602724,8.953759774159446,10.0,9.928065516989466,9.805992678896422,9.726514605093168,9.985200134930254,9.758886951477638,9.868752433849645,6.666306007762442,3.6558275985460984,3.608258594489675,0.7996432265290251,0.41468626461548036,0.4049055505581033,0.34218668378133066,0.5447133618326886,0.3870215810022014,0.36827963010575987,0.3693931689160286,1.5698256676611404,9.677258097168574,9.677647179224138,9.765908596519123,9.853709924412934,9.724435521889228,9.902619749485043,9.984811655713226,10.0,9.639391202674705,9.44317801209785,9.736337787969868,9.672011771873235,6.760607701822434,4.311299222475357,4.401385372909056,1.159483216656807,0.77854390146719,0.7187736482998368,0.5782592307645786,0.45551255815388386,0.4321214609712474,0.70735835093815,0.39504563286088035,3.823464836940078,9.905814990708532,9.90373374124916,9.978207776879088,10.0,9.419824984365993,9.998161794286808,9.715395108249544,10.0,9.8389413661113,9.874596751185999,9.696612617136802,9.61322615478129,6.0325221211461635,3.7112954239796707,3.71593247039611,2.3700489740685913,0.39199035388937786,0.4166110886273302,0.9255357942549771,0.5321014329172088,0.6136800588937397,0.7101064325493218,1.2253245155617418,4.0803661272135345,9.711712491339108,9.917267443510688,9.517331249020732,9.377269186369027,9.72862525701339,9.80098749956667,9.901316708307377,9.996092842027586,9.433472253083174,9.900191149106426,9.78920547719616,9.830100478288674,6.133878945352154,3.865846874815462,3.532522745889276,1.6260531863986618,1.0202257304312026,0.5014845809334588
3.639156005412719,1.7690571559383432,0.6088416429854098,0.29048276627621794,0.4368099853614679,4.487789534520698,10.0,9.811110480022469,9.806233154639719,9.650677725195008,9.8425336574708,9.698280921869387,9.364611200333083,9.468454006265919,9.93189309859579,9.919713282276332,9.853678064563058,10.0,6.604568303358295,3.669633949589099,3.3370514913514886,0.9252259513966441,0.7510465411998373,0.37727254023246704,0.4009078602112282,0.42557826868815646,0.4275504097175843,0.3963042383763266,0.39869104636417657,2.1707885327790097,9.918057124149357,9.88813697487687,9.964990877732076,9.777369817952628,9.90326322288531,9.637087664392974,9.345593475003266,9.815196272000692,9.748559323241212,9.748588931717332,9.719619698883161,9.606757518626477,7.21379811488191,3.580595345880895,3.669633949589099,1.0786041202211247,0.5261130498815025,1.0976036620174074,0.5055051044906894,1.1857012398448412,0.9629978796779104,0.599954385303999,0.5134751013965781,3.8567722809533116,9.668843279551798,9.984708955533884,9.81618476538683,9.875436241269876,9.48791090943334,9.75272564399839,9.892196276247684,9.676034364299612,9.796958631336244,9.748595153663603,9.955224350390068,9.7130124377645,6.116432579897401,3.4285876505484514,3.4890476941029487,1.6209270708097696,1.068376735985149,0.6992689132161919,0.2826545219264242,0.4338510493547758,0.5644812991681609,0.5418642103848574,0.9414395518039047,2.535898499173513,10.0,9.87066812546059,9.977237853459064,9.89934719843207,9.931760882399747,9.988501265399712,9.587446389292234,9.93788573729534,9.352636432126994,9.67433710362111,9.901426660839272,9.888390269785225,7.207306262494457,4.132687779675381,3.669633949589099,0.9321446731097262,0.8892466502522527,0.9291504104370957,0.6357601433476024,0.4704021411123791,0.28650142490413727,0.7052250766600059,0.48150806343847835,3.9785352402095566,9.626930464715842,9.163221472961126,9.894351296118586,9.987548042889744,9.865653458493215,9.81752489632898,9.632447958319972,9.87065338488164,10.0,9.94922053073925,9.992915499425411,9.673007185679213,6.252618016654098,4.236270641408266,3.6414838649657426,0.7881402346831654,0.4011942896416068,0.41404797146822286,0.660072514535406,0.4991149024453059,0.43865721774205935,0.5010353926870059,0.43738686592521264,2.510558069856183,9.922645973267356,9.639042756702025,9.910767280990129,9.858273354431464,9.885423226777315,10.0,9.667244683968306,9.785631151513961,10.0,9.949713375606008,9.992562823477641,9.660543876538329,6.708855049157968,3.97563084460679,3.669633949589099,1.5996299357118486,0.4274982090066909,0.42607076495811536,1.1607485469923182,0.6111620827481892,0.8973823816428244,0.6625948682746359,1.0003203327943646,3.76489718209649,9.986129905202562,9.898433679902727,9.75976106696106,9.969575948471526,9.838641239507341,9.918931580855409,9.933084909979694,9.88888538412056,9.97258933374827,9.942017911910023,9.94077691796056,9.769216497905804,6.326823426803642,3.742045004394411,3.4672209352051366,1.2641516203529202,1.1802819218349372,0.6857478069302518
3.8559568430181437,1.9865573373248362,0.9853444676360756,0.3122903032203447,0.5675551552999212,5.02747344563483,9.500558030776933,9.877457289514776,9.897289923858676,9.99238755350331,9.927781388123242,10.0,9.79781172729419,9.627070318793155,9.952743591472071,9.802242059111963,9.785116676080621,9.876208302122832,7.652325449849371,3.7334042093532416,3.351815700105533,0.6121425108533792,0.4557889126656217,0.5168906819496024,0.6761495763706419,0.6193600653005796,0.37634797713069124,0.7442126229960884,0.5960867760561228,2.2718620615966976,9.883937372259641,9.644476575972817,9.669076028333434,10.0,9.813601930281218,10.0,9.83035369988651,9.920128610413514,9.781103225249042,9.712724706917324,9.464433084108189,9.847925370208182,7.154097905993488,3.8663005949037266,2.9618874788584035,0.8037549813524765,0.19128386382802648,1.3028434660960948,0.46971866483024177,1.4890083655962116,1.115817347253627,0.951855997419851,0.5608940927553002,3.421521880626465,9.75082713908099,9.493285360401678,9.942553224804977,10.0,9.606215423530276,10.0,9.87805398274403,10.0,9.516369998217357,9.819660288926523,9.488315731008157,10.0,6.625745661779519,3.786557742158967,3.734025466656854,1.129727384970022,0.9596910899304627,0.6071293477100079,0.49764681118509796,0.5068038659736642,0.36799417841260373,0.6046451778087183,0.8305174028680264,2.8025947903929325,9.844652119599761,9.978158266058387,9.894289881583612,10.0,10.0,9.951116213178377,9.862989126002523,9.712933157585555,9.912226426009529,9.664787278065539,9.906687763172782,9.881385869952958,7.534924407673147,4.20861985144213,3.002798358311536,0.39295540340821433,0.8492686996409617,0.759355001054761,0.34510433815797215,0.33827774511356723,0.5100566424228085,0.7951356132239888,0.5007428317306207,4.278744606903512,9.878089989379436,9.763117258421204,9.63541470966471,9.977052950968952,9.8074148393418,10.0,9.969302644016544,9.857084692512492,9.565673915285938,9.926710333715054,10.0,9.757807208457411,6.153732693812727,3.4405877068722055,3.9240960411416217,0.4732410090974637,0.49349071705397296,0.4320729831301229,0.7985848204377749,0.5576862444424996,0.33986875788357196,0.3199940926261613,0.5622152554631892,2.6478092512004734,9.869567528730892,9.761057096499169,9.464082221262892,9.815250976323235,9.644865562209242,9.572584759259827,9.939520078170032,10.0,9.877421671158304,9.888805371830388,10.0,9.677342204003498,7.129446841347626,4.318808249110061,3.07823419637869,1.3552763503318317,0.4572762621655571,0.6975313495667077,1.0654470409631638,0.5289651493823158,0.8447029360792243,0.7283882674057938,1.3827437972744399,4.463520118207853,10.0,10.0,9.875912832853885,9.430700128219229,9.445143593682584,9.696682698741741,9.563542642423936,9.819384572914036,9.640665302892819,9.92199269026564,9.669563241222638,9.409941667009814,6.3724134812906925,3.885270441393126,3.438960710447805,0.4613626638988245,0.4960638129270683,0.32137885808775934
4.073042495615701,1.3848165961201313,0.5113109498118732,0.5682915333097646,0.3662836635060849,3.6809095407878587,9.871871934489418,9.931371473278318,9.699596181812417,9.613886252876538,9.811663693437744,9.942046189848075,9.53312808950702,9.54190832224372,10.0,9.70054466782986,9.681966293199082,9.802330446970462,7.820627059758735,4.082581032760442,3.5729976537808454,0.7254984756931919,0.8425761470653056,0.725075445417838,0.6357727453708151,0.47675237181904473,0.450234780458335,0.6987478375805813,1.1102523556732424,3.458649905284063,9.903370646719914,9.890647552583268,9.985984828083739,10.0,9.88963859476291,9.76780874404537,10.0,9.603153847317436,9.804511081461262,9.873102979501848,9.895476619204258,9.906910581617296,7.746797074420778,4.073042495615701,2.8438956282205208,0.48143994023603365,0.6001444376756987,0.7019150427579702,0.36343484847761326,0.5636274712141729,0.4504880129001705,0.1714527292893549,0.4832694036317794,4.044783847924035,9.97880810457899,9.636693358426227,10.0,9.879259016414137,10.0,9.37558392389382,9.8923217382675,9.76914321684368,9.949816888343252,9.928684592031646,9.896826575904692,9.716288942432199,6.692781711847418,3.819592031482872,3.1570436485108515,0.9461803558751113,0.6286587101340387,0.48570250235680457,0.3760385955421053,0.5362486210716919,0.33743827943352456,0.6868549731493077,1.3510581655233485,3.779645408848405,9.840882669662316,9.87000743190498,9.93380781887039,9.491241365836578,9.856700332069247,9.808508971447713,9.811644235774846,9.891439582580409,9.948478897246646,9.84403656597481,9.969858633403504,9.939395682971371,7.610537908031709,4.059378222451735,2.85058849051986,0.3546106614012089,0.8016036093094095,0.3941660207900879,0.6625883740458254,0.34253931923104886,0.4370883911428157,0.517964483537597,0.492984548931882,4.090254995135264,9.677434849613618,9.691880623664233,9.798135655856992,9.76679763487748,10.0,9.70368321596896,9.724174561902126,9.312702911277187,9.640399308355667,9.758044034487819,9.893937246337858,9.6868094542204,6.881681924970881,5.2318526529067615,3.3460353460024743,0.48593076893759524,0.4972298991831228,0.46304775143208754,0.7230982360505652,0.4011913339857568,0.5488780860551944,0.5155855598755785,0.43630027369099167,3.0509177624927393,9.933225731020714,9.822892630358686,9.835321732516537,10.0,10.0,9.399245546728071,9.971849974386224,9.621359763213489,9.76715748197025,9.62458078087921,9.91780888070114,9.86883545300855,7.8788921073767915,5.10438024005391,3.4135432471546965,0.7078083085765111,0.6842204858051896,0.5028509175434482,0.8578553487063423,0.5997391765014596,0.29549606389509914,0.588383553202746,0.5398816256150409,2.373967541453319,9.775078596954797,9.577965707092373,9.975403120090132,9.763665206690918,9.996594803447255,9.878536214847495,9.79095832157398,9.803682764371514,9.552715004753804,9.976491408962872,9.638660305003018,9.940970102526933,7.693226817363255,3.935876343188861,3.4037754740707493,1.122378364863338,0.8957709144337589,0.9255017374543744
3.9234814748323363,1.9144127344477748,0.9916881370913022,0.6183670397802157,0.5127027681587916,4.415674178698933,10.0,9.989363142802612,9.738186549703451,9.719227911253265,10.0,9.962125380560863,9.596116111151535,9.952545054716714,10.0,9.966757740217687,10.0,9.72539568140368,6.9429936856318,3.920697810711013,2.9655613196082657,0.5562770933496077,0.5765025896351104,0.42225973294851804,0.4224859730183101,0.43109954145493556,0.3166664887271521,0.4781295241726992,0.4254216695993079,1.6143428109570026,9.894055234040579,10.0,9.727307549202115,9.678918582799744,9.56052700988501,9.792211948339268,9.998682033497854,9.719854399889108,9.839634665010239,9.978191944093377,9.936536832902116,9.798815993489525,7.492309086835341,4.20730546781807,3.4797702566548896,1.0903411845532383,0.6660128294540872,1.5999270483756014,0.4846461562246957,0.8692740090633195,0.4979754124735587,0.5058773471565459,0.4572720933750439,2.6233921188435687,9.956292984930633,9.611870697910264,10.0,10.0,9.975268507187092,9.687115242666923,9.83024417792685,9.60358610788462,9.57982507494265,9.897202487997408,10.0,9.713305987389042,5.671853625050625,3.8868372343129023,3.826111006227177,0.7234469107640993,0.9880896861726671,1.0068930973000174,0.5669510860388981,0.4095643880761845,0.3651119011966847,0.47899864433757666,1.3050443711757076,3.423524166331752,9.779234931631708,10.0,9.714846171294965,9.950968495190468,9.729828391900268,9.882974978429264,9.699559605904982,9.25144784345698,9.798622727567277,9.702941833473306,9.972140157634302,9.865865017460562,7.178509820902917,3.8444114909122766,3.000037784208092,0.6664619648463683,1.4022997902365972,1.0574265530681244,0.7730508371551787,0.6569085050408221,0.4688447326728174,0.8264617379826729,0.5870984227890162,2.545900811329403,9.785507279457303,9.597947301256474,9.937375943444039,9.701759661610081,9.883195845850574,10.0,10.0,9.824845066126189,9.80119897095423,9.981711105794696,9.68404018498758,9.784881250660503,6.313357884444062,4.438442610125882,3.8709594220417958,0.3518704277197394,0.35870474591556845,0.5050553980465315,0.41203654760746655,0.4200926111058824,0.6396210392067391,1.5000386405665154,0.693207543731136,3.9663163443463114,9.82484024704232,10.0,10.0,9.981153613645992,9.981202280656056,9.795917375074739,9.71676359518788,9.981195405145419,9.740810904122524,10.0,9.697810839483143,9.85532269621564,7.153224596976943,3.9448990880751,3.487610624116659,1.33623999755783,0.39871343286833005,0.4510250873214972,0.5364929159269989,0.37226284620581096,0.6421933703804927,0.5227673945604794,1.307050585351564,4.6423479347714105,9.985632125464099,9.955056905744021,9.664062462383566,9.939951342966902,9.856915839869036,9.91240877963622,9.71671019556624,9.891417998523545,9.485960515279537,9.388402695613573,9.622378379409598,9.596971034586353,7.358561541368136,3.813939959164884,3.1779270800652033,1.1303705157085768,1.0681399250806323,0.9866858369884779
3.57700246952386,1.8752332490799977,1.1067255757374281,1.2407899912926004,1.3648455995293973,5.280925960388173,9.929479848429148,9.931708667823512,9.950427915824669,9.57640471236142,10.0,9.868928456356302,9.905449212583097,10.0,9.87612081621931,9.999501964006594,9.960072749829164,9.925192289011651,6.513123548775612,3.666661484439464,3.339732936302632,0.34676014878237116,0.3883911040198294,0.5973879287527675,0.6655157678572523,0.8661277604730694,1.0974926732319576,0.9765270415909105,0.9434876465898063,2.6833202507338703,9.668557709278573,9.517661586899873,9.713227191328835,9.92568917698934,10.0,10.0,9.823166264910668,9.625711553111962,9.770112003172025,9.934883485068166,9.88485887516319,9.592747229468799,6.5641824882977,3.548517285358562,3.159830987675332,0.8084932443811788,0.5354489555989294,0.8965326724477617,0.4354896917715308,1.3848975782836035,1.133700608740142,1.471831179540104,0.8322375629175992,3.9213169292520975,9.923663492006245,9.605531873143196,9.84657585071113,10.0,9.739325992058285,9.768011001840405,9.931154422462638,9.96319469585681,9.897756938595121,9.808855189779829,9.779001530095396,9.979115093551732,6.478680331529272,3.9917179173915955,3.7902575123900064,0.539443879125177,0.5413796018833951,0.38449510695340133,0.35278502490685293,0.7526058398577025,0.4694680517845024,0.6759250194085937,0.9443580392422621,2.0289074136451384,9.924918887618466,9.576808701765508,9.874652358486287,9.780458820251503,9.553788473248494,10.0,9.940407017930061,9.974992583896501,9.933648388967537,9.631788310289096,9.932690255291414,10.0,6.32248387221529,3.5858337209749833,3.7187604498896065,0.4106627906797525,0.37123524094978083,0.2161773951384542,0.5753596493545883,0.3399022149374437,0.43485326536488283,0.2130907448726388,0.6243086266028819,2.7667562680646185,9.925551130924331,10.0,9.672839421461903,9.962147984130782,9.93265623286732,9.656645983521566,9.967136808678339,9.648872590109134,9.949674112086377,9.461183713419814,9.747362512602548,9.179582178830625,7.089632906629259,3.775856879720023,3.4043935595398684,0.9902112425829508,0.7999800240574071,0.5854235238253818,0.3952280452801641,0.4148691644559748,0.4122078144552111,0.44115268122614715,0.3794708344574849,3.125350312136778,9.794917159465884,9.983370019448982,10.0,10.0,9.897225780683351,9.771907510020169,9.9063815369245,9.9858262272852,9.9765029497329,9.625926035926426,9.57366571469948,9.684586592097576,6.928367139757162,3.6393926499376077,3.3352092985912245,1.8010521228739385,0.4531053553095655,0.46320901765823086,1.0502563340952569,0.5798394992920667,0.7790694228122977,0.7349171478462239,1.1080894928897937,4.2515499703122765,9.249208289048054,9.564386660742912,9.6221414845706,9.819210131783704,9.90206609012685,9.816369811575365,9.760834657903755,9.79897633288912,9.950944752114166,10.0,9.913286321760681,9.244289381459446,6.133864866887497,3.6168797187129558,3.2527314686537125,0.9834193227900295,0.4236430120375101,0.3407844921597666
4.382157367906677,0.9498531769796598,0.4903080497843455,0.4892257648364831,0.2929105908810814,4.095488971535744,10.0,9.865534945035959,9.939404122113087,9.749584573888736,9.657180049961708,10.0,9.6874069804398,10.0,9.892812475878012,9.750608678551238,10.0,9.846063749599235,8.388643281697199,4.9804968133473055,1.9851620834156258,0.6995087299228683,1.067256483278441,0.5430504220850684,0.6865065672046864,0.5161349340020257,0.494117227024771,0.5656686973133592,0.4053422364162633,3.396182902790717,10.0,9.787104464525239,9.894776245675878,9.630153646530527,9.598148941248397,9.812358472848391,9.864519276456774,9.677886022729144,9.757237533396156,10.0,9.773838396068768,9.727647562973315,7.624747923859214,4.256570845464186,1.9606687330952934,0.4716038235284916,0.6467674976156081,0.7962402230697936,0.4963849097679716,0.576765545526624,0.45985098504735245,0.6692338145401184,0.5384345824556497,3.578686169849835,9.830217906176713,9.567451048706223,10.0,9.829505887530292,9.87697528542309,9.553584466232243,10.0,9.769575418460558,9.90171802105833,9.7085008595823,9.895496520962496,9.579631546387992,7.13752538781701,4.034032834692605,2.624578988314474,0.325757174491796,0.9821781182509005,0.5202132016404611,0.43655659596318375,0.5316988766996661,0.32215016177489003,0.7995614070840585,1.0829113563892439,2.8110143341043656,9.93954144792424,9.984929209858338,9.935728469110654,9.94783268528897,9.366981731326083,9.78056564307112,9.807260213912734,9.944767151522175,9.991611966677823,9.661045716818107,9.929506493150466,9.5794872852773,7.488194789654443,4.3862072009353295,1.7727775579642846,0.4287062779812963,0.8545563883905747,1.1019842456610207,1.247546181430708,0.37748675444597435,0.4746156756094599,0.5230313819432598,0.5009699752042049,3.1965351989253987,9.587461398770259,9.957573816408,9.80709750572773,9.766631510684595,10.0,9.421283829805274,9.968748577439749,9.595721136177708,9.584134340197814,9.971061494768193,9.522301304852256,10.0,6.463915168362469,4.542028960756469,2.246654693757011,0.589414331372782,0.5125864903668287,0.466664770431541,1.046516269056923,1.214598257155608,0.6677615537035866,0.9404675577074353,0.5241472327290578,3.11294750905578,10.0,9.960444943420967,9.721837455594896,9.42438041501961,9.681919428081573,9.73154773470651,9.923354223505571,9.588614996277359,9.959981145672737,9.622824492666116,9.717011204789719,9.717679157411364,8.389013088879143,4.7200105641214485,1.5972145376813072,1.320374599778188,0.6040928319101745,0.25707055467282824,0.7016094234519569,0.6044030860872195,0.4537405475808922,0.4251013186902697,0.7859528991539759,3.8251499480973745,9.87251904885714,9.42039838938901,9.868619885945039,9.485973086319772,9.57245800582753,9.722673582876398,9.874088375094129,9.858990530452033,9.63199329532442,9.497751483821196,9.942230864647039,9.919268247213775,7.556667479205465,4.218374705051636,1.8275468207879721,0.6165385447328146,0.6401351034445745,0.6296041554298857
4.354422070059387,1.7298010725736535,1.0382037321123347,0.839195124124696,1.0955902129188149,4.8746211992085575,9.347135656371526,9.624272669633617,9.776507352274267,10.0,9.907448229573498,9.926838283527067,9.881238151414374,9.80068906751535,9.871800313082176,10.0,9.97238479101949,10.0,5.745159354217608,3.7176743270963777,3.9178112077824485,0.4160354529296505,0.5900001586712954,0.442599573315536,0.47576971818957675,0.5658135954454316,0.43978497511911585,0.5855948759060959,0.4446863997202511,2.6914845747604206,9.454547951975218,9.755584052250608,9.900361736231847,9.379274436856296,9.904756954427894,9.691590755185596,10.0,10.0,9.711306007972373,9.932219029121702,9.96239449417137,9.848682555283693,7.646662718811994,4.493537650344681,3.1917364411099323,1.224983269526438,0.581739810541795,1.6558495296430555,0.46795650334300126,1.2524223175590798,1.1933444367396078,1.2601283917008974,0.4787459942286945,3.693218601562592,9.922387731599628,9.956741252223432,9.733668505481571,10.0,9.952889401237565,10.0,9.406492365212586,9.720149913513529,9.888662184475171,9.575623175910055,9.641341912003183,9.537197561853592,6.4533899605742695,4.094801733546852,2.8552959025353153,0.5334750873199453,0.780325284888497,0.48220969694700155,0.5243950955058768,0.5745341289434098,0.5073342601726711,0.6556031935354463,0.6381992451429428,2.9645996375459336,9.483182966566059,9.856931428299879,10.0,10.0,9.943389669166983,9.93371395124827,9.7959256398185,9.882697769837755,10.0,9.995648785372916,10.0,9.629345083768571,7.047795375865722,4.243675508368909,2.666694613287671,0.5861200660725272,1.1563853389948986,0.8437069646274086,0.9220753289663886,0.583360442052446,0.48854226262771244,0.43952705329733144,0.509123944419253,2.4733243134449605,9.929624348196219,9.619709321236494,9.224613706258578,9.970854475412958,9.919124381560612,9.889809234072501,9.535632119790119,9.900782093146773,9.5896391984261,9.86365293640829,9.805000672442455,9.875967396486201,6.950274338920606,4.797649798396584,2.510379301456304,0.38060425899771244,0.560330873622079,0.9954992943528116,0.9420836578302778,0.501587864012144,0.719525671044418,1.6214773276373773,1.148329584430171,3.90244007765873,9.79670897029696,9.473926294852953,9.570405756804707,10.0,9.591205902648102,9.819413363792435,9.681993736234555,9.914178602430221,9.778062425431596,9.8851788377027,9.84628530292746,9.638550101775387,6.910471439007608,3.977270925475131,3.2569971762636083,0.6458229274229811,0.24641957395939298,0.5548175479153498,0.40310843465016544,0.23334021527631993,0.6268679497150488,0.3623606090467575,0.8215534828857642,3.6268282072261275,9.96506938556169,9.510545875516105,9.873226929011993,9.963605030739139,9.756696625864665,10.0,9.743211557498638,9.7693174637741,10.0,9.994792798384978,10.0,10.0,7.849300550336093,4.448689510722048,3.2525258356820714,1.1993775765106527,1.2837476587444812,0.8010032551053967
3.0177131647264592,2.6664335692590355,1.4584651290107005,1.0500000171687687,1.3856586970116678,5.302267308235642,9.931187113280409,9.851938132701921,9.726515777180031,10.0,9.720601007788737,9.90048064628437,9.760910097919565,9.908299250274865,9.519590312551731,9.914628910399207,9.856474215300127,9.997233337075855,5.85931389884365,2.718502725631314,2.9913652263974533,1.635103487700342,0.5248402732960495,0.34403616609587817,0.42113053584027876,0.36466502707034226,0.2861522468923008,0.30710789315616893,0.2805748544642814,1.7942160970617518,10.0,9.967821438857493,9.922835295796181,9.798778358092324,9.727709694385297,10.0,9.982002643883467,9.743870147181404,9.921498333879786,9.91698010968838,9.937996301141167,9.810627232119973,6.8998105897413335,3.69320219880527,3.4679894834178757,2.7772630767919257,0.9120541555239801,2.0763012098195266,0.323119835327511,1.3340246069080344,1.3435299895275208,1.3511556713208939,0.7348374571338526,3.7609918809891734,9.961532438808256,9.371834213517612,9.531083075835538,9.518286028135003,9.692627912428005,10.0,9.760205144580105,9.932085999883725,9.9377120420923,9.460113255373733,9.652207631616154,9.777477220184613,5.253671415288464,2.8587583211508085,3.024440895701055,2.347643788487784,0.7578366772649554,0.29126592319256933,0.40403334054069284,0.30961723400923824,0.34930579077499624,0.38001298093664326,1.1189302394670282,2.9595235771780604,9.878232151148593,9.49915884835364,9.845880424013377,9.998090907178565,9.91297027979132,9.731016429065706,9.603097018878554,9.59105493245324,10.0,9.898610075560816,9.720219521220313,10.0,6.382130691651879,3.148918886592076,3.179716131065943,1.1319042068021987,0.8638705252962663,1.0052456179610876,0.9470675257269056,0.40381766401205843,0.372543648858388,0.7174348326821318,0.46393877123629473,3.2945252329429824,9.91103269808066,9.912842166432048,9.98826006604198,9.661870885270254,9.441792685408297,9.92549935734087,10.0,10.0,9.939620031390222,9.734146080979393,9.697341572588119,9.782234851983148,5.7459250599804585,3.2881283339891714,2.6777526915568433,2.338596190067418,0.47761126024662837,0.2794999138818879,0.4857847283998236,0.2673100814523079,0.35476541185340377,0.9576636442156686,0.4338547517141837,3.1751990071767806,9.859916016036955,9.698592324647032,9.682247936374317,9.817304448471953,9.483438939939942,9.326700798286966,9.959154918700898,9.982662904934573,9.840482901931473,9.875454801213907,9.432652856328312,9.912399853085361,6.22355145079502,3.2873980254737405,3.0697603732911025,1.8597332868375478,0.4056323863922407,0.36492219642245777,0.6253601904355888,0.12955948736342576,0.4318538731259908,0.40908019934865086,0.6047577289268281,3.0923079813958876,9.746652463957497,9.870323640469094,9.624386200582325,9.875295622212084,10.0,9.906942050496701,9.592676224812806,9.934351887657348,9.581451560047068,9.831474631518827,9.775824296224748,9.81159054686243,6.257076308223276,3.310750751691139,3.53324485192807,1.5890692082501992,0.7801864785683983,0.5470506137651475
3.2765452565582134,1.916372752518517,0.27170548266999023,0.3380073708978876,0.44098867654167034,3.7421152751764377,9.751691461851435,9.69300225466363,9.959380040485888,9.607660445033094,9.767388100415628,10.0,9.80853448099846,9.838969626620749,9.454734606338553,9.852130368539637,9.865747288078772,9.956631225894732,6.936515102847387,3.6006470245911313,3.3303038955832833,0.4180177100584942,0.3045377283576164,0.3176712761448125,0.515917254295926,0.3488196425943944,0.40545281262868244,0.396049840929651,0.7306461844523894,3.1816227193420903,9.830313569432585,9.372843853932574,9.773517618694516,9.739764851467346,9.477029606435986,9.633486884367102,9.892903257707076,9.541386083815212,9.740946825993817,10.0,9.189935331325893,10.0,6.3767624475059215,3.1626502235640537,3.1176477829419227,1.2231008188072026,0.17005912007902046,1.20267969293841,0.47884186116719984,1.1451318082220199,1.224541224449989,1.297760764513543,0.894908712188508,3.658186151690316,10.0,9.899133254940232,9.97873120755474,10.0,9.828859714640206,9.995343499022054,9.857941399097378,9.799558631526855,9.843736567937054,9.888576976266942,9.806712382733824,9.85062749606252,6.607513113493564,3.6226903467599136,3.369202856666888,0.43596920556274593,0.4384356201320391,0.35676571267543244,0.3447416251699246,0.38272684676520713,0.4815742160401671,0.42261158014085115,0.7184774722901832,2.1362238610750386,9.569763815043432,9.769447725560818,9.619658862943517,9.382134114637207,9.571507471401246,9.846400285144833,10.0,9.9448082330465,9.860184594145196,9.927857542491818,9.576905070767035,10.0,6.8732195763877915,3.248762655647591,3.3320567875579044,0.5765676456508314,0.48034541868307745,0.38184685394005163,0.2504166642278899,0.5105005649588263,0.31212404557844176,0.4701042577197721,0.32105870984599555,2.517589173148926,9.715752715715015,9.510693751421556,9.573769059639714,10.0,9.763609289269112,9.864132412888884,9.961722730138918,9.812928285104666,9.882129655705347,10.0,9.847219902567268,9.867557021147894,6.706015847368746,4.095697579367378,3.300041146810142,0.6996276761207255,0.65972544449363,0.5841673484693923,0.34558642671122813,0.29349645991132467,0.4313471045634697,1.1425678856027104,0.8838868462017757,3.7813159331037483,9.894367189190975,9.869184389384216,10.0,9.98477113425337,10.0,9.976431133026223,9.947082709097915,9.981048439882038,9.850359778058532,9.984155296551792,9.814295668108189,10.0,6.609505710003262,3.8452213303979064,3.635211481420319,1.011544332717289,0.4401215517210208,0.48872215942821096,0.6655336568709551,0.24765083613715366,0.6589887169839429,0.3582670351364696,0.5671485019641493,3.247102467930179,9.956103185847713,9.92068372794611,9.298486301984807,9.997625685098347,10.0,9.791665367916845,9.954330230123201,9.875184161422155,9.651250371536936,9.872786546718016,9.474292181799225,9.824302081084198,6.896620003816913,3.6333474551534355,3.5771989351446436,1.2089886048430847,1.1974717993720567,0.7807536549236416
3.837799785900468,1.812385340698714,0.8748244685715288,0.5078923950265279,1.2581277823377421,5.157160503645544,10.0,10.0,9.756009942996451,9.910003129029445,9.398488886020235,9.644324247788868,9.901805417113525,9.783271847791484,9.933644928611644,10.0,9.842463156567163,9.522357004847457,6.565961690482041,4.04304555273618,2.8647041320429016,0.8946243243848551,1.1108249787907563,1.2681190170452745,1.494577099358202,2.107580567651314,1.7763312715819533,1.8017278683775846,2.072034623565627,4.169963960437453,9.828445184555218,9.882821767331606,10.0,9.946849663265114,9.708925853500904,9.845716656907964,9.649135590604917,9.952408221698391,9.478750583496954,9.915086867640763,9.781357077267058,9.641510641227697,6.861841821596775,3.3263573207523676,2.9480680950833724,0.44337317892411454,0.3645518657476501,0.2861412477121278,0.41312719551627264,0.43972606394507974,0.41053726186227624,0.10552506803075841,0.5902507659998346,4.325954274888149,9.818212863613061,9.728184257463088,9.566132216637671,9.918192081720411,9.921415172767523,9.862749868424926,9.729244632398995,10.0,9.914909337169924,9.932296208002192,9.911300247886855,10.0,6.545956903451318,3.6919925767041706,3.425509027208871,0.5026012807129886,0.5313631072430848,0.35774592927785825,0.4855998222501372,0.8617053676499498,0.4389760063357068,1.0697278409047821,1.636915078430564,3.211593831439232,9.606398498906877,9.926251365777583,9.959963134992519,10.0,9.34102920648573,9.864476276700783,9.455466822470692,9.969383193918866,9.722410971554515,9.741831369461668,9.976731160502895,9.807681290611674,6.835302321979152,3.7670059414521164,2.8111094617851813,0.44443773455166175,0.34299514446154133,0.43205980625847706,0.3983145641029824,0.6114022703557802,0.3541885529682778,0.412390117496332,0.4164917359037972,2.7849945476423046,9.248040324598332,9.938887366918895,9.245432177185426,10.0,9.811966326421325,9.785787964929517,9.813635920146515,9.861551919741565,9.949473587124677,9.768297773193005,9.803290606914693,9.76162210847201,7.373898970930149,4.689833043396548,2.951421781913419,0.7007429613634097,0.692575412060265,0.527427072179975,0.3946593853337681,0.32976924545435105,0.5464078123905745,0.5283155884139957,0.4010590879410667,4.281657231126154,9.937012041617692,9.794991389825075,9.836949965040882,9.759650730027781,9.950927479804921,9.838848326230636,9.828066205798754,9.96427990662973,9.658898849299206,9.761185217683455,10.0,9.97897712661743,6.795235790807043,3.8854322363811766,3.06985956273372,0.9168691191311423,0.21724775378187236,0.5488614939426582,1.400130702748323,0.40811310296284375,0.9930473555540555,0.6397871586250546,1.4686728598681582,5.002930197606558,9.985975742936702,9.908935046235303,9.535794828235545,9.794630998425445,9.608324569988739,9.88009277896552,9.606980816186498,9.656940970597251,9.743887170943339,9.952408630412346,9.774094981690352,9.970353765567816,6.143314819604871,3.7083751712843034,3.050966001844203,0.3333464748850671,0.6877193670936023,0.37258493630109235
2.988058613738596,2.746591873698585,1.4539736867797148,0.48488463038493035,1.2784561633111462,4.942402337792596,9.823233840626822,9.87901224264742,10.0,9.873320758291973,9.786834021943248,9.771650373278591,9.898826916713235,9.973393336693112,9.735213823512561,9.763967975164656,9.475864899297793,9.697277776505029,7.339143715377545,3.430989056909042,3.869469311066847,1.258598092857887,0.8811116225770002,0.4420714142497677,1.3937481976654083,0.7893251758321136,0.5464865826146689,0.11283320113662043,1.0870152792111063,3.1240381846413654,9.839283648236451,9.635568795473445,9.961878111978452,10.0,9.838466026019171,9.65617103703145,9.640487175591046,9.804941102340402,9.778969351752805,9.971688466051726,9.98820348374893,9.812913962826384,6.100669434884702,3.31390929148568,3.0524215422448036,1.2773045882662015,0.4998489927157226,0.6155092674452043,0.48320054047544014,0.36777922880613845,0.4440402928819756,0.41933676592240593,1.1452489814771434,3.990662529993859,10.0,9.917211563236727,9.66920280457779,9.752975936976929,9.796088958449497,9.954813172124268,10.0,9.800057589131914,9.54451881052353,10.0,9.968131159616176,9.816647481378327,6.440724326317852,3.1961740384190382,3.260667478216965,1.0596178158886413,0.7868500304915349,1.062085354417223,0.4411358216710762,0.7170636261917571,0.39512543628147634,0.644743227001686,1.0934748168422819,3.092520175272115,9.71591382300788,9.661761096757175,9.987989419403705,9.77235794562384,10.0,9.946526894528283,9.870996821580103,9.835902281170455,10.0,9.696453232603924,9.960176233799434,9.801131743440799,6.9318239333031935,3.7531141001919948,3.8497078625332968,0.5219709662469961,0.5513995468564121,0.513541573126753,0.4137565704109709,0.4046185029294092,0.42096927000539336,0.4283061906825309,0.30331347141059684,3.8387291795224874,9.95585543909829,9.698150172570674,9.790279363539907,9.647305636027,10.0,9.894043101409764,9.91527767862726,9.85047224636348,10.0,9.783139759873476,9.693397049648102,9.927551382145777,5.100789293142158,3.395582339278672,3.157886831594016,2.3206866220415647,0.3376152639954695,0.45914816055105073,0.3264988451536042,0.2386567945436412,0.33082610670276125,0.9338594843589062,0.3145849954658727,2.9536853139630126,9.54693146582601,9.899766133063467,10.0,9.566565099700394,9.90002049843362,9.940962759973017,9.946096204779018,9.911237363718481,9.708355767248538,9.860524754578206,9.92333996669813,9.739235951407315,6.599864757754569,4.152724173133687,3.1945803325669853,1.6098297438867601,0.8854898665630584,0.822811429208907,1.040385580005184,0.3797730109055826,0.3884090809959517,0.6430085993610635,0.4493793190590073,2.769839546979341,9.677041564253889,9.905646093651145,9.710906361451626,10.0,9.769611161701683,9.986642893634384,9.788861921118324,9.603091199135184,9.622629905408154,9.908521387607886,9.804869173552095,9.791266542918146,5.752913542051473,3.0363105932344583,3.2457902721078677,2.005761617634381,0.5018426845210515,0.36234184015471715
3.4482925604544707,2.0004235754837665,0.44285585744141726,0.5213395360168793,0.5575157995045337,4.335279598944833,9.866077701549367,9.994872204809628,9.632124466140402,9.561238643391718,9.905033699645045,9.954477911613605,9.807913079261112,9.913015596478287,9.989625254386123,9.9205117962193,9.828694226167077,9.705978057564383,7.400588820085369,3.9000942715637343,3.6900642336261384,0.5673044027991998,0.5780503241280963,0.46384493551917344,0.34062775347896884,0.3850215386202954,0.37026661418936013,0.3737094965108367,0.7759752253837373,3.1019524194116586,10.0,9.911355624151403,9.937421574633682,9.706273786025529,9.81380771540467,9.449003566843189,9.895746461131209,9.983043189157812,9.690271192305302,9.690249589738396,9.42614499680162,9.580890014131404,6.038365892738655,3.5119949546318505,3.3373143542259576,0.7868427390601967,0.2517217479497657,0.8989817271138363,0.3080626667707734,0.9674885292224888,0.7845664314912819,0.6765234321513633,1.874555743542667,4.730142127152449,9.670713116239256,9.536034653058966,9.456773602233563,9.926956066321955,9.995869603108195,9.937304813995663,9.984072695875051,9.905446651323714,9.701682649489063,10.0,9.921507417595386,9.88864797340651,6.4255858176016485,3.8074862167998247,3.4951310819708135,0.6324417899556826,0.6516115943938753,0.7449558688569571,0.4606899997264331,0.3774846779112756,0.309585126832604,0.3053445046559363,0.869668429339666,2.6412926831783183,9.302733754012088,9.908888626461023,9.854790576185252,9.691170550984861,9.635429471180416,9.564066223384847,9.61735673072468,9.498588230762595,9.852481729118004,9.951301599862898,9.556361407276416,9.786336354719316,7.049420379296597,3.4846902480885986,3.275952991695469,0.3358187920523454,0.43891484107355794,0.4350413634213295,0.9000181826722629,0.507281397286813,0.4012574635058484,0.5895223211960818,0.5465768481357915,3.016296314280489,9.992730430008267,9.600071359062083,9.855655743300295,9.827256095894136,9.852510109963697,10.0,9.656621087409299,9.920689105356214,9.978781412901624,10.0,9.741163508847576,9.551201112592807,5.18115078535864,3.376715806014226,3.4201085307991095,1.7829280615772296,0.24874867610696907,0.4688612904352531,0.33636253842977965,0.2645805203525681,0.39638823828024444,0.3876527799634153,0.4425532314843447,2.6366783544223127,9.730154921327852,9.662465891056963,9.971167611009317,10.0,9.56246080228131,9.667454370861615,9.736512496807592,9.975681513388615,9.691384429444668,9.62313848765448,9.747098059019793,9.904679234414854,7.44848844695634,4.783992908673594,4.120682178432844,1.5755740707152324,1.1086245631060012,0.757220626074527,1.0631470409663133,0.5003729688501806,0.3264579651339017,0.3846146479255349,0.7526198056662281,2.818441486747198,9.854566573210029,9.56080566099303,9.56094281467013,9.723746322006509,9.891396408875094,9.917392783496574,9.356928113073382,9.620711430145624,9.991031444561784,10.0,9.772545585388228,9.780167558499645,5.847776733208881,3.5120284238876165,4.0574514162110065,1.782077910406715,0.8440285296699972,0.5992786151155307
3.2233420906369945,1.9488291334185135,0.16343092261623426,0.3884659821585493,0.40020492044876455,3.499472918254964,9.75606303636898,9.876996268798,9.925651499249296,9.949580759624896,9.861691986237506,9.849420242804447,9.82838576563295,10.0,9.939278963076788,9.846699986885154,9.942901209957713,9.797909999118131,6.23395045308988,3.2233420906369945,2.920513164524544,1.1689566769514954,0.7378658838383684,0.8223210290273013,0.5607680754837523,0.404210395493658,0.4127418951157633,0.28986091984395046,0.988322898250539,3.145850266679395,9.896619129638541,9.996617734520445,9.901690471087383,9.628116146034095,9.814753599058363,9.658857036699667,9.943518222425864,9.662876342427458,10.0,9.799657599784098,9.640473427784002,9.926257350992742,6.094001740400989,2.925646060018451,2.8904182831237977,1.7972901148253486,0.2288758114777586,0.847367693146958,0.2977493678725089,0.9368948650054536,0.6694613475968221,0.7946061748418753,0.33399795139862903,2.1489968300653133,10.0,10.0,9.96704166154773,9.702534843980978,9.466261619292801,9.484005611126456,10.0,9.52875503168331,9.721128066068713,9.676997797877082,9.42228962170111,9.89249892832211,6.418558688098482,3.1899252501102358,3.2233420906369945,1.078577729538146,0.409697164435224,0.4175906643485434,0.4993057989654542,0.09697384170718855,0.4829450459617687,0.8161509570330396,0.988643137563285,2.7790255807097637,9.884610998475848,9.713482587545839,9.95803373817934,10.0,10.0,9.604430199066366,9.842957286496683,9.81367307150807,9.75587780767601,9.559982044849948,9.70349719016887,9.978920121829642,6.952173348214863,3.612239785857712,2.6018659902684385,1.502504469711686,0.3242229665636953,0.4400198778979697,0.32196823376711425,0.7894459098723488,0.3456499614337812,0.6078497276917099,0.20400726743943173,2.1886829918824002,9.747481343178546,9.694747451372779,9.731746884619477,9.874031986505234,9.68174815051868,10.0,9.902948770960256,9.940625352725501,10.0,9.804419476381305,9.640767339189757,9.804865378798631,5.977653169157606,4.213073854697103,3.4135104493805026,1.6497457479270212,0.9156712904601604,0.7032730308121848,0.4103800558896552,0.4158995869027014,0.4334300361572356,1.1873329268551642,0.8975358049450597,3.3401120082939824,9.437024945236953,9.251069422998361,9.917099645762086,9.777310247232629,9.727323685137302,9.690022423891605,9.644979182701036,9.876942632770003,9.411689949646805,9.949082950585932,9.732366009441066,9.940826572032352,6.224218445211918,3.690407155622335,3.2233420906369945,1.3803176994412398,0.411444891040417,0.3798081922494973,1.231335022705668,0.4606755543242517,0.9676697544367926,0.4371572970953697,1.1002835770498653,3.1020498094140474,9.93352940855391,10.0,9.887859193470703,9.91750536778524,9.92939318816447,9.857496610929704,9.9783502240443,9.58461100857699,9.5621982565118,9.669872411040842,9.958677904495701,9.509403004870263,5.738147559047503,3.0824896619372595,3.2233420906369945,1.7341718052319823,0.5435453520903297,0.6394401613681449
3.5846679249404056,1.3647797309923277,0.3740015865566283,0.5210355883709337,0.4112183841254501,3.294100674854875,9.905760503403066,9.636080345566889,9.909533264621993,9.943855125095586,9.183383490702763,9.56602400787031,9.896992957242954,9.811573305827547,9.987756236351393,10.0,9.847577755484064,10.0,6.7691098937980705,3.5603396286102362,2.4598653757713054,0.47685284308811654,0.621800207438312,0.7983103367209757,0.7062137191922616,0.40474186178759913,0.49820819602105476,0.6225592426263936,1.1110293270445972,3.4734969726611453,9.722408431254193,9.987232841833134,9.783865113981909,9.980228723976929,9.830919983704826,10.0,9.693810965768584,9.499036840419041,9.989518603040448,9.834428406950346,9.86835498957057,10.0,6.551057638156362,3.5762262213913703,2.788948052071162,0.4228499265766938,0.5013180171379925,0.6233094277541917,0.4239582550129951,0.7327008852744863,0.5170150318336216,0.763863057357472,0.30600164913643285,2.1881721013155246,9.866226441219341,10.0,9.719113316053189,9.305088969970521,9.94531720691171,9.720327931541778,9.904937038511346,9.739849306378137,10.0,9.837325037351981,10.0,9.699649109780406,6.839924114700878,3.774766544622187,2.4647660744079736,0.31974358415762494,0.6509035541271351,0.6432579707545016,0.6424477037837402,0.20927933004707094,0.6039840783612277,0.53045325356242,0.7900750012323703,2.6249613384058894,9.9139959606928,9.978465778173707,10.0,10.0,9.992992272798272,10.0,9.869881444678704,9.785447681127364,9.903934683706346,9.59924648765771,9.931010404417538,9.626570138017435,7.190970859805974,3.7881208300832134,2.727437738312599,0.3971960024449064,0.48593306173702927,0.37595438621279703,0.38226541288013677,0.9517775638232139,0.39471962188210363,0.8060657412162915,0.3673908015282882,2.2043955394510006,9.918913047310877,9.67245190784553,9.87962022981238,9.959461288317163,10.0,9.976881810438455,9.344356478991678,10.0,9.88081582151128,9.935478992138398,9.773840950213419,9.658104868306584,6.210679096825397,4.057978076766735,2.7172052352726057,0.5029542504853689,0.5625489478053007,0.2964786444321895,0.612482367490076,0.5147464718208851,0.3611716138118443,1.0747150921120723,0.6693470319965563,3.829832639797724,10.0,10.0,9.870128358265998,9.44295058519273,9.895486993657222,9.720244771677063,9.818353308973423,10.0,9.978515194635705,10.0,9.802579806071487,9.84848557200698,6.649042532390755,3.702106962545938,3.0680622015241985,0.8237317810066951,0.47110584396146143,0.39583832407092445,0.7859010242923603,0.3687177795736669,0.5106213262855931,0.43939173463061226,0.8939795212551895,3.6828642609716074,9.8163637969957,9.72924697513927,9.974866522527751,9.780360236904516,9.94273076442149,9.624609065404096,9.909593185754808,9.83231569098042,9.970608760222005,9.786040125611722,9.675062486236081,9.803166371921774,6.5250696071251175,3.7988055643671705,3.212626319228659,1.0215548908635657,1.0276803920737445,0.8691586946388119
3.4129395325691125,1.6398513796345628,1.1052522064717947,0.375729815824742,0.7916609022382827,4.4448333075094375,9.924006030810416,9.933281464357242,10.0,9.641756379002164,9.77205664669287,9.512746699366941,9.941061721097144,9.943288961136775,9.977912746169698,9.792579894575562,9.616860062525134,9.827808249375707,5.961604150400591,3.119521133353274,2.8676061303969527,1.8038268610770158,0.9618552596807792,0.5384743083885875,0.8911845462332425,0.8019617076931377,0.9300745274501068,0.8937704739279336,1.1624310133820044,3.7819963133888086,9.776477634720502,9.936169468403444,9.794977031562484,9.758530114320287,9.557231135003377,9.98113107466122,9.547312530775638,9.59527994742349,9.616463907724766,9.824346055672766,9.823674200767776,9.773961275634154,5.872601567262299,3.1681608962450976,3.3870234506701307,1.123618907510013,0.494843449719166,0.3297049514650359,0.40372420718431523,0.9338819299286418,0.8001537486358075,1.0786977592638831,0.5085514347116001,4.043966846937608,9.519447175258096,9.484076904450937,9.96583929833473,9.753358853906319,10.0,9.738405615301467,9.84872484259856,9.768451027190377,9.799823499194718,9.965067956404685,9.790211926794525,9.876335509664285,6.6784970624797095,3.3870234506701307,3.083747960830226,0.544041842064539,0.3275124853203496,0.36311181135867426,0.3470323975768228,0.7973090725938832,0.3135152673986926,0.8598307301124769,0.9789130639907362,2.691386000478858,10.0,9.726594033686093,9.886341019714921,9.833271355172716,10.0,9.95083751340681,10.0,10.0,9.696168203442364,9.897129299697788,9.732022832828342,9.70654176296301,7.394678737240577,3.747979694616713,4.241673366803727,1.802789122151681,0.7782482412155242,0.365144735535367,0.46352397717226435,0.9656263544995844,0.36444195629983767,0.5305118405069023,0.4146860218147006,2.272069067721339,10.0,9.766295286110372,10.0,9.545230674858118,9.76630838202578,9.620657754492818,9.958109819433808,9.976189554344547,9.757348941754154,9.52585788794939,10.0,10.0,6.020324445857732,3.1420263555043335,3.373587250306648,0.7531360517708722,1.0708790125306658,0.713266259811119,0.2852528028380539,0.41089258133173523,0.4599458743101936,0.5432958057461293,0.3751177220633648,3.004009854115203,9.678566777174074,9.558935005164,9.918666287876134,9.98485376824289,9.944866597863683,10.0,10.0,9.333093931487678,9.888433132847585,9.859547111076704,9.681067286807252,9.874625377586357,6.912669234693903,4.1460078543344165,3.2914619735775514,1.6870202991266483,0.4124298494666945,0.28273118228855204,1.1720475164428468,0.3923305672126559,1.1401109313245783,0.4940930235320059,1.3303563000868202,3.331872980117379,9.706128005615538,9.73194596712373,9.701499353814958,9.718251674564193,9.953010380656593,9.896877967131065,9.652013121841584,9.814079206988504,9.586670823220082,9.890337079762775,9.759695923141189,10.0,5.926256116496683,3.3870234506701307,3.28089160804338,0.7032545673483817,0.40255051565857347,0.4352191513532704
3.71434589224464,2.0781674548558122,1.280193217270605,0.9530223176179446,2.0697347299337663,5.272151328699713,9.68561762220079,9.808531587733627,9.861506587657432,9.883854979096919,10.0,9.96348614861227,9.727770876728945,9.824577793429413,9.966009708973495,9.888905875087802,9.600952488769874,9.78243321568461,5.41114787990687,2.7486742850817065,2.6707837121439906,2.3098198978176474,0.18760553273892583,0.596179514084798,0.28801636826432764,0.5277045874555039,0.3873004992300614,0.310889827421592,0.34836716131176454,3.289941882794519,9.721942114710753,9.411542430610439,9.82660888488328,9.86873683773582,9.727672233231214,9.88690436165635,9.830412767890744,9.651692427721168,9.749617386093012,9.94075760796856,9.898311847770902,9.796016843568347,6.851686412118796,3.883300156332773,3.8026918954165776,2.83640143633872,0.6461765647774416,1.2154517261493243,0.1811753000618969,1.0178819140418984,0.31558438141386197,0.2991072651856379,0.3225684987121411,3.9962408684663098,9.843905274085985,9.438114126699507,9.569248966936046,9.573154324926168,10.0,9.385395283567538,9.794354811020893,9.857619997465704,9.339930416196948,9.857680677706089,9.871516273413587,9.943393592723762,4.704240391751605,3.0800541141978464,2.8259706898759167,2.6536042245370517,0.7783318277162199,0.9171721872884944,1.0310994450153523,1.3466447519975662,0.8590698880753967,0.9465343497901535,1.4553078387683842,3.213836309285028,9.763372428480835,9.74005783796467,9.620024218454052,9.778688889638877,9.71301611338098,9.616099695351295,9.876233275984662,10.0,9.5561707666883,9.568464576431417,9.732329862169083,9.541926424675715,6.349694457886859,2.9615650580963364,3.3302719625599964,1.2286789614825784,0.9354455065403475,0.30074176394614394,0.5247148351464521,0.2936100960685472,0.3147081359225872,0.3032311472073888,0.36871076175437156,3.4667229615702437,9.895135497491896,9.827092600282059,9.867563362398442,9.897997724058941,9.73839413600284,9.972747252722787,9.979305128131008,9.564279782146773,9.760874640718463,9.76672681588135,9.582530112614783,9.740368052500536,5.315337213050006,4.009651439971619,3.1520613244240483,1.6396027933103379,0.5578912311189775,0.5750510262373832,0.7214400619213337,0.458927394571422,0.17589886575748542,0.7202378215439029,0.6845380975187121,3.7250475276436035,9.888042080624933,9.717213837279857,9.665942918086698,9.691234455306391,10.0,10.0,9.773977111435345,9.887295995657237,10.0,9.923685956442162,9.877491328529638,9.592338004613916,6.020712207182179,2.9161959594678333,3.162888370436865,2.111543308892747,0.37360587374451026,0.2923830095898031,0.6219545785580337,0.31916033677641364,0.38923781607048874,0.3704495114573764,1.1975131653181705,3.5467228945771043,9.798109718380786,9.528889941712885,9.974707139409475,9.979505513433342,9.947342943890177,9.945377526348565,9.479565804762224,9.754197170008572,9.893494851969674,9.001025163469789,10.0,9.699591872687439,5.385126559711793,3.1882120070350854,3.374905744303669,1.5502125530701463,0.6176952135100588,0.22815570481290778
2.928940760779302,2.013356596700252,0.2517028433798906,0.2787035479282161,0.22518110961758014,4.122723167155072,9.913194235817189,9.659469118598977,9.527386637338592,9.653617056578662,9.842818336215261,9.974257430468077,9.807913376156879,9.59551581911176,9.446973914965529,9.592018523553373,9.730914563988494,9.385313907313389,5.666142173104239,2.7725623604743794,2.9564692325370476,1.648593634370105,0.4153998109210797,0.13517837657707496,0.6143649007332908,0.22229906650135992,0.4038227422209787,0.4916107691211384,0.22094853880854848,3.343122363149932,9.705496880731783,10.0,9.962433619110643,9.943997762636346,10.0,9.876034402178272,9.776987120360674,9.81262943483325,9.993570667933577,9.848463423754827,9.659806713493793,9.851001385594394,6.6411976738867935,4.038023675428147,4.243927377839082,1.196916580961652,0.5400518876204489,1.348400740475177,0.6532758990094488,0.8649189006991365,0.8914908036380629,0.7694865576433111,0.4036784141311573,3.440848571168603,9.8662330401203,9.600981033571498,9.734561217572612,9.96229784098413,9.411216184970245,9.872810562799655,10.0,9.740566008019458,10.0,9.659982248844342,9.907589717612664,9.817852720544371,5.57288117178982,3.051109418993022,3.332757662162137,1.4429404426539993,0.4338798583985841,0.3435494481297543,0.2772176587809516,0.45049876312070214,0.41030757606542706,0.3744198298948571,0.8688753845155023,3.057505149715295,9.988776343730196,9.898823509994209,9.644584313993716,9.823951048299998,9.888829935876196,9.885939918733289,9.79157053039645,10.0,9.944090072707947,10.0,9.921618135182362,10.0,6.521836215812635,3.127524120553079,3.3269671444730964,0.27519122235122206,0.5056258262801328,0.5081450117329365,0.5225673121947607,1.099289692321391,0.46670296642674647,0.37115119763330734,0.4468249114304697,2.659906712514712,9.877969228641069,9.615804888640087,9.824033656188291,9.855632243571694,9.721733375683966,9.55767955453542,9.455322662765104,9.65951986898897,9.830281458861617,9.77802459822362,9.798779611372243,9.85340684486093,5.904458468557586,3.519015944706217,2.864685237564858,0.7943227067780957,0.5310719776656482,0.8060593468854191,0.5820194943233963,0.6267824452693505,0.7869537140448514,0.5516047940675248,0.7369497100903345,3.7309915234889877,9.879119194866853,10.0,9.882466801486261,9.376891486655328,9.676894017324463,9.853909121454144,9.758969438661946,9.901647219694782,9.635122612310278,9.753057929266353,9.822878540460735,10.0,6.818855091893433,4.067290715365681,2.8625404172845075,1.2005735313765185,0.7513348099272685,0.5190851059520061,0.9000868563461374,0.516055645572678,0.31394442369246034,0.3399319511885749,1.2842153239883936,4.13703088856102,9.131811428742283,9.977760999994901,9.606849905268408,9.575695332872504,9.678239505617354,10.0,9.982723373965106,9.896309553706947,9.959898175794233,10.0,9.722138556740312,9.869458757147969,6.127283240443817,2.9868140445020104,3.116919818963118,0.8970522310590896,0.6385828958183123,0.4039142782667607
4.64565869607663,1.9756110605374289,1.384629511087979,0.9163385164496627,1.6997239033698055,5.157456812337901,9.950219203617797,9.702831386134118,9.79070312739605,10.0,9.89328671705368,10.0,10.0,9.78815238191835,9.882447839397814,9.865119480515801,10.0,9.77057831339862,5.620833087826819,3.27271111175142,3.391261878941789,1.0126556108816,0.6255929661386688,0.4145519252131877,0.51463411041244,0.8251227409222261,0.6539997481574957,0.5001999189294857,1.1958006138000246,3.386263917376154,10.0,9.83594342653634,9.959263435136577,9.752362966899712,9.90247580591164,10.0,9.864421690419496,9.975712172432207,9.90780967709513,9.840531577583459,10.0,10.0,6.400504078410355,3.4562979476343836,3.4351703937038858,0.7161962066318065,0.42896750719016974,0.7314532579639105,0.3923040409802786,1.0638510647920638,0.631745424712196,1.104219345735364,0.31407007913185503,4.453080835088819,9.883761915561724,10.0,9.785536223180769,9.782758188255768,9.908800190934263,9.741151930693686,9.972472799620206,9.725467463642802,10.0,10.0,9.927422838901983,9.60528664779304,5.881815650877632,4.372179479047011,3.198503809889225,0.620446744632587,0.40602363606034897,0.4307795964745361,0.3691695395356375,0.39546420945529664,0.3130870776910093,0.4435491771161825,0.5597268795858706,2.6395094995889936,9.500736489252041,9.623765050996012,9.892618892722824,9.949904951476581,9.783054901790983,9.578725646857402,10.0,9.775649395454934,9.469213685841531,9.727734914020216,9.904023151550728,9.669879395276588,6.637231226100171,3.409506526342128,3.4400717181082276,0.543786020021529,0.9471983118792388,0.3530615694552982,0.552539531552988,1.009435430047799,0.6149523969489434,0.7571438790010849,0.18445943660218572,3.720156802950197,9.736433283885834,9.804247755994503,9.787573958650182,9.976174808576394,9.902263178189905,10.0,9.998867867793571,9.6689617234394,9.696954808127648,9.91399282088429,9.511870355041587,9.94453032209217,6.039775555463356,4.265032811995163,3.268978170777351,0.7193095267560496,0.8174231640988963,0.3092190707736835,0.4713143610696625,0.6819548549325446,0.3236294561417944,0.7324456813879795,0.7980931197061281,3.538849480356378,10.0,10.0,9.962405900746276,9.868834826394789,9.687783941981804,10.0,9.87226130767449,9.800266047718472,9.886289712540595,9.910979684785135,9.90104832119883,9.860650269790838,6.590498684947188,4.072756029830556,3.3500720155220116,0.97981843940198,0.33337042320924054,0.3540917371534483,0.9045546591800324,0.43944982067818156,0.8650903213223318,0.44854010657750326,1.158820681143665,3.3793277582494623,9.703123612918667,10.0,9.824889999074097,9.641076301120117,9.846374090864138,10.0,9.943484226904314,9.821802376477166,9.717960159500565,9.804599005889806,9.998024315264642,9.805436207289898,6.236907980250212,3.556147228122497,3.8009888577760282,0.39619644438765467,0.5358062828823991,0.4757087915574639
3.896493068939503,1.6286498243479457,0.6859412213350005,0.36430132733251475,0.12655764929013585,3.8859170118964315,9.544377762283945,9.700873481364379,9.877039764910712,9.781877401169796,9.707350853645405,10.0,9.305420855536294,9.530569141490666,10.0,9.974649334074963,9.457373093647288,9.538272709892786,5.836812741948661,3.012523723838432,2.884616322410828,1.245454525681372,0.7870816640545863,0.48456961490906214,0.8078772454130796,0.6449692679813718,0.7194873522944216,0.47723147570949176,0.7360151149570493,3.6132877699015085,9.678430492033524,9.902599308533304,9.841100275301683,9.96873326691225,9.97970472189899,9.850112056454408,10.0,10.0,9.857730428148976,9.90695226810718,9.629845815744256,9.639623797120873,5.950145184699371,3.356516442991768,3.356516442991768,0.7176286888754486,0.3772580306651042,0.4010845508679026,0.16047535095427726,0.44383122759178706,0.35909170288356657,0.4627873947644393,0.32621926937916107,3.539549914734683,9.551624283100828,9.571347850110147,9.691760178916091,9.83703999485184,9.922804444081493,9.758403500508166,9.827256271840195,9.88264493887336,10.0,9.942379609213363,9.736037834481532,9.525308823333843,5.958854405319184,3.5837939128382525,3.356516442991768,0.4130215347422791,0.7329949672099636,0.37719580440721046,0.6425436423967686,0.5389255308731495,0.3355823793825531,0.40402263844155567,0.495409231069842,2.6428529270951913,9.700249923051423,9.849314458853915,9.710613162162108,9.650857053634521,9.601173623138065,9.728642589472328,9.699086101841878,9.967743389262795,9.952260872478451,9.438332523324632,9.69548717037336,9.602841900889425,7.26818904775604,3.4847717497939232,3.423409900442536,0.7448470937433278,0.47795802487522876,0.807309343517669,0.42631516706501393,0.5245824195439592,0.4335808776191719,0.4678932661061231,0.6222856752558201,3.7344293745608663,10.0,9.630264304335581,10.0,9.972431450619986,9.806048447708474,9.969608323835624,9.821149439562877,9.769653970200443,9.738795325187438,9.961342786868473,9.927700295978486,9.77818822181533,5.4926242910495695,3.8064294145522974,3.3226874138173454,0.6458486131634664,0.5811525833256059,0.31301019986315143,0.3523558938236797,0.3769062731493551,0.33149151237684793,0.9211715398004059,0.2715084055552748,3.251585192322683,9.90473058233731,10.0,9.805255269338458,9.459677381498972,9.851426585421502,9.817880742145539,9.581887855478069,9.744849075859804,9.924355852762796,9.675083304594358,9.922496326791144,9.503067459809932,6.696839894565531,4.270590087387372,3.05007987298713,0.8626541152305673,0.41662148883577943,0.4131796744513676,1.2437866890703644,0.25619272187146247,1.8045519104181942,0.4426463772121818,1.500984644598534,4.4885908508333126,9.868780804939975,9.791151631218822,9.772980155434047,9.760391976491999,9.766049321649293,9.697053456371131,9.760574821444918,9.668515749141038,10.0,9.946496349277208,9.8100166892808,9.911934963677423,5.646557842774205,3.347107858217832,3.0656562682828983,0.9147334590375112,0.40026148954324403,0.30236444958603975
3.5663308345435913,1.4104910026508568,0.3490690329099573,0.2886735941037831,0.5292703653013531,3.8627259421886113,9.822919760539518,9.654372952001196,9.729628276747038,10.0,9.941939391305642,9.679983627516052,10.0,9.79476840997511,9.867752681160297,9.969335840911302,10.0,9.957242950935756,7.407642589063103,4.146672102898477,2.9912646252436934,0.5871762800889424,0.8384386764952123,0.27356115762944716,0.629213049738929,0.2608599794455139,0.4607254652509464,0.4652147460560724,0.3708423879858717,3.107424911125163,10.0,9.925699668740663,9.947829012008947,9.637220898135602,10.0,9.832977422564355,10.0,9.9237894401739,10.0,10.0,9.634614091523975,10.0,5.96932159018846,3.3766412078454087,3.4924018035316693,0.41960073559589517,0.433062336768598,0.7961254973027867,0.594315080379512,1.0103449749007853,1.3368750450151088,1.2934666665264771,0.9316799174762528,4.381265372560283,9.948516778264118,9.79751641354447,9.57970571799407,9.914993846131194,9.891238330951317,9.94832570436871,9.726481754174207,10.0,9.613928889563976,9.83838245887889,9.223037645216557,9.832703548678566,6.518078162540682,3.4257042067727097,3.2436044435895113,0.5969551501202328,0.4707593720860311,0.8712218762089344,0.28720348543270874,0.5828545441795595,0.38025591104262974,0.2995268139657253,0.5163527700251147,2.532843960703815,10.0,9.93308668833946,9.829964975563051,9.985925695752348,9.785884121338217,9.948875342840207,9.721628252587557,9.804485533778593,9.655542872321378,9.74930005722846,9.928264171846628,9.735525018616753,6.887139138383163,3.5663308345435913,2.956237667778399,0.76364882894407,0.6300590080912974,0.45775837556275056,0.27575647445886475,0.3914282053952806,0.5705359927121803,0.4645860264441338,0.5154976262647407,3.289612726784269,9.666851384841767,9.709040681328016,9.893523191218472,9.736519221749594,10.0,9.984701388046187,9.417509898043543,9.950008904403632,9.452003020040673,9.55709351693018,9.706925151067367,9.966044649573261,5.882735459844557,3.48138631476928,3.089895379520433,0.3381796969541142,0.7492888568575657,0.35094638019309793,0.3168834027446675,0.7330284060366872,0.4378510056756743,0.34773733337558727,0.46515437745751315,3.209892224931136,9.633309458466117,9.962517968649133,9.985394360977255,9.861637404675747,9.877732889287078,10.0,9.974885433973224,9.989471783699287,9.899262341473356,9.60248039689512,9.650443363181166,9.976119572002776,7.817048490968958,5.134813437512559,3.4708587645386304,1.2874949060172713,1.069390981538729,0.6456859144866508,0.7099550079938126,0.47686818523760904,0.3444764931317037,0.38217390163235887,0.40916359758550824,2.488166749307256,9.90270626507691,9.874947990784996,9.72667291810791,9.861823926416136,9.62409476826264,9.88463014700771,9.731228122667764,9.99220572638103,9.721775440237739,9.770684795750583,9.899080828206538,9.752922617861655,6.248532970934484,3.5663308345435913,3.203800462624485,0.7874792969712883,0.7256071302000531,0.7734886280778595
4.391955600050524,1.8467248772154723,0.696564922040094,0.5144786096953962,0.801634420368488,4.807203949605692,9.84180049277723,9.965867582047537,9.973769519211643,9.706035478714023,9.848392926261047,9.852815858830596,9.941611522765319,9.93966207251224,9.872241740555637,9.892757948117053,9.82894381664607,9.94486872150829,6.252326189821913,3.6517176582327266,2.9768571016705083,0.30611489552396687,1.2619950882769473,0.516580740304704,0.4172349728648395,0.8934040232238998,0.9409354489647765,0.5646647786962792,0.8479744503475521,3.598566397955911,9.88202942446132,9.531369798567896,9.971738471263189,9.594311482573115,9.670206269682208,9.911185864871456,9.615375210933072,9.950000180091092,9.874312669096968,9.534158112501975,9.670886326456994,9.640765296610933,6.645537934776325,3.442100103940649,3.0157322966720956,0.3885434159738934,0.5233420754311301,0.6687888113394347,0.3351993327355373,0.460764746332487,0.3750033124999738,0.5536009602282358,0.4044563057177014,3.542825615466101,9.904536834772014,9.645615459725766,9.703336939001636,9.81414098751991,10.0,9.918382116329852,9.793740136781597,9.79415504887534,9.896846788772324,9.981450733492164,9.79781116901494,9.924576862673014,6.20932053440665,4.223839357354667,3.04062849454014,0.6349781687121451,0.4631286894771868,0.5450750466441019,0.6789145003412583,0.5712550329834136,0.25302876678887537,0.7403435198354751,1.1301728121719934,3.9647497081327496,9.919231308965545,9.606228515657534,9.66627800546686,10.0,9.897250261490113,9.869042803406572,9.881421862627304,9.931506434303557,9.980103783595174,9.527444492961228,9.628781054525719,9.847424274553216,7.417786745000007,3.5430334325894504,2.621444211875332,0.3497782442634415,0.4546003580558423,0.3207753018307627,0.13517170849620497,1.0692646145329892,0.3484838350899965,0.565849204488456,0.4243583840033955,3.1724461377547817,9.853287929826415,9.701421126867894,9.85398202351941,9.855328214117959,9.808799779839669,10.0,9.954402391671952,9.962725937371518,9.93852681989215,9.342644784372661,9.82033801617268,9.520193769516396,6.2777685621768295,4.1205826098143294,3.4904569762739572,1.1254111175506085,0.8987245842558409,0.3081493869235398,0.8735299708417965,0.3121141215310109,0.2839860173918648,0.5211637172380869,1.235316787137554,3.8186206661377238,9.753392070877501,9.84514614415974,10.0,9.879264487126713,9.938239245371468,9.586956262587583,10.0,10.0,9.77953047329306,9.983615814283866,9.569224011906641,9.511939507184163,6.432917814011891,3.394140158563758,3.436596849218617,1.0906291535029382,0.28862233936342724,0.5239844962344923,1.1672522422033196,0.45784959430659916,1.3423512399215287,0.658238291849435,1.8061879996376986,3.738504669235316,9.829770271006833,9.730986985683757,9.851998962138676,9.932740102497608,9.943186753425008,9.878012667287882,9.911691052344944,9.721105502838235,9.812336362122469,9.80890602499258,9.870816489888966,9.404920438880112,6.480422410887744,3.652634347234381,3.1093476265790296,0.2617979821973455,0.4685841622349819,0.39003020032692065
3.059392852977711,2.1528588842657226,0.5686952730566796,0.3370877413228785,0.7920572021192935,4.3072154774306375,9.68882434976202,10.0,9.977111553384539,9.67824797996701,9.903406455948955,9.677193036865207,9.975819719200883,9.940416318341592,9.307311161064383,9.738297121236668,9.927713635641307,9.939030467856234,5.857593910932417,3.3043152127231625,2.7329696054304495,1.808293986798562,1.564900378864821,0.45775615634847716,0.9094679332060875,0.7434791290069636,0.49249073769764656,0.22912769371308847,0.5468973758040807,3.646635540248529,9.778139768225902,9.862977385653528,9.736397878485056,9.996270251965111,9.88616003933125,9.704283313524451,9.971288677517004,9.786934336342812,9.912752737638732,9.87426598897132,9.651184164299545,9.67039509901589,5.355928124748767,2.9117120742163656,2.6658228916624167,1.9827532750796908,0.30764981924014884,0.3868751223731914,0.32711671176865337,0.5651086892819075,0.21857505786070477,0.7529788587903183,0.34824515391319294,4.13467100186994,9.80214487054625,10.0,9.365155474348798,9.883680639354603,9.792875212945814,9.929530510087703,9.820678942145888,9.743659754601303,9.537079698257324,9.709910691871487,9.630701897091743,9.836017891872356,6.22628203221492,2.8765936237673198,2.602289550724447,1.3808199315458192,0.3250142112043507,0.9386605359201309,0.7945984816724545,0.47251125737449784,0.4884544158478017,0.45711076106345494,1.0386631154317258,3.4088990208354297,9.758178723265296,9.92168193845401,9.895902468338152,9.559026713220252,9.572885578411984,10.0,9.81302465829445,9.770535611641913,10.0,9.911803437667803,10.0,10.0,6.832688005353951,3.708656087273024,3.0662717706395983,1.17481514927684,0.3994467171724164,0.3236153098663777,0.3715251759044367,0.28415669225547086,0.2413722129276415,0.2407423343267938,0.486373254628852,2.6558215239259026,9.891586185409372,9.56860519331559,9.899858634497498,9.710946552615477,10.0,9.84299936696876,9.522593388433954,9.72208810682201,10.0,9.574838065274758,9.992810125196552,9.79687276738576,5.950791095334232,3.80943183682741,2.8961207801426276,1.2864315136153355,0.5705019777212145,0.4585292415100639,0.45933093729363184,0.4810775165166373,0.5302902044895503,0.5824691658735359,0.7244854796368675,3.9859317398861345,9.887614284590082,9.733864405045525,9.92378486324314,9.973982431465569,9.740165942872226,9.958156747961516,9.949406612809064,9.932637496843782,9.946882534905408,9.908201991229776,9.75184608385898,9.8953049154068,5.801569481023688,2.6830287353796836,2.665399773646907,2.7038864953338857,0.34516366675101445,0.252315184195375,0.44697323898150987,0.38720817470682584,0.372183594174856,0.35986797718881536,1.4840488457757,3.8745111665849414,9.911353979618326,9.68616562994142,9.707830938112686,9.797944015147028,9.948727632248744,10.0,10.0,9.904466038383605,9.988019164576837,9.869808533909746,9.503287308476775,10.0,5.826338509783493,3.3443964024333717,2.9597018134525324,1.5413997269936568,0.3226544628573512,0.3526602635022112
3.497785034442848,1.2337249329465423,0.5094914473286103,0.35978068618277753,0.4834705667143101,4.177844104222201,9.804643988915151,10.0,9.644183854986666,9.765128343782782,9.675002594818574,9.545721930793132,9.75270046241858,9.962387129242671,9.84871883564361,9.639708270500863,9.583998514124671,9.964128926758054,6.321301442855434,3.4076965752489214,3.0944239713934976,0.3989974689159795,0.3666870107000298,0.43896504577808704,0.3631450107713326,0.36318717964843106,0.4255453772402937,0.19561219880413735,0.45729157820738225,3.4714621932605043,9.844865652232956,9.945271819856085,9.902096904540336,10.0,9.804292521018512,9.852621226101554,9.739201122156409,9.847430348920916,9.678732377915724,9.63756728214674,9.93282709883253,10.0,6.230095100227166,3.4629396529256438,3.157257396245437,1.0706719145111006,0.712041962821196,1.4129677464626245,0.9724974730377501,1.2769660680541643,1.2613419920072342,1.2191681085229753,0.41882824103462163,3.986447594496522,9.737944355259959,9.9507155346809,9.640140271311848,9.832438651386207,9.98861563480207,9.831846881325099,10.0,9.68746219056148,9.619263696739985,9.990454064436351,9.929787246818691,9.711442565468012,5.0523723649668675,3.377601755681117,3.2449011352306854,0.9016187137442723,0.13085292534668508,0.5976587373455774,0.33564836355724925,0.35888742732702494,0.39419611224019,0.415671810224833,0.3488593502263639,3.0821713532018236,9.782147319170495,9.887022569156592,9.933831841926844,10.0,9.728784159190054,9.562814677682281,9.998479502492792,9.870041830263528,9.853101362495712,9.954171213186642,9.813043079103265,10.0,7.28272809892624,4.013865264391338,2.570363964350051,0.6021301473366021,0.907922972318001,0.7356453971315252,0.8932957325525264,0.45921466352005125,0.45698137455149485,0.8390800342653701,0.2920292185185639,3.893139529594778,9.729716664144778,9.821602103700888,9.960332013446779,9.867948173838228,9.835553409741115,9.829660641092529,9.93774320434542,9.791567086048541,9.615042583724785,10.0,9.778362438036138,9.770924455238875,5.488716813106695,3.1030892130808954,3.175989786771342,0.6145159158978832,0.6440410962101895,0.5265015249818835,0.7175799819400067,0.5955757241902524,0.8325402766006899,0.6951759494194587,0.5850866271497299,3.522243977380832,9.254612301445734,9.923497888652802,9.563382231203441,9.810767556112255,9.804226383585844,10.0,10.0,9.836069419516036,9.869601960084816,9.579316371522607,9.827996085850291,9.935020340278351,7.392026668547206,4.460835237538956,2.3568794514395126,0.5451575342243853,0.31415624858309915,0.44453860191117545,0.6696429487024427,0.2577206027199287,0.4424233374951918,0.4428312722055989,1.1120524811515309,3.077647204258895,9.625568090070244,10.0,9.62663622679891,9.856213096652496,9.577272615841972,9.782951511194248,9.972644807251719,9.669323300990937,9.726781665199667,9.966507821940045,9.950210377228858,10.0,5.848755926166522,3.470939652307879,3.2609735224258105,0.8018806629492392,0.4363944829639115,0.40089122406948924
2.890682154673903,1.9180099942204532,0.38039663206740487,0.2759912660239121,0.27374692567388426,3.944244669735959,9.934084996672626,9.911629232615875,9.905880975628275,9.584846575483816,9.746331965504115,9.82907529982546,9.664500944086237,9.55031049499631,9.622513591207532,9.860581935066433,9.782819048677508,9.846487069506692,6.509505530351738,3.0970842437888,2.799878807195081,0.35079273299811975,1.4356422631366414,0.9923143983635864,0.9602502364053065,1.3429223856534678,1.6189983044278147,1.4468855756870023,1.7919087408258922,4.783967157958769,9.723060467108127,9.620629507002656,9.769815120082244,10.0,9.32421340158134,9.732472851138851,9.439574949390597,9.811685580210037,9.965080765171344,9.991131991001776,9.650453261369393,9.838177670370861,5.318699851298861,2.860943012480079,2.7273781448030734,1.9505360591675511,0.35432610304210616,0.3509884039163558,0.19609356955310794,0.3663253216039518,0.4679638298873813,0.32051992903637444,0.4005070119105809,2.8303585014507204,9.904702536218982,10.0,9.782664291403279,9.909528650057686,9.466015784245693,9.833888978664424,9.661229226738962,9.585279454361162,9.703319025682292,10.0,9.850559122414156,9.647431183438407,7.148796627507842,3.0295513304222976,3.888667798150681,1.4976128051085134,0.9116107697456847,1.208394651411497,0.9537893789885808,1.0217270872309827,0.38988275639066705,0.40410692527404374,0.5075489592745105,3.1101297682875506,9.909852296405449,9.969959715472022,9.891314314369145,9.705769850147446,9.903507375091273,10.0,9.769134964718235,9.487575627148278,9.653130530715709,9.972939621772834,9.445076207582757,10.0,6.380255431442688,2.894482726323684,2.96453493631531,0.9801212561693469,0.22375128082586493,0.1795499679839822,0.4729995903074398,0.39582850837885536,0.24325114915945983,0.5378166950060799,0.40488108009941953,3.3338650384424007,9.745782794519112,9.669758155524468,9.71358960034073,9.874806656936917,9.597709601157124,9.98080848629819,9.707441035302047,9.873035421038882,9.802442066627092,9.801740052262184,9.722347022544566,10.0,5.756349619074039,3.3050044495601076,3.0526547667370725,1.0850767879632697,0.48152181241616665,0.31068017157073746,0.3897777216008025,0.22156936282920686,0.4952412284977043,0.3265194328297657,0.19220671198122957,2.9232877071865504,9.830855202759752,9.39273031538164,9.76132815253098,9.690797789977374,9.93250662302935,9.779830219733563,9.934294969771676,9.630120783472325,9.741977907193384,9.852184277336235,9.92990270326895,9.900249271293887,6.394817479547482,4.1246035930543075,3.372676879364069,1.6249786097487071,0.9898113635422665,1.04142156507708,1.8138354399500092,0.9889871853276908,1.6887130093513587,0.3789336708661163,1.873315876195085,3.697705927602682,9.932451060178458,9.968193931976936,9.824148636833542,9.941304451222251,9.879549980993946,9.661230410314628,9.656326029472712,9.703674889566457,9.656970468918532,9.99352102321853,10.0,9.332499020553605,5.2072537955198825,2.930563129556511,2.747750805260499,1.7335557966489015,0.2897237001722272,0.43104948026838114
3.1700021219109127,1.53091563872994,0.3736194205771279,0.21190335610310562,0.4106281679739977,3.7267478592174017,9.71707916569813,9.80976800131121,9.430313604213381,9.84522553907393,9.708015005339863,9.832858060603664,9.53683429668849,9.732241693293917,9.612874826643313,9.98577505944509,9.648425063507204,9.841659312430993,6.3972337637626175,3.1081851169802848,2.245953955838612,0.763895618963991,1.001552976984626,0.4540538789509513,0.2066084353208747,0.4092286058369096,0.3706349470708706,0.7359490899068277,0.7216238857422852,3.4823326656942566,9.99437230892987,9.987700459970922,10.0,10.0,9.936208047406769,9.599393654825422,9.776677541247778,9.77430542015392,9.922161479820918,9.52910876864588,9.92808667648719,9.95336123144039,6.017763686289323,3.3838598086381304,2.721064698237727,0.49437315883438593,0.38659474516828185,0.30222506511083813,0.36950171133529425,1.0805440943538496,0.951306062831129,1.5235677208470468,0.3716857990594818,3.2888333261096516,9.742760354948022,9.730467496745403,9.581990446932997,9.67296326366622,10.0,9.725258680027524,9.504989835427681,9.865853339033087,9.65612794567343,9.972240406767797,10.0,9.92437945871756,6.406546127285868,4.011401187950443,2.5885593713411974,0.7207851336912822,0.4747880806903933,0.6203323274538799,0.4837884988911294,0.37523270125548064,0.4502655203957421,0.3432394950797892,0.341957112445736,3.0679077475470766,9.999986763341743,10.0,9.759728956892506,9.792954226063438,9.96324214396246,9.561060311539835,9.984263534805907,9.91785537307659,9.850139745753191,9.921279750905784,9.766117046378184,9.764609958734953,6.975617271549744,3.4437908052230406,1.9778527907010341,0.5134827765978575,0.3550946690811642,0.3401861378084207,0.48207418950954783,1.1171559411548548,0.4799775733717616,0.6466212966967708,0.2901389871907296,3.0801030903199553,9.865320730686888,9.264071896723326,9.72899616661438,9.994416019894038,9.971404935117866,9.974586886580687,9.918347897752833,9.573580218834548,9.983491589015879,9.814300200201437,9.959153280936187,9.816065410823356,5.655083605270852,3.6149823124288822,3.028984925792045,0.41167071839355385,0.623983820181762,0.6075117976667063,0.2664964582989273,0.6189692892683525,0.34533568907931045,0.3833226148780345,0.24861630967585585,2.9803980687454783,9.551967396949086,9.556210817103013,9.938285749923002,9.267045325456234,9.86329756443394,10.0,9.99419654764674,9.995642408534216,9.806428141739536,9.833655044304761,9.95271476384933,9.730612307926526,7.080912044755506,4.381378358525319,2.3265675749497623,0.348378652815788,0.6582524043993943,0.4300267089126797,0.570081774998596,0.4072541695135871,0.5640194372527991,0.3208879711262579,1.2589989346284622,3.377113991900492,9.642492858529224,9.73437426226828,9.801518393269339,9.978753852600502,9.359166495425255,9.951159851854083,10.0,9.94928429248748,9.898006918316842,10.0,10.0,9.862823992792709,6.6148741313810735,3.2573436095738253,2.2685973256343015,0.3957256006424258,0.6019145791761455,0.5573334347273313
3.078559186695464,1.4344955448523677,0.386308259711172,0.38483561264783583,0.3481548465049916,3.607501328971203,9.446461605595157,9.829618469375532,9.843248175968805,9.969900105143138,9.990748615552627,9.974278617176946,9.753393898987769,9.873900448840553,9.662366965142153,9.682324981226957,9.835867808674433,9.525412458764784,6.418072576801764,3.3240570634677966,2.3238826467419202,0.44896817675883616,1.257652476530155,0.6206646639422976,0.2639128521780768,0.48416336708280966,0.4305704295122497,0.3140295590139959,0.3687581472698402,3.4347957027985063,9.86838488990187,9.826660061181245,9.75978008761433,9.705000065357394,9.995837237665123,9.949038594522955,10.0,9.82436190559609,9.932228318586413,9.652684113971889,10.0,9.261530131674332,5.893099781278368,3.291102144004867,3.084939872156253,0.2728774511227828,0.51372758300016,0.5444135843753598,0.37249107350865995,1.0546537311125204,0.8017360544792799,1.0284461829137503,0.41213475901586283,3.1019582414679707,9.842843818987125,9.698896039372016,9.820162884046349,9.864573660037351,9.708350202222265,9.37683315510722,9.901247324317644,10.0,9.814362024218006,9.774605827593039,10.0,9.6975837890294,6.79071090284854,3.617407479324192,2.4636777964552277,0.6175434401532917,0.6672996505673967,0.9231364268723091,0.7612771492236164,0.6946608120135278,0.7179469789528297,0.5224062275358656,0.6489808257965777,3.0821044945501295,9.695355855957033,9.866918542659201,9.438373465515879,9.854943911379534,9.900792160668496,9.836257368321974,9.641853629383618,9.991178207118525,9.950731112475614,9.672607377345056,9.840298864787483,9.943831121184836,6.962319008757999,3.3253008073812165,2.374848497949027,0.3960292913285856,0.35158247841996876,0.36864377488330624,0.5159134051263661,0.7026803579478704,0.4039076788891002,0.6929263734253637,0.42370433230919846,3.121785853640304,9.870914479271908,9.812336113420798,9.950060442659069,9.937398561224375,9.94894802120059,10.0,9.764887803270575,9.713199797360307,9.862313177867504,9.962342037478969,9.728039223947722,9.842098248380116,5.9041073415133685,3.1010992169036373,2.9036427237097473,0.17032715598223497,0.5279341295335366,0.44566846628740053,0.36872943707804523,0.5872150835514038,0.3200473808243267,0.44219802389904633,0.4026297795173954,2.97351743349335,9.767614673422674,9.535780420415568,9.789806076933681,10.0,9.48125060620428,9.38353102519138,9.791533421081816,9.518834863141603,9.946948178545005,9.949094104588626,9.638136728689362,9.526425729038525,6.623347636160005,4.195089272631552,3.173822093912552,1.459102370920371,0.853116805609604,0.3895223239857778,0.7869626075650822,0.4499813755547763,0.6047207245747303,0.34420569757811714,1.4408460721295278,3.240829158785054,9.74900111755884,9.98832634728752,9.832406473824204,9.891732364431407,9.82999899868136,9.922893228039273,9.82422420076927,10.0,9.782509851360823,9.86869652002744,9.702288089652232,9.803181779020404,5.724735278050705,3.207440361107052,3.2536591824907304,0.31207587743436344,0.33917848885761287,0.47187117661972705
3.0372421680533703,1.9438738910622981,1.1975800835567578,1.1899563482585713,1.4080883875079384,4.5563604310644985,9.778253636475698,9.573199873838702,9.318236833532794,9.869932272305062,9.663400303217378,9.77380223354605,9.56455486309481,10.0,9.919234235084735,9.74383378225307,9.510979034584595,10.0,5.391366194539987,2.805520270545407,2.748960153142005,1.3572907178843174,0.5802148901410327,0.25079860010204824,0.22341209841571436,0.5345996053132817,0.3580927216926924,0.1939162683992946,0.394637020395466,3.4009873208464665,9.827520116310131,9.386363647247723,9.468311048904775,9.518706912752144,9.961963425769541,9.701178037576259,9.750406082142039,9.666303619767097,9.939972926435296,9.911022234750808,9.861922267302372,10.0,6.405953737670184,3.972655919116618,3.753880065110356,1.0995521607136702,0.6601715677743965,0.9268260630372929,0.21266163245198255,1.2291928210777396,0.8712163573437184,0.9550288017665804,1.1880607486464347,4.560884683836804,9.784112118980703,9.698863059603159,9.864052496940554,9.789328732398172,9.97029245047636,9.590528290509136,9.608491350902488,9.772041091632252,9.551928844752595,9.425388225625351,9.517993726792524,9.88096243795211,5.593950222948775,2.9503504663823192,2.9503504663823192,0.9040258883054837,0.09427338422119619,0.6981656256151721,0.1811697379410242,0.40408983152837696,0.3407967071531724,0.340442911498182,0.46059205365151945,3.1780879887429725,9.532773899889145,9.906285683741787,9.837208096906025,9.882456018085778,9.746733470513941,9.675619390522693,9.556863671532772,9.989596680484414,10.0,9.87523388412103,9.836393693506055,9.8422885398909,6.651688649189566,2.9657828612041612,2.900945505729214,0.9132416848438166,0.554545438433128,0.3245047722184096,0.8473869515259926,0.3969799361361876,0.32557325916738455,0.35387754340529487,0.32532011202552735,3.628462984479245,9.965198802506977,9.622052397284731,9.983456999486748,10.0,9.780747529952128,9.932213752440683,9.778349939600918,9.722139012291168,9.82463174849264,9.87410491544223,9.714030634658306,9.882209897186392,5.858599607230774,2.86721842650448,2.4979858504901715,1.0883549750574708,0.3459750781075615,0.5557072430146639,0.6888128220068227,0.9694821208155366,0.3472809968859361,0.4842690317456315,0.5803732901975315,2.6396824035086794,9.988163448581018,9.633832784905078,9.882452768254911,9.913256676209006,9.826655224959733,9.945834713353857,9.934717108370867,9.943687963291344,9.754725201662772,9.41892413717903,9.955522737749936,9.750600784663474,6.6904566664629535,3.298630643232194,2.616872878887856,1.1110978820313682,0.448299519241044,0.47276615810649836,0.3386908695050462,0.23370691824563936,0.50501672290082,0.20791067534663382,0.8276074037988191,2.1931468384549633,9.350750091618385,9.956440815017693,9.60840095920441,9.987181646017458,9.986610797078463,9.773120518359866,9.775365312972038,9.932839481467457,9.795822257223492,9.920081308002029,9.815556087489696,9.46743981454301,5.93511248938161,3.2021835376989483,3.411157689886606,0.7414574398043683,0.4507886120130807,0.3844246854743911
2.9831777116067544,1.7353351135635207,1.1198143901562705,0.8988268386517662,0.9041001041927264,4.404285246705011,9.743314255788226,9.668260415463136,10.0,9.674867717338344,9.90176080613318,9.94078285821362,9.492180430386544,9.994638248298651,9.680731021361092,9.865384726734035,9.809266042995286,10.0,6.294928754244621,2.917100247052345,2.313742957646865,1.3841870798427292,0.9730783337134818,0.27138087887566786,0.4974552743716342,0.3810065677707575,0.13692909903775846,0.5249170633817013,0.17382668202578505,4.679863619682101,9.875814524653913,9.973876773133323,9.749930620693577,9.825654725457209,9.700616515549427,9.906779974417882,9.723651961094063,9.465826471804787,9.818340216148291,9.95351207765254,9.867115472707622,9.885058275296196,5.746269585379601,2.588868398443977,2.7903208537647575,1.4430270028138126,0.4510542262152187,0.258231068442664,0.3461287647627667,0.3405884837086383,0.32392892527650713,0.2493840816618879,0.3005070370880888,4.299950806037865,9.754638004053247,10.0,9.674577370232528,9.955217533195285,9.866529275083254,9.717035391108489,9.877147827911779,9.847396577027308,9.900911030111889,9.718621381647186,9.823067443621925,9.395896902698379,5.66889428407811,3.2958150075882697,2.7233223223582157,1.0985805953362964,0.5490737144185021,0.8372603773028564,0.9408871046091005,0.39765986993007185,0.45882477042184455,0.40586578357132513,0.9790728069142453,4.020043394776097,10.0,9.919489390686888,9.436794762915904,10.0,9.839751898847565,9.949319090451441,9.945023811765756,9.944247476480228,10.0,9.974573943420854,9.538268224063714,9.98748526649603,5.99937759566253,2.968561694445351,2.70661072748937,0.8704382297045433,0.6751977077688596,0.2426115844820258,0.7520491449871278,0.351564714307285,0.3184012322807194,0.19836125216280864,0.2788099086510546,4.107532368777702,10.0,9.497306474751,9.821256839066494,9.929897742328283,9.721851526835524,10.0,9.879925194389536,10.0,9.932405248533483,9.486283177955096,9.878469426533828,9.807306483074298,6.0923318709492,3.767683769961785,3.209123320726563,1.1830805072773432,0.556733560467795,0.6586650224559469,0.3244597489895155,0.5339462025030266,0.04952227687735496,0.47065165144899784,0.3329583048511182,2.6637544659380064,9.635527057344254,9.808997267802948,9.96275533132278,9.918947369989365,9.876310232673376,9.817142277667925,9.61437366834484,10.0,9.838751934770892,9.921438691812172,9.700811720237468,9.703858061712822,6.293433526368345,2.8671122906515545,2.7652686064900553,1.651700929757924,0.4251927199724815,0.446035810748888,0.9090686527713052,0.4514965935907359,0.7018602433272388,0.402478925288867,0.8287151337551022,2.354472380220791,9.523795944512559,9.962115842612665,9.861729352500726,9.73155823500863,9.57848880731098,9.977699762286838,9.467913331128141,9.703446759983152,9.668735953644294,9.834411985659518,9.988210062374431,9.921036078053607,5.965549650596238,2.602924604450965,3.1273830900141304,1.646265479702824,0.32286883222944873,0.37335157987143225
3.1434270553490506,1.6058439142924275,0.3842478954710577,0.3581552529134737,0.26364404328003876,4.099744057440911,9.99535815230349,9.995174512483306,9.535056130493777,9.934550431163238,10.0,9.7456239925887,9.841459144407162,9.975280461023104,9.804665705697863,9.890007160629624,9.79630330163492,9.944268065190386,6.430295178783025,3.080378798152461,2.569762610243033,0.41405344047598475,0.9709164048532546,0.20733430609100825,0.37854413575024604,0.4879153504139506,0.35376512856254233,0.3915042140153739,0.11644686027923205,3.986400017055012,9.9003197794394,10.0,9.747905564554966,9.899997912955925,9.975080796507434,9.770255273059044,9.94867724700656,9.819472559750968,10.0,9.96702332973764,9.640137891508182,10.0,6.27364543558307,3.521438872925954,2.941048516115833,0.6252736084784449,0.35328399287661005,0.5469368166864932,0.3762701669442192,0.5016043781033834,0.32969531272869623,0.6585086191568591,0.33799043266864837,3.1621571805222186,9.978538632663914,9.656845086103358,9.714850347011552,9.831256768258054,10.0,9.992089296862533,9.818320197477012,9.943584457378503,9.904953935683784,9.94636718782,9.936171862092955,9.757236101199902,5.636528242683873,3.7458982191164174,3.1533916004814198,0.39533906389725015,0.4477317066492026,0.2634576380265332,0.4360750714362635,0.4911232870200054,0.6266848709757945,0.6888475326646448,0.9679541157685363,4.127744676905689,9.495234559908017,9.810785914847836,9.945058062907753,9.798930047389227,9.800588679406397,9.950038312571609,9.831636640757933,9.944697826111497,9.482775660998483,9.77977823356018,9.913503065984727,9.995787590033261,6.641323033465415,3.168403556248814,2.5490504721597644,0.3278681380553361,0.5949111987380946,0.26343532949181564,0.49355630048326105,0.23892733668567182,0.3056233451052143,0.49717795164279893,0.3235835206379153,3.407508464942539,9.951150244724044,9.768899285392642,9.754403607770707,9.812674394671314,9.709658067993912,9.803975391137389,9.916849692919307,10.0,9.656191544078876,10.0,9.440814866472394,9.944569231811938,5.984279019108676,3.2772126054994404,2.9637775078103403,0.7952127436757606,0.674070530716486,0.846654042762021,0.5531460463423862,0.44889406746364674,0.3672818089190131,0.7352448381523926,0.38931375034285,2.699198156405048,9.915704626840286,9.848422370073026,9.948315432705497,9.93176984735012,9.913039003085903,10.0,9.998229178429895,9.809017476088306,9.619207144124188,9.96415752456543,9.855253461526853,9.783512627067568,6.466142260368033,3.7809688403449644,2.6742466439384396,0.979395848508479,0.2676587895198054,0.5118131807513314,1.4492539129423971,1.3864942031209624,1.6296684234305059,0.4845445543455218,1.7805102234527204,3.404604607421149,9.515121168298034,9.599686307507909,9.951957832125157,9.703526850707327,9.360482046731875,10.0,10.0,9.955750172245173,9.821670984898464,9.646097016731083,9.95446197086232,9.904315312166391,5.905370474960314,2.875474923985971,2.9301510309709435,0.7139288767749798,0.38970445049485725,0.21521853942436545
2.9842097560641765,1.4549228769960554,0.4181158709388637,0.3118126850219192,0.38480367180878333,3.6991565359667002,10.0,9.804272965243772,9.75649234721806,9.709332615957775,9.723094893828268,9.818012486350758,9.601913357347327,9.992321681508836,9.923061260318695,9.834923845470625,9.63418675837432,9.806472101945882,6.235402809615914,3.4401519274564105,3.230652758809555,0.5147852036290987,1.2320689979386499,0.8025599215084531,0.21495817516005672,0.30989075004336974,0.4585798886644385,0.4558584626200642,0.5316339556814617,3.165007549287597,9.78883363502732,9.71426036284764,9.935921599253975,9.916754784482217,9.990425635539943,9.967866579225637,9.953446468462884,10.0,9.971884059216025,9.98048624268239,9.626180499539068,9.793939343995127,5.461131206457452,3.035206309014285,3.071151159922974,0.8862127009346112,0.34476749846450516,0.362644478210009,0.3316766125485456,0.47611729166223266,0.6507628196648452,1.0501552050770595,0.3819293150530487,2.0073276105916933,9.818466469426667,9.911568604644083,9.749662342757139,9.801141641953768,9.958126661963254,9.640454641862457,9.959144972302072,9.934937054055126,9.844597252972108,9.838907597823798,10.0,9.609712991113467,6.342287198547941,3.5802222965355126,2.8735489946097923,0.24475231389522648,0.5048612504506681,0.41725075244250664,0.5195824037161643,0.4843085766379878,0.5607240788067412,0.7267396896914072,0.7955244988949381,3.671018682941576,9.409379777202126,9.834007586703747,9.945794780704503,9.828285474671,9.958326634892815,9.840388257679692,9.567167429465652,9.552331572211955,9.644813915928353,9.956994212308956,10.0,9.90364945979101,6.040541812492959,3.071151159922974,2.6780965042775686,0.3018088492659856,0.3541949244649386,0.21198752667811394,0.42418284397441136,0.6105564751575447,0.587265632900781,0.5643023129335568,0.428834205277258,3.3603954161906078,10.0,9.942218391536027,10.0,9.993727490995711,9.534281371788097,9.790181685949618,9.783796371572393,9.955759792243269,9.603855698409859,9.981771155213607,9.926837327264957,8.958497340513846,6.151371281252918,3.581147348097748,2.982840523570822,0.7699144939668083,0.3261002151813162,0.29601925901243376,0.3518467727985207,0.2373746441964288,0.3309835582996132,0.7372074550284813,0.9486884904911608,3.817066183245041,9.530973865828571,9.775305595513414,9.807697329700135,9.714177680417139,9.98522499383999,9.73467335844042,9.903695171201178,10.0,10.0,9.918194321713674,9.913979486813849,9.770774907817767,6.637049211619384,3.389601304876764,2.6959834533391707,0.5317324244682912,0.4015782890035514,0.2579743257689951,0.3825586571268502,0.3064722483474351,0.29908799548098175,0.3929971455726816,1.083336177585838,2.7949568911814824,9.804978639067693,9.981867455623584,9.609795561705237,9.869490237541283,9.811263848699156,9.824440673022867,10.0,9.876682166423032,9.939735461797577,9.757264561388881,9.646156244723482,9.61876857928628,6.030338887697057,3.222827348585553,3.408686536310204,0.544032762195159,0.5764444137514312,0.31824058505886915
3.300461819177871,1.242005977347209,0.3609749638045653,0.38698262072750206,0.5256011136645848,3.8019676850912627,10.0,10.0,9.719596583087124,9.683812444153556,9.831310843854437,9.76132707212724,9.957354501680276,9.583901036198188,9.929063927453203,9.773751691327508,9.65090354840417,9.622533944848362,5.931087178959141,3.177307009796369,2.7492761175044165,0.6312509548592686,0.7683954866835788,0.5803752106605868,0.8828500370418899,0.9179086148741118,1.3245515512914499,1.0188276317505152,1.0710114097056656,4.256802977659456,9.651144369193222,9.6221166187774,9.98356184899199,10.0,9.927339323035293,9.857853816657448,9.46561407886441,9.979478815077593,9.471895362980392,10.0,10.0,9.752568912791794,6.215971980408291,3.134439951763151,2.453536381649468,0.5075683304912941,0.3057178608678778,0.43580573094030606,0.4256991003525636,0.4800725620545572,0.4386918223450858,0.45702400616435496,0.30262232398985583,4.218564074221451,10.0,9.958055620260287,9.911574754429232,9.918198882418764,9.83017991713085,9.951172023224796,9.598730601873145,9.790235707281319,9.825732480756857,9.960856460448328,9.756316020260268,10.0,6.747603027042953,3.9114228845506283,3.5302385994991257,0.982105275624471,0.32943148811799505,0.2153371511531933,0.4476684658118861,0.36447205603512906,0.44848667613015225,0.37168275881025137,0.39462524247344555,2.994030314443533,9.847141800343948,9.933959113755863,9.23735985765792,9.991193061562717,10.0,9.741971110948729,9.937274062075403,9.983073741580329,9.73547736451735,9.908625699058959,9.682824379079422,9.819204021342484,6.173986039477975,3.177307009796369,2.6069342732531164,0.275032875066289,0.37773450605311254,0.9821318477809048,0.3671370037291304,0.25665200127960097,0.45389087267282324,0.5334576698489699,0.5097368396288349,3.004183027236154,9.67932064121414,9.982142719004324,9.75540049542416,9.671060262312038,9.980974076355313,9.939335747462126,9.757255507549743,9.920717930791815,9.715236495680223,9.819250387106033,10.0,9.800168602889086,6.001588453685283,3.084345324628531,2.523623217203598,0.4506187192796924,0.3980164624510154,0.514088343973788,0.5416599251246157,0.947671447606041,0.6144980839018502,0.6857869638188383,0.8058227641547803,3.0148616501444323,9.893757876105775,9.977693833202617,9.93019974003013,9.333985046630927,9.701804844179549,9.513962877126819,9.736033461596751,9.831654743868658,9.978216306888955,9.793704236535984,9.77672699480305,9.981484130737924,6.496229701724667,3.5061910614018275,2.995993833808056,0.9704445796307559,0.5670121823999303,0.8617252264022883,1.1423511793649705,0.5742826351920478,1.184697485953248,0.43759530020537296,1.2715539348475298,3.3903549100386283,9.80491048520894,9.94287229516846,9.857561482407778,9.743493837001182,9.623271906776978,9.953539057801756,9.712800574021026,9.825694921494767,9.966501872512833,9.639958583018435,9.968977713052357,10.0,5.850474469510092,2.9750030826287626,2.855484458776022,0.3824699014049755,0.3098260926392595,0.2233856765768935
2.8331240153263186,1.55467687562206,0.2780456528047798,0.42448327468748953,0.3440488919509828,3.787618694164744,9.898575484068127,9.989604917135047,10.0,10.0,9.805063910398353,9.927915799084513,9.857803208255417,10.0,9.884557008476987,9.920622655066381,9.861849396977043,9.358189208362298,5.503976796608137,2.5328948970291854,2.8667839130547477,0.9656003243545201,0.4164764888844067,0.6743438565178949,0.5204888607907858,0.5008193139731848,0.20946016816082672,0.42088395870242884,0.3583513559007392,3.286237891970111,9.781513128259935,9.847333988271382,9.744839812031746,9.367444755904517,10.0,9.702921334158441,9.682966127721098,9.783014343475875,9.526762196287574,9.983948344824359,9.882620625498435,10.0,6.589823179538795,3.782847054818193,3.404440787093404,0.9605308999068025,0.32014567206416206,0.28644844578323975,0.37992700550633096,0.587808281462325,0.44441393778879923,0.5703808615096511,0.19660358290519622,2.997384976648996,9.972448479705932,9.887992898944212,9.69558439848326,9.883437625181632,9.749021723924441,9.97664478077969,9.804389058229447,9.912278936001549,9.695223773666815,9.633929723969034,9.994638318300028,9.670016927470614,5.9491284611047455,3.1088754184660887,2.9998506726685563,0.4268643678536123,0.35048634134352685,0.31218473816244363,0.6039111809673336,0.5093554250553143,0.37187003835313875,0.3669625846652548,0.5451174483302514,3.189273291498865,10.0,9.924498520032378,9.809435136726686,9.817280116799614,9.836473485838017,9.543490395390718,9.825767181047944,9.61754200282497,10.0,9.696039067760196,9.731727054278513,9.829341036074492,5.882162829606855,2.5489312566246722,2.5704457815433264,1.0502383176196333,0.4900670625004758,0.6768648244537248,0.7787035914817437,0.9203090203536639,0.3469564121090702,0.3905046546442657,0.2596407358463623,2.481208567625778,9.779135222799868,9.787115714400095,9.93511533590036,9.97632709374036,9.660878455473403,9.908112587772766,9.908687558047946,9.959663030333658,10.0,9.930771241804889,9.701863348106691,9.450859251938635,5.197525064671688,2.8624485643099358,2.9706816329787507,0.609427225974733,0.4530818127134637,0.39773807440192616,0.1268839938085305,0.9648801914042182,0.6341393359913655,1.171108825565867,0.864440295635643,3.6533982498441846,9.359639195477989,9.78807822944973,9.93775504472016,9.563279945264178,9.989710568796099,9.952619593539211,9.945767264322699,9.586654839443424,9.883118859314846,10.0,9.793830865861057,10.0,6.496262491873855,3.4324027923105978,2.898858656363614,0.6249477020985034,0.7786760113207214,0.3746054179176261,0.450145073293361,0.4266630133147818,0.5465251316918619,0.36970053770614086,1.147452012359394,3.4567002628197026,9.95730586859955,9.880681738851456,9.772927750115729,9.65993708291707,9.942571248600784,9.974576907891134,10.0,9.576734074244246,10.0,9.948649099686829,9.706265186462337,9.720792779411296,5.720210555737355,2.972734978248459,3.4726575577241277,0.45241764192695566,0.2814417621551075,0.4558463649208797
2.740472095334718,1.6769006813750484,0.4091266745316391,0.2837895542358894,0.31246537620223414,3.9085633882441013,9.644197333095363,9.862764559468852,10.0,9.55829533278661,9.778485653014874,10.0,9.954885990566158,9.815530372525993,9.389493305283175,9.842574172724206,9.713273964023365,9.839976071919804,5.120315270667867,2.6057809713367335,2.587250945252177,1.5250256720104995,0.5615731901073899,0.20377148331153797,0.42147669707433855,0.40086040908196297,0.4697298432035778,0.571886862254993,0.7534616697082823,3.604992163391588,9.601734901058073,9.819025472881945,9.795738661854733,9.81441405754796,9.62424875303142,9.995328640980537,9.970110489985803,9.71258846685132,9.831840185208412,9.986971913840907,9.813154270364848,9.762563461119807,5.5736802486125185,2.561409112945946,2.7800836100465705,1.4517104003620234,0.7135102694415862,0.3933264706890925,0.30535626531982474,0.7915251387746035,0.5191286473904236,0.9645398485574205,0.40441277275707266,3.760293790827935,9.643889084874507,9.917229439449454,9.384892427603605,9.985577222014717,9.985788388217367,9.91917209055552,9.901672449892548,9.838030899896502,9.754506371402671,9.666786905040281,10.0,9.928989518840595,6.023913831738199,2.6031872351312657,2.3457117541631574,1.5848161664400733,0.22059036827601836,0.18382632098601093,0.9583640722981316,0.5733584671323123,0.4205847735403133,0.3832534358858789,0.4642910098443874,3.5299016994419947,9.552584343648684,9.86912186935635,9.419746053759207,9.878539145485085,9.930612425384716,9.702524921667427,9.873522651919695,9.939050227786892,9.820011348355289,10.0,9.78722556760582,9.915431923019803,6.1656624181836355,2.1964831538629417,2.5560175946765282,1.1988435301705576,0.20621511101193413,0.31457267584417087,0.13830583748968756,0.42238112382093534,0.20018918698712954,0.5255506211634224,0.329318078027854,2.212327763051008,9.564954492299018,9.946830218461544,10.0,9.730731407463187,10.0,10.0,9.410136234121117,9.864767008117544,9.960827304607163,10.0,9.89299857293584,9.913522813929113,5.718242448705334,2.985248936759563,2.6209711456906546,0.9863429379747478,0.7564797035269235,0.5187711120520601,0.384644205355666,0.5209221431798211,0.4036224063844006,0.30747373181314513,0.3147624593342111,2.7660508632949994,9.656883915653475,9.707712838246708,9.979975986720289,9.792703562500266,9.841956399703566,9.948014701449171,9.70824174812664,9.95814160294979,9.901583781445396,9.608979275143925,9.824475726749325,9.64973185218474,6.197317576884314,2.878499894834586,2.3298732813406398,2.5923918272002355,0.7891912862296442,0.6369348715471197,1.2965409881654333,0.8874064999029914,1.382747781491522,0.5390432694451261,1.6697879735881418,3.7155689915437486,9.95530609099398,9.959228827194194,9.343852805759797,9.86973552008106,9.838139785750512,9.607519092535831,10.0,9.721324131604975,9.766406643470484,9.919769260392721,9.938815600212468,9.724012175020345,5.143814657576831,2.2953343868303486,2.4797276227785354,1.7767843208173801,0.3280182302319816,0.2987731717275131
2.756881853824586,1.9140981635049867,1.0708174365403975,1.378252638115125,1.8094143052465745,5.385136838513617,9.73506718705269,9.595468846478925,9.97835025678191,9.993661742329925,9.517411602477205,9.914743740650259,9.323601357906577,9.926043652312012,9.978186652802638,9.857196176964624,9.950437386383449,10.0,3.91557148093938,2.617313150994413,2.6166667118191893,2.487448023383732,0.3214439847347666,0.22452698642335966,0.40741708315576897,0.3281701134883701,0.3310280603878965,0.4815455096601541,0.5584809999660969,3.647444888240882,9.732654451701091,10.0,9.844965115133935,10.0,9.62147598211379,10.0,9.525980983082535,9.749184829038017,9.69600639288081,9.899936584844584,9.713568259137405,9.84469071129907,6.97369433457445,4.49591215290355,4.757276179774728,2.568212319937154,0.7235387080110028,1.136099295305235,0.3691881467837439,0.30217624987762176,0.6028728826350191,0.4999911037182768,0.26874004033481796,3.955011699040128,9.696863954031176,9.850971367187048,9.988168682062975,10.0,9.679842439035864,9.53200599829784,9.923545101995566,9.601148768221908,9.911215950616933,9.794114390235508,9.911947056891862,9.723252905876931,4.702346223304357,2.4975689137692463,2.542996653186542,1.8547905885776768,0.092934532379742,0.5228247061383515,0.5316708504472005,0.5634831164175407,0.43229891212640265,0.37639805197640824,0.6376640436860629,3.529785807185847,9.56432224151973,9.732205458904629,10.0,9.77419524691905,9.82606755899353,9.846760701683527,9.820568349101013,9.936441847337031,9.842552348677582,10.0,9.916546372315354,9.812471393774386,5.876289454570241,2.1270607817673923,3.238400959271247,1.59595769243743,0.43162407601365904,0.26972096176805443,0.6888659661679952,0.07845439402122723,0.4629051394624808,0.31315451220548984,0.39160708091566093,2.732907871863988,9.935243686951488,9.82060764071553,9.631641434478155,9.831642974688155,10.0,9.939693562791991,10.0,9.682447175191562,9.975161319539243,9.875634812602602,9.869927039640102,9.849069925655055,5.727169985041967,2.8773263112314336,3.0417082362028127,0.9996765918666175,0.37025371463783235,0.7448318948047237,0.7579827219580599,0.9036429040613033,0.7751593207665133,0.9395057435861669,0.5139100358366946,2.689908883886717,9.929933040734097,9.582355144774036,10.0,9.871207901121045,9.88451929454233,9.901903160344876,9.860243437465765,10.0,9.919099631002421,9.696478944989783,9.872331148409678,9.553764838355569,5.994112888899353,2.5887731757024435,2.4662659382294856,1.284549160779394,0.4239726870509914,0.0790794883271308,1.1570504420701617,0.6436874185174295,0.8201474269426428,0.3996442211840305,1.3608162393788716,3.3790135558440477,9.903846071369525,9.964519440142753,9.956533252977636,9.911365799904079,9.98905974040143,10.0,9.976270112177577,9.997183895121113,9.965584781914055,9.674027162266242,9.920507639578899,9.73888679619382,5.860524365545926,3.085811667317338,3.3131724708086114,0.7115700514577665,0.30797588743772014,0.2637673352167347
3.021727461422796,1.1492806058184177,0.2939324106811046,0.25825524742912787,0.4340772002579102,3.4787034317882535,9.969481949855904,9.966968781393314,10.0,10.0,9.65344720457601,9.428054144617466,9.757437221864118,9.670317326274796,9.878684841959732,9.99948827826172,9.962811223392446,9.775315627415186,6.003321099596332,3.1413126862799294,2.055472059009663,0.2639006069253093,0.6623054195294054,0.4630127207049391,0.5491426636868278,0.7012553554632123,0.4299262370545658,0.391517948395776,0.4697392340743413,3.5069188936319295,9.70891702386217,9.959874666093068,9.720085919671693,9.72894878421901,9.58063606122414,9.870281894869201,9.813543659839898,9.965202187234304,9.98959965492982,9.800849153758449,9.768579166770527,9.66267523202332,6.356360222227175,2.5785625683162356,2.692663399678964,0.93241307004278,0.6417689272394821,0.7757711567474254,0.4232478283934156,0.8693953724567189,0.4539908183092235,0.8427060456502637,0.3240173174326671,3.162454307088514,9.725091801709038,9.946775055892633,9.365009469583297,9.954157909062813,9.94095978453137,9.950200845356001,9.76329380182786,9.663498371742504,9.86782963745927,9.863524591236853,9.738888763910888,9.866925561210893,6.076175089107079,3.1784155802187715,2.0993517169194735,0.4329026275783262,0.2569379739579302,0.4940684336463438,0.3743340219602034,0.13160309662236735,0.5055797989627895,0.2840229266372444,0.3635193271199724,2.9793191290634344,9.673213571723577,9.75675042800665,9.959806274640835,9.81536679530836,10.0,9.874110959787421,9.630981036618216,9.983811728315029,9.745733170317406,9.894032046952898,9.922994003958049,9.761132850665676,6.59858729851599,3.2638907639197994,2.2756343136006554,0.7343668946116928,1.2254386875625038,1.3325012408031771,1.043446098833078,0.9023645147978487,0.29720489279077617,0.9778355274870095,0.4159250319493976,2.8943480860061848,10.0,9.915971343906985,9.84200894734887,10.0,9.949974331987649,9.709816775524207,9.967079409573689,9.577091508836928,9.982729849143654,9.889177287202582,9.97051568828062,9.218236863443792,5.364875351258863,2.7891373288761483,2.9885248465879615,0.31618045251381577,0.3719720774347191,0.4513473431771301,0.4584182180268007,0.41967121249703476,0.6630937632514009,1.0299633922035325,0.5067944646704976,3.3875257131185843,9.960497237336448,9.764709488784188,9.912725924367242,9.947500137557354,9.956244717275787,9.766917754763304,9.743105996749058,9.518402261216094,9.544096399143962,9.938846221452668,9.605056923633812,9.738960546082483,7.172827336437692,4.147162206420919,2.1010495933614775,0.5078456966942091,0.3026405023764265,0.3297302495374061,0.8928490820956159,0.39548504402153134,0.881839248705235,0.2854303663591644,1.0566101384316442,2.7778768166771686,10.0,10.0,9.976786763152678,9.990780997115612,9.973284856840541,9.864407482341601,9.709986057765343,9.34552722223025,9.527112454574883,9.465905376004807,9.885798539296557,10.0,6.027366335917074,3.0593583280354206,2.668577042942921,0.650935591461019,0.3506403965974435,0.40498629651622947
2.817429330284521,1.400861027795086,0.2750882386366171,0.26051972466286183,0.37645444024884517,3.9721991175404123,9.751347958855195,9.95744946488877,9.41891670395576,9.700461980347065,9.902854671533348,10.0,9.678621879436689,10.0,9.604359642107575,9.981885750586063,9.943618611713124,9.50893850630933,6.5541995419746595,3.108609195617203,2.573867096063025,0.27984426975473986,0.38146933541141287,0.2683210554814684,0.17816835779874415,0.4308738049793697,0.2933566327184361,0.22252436083470892,0.5629987699062247,2.3010860578150867,9.841415851717704,10.0,9.900762495984146,9.817526403626289,9.741367875356461,9.793713860355826,10.0,9.943172995403023,9.912239807362619,9.60144576517986,9.626808433766245,9.963712963207321,5.702125565736963,2.8338835926997197,3.2524830827036917,0.8706447405367344,1.1543250446434477,1.0486373827834528,0.5223376564066251,1.5665988895757041,0.7229321549522153,1.326880166600679,0.6605737873542394,3.415564401496845,9.862416729069297,9.731778889024676,9.518705374970352,9.674700716255966,9.871748051979903,10.0,9.498671484411865,9.952843229092476,9.79213268963954,9.667585046121552,9.778209022309905,9.731202266881839,6.168582421419838,3.125074424582475,2.8089263692314317,0.45777549361267256,0.3529890970007133,0.36005892045936405,0.2675722979775351,0.26465960961603296,0.30321435150659926,0.3193654157264091,0.2881760633326017,2.7210551263625464,9.72983966793099,9.92829225529195,9.949423853774366,9.826082751420877,9.838631624962748,9.81495116637037,10.0,10.0,9.829758094881331,9.797127768008524,10.0,9.821651036760713,5.413019841302894,2.510709621485678,2.68413746907413,0.7452737296520001,0.6344307244092502,0.7525104461278609,0.7791257391693207,0.7304087115365123,0.20092835313388402,0.8922626344869258,0.3977511942307756,3.231778941454723,9.716132926349214,9.836773172619813,9.764106631460713,9.813127590982992,9.875616661042622,9.897659031883979,9.957671730751896,9.6694321457533,9.760701275342285,10.0,9.761801779719312,10.0,5.464914512057418,2.7788847603261777,2.7718532903958724,0.45721942824166006,0.234806249860388,0.23178955339947993,0.37880116193556723,0.2896702606226288,0.8215665761571154,0.9621752850897158,0.2942089913002572,3.375780601504679,9.938203732609876,9.957497690426331,9.843414621708968,9.93987592332617,9.955462476901488,9.963254072792536,9.93429596012543,9.571696008997424,10.0,9.91938897867385,9.94508709074111,9.736708058334921,6.297893119485074,3.786273884395399,2.9203517820447153,1.0808278333389114,0.4558193553996033,0.398110159938283,0.8348449366421371,0.5674283278967025,0.6240679990169695,0.3974148478882228,1.3699819112134672,3.8136210747936756,9.593229650813996,9.77240268684793,9.485724970137563,9.719697230671267,9.827223986383826,9.705360592488821,9.922787036403388,9.751145786054261,9.806539489427175,9.870595530130547,10.0,9.68601596041629,5.714538493399176,2.6160533615633685,2.519295122417195,0.7552984435040491,0.6145998704132122,0.3166614686181745
2.1061092867082603,2.225270893116309,0.4197826583865748,0.24205604258126312,0.6303344279341144,4.004914754949826,9.847554565683648,9.844076739555414,10.0,9.832834231171068,9.921245207333678,9.7947464775922,9.788973997539696,9.7646524704156,9.864886738334292,9.727095175656505,9.96138887252263,9.921122667289193,5.954240517229254,2.4899753581767037,2.4354325659943448,0.9033506829708073,0.3286596972313049,0.44521979797661554,0.29258074145112245,0.34571247093971136,0.21395478520270433,0.7727000745980491,0.6310738778524247,3.418488974756727,9.906069042480443,9.940568877140336,9.912829362409843,9.898772995983155,9.870814135898046,9.986688090160776,9.976424601204316,9.961855683755736,9.88308169418718,9.680926575476684,9.559173083678715,9.957059205160398,5.7397872818533395,2.8057968282536416,2.8207610579298565,0.7695694721670259,0.2807115873088783,0.13083860866697533,0.39207497591225926,0.7805912315228961,0.44932244049541037,0.7647771606963101,0.3318941017332111,3.7063632690984467,9.919118393845578,9.951312654297714,9.808598352236123,9.747506367325686,9.66458245431915,9.895638160259137,9.730686958525824,9.744776216450859,10.0,9.81011522051284,9.679650331023867,10.0,5.453229229434992,2.6359845442502037,2.6583301346663073,1.1962723756757156,0.5535349062101333,0.21356128440000366,0.5203433991945876,0.34785448164428234,0.33729433330422237,0.3134234219597911,0.217799999334704,3.126130225603503,9.812912934125269,10.0,9.89395520633822,9.724707167558105,9.892565678447854,10.0,9.713068421580179,9.95626838186127,9.793836973183431,10.0,9.731276857707737,9.837427267128833,5.922046895203886,2.7730068453782404,2.7845901517047515,0.6909977908035846,0.5155277842192993,0.5416279520538313,0.24892079140694298,0.3223937718851891,0.3756034615716334,0.7782261457254993,0.3470285071232231,3.3399595363690096,9.552470593442461,10.0,9.947795763222148,9.943668667734334,9.951495702051355,9.861719128706872,9.837649961695123,10.0,9.795281312307214,9.60776689573131,9.905113121338411,9.786540388923333,5.658534579982069,2.9946486172305127,2.6160848809996073,0.5019767504180332,0.30105420579153735,0.18086508131398638,0.49393459540028445,0.2246529065912934,0.3637580115167154,0.1479604581816198,0.43136024989160604,3.0340379717086616,9.76822742212331,9.920760706175532,9.871435724645142,9.379726241961352,9.510090947706512,10.0,10.0,9.928740085189217,9.803750056553925,9.91637745208974,9.832035636325491,9.969396874777575,6.658977685625921,3.383141949132232,2.6539802807654675,0.9189994785645503,0.4241441692030713,0.31470989489994217,0.8826374413365119,0.704137958068255,1.1501519368306314,0.4080862902281506,1.4625237728864768,4.164768443698577,9.877103224431433,9.782559389402559,9.802094658710423,9.657931043661067,9.963808842651751,9.487877765265809,9.513606319031451,9.962528046423197,9.894272442862276,10.0,10.0,9.96237753923255,4.573033683170005,2.8057968282536416,2.7259994538739716,1.5819616800236596,0.2416627198590068,0.19934833950592418
2.963950911579037,1.6103874654645813,0.9016131237105072,0.8737704603213038,0.716730582762501,4.463437832470123,9.551025504121851,9.746827312894844,9.911877005536292,10.0,9.67533120794634,9.745646239970409,10.0,9.733967389994415,9.946573948890517,9.692280642879252,9.781041739870522,9.699078469205173,5.724873449675155,2.595454514992764,2.7981373059754997,0.4084141014112501,0.3031525819153386,0.42064516317670897,0.3998232977430192,0.36394473456454945,0.3175195747285822,0.26863488895710896,0.3275055514859082,3.712136466019473,9.586824421290919,9.746901128263925,9.772258959909626,9.628447343990597,9.89868615853996,9.500561780586578,9.822167277542182,9.540206826572108,9.91556078849194,9.783511977946564,9.583387458606827,9.881281961357399,5.3015032472077674,2.8790623414062937,2.616953279728612,0.8546781726345376,0.34297442566981456,0.42508933477771393,0.22239405077655866,0.33917041950001914,0.47748171322351685,0.4692180661813817,0.4121795567088333,4.417148658019657,9.562432981977508,9.520263787073455,9.83739148821336,9.841084859742756,9.949698130363169,10.0,9.771087091464187,9.857201335437335,10.0,9.944209615819917,10.0,9.605939890083798,5.442218706240821,2.802124063008105,2.802124063008105,0.4175650438078351,0.32559865902653556,0.1682360442449099,0.6069227188117028,0.37190111397643005,0.6357221533237984,0.5062305776714303,0.5805141904380142,3.0215000985192364,9.517649133011966,9.782385834941486,9.98399600303101,10.0,9.983246690122952,9.93090479559596,9.89777621135161,9.889015471790247,9.45126442602461,10.0,9.925010252230356,9.380197752236612,5.686838860253685,3.015069832262676,2.942536799051749,0.4493266328053521,0.4711052343128968,0.5475054566340392,0.2685269646365857,0.4043718625175742,0.295142084865422,0.32309234783967455,0.10332985917717033,3.2759082580804533,9.544036259898792,9.939833207510238,9.853754223690352,9.581087136567248,10.0,10.0,9.900945359189237,9.518254267626439,9.631965177225002,9.788403624896532,9.962086229089008,9.633808995425678,5.931105006066636,3.7111902513388677,2.9358783285180166,1.2706474328057893,1.287542388439341,0.7750196783582124,0.6786914015132093,0.7708821186351218,0.7344537151706045,0.7504875147931872,0.4045550767437305,3.775791548485178,10.0,9.677777663616924,10.0,9.991647444368898,9.979453781632923,9.951217492613182,9.837545882257555,9.738327791465963,9.656826185102634,9.874401274183075,9.950138730646135,9.761115612145876,6.210897855984916,2.7074689652305883,2.4754658363432593,1.026500793681626,0.36553451229546896,0.23043911524466978,0.5455891490803284,0.4018836198251736,0.782745728008913,0.09941217734952239,1.7613405274459148,3.444456091082568,9.414088746064786,9.903023770448076,9.672770658422813,9.611415641529122,9.80979423585965,9.723411537754345,10.0,9.976737981506886,9.925425955812925,9.46740691124465,9.959562282592618,9.660006861736601,5.978437507080494,2.7871726641677372,2.442154038735064,0.31017753596288955,0.32455207966976435,0.2851104550842685
2.7258545046002576,1.566882465883332,0.3479011379307484,0.41983839793728867,0.538639017248085,4.047817473793817,9.759105835699241,10.0,9.946322054669613,9.971766276018144,9.776219079220004,9.825062471645746,9.505454134820313,9.857197875630296,9.7244075031656,9.972888235292809,9.882356127278697,9.979407883070886,6.264037664111176,2.9662616804023045,2.3932371843273517,0.3543163581359923,0.3492952319276681,0.22040564693715708,0.3297183479906607,0.1709851945981119,0.28182639909919843,0.37175187953185695,0.35740669511815154,1.9527273904017164,9.881353222986084,9.63417808628597,9.991988070807443,10.0,9.868981819364775,9.90912034844749,10.0,10.0,9.932674158080678,9.667442664617658,10.0,9.499831022840514,5.924220722758646,3.683689901796889,3.76176752411069,1.694944989280601,1.0834886031702828,1.2488834063462484,1.0086424720572202,1.1762820213232865,1.055608465297638,1.1561608445766454,0.6365403977813205,4.052909717725072,9.819356907008835,9.82065067370354,9.846612009654278,9.73548394602689,9.565565638237157,9.943094605832771,9.959487808343441,9.860839694152052,9.420479005807339,9.712222362553593,9.557859431035137,9.37158299373568,5.176918202431462,2.7869028513284184,2.5769329872140485,1.0229831609002917,0.30812786070752407,0.2547805618662485,0.3010013138165204,0.320148549628768,0.3322074544575599,0.14429188502938578,0.28975417769890366,2.9853079942369622,9.731673320943202,9.842003062255811,9.759277551173408,10.0,9.90994309388148,9.808715088241382,9.769867652793794,10.0,10.0,10.0,9.42561042976184,9.652212692841136,5.252306494381932,2.4759014383430062,2.46097503730616,1.0032615348124199,0.6504184996197107,0.2492953092561136,0.672126118151344,0.5833088571913152,0.27386716836856845,0.7810852042906336,0.6693167240904748,3.291827116560197,9.587135003488818,9.887465232954849,9.912930115765006,9.852396158254862,9.148206714038988,9.784761277967387,9.542282523310892,9.973958552269249,9.441626358244344,9.62943496883804,9.949226547410872,9.786377898904817,5.526156468887871,2.799439804167994,2.533779831607704,0.6709132336234922,0.6592888127671128,0.547402031382787,0.5433213237068191,0.249618757808131,0.31297780170378475,0.5608554383797668,0.36416242201587656,3.3195668505941667,9.839081753110694,9.836802169237242,9.99740829760462,9.938999488815483,9.358287225102607,9.884313738192503,9.513720575178942,9.79224683939568,9.94709956407227,9.984745878423697,9.97546068710833,9.957090970473475,6.041236852842025,2.9742701358773473,2.98046746499213,0.5975780483802952,0.48117500919408074,0.29613695238293286,0.6593261510246139,0.5244934170017848,0.6999613436418639,0.3082222722246339,1.4945660635747744,3.3051393144515293,9.886184941715157,9.849884379914803,9.825783301126636,9.928068817319607,9.821362399480584,9.716800996636696,9.881022112996172,9.7460767430309,9.987126461645826,9.689349485591753,9.546451677949358,9.618232945419441,5.703095336161821,2.955757320669106,2.568806686480409,0.3403973650416487,0.5630160946850599,0.37279873951030096
2.763781853005823,1.995096298829817,0.6120380401399351,0.9061482085954431,0.709046662791506,4.638407368295677,9.919858629577337,9.781737447951858,9.687751241905595,9.991494637895302,9.74120082577351,9.817277722687816,9.91464609652063,9.324828855232852,9.907241347412238,9.839185032140376,10.0,9.889584617032169,5.7648810003155795,2.5639030181341167,2.6175181967707037,0.4171048313971441,0.3943364238711528,0.2982367688688464,0.28753515768009463,0.17181200579899586,0.3903429027702682,0.2930233008798304,0.3153802876189319,2.950020645371837,9.774394484171852,9.836816685498453,9.983036679857717,9.822958469284902,9.57329109681839,9.776456313321004,9.78860183610999,9.658296308468863,10.0,10.0,9.968648377595015,9.459236922418645,6.4084099425855126,3.130507198695696,2.724758936340779,0.9797890280990815,0.19660368682692664,0.7654982885685964,0.24244704482038887,0.8294967125794583,0.4062000659090985,0.8011463874252214,0.2789724543330344,3.8174273297480124,9.970238165758817,9.947868753809866,9.893074612066242,9.697772057474278,9.688918212008604,10.0,9.835424157634156,9.577783536956352,9.526188256328417,9.975311990869011,9.84296069569282,9.84141754890276,4.873265107101431,2.3174094333745323,2.1110024632842777,1.8289536867461933,0.6113731209247967,0.30891893812239246,0.5225631722436967,0.3647413584511331,0.4469697642882906,0.7017510800374325,0.8139265760856227,3.6709552569122237,9.250699271346091,9.91310323187457,9.93176600249749,9.867273331424482,9.83412162747759,10.0,9.660139915110001,9.670101848708867,10.0,9.98968655859403,9.813298245173135,9.699305094106137,5.837723176944314,3.115478465006477,2.494895467004065,0.5699075508327399,0.17607803392594462,0.6356210498504034,0.9099682001376493,0.05135578034954465,0.5192327061916936,0.19510150696977324,0.2670061263603205,3.313934100760929,10.0,9.764731570159215,9.9788010437534,9.912982225544278,10.0,9.838826725667017,9.839777410010276,10.0,9.835010535304049,9.829369655646149,9.756494009261507,10.0,5.781297761547213,3.0468537945567564,2.824014053743894,0.6372095164281304,0.6105288275731016,0.7104270598626445,0.7882768310917809,0.7261843439218136,0.9836609983114926,0.5402425587965604,0.35687106931540863,3.8895443191735795,9.861707679699446,9.90507769200913,9.642594885763708,9.529351240206806,9.972016256510248,9.654602372954871,9.958036410783688,9.740289937244324,9.94985905073712,9.877499943287312,9.4842818593154,9.842598697817722,5.861390467312798,2.5774138258485677,2.7342869077606724,0.9843678700600349,0.3224760721069135,0.3469946755101934,0.6154851345588429,0.3995885522263639,0.7234190273234464,0.16456358194369144,1.6265724642867854,3.4055959440130463,9.820872718714897,9.778617549133006,9.727493336360945,9.913673554945895,9.982502000686258,9.974641594807576,9.98102222273185,10.0,10.0,10.0,9.875486398173337,9.896252528638469,5.402917404233886,2.9108381669756755,2.890181060509283,0.442491039617119,0.17958844972696025,0.46946212810384347
2.626361247607334,1.3592953464718067,0.2668577041929242,0.3866291157544927,0.29649511275246365,2.5623295915531763,9.658225699077766,9.905458317015697,9.859863682420393,9.845168036012849,9.483551784445671,9.645698160909573,9.709000796847794,10.0,9.804990360771583,9.881034614537182,9.897179008155796,9.863165559358096,7.0765056433321085,3.8714435146220474,2.8964162858882574,1.9213114070077677,1.2842728901588014,0.7669255585241636,0.6695888845995699,0.3402940993686263,0.2635235425280641,0.22218419282127463,0.34051473703353635,2.6726119091945106,9.955914441856493,10.0,9.251037126907121,9.891373847767161,9.863160527650372,9.63457446252955,9.906676382009486,9.748077972923525,10.0,9.68966866531188,10.0,9.97429010819403,5.636419182258113,2.627935604157981,2.3557623782697443,0.7729914050323559,0.5017717924071382,0.32335096490155685,0.2635235425280641,0.5484128378109818,0.5671502144213831,0.4329245557383915,0.6380508940517946,3.81113384465838,9.852162437750192,9.911057289686086,9.692482511181648,9.97250734958139,9.96292580192531,9.390254923909703,9.524061254095258,9.998174643967989,9.54850021657129,9.915538035995015,9.98715792686184,9.8934128778897,6.693789621370422,3.045472568257079,2.9045893991431257,1.3450571723499567,0.6532793569784541,0.3217377351690315,0.41298367445659484,0.3149774255347292,0.3039746607323884,0.47634057111335143,0.28150577422771295,2.9057078804954113,9.96305627962051,10.0,9.848540904570251,9.751945419876135,9.711881166500332,9.600669838166631,9.839980495151087,9.87518813863516,9.762997420578273,9.13944449475399,9.776536360263368,9.898484480933604,5.889075901872802,2.338208360353832,2.627935604157981,0.39614078594492536,0.298280063179664,0.2856254649921824,0.32022882062733304,0.3864576233750825,0.21296038896875807,1.1862816847139266,0.33468071601690685,3.4294333492581868,9.910099052609432,9.798662893169928,9.902215124413514,9.652584430697802,9.733736340471026,9.917486493009235,9.914949802739562,9.88543861264757,9.925012776398441,9.646981652704708,9.74091537076758,9.324683272962412,5.51133109453048,2.40996962370547,2.627935604157981,0.6209566012822643,0.300920502532562,0.2961044425858289,0.28363645569219975,0.23269411159210934,0.2968347000913352,0.264826584325468,0.3099470468074164,3.4362995174118467,9.557588536692728,9.80431430311942,9.960943099018737,9.906157060627185,10.0,9.732981070851299,9.700331192715005,9.875446176555757,9.5752062215454,9.974147783005746,9.927684913006571,9.456553814186902,6.665869286410924,3.7844503402843914,3.5608967601647388,1.0842904430431366,1.1210167696802702,0.6797852624385115,0.4278754776975011,0.3373880020342408,0.2512219675433264,0.3808294379886813,0.7622937451493348,2.2019188567096983,9.947492290696445,9.679046085099108,9.967910108118376,9.999992251715817,9.974831586877448,9.923874613244877,9.933511401307856,9.833503582957702,9.992717264154926,10.0,9.681725780956935,9.930901350877292,5.07974096813743,2.4243315670304684,2.3932649321980106,1.790791469688576,0.6513032923606933,0.8656602902860902
3.262890833689568,0.8718939095894357,0.3830098442893771,0.413670771249832,0.49063572599082406,3.5052177586131514,9.699666669937367,9.887669557299361,9.450941198770353,10.0,9.867520691579521,9.617362035474658,9.603546931962262,9.637603425575103,9.96228903117308,9.708742621518583,9.613806302723868,9.941141399274487,7.500252776229088,3.345403826493668,1.9109236149058302,0.8448488153890619,0.7467672584176033,0.7443269369090315,0.36884669350042,0.5185535523184187,0.4323657442371337,0.47147660146890136,0.36805487863655423,3.2708443751772647,9.900407215813468,9.817705532102773,9.685301409921754,9.630925429766908,10.0,10.0,9.934455217739101,9.924649849124123,9.81918615119986,9.82669435230501,10.0,9.481993494160182,5.468431290479824,3.019383334400341,2.453690302642377,0.6340437285951095,0.43087093042973557,0.38099206887808434,0.1939994727360697,1.1274811955207573,0.9116867224075875,0.9031361352470056,0.916674938593091,4.287107844097949,9.525546450742747,9.944768529998179,9.500695471652294,9.957624821632743,9.73056575585835,9.36944782856789,9.836515357343796,10.0,9.926718120189074,10.0,9.9267701180002,9.784479611432275,7.4360038021099655,3.6152975455993657,1.8083558471971932,1.005661606002795,0.5807702001420609,0.3254915263929229,0.38020117899335437,0.4933550924727925,0.24237855939293085,0.41166320369757087,0.3177199381425803,2.920704553965131,9.800465707783529,10.0,9.83329466576419,9.779800806511625,9.670626443669072,9.960944469334853,10.0,9.941852571879405,9.62693103774147,9.933466065851723,9.579025033230588,9.618778445612168,6.697028985636523,3.4790341650488603,1.450428621055453,0.465572783575274,0.3327678330731827,0.8772972882138719,0.7291629178882657,0.5130587594941232,0.2830071992429911,0.9657778069049139,0.3626740942031088,3.5942844932905293,9.805957728080806,9.935725200678604,10.0,9.79259437375713,9.741125849050858,9.780125751710864,9.937407062436574,9.963246413229715,9.836391213190195,9.522778689126408,9.82367032614951,9.896770729474795,5.325480080462213,2.9409512139125864,2.231654973193616,0.5696371001876853,0.2680119489771127,0.46436097179264707,0.2921153845031632,0.5814650590341492,0.5635866220819109,1.0084931453965122,0.6653529152673516,4.105251906048036,9.877491891840636,9.819485091031234,9.58225307275153,9.54341209533866,10.0,9.679777793181545,9.715361721231831,9.830881039650436,10.0,9.771216850279037,9.839386974328004,9.930376641498194,6.414647504223608,4.313539266322225,2.2944276380190085,0.6446948358168052,0.409257079936612,0.24599827068062477,0.6183434886136013,0.3911806155886688,0.5508372060153872,0.27364620545287466,1.1760021198510051,3.872254178977956,9.744854619435909,9.431398078634716,9.967284706360502,9.666410947267618,9.825800056254263,9.741181770602998,9.691372600536809,9.281660880169923,9.79110512597897,9.930846893633337,10.0,9.817588098256167,6.4628414504664535,3.1486383716554487,2.1982115066528807,0.8882718476770068,0.5286370380661177,0.5931425855217388
2.7125419541829965,1.1066982439804696,0.29332992847361194,0.29888599622737605,0.2992893609543309,3.4728143012656245,9.833837882452075,9.874856169600323,10.0,10.0,9.671899640995024,9.928311767873321,9.930792295231033,9.811611287433468,9.811795798093028,9.926095888869005,9.937964255764197,10.0,6.924142930596035,3.224066275904831,2.7675737357096675,0.8918205435462891,0.8459684242725287,1.3384258359604126,1.0484561179976977,0.6197811936308592,0.762308751276821,0.7813342281993509,0.8573684019869299,3.651201904514372,9.927759668409507,9.87482019870429,9.994215942680109,9.766287520718794,9.694347047656423,9.9684470833617,9.881439267602989,9.63305243998132,9.785307488880457,10.0,9.54762430190224,9.910372826072624,5.513240888833742,2.760334047092278,2.6258184390261534,0.3817421582060585,0.31318347897960724,0.3306015333426997,0.20500808615596205,0.3284825708402554,0.09744263050363788,0.6099480865931312,0.264377272371686,3.744148178815236,9.933019614496876,9.98044771565249,10.0,9.879475576712963,9.643676510027383,9.701441516332455,9.901623093852841,10.0,9.929549402119717,10.0,9.710930286968507,9.98386325708446,6.117041055592274,2.846071966820432,2.572440842100281,1.209833936611613,0.6973094649460765,0.5322096190364626,0.7046754870472693,0.47262767049322985,0.2190499559352875,0.21466519520827487,0.5478643964890907,3.1176600857910493,9.609851364809451,10.0,9.89702409617968,9.637843448664896,9.89486219573845,9.786581235919895,9.798054625808666,9.722326178362918,9.915030454947999,9.731641209642367,10.0,10.0,6.245905204511317,2.235191027219766,2.3170491081274656,0.32409102404421064,0.2684916823916532,0.10812260170080118,0.012112017177440194,0.22114236726828698,0.3690227331654299,0.2956392280069694,0.26820958873303336,3.3515263497337306,9.809732822769492,9.955653033601745,9.732176554852149,9.713943133195663,9.993468094789794,10.0,9.80517593439694,9.77479211365777,9.857300580653048,9.903321487428807,9.856174988466721,9.66123714452619,5.833047892140244,2.420062576635593,2.2427531761308734,0.37517548760802794,0.18085273952446085,0.3772762051866647,0.3752940246597881,0.3108596343655841,0.3691642123626721,0.23976576696679305,0.3201637855779949,3.4677318812600277,9.823713794815125,9.444836446527233,9.81280482740387,9.683739881485968,9.705423881408716,9.934842911065422,9.642556113060294,9.83983212483548,9.923751289336112,9.779449457241624,10.0,9.66915734024873,5.9139960241092435,3.2494708635497482,2.9769865051677993,0.8066451045081438,0.3933924705635714,0.3337071537469131,1.198443946808243,0.9406995696610816,1.0650471433845456,0.685146745146271,1.322250248793099,3.771447816338916,9.636265423684156,9.947420330753118,9.675542647406585,9.968414329982473,9.86066065650111,9.59640489836596,9.679898627802032,9.907243897274585,9.658807233294894,9.598146637563108,9.836304570015598,9.766983177902192,5.687870760286911,2.491111787568465,2.415875027191502,0.38429878010021784,0.2679222943200405,0.32280361432627885
3.206430824835862,1.6864709593928442,1.2193899879937655,1.4482900914783057,1.8183974082188943,4.9549170226658745,9.199100568437473,9.980163410355395,9.839299897820315,9.642553666767384,10.0,9.959750922140653,9.73694234507592,9.602377635540712,9.879997692861606,9.916532253603384,9.97843079426013,9.827043696751613,4.138739189302137,1.9422548679077543,2.652913431069081,1.9183748861800853,0.22165569332746837,0.4760699026968856,0.22246973811379003,0.35152744671578295,0.6054254715925744,0.8814077090587145,1.080119307017271,3.6176803288516166,9.872939738841765,9.357602976101111,9.776002956561411,9.702515318374623,9.964568631549138,9.76336583625569,9.527463537512034,9.541330847465385,9.951618544695227,10.0,9.603273413059721,9.168029189410394,6.1700747253015,2.5909089072357405,2.6128190062342176,0.6757333452689072,0.3377789969259249,0.2734354889240485,0.41945092076403223,0.3219367262957656,0.30085728759452546,0.27817872777342967,0.2685928664461562,3.6043741972961483,9.7449399308306,9.742270787431949,9.719203733777595,10.0,9.837023022217274,9.501095938467,9.70853498238497,9.631166550205716,9.869501915600095,10.0,9.636843032259241,9.716582845694237,5.730571335444886,2.259850082900762,2.3406988650952973,0.3963376658771855,0.4266654610568805,0.2676484454486272,0.37224227229414886,0.4169452681332117,0.394888799446555,0.32145716130085344,0.7919982196668548,3.4635483371222273,9.928964964757116,9.576448828484187,9.71576308799796,9.947817519971045,9.74182037660609,9.99527502100418,10.0,9.766040248329443,9.899752443021779,9.905369253851042,9.833823586980488,9.820786679837493,6.020066755485093,3.515974146515557,2.491410663511889,0.9861281348558134,0.43657847136025035,0.4589488935826253,0.877096600220665,0.3977346997190252,0.35814362056571475,0.31076558672877247,0.3000804306785194,2.900777533179699,9.526251778371082,9.819202170099262,9.9713935240964,9.55063346596071,9.692019156640441,9.545107745751551,9.936574216833435,10.0,9.981149107199258,9.63416317155603,9.844124211808014,9.438368705728585,5.777284529404161,3.082025638957402,1.7797655635572491,0.4752512770304901,0.5928740200780293,0.6820674651163918,0.6567233418552946,0.7798457449586165,1.1091525337588584,0.6964867864431187,0.251238928673275,3.0099505254824446,10.0,9.55656627024662,9.929735174147469,9.895300465268784,9.574904627591659,9.857470385830105,9.9724231926213,9.944987349452846,9.692080930468261,10.0,9.65108793142068,9.84785646531932,5.902436952393605,2.6989793092720964,2.5738920019047913,0.07873380507025664,0.5426546427503691,0.4884012399893696,0.6711377304653756,0.38125049344624423,0.6721658987494155,0.5148829839225457,1.0286457565035991,3.356442382191216,10.0,9.75596286642664,9.937032403683025,10.0,9.916689713131879,9.988328944255208,9.584108763102034,9.969533260286818,9.864037945304002,9.747846031585144,9.542898102120988,9.594125157343253,5.583255079681681,2.5807085802664305,2.3111130761764866,0.2691204604695779,0.3917447988340703,0.22020309439017505
2.741228095591206,2.1873490919872918,1.2051215317384358,1.0353694398219195,1.0897299298237926,4.810843997741797,9.83842803521147,9.983715474174916,9.848710817531016,9.98008940983863,9.858468299339945,9.734574822257006,9.496043904453176,9.939361887298027,10.0,9.972333005097015,9.447975825759855,9.758168852752506,5.223748291627014,2.0755925515684024,2.099153625765304,1.198100323805131,0.19843227233433153,0.280295244286682,0.2303494783035363,0.16504525425339536,0.2631744694994385,0.43805795052577556,0.4252753973640401,3.5047490966726795,9.819567744317045,9.834370944642234,9.77292833512246,9.949193130515349,9.892815921563454,9.910608572039946,9.855098023335584,9.622590299138249,9.64438458228764,9.998927013309723,9.990983701569775,9.770802192857397,5.287452279025077,2.2741394753770887,2.1799802192665783,1.2522536533906097,0.7171454842849632,0.6339151100770294,0.6259462273797636,1.0583946163580642,0.791303859522287,0.9350784400012528,0.6447122635622813,3.340337732023044,9.658416585571565,10.0,9.95219226489049,9.827991595206289,9.846925490172657,9.793193789378385,10.0,9.519613899013867,9.944993937070256,9.9495520604014,9.678621433258744,9.955829461458602,5.608009607358541,2.5505653907318973,2.1189968402206105,1.343287166088396,0.30578407871002633,0.3177564188387923,0.2929409660044085,0.22431028425010713,0.3613086185194646,0.2927354473888833,0.16759808012571914,2.8797703804332575,10.0,10.0,9.930072872231095,10.0,9.885050762323255,9.785133723221833,10.0,9.583702173585978,9.944383604772774,9.751049138717212,9.83154116680313,9.532586006105879,5.2194817244999765,2.0554085906165387,2.1626282982477996,1.4071035132577818,0.18688418388705508,0.5087693480975055,0.3547426882639149,0.3355295735731015,0.27841802167199564,0.31283371672640403,0.2927565450358971,2.8902067629682797,9.717619440239734,9.79628450921387,9.924710333529777,10.0,9.942632386624357,9.978558426204966,9.91781922871988,9.727077792115967,9.262804942848684,9.98931582692739,9.763345140921693,9.706131653114452,5.3875879045171615,2.6396969170386075,2.558929738914057,1.0831008536496811,0.3507401918363608,0.17861480481343384,0.27757999587572246,0.5473063687645173,1.1517900952365652,0.7415259070517126,0.19369370996164237,3.6514928431963076,9.682939021340411,9.888590017829623,9.761669575289742,10.0,9.961061191548769,9.751026193541326,9.887848673652229,9.729437276228715,9.96491932992273,9.992025669671795,9.886794961015283,10.0,5.972377001225569,2.64279875487303,2.2741394753770887,0.9143673078810511,0.23716747906543717,0.2721637916081509,0.4793633488575345,0.5157147095656875,0.5501215141524156,0.3020916981415517,1.2267676297588486,3.676804778465562,9.82373506113827,9.693460560011273,9.910559974752378,9.742667552203077,10.0,9.682305121724097,9.87507427113124,9.87100968144151,9.707388537954872,9.66692077393071,9.507990866774131,9.916234954197122,5.194273231034856,2.245805100791987,2.129707847378646,0.9990832313510375,0.18737983826019688,0.19281085000970835
2.551188983242937,1.2012271833300843,0.4457952400425662,0.9707595135708771,0.7574330450677096,4.166852507859155,9.979634798223653,9.921052580553113,9.806643970839792,9.984538447086209,9.97974616042599,9.908778978036812,9.930717252728874,10.0,9.962118891164831,9.794292411422255,9.882080297351175,9.517902426789814,5.500728656336063,2.504336329637037,2.551188983242937,0.3324276672004092,0.21298006874869285,0.27109953335867676,0.19152257223456437,0.42292997956438616,0.1675267535502171,0.0746340524010161,0.5277872078440049,2.5023338764550314,9.985954475432045,9.650357002973973,9.926982711539509,9.933536602460997,9.751234954980786,9.923439042232769,9.950983887298538,9.919247558884488,9.747139454724447,9.857469426048706,9.971799129091444,10.0,6.305306082537194,3.4619598436408765,3.4380481297767442,1.3998042346456812,1.2926389716053137,0.5382146674835558,0.6838895472543512,1.1705609108648498,0.23057746328280682,0.8463654091426842,0.297895627667838,3.470513992865272,9.689650747931045,9.374790098714893,9.992708838855627,9.567412437400808,10.0,10.0,9.871806176269974,10.0,9.746831367575457,9.992719512551089,9.907826627204424,9.706413225435266,5.561811510112658,3.1412971655756294,2.4970123496557104,0.5413709599331715,0.3284118380922368,0.2068779707377384,0.25229208908160644,0.2797431529832315,0.2669571454327307,0.1594590052019794,0.40531716103895987,2.750254817054307,9.970729866398933,9.846600733417944,9.933080263039008,9.878755846071686,9.644070994452097,9.919082209679166,9.698364049886669,9.876633661249466,9.773589653930573,9.977407398752165,9.754687075056633,9.64259186274259,5.326067638837363,2.2007842673436073,2.551188983242937,0.6838344727365869,0.21708873702168535,0.32391271953981043,1.0019096784843735,0.8161442833357291,0.448735271405438,0.29932379293738764,0.33322183643869596,3.041078064861478,9.446996589994704,9.834666899166718,10.0,9.912853867967158,9.85947760052148,9.86251206119608,9.504356486532757,9.728606108041648,9.507868071752846,9.877877697023726,9.868834349827079,9.844346064451948,5.64313860141678,2.7730766677200043,2.4373446120304885,0.054012230178355214,0.4598553664177728,0.14466865172649154,0.3559641357430191,0.08688696535459157,0.2685056300147175,0.45555191532541517,0.2024082588856564,3.1852292939744022,9.828817772366374,9.886488802375588,9.962104215883638,9.533957446177428,9.935843303457203,9.961450498696106,10.0,9.706214590724533,10.0,9.817752852275907,9.907944353886123,9.821810221028674,5.791700757627736,2.927511495352956,2.6355030573802964,1.6100967454436705,1.2259832252543332,0.24767406141083526,0.8229908118039732,1.1695421280383287,0.8447012872747851,0.39391371977866885,0.8561305969094437,2.8110819318472497,9.935015724952768,9.725386359311415,10.0,9.794299253644185,9.887287954859753,10.0,9.891410991929344,9.745427389916017,10.0,10.0,9.56754439161223,9.975709195348292,6.057532511596953,2.560961363841636,2.4949666500137826,0.27967696081322074,0.27643549860101535,0.296628330179044
2.166725413947107,1.9880472460914431,0.9348816108905635,0.8801582210024197,0.6114849469532397,4.177290103097201,9.778006575134084,9.78237615014132,9.793382217455571,9.807876286652684,9.746061979863315,10.0,9.917939499598534,9.478370712945143,9.77775318963644,9.83522817673125,9.851031387297743,9.481355048023344,4.744980366153073,2.2288578223297897,2.2288578223297897,1.2623320012806134,0.24733648494435043,0.3024185885536652,0.2748182447261939,0.12083420748211365,0.3159809537878632,0.22494378892540168,0.14292949432420526,2.7253982444653686,9.701815668754296,9.972458913721209,9.713560697014866,9.475092552629278,9.962492378398617,9.777758266773589,10.0,9.994915138099334,9.496728893503152,9.794624117162908,9.831813809862636,9.766995882704656,5.520191810725371,2.2275624859071055,2.296620890141132,1.3905129009732573,0.39374924887943213,0.5194890111431681,0.7261949677961312,1.427569472403758,0.6613699168640987,1.1348993853185667,0.4424289296109431,3.9238304593346927,10.0,9.487308113467982,9.720351061901633,9.790394634605201,9.988323189471245,9.955286580857319,9.831029707162012,9.73267615578637,9.804773901505344,9.771877978143577,9.739613946508271,10.0,5.308349034746022,1.7634044590332685,2.036069626881299,1.5075503123782457,0.19936058358303074,0.2748785710376217,0.27035267827551324,0.1415862913788467,0.3908748015441961,0.2666692310487973,0.18047665012530723,2.3409877296445236,9.478747025778594,9.949670367931096,9.835428357810724,9.629536084054209,9.640040019547346,9.350725213430112,9.890694606425429,9.669660693809966,9.741170884830556,9.91937956443999,10.0,9.832162627371725,4.969854070156803,1.427401085822404,2.2288578223297897,1.9013048463812474,0.23829786706670722,0.6175221086999128,0.8348846636203352,0.913389238451972,0.36676940850971923,0.3448479169478974,0.2901905891420113,2.9151867392692665,9.55607980549146,10.0,9.843421388868826,10.0,9.834459863621305,9.956926696615003,10.0,9.816352668549648,9.701942782901218,9.76200991535719,9.901633512902983,9.911906235718213,5.805197612584086,3.0721533179781284,2.1428173239859323,1.047310901540853,0.29834964838531636,0.6345790584668374,0.3504925250949616,0.27244951034377,0.47296471678678986,0.06861628866671582,0.2804647588370656,3.7466707477891914,9.810003976899464,9.889479384890624,9.947716548422488,10.0,9.878187789455406,9.667722743226859,9.351790118645654,9.727166724642357,9.737743961244998,9.870798176394942,9.510074260609457,9.749306642514213,4.817682826507263,2.143211557047502,1.9402067844496809,1.620163932912311,1.2576722106498377,0.22612077700920608,0.16210871554988535,0.21609040292741075,0.1734630434900139,0.36122170840736284,1.008483315516889,3.43775451903627,9.786395449587014,9.816892420110825,9.989571748984964,9.917828591724964,9.778631244073235,9.414617374239388,9.204729448340007,9.656739894877468,9.965395731786765,9.786215215825633,9.580237890951745,9.769715354583163,5.93582345705228,2.722008432272164,2.0992194536271227,1.0268622082628247,0.6892147625440106,0.16902576050795035
2.1613355183263243,1.5273463937409772,0.86923928743239,0.46918178027565005,0.591352610135368,4.112299793823499,9.775622669910359,9.794020040342838,10.0,9.985710231252746,9.91297328619069,10.0,10.0,9.578818399753011,9.836606513222243,9.912400562631694,9.285801785296027,9.753843249185152,5.338570384496377,2.5777699062603667,2.272505626137099,0.14848712119826943,0.4024244253051387,0.3201207503323056,0.31262949167410525,0.3555777909830434,0.21460920710861575,0.38637681578650007,0.2812534496931204,2.819299866833852,9.271625890564103,9.74483260365217,9.520678392117164,9.767607511185723,9.961242737664918,9.617404789082421,9.619158700634294,9.938156387497411,10.0,9.730226642329503,9.569210446027059,9.72127274157902,6.222234552162398,2.8495820838554504,1.9721398591300165,0.8531277037796675,0.5785982604325883,0.6339645969385075,0.7976383797143287,1.3439015893446054,0.5690454481998516,0.681994494953972,0.2925676520985594,3.462198951252484,9.763578330090716,9.910117714128894,9.944259533790596,10.0,9.755745227982013,9.713494512072558,9.814243797848176,9.826025200880744,9.449708156427175,9.947978602520527,9.780971794179802,9.788624513886404,6.1941128054388415,2.994010913047096,2.1579447626468022,0.7394560439159941,0.3343837998732505,0.276392438000732,0.45426050815078656,0.26539507873636026,0.3288258587857468,0.31704407555323694,0.15981892521037305,2.757057185223728,9.877169999031231,9.774572413838655,9.688384215215013,9.550797195131103,10.0,9.910817284036492,9.693112723357002,9.770587642653123,9.891761508325486,9.781430510437065,10.0,9.986825436142,5.167688819127578,2.687868400784669,1.89906790081368,0.2689716573125482,0.5470495396463848,0.5854167024493044,0.9484366645317066,1.1007798797955202,0.5284403376295776,0.6616070536158711,0.3149433626887369,3.570319876981647,9.8978930997725,9.804916378250272,9.402879009645996,9.997615621960499,9.910058052707253,9.987193174289352,9.829174176739386,9.924488373497054,9.992123049114182,9.914879941915839,9.457031037072483,9.808356419771323,6.332356398540316,2.7192614270626945,2.299133916944349,0.4125281167799888,0.30682136009364946,0.4316996161287122,0.4912572742977512,0.12563966354338593,0.7289559753591714,0.2611582476449527,0.269487620891426,3.7189197940332384,9.72909496793667,9.916261915640813,9.995432436732562,9.91644447275916,9.432400932301155,9.933977019197016,9.766878876112463,9.828487777607348,9.924039815953018,9.948179687553587,9.997279849861929,9.71923354973231,5.2324033408411905,2.3741738670798216,2.687868400784669,1.0967798012000556,0.24510243797526426,0.2759936638701013,0.28944554448486975,0.28848495225978393,0.33189957718133006,0.3423075071410408,0.9609571606729305,3.7170762421838397,10.0,9.500937411514961,10.0,9.868451097008,9.583223110935757,9.698631832096725,9.740501040571392,9.519748413854416,9.97692363119317,10.0,9.509980216990567,10.0,5.862736219627104,3.221039542858283,1.8163426805655598,0.2933344262352763,0.580497539980024,0.40926372120008575
2.4504074498364927,1.2889718724734471,0.43517881468109,0.5108865001893865,0.7048658813711218,4.319864612241248,9.744184769337306,9.530799154413776,9.824003419318602,9.822071344136246,9.95007766993931,9.997568705575567,9.988145374424763,9.863123165616457,9.76377744221418,9.63254466260329,9.964911013676266,9.301717435941837,6.098360548633572,2.6631660221443783,2.6035423239109727,0.2964961606982387,0.22534182872962039,0.31023845506020953,0.28989305549269334,0.2997868360840158,0.2620014337022928,0.22684842682352885,0.20516774128423962,2.1602451195142107,9.410152870625955,9.623089560406799,9.894627988248914,9.943772808546452,9.760180425304128,9.837568699924335,9.821763112860816,9.921222984890353,10.0,10.0,9.847543598178866,9.869188144828145,5.579810993787502,2.729273322742664,2.5830392188697955,1.547771068487052,1.50201388100294,1.2852291484600542,1.3619656281249637,1.5749001062720744,1.1640986346787132,1.1888690875003631,0.9555143423674978,5.213996326866984,10.0,9.813029978148133,9.21492958744236,9.514060246127308,9.997236517760683,9.830232702110813,9.82584220446243,9.949999515326851,9.537602524732437,10.0,9.507863302374462,10.0,5.107051432181903,2.484045076424169,2.1996807514445114,0.7367950615451674,0.3151547926016345,0.37919456738894847,0.22046698605719017,0.28723903466435385,0.23831700341153475,0.19095624220860474,0.2845601762297483,2.584201030953651,9.887320871096117,9.965374646934198,9.838557417338407,9.929690340569152,9.945448273287647,9.982314446824667,9.944368081159235,9.78816167555343,9.848632192075758,9.659856781197002,9.797640302866956,9.985344084175946,4.9948981939342385,2.290075563078694,2.6417976567508923,1.0339876022745635,0.3257454507435898,0.8147573679196118,0.5869725737377038,0.7576766828179242,0.5242111346986335,0.7498565021624394,0.3920842187813112,3.3524639267755107,9.87050006045736,9.829516006791591,9.969326318550145,9.629586152464286,10.0,9.923099132231755,9.830448554871383,9.454268652642716,9.544746260691273,9.31090722380639,9.856426381084503,9.98247096856925,4.939625638341932,2.6069693436853623,2.536913442041754,1.182210977229752,0.16658998649762963,0.16798767505794124,0.9397242484432102,0.6124889488519525,0.7148667915634255,0.7140401348428996,0.5775209391418956,3.735663338833735,9.207701312574105,9.577615208959005,10.0,9.979161394342253,9.934254247187281,9.912434883655596,9.771259667430103,10.0,9.620981192315895,9.954333721312118,9.983637679752665,9.749759144864987,5.508645522504353,2.603611465343853,2.354394277580833,0.9948152408264709,0.12160123312035769,0.36800576278618996,0.2514439553766371,0.14829368777552698,0.4002999427988739,0.27873019169572427,0.8583993950255222,3.5539391745384425,9.801825508722997,9.940721533454353,9.723820799164516,9.800704920309213,9.912420452280854,10.0,9.950768592514555,9.969063388151941,9.669123237366504,9.794524474715079,9.777392687523573,9.560044127811603,4.820798161786598,2.2303473178973823,2.288332339020757,0.9983681394137742,0.21488900275412873,0.23031769231129096
2.278002655024957,1.5723289710051596,0.3759051392925046,0.39674718985076024,0.45779065659517326,3.8635873890863484,9.914374412982557,9.974816706956249,10.0,9.481830350186394,9.965082947785245,10.0,9.699255074170177,9.983235143715557,9.324103268957712,9.920869591148737,9.692093095995132,10.0,5.538265407779024,2.6930484251436164,2.748754292070589,0.4316958637891555,0.007639154694571368,0.36586722354443585,0.3449658087233759,0.3112319219975172,0.15751577847473835,0.18551384206081967,0.2758769549071324,3.091381335333912,9.800210590352432,10.0,9.911212353982808,9.879161031109879,9.552145528803033,9.989260287155048,9.820536861476356,9.931997789642498,9.811472983255923,9.977921296398595,9.70837223626397,9.700569059593155,5.467914912638887,2.5212877561022684,2.067213504589962,1.165876523254016,0.680877659320283,0.9517507072128756,0.6564873738180654,0.7074620346989331,0.9692148597636356,0.5703633045279122,0.3845190692736439,4.438128933764026,9.639983501562476,9.929931419888428,9.800577820616322,9.823157038690317,9.600273828068007,9.51411431898877,10.0,9.938297028372713,10.0,9.426450579125682,9.921034378393117,9.907442664532269,5.181832136441452,1.6375816618070287,2.155405264591968,1.7450457907396149,0.23593981087080867,0.192491912417903,0.268560807370714,0.18971451013227048,0.12924600052766066,0.32717056084608126,0.08847215231406354,2.825932853529946,9.800713515409287,9.895861560152687,9.764459490779469,9.685121562182156,9.26400790040568,9.688595091819574,10.0,10.0,9.622983407915465,9.701774462151882,9.866772416884071,9.440472815236875,5.296430571985494,1.752678156659227,2.152679443993868,0.629037352458433,0.7747648424383069,0.805896583438768,0.5612710359192701,0.8894289172927208,1.170604628422302,1.1093750583967128,0.5784352091586817,3.896249969417255,9.978491629769083,9.651771705811754,9.872049528627409,10.0,9.89314672676975,9.864631448153375,9.779416539224844,10.0,9.855375019115368,9.777759709329223,9.735064535698806,9.929371542582986,4.795373272538333,1.942570587024976,1.9879457336325133,1.3857490882492214,0.4141324593378446,0.2988094905576192,0.276163813681533,0.2506001954006107,0.08979624828079523,0.4240829728992728,0.47366133037759006,3.8379935262389315,9.153464759043306,9.65532452817591,9.980021300790758,9.723770073972162,10.0,9.949644775244174,9.88559649730226,9.672957707866852,9.553495541683473,9.580513332434208,9.740822451906888,9.82672952957388,6.1305984398020055,2.9628762819431884,2.9319266537924764,0.9452503607708859,0.322647417357694,0.01614044225458898,0.5092339779246705,0.08696361457778189,0.34832102075562,0.2774303867917388,0.2863775674626945,2.389563948216587,9.973465829459643,9.864364243242708,9.727291320500827,9.758887513532121,9.80320512401413,9.931073305549077,9.891526440798758,9.986452328795517,10.0,9.663897326865833,9.897184416644206,9.608948329904676,5.9948869389379436,2.6269795269373306,1.7864524646542947,0.6941060796617111,0.4968942868028128,0.6424100829194864
2.8364615796193884,0.8057099748360695,0.2829675498952069,0.3238255660053348,0.21191946579864931,3.3498096776639548,9.89854554075099,10.0,9.7202527036821,9.469519671314755,9.98909315143628,9.937817045957562,9.661814300379438,9.856665305708114,9.860267789971921,9.420342516300531,10.0,9.844492827651338,6.578813794600468,2.8604843414475534,2.269643650081914,0.6445265436710523,0.9872141033769701,0.33129033078122827,0.293387645492039,0.3395460435233115,0.18514523091307392,0.3192209196786283,0.1451524429067883,3.2941221968830923,10.0,9.603132022416748,9.686869350284658,9.665836552246011,9.456779825749711,9.812561756182625,9.708283755729703,9.893903757154346,9.82037734864104,9.953199458187362,9.771590192598897,9.459414688176778,5.642023172919743,2.521569256955006,2.054877842037483,0.40419710563001193,0.1646470578718516,0.3990409046989317,0.2417303662431614,0.31470022370798145,0.2214037750237376,0.277097789510507,0.2980150814631082,3.9445695752440404,9.628395431236019,9.46082835372526,9.914885267880637,9.349705914401767,9.673718275117785,9.991783925417216,9.971402734269558,9.961804319399269,9.801054353056333,9.673247262448614,10.0,9.93756297444348,5.324610636906161,2.4431441201166053,2.3461450087600357,0.3542056940681775,0.6979521583974722,0.748726833851653,1.5511887566455425,0.8253239447858617,0.8669841590384074,0.98651542823106,0.9442680885565053,3.8930541788295416,9.869322500226303,9.89689642976886,9.903756233182538,9.670807619612065,10.0,9.831328216784366,9.938796025913948,9.93682063149588,9.80060163536075,9.993250871179823,10.0,9.784759758287958,5.301841776515882,2.335550845152199,2.1585023101837306,0.37752994399616546,0.2235957699955518,0.20943828530167266,0.3777403733204623,0.2971637199504798,0.3471390941518639,0.16896993091005713,0.33524333675233253,3.759114046849374,10.0,10.0,10.0,9.885393507002899,9.889795202857893,9.659596154578326,9.910773470407443,9.844585336290159,9.532426960847786,9.43102831287844,9.955822228229348,9.643626858430213,5.804572143521228,3.050375673916234,2.8397309853238695,1.2396224225559878,0.5824796249092432,0.5290452651798953,0.767023589483224,0.25526906298191315,0.2478190100111523,0.34552924388320144,0.3766906297399705,3.4576551836799814,9.699643726410475,9.746289904203532,10.0,10.0,10.0,10.0,9.609997617425428,9.63831332527305,10.0,9.93389356267828,9.697193630167284,9.776932619254227,6.097629979012966,2.164864472474051,2.558684641790822,0.6383564550261921,0.30216830878030565,0.24723304878281718,0.670730145074922,0.28041277026157413,0.6590575884540294,0.3406298548330616,1.11817545472597,3.5545106808631446,10.0,9.990052660936646,9.883327531992364,9.93270544042167,9.962814293959505,9.996859788048546,9.86447445587729,9.861685055638212,9.607852651396326,9.806890396597392,9.842257154343022,9.621797734591887,5.161525215337283,2.5832816091545503,2.302209928418389,0.28495031305424173,0.26754368011642676,0.3500168895453865
2.892882836477551,1.7318157090258275,1.116977672559747,1.4683817543361521,1.282575535770438,4.69784879391074,9.90061389717536,9.942846528001553,9.770132619529829,9.943940591800311,9.993810468253661,9.950431164274484,9.890075122121589,9.989396282164423,9.82648422541306,9.685957912319935,9.822835213948292,9.77504678412658,5.668373941095257,2.149096369216146,2.1112422505783823,0.22442307882977913,0.2561646240645925,0.4530148736095785,0.21804722555211403,0.4320078066201101,0.26358965860316064,0.7124760042570775,0.40648672064795655,4.02460283812841,9.79509929416348,9.6776718810751,10.0,9.766961643816126,9.922074136796171,10.0,9.854833480999613,9.9076778401266,9.938142712064579,9.961268456035631,10.0,9.794131045933755,5.777075864224917,3.2083750896506382,1.425812844286632,0.42678152349733417,0.0,0.5402829007742763,0.3192338816400229,0.1911710514910699,0.3672144688147672,0.3880475864635592,0.2531988027245525,4.29683427593336,10.0,9.70774870633855,9.925250989948516,9.983256130973606,9.890201199193745,9.787658770980931,9.687074222905263,9.949980984219076,9.843712928955357,9.406730125745364,10.0,10.0,6.156648609420955,3.039375595232446,1.9382037838683965,0.6688110425382395,0.8103549089311965,0.6935910037469046,1.2356124109333264,0.7756278990369623,0.9341596507081008,1.1965787201610705,1.0640382642847765,4.177278278655225,9.861007964973275,10.0,9.891048479197316,9.650812481310874,9.711535339353844,9.770877009979763,9.896168888883317,9.874330634453948,9.659756994498713,9.72996446827459,9.515145159707437,9.763296607202149,4.826742062544877,2.658225082327192,2.1126809506154993,0.2334415808134538,0.3869801089150661,0.3082845061613689,0.14125280281482988,0.3043049933899675,0.27646618312354454,0.24753135863160977,0.4028528885532247,2.8037154679717817,9.98787804188737,9.840619172683637,9.877232799231072,9.778718043845016,9.797679672512787,10.0,10.0,9.956540760266963,9.463144398347747,9.56511863502743,9.96667701996921,9.844733629087257,6.4513709507233195,4.027692760299517,2.7612718783543873,1.421900245684021,0.8837405451778515,0.476818871878527,0.2651344404559953,0.25948384504688904,0.27783624286312386,0.29630602803633727,0.1518211373699732,2.5205165581332434,9.76813927781589,9.687601238349034,9.689101290028125,10.0,9.468619945625235,10.0,9.971602203565936,9.479250092247646,10.0,9.677946148097968,9.830413780285806,9.914671417330526,5.428878630081178,2.72370810008338,2.625111212617481,1.2004216962909973,1.165149948777576,1.0199593167560042,1.9945110699951252,1.8514026242358914,2.545536521151699,1.9661921886421514,2.340049556824499,5.069259207672086,9.541274370535033,9.280730331515162,9.785106518753066,9.81802516595868,9.680576554449557,9.818254158003626,9.826550837458802,9.89443591286092,9.889920477544992,9.61284796184591,10.0,9.634838705141407,4.668300314444631,2.696759056667464,2.4011123136854553,0.339672383284352,0.2867200872882007,0.2977601081053296
1.7372606434498001,1.3484991219841627,0.12087384287938333,0.5115876172091077,0.1797814056455389,3.7000104156513176,10.0,9.838024703200427,9.752167551130318,9.843684941612059,10.0,9.732310469728638,9.846711770535267,9.612744958157602,9.977077544495714,10.0,9.419745445627532,9.593848276905128,6.227031734458704,2.6479815672941696,2.3008706290120484,1.440377688637091,1.0534420853057946,0.5925824802631787,0.5283668312542604,0.4235855751154953,0.23612929328198634,0.2738677723082187,0.5462809859964008,3.7080423807249634,9.672026189852911,9.797671981716377,9.882086365294317,9.842249107232414,9.847857210117509,9.747646273619242,9.530328322119717,9.994246619111209,9.857196651647902,9.935218778905694,10.0,9.976092224020572,5.359828173592934,2.093657590160147,1.9859256954686484,0.6596811957092802,0.24952037434259214,0.03106110441549098,0.4215129515429379,0.2066973190594179,0.2929873713357944,0.27218953126541795,0.33402252536359067,2.899842896071962,9.868799846495314,9.568480495496482,9.992436345394351,9.64254190345007,9.830941950538032,9.755537420027686,9.903636919355826,9.65543657566435,9.764780377508572,9.952132340800448,9.632302147756842,9.611103903642281,6.213549276937373,2.23384177252483,2.4431831267729827,1.0347271384184868,0.6110692078914753,0.6715211184837353,0.6956240681279507,0.4784386515872599,0.6864850642741338,0.5494860029891887,0.4068196129817573,2.9663869651862247,9.854880944339225,9.579000484591111,10.0,9.923528418869388,9.735847490969793,9.841659097735423,10.0,9.934513992099555,9.548035224731972,9.904827320768444,9.93879882775908,9.473782843231715,5.6170592191001205,2.1839111783369973,1.8013458872400547,0.11691789559465104,0.41400550603855707,0.15365928302081108,0.2201962362136149,0.18047518907469118,0.3631387045434955,0.16697974796053305,0.26959224430178164,3.171458296925072,9.798924048329186,10.0,9.52008277638016,9.839565727890287,9.972201345102,9.835778581241298,9.850772237631366,10.0,9.690893266856516,9.549073130428292,9.458244671257782,9.905891752121892,4.848317061172905,2.11458735371932,2.2000598489072143,0.9588796610653172,0.48605017291663166,0.5876970447991106,0.29473834927815246,0.23432760301561992,0.19181819248061363,0.07965584908842657,0.37266538427233786,3.4115800243046297,9.768146206609533,9.864517591916506,10.0,9.98658962938988,9.458520443186663,9.638678895004986,9.797236092095432,10.0,9.803595648890822,9.892763958032713,9.693051322457336,9.954491073734701,5.410198105046669,2.337229688322374,2.1839111783369973,0.9204349892636186,0.27984910129310175,0.2077798662623006,0.5748921184465207,0.3487824677336468,0.4679885281232421,0.24700548196596728,0.787760268230468,3.1099782030835543,9.677840641147471,9.727341508589452,9.83801340271502,10.0,10.0,9.793608402651776,9.882073819916716,9.664521900631192,9.943900018290272,9.65597520064742,9.743174016265012,9.947510808810545,5.391238368970157,2.444749819023253,2.2104596116423036,0.6516672939212966,0.18751839632587355,0.689890156499849
2.1112181538519703,1.0015165959779118,0.3613326181709407,0.23555635118823215,0.3008800076185929,3.011729881352896,9.91902151073784,9.735204366003426,9.88461285905492,9.898803926605929,9.802619519072564,10.0,9.997167827648804,9.925048168344336,9.66578630503183,10.0,9.973490094195572,9.680600916877847,5.480852628671626,2.3259439149039705,1.8582878291107685,0.6181446676206763,1.1077531074687013,1.1135996366281624,1.048986060793056,1.4948984926279936,0.9788544740570058,1.379033305720351,1.2763070722265375,4.347109232438072,9.490288302631278,9.941396949842247,9.779935982456202,9.95671890787888,9.894291716290239,9.69899121409975,9.919640558196615,10.0,10.0,9.641325865039445,9.723535473234643,10.0,5.5139723252444135,1.9462360320696186,2.103204359485829,0.38556640302748296,0.2695162642581491,0.33519712441122645,0.19779365657330822,0.3198140891051336,0.2277259431494978,0.16634152749866143,0.3166790957025124,2.129509996443787,9.816867850516235,10.0,9.56256664394474,10.0,9.996520144020907,9.831263800033673,9.892887447693068,9.686857031951154,9.808897292045833,10.0,9.656716732699621,9.894231438373494,5.741764785940864,2.1531071527801844,2.105988296242731,0.2366553583673895,0.6677875016556521,0.7251289294012013,1.027776672712218,0.826859216536427,0.5841594241093441,0.5001994256483355,0.7996369472319229,3.392834094497515,9.639724667093109,9.588318795954805,9.95998724174553,9.9545886066573,9.712019790782039,9.889450080139753,9.813393946624526,10.0,9.709805507677567,9.629823193855794,9.445675595053393,9.701299457181337,6.309521178170347,2.8047669706497724,1.7423614269562022,0.6015344699410476,0.2147275940795367,0.05084885012707069,0.5037264095932082,0.2535349872266438,0.29581455212674895,0.25189972598409993,0.14995973533343154,2.984893394634086,9.70865070604845,9.794073592953069,9.956205118152768,10.0,9.883804600778205,9.816543182913357,9.87763197162461,9.574133591747524,9.957487584693887,10.0,9.751896482614168,9.91758206164432,5.2530359375847295,2.711789401213706,2.042297564790098,0.32002394640599835,0.19646605120985244,0.9306226707018534,0.6116511120541663,0.3090324045766307,0.25054016970641524,0.1226358905306213,0.43596595615382394,3.2410111005625173,9.775597463963608,9.875535016989312,9.624330602920505,9.90593265317192,9.583571894747058,9.538095036528867,9.930116186746625,10.0,9.876626281235312,9.786960365383065,9.702273239520908,9.672546801893596,5.311264748651431,2.3259439149039705,2.1119294907980217,1.003282574806137,0.24937740729371866,0.26806932508491843,0.4907006091474745,0.4693022539252004,0.6515250778072338,0.41837142769139757,1.2095922724250867,3.15776102123342,9.87591786452576,9.970823331954229,9.924268952595284,9.675079392461676,9.950427353954305,9.781207377974733,9.897269638634748,9.791884625350308,10.0,9.507400949229666,9.98425230457351,9.657984827041666,5.4398783119295295,1.9045329388407022,2.56533260320845,0.2721420125142804,0.2746356094621148,0.2331677771932828
2.0333316288204237,1.2628083844665114,0.5199237033234063,0.047669858006250586,0.3581990910857864,3.632488849227067,9.2799105227247,10.0,9.872055801926413,9.83914254924603,9.93673329122505,9.897669666568564,10.0,9.706075668556549,9.927927880997444,9.9596732444746,9.722936915424064,9.708866431924108,5.129617370838166,2.096125589251109,1.9928438167932354,0.6617092436696072,0.6994569379103327,0.7076084694679121,0.6812205211951766,0.9337598021489175,0.888526640486864,0.7925534796035252,0.6926328381301361,4.032119640335272,10.0,9.892916842077113,9.89111239786088,9.97569893717117,9.966953560027184,9.714575990574945,10.0,10.0,9.933738735274352,9.710312405009121,9.959895289496233,9.994913123898453,5.754425446631711,2.378937780515521,1.877970051265802,0.5117333865831919,0.4271515442052404,0.2564376755605482,0.1955408841414613,0.2904102971765517,0.1873058639810503,0.1891113310912544,0.05136106829426379,2.7489149235325674,9.79269565016607,9.642534894983335,9.453650979464845,9.832285007692416,9.992658889552361,9.719794990481159,9.964272733192312,9.96455725149616,10.0,10.0,9.828802743717374,10.0,5.614228612251013,1.7004418689011718,1.907668978015585,1.2594626816134877,0.26309959408773903,0.22069666948238964,0.3642199054723848,0.41156080051595123,0.2262679602822136,0.13751573579245457,0.3016370192656194,2.6790203661467213,9.93181485518746,9.64231655659517,9.907162270670668,9.768150035634774,9.84439008223549,9.84520709663489,9.854577053575376,10.0,9.904801712417072,9.549908377648968,9.68852294183965,9.93213351602405,5.396009279236203,2.096125589251109,2.096125589251109,0.7443997286963256,0.1719758902224228,0.3241353303309217,0.11237503279224356,0.3556711207636384,0.16068750129596454,0.32162126165939287,0.35915379656056956,3.339138498953367,9.733793569729826,9.875900013750085,10.0,9.762862413980029,9.800010668491723,9.648442182909331,9.41412652985284,9.946562710420029,9.992117631836322,9.952999273523295,9.660671192358729,10.0,4.830758076232012,2.2420666194673045,1.8943488879631152,1.1323403005490933,0.6973570728570444,0.7086916736140441,0.4900747914349818,0.18172305315885742,0.19127776914058797,0.23836223210052251,0.10137593311341628,3.0050660732805725,9.849830716392297,9.977260804685557,9.791472517307108,9.698477106680727,9.915569242050607,10.0,9.91345089872463,9.586427857113787,9.899817119445828,9.968788919889338,9.946561379334442,9.629532835716965,5.2755783691788505,2.0213020361702756,1.757781781155163,1.8811701509889516,0.2516336189430855,0.11665085540453873,0.20035417279268175,0.6920893871311891,0.2319784154134438,0.5161170962645685,0.9242475686122534,3.2169673169696464,9.80942459262487,9.854113058044048,10.0,9.926018838456631,10.0,9.938285664767198,9.714429869144483,9.624351560589716,9.61324582501544,9.7869111875281,9.713865369217109,9.595044574682056,5.344374423040588,2.4746374386134544,1.981606961602259,0.7859507033446927,0.24157934395956673,0.49848385040430476
2.1665860395019974,1.188138650660287,0.5470782302791348,0.5940884941888752,0.42865573406468294,4.041131830234864,9.808894008625666,9.863968310778798,9.843322587176099,9.953336008656512,9.875284508327335,9.816231366904962,9.737988821412488,9.883385208076582,9.984723934262002,9.731228410898554,9.859752791470289,9.953908061939439,5.350619297448256,2.225061398794188,2.1205277356116055,0.27782674304639665,0.4720423105936034,0.24835428465444984,0.1870950894088892,0.24277833310900848,0.18343021615213168,0.16087105896279602,0.2851640033950116,3.3859948837697824,9.437692772481888,9.954553032379248,9.538613123497223,9.965801452073826,9.760369256436869,9.92049216507261,9.907312102728236,9.853483910971999,9.893201921642357,9.902710584869245,9.904000925579163,9.794634950253611,5.484885239586788,2.4099453830415625,2.0148282143168457,0.48134949138858035,0.2688387123280812,0.5632921004394925,0.4997314216254314,0.2754103130493116,0.17941658434715324,0.31140030581454703,0.3088449016155137,3.719111121081942,9.717502212675269,9.609321111097112,9.794472895981471,9.66219655345507,9.95520820239471,9.565780756602372,9.66129708408725,9.461162080588014,9.934050871458515,9.709543886200425,9.507806065838183,9.584221297771286,4.629634218229322,1.8350427399897062,2.1143238667887077,1.1138379173480437,0.4626956344274382,0.14909370359471028,0.45534009266920783,0.6048216925725431,0.215402024664988,0.6963258702934134,0.5425240017594748,3.454053261574251,9.642041754293459,9.428693355626194,9.680101965277387,9.73646216387092,9.368775942049423,9.401341184995456,9.888523740657298,9.840652280633865,9.787949161458977,9.828771912660887,9.861809592445573,9.776624314072631,5.369852046248122,2.609037344725313,2.8768536501690947,1.4874641313469001,0.4048870816058054,0.30705790111854403,0.22920006264257747,0.08113120187841447,0.3569539463261696,0.5278148068337187,0.25638818338292274,3.463317239722676,9.848281087927445,9.457932975315957,10.0,9.617869708231954,9.853864871068351,9.949580294748742,9.618594008007861,10.0,9.993255805352794,9.669242043825516,9.707506454231122,9.767268628559647,4.907767566279281,2.3360273631603974,2.419191661708917,0.601685932909612,0.5023986066161723,0.46021272823231374,0.4090934432737444,0.39012214595125516,0.29880756583225343,0.13546364490200632,0.46592618017424964,3.5492463142872572,9.971899798086907,9.441628701728254,9.869113762371873,9.614745393114225,9.712382916878632,10.0,9.968205356032998,9.798996973603554,9.778007919687974,10.0,9.761570910851464,9.641775636106711,5.223121153056544,2.118959866593794,2.033622339982057,1.0978622431158511,0.30300791848185665,0.2926085887843522,0.17042149821665922,0.2508661873546796,0.24126803916279718,0.15471540985015358,0.9755833977672046,3.8097237867554843,9.841353244110774,9.924262438472608,9.962689810498208,9.696597038720453,9.690323997394074,10.0,10.0,9.668162860414226,9.634195639125005,9.663785220289853,9.737504407602367,9.846265676896518,4.9638367972866915,2.565039728806312,2.3612158886696113,0.19653611930431175,0.4798673115557117,0.25001365968046413
2.338200974912948,1.3286130805236733,1.0646041509880615,1.0478438078029741,1.1217106717056833,4.728003226620404,9.85446678851595,9.67298325549832,9.98044631188192,9.844446168429469,9.977706977171033,9.973648104208145,9.69155023061283,9.954468780647302,10.0,9.634727362536346,9.166227157609761,9.82529306056548,4.511315192381883,1.9487291716920687,2.1367800585522874,0.8877015718495547,0.25278044424169516,0.24473251216276576,0.2565906095014747,0.3369561935235249,0.6623755625354932,0.454962709666694,0.9751392685942746,4.146141265777187,9.875999034069483,9.575453103967252,9.882805205247443,9.736404680976344,9.9570123215633,10.0,9.635654927769025,9.842296518668928,9.970178504199044,9.19285611469778,9.924361477972647,9.775755500113817,6.618667351765647,2.7664631107061917,2.889812032677388,1.5776188620134544,0.5217975759026606,0.4104474098347358,0.17602608189750962,0.3165691103103216,0.24216018384567436,0.0,0.4966291828055906,3.379351703625409,9.742754339016596,9.892376496817798,9.803321522580484,9.778235005392919,9.730609178276925,9.995055435818205,9.874075227199244,9.686551274817932,9.933772160370259,9.460208185120583,9.801409820245858,10.0,4.600117832266298,1.9239746280395569,1.966754341028588,0.9529772692183607,0.14751609449339112,0.3617796564449697,0.2676464588916539,0.3837564911040812,0.1066973748801178,0.18069530924472021,0.6231799109222763,3.5284628580220154,9.919162692684315,10.0,10.0,9.554723893406647,9.815344038485666,9.993415031342616,9.737675782331426,9.736682624418977,9.63725360767384,9.532414319110456,9.693442558009849,9.752633068480717,5.501885024655236,2.1483834307714735,2.5482596123666674,1.4680972616085315,0.66835772321334,0.814659818860732,0.9275335348793222,0.5312649375016276,0.34695215121501394,0.3823127895623549,0.18897531308209717,3.431406196398387,10.0,10.0,10.0,9.844283106171396,9.763396221634643,10.0,9.804567212471104,9.65078080242589,9.697566766932319,9.902497213467397,9.644882139400378,9.873628525111434,5.046969200541378,2.107655765037059,1.836177787657312,0.2869722897009049,0.10974876703801106,0.36449461941625605,0.415412250206361,0.3810071033858178,0.5579111065760555,0.21575903227226728,0.23935369588819178,2.7897816687018517,9.913919718743738,9.918547552243089,9.776266967670347,9.692737238957818,9.624799665127457,9.847958496217386,9.831478871568589,9.920932176367604,9.884998181913854,9.993878099764038,9.831654929795427,9.984415894230766,6.026305716132534,2.680733795161985,1.6740694405644045,0.30511889296314887,0.2699594235785358,0.23317120334126443,0.564015857167274,0.5325223660010951,0.7199188343548875,0.39230985626673054,1.3938981879224093,3.6142325174730385,9.967256480757927,9.82766585468993,9.978291066571533,9.59481488740653,9.896617449222193,9.974510256351014,9.973695610526033,9.622505784805986,9.853613557390716,10.0,10.0,9.703983455678136,5.460135487470599,2.2429364725626053,1.6168381667565621,0.7664237086894454,0.20926164039377085,0.5093928175554422
2.092192973261775,1.014242183622686,0.3815877304231128,0.2552656633849788,0.4158219443585487,4.110963050535017,9.950691103965337,9.967642432979874,9.990780729762836,9.81906862407452,9.992906408115106,9.909972075821777,9.98353523618491,9.749813366650828,9.842098723547236,9.633769535174379,9.909722504022435,9.890227707988998,5.0303195579827475,2.1675455170253155,1.9960916318750082,0.29486512199582693,0.42280201170404996,0.2809836153382616,0.27657667368817235,0.4785708753485004,0.8186121494481582,1.0017830740698868,0.8072547922050897,3.977925975487552,9.756186233451725,9.632833515424206,9.507170340995463,9.670661955945079,9.751732878516565,9.706795201941175,10.0,9.783446833674953,9.812107221810537,9.801478469737555,10.0,9.928757586799193,5.946483515446785,2.5691270671791524,1.3632100082576308,0.8515414845667151,0.6654052540558103,0.24240265055951335,0.26600388769267386,0.48694183469657754,0.21186893637895815,0.18139215658606686,0.3953039324866535,2.9819489960590984,9.893244504237954,9.839917683303428,9.749818343736438,9.91036309432665,9.713535691069119,9.923497976586491,9.763697070709258,9.985385203059455,9.908741659639805,9.82990428186079,10.0,9.47348200602865,5.5704333004959,2.4481877539807226,1.4131433860391267,0.06588663109718085,0.44908083539858057,0.328772352015038,0.28487406621255884,0.22054454982530747,0.2217749007877851,0.3040345146605243,0.23104470605487415,2.902862820523563,9.79004201370275,9.73108872162803,9.622459006545423,9.940385071213504,9.946595058437339,9.931396616303347,10.0,9.863443765305117,9.9947551679312,9.838955484591573,9.675172671501869,9.70250268605662,5.394330433727938,2.3062308295567107,2.197609420875848,0.9101412997904709,0.2897643126300493,0.7230772231463081,0.8867695619877349,0.38828182672900236,0.04982057300773675,0.4950405911851885,0.13018898932201792,3.3185943999671195,9.772262311363036,9.795181996857034,9.980855246000502,9.970770563559643,10.0,9.614515334810372,9.644941268284194,9.980530147516413,9.781660158391308,9.94457300056167,9.743301619850223,9.943708651277953,5.453877566617543,2.085643999280105,1.6070575888050331,0.21526249556583318,0.0004301586048904016,0.4393567283124205,0.24984238943403905,0.22272542682554167,0.20413782689675974,0.5218170108828653,0.2603334092422702,2.4237489337974365,10.0,9.995762652570019,9.842313620797775,9.848534787924653,10.0,9.990081362584299,9.669549949976746,10.0,9.875652132968547,9.818443695373556,10.0,9.734143477130395,5.881013672627268,3.2581928801874644,1.6440612173999483,0.2315241706423281,0.24224131936025198,0.3911810289337043,0.8091948298030398,0.9853351820757944,0.6890800521406781,0.6802700559530432,1.313884947284998,3.1408620689879108,9.734501034521449,9.789537805639181,9.939030488406225,9.928253826402907,9.703401310346404,9.94695081266558,9.58545898284656,10.0,9.495872060373046,9.729453804794327,9.804568019141996,9.875466127727366,4.993156010688049,2.4086923219249696,1.7194956352028834,0.3519327037200987,0.3779534428387664,0.4539385340941716
2.1760727705595615,0.9523084068722336,0.781878349401974,0.5713929451813925,0.27274136542881533,3.8263905119878885,10.0,9.650068241191303,9.822211368755323,9.969082935578056,9.615206854147653,9.58197885103771,9.82743786810203,9.834197924735465,9.93747453149221,9.676103934480787,9.834425185883257,9.896863591860303,5.8571208494544695,1.6701396102049881,2.0604983914336334,0.22704899855451482,0.3449643973445145,0.4850186028352231,0.495071111984888,0.3816012666789623,0.3069024139368925,0.23255683960635945,0.3191946862885568,3.68441646872438,9.556289100175505,9.971717614923273,10.0,9.642448157534254,9.792087857418753,9.814055005481777,9.630742915783225,9.955272331111326,9.982569074302717,9.71541478102685,9.964593130758354,9.806918334016059,5.1359437172501305,2.1988866225387715,1.9198373739234587,0.273000770893452,0.2709675419871147,0.2980856502844121,0.2653872371147924,0.07522688177819123,0.4305895729995296,0.2246915202872529,0.2513019022286162,3.3464889600262313,9.926320096320334,9.912960515310775,9.5566781878762,9.712945219444368,9.539017836821392,9.702823958990454,9.675064274679091,9.791553879304292,9.950471418667412,9.816176411264914,9.872840157884879,9.467441756492924,5.351534355620109,2.072001598652229,1.9453142865553923,0.5840881819085322,0.32900788607958803,0.17079324164602977,0.2601359732232891,0.12031873999026507,0.1603099962597893,0.1522996634965092,0.5201167260933205,2.967248567715851,9.575522548432227,10.0,9.776498093098267,10.0,9.930728781734247,9.91417189475714,9.780511378538716,9.958225244219904,9.971450960601416,9.962364846397232,10.0,9.877618950956649,5.406754879077763,2.4790546728028513,1.5133856817729145,0.8406404483807712,0.2673992265951247,0.09928307363343697,0.32290722595894256,0.25049460545146324,0.2291691226012883,0.19218129422624447,0.10711541360196146,3.7886469856363787,9.9177451689417,9.564457864867526,9.629323478314015,9.525791161415567,9.65158033203483,9.972332595272018,9.944003787415074,9.704550937775073,9.85492360827763,9.91179563129388,9.984682043907496,9.817462947928881,4.819334908841218,2.3397573254347854,2.18409150387237,0.5489934871973478,0.5866457027234945,0.39764248760683407,0.19073079553821054,0.4019747993751671,0.2377744993518868,0.16577522766178615,0.25757598453647446,3.226531481566195,9.88788409161352,9.579887648844782,9.79910684300006,9.957773959660079,9.791765656706428,9.88462630117499,9.923753729013027,9.679012287293471,9.907661749618297,9.83353555146416,9.95295137898572,9.998704867060104,5.293640493803186,2.288504524750856,1.400315974535004,1.1715535496994571,0.2664359618241918,0.25595685876510865,0.40342725821072667,0.4713252292445185,0.654702520377741,0.7232074113989105,1.4805021424934361,4.067809330466133,9.861187741789557,9.692063229706838,9.930214181411301,9.93811945003667,9.79282973888855,9.596930949485794,9.863001254129612,9.68293385264151,9.964613134523342,9.75163547334284,9.846907693798219,9.772200777210108,5.286847444527037,2.1839164582618777,1.5592190532755281,0.30700050324781203,0.2655276600360315,0.3115216933659154
2.589850126688896,0.11499496091829231,0.46013346336004635,0.2767098251705621,0.3832855862520349,3.7869036406560515,10.0,9.794601038565013,9.37561968100872,9.742783578718438,9.77072356757623,9.982243486695868,10.0,9.770274124815725,9.947009285198318,9.789503012668296,9.880499970413894,9.96284286870212,6.871269177345272,3.2592171566805863,0.9383439388979337,0.6453483365128698,0.2255960661991568,0.31311509410736066,0.22816801843700096,0.24611381763991103,0.2509099028066989,0.03701176046934068,0.5112446292754905,2.6005357054746394,9.865983686851846,9.769002156988522,9.831624519890754,9.947857295578466,10.0,9.90943489998329,9.769062490764888,10.0,9.646002107286211,9.900342751816355,9.566542905547328,9.956335496347876,5.831931663674986,2.556583978253924,0.7019350323517619,0.605854618619629,0.6633640102909635,1.3612188170795827,1.5448405414341053,1.306161917922626,1.68686625379664,1.508356074395215,1.10324074374769,4.328747937103472,9.685404985181341,9.836052641269603,9.788604512024003,9.600306524821319,9.665052908161048,9.93246184914251,10.0,9.992113711724592,9.589039032966133,9.885366234262527,9.41955842996359,9.751219158160007,5.818951374689597,2.556583978253924,0.5930005984351953,0.5303684879021915,0.2704831896377573,0.29792341761533064,0.2920615188350606,0.0990371231725341,0.47211595481621443,0.2606414239122803,0.29526740904468296,3.07720297500554,9.7620431397713,9.780706863236093,9.81124425878131,9.803761015012649,9.782576067565131,9.638723241084449,9.778593074050796,9.865096204680935,9.893502787454688,9.747674776034424,9.455051781991568,9.872873431021736,5.87443014661553,3.175217632129371,0.8619130734890754,0.8299049853197451,0.6103678637015113,0.6854054821153883,0.8578588047271583,0.3117784496493794,0.3616349544310364,0.3194215320105049,0.15731597689184568,3.6601919061008235,9.40972701510446,9.838564882973992,9.688743719032965,9.844650840916938,9.803358893373494,9.975926339946003,9.643436331380073,9.89694607690801,9.71097260049038,9.801249486663503,10.0,9.584423173676,4.5128382047084585,2.556583978253924,1.605471223562445,0.32010947346696617,0.3167412145443403,0.35051861381266786,0.35181835304354214,0.6112624915934459,0.6237260382004335,0.4849672576162479,0.5736442860602173,3.6721035158088697,9.628652478873438,9.788672309566,10.0,9.946354373667045,10.0,10.0,9.767592319685267,10.0,9.954439753778725,9.79183638112209,9.426402170940193,9.91622350791844,6.0719021496491,3.289370557803533,0.8925850362486187,0.26222831308882333,0.3226712016042796,0.29799817811846946,0.185009542918906,0.32793485059675287,0.3342276019954999,0.2503598941817104,0.2812166543348535,2.574480291633642,9.83564634221472,9.620888746505967,9.890700327293281,9.936305020682191,9.85423267438022,9.757232726944977,10.0,10.0,9.966191655912638,10.0,9.906369878246576,10.0,5.9741843182955465,2.7888141496694585,0.9048024383405456,0.33645761358824827,0.7267295060138503,0.4566053279989829
1.9228316559508114,1.1532642738084564,0.6764664913220096,0.7946641634814777,0.5895851480083653,4.011984129814077,9.984967025365028,9.422841846661393,9.7447106933796,9.908914614425667,9.969427004685308,9.942592996929204,9.96637113964235,9.969594565303296,9.91347355393991,9.913838189353873,9.614318490126943,9.519918289033301,5.29581016187883,2.0069168216736304,1.599091903498828,0.15693010956612524,0.0075940032533425485,0.4631867178820687,0.38666018413085834,0.4914039918544302,0.4095482779234293,0.28977379910415857,0.223558634281432,3.649135643678596,9.7968774395458,9.763141722437295,9.898722130115338,9.859343052348855,9.775150023042285,9.789382944094646,9.97334753104928,9.908895403184133,9.982655995440133,9.808700027684598,9.69354721621965,9.68251099574421,5.679699010428283,1.8030996715771834,1.6405875205253082,0.36836408553523103,0.4579036321202563,0.21082063076098173,0.22413779480961388,0.07553085294105133,0.29709083217841004,0.14534498686032038,0.3731991400533129,2.874572351520349,9.928685359761701,9.996448678260851,9.824034749863605,9.94567477509356,9.966876401981267,9.970825567173808,9.734134653590907,9.92898946651697,9.796552875392951,9.996148498681917,9.716911556767913,9.978085236266423,5.588302523331501,2.4786798697597883,1.7430678426269348,0.7628661418100056,0.3733194901910835,0.16987585787246573,0.24975507993844326,0.19534137368093876,0.14651685508922963,0.3331984592158384,0.00011576485755201982,3.035624696141517,9.719729171053816,9.396927862158508,9.869005459292243,9.852043102556806,10.0,9.516425584701208,9.936635228006965,9.492672015614506,9.806817874841268,9.70861986716604,10.0,9.923860540150834,4.675390851023323,1.928949465449907,1.8091380183049874,0.7272132717624261,0.4394378830302904,0.9409823835092688,1.1966201748598215,0.9885138905501034,0.7630985113844191,0.7340361063530738,0.3487464101601873,3.787617008731924,9.859844235204125,9.949204291118583,9.879733124606009,9.857409388358786,10.0,9.940614572817998,9.653358762936053,9.853480309576764,10.0,10.0,9.897941782748486,9.881049562576827,4.765338667346106,2.0537077646208113,1.7842723082772756,0.2565092836006039,0.2802021286997361,0.19981432046716832,0.08041803349729065,0.2843424283525872,0.21463894965638533,0.13911380359695294,0.2115640949342521,3.1903822998523297,10.0,9.851782554529263,9.848911626615148,10.0,9.955155391565768,9.713441298249787,9.896035733477172,9.834285356620924,9.866159027156193,9.644297588842843,9.422669795074722,9.868560070526991,5.428271343718811,2.2432399514918533,2.6215541671156597,0.9294327333677943,0.32723455786621336,0.13461358737946416,0.2700489780983466,0.24948329367532424,0.13962319325137584,0.32382397039712374,0.4826101791052908,2.3438370356336833,9.950197693561371,9.997651021125224,9.949624719342031,9.847509554620943,9.869786956734663,9.930686636021274,10.0,9.77867621844169,10.0,9.81116081926606,9.757558217268889,10.0,5.642278280684314,2.445943554960408,1.8099117020514301,0.658032835760435,0.7511086383095382,1.1344433313471762
1.876301749679898,0.8884711033346782,0.22969327704485984,0.1692934951828376,0.2994502374101558,2.6310000790871886,9.73118432498132,9.474786592632181,9.873018085365173,10.0,9.975749654619122,9.987210366101582,9.889587483608798,9.974300751255461,9.971153705670769,9.91467347058968,9.748407687611264,9.965174007900634,7.130018598677365,3.172182904644596,3.11211949270019,1.4971987857359934,0.9392611285513542,1.3592731019298299,1.0536181353184115,0.2717992281667852,0.15879446611035725,0.3461394747924138,0.20191468802731383,3.6149504766835956,9.808481472480006,10.0,9.752401381520075,9.466442118446368,9.986788850464036,9.808887239515267,9.877188333026647,9.457087021915315,10.0,9.729597771734275,9.834904795308235,9.7916925599095,5.064024234864171,1.8572931324637931,1.843730062252338,0.6712959994455466,0.19426134199105002,0.33552627453640393,0.17883491961905795,0.26559350423113354,0.21552939061585905,0.2522469341488137,0.1491009755103178,3.536166045811002,9.622918495994782,9.68059330840326,9.88051088069723,9.544543399248601,9.89542763563072,9.75550471973808,9.927857238334418,10.0,10.0,9.992209130269918,9.878524076351265,9.802486251122332,5.991875557529083,2.252926077327475,2.136743833128001,0.6591143713861441,0.5364471227499891,0.2897130928628885,0.2110676141452432,0.6496963486217082,0.19000686676139197,0.6169514916850108,0.6786629855500523,3.2662676816434066,9.963699645579634,9.505831073532585,9.955643568556967,10.0,9.877734840185532,9.909854760559123,9.873537221897989,9.876026861049894,9.821389585391362,9.818930686681716,9.887586693045566,9.90859864029129,5.436344435754019,1.9880315120288237,1.5323624983549098,0.24321356625770424,0.2187049707620997,0.2413304471105025,0.19277822504786957,0.27061763012971884,0.2086576616270469,0.6293633920861386,0.2697025234526333,3.8002763015469108,9.981477581980897,9.734714764225975,9.802443510175838,9.997159980127432,9.925973671064954,9.799441638212963,10.0,9.765938351341198,9.83926603162188,9.668869005988718,9.677375203193357,9.639531854657397,4.852245376532386,2.2425223700236963,1.979828279551024,0.5242454943264434,0.7843297114513257,0.4615974266202769,0.20400561330776854,0.20798298121336667,0.0,0.3383294039910132,0.44135934822883716,3.653699284142193,9.859409077422768,9.747305094523337,9.783291905577766,9.653749537721792,9.693779951514385,9.732378269537838,9.578776151983389,9.940620183640844,9.723534275486752,9.791779488307741,9.916583652766358,9.9576079458045,5.661182116460916,2.278689598344799,2.0189444654190765,0.28284753582469463,0.3728446177586295,0.45333378091519266,0.5510197329390882,0.14643387299704932,0.309960939957636,0.6721167088946165,1.3511067848101526,3.462493382489539,9.848708331150274,9.968311341666354,9.85900487862508,9.775758330378755,9.835109303852548,9.860847514200248,9.708522669699981,9.760480288389468,9.65371541712134,9.880309300855004,9.996021298762583,10.0,5.220385872011109,2.035446882784156,1.5093986924113307,0.3113539455356042,0.07021028422745393,0.3634545882243809
2.3092981756889888,1.3058913974786395,0.7836066699865296,0.6659613818570541,0.6491547203100174,4.155920525877633,9.925006041329603,9.99172949343131,9.643068461370856,9.457761829295515,9.794013233711954,9.757957641814064,9.882009203380964,9.925658247857905,9.758695334788362,9.642579877497594,9.688106185921527,9.698243669728665,4.751215145699227,2.1898206197507197,1.886460320941369,0.047305149902554466,0.43539064661798627,0.44790949468917246,0.3519446397499524,0.31545581486928653,1.011780422245225,1.3110881608286862,1.184753793391114,4.485484288307611,9.797364374294972,9.956777931387823,9.593003129569105,9.971809100623808,9.730133855000387,9.842197821328293,9.629577969885828,9.885555372099269,9.791628349951521,9.436423365589349,9.781635849259777,9.522057134226998,5.937798410323621,2.0038915357178513,1.387039305769901,0.5075334532726239,0.291524914086525,0.42129929427898144,0.25211981774106773,0.18172732541151318,0.5492022724159266,0.38926956570868754,0.24969076109764982,3.805974032685152,9.883204865880774,9.687350315311646,9.883014549564185,9.87547552997741,10.0,9.96611056833562,10.0,9.859224800027407,9.663424036786827,9.642880880280021,9.837832466856447,9.951543521213752,5.040920069955348,1.9877930532195434,1.736794583213034,0.2776141147623552,0.4473762418021465,0.19538958094215192,0.3019509046103339,0.1867295355049127,0.38498710775759426,0.22329612992968895,0.3521562231387725,3.151222361082219,9.960724788315039,9.781676955802753,9.731549918820907,9.875015867721421,9.943752402534786,10.0,9.845121186113996,9.943382823575087,9.892365268031307,9.880739834349333,9.552729440318238,9.827167414548187,5.871580955331522,2.91454115589549,2.2847474937246206,1.4019728249810952,0.6357220631487157,0.5314457672320698,0.5868594822430125,0.2992416886925521,0.12744162813348167,0.3465941664517514,0.2544113239857616,3.246230923876708,9.997602782325764,9.989959621593497,9.717742663890595,9.75568818544262,9.979383804324097,10.0,9.972831159674318,10.0,9.849117145910219,9.815003963506435,10.0,9.83245442764773,5.372346323316515,1.9823281156335981,1.489477041008174,0.32970918443140973,0.3687056599112737,0.36974574827742407,0.8722467895868148,0.849650335651364,0.9268095579566715,0.5575024875541102,0.7197872772348299,3.2940527988135404,9.819276385886907,9.95150325823326,9.92550217259855,9.85698211473451,9.741552180850233,9.61691188812634,10.0,9.678226070204474,9.395970469813406,9.581864144535638,9.843421102456198,9.671362338690393,4.974808012627298,2.2055067377523723,2.1898206197507197,0.7692156526437649,0.2541329315099585,0.06270001259933264,0.2185761161416077,0.31263654005252983,0.13874633524457253,0.5743363743481569,1.1551465688229474,3.2774095151447313,9.889729361401676,9.966318205839741,9.97936415708554,10.0,9.97117799633413,9.767130053250533,9.325707751522383,9.955705841475755,9.799967770673035,10.0,9.77891060460551,9.81156674664983,6.073137283280376,2.6994760370468414,1.794527904171846,0.258578329513758,0.15016214928377866,0.3364919230905721
2.1229011650009593,0.5682327625859758,0.2961539041694409,0.2549665811874812,0.19675171148102982,3.4482542573709094,9.563671010393522,9.631031605425457,9.661076280661065,10.0,9.85155210780555,9.52801162041061,9.885645076547032,9.992162537527376,9.875558307580633,9.958687075026887,9.717292053835726,10.0,6.188014448491193,2.128070610349858,1.5395282954298137,0.7846606513338445,1.037007866285382,0.9854419473314346,0.6596094273668276,0.24170252640656903,0.5909532896582644,0.6611294960567441,0.8280982851687856,4.3476187420576,9.585934398274725,9.758027409988745,9.554057549553576,9.512146063186318,9.883130399324067,9.65416284211501,9.673237553537417,9.635957613046479,9.740108060652256,9.58823167920249,10.0,9.610326313329988,4.938987369916671,1.7832223186039897,1.8842260893910645,0.48343917955968924,0.3695841406733309,0.061442854452859116,0.3428498779418701,0.22426608402499434,0.20090810090753902,0.2687911031971438,0.17802645245030774,2.4985277004133755,9.818879287505496,9.961986476713772,9.967738096014463,9.81123220382804,9.98083956860426,9.889057388632716,9.559294408227807,10.0,9.94856708055307,9.878333365769643,9.8262879983231,9.622584199725098,6.144622078958099,3.021836755573519,2.0846108540578223,1.4426039270881277,1.2792795643081414,0.9714213552601866,1.069625458989739,0.7978800554220342,0.5331107640723431,0.6252140460574792,0.7672738552790637,3.638895141765992,9.887443046358866,9.64690987602934,9.738370681219688,9.673924639592965,9.634006723195203,9.619135176720889,9.541776978548054,9.878566296554437,9.686224599454846,9.705002009006408,9.60495021682119,9.98000568014232,5.107802429391732,2.067551490889153,1.468917033091462,0.18874391535401286,0.24579866378501064,0.22043354558183995,0.09039738464821652,0.3401834596819772,0.304063458450253,0.5568439483413256,0.7055769990453351,3.8233863592069084,9.754893017793265,9.813154993677351,9.927889612305455,9.650757059937042,9.657472633918326,9.815259815087044,9.834956536047127,9.682198719749799,9.992654637852283,9.997158806939632,9.70326951501083,9.569196650928065,4.3928336524288625,2.317332472409124,1.942186314957619,0.24604874265420748,0.35492712969574364,0.1875361121569417,0.15672702321498666,0.12265130810255248,0.42198164287054574,0.026917300381186227,0.4278941370806281,3.4319283896580206,9.797649563456481,9.932666844481032,9.87820875685919,9.940626063347697,9.892154190612139,10.0,9.716290339563209,9.927769930726724,10.0,9.728724135820999,10.0,10.0,5.579933652153084,2.7797332938567823,1.661313660347152,0.6572365213737188,0.7267006543987395,0.3905260665723192,0.7501342883105966,0.37900084525505584,1.022047765781417,0.7585148634256902,1.1770617434100563,3.609918853441301,9.589695078088697,10.0,9.916109017352612,9.978526761586922,9.806555249432353,9.92671636960148,9.969314311838087,9.626105551442114,9.651743447340944,9.910502593744411,9.877439313788509,9.827187925371197,5.315817637285321,1.7003368469511941,1.665673989616253,0.2917772143180069,0.2856950267752264,0.2590738059643152
1.9185465302225055,0.9034037970379521,0.4142641868040847,0.28159966838750844,0.19864147477581745,3.711692277415418,9.952806225559659,9.856195556151999,9.968924853143468,9.859732867706523,9.914014095436496,9.941296327154086,9.737797559853115,9.936052312428302,9.836233214036216,9.459269046199573,9.665437375419375,9.89086515678841,6.026750309470394,2.1465730395213756,1.528925697548567,0.691124936236213,0.6248188280500138,0.636044798985967,0.3896215740730138,0.39263753320364314,0.20664281046276717,0.2131841373025246,0.07281175630570338,3.7432640601059584,9.647787441054287,9.989993507304579,9.471920239683872,10.0,9.857782792488909,9.780404736035898,9.99633409261557,9.877881046360203,9.787822223108492,9.813936801928245,9.812929787599037,9.979831799757246,5.552837501389797,1.6490230760648983,1.9104304057093262,0.16730178026344136,0.5040035002672328,0.2257726886722548,0.32064718667500497,0.1068594367608759,0.3455703671577241,0.19378806010411886,0.21500394174813597,2.504509571601597,9.868337135084682,9.475429712157046,9.35725508400555,9.811930781180523,9.336706777636202,9.882270590600319,9.911527649567677,9.903773451650542,9.393920051163544,9.66975226935258,10.0,9.61600001264982,6.013494468664975,2.6444844994641694,1.62800856752157,1.1706810105044796,0.27064598384628635,0.07541610551588682,0.2937817381067127,0.2169026592574983,0.0631114353059508,0.37777735351396513,0.29485161635757384,2.6974891291277303,9.650288595502975,9.556974405723341,9.96243687679765,9.170434527192326,9.6871539844319,10.0,9.722099696191355,10.0,9.823219726632342,10.0,10.0,9.981030376959168,5.2053286383784725,1.849767799343909,1.3433198938337545,0.24336028211481386,0.12336498799658842,0.3890166969324165,0.9725001783959195,0.7123747485199821,0.9852628006556484,0.9179629689516519,0.8149172298856698,3.6576232468216965,9.682392947316618,10.0,9.516609173784266,10.0,9.842878612544236,9.984303465691168,9.947534697987086,9.558381670465831,9.91558603412427,9.860991293233786,9.949020644096455,9.907842887662373,4.498453048768047,1.8866192415417538,1.7227250414708182,0.412121288703078,0.2641986925266493,0.1869751181189805,0.07528840595088356,0.22824517913487377,0.18591289621997836,0.21844933859712184,0.1460799186682164,3.4444398017433366,9.806217786303556,10.0,9.62765859644938,9.892238459422122,9.900414822312253,9.640810454016286,9.932285296867274,9.949522957254818,9.889755794054489,9.874364210830523,9.681927006756267,10.0,5.766649315399372,3.006459045583819,2.609474745365665,1.008519246386621,0.7583607529222305,0.3016724416359648,0.5295900127253363,0.6735231758352006,0.10420862881068774,0.232051696548215,0.6067246565214031,2.4659392905387585,9.941038096159474,9.799379121623183,10.0,9.958410546427835,10.0,9.466551391449384,9.923520593736692,9.754234352110284,9.666287790397046,9.887171654391137,9.859309742503015,9.510629902721895,5.639684056664358,2.226357841304119,2.04703321301212,0.6971343460245745,0.6265922438471191,1.275168531737116
2.2833164333337512,0.7018236534307745,0.433224220517851,0.6916964389036342,0.27497568794125105,3.8366786672463142,9.843720079032932,9.778131031532128,9.970517689415159,9.876039216575364,9.918542416820125,9.350391655950528,9.835960392546504,10.0,9.98464939314154,9.815133534765083,9.768793671450954,9.911467891984996,4.858688987038417,1.7124685711643268,1.7586632431712725,0.7325466123018163,0.13411719717813197,0.46373128066854774,0.37228818572386574,0.6865808620684875,0.7794496332986453,1.2555929405463022,0.8663161795112203,4.604594093703312,9.346458851602643,10.0,10.0,9.903448854472712,9.999337353009945,10.0,9.703952718547137,9.6789010673539,9.75526520760321,9.774777419783028,9.57543568308684,9.891572890304671,5.279611451511731,1.8157934096712207,1.820892680358784,0.3258674861687097,0.27386899359843586,0.11482476366339822,0.31216449775104793,0.21091824170879558,0.17655431847891662,0.2742577901688345,0.20386950566617704,3.916351681173497,9.883457660754182,9.908471490954039,9.527416754889863,9.757332427200142,9.91891160656818,9.850433994162795,9.621246277459875,9.981649928121849,9.468249035534196,10.0,9.871917370739396,9.921299711981915,4.8848102161015206,1.8475330023800263,2.2347206710076377,0.42622561238219464,0.7066406530885921,0.915972695998357,1.044508554893884,0.9917873070435631,0.7268408982086755,0.6335037163749906,1.041347872517404,3.683309911783651,9.76112061528799,9.827010439842308,9.767904161226035,9.76136504697738,9.907976998905765,9.976647177405203,9.717650256924419,9.72283576501538,9.501052388121709,9.823642822569271,9.654428010349905,9.917985496831516,4.979144325485715,2.0310843187875984,1.7170560994137776,0.44668418037334706,0.22740464634124938,0.2306240466478734,0.16521392262838988,0.14344124458767465,0.30410071896099167,0.04886563714210024,0.37811717881343876,2.9005300364372673,9.739011357125113,9.871649993374719,9.956868906973504,9.810035094562354,9.872354097039382,10.0,9.953588742532151,9.676561144316151,9.73277425407525,9.809344629010697,9.94862611998109,10.0,5.3568556529128015,3.04813257087655,3.0563008782886376,1.0920893927703128,1.0089104328804512,0.6511167196603314,0.7342613368048894,0.27696520539863484,0.19451782029280848,0.2184859389295643,0.09875937352358252,3.1073801043606046,10.0,9.784522888056433,9.923418788155008,9.90660405670285,10.0,9.892560440713362,9.978342925770738,9.856528701884862,9.87029814454782,10.0,9.794492099493391,9.977405510987904,5.108834525906702,1.8643297995970571,1.5384100539510037,1.4598758679046133,0.2514559069517287,0.17723938448898943,0.6413890952761899,0.8818179394887217,1.2438879879859073,1.3068111675546508,1.7669845491599996,3.8824949220319374,9.69051634056078,9.93118534140673,9.655931247668118,10.0,10.0,9.511960829256623,9.902308790826059,10.0,10.0,9.94192963984284,9.595542614916939,9.912166594127974,4.792771391427056,1.8594696154643053,1.3489676945300495,0.86582544549747,0.23304684764346434,0.2427457377762163
2.29959285834221,0.5994562315184256,0.3295291939351632,0.24239239223805614,0.29783000194997244,3.5876127257926713,9.614932292105568,9.725847139300324,9.973261315606958,9.764539870610612,9.796137500676146,9.893684627312282,9.695633432867004,9.971713972874696,9.949951431546717,9.966814018281237,9.858502236959959,9.858454072867104,5.848802186924567,2.6046625708303437,1.062774849333985,0.5091354198182576,0.27990212169507045,0.3343987814513306,0.19864978970324534,0.18590154953788157,0.2613302742499905,0.3911164410214959,0.2586426316096284,3.0740469354920585,9.834361946181145,9.788688572672166,9.112631658708999,9.961918365858201,10.0,9.668737306188094,9.983243342267349,9.958674006305316,10.0,9.915500213735639,9.91434396125793,9.877032945454095,5.166710784476172,2.2327384091755986,1.8538516150344355,0.7198580806637584,0.644696378092606,1.0315852239036354,1.2048035709302654,0.6596045183805082,0.9825377562304898,0.8394392352362039,0.8129435827341674,4.455333001539843,9.420671557948964,9.8583953884804,9.699712292471771,9.583880539530247,9.904424883057441,9.945700570489606,10.0,9.788479475053949,9.396346185246896,9.857769409112725,9.751543058486744,9.692026436304001,5.999906294674453,4.352972370553005,0.9525752035476749,0.285348126174478,0.2741179977060319,0.2566519893702414,0.3024813338060035,0.1150687400448355,0.34270123752008025,0.39146536823097705,0.4243479131225029,3.1243611952065136,10.0,9.610655627980526,9.858758358379578,10.0,9.879644826990106,9.878701742779787,9.038557811734515,10.0,9.917873650531707,9.976584578322758,9.659029201231755,9.354798134197233,5.353212340235511,2.194159404435025,1.1343129973238015,0.38509839381594263,0.22576184707681873,0.5412186061471869,0.39372221773015337,0.1528846148437459,0.4626949101031945,0.19453936681039152,0.29845632281884227,2.9547291996313914,9.922312715035796,9.939901059553712,9.165206399627351,9.994897471281183,9.74171912909379,9.95308543752137,9.869483731767083,9.290902732227417,9.856676675651963,9.8739289269844,9.912399111202307,9.760606655422453,4.6138152786928845,2.4006602618796498,1.7369534384266456,0.19489190350636743,0.23978276052991226,0.19142830959592094,0.28913150606434673,0.296202121206018,0.2544036507729937,0.2903142839606041,0.24366337405516114,2.707598803069128,9.882905626940303,9.894678155630457,9.738761539927255,9.879405234989706,9.89332759962316,9.861631355710086,9.980172925712111,9.905570474107288,9.615613918866938,9.751358929967541,10.0,9.687811943598366,6.432338899773783,3.541472455663686,1.1926374832684004,1.0091704756862625,0.9793387725954247,0.3159496848408308,0.4310350020625613,0.3874421576868743,0.425361368530668,0.2173110435537713,0.5450172340064033,2.684742905396625,9.817313421076493,9.587128497434122,9.647941036056503,9.564749601574125,9.69033043331131,9.832045753983296,9.30312540977432,9.963485317449722,9.851262267098402,10.0,9.809372888898514,9.617167620430928,5.669157971776453,1.9676157916866421,1.2217134445566746,0.4424273766048693,0.48542345542566084,0.6523902990056708
1.9809492633091987,0.6662027884198958,0.2695165601812574,0.3020473229105429,0.34157425845828815,4.007739301491241,10.0,9.834202775356234,9.913870677410587,9.875253476097505,10.0,9.853905916736911,9.83456395279241,10.0,10.0,9.841725751021258,9.936983242989271,9.857211738896204,4.899812626906943,0.867240212392445,1.7898279544087279,0.9907286205319689,0.23816073080403186,0.20220147565616908,0.10822217285061869,0.240197576440859,0.2516632366560654,0.22236763541264287,0.23915667688747605,2.8912840035624594,9.889814803085057,9.639206242481633,9.912521472479,9.733468548567487,9.917966215887246,9.878711104939454,9.906460554590707,9.497590651169931,9.658656053954823,10.0,9.798226864292868,10.0,5.999363554201277,2.4268634270227083,2.152943339878864,1.5008287452989917,1.0674920486234933,1.2128256283123604,1.4249544225366604,1.3003819123268623,1.0925373412102526,1.0523674047877276,0.9215584084710824,4.614876808377878,9.670350638663448,9.578730850747275,10.0,9.883820029066658,10.0,9.837239764499952,9.878368787811844,9.644911562608792,10.0,9.86625178188401,9.965294793461887,9.615580060322191,3.69705170171017,1.7672752517584467,1.472419444806809,1.242685293517311,0.5370153973232905,0.12808017353086001,0.1505831704164145,0.25863921697223724,0.05677217415845702,0.4783643967770314,0.6730213903702609,3.4528284942403613,10.0,9.91195440337792,9.984812980641912,9.346897013032471,9.869422063184473,9.782210937731202,10.0,10.0,9.973704200017988,9.919829859718885,9.577199647844193,9.632882487665604,4.816491097378695,1.9903392225947525,1.608903292308244,0.7046932565658304,0.47782056041038995,0.46618737541655475,0.3785553504924137,0.34163455554038097,0.2331144735955128,0.19926505252154647,0.0,3.0911263740335224,9.842166199452382,9.533840722770572,9.890078431637793,9.47503122800257,9.868706300760197,9.493906074417836,9.592774269278733,9.560161007259266,9.940387154825213,9.87588006519808,9.835351173519095,9.537377660730614,5.39420989435447,2.0747747067515014,1.65366795305075,0.4188197012618616,0.6535710833095953,0.3467654315592209,0.7422841608392821,0.47249607250235454,0.7534235602991757,0.5962637603146047,0.2228558859415431,3.0264849158257823,10.0,9.629261945940748,9.872977867496822,9.60511674423453,9.963568428585402,9.931674600461374,9.999864932182703,9.65478558587647,9.760170607730934,9.793897684558447,9.803826094490981,9.660524319887388,5.004512554299586,2.194552541279928,1.8571315118377487,0.6366203497758509,0.058164039144316865,0.32640135747549553,0.2117889737433832,0.09850005398242426,0.4538109142081431,0.3611475586008626,0.6805698388880966,2.886416908605425,9.51076926606977,9.97856921283892,9.740427899010779,9.856620636982893,10.0,9.7155999031259,9.74615748111479,9.970623511115669,9.874691873151223,9.74431707827352,9.5212282181553,9.880675544249387,4.993998989201224,1.2733772148579023,1.8571315118377487,0.3449132707602143,0.20806951557135245,0.17917715843827908
2.561057752248204,1.3648200640956323,1.2570115569469935,1.5204880335679856,1.456610744076997,5.144665492834001,9.590058997341266,10.0,9.58439903711105,10.0,9.658225685642886,9.760986726866838,9.847864768333121,9.388133224738825,9.52807852471062,9.883104144029666,9.742596887703847,10.0,3.8803357397359903,2.132588853863228,2.1875326908424153,0.5628719957605854,0.30897290373650216,0.18305477967037712,0.27028092252364533,0.20508196155927957,0.46290480605356155,1.0018508088213778,0.6553630503903313,4.493973158204352,9.755777933340903,9.946110213748861,9.66003303827644,9.848171500961884,9.6038248761433,9.79794770170964,9.96797598749822,9.763459044648956,9.773572308433556,9.842983755127811,9.088898162029418,9.887422773686893,6.819089042999653,2.8677496503391167,2.321934724953289,1.4455044647010393,0.3457836802707277,0.2017772326045298,0.21193506379940716,0.20346200736473508,0.27515559937441114,0.3107009370378633,0.08046248437753502,3.269379598864558,9.958021567178557,9.757385720499377,9.724167557462906,9.868971294025316,9.87343042741774,9.938896653996858,9.334368408373939,9.905093848246784,9.636888834480873,9.85847804959235,10.0,9.700695608845976,4.785001395176636,2.0120641729149344,1.86707352480794,0.29136555096761024,0.21479707155929617,0.3153735495805919,0.2519644829387495,0.26826342235217276,0.22550596873101725,0.10358975952414808,0.6638216520603959,2.706646425746095,9.725602047139416,9.8869143867163,9.820474020012023,9.87135343840134,9.636789432255043,9.476218958172177,9.747740266591517,9.907770641487689,9.86541849543239,9.817826925409527,9.843897492493491,9.72474785816943,5.51398544083102,2.6837039887527485,2.2539159266672555,1.5815469364887995,0.7099105085432214,1.0696086446743418,0.8517085559401798,0.43415035905990335,0.5440480677652415,0.2547150397309147,0.2313442638477641,3.410789355127013,9.505408572831914,9.622683377648062,9.843788221353378,9.977204687730694,10.0,9.693790407585873,9.874392070596642,9.726807438324427,10.0,9.876409543503163,9.613286848234342,9.517269789953575,5.77351099583696,2.283757784378506,1.3210209112160112,0.4526836671864189,0.7163697462639418,0.5445565040475135,0.4724997283409521,0.6371578241560232,0.5934625284596602,0.5523313420973543,0.26611982465968925,3.25725793904604,9.58910558225611,9.966945754487632,9.71491356994096,9.985185313688707,9.518601962069772,9.984080453135872,9.614224814503563,9.960032267879173,9.480680412681414,10.0,9.820680729545346,9.184125148804759,5.5966211503054435,1.9596322797696262,1.7594566732813162,0.577891718380888,0.2498867162159017,0.14864759226781044,0.26458615550763975,0.48032683974055496,0.30548590366936595,0.6484622426648023,0.8806649622529588,3.741842678635911,9.544956158242723,9.73861169086005,9.788275104561881,9.927924361950737,9.76532211383695,9.896555433484872,9.889823575988219,10.0,9.690074071725459,9.802693395221702,9.756201745440395,9.937463349421625,5.868041644341673,2.3127304125003896,1.2902695595792881,0.4187699270043479,0.30189027720803696,0.18652763894395197
1.5951076675579454,1.2046255409811228,0.47884254054010855,0.47125258744857235,0.2978159141041819,4.208021067720035,9.902733431035633,9.86039297472332,9.98544928409738,9.788762612097214,9.700986181896237,9.778828525379478,9.697638066505768,10.0,9.777302889357204,9.612440631427276,9.778832700021338,10.0,4.606596591901766,1.5477688039917386,1.634021451141854,0.6475493585549421,0.43450873049599614,0.26611562684055645,0.2127248273174385,0.16300951221251792,0.225377696308738,0.25183400586077975,0.19489871442073267,3.6550610362554554,10.0,9.63772191174144,9.981150148894633,9.786350679214443,10.0,9.511544855215943,9.93919374180638,9.762271802572245,9.878002638387276,9.890434935546278,9.64027161523538,9.869368521583919,5.872897976095054,2.2846597289519543,1.8966975797316445,1.056503572289776,0.4245370687887428,0.26791450465827477,0.6263843882357385,0.5236892313503126,0.5211282049032174,0.29645054500130874,0.20445501589896273,3.7374370834697794,9.903827052667062,10.0,9.800850351272745,9.975459006097958,9.585621510335809,10.0,9.574068837082105,9.904604209682766,9.394158303316834,9.543765666281375,9.91112521969139,9.975153910211485,4.971682628992492,1.8711012475839175,1.6032068828332617,0.23816797311904314,0.09383776556620575,0.41681389446015343,0.19636823350153454,0.23174603060299725,0.05668676979371508,0.29657610202251095,0.37126009492333856,3.270001993965999,9.68626464912299,9.936233816674479,9.925820536925688,9.618896453017104,9.825880322318199,10.0,9.895182048877114,10.0,9.89723800380993,9.596068650169212,9.556169543567906,9.995479496702934,4.906790208346189,2.157592562444521,1.6737495351831273,0.6162355676461526,0.5067635384761392,0.7547142858692453,0.5306379459963722,0.24750665347003858,0.34488913781646924,0.25863518956276443,0.25430714187967596,2.9981695496122023,9.73570432812503,9.993763823780387,9.865674454122711,9.756459351034838,9.511248608941113,9.51115938179305,9.830501709293529,9.817938086291624,9.791329413042929,9.891541170939709,9.749013504938587,9.522627869448588,5.1505646008037385,2.286434591804138,1.297165922907255,0.42349581749800363,0.44541489111035476,0.36552002690495855,0.39368822915641766,0.24224203145762513,0.6197947967169807,0.49206744898022436,0.3126356255315804,3.0368147414214213,9.725641993143805,9.838256188977674,9.951093842445387,9.737598857650477,9.919080265260467,9.794946256502556,9.597866645399161,9.958675112139257,9.623226492439297,9.847088259575145,9.913502410297427,9.534412799154918,5.284099707251482,2.178278981586656,1.730586721829563,0.5586209835637699,0.16348296914210553,0.17187768118800925,0.5183292398666305,0.7388897575123288,0.8621252371268643,0.8396866864568056,1.202373998276052,3.2504808518197317,9.676419337708712,9.772680456784627,9.590729485503894,9.8824948189697,9.884072209642708,9.620783243962041,9.64177402248617,10.0,10.0,9.746923589511278,9.978416299785437,10.0,5.452288442276244,2.234385331826585,1.1820879996595026,0.12036486324627432,0.36369827887108247,0.24670749189485888
2.2958950009687946,1.3870480156111265,1.4684664372345868,1.991011181746993,1.760175960409921,5.907604673689847,9.57920362746356,10.0,10.0,9.78833483254798,10.0,9.574198961756776,9.969982482448053,9.826877961388751,9.883052848088983,10.0,9.305726571697033,9.780987858070453,4.183237300488556,1.7574502951562105,1.8228369329335012,0.8111678142903429,0.21930570048490178,0.2832283451572005,0.1632293472663422,0.25232852304719455,0.16362411247309233,0.21167984834656994,0.08329197393456994,3.3787259475417595,9.685042707165683,10.0,9.973059102093643,9.765698967143916,9.661001086332673,10.0,10.0,9.766225301887085,9.8501904114963,9.847887600463576,9.836077500499346,9.623841224650269,6.515470078107783,3.680045148027821,3.5439538975901455,1.7797313777706214,1.2484438837422864,0.8891293297346403,0.5297391419976405,0.4440952858563647,0.21562470610719014,0.16190536204483275,0.19295737036318614,2.8997941557303775,9.696171684908478,10.0,9.80600792252047,9.98513293113447,9.841820500894562,10.0,9.952041188009073,9.941756433039915,9.488000690849296,10.0,9.770074231184928,9.664071806500388,3.448407817871627,1.427277977780753,1.4297559869430294,1.667977427194637,0.43391449072439175,0.2646079847563235,0.08117218186168153,0.23306460998128795,0.43735905514572815,0.49369341967029423,0.517201767713466,3.274538364115835,10.0,9.924330882052844,9.915351076312723,9.85439595227666,9.899135883042813,9.72582025833449,9.882063113071291,9.87497223235148,9.874316591235916,9.880066977185843,9.885437993447892,9.935912574336083,4.47819293019086,1.7281119103559466,2.572119175537944,1.293873212171838,0.6227665313134905,0.5838990680656906,0.7610968949321444,0.30189354954569253,0.1816196461401484,0.16474251787442545,0.24586954220271565,2.866750695159158,9.769004111510736,9.801123870473834,9.64664153394544,9.58404571896033,9.970133618013225,9.729917223402975,9.993224222670788,9.926767350957327,9.751139919414571,9.914780341098519,9.930894161782478,9.914140448299433,4.907025727139015,2.0874616784042654,1.6496037111708215,0.5774532297992634,0.5299535839664442,0.5399707746452135,0.4987844871985986,0.1826932463864242,0.5040506992683822,0.39623454928360047,0.25316722466856967,3.036517188323415,9.847034576078462,9.964874223135997,9.712052362236756,9.819623034039486,9.72568864238085,9.879838755799277,9.79291527463953,9.868855967173442,9.915859171179658,10.0,10.0,9.917009340494113,5.491921113643572,2.101800024919916,1.6194567325349973,0.40747620326590456,0.21430875924554896,0.044189029797962465,0.3654457635200117,0.29194780268167425,0.27362622157010796,0.41947253998547196,0.5769138336949671,3.038275606942419,9.805330968359703,9.95232417372783,10.0,10.0,9.84031300558634,9.940090102503644,9.940378790882665,9.943375899531224,10.0,9.915354177017731,9.817095070854458,9.672533723899473,5.327721493918245,1.7574502951562105,1.2607810577581882,0.26415045288050965,0.27537610098928406,0.26412873493195443
1.8630694007669937,0.6415362670822142,0.2044055808639338,0.13753535356088392,0.4708772472428874,2.83125817606309,9.988779207244347,9.957780868623969,9.998461131954429,9.89087141438772,9.899868774145595,9.98579347955264,9.459326799020076,9.746978892905885,9.97930240270772,9.717310145408518,9.954763837071104,9.828104710810138,7.085275320288839,3.2793180095968992,2.135472542870197,1.4343741870386546,1.2052029812123328,0.8951566665462913,0.613611546535878,0.30591217278244137,0.1290019498231692,0.6371259524821109,0.2647297010635254,3.3861622784084484,9.869458523761722,9.76259212248862,9.896460174731704,9.939558973242708,9.51607738326685,10.0,9.911410326667525,9.961005155106461,9.885744463071807,9.97502019746427,9.821129263105524,9.74085758982431,4.321445509736429,2.0477057985060942,2.161880273910801,0.4251820406276483,0.2949754547636579,0.1716187294121286,0.575659212758028,0.44526793030317696,0.6762203043702086,0.6392682977074351,0.6904344111891885,4.417493015536385,9.8798142509436,9.779527030928817,10.0,9.389871331856472,9.576847658376188,9.727011125681472,9.836859797216631,9.928337920773357,9.998410124879557,9.906678251693995,10.0,9.695127324542215,7.03960128791566,3.3936395363592986,1.8057385188771957,1.6423306764734755,0.9254814879395812,0.6730452503151618,0.2990774410046555,0.3204285923936143,0.2789434473592699,0.2629353074460109,0.2461690909685943,2.8618767577792585,9.651736519860078,9.987461165700044,9.679483833491396,9.88987115727863,9.859933186640063,9.99789574987727,9.743636882468069,9.437502287810215,9.738764691846265,9.938926313423474,9.839837204713598,9.961115315421639,5.342115441295478,2.3319153426694004,0.7658773484615906,0.26484547533606884,0.22193878501384384,0.21612196204684486,0.1725526690924606,0.0758020822162831,0.4580895519208328,0.4071271976553826,0.33107447955936525,3.9862069082802627,9.76462000695529,9.691308069592335,9.742458182545041,9.685087750175928,9.919765016293901,9.481967229803445,10.0,10.0,9.97354104307645,10.0,9.755442404189136,9.957473459165339,4.5517999666635305,2.00799971608385,1.746316038694573,0.2656335512177017,0.1657520744833139,0.15717912062370995,0.36894349642644453,0.13801926780036167,0.350630395185656,0.24445526876620893,0.3863386484592821,3.1835015849930564,9.656766317916988,9.887615252246453,9.996247755043143,10.0,9.743375914154827,9.736338887541297,9.784818623182597,10.0,10.0,9.928498535539658,9.214161747988692,9.894434348465678,6.343894321758572,3.301953792459652,1.3401849943413442,0.6598634690224713,0.8310133710822198,0.552424349472796,0.36395550873372035,0.00898664216923032,0.5290649959311812,0.5334179285131991,0.674700966624151,3.3233908303228614,9.496981376533489,9.903600015094904,9.731877465390259,9.88898060532384,9.842119128757668,9.681155088216626,9.797294944464436,9.888859292609101,9.850789263744211,9.61467979405162,9.989427793494539,9.854294112101666,5.332316142715445,2.130739916001146,0.9063785813830181,0.257251955977938,0.35281859961465756,0.06549801289801387
2.199326469929096,0.4619023946898124,0.22492485679292323,0.11472282507540268,0.2957446958002119,3.3360501753303673,9.499309023903498,10.0,9.851995853627805,10.0,9.91871001153633,9.856077057785708,10.0,10.0,9.927204046132521,10.0,9.601564614184488,10.0,5.371139251590014,1.6527687349628963,1.0074851166624506,0.4604174353704458,0.20533961533085074,0.2535301392035384,0.2287041166028028,0.34652156467125006,0.8679785170741998,1.1291966759394878,0.660981129224506,4.278135360615096,10.0,9.600044838175396,9.345229665810542,9.961298650219126,9.872158111760724,9.918241712757109,9.74256736722779,9.91359314493931,9.6978383103937,9.863924993764082,9.981923315683279,9.712612555683908,4.421837756706692,1.841875438924926,1.8712350653511285,0.3313014259500906,0.24180496664641177,0.14675400648028292,0.7076088663283231,0.3146046805680067,0.5569499932005832,0.3769351588896732,0.18424087440928683,4.387885922560016,9.931430673456243,9.592751091489369,9.902978135065439,9.899743692440737,9.911460690480235,9.60857789183984,10.0,9.323378410546136,9.820514912387882,9.713908053228415,10.0,9.823812491601117,5.170274740833531,2.327396219493414,1.8106222933069334,0.34983641813632926,0.849307938675484,0.4043266979107938,0.896002174642987,0.27000437738350425,0.3964211146851122,0.051012338363229714,0.7149699537461225,3.594067712815537,10.0,9.539407549439213,9.547170091536488,9.677513151950954,9.936245898833546,9.529720534953997,9.906800824920525,9.621271792521666,9.80135267526473,9.78438448485424,9.272439444259861,9.985987279961162,5.026398530972746,1.7299437016445833,1.0294944235332657,0.2874201743807804,0.18045432547374535,0.23971150183408524,0.24393628226924577,0.21741388208824025,0.1884127949714683,0.21407393781103834,0.20706671345428093,3.6681456119390843,9.698117470991022,9.678767602491664,9.579202061880912,9.777183743183315,9.632569001045795,10.0,10.0,9.95488822319648,9.767812709698022,9.697461415658536,9.753665283526438,9.413473791938078,5.0768001825455205,2.146875271238994,1.048118373993483,0.414567790323166,0.3209386831933883,0.20501431183745195,0.316976930510041,0.20056239000423415,0.21869489390144653,0.31265825395736013,0.1983718055148701,2.4032926773873187,9.598725666108763,9.947335779496619,9.703341994692307,9.87947043435981,10.0,9.601584773844408,9.909543819149789,9.887550161002078,9.99389826033841,9.908340765547633,9.749783185514755,9.846235053161115,5.263645660538957,2.301528508807837,1.3814016218706893,0.7154929891198463,0.6813282909172744,0.24711242256358895,0.45938268417365385,0.5750483202408128,1.277251049949676,1.039639436115186,0.8001183986296867,3.3806390500528147,9.988961075218407,9.854700977205885,9.866481880514492,9.863202440710424,9.850465058217383,9.661986318044331,9.949739403401606,10.0,9.898256776086958,9.45428912331417,9.925305099940488,10.0,4.0879829921323285,1.5492950260706464,1.5662015549750024,0.8340485256866541,0.25781916801836163,0.11596042391591915
2.1832032399336496,0.2963421735408063,0.2841281411759789,0.3193761159840166,0.25670486265770825,3.6612853565793575,9.768552826278514,9.970980137702474,10.0,9.784340607048728,9.853118850940545,10.0,9.762493446649684,9.553749241563589,9.414190369373317,9.534931821066094,9.679144021313514,9.883166515365527,4.782511295492325,2.083614655348428,1.295184009790124,0.31653705957036155,0.3315527860115487,0.8834949393277308,0.4239371429904545,0.6279505366248408,0.6250836985021804,1.2635592488776024,0.793054695065185,4.440632083863974,9.531704685253708,9.789408342714792,9.963009138050602,9.989086525361635,9.551011065942662,9.726093650147824,9.965759387635831,9.322698560560614,9.939587459860515,9.68466555480618,10.0,9.804180282967371,5.873977374375388,2.0444193256253693,1.1140957796445474,0.4267684546581684,0.4081303280440469,0.2945031622141256,0.20610378927073886,0.15747081315324485,0.2952985400367341,0.2633644318555673,0.2610676063146313,2.5221081045417915,9.862510588695955,10.0,9.409754707278914,9.675788289275559,9.708495345219244,9.833293803719952,9.951058265553035,9.549654102447588,10.0,9.650180695901916,9.521073560968667,9.818476123591388,5.5320531841995075,1.8795485256428237,0.9428459810073708,0.17442991234471728,0.6203253121352306,0.5400988237564355,0.600033433841497,0.5512591006424303,0.40905943689068214,0.7289674775647232,0.849495472371524,3.34574999994028,9.496197315381753,9.743237237743948,9.976277650552346,10.0,9.891220219829538,9.660432759236262,9.98172195103367,9.990721609473189,10.0,9.94286932343067,9.81229705339189,9.727726661609006,5.087881430660864,2.1552072706695182,0.9152851669769937,0.22187379539389215,0.21874916560184196,0.12380553892300328,0.6557030384142404,0.24339334873593485,0.02007728203220681,0.41704268724849847,0.24332526713710265,3.25991972025896,10.0,9.94552804028779,9.851006719519711,9.817566120676771,10.0,10.0,9.578201210311226,9.496989430893915,9.9594674630889,9.820636425378419,9.875276825831145,9.989347420910878,5.4448412597792695,2.316694150618704,0.7439020126063581,0.38424680946456924,0.27435031406420046,0.5094092893959844,0.7360977381439134,0.479150052182274,0.5272827362021522,0.38810493373371047,0.19750882671717965,3.1494006100588736,9.634870928203012,9.775544785168464,9.89721927514894,9.797719138504878,9.960496311788718,9.72541682560276,10.0,9.906450680475926,9.316999579076414,9.764782094271608,9.929387252747569,9.907346761564579,5.362535178079373,2.318294418728018,1.1680781095895987,0.469573815411743,0.35013202199484644,0.05931348693239349,0.6735407033000645,0.5091376801096392,0.5603958306097767,0.45985095137030013,0.7881657398304243,3.2406827586288527,10.0,9.608479814579939,9.73967216981848,9.980958789466925,9.63936145279809,9.679515565864792,9.936396984078613,9.537719640689131,9.965037973026323,9.769174239938726,9.949877674245514,9.739753678726416,5.616129135682424,2.112338512116281,0.556337130898318,0.22612821316019638,0.2793268675060435,0.14863358946409985
2.2640579910824727,0.8876249757956844,0.5863549393086037,0.7142360248679147,0.6236802248691509,4.471203951063839,9.887550803484483,9.904045119897878,10.0,9.924959791738956,9.7060109740005,10.0,10.0,9.94708944964533,9.91791391641806,9.950415251117672,9.704453830135412,10.0,5.234379465562562,1.6696060853701185,1.3083079888967677,0.24619824055344539,0.2349885255959071,0.21103772757157852,0.2028929143296094,0.23753124941936155,0.20721382601869084,0.22815788198591636,0.12163474108334059,3.332772429226342,9.729728230895795,9.978530134194255,9.71936531131555,9.543259550504244,9.651346624429738,9.510822751776502,10.0,10.0,9.870592981586453,9.978075920318995,9.737050011994064,9.420121983194655,5.9321534572927455,1.521910780070714,2.1607891572954094,0.672662206169362,0.24177956536234885,0.4516691342989566,1.0614879719175714,0.6331098706129148,0.6452333975430113,0.6583113707466004,0.2876014595069838,4.044999898559558,9.708058354208886,9.716280355638508,9.887401647392956,9.919385945860087,9.891978781590582,10.0,9.871024720819806,10.0,9.621859242144382,9.83938586109811,9.624585476729429,9.835589799152615,5.594019819698134,2.461958275034817,1.0335605814368358,0.2764437898928635,0.2524569511919917,0.1618514995652453,0.38985956018214285,0.2074860276127316,0.09856111086831551,0.2705909121146846,0.5555116194835324,3.434460652353539,9.801851434862963,9.898532523795797,9.573008147812295,10.0,10.0,9.99045801581732,10.0,9.751205585574906,9.716857221473418,10.0,9.87849124769904,10.0,4.345279729563446,1.7022050674908695,1.8355761707185514,0.28754065270265045,0.04854627554242927,0.3442373852438056,0.5509234455760982,0.2561038673433285,0.038502670533651195,0.3148548411557409,0.31582569072185107,3.970547652386216,9.536689418729551,9.977910702749774,9.923270443167658,9.960584432780204,10.0,9.831513959370932,9.684326278033584,9.947914363710382,9.58200175741092,9.995870734832602,9.715084736225538,9.91601486865259,4.571141996109632,2.005729861017569,1.4732976169017202,0.3662744323343974,0.13161480789871977,0.2838588921858877,0.07463463447210825,0.31816378892636044,0.27457780328279624,0.007090164719866232,0.5128697255642434,2.9763722130097765,9.457902821437118,9.728145297332288,9.979878667857854,9.994864408360387,9.934938341093744,9.574071415736455,9.828803603979392,9.63918228884389,9.492426342212097,9.95022635041263,9.75560286813969,9.824848353457382,5.6748957541619784,2.435607769026064,1.4860905785880179,0.4803298796887489,0.5923564266540727,0.12186426877226453,0.30389119656937,0.24737959390949626,0.08606051798513857,0.2866167596787869,0.3791132381661102,2.8276114960761705,9.56570035608486,9.553105801566163,10.0,9.879531538514074,9.720723695560004,9.640250094308632,9.595212147755838,9.998622451335379,9.59283659883787,9.963285858040122,9.609552142949129,9.47826722673546,5.060398491678301,1.6288331383085362,1.3471011192764506,0.23001044878002108,0.5691455580116299,0.4149994495344813
1.6161528229469202,0.7216914164266218,0.06653959194393165,0.24157808651313822,0.11135975937393128,2.365422624728431,9.646764386654127,9.762229499968615,9.724870207158725,9.981725617479832,9.93107449029671,9.949064046000341,9.97509043161136,9.96776675507468,9.771638840872425,9.679974436271943,9.951089703533107,9.76124951921543,5.939848917045592,2.4773125518721555,1.7402855418414942,1.2453887018329972,1.2195606008764048,1.246519312535197,0.5142403587752248,0.25172523894599147,0.70374014188579,0.6385010358032583,0.3634035552292669,3.4849750315534527,9.993093639650432,9.667271259462902,9.871360915147331,9.738272334537632,10.0,9.78048369594625,9.829184300237856,9.852159942908205,9.92270311187398,9.906730095832803,9.425217574832027,9.93435485870609,3.9443761809163815,1.6161528229469202,1.3304316270197818,1.4995126016765197,0.25116289567370803,0.0,0.517010445897389,0.4214629208433326,0.5914291383934143,0.4494854809296229,0.22433283517355312,3.7624634562866537,9.764633690470838,9.743345313622493,9.942018925890808,9.887885253640425,9.89150810968386,9.684797038717493,9.713768323824981,9.787078124509812,9.659972265911131,10.0,9.550043915253632,9.994808280859091,6.374885330612923,3.1361217938673924,2.407785790981856,1.5789176884502383,1.0779699203271103,0.4645264509219385,0.13166187913272534,0.26578458683468614,0.0,0.2976952055482835,0.2351009123840383,3.055231925229798,9.805157396029976,9.861981630537962,9.816181572166538,9.980599129620902,9.919648769605539,9.73815475964994,9.8174118064338,9.88032690324902,10.0,9.802324410982866,9.416243806284093,9.765055117705444,5.1019128729464684,1.6161528229469202,1.2991030397738927,0.04670138137803897,0.35509057261550087,0.14580200463017828,0.1495935623281647,0.15057551884630432,0.20664976383666195,0.36476604358020004,0.22470158948595648,4.011380560487727,9.988752548371624,9.761566879143603,9.914814878991619,9.573887085836818,9.508776460115433,9.50409734302756,9.765364228315526,9.86307040044734,9.782742991102822,9.917586467590079,9.892670156145533,9.94075747890519,4.39401378937448,1.6620843822805422,1.6161528229469202,0.4399489368036571,0.0,0.3471598508026352,0.024658267102921877,0.2407146869055539,0.03516429693135187,0.24635504719926068,0.3065691136533599,2.976690762411712,9.972681050604454,9.934811313640964,9.687607468770961,9.800454696186653,9.772391038146838,9.858097453170789,10.0,9.762764592518302,9.626241603000999,10.0,9.953019727016095,10.0,5.428539365943287,2.830768858548339,1.971818930017594,0.9569109998288816,0.8568379238679198,0.8038953406916192,0.7982563674244779,0.8819706069606954,0.6521288195414421,1.1766111082483768,0.8808100185845513,3.6205804188040545,9.848325092573722,10.0,9.600520794661152,9.789061800973219,10.0,9.58007446563576,9.412929552455896,9.864724822791137,9.620866083144934,9.801484687376382,9.773730184875934,9.710707915143152,4.487328420589741,1.6161528229469202,1.5317547621338863,0.37535123815044297,0.3565177165052572,0.17947259679373467
1.4690505049486493,0.6432405935482821,0.34727869710024944,0.20681276076673188,0.12215627972647858,3.57595053604493,9.812146882758698,9.726951533576607,9.870751954338848,9.770173828703783,9.931206443571016,9.58331583129266,9.633132628487118,9.992490058387617,10.0,9.624616577514,9.539503734559071,10.0,5.558940013998152,1.4809349105157772,1.3866762448179906,0.7108564095398993,0.7049479682300099,0.8445410291931209,0.6562817315136869,0.23362670620805803,0.1702276028358151,0.33346755070257217,0.3140738224962492,3.70127716591404,9.732278230871312,9.707407362050882,9.536325813743748,9.73786757155035,9.948419008395648,10.0,9.951227155142602,9.899416281499812,9.371792667546995,9.994317942007505,9.863607068686736,9.82652552405973,4.9025214347672055,1.405903181215442,1.52333431456733,0.26517248969446494,0.05411002533830138,0.272681222512351,0.2775221670103214,0.29932111509074827,0.3348773958591843,0.19524755543520983,0.12303884746222062,3.4003225026837236,9.920737819649109,9.609325296328414,10.0,10.0,9.707121666744397,9.676279819161678,9.686074792649174,9.730456524687993,9.756753055711787,9.985414063696128,9.928625889333452,9.519717472155822,5.684724644106241,2.5593859359422346,1.4323678917312361,0.47091175740934565,0.4047903537237754,0.0,0.38296742493726255,0.07974450642979888,0.2557884519374095,0.18706035537813537,0.23231278386571202,2.8138144768138686,9.971801444339427,9.56542915374749,9.57563200763507,10.0,9.757248297280354,9.991580077055154,9.916177875116922,9.59365901724263,9.852606766095434,9.591120442010325,9.689129699250056,9.803275457969825,5.181041778860961,1.881901282492209,0.6410771186438813,0.13982394665014328,0.3615363881491065,0.2900124968708496,0.1015784605754515,0.28754863365299305,0.2433548776929303,0.19683384226040326,0.43021263464610504,3.5806165635579026,9.822706601132742,9.689521403891082,10.0,9.903635940247312,9.774188194586722,10.0,9.792413464518019,10.0,9.937508067032914,9.792639763902699,9.595660048734125,9.96934259242547,4.421018854314039,1.681056726134364,1.2834983404359184,0.1502984878408787,0.568853471470671,0.19271110248759113,0.10329855702257026,0.3968780474642838,0.18415238977912385,0.495035997631693,0.526057543739711,3.4320929937985216,9.744438935182574,9.853115424727365,9.596227933415411,9.97257649369332,9.924267740360742,9.777063014039154,9.521366878637636,9.944258224464283,9.78985375796878,9.848623656396333,9.923659816264655,9.778810639101023,4.851451588399352,2.3658377817134033,1.5998484395241142,0.3207666102089246,0.16321935248189298,0.1850022869346699,0.23663350094311453,0.36448430120524344,0.16882762278484328,0.5983090609849921,0.40480732417517684,3.1521923786549717,9.805474078933155,9.782376312763697,9.936929211455185,10.0,9.752468026154476,9.743024682948496,9.891399097847628,9.659835757017435,10.0,9.61653140460515,9.83469778583318,9.336073074138213,5.340536917712435,1.8229868366677882,0.8076830952548407,0.49506005494493466,0.2660525605201329,0.589674525137006
1.2876076506967287,0.6123993818002791,0.42440742726645075,0.20104425188090658,0.174309339738643,3.6225401754461135,9.72360594707362,9.92121766750096,9.921376242180811,9.72537304531751,9.800670964505995,9.820686353036525,9.86133331150819,9.90519012097051,9.959313280156271,9.982992259400225,10.0,9.833716099848916,6.367575342924723,2.557433318891746,1.1721970578941179,0.900617733210613,0.2767692252944762,0.4091458667330454,0.3789945579554801,0.14826821838466156,0.4596298396380748,0.4523311195987383,0.2136969996690988,3.9080913489661366,9.893473515865361,9.985709087308694,9.994996658389187,9.779705407419545,9.90303354897809,9.790108467340366,9.68536509748727,10.0,9.683879101949943,9.89208712839134,9.735033560918232,9.830242969110419,4.708173880934535,1.6627238745664836,1.3294469195458076,0.21182161638985825,0.17122715203896677,0.1950674943605053,0.5282947384631616,0.1764962532460931,0.33395139833677157,0.5116775380913461,0.16507858130344638,3.93959934863799,9.87652787062387,10.0,10.0,9.708153480528814,9.73927982414994,9.952595960809369,9.876682955510061,10.0,10.0,9.94019387803985,9.930565349051097,10.0,5.715715406201328,1.935850103231176,0.5614578907832284,0.6077674963630647,0.39315023425399387,0.49221030174954017,0.5431950356651598,0.30054530391294176,0.19930256751281292,0.08939807246684058,0.4809815639075469,3.633528242662632,9.89935066724026,9.986218376118272,9.910553453226376,10.0,9.944625611738491,9.77374850450962,9.79480229903489,9.923699889655042,10.0,9.724083307710417,9.75356641600777,9.696904871231009,4.831300162678037,1.7516494467935977,1.185115121000361,0.021558902308422133,0.39163544477528367,0.11505393000678432,0.3069510822491257,0.091067079566233,0.27553542753677857,0.08183906425398525,0.3575903137368477,3.3992363616487804,9.880980524951221,9.858577348599093,9.970877701346046,9.884855888039322,9.664177127048616,10.0,9.777325089187753,10.0,9.599950176246889,9.726493456138357,9.455351595911512,9.896167359184615,4.133678808571819,1.9998532985327326,1.4701566412413458,0.6843625057393834,0.5206661368301551,0.2281402966204852,0.19093407711735597,0.22986512719891258,0.10626356080060705,0.12951692234604467,0.3275444713313087,3.1171293337884474,9.647838101185325,9.959626104423279,9.945203318578914,9.96561348345536,9.911078440732485,9.63935369739033,10.0,9.878629282503892,10.0,9.727344088468286,9.36760861374086,9.721323993903312,5.405612501081707,2.461250505394808,0.9639183244255805,0.18168701466486087,0.5142087987953459,0.18272509464556286,0.32600774837865815,0.2509372008414351,0.08456136094825592,0.5093888055138205,0.4577930729859859,3.315476587614248,10.0,9.997018610226622,9.744229292096657,9.97763363168827,9.913905962789524,9.8498940036894,9.631034497006079,9.847640358429043,9.97574273432349,9.599905627611173,9.746981975068627,9.859222088995221,4.806891721193997,1.484549467055733,1.0944177374432495,0.33591812582137687,0.44231750183723,0.08995408871503335
1.3985441771404326,0.6775878601162025,0.043988917127585056,0.20773792573962302,0.1304262851245404,2.988004784901076,9.729325221286297,9.773062695621077,9.938894475773234,9.970550265834769,9.763411204004642,9.77160218031478,9.930624169401037,9.929263889954134,9.954836029078564,10.0,9.805239195288525,9.843539562681793,4.637018319568913,1.3954627388681748,1.4582741361689693,0.7969351511638364,0.7591059695087128,0.49841314467755493,0.6464836868859409,0.3135133578785023,0.11656710532161987,0.3347401977282267,0.2665595787855926,3.9175259460889875,9.870401346528778,9.775051316006014,9.782323503861724,9.538441403057563,9.839575082817618,9.425497758155016,9.776890886647893,9.999687432242153,9.727100851769485,9.924723625922061,9.612980506866663,9.971582419217583,5.116002113222828,1.281581262433693,1.3985441771404326,0.30252011431876835,0.10870273260905391,0.17796966106097029,0.11245727747273092,0.3160888830608935,0.1346582631810263,0.1496335505220865,0.2370891061101333,3.699784880345679,10.0,9.631185243901964,9.863435783451555,9.779914715958572,9.4949211331597,9.249058329013968,9.809972203422003,10.0,9.803417174636282,9.867272046439222,9.666950128444748,9.946606122228548,4.77380544007679,1.3985441771404326,1.3961589109060966,0.08188871189962219,0.029165924998540114,0.02685161512964695,0.44230947686395616,0.6178419522022802,0.4872579631287712,0.5086685665045911,1.0269250060847,3.8187981436326424,9.990299523805906,9.419228024289302,9.862932912959307,9.830592392045082,9.851289187964376,9.758039942076056,9.89178185723933,9.848994207342281,9.977140779219118,9.808905562668885,9.815755278514022,9.617611333547448,4.7374986706179625,1.3985441771404326,1.1929262202478845,0.23103977504438633,0.09812734373889508,0.1816001581929645,0.09834148709407704,0.18053044310591754,0.07841558633027385,0.29132674767346456,0.11553033405091837,2.953397774895939,9.75232527135597,9.885887488729711,10.0,9.59725357845016,9.788188170253337,9.988416076859405,10.0,9.887610734389863,9.758138886302067,9.715087087838214,9.782598695592567,9.543921474939637,4.8050716150865425,2.0777450626474114,1.8249551248934803,0.8012374630748273,0.42819104313597567,0.5907223489399976,0.14689114229593542,0.2628185737519082,0.08904365489052998,0.21870157844376378,0.012878186344168064,3.1923030940602004,9.5537193338192,9.968813945785906,9.929657345280768,10.0,9.89330627233762,9.996560438349524,9.880640067926096,9.750886333755917,9.861924863930284,9.785622649173618,9.486245499962893,9.708795651277764,4.450432596350471,1.1988314776435391,1.2392193673540173,1.2135652927314045,0.6750734926902785,0.2419094375416372,0.6423917770609773,0.18577581366676046,0.9491873955004664,1.0531647466068235,1.39916873204045,4.01074654980882,9.708133405584936,9.976029556407866,9.827130755126765,10.0,9.992350713666758,9.710846239015194,9.753379033789935,9.674301514197788,10.0,9.705328003759695,9.847104893688996,9.998731330011461,4.168575056973757,1.2586008823512915,1.1542687003680765,0.9231922453132431,0.19640341291667998,0.16334305408536814
1.597935075520156,0.23753592532138296,0.3841357287624601,0.15037749545204632,0.0,3.0674661963293053,9.835871887722897,10.0,9.804044256052705,9.96144283579264,9.865325544576194,9.908782116151198,9.843636435847717,9.836281119497903,9.889534458289788,9.991180201435688,9.775693845634533,9.65373047130428,4.805641019688053,1.378795318053805,1.2840989182144185,0.7765127060836172,0.3630782747061847,0.2050038512505165,0.0,0.557775609638697,0.34076488988363807,0.5221844358921279,0.2440758800059578,3.90379293795721,9.559258600200671,9.432858421548055,9.62400262976667,9.748301437238236,9.95183005063341,9.574130110117494,9.691738447647538,9.955703137947843,9.662988935392313,9.593143985700147,9.59553896533201,9.94697450239168,4.335626219634732,1.311541984422683,1.5568557142700394,0.5245108621385562,0.17671265163891206,0.26730562463823054,0.40663020597449095,0.061458587990461194,0.7261338861200823,0.3337405640043227,0.031278685566400066,3.518006746663361,9.58147477826132,10.0,9.871351441564144,9.790248908475384,9.335892532688126,10.0,9.928876451398922,9.877582604447198,9.860493754054675,9.851975761691127,9.955715556570837,9.668532060444447,5.14041845258511,2.020995098170936,0.8347952654752604,0.36517978706173104,0.19935366284843817,0.14776564763932795,0.6410827158642287,0.3056036063136132,0.2627745582666529,0.3574615390168672,0.6864872475056816,3.5828349220213576,9.951437122473552,9.627642233010302,9.63702120818312,9.817983658067485,9.721314538350907,9.942154162848755,9.806287963921527,9.824652747995763,10.0,10.0,9.988712350787885,9.733141185849616,4.49731779806171,1.4644173827915188,1.1769449469508437,0.15773039079363532,0.18639884849306643,0.04960643694077483,0.15697011643217768,0.2673600726873887,0.0,0.2217168719004031,0.2670001321759926,3.2158123849300657,9.968680217898077,9.842929767386863,9.687336767576804,9.741779854541825,9.788230642435321,9.961070194870135,9.949511448453485,9.79530681511304,9.627111393142362,9.781797268957053,9.687775656733493,9.842058818606741,4.78301780197551,2.2230760306667765,1.4685888588099665,0.3472223607229742,0.5440396945661928,0.6150377232737668,0.3851744682025733,0.16413214085432307,0.2279220239515382,0.19428268615592562,0.20867082487472252,2.8717917716111785,9.796097702190877,9.926370975785542,9.744230214338314,9.768214111523907,9.802299423456638,9.87062449673886,9.895446324602156,9.979107304503984,9.681985087520626,9.84090631789453,9.869545747546407,9.758439877269105,4.740974593781492,1.809476557265794,1.0577945828309154,1.0958467309498865,0.4764594687146436,0.2035264519785891,0.6963146224986103,0.7915639192154085,1.2386181493700916,1.0580742802053211,1.1984674681460803,3.6766898576259286,9.983522600852005,9.997009831875994,9.614381016309101,9.856471168907774,9.861177350096948,10.0,10.0,9.692841122521914,9.60802419905429,10.0,9.669515500698939,9.994286257787673,4.560537606403533,1.6015595687870465,1.2224163002448394,0.15745329732295008,0.20618963378826433,0.0
1.6477272022861178,0.3117981015489684,0.21450068419571267,0.17194184351432787,0.1953510785161266,3.6041353486237657,10.0,9.858388646195479,9.021395088214165,10.0,9.986211707784108,10.0,9.928706055490668,9.725638509676845,10.0,9.756964716760464,10.0,9.738382610088806,6.213589802929532,1.9697713684546152,1.439278672486168,0.9686555069394831,0.7626457686823185,0.43064694601690445,0.3202000221800575,0.26727082598428764,0.14579062811714177,0.19261779879129953,0.21517205302097692,3.346075225229705,9.836725358795986,9.376524170821865,9.692233306190827,9.556421872616646,9.786984608851302,10.0,9.716705623457443,9.679466755812859,9.890965906827857,9.960787878953898,9.864642696960184,10.0,4.903877748806762,1.3996552220108658,1.1495409573930555,0.30615575566048636,0.43306805425559847,0.17318797988990353,0.5754917735774031,0.6876308744840676,0.7316965368552797,0.4971769925228128,0.6618945226640869,3.6945553751226305,9.830745475102498,9.870520305599717,9.849181100999953,9.7942857005242,9.730036363142105,10.0,10.0,9.925929012415759,10.0,9.999355627955646,9.857925114839722,9.69606391216476,5.905478365306706,2.302764659788875,0.9983063397330969,1.2215440850897383,0.3303046620391399,0.24191907430501788,0.1480790035970856,0.19415707520127112,0.15047665970231344,0.23974978222443497,0.12852183808090767,2.5988463882127615,9.648818071956851,10.0,10.0,9.985459332844805,9.703936493613568,9.798091180101231,9.786818897675092,9.383014693865452,9.7075415301861,9.783807706576642,9.709692346321454,9.552779486341219,4.852407330568613,1.5683303159143138,0.666860285811997,0.210844385948766,0.23077102726641002,0.5782446708817524,0.36954234611923475,0.760610781370664,0.43254201330286945,0.8198017344825629,0.5363230215921906,4.309530620177622,9.898658737881352,9.608706006370307,9.647056634458554,9.728226318760152,9.964979842934762,9.701364485488076,9.69437067521019,9.765078713880031,9.850183090489635,10.0,9.58538424348325,9.821517017116681,4.541620986608996,1.4632422446709026,1.1343161401235624,0.270121913162621,0.17349194334070916,0.12375418971568541,0.2645373025230446,0.07731915368956882,0.30594446020491045,0.1910393244985062,0.11329055494423805,3.157247966375478,10.0,9.828113701491942,10.0,9.958105319070693,10.0,9.785949160405117,9.721597148506687,9.708166823428673,9.974817507802888,9.565287358625293,9.771997340069362,9.56691555094058,5.119567288203445,2.832235240144339,1.8064162277699878,0.2718712816422033,0.2771534926940976,0.3113532825611358,0.10700951709832489,0.28022066323385214,0.19115526982059375,0.22858544843794648,0.14407124705901642,2.9517159441441074,9.554260793198669,9.328649901064843,9.994841059284697,10.0,9.71928232354288,9.95058915806411,9.909022881700187,9.657174974253977,9.829678243947527,9.719827516967673,9.848653470787955,10.0,5.01717486493667,1.8245907892177033,1.0871070317497926,0.428950344829894,0.30179198215308234,0.45974156380311904
1.8595176678325864,0.400533845390855,0.39231649794310763,0.34872978839843577,0.1256329221412643,3.7098976739845746,9.528729311517383,10.0,9.784706151932257,10.0,9.604382466549355,9.574116388997757,9.910226242704264,9.823041434788474,9.538902628189486,9.861792297566959,9.976071962300061,9.932547085664043,4.599903131947761,1.7363488602238712,1.2427885717836793,0.316974438807086,0.16095911614627248,0.20307262004343857,0.3073027790972232,0.1538198202087125,0.32846375353056784,0.4217657711011,0.1949269502805728,3.844678632068433,9.854774053732909,10.0,9.854213758629571,9.7890783641037,9.851498530269764,9.499083269721417,9.627649382314438,9.38133703834823,9.605321813064865,9.654619862700345,9.769337833770866,9.97936041260889,4.7492506858669135,1.7363488602238712,1.7454398812828755,0.7130952201774126,0.7298430526033668,0.6574360302400417,0.7395029120086805,0.32276615573384804,0.4499566822428288,0.17176325269676232,0.5051565099307548,3.75306785910473,9.830697643442624,9.923056112483879,9.923502941425534,9.857551669836042,9.994288500521769,9.61288127339805,9.979560635607374,9.803615078150756,9.515554915751174,9.85357143605077,9.808668554279008,9.803933677437179,4.550564427898539,2.0090051717616424,1.4897559199574184,0.20845239331174445,0.8253615938914936,0.14393215673150825,0.47043791467083496,0.5955286385345275,0.4247830412130196,0.32295645045900534,0.7747373528661756,3.9038838205633266,9.676163272773573,10.0,9.65218016824288,9.886597803893917,9.511837749896324,9.979838935094032,9.817541827200568,9.995933803766023,9.823908250276055,9.936215494418766,9.63359603940769,10.0,4.4213645104584,1.7363488602238712,0.9908376691681438,0.3080154865281311,0.1749793609372111,0.1945727155657484,0.24563870953287575,0.10366866542908222,0.35511554348610547,0.013498847488155413,0.3852455403374202,3.389522237199246,9.966138508238322,9.899530741635056,9.888444654328445,9.408308871134306,9.739553167149065,9.831274763632448,9.990489430395847,9.966507168914259,10.0,9.830780573449314,9.609154854722357,9.576889456433902,5.128412440192633,2.1918468805012155,1.4281053804047943,0.8536526169028307,0.440917613546686,0.16480422857313012,0.18278602706687008,0.03950373056051793,0.41739292608071354,0.11782411443326331,0.21964627075612167,2.3851702356990314,9.347445056436134,9.94274992168758,9.855654066365389,9.992777719708789,9.956336046000406,9.83563460246571,9.838596527533925,9.918309269223899,9.672937548849509,10.0,9.778390111545969,9.389403088856904,4.872695049334128,2.0745646078791626,1.3531337546926592,0.8124516101885031,0.7281344335060534,0.9200711536002596,0.9445681628751054,0.9519646087461595,1.66262533364923,1.4158930852011165,1.2929049455035062,3.767909982654887,9.912626380643708,9.685483227325214,9.900938187675244,9.86897532019582,9.77202693340952,9.760268468986645,9.620427018607796,9.93125838342249,9.961919340977364,9.907826998078717,9.85573163823406,10.0,4.393113603553591,1.468918410901174,1.6294471837385773,0.2520628816956285,0.23098359377515326,0.19810512113959644
1.817574476063266,0.3979495237990994,0.12648672349905382,0.08688832251873103,0.03806510902544796,3.073928184455897,9.697662542776882,10.0,10.0,9.770270154413678,9.823466717766005,9.796950139557406,10.0,9.791390929548983,9.910721789739474,9.96630502297748,9.4996159383314,9.89549975645378,5.902852158178819,2.6882857075589146,0.8797408650728331,0.2789261199391767,0.42881884906062384,0.3401196954070628,0.27272659435524016,0.25364766518626014,0.13910717261019975,0.1907989383583822,0.47933431273977495,3.4799566104016,9.719943908804353,9.67847161909481,9.871562760895232,9.84406119663174,9.584750601221375,9.737695395513196,9.727272119739975,9.932891121455926,9.928621432171665,9.838872402628448,10.0,9.615820821774602,5.0537078197568075,2.196663894106713,0.4399060355748628,0.3467328048975433,0.6406808309175847,1.0555414080562373,1.4043779526525788,0.8012315849603624,1.2701435633607232,1.0500485071072936,0.919817117345407,4.089594847009243,10.0,10.0,10.0,9.587918824723031,9.356916731282658,9.381776193463699,9.53740678737821,9.789321133915672,9.785833692154599,10.0,9.792756209729653,9.784217319822442,5.138529048001578,2.551621742141143,0.30838827546546976,0.1354869463355891,0.2998950442067865,0.15780225778879092,0.32645536969915717,0.3599466183232298,0.17635217760540112,0.15864911152928132,0.8438741856995436,3.992722111771864,9.571390338254469,9.672187053014211,9.561360701881323,9.698441061749254,9.99712507191658,10.0,9.988594815600655,9.912453056577258,9.877514593972489,10.0,9.879303661387407,10.0,5.1822302349429155,1.4456246668936072,0.7024005904161069,0.25106182629644863,0.27559998909982286,0.0,0.38336881480190194,0.179672520663037,0.3312153320906875,0.18009732097714204,0.3559657568142766,3.2980506184418203,9.823060476495236,10.0,9.510443823855201,9.9157793939702,9.894428910317988,9.94287541077489,9.85840675578943,9.968735420115072,9.696111236616742,9.702305127685843,9.468661875545315,9.825621898756852,5.171257685831099,2.2079544104882567,0.4921812655796409,0.34700500453843985,0.6321768282972076,0.5411902159133959,0.37322834179811004,0.27103966620778036,0.08568703606341134,0.36212320574583723,0.3946572671140056,2.9940627178581294,9.6652614227082,9.948410764484871,9.985234585858752,9.93885764234583,9.801494199213423,9.910642419195185,9.900482076438001,9.871408054219135,9.982483842901596,9.926753741912828,9.850068601584248,10.0,5.567411445935363,2.66277059777753,0.24213029744442344,0.6881029833913253,0.6911669904403529,0.4210826829205012,0.605641924227448,0.47757395519413737,1.1984221507557908,0.9639894001159215,1.1032331890076623,3.605229307008421,9.879912223763776,9.96152148382901,10.0,9.796891083579178,9.582377398493588,9.710903031621273,9.818168140344927,9.780919448066657,9.778996980200096,10.0,9.631215090318584,10.0,4.605511706656182,1.981186391615513,0.9231295774676184,0.16787696776962802,0.32589008594209573,0.126379055512459
1.32537016602621,0.6315338673914569,0.1730022358584335,0.18749541833621386,0.22932588022602063,3.5483612805277964,9.617989092357783,10.0,9.94284708109641,9.871358286465151,9.434506513621145,9.973608780546549,9.603291612482732,9.841180281159978,10.0,9.95702404829502,10.0,9.133921332859803,6.1640055764127055,2.5316937932863026,1.9065809502585482,0.49774708270321144,0.8616619706201071,0.4626125924421784,0.6015321820172783,0.18106115172547468,0.15693374474349525,0.45309028582271,0.23259650625098396,3.7369374455384294,9.615209501314563,9.95683351504241,9.800233027809176,9.674410628386621,9.576672656178935,9.995395814989841,9.753726056387999,10.0,9.866846430789844,9.906835517575322,9.935851675716293,9.761974358796584,4.883598780156284,1.176199622323828,1.4222916607635288,0.24581371198604562,0.5185701114689,0.20091339309088455,0.1111729785012851,0.1521094604887771,0.5146050718081463,0.1555354817714769,0.2420991495981921,3.9849787571825592,9.81106651066669,9.666456797850792,9.831828233004885,9.931184209868018,10.0,10.0,9.943678543589275,10.0,9.572100824128654,9.948201852304797,9.817995731462435,9.39523354420052,5.25358100937174,1.4362983523552435,1.1292698773524772,0.1927892580226226,0.28082321792734716,0.11298273814798944,0.15099446472832118,0.1276185118468195,0.3482786393442361,0.30783895998861394,0.38253348904178663,3.731396720816498,9.897624005160004,9.974877915166317,9.860728152563926,9.909408668881783,10.0,9.934265272756399,9.981744761487867,10.0,9.946334149997178,10.0,9.951145437044998,10.0,4.768355885449608,1.4406952110638886,1.481705774084389,0.11793365676307879,0.4301447443362344,0.22564082983643544,0.14322815340371603,0.2668052548014671,0.1578420277347073,0.12234305520099731,0.24897739895345164,3.3033596530335325,9.506664294810848,9.947969675884961,9.887185552241478,9.685331290620471,9.943405829522531,9.978559494761148,9.927373557843866,9.777990355093307,9.88175717332982,9.807529029364021,9.728431132637358,10.0,4.375593871883389,1.482763956168886,1.5033970382645192,0.5231270236718478,0.20834769147649893,0.15980275296175028,0.26782306686253793,0.140797246510894,0.2721791868482641,0.2189925841152803,0.5126809774190121,3.315261163260093,9.783112833050577,9.805557566824067,10.0,9.49136003876879,9.579013713562015,9.859344181509574,9.814432973271744,9.7622141548637,10.0,9.899126641841681,10.0,9.7602792661331,5.2675993573346105,2.0471642406423287,1.5799521829489254,0.2347964599639556,0.36654437578614973,0.36332752403759094,0.2512808107660147,0.34057625081629084,0.15377246039715597,0.36064326210527853,0.3395225796513373,3.360342946749384,9.997705199838727,10.0,9.868330816818135,9.761168054323798,9.759512117145528,9.895107186535641,9.571292578337767,9.986818400801749,9.935770093561707,9.978936545257708,9.852390316960436,9.874616598270354,4.808203091378267,1.4240666300295308,1.4291654918192105,0.025889177276842305,0.17468723398988031,0.7796281734487499
1.8567492116142752,1.1041172327481656,0.17066902981092655,0.058553293364158744,0.14492327597901716,3.886587844892086,9.867859866896502,9.812790247843358,10.0,9.778793376574203,9.982357245535775,9.820659915858768,9.692559179642933,9.983801515868857,9.82624862028625,9.873102693379437,10.0,9.988964613825297,4.614260305282877,1.297272905754884,1.202659694649181,0.6480699305863528,0.09442368586112122,0.20013587743057643,0.023789549269400728,0.3007544792175955,0.1913899970478193,0.7432966126818243,0.17260006358915403,3.905051102602242,9.736260579002543,9.434360884306535,9.630136541174553,9.989360350638973,9.785386468511987,10.0,9.709478952329933,10.0,10.0,9.884047563466401,9.770798852658903,9.731413100814239,4.892856951514326,1.4702940152072888,1.3810144765996366,0.6220374261931425,0.045566315975610644,0.34356907563803835,0.33227828875902404,0.5181576863457112,0.6036870897222919,0.5224521602318756,0.6602116281083295,3.8749752980583105,9.40099982491133,9.697705110658944,10.0,9.457015309398304,9.788152586686985,9.80900716803302,9.914711428864283,9.866260328285872,9.959000805383893,9.570321035899767,9.866645558734959,10.0,4.702704100177187,1.1090892962433787,1.203456419776223,0.5708792560549227,0.32000513794752244,0.10202645621597843,0.15595801690931166,0.16254470704283386,0.13076596310963137,0.1650037177574775,0.16286023584421214,3.153559420795314,9.730342132653602,9.599892661885521,9.908047364751742,9.835715928166016,10.0,9.542845435755536,9.719700373745818,9.887965407466856,9.77797282871857,10.0,9.684940147250659,9.861735927091326,4.83088780399087,1.7561964681648232,2.135958419324537,1.270723418011759,0.16783814830346616,0.3835521058373097,0.42228175517106414,0.328638726379279,0.47835133211966474,0.13299735259752546,0.16317432811215346,3.0591756657974396,9.346634616563776,9.595158807320061,9.644948659634565,9.83710882665649,9.980860631140224,9.901320608202642,9.729529621982397,9.912437397379113,9.915640700613707,9.922818962601715,9.780910569292372,10.0,4.159359650247576,1.1701110567187896,1.1466363700798692,1.29402585701488,0.5232696457338057,0.20394685811731564,0.39515245345350036,0.30372457999654234,0.20513804150074974,0.13258625997974227,0.20778492197466855,3.0148543906924594,9.761641355002375,9.734930309885463,9.901914286193858,9.988049650580692,9.945155193487114,9.726658267107418,9.822737985390084,9.462982130669689,9.849239717874283,9.524472889546052,9.947888801510645,9.797412558471473,5.087497130785047,1.7904703478144093,0.6405630794481508,1.297272905754884,0.3478865483727237,0.2688437752010325,0.2053045352818087,0.18328464322076318,0.10781480875986274,0.16320044693901958,0.29638342357410485,3.084605615763111,9.793357768811862,9.877327174686839,9.744245664085536,9.846536804271455,9.687055977882212,9.901955571077247,9.703120194700505,9.954590147606526,9.765556226465824,9.626440155449528,9.679761074846766,9.849725653547846,5.201208915704171,1.4718437191889095,1.3601639682433937,0.4552212393170326,0.6505581343965676,0.49523244236306185
1.672570093434751,0.9873620215518522,1.374764166861708,0.9664158779377714,1.137438201234161,4.900038430516978,9.908971685804996,9.900363134495716,9.43356257442414,10.0,9.77879501463965,9.960369072149705,9.99552980477139,9.75577222375361,9.863313482824786,9.83673579187724,10.0,9.72621395474254,4.570175948443668,1.1449214073484628,1.3914254033171678,0.3708641515015676,0.21355929664569898,0.1057162963666309,0.05303236670193817,0.2909728666810973,0.04423392829848581,0.13049170417457412,0.22878555707115894,3.3440794326547327,9.94361005604383,9.813402575575568,9.587745915220161,9.934203435639485,9.606680588107588,9.980850270819568,9.95880601392978,9.826247161580797,9.984701459414326,10.0,9.772536582168694,9.90139755623949,5.795809056719066,1.4295533145292607,2.3782745864585126,1.1501668186037157,0.39639173692060803,0.5816510068720364,0.6141631892571967,0.7289852193613533,0.3840664986414646,0.5227602024311283,0.1958053377011249,3.534124389650104,9.981109861564253,9.195166448418085,9.75415199460667,9.83056627030404,9.79699425804738,9.887832888006164,9.985205586894256,9.443958441375838,9.852385456326473,9.979523042864981,9.789042566288323,9.51685481262809,5.237237184317998,2.369278347245593,1.253311015923408,0.17888062041558833,0.13451123347207364,0.21197521977620262,0.1421637938784527,0.20207051540172905,0.0,0.29318520299403994,0.06895984970690289,2.9609892977634336,9.836946383382974,9.828812213120138,9.881735255561736,9.383525811976284,9.977521190599786,9.810224095257357,9.749760024667932,9.92824497124903,9.99809930673026,9.909005193119969,9.79873979127245,9.899063831553935,4.432058811898557,1.3255514113454854,1.589314277579711,0.2975780779645995,0.497367856273516,0.7170869651829521,1.017837723150626,0.8975174963963558,0.7540381212056351,0.3271842846138754,0.16752044748452855,3.3124768753561082,9.936359731645425,9.946695176893034,9.709781491071375,10.0,9.62326850874051,9.934659981347583,9.648057580871997,9.782606436599703,9.987030170918096,9.95969922433578,9.863738724560585,9.779032526774108,4.376613339744186,1.3639245836715488,1.3481768793506794,0.09003432228668148,0.2754835422546954,0.15190902644515136,0.7602151003195947,0.6403035425840571,0.5548690059071149,0.6939321931312306,0.4333750064503995,3.605336835709105,10.0,9.999900592159367,9.705449065677593,9.967770593652261,9.816391082179281,9.975836697851912,10.0,10.0,9.80705661657465,9.634322095559776,9.925681276652416,9.924093142903944,5.542738821820333,2.1793794609593338,1.0299757112069499,0.2195941907516612,0.21583830459347644,0.07973939225111829,0.11036711081227966,0.3081761759691811,0.1846639809810135,0.08228214783556136,0.20887577216456432,2.7221105774566565,9.680555185701808,10.0,9.970749066652647,9.862605954008272,10.0,9.864679669298816,9.68829079853048,9.92412625033169,10.0,9.839422838725122,9.919621420994645,9.869312257594997,5.542541559569768,1.7090142845274943,1.1789517901048931,0.3674909301985099,0.3334888501148269,0.7991264292244235
1.5340062251218058,0.35180705895018477,0.16777008865408571,0.18369300289901946,0.07154900183910691,3.179766567471952,9.43936760780266,9.624855387407216,10.0,10.0,9.887266405299469,9.501882770633994,9.898853780491972,9.98932543795347,9.809699351104394,9.830714276603022,9.672383782734665,9.625558084770963,5.816157478291402,2.4251219111170155,0.8777173068034061,1.0863870953350505,0.9406486195254116,0.9923576629437898,0.6611048005615079,0.3742514821635986,0.4156524809933619,0.7428062532486944,0.2558622383853497,3.366847265242951,10.0,10.0,9.69100863295258,9.923818036453596,10.0,9.938068784523812,9.672768438814783,9.896164610616,10.0,9.940383322974402,9.539910147389854,9.607307285737853,4.795238692531438,1.2437570233310504,1.125779762029382,0.2550090665470147,0.0,0.3434599698113453,0.5548041241589924,0.5601657820781456,0.7090464410127966,0.32750473933227,0.8311563386341299,4.010488634997407,9.872617470989413,9.831589528869944,9.632173431023745,9.99680273540985,9.604810763244538,9.893053412473677,9.93016719948461,9.451675186383461,9.92261953828476,9.797496795543818,9.752265099618088,9.710650356838963,5.731290646437593,1.4723219986486638,0.5400757431781613,0.18257417602480605,0.08368503776713303,0.09463536724432262,0.28392234337653577,0.2516787046641458,0.1690092904391578,0.14324956552153853,0.15420285269119852,3.5971551146594085,10.0,9.561958287583609,10.0,9.86305365670148,10.0,9.7036814210708,9.7614099043182,9.946136430519006,9.693740694757658,9.837002018897914,9.480368086241048,10.0,5.340417715141028,1.8323127405503485,0.6317708785553625,0.24202377023366145,0.23751197720634837,0.10770296579930869,0.16767466607605166,0.16904676567784005,0.07770199020556687,0.3165804382091502,0.13888949500957853,3.2503809803016397,9.725629591932359,9.591219030274475,9.816174963760929,10.0,9.79859513392193,9.96605209702394,9.614148772052566,9.969298527273587,9.98729137073668,9.966598008315996,9.700478301783315,9.98944720693284,4.820112340563036,1.7101128966626677,0.2793767449761836,0.2939301005579709,0.11656349766910136,0.3766288538089045,0.27184622331834196,0.3838186623108959,0.03881532099351845,0.6772564209972236,0.8314614848697759,3.65348382618008,9.818966703939699,9.858088287181998,10.0,9.801726419565885,10.0,9.604920928036853,9.637325630172262,9.9785429304254,9.98644061483664,9.91446110595602,9.794378507484096,9.948403135090409,5.129211818163202,1.9896757168513304,0.9507536496509186,0.18082321450656186,0.2682963998332514,0.1751405938923335,0.15829210862096502,0.10425567299486078,0.2746268218301886,0.1174631277379373,0.2811201550678229,3.060395664198111,9.883943813905947,9.861868126629878,9.656016979840853,9.60995777391001,9.77215699509624,9.783429452385219,9.519675615290579,9.765068211147247,9.807919477562384,9.700790072952685,9.973005090078999,9.655348786208721,5.0648435138118515,1.7359681612944566,0.47349236805668193,0.3841733987308817,0.1390604902224595,0.6755362633729495
1.3905918529452632,0.4962737702525321,0.4656098972433189,0.3998603481911417,0.41590379873275185,4.29637764844706,9.919723226045626,9.962241868514678,9.716903241182283,9.97860636302019,9.588750202861286,9.543745956096876,9.834021630550938,10.0,9.838514649494451,9.701608422637129,9.984284498382811,9.72387174808854,4.584777585866373,1.1658681449004122,1.2265580570425203,0.6350853568748511,0.2094159770835864,0.6426543731705128,0.1298215337134939,0.2028306172278958,0.1685588572137527,0.5434277684509634,0.1931606496115023,3.745401915614363,9.87957238739082,9.74647975930356,9.936763150147568,10.0,9.862576990583005,9.710520697639401,10.0,9.854208979224818,9.986776843893931,9.686204352576826,9.699582161916343,9.81793040095617,5.179148802916774,1.2058173735536069,1.7192853728351272,0.30307607622477883,0.06956568075737457,0.2220133500440237,0.12634107199189565,0.13654197596150236,0.0,0.35009787721053603,0.24044601031226187,3.324464516338732,9.881066093203154,9.885168518692971,9.801730719704787,9.745531910355819,9.908061339166919,9.502665985404702,9.510986501553674,9.898419354001962,9.674172614191983,9.842690285964666,9.951456237257155,9.69790797805337,5.325969084508165,2.4599253307489937,1.2168996559646474,0.2426787959026234,0.19308130544014343,0.16051255051884775,0.0,0.2013360917578986,0.05504970202840666,0.15448160872749572,0.29688769286864425,3.568135375792007,10.0,10.0,9.856108366031487,9.517433275972182,9.771816027490765,9.700794634779376,9.897462107402381,9.95639519369507,9.850393713969947,9.62962110664546,9.733145785927187,9.84963223957592,4.318021337936435,1.3905918529452632,1.0340284478919546,0.22949761896456805,0.15122814981297386,0.34308627648048834,0.18683025774867373,0.20089597058234596,0.33649697257594324,0.3628777156470453,0.3058232306266261,3.115346672406917,9.953019695028743,9.909923935004604,9.950404854326559,9.98424868297188,9.877056785981868,9.859460733309486,9.737986674038455,9.862008072992719,9.934132681979676,9.71311298614134,9.602553333018838,9.536438404009228,4.576543740548179,1.7688688038987217,0.7903107882413271,0.25875385132797424,0.4910370013310852,0.21096138583542542,0.30438733497925924,0.20662314381702232,0.16177958686674931,0.1490154609049274,0.14726835871374783,2.913290153989424,9.988284640757351,9.655815867130748,9.77092450227938,9.55960215022996,9.700477935038167,9.883548340274931,9.932071573817263,9.809928288241206,9.769106908814885,9.9628282905118,9.97338444943037,9.831497398530578,5.451389132535468,2.1123171874636495,1.1243837894199307,0.5643430396091267,0.3994541536770241,0.27823094399745607,0.5712319965812858,0.5450352506535914,0.4725685562465186,0.3593530761873481,0.5609917987465328,3.1393147062596833,9.890371806313036,9.488644446766559,9.812140897023404,9.805553191314196,9.848854663565627,9.845317502489811,9.653937825796014,10.0,10.0,10.0,9.766386709137088,9.783589228731474,4.331827321242599,1.2453834839535034,1.3905918529452632,0.10550378278603934,0.23538323445566972,0.5400249854063207
0.9121650072493644,0.7476876985687396,0.2050862601882254,0.03177491133794055,0.2084245875179293,2.687099040403682,9.702833992109868,9.706598631992321,9.890497774227187,9.86752564588741,9.873130636192855,9.614207039491992,9.686323275608018,9.961198624110375,9.470059636569145,9.77908619181477,9.873898488706637,9.79321738810773,6.253136961444197,1.8533802456719026,1.7132351526228617,0.6490769131402087,0.778385587919691,0.12119729084640432,0.2333309431387799,0.16630091340556488,0.1398024919742139,0.15947523646738795,0.11671223736527928,2.872604252345196,9.979803792604184,9.790651047832496,9.71220889355606,9.692971541071852,9.524199677256851,9.970818818409665,9.91378721207169,9.99364691445162,9.424274398694118,10.0,9.88389524045078,9.515663340694152,4.506675145740812,1.3487524957128303,1.0407322893604414,0.6430999757396572,0.9398140646711294,1.4055636327947538,1.3510185174912435,1.6093492218028362,1.5115411099410547,0.8651852273485758,1.294731717645963,4.524684399216779,9.865966004687836,9.944267248832942,9.728462185789946,9.931068024833099,9.969643001051619,9.749144623892507,10.0,9.610008456149298,9.78961432574506,9.668241180182417,9.894223948649516,9.352519234023855,4.528449494584491,1.5056744768033155,1.1609580436600324,0.6332033464083965,0.19011713807278066,0.17548412702871474,0.17138324793685997,0.05807207926693217,0.2261985510079948,0.10547883878386696,0.21548013541984168,4.036738129264144,9.397647204794858,9.489456391839374,9.899294918497953,9.819248954880575,9.625755058426803,9.897905001709537,9.532818817425671,9.952080462623146,9.75862765932033,10.0,9.491949670729994,9.647925612481986,4.583054502110032,1.006753310914773,1.2068735128541446,0.14606989528569936,0.523507351129847,0.13111137336340467,0.09010918730672668,0.23600232023922688,0.20387902873853797,0.0919554701209789,0.3131175616669724,3.593111403409598,9.946640900966504,9.840310897737588,9.804676554047363,9.910848617691888,10.0,9.763941900735835,9.616891613616447,9.712742514308278,9.93642884931042,9.943392773342268,10.0,9.649988616785333,4.789424898757403,1.4550126035745734,0.9303909344129353,0.15565190505020735,0.68169584860995,0.45972134237507495,0.13581765230876877,0.15283512466307167,0.17767191434389257,0.10264681313589696,0.16696204132914913,3.19721488040845,9.871956876323132,9.968855295884001,9.730208611612714,9.810639382311653,9.815625814972792,9.69458659911984,10.0,9.966797941798756,9.85441671382949,10.0,9.398053148539713,9.808926382764449,5.13973459685414,1.7257303502291115,1.2530893874299145,0.38079071683026083,0.6809354288716867,0.6903304626876081,0.7804135543376948,0.6541170813423641,0.700997505330037,0.9535648461382658,0.8175655081448248,3.7538386411370195,9.775613376978532,9.825640936578608,9.91271053008293,10.0,9.95751201687867,10.0,9.799487621810224,9.99505503750729,9.916977534307494,9.764813984742416,10.0,9.820161137730805,4.174389026828955,1.066506096801521,1.3487524957128303,0.5420953584780053,0.09354499783451954,0.1822364898396508
0.9868007644212885,0.8244061634171964,0.1395194435094102,0.07517546197775565,0.124292687447321,3.3203672990062167,9.721915005401991,9.99235835282012,10.0,9.934927162593826,9.925660207373022,9.726985124661104,9.690283751613125,9.977924649590097,9.865089943909087,9.770932408238098,9.92873693998575,9.79101913920976,5.579813665490548,1.8801628016613359,1.564584155702825,1.2861247355598007,0.7862197343361536,0.5248454904182273,0.08319488007089244,0.06990762738744027,0.20172699265998564,0.030923858400267783,0.2609539137725556,3.1210956899146813,9.678697545949095,9.91459701778102,9.768786857107722,9.862604470302873,10.0,9.643242509860627,10.0,9.73899360500862,9.931628308743317,9.478018008855946,9.705381286945,9.465317519163454,4.8991180590425385,0.9725466542996594,1.0861454608443608,0.6283629826558952,0.46357714110831844,0.4319421136369862,0.3551016068955914,0.5809139800009955,0.4103324915786297,0.009957482858027514,0.35998078324788135,3.8412404822933652,10.0,9.869957962014546,10.0,9.054860579531091,9.875411948712179,9.818044344882265,9.970156286774069,9.929438573684314,9.98743689748634,9.875718835885474,9.914435638097206,9.73849242466602,4.88056869226579,2.08450336380264,1.1538421726342023,0.6324377565596728,0.3854378128094874,0.125253690798683,0.05317051395649203,0.21423234376619588,0.020484958818478574,0.014934873399347487,0.35632010954646726,3.331491666311456,9.837041727041598,9.671287405084858,9.752727601391406,10.0,9.927186972146911,10.0,9.87862620287784,9.260641851240706,10.0,9.668490369979471,9.64404110956463,9.769613197403679,4.133109689272013,1.127460911229578,0.7718000886435561,0.7648040511807319,0.24485148146521246,0.36893013344029646,0.11614499206735272,0.6924842596440808,0.7889712145593955,0.6186544741015336,0.43913158823382964,3.8172529645633846,9.85396286301254,9.970309150366138,10.0,9.94963924763421,9.778098283407065,9.854739215923148,9.80261217922791,9.790699709641435,9.73886394538606,9.74216617814046,9.90362429706438,9.932285958790246,4.1493927662092345,0.8172980151546521,1.0585158259670977,1.0038776885320222,0.1371086206516055,0.13189866209766016,0.08205212413377133,0.08481083704112898,0.16097849205656062,0.2114479206844908,0.2575752798682724,3.567871335958945,9.595080561735728,9.838990821036154,9.828150144468063,9.937838374004862,9.83406301278263,9.967405132938588,9.896897312793524,9.552347085715349,9.80098012132636,9.490266065848058,9.838659310134037,9.549976720055879,5.227601473837321,2.1455198277453498,1.3728007086396632,1.0408817874034493,0.4088562855451768,0.3026315095524443,0.08975586274647618,0.1739541760531528,0.05087690097501449,0.06453131401494652,0.2663418448963164,2.775528583240762,10.0,9.97030166814144,9.875754945090733,9.80077918871818,9.83278254970453,9.666295707741662,9.58075030909504,10.0,9.58602175106243,9.949310577352115,9.638511277016121,9.878934013582018,4.708247272097123,1.3296676529881823,0.8603395476466404,0.6708458070204161,0.29887959667805497,1.0383174860002695
0.7008946915989023,0.3869811186823582,0.8171871460100077,0.5909346482954488,0.2713320215833581,3.836752005637236,10.0,9.780146288752363,10.0,9.59197988354565,9.565113395540461,9.941550621089059,9.958508304575675,9.575258797812896,9.903602089174612,9.527806075730993,10.0,10.0,4.654526129593414,1.0853561889962342,1.0033791491521828,1.3513875377602234,0.5532620674500023,0.6907846051062413,0.6093909871541398,0.0,0.12019662124358667,0.1648760410571437,0.03170555733655936,3.653974878770841,9.760473727141033,9.696591751284803,9.940996861624782,10.0,9.797282279665488,9.43571556227657,9.747692339926882,9.991682820416122,9.337340310913484,9.712755283886958,9.947465349552973,9.459943700395355,4.255708343224473,0.7243907096925537,0.6578248331091042,0.7293311231495392,0.9214803647160877,0.5836553012506726,0.19877252429331635,0.3529252995758552,0.39269004185394674,0.05624413580417789,0.43413253120294926,3.8632225964492615,9.86069101553411,9.837824821946558,9.577284505117802,9.716738536457575,9.500772633574886,9.72826104006474,9.592070442786046,9.823737958982187,9.979678998993538,9.868586309814438,10.0,9.69681550181674,3.8377623260357994,0.7293311231495392,0.6026553566626199,0.5841108425704356,0.6336415035370023,0.6629645755367104,0.6388601434175805,0.14452886102645723,0.37046498949254714,0.08784753687958291,0.09244870403181307,3.523062856049825,9.601670683238943,9.959998364961338,9.828728526817656,9.797032678258972,9.97248324630343,9.97240737575172,10.0,9.407321432053818,9.731419932136722,9.723760331164122,9.557948245757828,9.620891236737966,3.931684946014761,0.6519032714912415,0.6338440019355716,0.6577576878540315,0.5395114517962157,0.7293311231495392,0.0,0.1640822943284024,0.08345674265621804,0.08610538213837483,0.009745974042759134,3.39400507206319,9.839173996650834,9.618586413022694,9.92449236276325,9.941916250552305,9.94460520117221,9.652573080455749,9.950742984649507,9.891813766434748,9.777077541015162,9.837873027575757,9.875242613202504,9.993955939115738,4.018880387917804,1.2686816890961425,1.2927574722124193,0.9225636289591518,1.1668802832888059,0.7293311231495392,0.3820277499090471,0.16785688435194313,0.08118063176590326,0.2190380379309711,0.24857769315035372,3.321938504502907,9.5730926260339,9.552548819465526,9.935439749072932,9.752460414965302,9.835884099325654,9.92905052216292,9.790967958492347,9.771829474534997,9.576597922412107,9.979020658294454,9.833759036984246,9.585364754237638,4.027026730217137,1.0362383034754545,0.7293311231495392,0.5913607354235086,0.7293311231495392,0.6819355075499853,0.695163837420122,0.06710533182970899,0.29083605231420895,0.6922504235614064,0.8285997795525946,3.5216907055923317,9.809819199896829,9.59161126925324,9.934634345195937,9.915533570002435,9.99307243427016,9.664239546375578,9.412925776922673,9.799092518222656,9.636620198784627,9.582886418649542,9.612377507845453,9.65647730974731,4.165479946695329,0.7763011140516529,0.782815865257047,0.6941111913675503,0.6925435433792051,0.2944846944383452
1.112580449176258,0.4367771022300295,0.3206912683020184,0.0,0.10827500572943427,3.1923382151991335,9.8097950894196,9.87335198408263,9.857422528473547,9.890779312758163,9.834796872740153,9.93053605583103,9.83454491304604,9.921564449018234,9.735498338348311,9.833492307125933,9.939862718427976,9.97697753363891,5.033643541404182,1.7341307713158525,1.4963665030928652,0.4598449256534622,0.5747560159667539,0.6411579722624159,0.3174214230356113,0.12241060802269431,0.17323271450112748,0.5134871716929025,0.15684886895114827,3.7660746603693895,9.751132639680552,9.99503415786252,10.0,9.530954680572897,9.946677866889063,9.658505167993193,9.97684695626737,9.839932029300776,9.421786112753892,9.975154099975864,9.487591645934256,9.73448732186928,5.0179327982320405,1.2138736329779931,0.49210407788456567,0.5233800700276512,0.2788791374380899,0.10194630312274228,0.0,0.28063248114464623,0.17778020430332575,0.1768793160240711,0.21580701113168416,3.6988911242219693,9.75908808202757,9.730415520349334,9.97362489249837,9.902396037620038,9.948190293972443,9.979436159720132,9.814571717485304,9.923663983166895,9.581422247403646,9.87855664856627,9.962471119739153,9.958098130855879,5.25758111203531,1.0019223112333369,0.9488428128034574,0.4054110106719675,0.13295252708409067,0.24707705149098513,0.39058122808466017,0.0,0.35504962317214556,0.02070887010911015,0.1915887764621453,3.5523216440590306,10.0,10.0,10.0,9.881084475999064,9.88380520054419,9.958431392177907,10.0,10.0,9.805151896723642,10.0,9.65799768466766,9.539451282909635,4.861579617478176,1.2807407332355394,0.8319623615425469,0.12827158155284568,0.0,0.3690948102529543,0.2650533651275298,0.3215054580631018,0.12271321056448288,0.1290878650189464,0.0,3.5898237388407077,9.748560499618463,9.695714521748105,9.78310163659886,9.560583528803582,9.918740541720275,9.789908827955834,9.97582437626446,9.941539152429478,10.0,9.779214652986491,9.890826423477193,9.830420476707486,3.9817683426744086,1.3102004488705525,1.2880015593339784,0.240057050954332,0.10392254230459205,0.23390285316663945,0.3507834416960739,0.42323028074328,0.4559725137886843,0.7331529343724785,0.6508881204728859,3.2812929307998417,10.0,9.83609069243875,9.700465249895341,9.788055138820045,9.986721065016448,9.979297586122058,9.765228392813327,9.892705000639149,9.733591084348943,9.879175385156872,9.77650397183433,9.78519059141521,5.028387872590183,2.1737762598918913,1.3090500014684656,0.16755982992432655,0.20282279790787966,0.1671722062521347,0.049798408575770836,0.08143058925651754,0.24213558250177397,0.09121006048187216,0.1472551191420067,2.8666840395869704,10.0,9.844890190974105,9.585881027526163,9.93087967631913,9.963550033017228,9.857313524143796,9.888222884122627,9.685504975309367,10.0,9.755379074117466,9.99708468851044,9.789714939448462,4.9277478831983785,1.5383776714061514,1.4656736932328114,0.5103150517940426,0.3756692038188326,0.7881725357845055
1.1084142817632183,0.1894112415406576,0.22451590852900744,0.2432156945163601,0.1346070992452329,3.1778430134537796,10.0,10.0,9.7538830213443,9.77568192767396,9.707249322991922,10.0,9.948758658227948,9.983522120633506,10.0,9.918990487243898,9.941581838764854,9.619674230962222,5.229834975917218,1.6301140648338852,1.300762865849523,0.7226313192334852,0.6510317627001694,0.31896544049509545,0.18003165149544278,0.13794098396703042,0.0987402161593343,0.37373446699630686,0.08048288373802029,3.788152622943932,9.90768193771304,9.917364446238789,10.0,10.0,9.946349323363112,9.90388552927955,9.838967869485193,9.896230544730384,10.0,9.833267001172802,10.0,10.0,4.66946519760364,0.9563921806638072,0.9474569426883003,0.17560951168908984,0.40868959820034095,0.3890793177828604,0.16398665591612993,0.3558468185154369,0.5623698769478312,0.37947412584202467,0.2862770990515692,3.98672357648997,9.984648198376771,9.921448507851771,9.872823144628681,9.138352683265143,9.94703954626452,9.958559716608098,9.810600926930473,9.886571787263748,9.036442961502328,9.826000817772611,9.827204348078082,9.773433403953966,4.319535771512578,1.2429095036494269,0.7770473861568538,0.4278527625137099,0.18951316029512955,0.18239523785578746,0.22192256410078312,0.3958088366016555,0.32786052548832345,0.02432926224347704,0.24223013527932546,3.377992082988563,9.889759120395567,9.835013305138734,9.56518898514733,9.616076291543358,9.880139230997315,9.885605852362746,9.625925092898967,9.956016079991674,10.0,9.470871776747227,9.772115057071769,9.863530485242755,4.69077891886937,1.0962657940569038,0.4068087946429024,0.08953939279340498,0.45411179940358914,0.1847359190756086,0.08996872870560702,0.17336055639402911,0.04059971444765926,0.23945327008241982,0.09127886153563074,3.3623002895104723,9.838830724727792,9.942016412551215,9.863996326975382,10.0,9.930427541375686,9.936958774393961,9.938972415229854,9.921180067650775,9.818347133648034,9.781719108827946,9.937884899628784,9.5752387655517,4.079234187713044,1.5805050977581527,1.0427407076037287,0.3073894844913914,0.17394284531135623,0.17666282447558385,0.15218898666074906,0.06334342617711859,0.1577734929526329,0.17358447246551353,0.2861176872410787,3.200494962753759,9.823306686095304,10.0,9.935499211534315,10.0,9.958429666419153,9.779836013553274,9.95366334901012,9.789357276108303,9.945967612729218,9.741801347772942,9.58773107947079,9.884987300494792,4.976364292214878,1.6495912528436159,0.8674692144372395,0.4857290870439779,0.515077663168578,0.42554730582915185,0.1081601314554531,0.14643137562249708,0.30549031109785363,0.7316174225173282,0.5433724800167744,3.350858877821517,9.921330897037661,9.898767601675008,9.78078376182178,9.709449764058059,9.984443550868459,9.573322780139126,10.0,9.305331206973232,9.909021844796248,9.90695558375661,9.946722819379566,9.74212282268612,4.169440057356241,1.2429095036494269,0.977863739381014,0.055559685965897096,0.19210758418807838,0.21322543471274616
1.002083676812749,0.4047063479864434,0.0,0.14841413251302205,0.08877747448689413,2.005049362335635,10.0,9.830439524340678,10.0,9.878243755856362,9.673978115362353,9.718154601388214,9.776578075612573,9.746349015455337,9.840796638241946,9.957016840249247,9.96884757520599,10.0,4.316066614899687,0.21166102218788313,1.002083676812749,1.1790735135983805,0.9832184563278215,0.6953622199873999,1.1079815836096822,0.6868743780535183,0.8682400469699572,0.9483714653551438,0.33191321077627256,4.351091474236749,9.967416929988186,9.700275800639227,9.956033484245957,9.979214377827127,9.132077032980751,9.944332655908775,9.942123002732433,9.64505175209597,9.444716282237568,9.61355312101221,9.938039088507788,9.695019066323715,3.7782911048113594,0.7749160998956749,0.7144384343204945,0.9843076124655958,0.30878966347943937,0.30951756317615925,0.0,0.17098751256876987,0.24992155348847842,0.1213460069498215,0.0,3.1052420136601206,9.886627666103783,9.940447419784208,10.0,9.891957431967477,10.0,10.0,9.854020827473935,9.526459181876659,9.71965682053859,9.39509239724453,9.377598491879443,9.110656982145185,5.761541865199315,2.0722228852403886,2.1297943638919383,2.1010604233057566,1.01601355859073,0.8964560124236605,0.7681036599243993,0.32341313638009966,0.6585982287358098,0.34399974284276147,0.22125059630182634,4.07448727127316,9.68278178465705,9.935369146170292,9.732660779040422,9.94824503620409,9.955677026902176,9.595217862519801,10.0,10.0,9.588099471361513,9.89452087929125,9.700194835235576,10.0,3.4966247750293817,0.8812097200896524,0.48841891411618443,0.837444908796407,0.5456213941124521,0.0,0.15968241444586648,0.12191609643047335,0.1806606038438969,0.02266906460871153,0.20893740970269753,3.0110951567195827,9.773346072771298,10.0,10.0,10.0,9.938598751955334,9.950711896587991,9.800096108960357,9.703070012817598,9.816091516599878,9.92111437395608,9.74266086322007,9.96155302414888,4.284234471624245,1.591269281580722,1.0924274743417146,0.42544893314594906,0.0,0.09560303946858958,0.5919879845090676,0.160245172045259,0.22005881778528977,0.3160858837450148,0.0,2.732360247418722,9.881738731307152,9.603200354384406,9.932302798551396,9.597472718060159,9.831192704988078,9.538927152620639,9.891913815799157,9.750015229885522,9.894165716843146,9.708453625109762,9.819183203735454,9.725221005823013,4.05648538698453,1.7570445628787636,0.9629603483617887,1.191351629947624,0.8393892254249287,0.3315624300249131,0.9210153465677747,0.684493772560189,1.1138739323915148,0.8941836632393865,0.5833644064652144,3.414424666633472,10.0,9.609811257731414,9.690327360271782,9.75601815731912,9.834720709397404,9.8428694329267,9.812545660774122,9.93649014834841,9.598802590879924,9.72053256611231,9.806415831728517,9.989720599387411,3.36425130013094,0.9783690207584216,0.5550181961692635,0.7305485380814455,0.5519718233861752,0.10874765568324626
1.119070201835417,0.16902135773593796,0.1164490908444237,0.32283834566884134,0.49355818331705914,3.8752914485623076,9.946099180661966,9.725544902551544,9.860601200253868,9.740925236516162,9.977481165731312,10.0,9.99495098560136,9.983853379515576,9.649618834994603,9.962526995893862,9.524556329385629,9.69817472056105,4.14084771524083,1.4979255346566533,0.5044861192559198,0.18878322344258877,0.6802224592113691,0.8327803902870587,0.8276714196259954,1.0430807285202308,0.8038049882638109,1.2321326596076125,0.8319564982354901,4.514779402412903,9.90372659129097,9.14058165792743,9.64598339906307,9.73340575766118,9.52842812370389,9.834247610458668,9.741256853524686,9.826055525063552,9.893616850641346,9.998906264807346,9.877398513466586,9.803794318465172,5.909683597296544,1.5610266318304036,0.48202705473016916,0.20742211601720856,0.21173923359888266,0.19103793321841725,0.16355057234466724,0.2086198206814809,0.15889656966620047,0.14987911425512715,0.11851340614209926,3.4367789622936407,9.803659265849253,9.76227487098813,9.928344566132422,9.989313426144392,9.90089828886984,9.95538074423724,9.938009536381136,9.65844847118854,10.0,9.778820524755197,9.610296810196909,9.837411802641615,5.932477999331608,1.5697298945421034,1.2068791760786606,0.7335295130008068,0.6191901425430321,0.48845254593056153,0.6283295295926092,0.40045384515744287,0.4662675120614707,0.3896363646097347,0.16889385850742622,3.7430266310090854,9.614364642875548,9.802223541247816,10.0,9.863268789830766,9.79817150060137,9.879109445011723,9.463863848963381,9.770407296511873,9.90661357292217,9.454056172983512,9.967738852857654,9.624584232039052,4.51184696690576,1.0799441842270163,0.336863860954649,0.19519819599572716,0.1662852567417694,0.0,0.7173606786338682,0.35607209251491023,0.4469759948699574,0.2149601393904725,0.02870924778657076,3.509109311229734,9.781886170833108,9.864872952580365,9.606396334274018,9.972585751335766,9.650363405787417,9.911499965240008,10.0,9.655970972725033,9.8303754178234,9.982514116084953,9.584842847878189,9.732762992065965,4.903877582252477,1.2723004235518593,0.2959555877134048,0.18389619192685241,0.17018634003711983,0.17999570758595657,0.16447924233165007,0.13011826711387972,0.05740036847340246,0.17628849497887616,0.2885880889523715,2.4021813542149157,9.679601760686696,9.638963942164125,9.914310831473951,10.0,9.9805667125196,9.929160036999122,9.915675809301048,9.70646124931165,9.539354713199542,9.9968303700996,10.0,9.509746663205977,5.64421003050514,2.1402814554685983,1.2217193371364823,0.8540709674519709,1.4256516183923247,0.49220270911858843,0.8592951528894862,0.6623810419477534,0.659516057460016,0.42059379596951874,0.13106186028811018,3.137477943850104,9.750302408624705,10.0,9.780205992139738,9.727301861844296,9.977427658674277,9.994596922336372,10.0,10.0,9.862749673702789,9.992614408623977,9.68797778261092,9.798317964148938,4.351552280907766,1.3730716796134972,0.20122446528506044,0.31764735174164904,0.34634302152396007,1.0485827396958376
0.49310182065235253,1.1136767275914479,0.7159339142767307,0.8119247110636202,0.6667135710614505,4.210968129849872,9.958050460577137,9.941883594299147,10.0,9.98195966176306,9.669521462401484,9.674303228041117,9.720160819881855,9.68742551322339,9.965036289346921,9.873786540019184,9.828125642415177,9.979989210583557,3.702869519157703,0.8784679126400367,0.3303639962511071,0.7474800656508882,0.5148693314183715,0.2551789700270638,0.224622334235676,0.1853853060684081,0.1812494772572399,0.46948683698914767,0.0998044811287622,3.6918991141878443,9.406487888036441,9.835028952783025,9.738787479173743,9.902781179253592,9.942543690436318,9.82089548119477,9.652021578517507,10.0,9.987831540117078,9.845039775435056,9.788794502664421,9.711116766826175,5.092478880190539,1.297448337262887,1.494546399842056,1.0988412914386276,0.4744353652377655,0.12724710805180361,0.018406509348679847,0.15104401249857657,0.10638408357658573,0.04016491024266465,0.10927253651731009,3.68522717151364,10.0,9.905393326509579,9.817451198805957,10.0,9.898543187106151,9.625291421958487,10.0,9.72058439236735,9.719188965893247,9.93765691947509,10.0,9.858253532087849,4.496602436462306,0.8784679126400367,1.1346713574965388,0.15029139613181972,0.12990985733505095,0.0,0.23369446041444109,0.1987485109078244,0.41066486926513884,0.07114840455030308,0.19333608012918346,3.2580634330496565,9.59460853043037,9.363760549005317,9.878381807929088,9.84055733246865,9.822950160446595,9.940137412249966,9.446545003042308,9.770730033727991,9.821069571599876,9.67198239568614,9.592839366214882,9.810129131220775,3.9980109290991965,0.6693192490455251,0.6666094372614997,1.036984490900108,0.15867035155066841,0.5439109080577857,0.5296250970663161,0.5400240870319715,0.6453913075153472,0.3738617546912217,0.1361784305111435,3.5001150023308347,9.736027964320876,10.0,9.606142619964498,10.0,9.757945070173431,9.782833047949277,9.9032603569545,9.576730111089418,9.438509787463738,9.67583930720414,9.863245542501147,9.794286688946167,3.789615959920824,0.8274094320603973,0.799644705327653,0.7117286591901105,0.08547620431151098,0.0,0.08275435634967059,0.05447098944270047,0.20486583124798785,0.07395293333211247,0.086167251273268,3.0469572095623234,9.970973069910933,9.962670810317904,9.725902452710296,9.7925921769703,10.0,9.996729745248098,9.857083611276051,9.949074784588328,9.812819159313278,9.472400488579508,9.97359897346642,10.0,5.172334993029031,1.4547276727414498,1.1097680983885767,0.9300111479088243,0.5195836868349913,0.1767996648361763,0.10711113710960064,0.052454236502819614,0.09928275615074471,0.0,0.20357351810648505,3.0489535634177347,9.869966815879435,9.889019670948857,9.725495593601503,9.930240940547888,9.551382579725956,10.0,9.989305315153953,9.873857033142736,9.910546931257837,9.944859924489462,9.63288582617727,9.998093194094654,4.454541731498203,1.1555686211860048,1.1163030434958856,0.9485986247259885,0.612737928277585,1.2702086412256097
0.7863244548772388,0.908948132721815,0.7304200436871604,0.8375033024717812,0.5895982404058225,4.49343273427784,10.0,9.77986896715315,9.824426274278032,9.653900381382298,9.733664034960858,9.978097521656728,10.0,9.76612507643112,9.935091358560088,9.933605901560044,9.895044643381135,9.703516604228742,4.545708238274734,1.4954892441601526,0.6952714378477692,0.22187506185177078,0.0,0.27604806279253297,0.1998337939961006,0.15683681801047863,0.07007695363029919,0.06816262912696594,0.24446107484387064,2.9804435245000667,9.806560779820833,9.912201329192035,9.869512410170065,9.806739263032371,9.645642480515601,9.926145460590055,9.777319694680218,9.986275800427714,9.501875151873001,9.941176752804108,9.645315891726435,9.844661131144594,5.647413581752451,2.1217022279624445,1.0144822717857913,0.7671146243737247,0.6188055933702733,0.7185248656999808,0.260085567527273,0.6506040947707079,0.5483171546697293,0.275178196370759,0.5457464844342101,3.990129840406697,9.547976846692286,9.765303791605133,9.655680441194201,9.896867025014075,9.882032624762873,9.915281203638816,9.8282348804796,9.572680869203408,9.94211688468572,9.984393244076879,9.905069998287457,9.772325931202666,4.160787926117298,1.1694692857576399,0.9579775134075774,0.13160915097023818,0.0,0.2537021997059066,0.1925794518199151,0.07112322584006123,0.31010931616727433,0.24849718699458975,0.1793189587560761,3.2017112775625183,9.749832546639697,9.880471082863659,9.87049716485186,10.0,9.713059812540918,10.0,9.461029737211176,10.0,9.970770549479253,9.592112046974579,9.693729767072709,9.97073927996494,4.568179875504887,1.3207179885853388,1.124909324638663,0.5962015691530496,0.43856571799588495,0.7371597094017421,0.319343964582936,0.4539373720981507,0.3098560103144566,0.060499459764695465,0.24766252111607914,3.159058479168309,9.804751468745572,10.0,9.906753288147831,9.928048612745739,9.881063155254012,9.673120039903848,9.99865092360437,10.0,9.942059900164603,9.875086841256973,9.952830039915392,9.352495209470161,4.101878243530796,1.4897145075183573,0.6048883910649714,0.2893104841193773,0.1917632197864193,0.19343248128907958,0.7310588459504623,0.8470078167369284,0.37536654354043386,0.8371508256459426,0.5931413461288286,3.761592967049429,9.983768192572684,9.31313462023981,9.456453991088544,9.577228738373318,10.0,9.93861376477891,9.83113072067948,10.0,10.0,10.0,9.997518872915544,9.565571597892086,5.03987975784541,1.6857560721462135,0.4002520983292579,0.2676100098342112,0.20913971141934742,0.14398134112437383,0.0,0.19652170803425237,0.1154037334629695,0.07389178146575397,0.13118216161277646,2.8447381720057523,9.969723184659705,9.848140948070856,9.923057403247054,9.966853017657911,9.73496424183536,10.0,9.933182001482466,9.65577403329084,9.64199890089315,9.985158320692031,9.899589916444745,9.962043236017378,5.173621099143876,1.7771944145137457,0.7723764224274416,0.3301265229562421,0.5751947422849899,0.4244286385843046
1.0293495767444119,0.35770350042240884,0.15568426857145312,0.02191200658213456,0.09589496136500031,3.432088406451638,9.94778872668824,9.600637817549432,9.584926427280777,9.861393827755686,9.98916641454451,9.812256606505912,9.918009716383805,9.903689378419774,9.984635711355425,9.661687310641858,9.93433206307365,9.854482856800917,4.681116217976646,1.0305073973266043,0.5989794888396991,0.7115280586723334,0.20654229429745352,0.047592922846353455,0.07746152935626971,0.2987845065217471,0.18984833295170617,0.46350093560890043,0.2534761946901436,3.7149836445912094,9.267396231656221,9.336413293530782,9.910436254152783,9.672489288539547,9.881938737189857,9.661650596886036,10.0,9.942351145996792,9.730702597385909,9.984479621353373,9.815675071867988,9.871722219875169,3.4163292684534863,0.8332717598754125,0.9768047234833045,0.9577332761833621,0.07220793079550344,0.21751286378627332,0.11865841626968036,0.05613078738683001,0.3536744935385505,0.24949197149050853,0.30617043173257563,3.849788915352508,9.94016149347969,9.941160772341437,9.940201754537032,9.831795213682724,9.379517012840068,9.806730068539283,9.752051777245912,9.926789380756382,9.678489380155973,9.925051368347496,9.574738399773242,9.933427976545376,4.330877851378585,1.0330911544839194,1.2872564040815844,0.6885005915319832,0.43611221931088207,0.24902069982218697,0.039364064421404686,0.19935047055827354,0.1101156872817737,0.0,0.17369352959300366,3.3692063848676552,9.886847106391778,10.0,9.651565835806112,9.592542236728182,10.0,9.491123372612268,9.570667542370888,9.883979160245524,9.887635894672478,9.890585703336102,9.829802163122697,9.549974440568072,4.430880333782784,0.6651256502593709,0.9251537584274336,0.40051180404302505,0.033062479476422796,0.39987106135101175,0.09709821263460108,0.14924669225347412,0.06519716015174135,0.0,0.0,3.1960669499570047,9.558355917113396,9.836313297914954,9.981689610394563,9.963125500969772,9.910408829909558,9.943753005744039,9.932679210556458,9.525767615179234,9.970412154241535,10.0,9.615963107345435,10.0,3.7599992788098566,0.9904654262059291,0.9768047234833045,0.4468086048717816,0.06255951313571655,0.02455818829309416,0.20551469053152346,0.13847304282367898,0.0566743132629096,0.016550050312853504,0.1979921032285187,2.54193851830958,9.73067076617566,9.767434468358534,9.496632003955872,9.838257921039668,9.898811935243277,9.795013512201164,9.608483606355977,9.980907579177055,9.966258891109435,10.0,9.566029835266521,9.340825614043885,4.839426529108648,1.6012617958365079,1.1079755885424987,0.6626130762700162,0.4292051906896814,0.171393162933367,0.19776729956862046,0.07266052425784515,0.617108404645099,0.323345232126771,0.49590837293720574,3.091491233345108,9.78692168230539,9.833099543665542,9.66229633656794,9.82291871608741,9.780283606684318,9.939745733237194,10.0,9.918970705376326,9.941470639154934,9.75924657371838,9.960907079196298,9.533117917711147,4.057597691295107,0.8877137871341665,0.7070822905373,0.5101904813338476,0.09523069031470106,0.11991124292245164
0.07430946983795461,0.393558384056814,0.5453947699616825,0.4758420286037988,0.10711339245060583,3.7313367848447063,10.0,9.779429743183837,9.979546346739381,9.503457562860167,9.590180332730142,10.0,9.955391093984877,9.873987978410907,9.989470154559214,9.982576796430191,10.0,10.0,3.6777176939130776,0.01666279380003355,0.47865470513175334,0.43323098871209853,0.11717355773703475,0.3745787710491798,0.4018058729506053,0.40096803646734286,0.3693069484608356,0.052211671114972776,0.0,3.4719430861916005,9.86997157402867,9.943711220180605,10.0,9.668119374836241,9.465630345286012,10.0,10.0,9.560045425889466,9.962576368457448,9.990675482692367,9.995216740933603,10.0,4.373608161441779,0.9071801890783883,0.9980316659893773,0.8623796192927327,0.5274894108494403,0.33338749790953887,0.2504326726266689,0.02813232089382956,0.4735884601922304,0.09119428809767086,0.0499089217549199,3.7286995529029947,9.595224606949364,10.0,9.885850265739297,9.513969770228144,10.0,9.673359532938893,9.955264373663276,9.579765100197351,10.0,9.722810374675491,9.983013676684275,9.667446305939318,3.3208597144197367,0.17894238261990436,0.43323098871209853,0.41641939128655514,0.43323098871209853,0.22119215881630178,0.43765520312934464,0.2639645878859097,0.5028465148222505,0.4165568955750183,0.08213601321113712,3.3848847016933856,9.744572847785259,10.0,9.881523833317065,9.675862252234197,9.699916712785877,9.430427704003366,9.699812130798064,9.470077638664904,9.730771054051035,9.839768776681455,10.0,9.600716706117668,3.642428819171242,0.33434507634317556,0.7906915809952986,0.7831352895319428,0.598987992073062,0.7010809332775177,0.4214989332991833,0.43070164618784484,0.03113550236272848,0.03228101604870401,0.07581084596102994,2.7979799923317104,9.552388398757968,9.79268064681487,9.827145746186233,9.559152122439333,9.947718634077471,9.838517768800013,9.762748091399374,9.998799913942596,9.97018683091958,10.0,9.689926668833786,9.848782636591842,3.6640158304279278,0.6554777305089805,0.27504831834344645,0.3518854932489297,0.5621447114976631,0.7207443835814904,0.3521172141840834,0.5577472992023527,0.6308473825796319,0.5330159736128864,0.3449304709145308,3.241164415186126,9.735209398912358,9.785705863880063,9.797066626016147,9.739956623940737,10.0,9.845571488854373,9.854253225111679,10.0,9.915910946218942,9.901107311268346,10.0,9.624428656616017,4.133448967875939,0.4504063634770818,0.40534679814481717,0.07268908993306963,0.10128808789587235,0.22380221872973802,0.0,0.43323098871209853,0.2914390229014056,0.44637272056931515,0.748427664254651,3.693386802403242,9.951721873017316,9.604076516228321,9.835206101029165,9.735589059733913,9.6858976964713,10.0,9.95363019922692,10.0,9.915790191355823,9.686804802270869,9.714098004705733,9.992908981157093,3.6608435365880965,0.6155830562131609,0.31113864312013323,0.04968025951075443,0.4931901537226801,0.4804396668335481
1.0902056537653504,0.3194512073694721,0.5959645889036282,0.29873002302006635,0.4625894099979439,4.0061484615276495,9.776282491335765,9.838678184415553,9.979052985098875,9.985506282826323,9.877164192203594,9.854348156967845,9.328108718172832,10.0,9.850364447188037,9.972846889827267,9.980462032319021,9.952320207922705,4.080011855040238,0.9160431632279228,0.8579760158826703,0.1477196817133449,0.20936143129060675,0.1900264047484152,0.33236650093070613,0.37733934894338333,0.6874595580599986,0.7584820449590508,0.41403365090831734,4.168407203951826,9.613151268745819,9.611458024396745,9.844471524097285,9.613228197088135,9.970879281454119,10.0,9.77969764435256,9.765096329976663,9.946335026115214,9.829117448904901,9.821607120529839,9.958217953483752,4.66334409703341,0.8448873019539893,0.4933904111549604,0.32255307701224045,0.06617804215863701,0.13832455259195398,0.1801802822918658,0.0027961644637329967,0.27184195099572395,0.09343094985348177,0.2596797634354489,3.259375607471481,9.652625450272916,9.882777406585944,9.902670148705033,9.958859383202942,9.960105744222016,9.709497390368572,9.804245554541643,9.855686508021224,9.908489858493864,9.867929862870666,9.621240812358533,9.886463727170517,4.5657112737823375,0.7057603337829771,0.6923168289363285,0.3161559778777234,0.6027536835032443,0.1457246564802224,0.0483154721726067,0.1914344058243731,0.09941562721279201,0.03203960259898824,0.12030620945071457,3.0293353486737655,9.903614106138692,9.815479704768027,9.665623679923666,9.892575305135757,9.93893987074379,9.606342806277926,9.79712654918995,9.576940077183629,10.0,9.822836754598962,9.898811885271128,9.879874509285491,4.653163059730321,1.428364448551306,0.44686647405620955,0.4634745198363879,0.07608211112294133,0.44650690071533716,0.3673969046707061,0.20218530829739317,0.21416236322491494,0.03426546641225724,0.10858649041142247,3.227882328970727,9.824857403362563,10.0,9.865712654847245,10.0,9.94752254633618,9.82801481321199,9.55841600200369,9.97839297523195,9.71056101347905,9.835961384713292,9.884425780452348,9.440656805752086,4.562391461573345,0.843862889189741,0.5503183921138781,0.10470876791273612,0.12264309746301694,0.0,0.5675275736306004,0.4645773394339686,0.3650370641406156,0.4470108867379964,0.0,3.362210158708032,9.587350080318856,9.678087491413876,9.868112376547186,9.792052083757769,9.439103980487943,9.262766329535738,9.848316718279992,9.653506044558346,10.0,9.785022947897716,9.583333593369154,9.894923529632976,4.808572496160785,1.2430532238128553,0.8818442302590902,0.2540516981581582,0.0221122187139782,0.08006367561133404,0.16644263674188323,0.011156353593224588,0.2367447158842103,0.20848641500025838,0.3099468864259711,3.5076671154851393,9.899707498077191,9.600627458046635,9.942674387387742,9.463692260845637,9.88236097903352,9.819052648162456,9.703622531761578,9.94871981968015,10.0,9.871136208241468,9.909432202541527,9.682194384625747,4.308847273678682,0.9134551787123356,0.6962832708783495,0.02357089576587156,0.19127476108763256,0.27109638790538904
0.7242404596856831,0.21648256385821962,0.3000619422800933,0.06762505346938832,0.1354589232556278,3.7412431172245193,9.544591150549971,9.696574520394867,9.947969802799964,9.935925983569376,9.943196440994038,9.90151105898973,9.941340760748034,9.928125054126076,9.999592190011313,9.693892843154128,10.0,9.88232350328873,5.9105336360437155,2.001393669919036,1.7167690571995227,0.8711996615204161,0.33407740946179815,0.17838617422613767,0.11402419310129613,0.0,0.11538634423935222,0.13088732961245578,0.04048340671096066,3.366538414187113,9.796863277283093,9.745859043327616,10.0,9.912887249962482,9.798150357967646,9.846037024094564,10.0,9.680033367536984,9.999203123052768,9.847298095048766,10.0,9.953730148308358,3.3647039012629407,0.776642961147646,0.7254706174276614,0.7350175884697218,0.6216129073087486,0.33954050403063285,0.5899483375284689,0.6043251846544977,0.8188167992838444,0.33837769469131346,0.616901074139523,4.4435405653368205,9.787403546301107,9.524632440222573,9.832172846511307,9.465265958420582,9.755863278118113,9.811409701041196,9.758281652313329,9.628044967956106,9.965762294235063,9.95747240195802,9.921112608667903,9.73024161228442,4.475845726795718,0.776642961147646,0.6604916641600479,1.5439113038511045,0.10056070218168434,0.08222475419406215,0.014313757717123815,0.20822296657884995,0.10894951221399067,0.002056080172147451,0.10234432647341651,2.5970741948607774,9.566677492247704,9.950243351816766,10.0,9.64700594623972,9.712674458041636,9.847737506233623,9.635820239715187,10.0,9.686009944081928,9.431694440417859,9.948752417578035,9.783794555492888,4.287837256192118,0.8376929122837405,0.5292529930548231,0.11233469352513836,0.09760984677953757,0.10537759718966466,0.0,0.0,0.4114425577877018,0.2958117267869267,0.28843052987046985,3.9828949802513147,9.954358077074588,9.793825364481501,9.892955562156978,9.981291815078638,9.43085133293316,9.959321479986196,9.937181367508222,9.816992248357936,10.0,9.73815537114889,9.840476599939532,9.782821309275734,4.147877781659552,0.8615718842587606,0.5688152294182969,0.062373587825497324,0.04219678156703516,0.14879397329557956,0.07217487219777,0.0,0.0913299048318951,0.03007329599185106,0.018406287166510285,3.203765117482691,9.961923125905148,9.978684079565944,10.0,9.982453058384035,9.968478148901724,9.84390400006107,9.615188997661082,9.59115777320741,9.815040018537367,9.722517103169746,9.929235841989778,9.820671741980913,5.19325952791905,2.2749053257470906,1.230123100739149,0.7375064839917136,0.6344990158532602,0.0,0.08330231025123411,0.011405354834963743,0.275266120790183,0.0,0.09720844510638249,3.16712570356228,9.24897978690833,9.905357389104068,9.718810349535625,9.841097068371228,9.902811104640437,9.79523552291359,9.942724652958667,9.843267115204776,9.885173774129546,9.965179828808132,9.829412656108099,9.882179073448615,4.04484668116446,0.776642961147646,0.5671914864505372,0.5090517707918712,0.3368324597961852,0.18856357910644425
0.9120648159256591,0.1358899836315817,0.8014780880944394,0.6015094396228446,0.717553748076201,4.0000951313249375,9.9301634754746,9.816481656486035,9.78453375884495,9.926244442199618,9.807247989809571,9.892611740426004,9.995135209712469,9.745709225315364,9.90895215004808,9.958959415420198,9.913322607493372,10.0,4.33528869486816,0.4320877812049372,1.0532696358915627,0.05165522088668742,0.195190622320137,0.0500360826820985,0.0,0.190911908567863,0.10705398929848518,0.09479909331081232,0.2206885257950391,4.086255225176332,9.774426925528745,9.817504078104886,10.0,9.48680252804807,9.773429483521754,9.62545001876268,9.866334368781597,9.98221042346202,9.955371541412086,9.40257794821148,9.497272403088553,9.446532670628136,4.498116188147083,1.4905622053444825,0.970313220701456,0.49819326562569083,0.11300924528696851,0.0941558640175065,0.1392676479891428,0.032239728581724914,0.0558788014572468,0.23183573751188832,0.08097563447098484,3.468257840945571,9.957418073884437,10.0,9.62945759244679,9.779815599827321,9.890846133598187,9.887375325108481,9.734023883269936,9.192604561243954,10.0,9.48909761361943,10.0,9.991714929102605,3.9439610628074098,0.8159846662246942,0.6994388719975725,0.1486453410931531,0.3225229964410955,0.09798358030809606,0.6002520391067256,0.3451547942103888,0.37737413649888885,0.5074568761678667,0.22633989238983734,3.501116446743799,9.568321903326066,9.667481077067315,9.880278385190302,10.0,9.769844643128069,9.625821236275062,9.70544442144001,9.495097338607206,9.53427010588941,9.684805465513769,9.999183570365274,9.942478048309738,3.9303512923795414,0.6492990512386068,1.1357280559295522,0.10999491173981257,0.5116891135582704,0.11728565440070768,0.14624377548916975,0.021043335196509545,0.17556558426777635,0.08708601103225364,0.07696311822492202,2.951425667282602,10.0,9.550835973545212,9.676496147204443,9.607472673702754,9.361259812970621,9.968854580037787,9.852670584736007,9.788045051934944,9.65956763609301,9.580559101638576,10.0,9.929422054093859,4.501996363491826,1.6511821066262091,0.28208086489362294,0.3272711866857285,0.4386555857156159,0.26510816314323693,0.4944572464948678,0.4525309138637119,0.279680445655718,0.09448469873534891,0.3035146696836835,2.8532043804526297,9.74774344769966,9.897676756104548,9.30680640300173,9.968825916962512,9.842692262293756,9.976631146191941,9.86900899628093,9.961861995237918,9.614713688938785,9.795893219308445,10.0,9.829253503220087,4.451508897174518,0.982746629163713,0.8435286780541662,0.3790455874766342,0.0,0.0,0.2961327158625732,0.08000326813545225,0.6568832495848748,0.5641179065281414,1.0720390651715273,3.7331464126673177,10.0,10.0,9.974010179231769,9.94714336749193,9.990888661598461,9.951057182878984,9.758478120176516,9.946680460179586,9.740267118960604,9.931868730349434,10.0,10.0,4.120951608101018,0.8729594102991796,0.34438495292055693,0.1986397639434297,0.0719447134303515,0.10977381896305254
0.7197584345459034,0.028995164418431613,0.15532312484867847,0.0,0.21384281220483517,3.414669794696997,10.0,9.999790747239333,9.813648929233576,10.0,9.984423717940238,9.792219841677095,10.0,9.923349514152667,10.0,9.843487973487528,9.744474834930925,9.63867748443098,3.56783949368943,0.6436162995645285,0.700166093566708,0.053568027756309256,0.5423394964503458,0.627800630198335,0.5862709332976307,1.2708977219149746,1.4500334530748276,1.4042706010995432,1.2314899455680803,4.783811537551284,9.421937928385477,9.965594102467591,9.983591818712508,9.918258868514267,9.950171933058444,9.763508375798706,9.774620274675014,9.963943623806422,9.716753372069316,10.0,9.770371208568129,9.964103445574791,3.6161179887377015,0.8524054134476515,0.7054009107474923,0.16945935919495714,0.1605695043469246,0.09142204833406004,0.07870793078267392,0.14117563293538402,0.0,0.06787201100852198,0.13753776183241656,3.56650382894903,9.986409217188243,10.0,9.787464269294695,9.824421847707857,9.854967998131759,9.608348367212587,10.0,9.96173031246526,9.570296705614231,9.890175080550895,9.822958009364624,9.87291103755615,4.709760630050886,0.4997894255069178,0.6950100460584785,0.36115713130699034,0.6574913225996728,0.8549750747779769,0.9303879041139781,0.7344005886840229,0.8386420899115595,0.7015021623095098,0.2351346204970335,3.4308363201145267,9.554086210603034,9.56269832919509,9.757594587200902,9.55017335321997,9.670034132372708,9.665133576846731,9.952279133612889,9.889791835468657,9.318458987723304,9.729699610073974,9.869096507599858,9.909715802571958,4.349922254965555,0.8714271116743293,0.29803307649533184,0.12456780485321227,0.1157071212877753,0.0,0.13336620705408148,0.02794356367500174,0.13709186173242488,0.08918906073733235,0.06472465077934471,2.7713945065771926,9.420727737228823,9.932417996062393,9.587340598842346,10.0,9.498203983048718,9.821535882317537,9.98531388840917,9.633469931716544,10.0,9.979996777109966,9.933625728209009,9.918034557550982,3.9075051561119536,1.0698090076096394,1.130476157127899,0.6827690293587527,0.5621977056226368,0.1805222899184786,0.23434780775052236,0.0,0.18473707519841054,0.10171801154527123,0.09016294730224302,2.7087957776226093,9.305485074727143,9.971143475894577,9.897039061810089,9.597949523876155,9.981699244715697,9.932713565874856,9.758182053961011,10.0,9.916563984149402,9.678714884867325,9.803435688437785,9.669240659571642,4.055619803569471,0.6121553743632031,0.8524054134476515,0.9816744081553863,0.46475509094712336,0.45235082188961895,0.6894418729450742,0.6986484185114513,0.820320900680043,0.8566142749692893,1.1848467499596265,4.050980006608563,9.917650210580783,10.0,9.895910833043166,9.995314157221042,9.425882848027957,9.750769528496603,9.80770344803805,9.938716079164138,9.591870377459436,9.867343907674293,9.815910308711771,9.567589906483724,3.696885678852415,0.30066522884818925,0.6918656607501682,0.49861951122920506,0.11618136924249703,0.1535751549464801
0.7687631163804461,0.45934367997853576,0.5562146545791306,0.12969200457100694,0.09455367655325005,3.93266593938825,9.885686454298826,9.95783202330681,9.841275928285247,9.953362836089438,9.994913572233791,9.978863043802086,9.924637317155273,10.0,9.861922397711172,9.904653429274559,9.63376814085049,9.318243677923595,4.097718550107342,0.28543171368256093,0.0,0.2825376764606359,0.37121067649246564,0.49501810055634166,0.3492280301180247,0.5868846316420255,0.7622276419331044,0.6499445045924048,0.9025561426521445,4.315772997574972,9.828081786237522,9.687655840140764,9.92025596740141,9.794820355248785,10.0,9.84776322234838,10.0,9.83181735123553,9.460990916848859,9.946007873759704,10.0,9.36242403168952,3.3536387571025723,0.43889004940587495,0.3915237896290847,0.34408950930156107,0.12568933634748547,0.43889004940587495,0.08370256363399126,0.13715085905993168,0.08588722193135355,0.03363406032209574,0.02292492148392717,3.62562374723477,9.933303792855506,9.2556979239137,9.989145652448864,10.0,9.742324336680367,10.0,9.88473650473043,9.595682330827195,9.622231781980881,9.862545783540824,9.987123643686576,9.997251288643321,4.682500243822528,0.40119691891010045,0.626533834938726,0.5039505154592305,0.44053861779839626,0.9739647802017317,0.702699409172025,0.18926614250257162,0.5671612939138807,0.2494726310707012,0.0,2.702071476766764,9.609303569237708,9.664362033160202,9.49452304481294,10.0,9.96576763539943,9.898614892625746,9.904864086669125,9.913366502962962,9.96145403131666,9.627642082263511,9.779160228374833,9.562918613529092,4.160539525790773,0.7393813699234051,0.78049983685639,0.6491593756850531,0.1917196689208416,0.40168936051536824,0.37984959711982,0.04359783425677415,0.06537899561744268,0.027730806170571866,0.019094701667786554,3.2641573931377885,9.559872348465994,10.0,9.974187580727236,9.568177207009041,9.824721649447978,9.899174625760097,9.550076923670591,9.478616224777145,9.945348168702193,9.850156661939916,10.0,9.637607795666288,3.263878250974479,0.6996364420034953,0.13513275006953476,0.5883473984490593,0.43907727192493184,0.41706615439592637,0.12340998254516916,0.0,0.09972035088562031,0.11488144495200703,0.018926439726872933,2.977728075686704,10.0,9.87040166910827,9.942780954001714,9.932590583951542,10.0,9.925523005325111,9.914945339426207,9.709705949562707,9.91914498831748,10.0,9.821441246480695,9.83383891315338,4.500671458639064,0.833878010217473,0.4102620856458622,0.43889004940587495,0.4586816021274499,0.18978996504128615,0.1049090766407042,0.0,0.0,0.14369860295206915,0.348394542607409,3.1565629968964704,9.75724440865568,9.935027310494156,10.0,9.962349126581334,9.924958351023236,9.597217366505493,9.735044122703787,9.85692052642851,9.790685395797185,9.387291427251979,9.786159860240375,10.0,4.441498598316718,0.7759075996634115,0.6720526291900684,0.7300325495727008,0.35242463491838516,0.41769480636728856
0.8164306412430062,0.09948104333487845,0.11199653715778587,0.09441071901804815,0.06149394444843407,2.9323082267617067,9.59992843175312,9.288688888673747,9.711048661394893,9.982249880191258,10.0,9.870897217235955,10.0,9.21672874710409,9.821539075675668,9.333587961722538,9.836258279737812,9.754160443325631,4.0268387390322085,0.7898542023945718,0.5555186721453378,0.0,0.5176103536576179,0.6023433292232214,0.40676070788014795,0.7614232580065162,0.8415147229980844,0.7141849681628024,1.1664588779132385,4.372611191113073,9.728021941853084,9.734197120971322,9.862026378450302,10.0,9.57443679834015,9.991132999838515,10.0,9.904942818566722,9.796881582440351,9.836601454178428,9.534988839404548,10.0,3.739968586711565,0.8538692350569903,0.7501465867399371,0.2853414933117849,0.15069133007975596,0.04464430867649394,0.14629745529515292,0.0,0.10138939102018713,0.15784104278431998,0.0,3.5054278744286425,9.856632379795919,9.815877147669314,10.0,10.0,9.941459024794778,10.0,9.497195967637404,10.0,10.0,9.704100332428938,9.788790700664856,9.888335999671357,4.204936675264521,0.6521694485177627,0.5271246415934904,0.00521995794256635,0.6117357669410861,0.2784947837141781,0.48594962702860456,0.41187481774204876,0.48462565764246357,0.44329203029745945,0.18726565956397087,3.711220277091031,9.834243060757622,9.961811991141808,9.550889381681488,9.629498542295352,9.980050140960062,9.699607021168774,9.965105040120143,9.778602566184997,9.826885091100678,9.981030717207732,9.707396861371254,10.0,4.2388407616315025,1.1537374292418137,0.33440264415273,0.3875092773614277,0.10440476317201627,0.09867426408777097,0.020069900355833437,0.14343179956508,0.11066334125377132,0.0,0.18926712992382116,2.6621374517282237,9.862962133606286,9.747304204820574,9.640836728738876,9.977273239144834,9.528935209056598,9.82149736160049,9.805620083802326,9.893110996412096,9.4110608083186,10.0,9.710349193970009,9.947386045602768,4.282130681873417,1.142588958174123,0.5303961235129,0.3006903923140177,0.29275711942513466,0.25324626387933125,0.2210049765454769,0.054744936923767154,0.11091829803881144,0.10199936058427585,0.062130632027289176,2.8063409761917075,9.718602026571165,10.0,9.921059719942715,9.994888472845876,9.745014652538897,9.612221414801981,9.718177103661418,9.687885774739144,9.694998084947624,9.928369577888557,9.83368818171093,10.0,4.281672939602766,0.8276125667998201,0.41413393328396275,0.7933225291081727,0.3907849927379803,0.1353152722515512,0.45250205097538493,0.30548769777863116,0.6711760432082285,0.6717609703196191,0.9393412314952756,3.6142822308050504,10.0,10.0,9.814125310171754,10.0,9.708174017310801,9.806117541007474,9.632995359977725,9.95950787004285,10.0,9.894274595391213,9.973993759973949,9.990654162911351,4.033977403701448,0.7735116527858528,0.42101422136980726,0.11858656565407807,0.11934249877883875,0.09639970587806795
0.538684437615735,0.5804647338576043,1.2611210770798935,1.340263666804588,1.4319944624257483,4.82916189136475,9.622920629636358,9.97419421194844,9.880637012378216,9.84874034033241,9.839019871379106,10.0,9.845650795448869,10.0,9.765969920720963,10.0,9.853860081600379,9.66990149702505,3.7802551445216617,0.4766730682619912,1.028799111010037,0.37712724145949145,0.0,0.0792739322366929,0.06997078246228636,0.08903105238005415,0.0,0.0,0.18691985430524863,3.657699475574592,9.703373477677204,9.957856946252969,9.502538534694784,9.92289123164754,9.785449147168546,9.70947696437017,9.937929422041513,10.0,9.959602990468415,9.59953813858997,9.703644695897333,9.967869958804092,4.894217581771918,1.5034817913943754,1.3882831339799924,1.0903961845290706,0.5360999144792133,0.23383135628618998,0.1042130172209664,0.11018820197907629,0.15336887104599606,0.0816130706988195,0.0,3.877187049872362,9.97622305462781,9.83714126437759,9.679778874401775,9.724136780493245,10.0,9.708174584237787,9.920733355495246,9.790043522492644,9.964878257458649,9.709825232349715,10.0,9.913776995211075,2.941212974318984,0.4089964868032031,0.5433365628450428,0.3395720280433902,0.1951997940930861,0.14432041032882487,0.46634218060214905,0.37671044644646806,0.5955178655664372,0.7881874470047351,0.7372749281040583,4.324242573122338,9.778558592245211,9.851476441763163,9.489278620431552,9.99764938753439,9.769383333550895,9.652917034976708,9.791947111856002,9.819230514513874,9.873849882511868,10.0,9.801017313438177,9.904332517715515,3.3504263686862346,0.575994466089541,0.39043382914911223,0.2930045489161969,0.3119972930848798,0.06423388182346576,0.025219557142002365,0.0,0.008691825014414234,0.03546579191379368,0.17643772698860963,3.0801328623498554,9.906119146053195,9.664936578768728,9.59414805692601,9.713834310836544,9.964645070892585,9.840883447000149,9.763575103213853,10.0,10.0,10.0,9.994943041962916,9.852661360912256,4.474453052874587,1.4169199405345847,1.3729379110830897,0.8439072974807866,0.8661219175516549,0.8733741913232633,0.6305705699007966,0.4809102789195042,0.534970501464381,0.33974661848909327,0.09154146660877366,2.918473322148354,9.965740693926715,9.70097871399352,9.846242377229862,9.99736337804119,9.88645779821472,9.96542743245297,9.6826482883601,9.79016707092893,9.756613956401544,9.660620909270142,9.940114018493603,9.857586869492664,3.9837276497343903,0.575994466089541,0.004385852565102655,0.575994466089541,0.575994466089541,0.026687027081557194,0.0,0.2107887845250916,0.44930193765630494,0.7301538384648572,1.1540915214045704,3.6290351590633176,9.530622678115186,9.965443762278518,9.466968498889722,9.76141415765083,9.625427844323072,9.204231454622153,9.999652508572982,9.966408585491553,9.968113932659929,9.935878786940963,9.873532835056908,10.0,3.354647401576458,0.34172203697848785,0.11910270609366319,0.42172678241921346,0.3857050840335776,0.11269856348670325
0.4923867233286591,0.25247872789899567,0.9317696904312707,1.0884248907361773,0.9400441449850969,4.781721021854798,9.73322614271864,9.875980657778944,9.977036321513783,9.835736766647939,9.960071957892035,9.956329155426202,9.937003658339703,9.494671611224394,9.938754313776785,9.79895970163894,9.916081649291993,9.81138166902013,4.293870159032547,1.5676107300837978,1.1265365097652094,0.6532124680861393,0.24505818971333035,0.02365420597624001,0.0,0.3270318215759187,0.0,0.09940074192402781,0.12650095992845115,3.164029642555964,9.931538008650037,9.440304062892771,9.954959759237438,9.64716031929189,9.648363943379643,9.958440819763485,9.842257753572891,9.809310600308656,9.722047032359196,9.470636427479185,9.99309764961737,9.881685553398588,5.570523157462408,1.3986324910440857,1.0503474215372601,0.9202127911546916,0.7584529445030126,0.6405195707376197,0.2835684400281404,0.28163682172683646,0.23345847537324127,0.17058211045409788,0.0,3.98747217879795,9.908760921082527,9.884798824236555,9.988251018058868,9.656516308102724,10.0,9.605360905639735,9.974349438547904,9.819010533945018,9.90556016795568,9.960209657054206,9.892751652287116,10.0,3.308002250313483,0.5689419288667072,0.5426466151729509,0.015148510479982322,0.21430412397443804,0.07328760593307085,0.24688596382338096,0.2277330487065839,0.2651372626620984,0.4289370801582303,0.5698974439300567,4.309632731127022,9.835962993129728,10.0,9.77450220238123,9.818461985818542,9.769986946249594,9.960338903327791,9.45018122304517,9.748708357193054,9.445853869009973,9.988086005919643,10.0,9.478120503104149,3.55645162700838,0.724594513509509,0.09528706425278621,0.2741196555860203,0.41515271901009837,0.10527960059696245,0.10596287621593825,0.05614564066576576,0.26920530880974286,0.322119291616884,0.29666787416476925,3.5819058444805068,9.284722276983024,9.805766024987829,10.0,9.609380009956624,9.971144074835312,9.690963413719427,9.929806604256703,10.0,9.552519299640247,9.9015856828895,9.79552091241874,9.709639202986708,3.955393990532028,1.6449953595966713,0.5829851319057576,0.32225699748564285,0.6000633464604115,0.5563570065482277,0.5693279549319099,0.25102513371439883,0.33378790449952317,0.5400345246126149,0.3919335197793579,3.1849889369224607,9.519553917318317,9.969792685781668,9.832818617542447,9.941926114283678,9.5471101791113,9.500662104557815,9.940535010218227,9.72608202577666,9.671848350366899,9.72111686619366,9.935913017328355,10.0,4.8024126932529025,0.4237980392434433,0.5457382696537157,0.35311310585257805,0.10527275483887516,0.09321862260541623,0.010700720799547397,0.08189328429423409,0.0,0.4478087169278428,0.833778403426105,3.481358273712736,9.813044475840247,9.979330375206247,9.808700140905252,9.968636489427785,9.982022057054138,9.744689838277443,9.538670206146664,9.793876543612098,9.570610943140338,9.55970869766314,9.88657951000544,9.998285786749351,4.08633791926874,0.5363630476464974,0.01979184067745933,0.08912944188925415,0.14489692330714665,0.12486629973642377
0.7466967835943106,0.5286798017881423,1.2716566239466458,1.3338222451026582,1.2787468579745496,4.830113461469102,9.606672926706205,9.77631608122893,10.0,10.0,9.897614878161166,9.218773658302435,9.740522541701843,9.747930711485456,9.696843308225485,9.986969396790673,9.315429024522787,9.704884678821905,4.988098801664091,0.7247709180214801,0.842813277618833,0.24874946383580743,0.16239376928770222,0.07873373617562351,0.21935782027159703,0.07763363827158572,0.06942439539481796,0.1678721025323106,0.12300868807795329,3.2576528641276807,9.88223521861905,9.81304208903869,9.70485291320618,9.837576422052233,9.739461516978729,9.747000866575226,9.900107286370938,9.911751937389889,10.0,9.979906592783554,9.989451631128786,9.444301160682759,4.915487913760517,1.6353027300449607,0.9776685028525013,0.7367007287941336,0.5244872037253892,0.2882241866271714,0.2502018592406834,0.1517998467142763,0.4108249518445667,0.08579349409147163,0.18169965623426645,4.090177036613903,9.836186599237323,9.639776214165838,10.0,9.845253269297194,9.959371711374974,10.0,9.578556830669084,9.9565373044219,9.679276764185012,9.553529841242627,9.880272712980533,9.39161997520177,2.9547000952410962,0.9026888596729328,0.2660339514963948,0.2898797104890297,0.2767838114961223,0.11645167157702699,0.2909484690766727,0.08609432230781632,0.37473546358554854,0.24623709325875792,0.4617053214981782,3.8163511394312715,9.902317453301118,9.567966215361901,9.88313453809461,9.951268603981157,9.731035428463981,9.776622222741802,9.771011815065647,9.708197571407082,9.705907864378258,9.696721490141817,9.40104667230708,9.771267109251871,4.132850743799317,0.6186043218507956,0.13817848758087753,0.06017693514707187,0.8829468317000495,0.20036362524285717,0.03566260665492767,0.10930177503085775,0.3314223784940548,0.29673879727054026,0.36050537675094163,3.6390622857604638,9.671192274065056,10.0,9.937414943407035,9.879506153916951,9.964446325138345,9.660072599869379,9.714454742954587,9.658571268211789,9.408334743653475,9.782084481705798,9.991674613205316,9.8608762994009,4.201201379405018,1.0986608453995679,0.49357645269168166,0.49259887818967607,0.594069489842307,0.4390953306875589,0.2862772776473584,0.0,0.30413844003305657,0.37791082035427215,0.34152490602018726,3.017548598272666,10.0,9.98826314201624,9.851439805036836,10.0,9.937845700980148,9.876041837548158,9.41885757366725,10.0,9.718962183859233,9.832899141181288,9.715628063518768,9.438055111297869,5.264250760904567,0.565176266433117,0.4375531175969104,0.3399307470961653,0.0,0.24429258509950114,0.07283192881714823,0.1843245049815473,0.0896815258397727,0.5887877454469654,0.8267674725293725,3.5954699137817605,10.0,9.981014273157676,9.757021435827378,9.963601942953455,9.844981214192295,9.992238404604821,10.0,10.0,9.66025012399639,9.780072717320856,9.819051479741486,10.0,4.30892687059685,0.5642663359493307,0.18474113562060585,0.0,0.20824760204567277,0.19383343237114742
0.5570802790285448,0.0876043433621605,0.4120881600019131,0.0,0.24100191689185682,3.890290687727741,9.922087460862448,9.979748635081277,9.979100308993791,9.229605473801085,9.982563732320527,9.784822292734027,9.713484914419611,9.632684694375225,10.0,9.916194376742578,9.946836895597668,9.717421440307023,4.794987610123652,0.5085642516912474,0.19959459014595107,0.3869001404653398,0.25161456082501815,0.06576365042064689,0.12879183488780677,0.0,0.13126447717975245,0.0,0.1587993299572006,2.883796044248024,10.0,9.92066741394395,9.957169596387843,9.948712601659691,9.870554738301418,9.401023735105154,9.869447499032603,10.0,9.957739953000457,9.576277940083857,9.60842660368895,9.990101173725751,4.658180763286573,0.8490949219388395,0.37548468588021255,0.24925555706625363,0.30779101116406227,0.3441417736372206,0.3889532802747555,0.38348316245896996,0.447534682989145,0.23452293242409059,0.3572335517718574,4.017696238755732,9.727988129460307,10.0,9.943554393939023,9.68682033234522,10.0,9.932486146802672,9.910288288647763,9.82598526585707,9.767893351278463,9.859174520142691,10.0,9.963415467799969,4.393587135671941,0.8417626127062712,0.1252033358473753,0.0,0.22042747663529713,0.11784148534322514,0.0,0.007339447286342976,0.13096943442558406,0.0,0.2556178311487789,2.688934734985523,9.68562744611654,9.96477569855107,9.655272505252801,9.69919203839529,10.0,10.0,9.700986205094676,9.759193539271468,10.0,9.982431344842272,9.744269231335336,9.915219742386435,4.537087920760505,0.8760968817375081,0.3680506521142708,0.3435785499108732,0.6031087203137446,0.8519590068766747,0.3637026387258571,0.9343321794187203,0.8822087433880181,1.039645749088434,0.7944632659067582,3.71948769524286,9.63486632894574,9.572853059405533,9.955182171884742,9.939347346573543,9.958264309288547,10.0,9.926668122716809,9.9586131492683,9.967271400771091,9.610554716443097,9.66010842992385,9.938602311955298,3.192268786746025,0.7044429471721517,0.4396502115056072,0.2910481964409542,0.040636435249445595,0.018318237978444687,0.10839076704215504,0.11442595911006147,0.06905771315774757,0.616110620420293,0.6739218364828696,3.3252545125557416,9.471414116204114,9.748305159178114,9.508266512713766,10.0,10.0,9.844930051284583,10.0,9.873064986038697,9.823273854690392,9.709174592185079,9.784579768902997,9.567897459881632,5.437214075033965,1.792194979325305,1.0560287409245062,0.10921461466487772,0.02848241972915473,0.13586149310117976,0.05886750208671011,0.09085096092577875,0.014208086861936864,0.14126291452951048,0.0,2.904534802280279,9.571026337155407,10.0,9.985230013284642,9.808314176940707,9.810535441245154,9.769777357589653,9.643169190794364,10.0,9.946504011904139,9.976321582522077,9.681060055548249,9.346319390285997,5.083404533248294,1.4005916124678108,0.5673749670862258,0.5952177041114791,0.6071004687408805,0.8297299270600988
0.8542547754973528,0.9998749271831695,1.7112402575146641,1.5631626772683853,1.8063092570896677,5.3652597616924576,10.0,9.928830745354754,9.946886452828336,9.98939943602903,9.969093058615934,9.828866896193643,9.764269620583615,9.563809930293298,9.950707952435966,9.94856593278182,9.796356473603277,9.887361516008,2.713603181108876,0.8090968547697859,0.2863862226330959,0.2446199997004382,0.1240832544995399,0.0,0.04041674033151926,0.7046118178659555,0.43385608287308947,0.4489794618903635,0.9720776434640663,4.384072900556346,9.708620697375933,9.785089679778022,9.826829281607344,9.93355207541564,9.743665433446825,9.957672962816565,9.965589397421978,9.953557112663573,9.946389320030447,9.99342980564018,10.0,9.882298868084597,5.3000637221652385,1.91708297273385,1.4002488538007698,0.8847852514653185,0.025601770113839156,0.15246546290044513,0.0,0.16505541569643056,0.06133394426884793,0.04577642806051485,0.09378605600352587,3.019363009019541,9.913639039982312,9.769891011723809,9.961502146031146,9.737784823633167,9.858936524894247,9.989735539002412,9.71572091042282,9.372602886825344,9.830271437862907,9.861208430127142,10.0,10.0,4.151527440694817,0.9394472803557394,0.2499474774118473,0.0,0.6032542208690369,0.48965055178656697,0.7913914614145006,0.32316198661452733,0.16061642329347045,0.32421828136753805,0.0,3.640962994918581,9.742418019945266,9.852201212943637,9.907443471137956,10.0,9.954784813202314,9.91790971224064,9.525691452306614,9.757413451617621,9.57247993698414,9.879802082208881,9.782003065996703,9.617533831606655,4.470733341152062,0.5560671900165206,0.4265359981372139,0.616497811337219,0.3058044613863198,0.8315622535084463,0.40991826714863977,0.42060842242723123,0.21188764654749342,0.3917680358647396,0.5805737765126213,3.240897838052507,9.767858090839319,9.8978834928763,10.0,10.0,9.767763840901704,9.989870687122252,10.0,9.88763596292204,9.96041891626579,9.902611634838362,10.0,9.554219401658832,3.782566489632172,0.7438760863239753,0.24691543442877106,0.40004265422113083,0.2522112503742576,0.07158821218283491,0.16077672285731537,0.09287333947170043,0.03610155182377853,0.22030974099772974,0.11725661374966695,2.9676715829983595,10.0,9.604144268059642,10.0,9.350154709030342,9.959705376272396,9.987563829034908,10.0,9.650591885771885,10.0,10.0,9.797944278364696,9.940243888932018,5.123339543488851,0.8954515026353211,0.5403894242336937,0.05324134774194289,0.13730019473736454,0.012541530942073761,0.18100836885483693,0.18093351231526017,0.23050056904701366,0.17595079747677866,0.7775311974616108,3.2353188485621116,9.850729654975076,9.843922180969393,10.0,9.832354742285702,9.939507937627315,9.791457962348716,10.0,9.903400478613227,9.826640158877527,9.827390156650269,9.921695352825282,9.557826130523326,4.269629313312835,0.77716406363671,0.09377033148899212,0.46326801276192314,0.24286786241114172,0.34316873740083326
0.3251233862236834,0.2915344433608868,0.8860316123629557,0.549233987683402,0.6311670834639309,4.44847940856566,9.701005146158392,9.883191331678194,9.956661264845176,9.843201499642534,9.588374569204033,9.934331144027162,9.969673680115939,9.615786076784197,9.778508602867676,9.81714947811809,9.89341129496798,9.899110466086992,4.509698646860471,0.34314670442294914,0.5039104192710199,0.1664113738579055,0.08814948703423824,0.0,0.04505556045060882,0.23136653166026508,0.08576321295973577,0.0723598896556829,0.09326371224596143,3.0739426273349553,9.680407188053517,9.256198191079623,10.0,9.857807572701521,9.985007074727655,9.813922787590018,9.986752378103747,9.796893186981222,9.716017972041374,9.720347682282906,10.0,9.640189780551536,5.122571464276533,1.3563984008945467,1.2656787042700925,0.8101734808104377,0.5588642405573231,0.679496393979601,0.640264785659212,0.42517317490768847,0.46742182287575657,0.21221435673738473,0.0611732400254287,3.7957345276505814,9.867209605398102,9.797536749307323,9.66625525519568,9.819979638943833,9.968071265884737,9.725754925492073,10.0,10.0,10.0,9.679844957025432,9.452905833815164,9.816026549734039,3.758860631853726,0.7824374939381424,0.0,0.2137553013202197,0.13063421329685168,0.0,0.1308162334696612,0.06281720657433856,0.025372894470251428,0.1503875607623065,0.043434302049307615,2.9830755504772064,9.841020649378052,9.948379052557172,9.906635943387988,9.837265508030402,9.532975683400709,9.912428188445842,9.801882584661314,9.382145780989019,9.959005109851088,9.847057876233226,9.777430841365737,9.73594788097166,4.106214971128054,0.2340051306049022,0.44337869968809007,0.5860563048100677,0.6780269750583103,0.9370736027534039,0.5320915907219652,0.743023708237747,0.8244715837934521,1.0831076693771107,0.9286854053161029,3.574817478315987,9.926214925626377,9.973733509173906,9.950581545845342,9.861569053441936,10.0,9.733376747304268,9.829122226044268,9.725159432073102,9.917978569730208,9.823760994083804,9.779036519062979,9.879013145086041,3.7037730899406136,0.5614124788802669,0.19763057789394492,0.10344875698332726,0.08845802867392366,0.10798800387020986,0.165155169562003,0.09600783645743859,0.12099969010981686,0.35312600289227525,0.3693914842859576,3.3821717129519624,9.758890528360896,9.91068870303605,9.834783837127778,9.71410758915898,9.78215538652992,9.727648091806849,9.57675508084031,9.966969065404983,9.781294097211513,9.98619470722979,9.900040247394472,9.628522931228735,5.2334433497598125,1.608006004183442,0.5614010092549949,0.19389386558442684,0.0,0.0922652459186904,0.1290168512980037,0.09157020363122509,0.07810204536912115,0.0,0.11751682628689264,3.004504478385664,9.978783169642305,9.734322682244708,9.656315612873765,9.915745708516164,9.666044777148194,9.79658136024018,9.43211152846234,9.442085281284868,9.86991301368825,9.845358841537639,9.758686706843543,9.98014512127641,5.189870838718156,0.8214682177464837,0.4943144464060109,0.3938162295001869,0.4069594518748958,0.4293779229348797
0.2908855065981982,0.14222546789423715,0.23765754821221502,0.0,0.1148742608545897,3.050072193555931,10.0,9.997218103858229,9.732414679197342,9.434517066564633,9.909987913310534,9.729976185200666,9.981248264033928,9.762684842064575,9.68303502566194,9.62166720649978,9.877017602529712,10.0,4.805848764863658,0.20710175534748443,0.2450817186673942,0.0878716999172412,0.08269024647664007,0.11193702100398674,0.01000119000472205,0.6590371012879356,0.3064438210950751,0.32075743229687925,0.46055925511314955,3.8450574913507967,9.746702177498445,9.768247229709631,9.969642961770424,9.929766551480867,9.565967137204979,9.595942923043518,9.898377463244127,9.126666718295304,9.839004415758136,9.31900465199515,10.0,10.0,3.0635925061027867,0.3999676651467303,0.17463103069656655,0.48872913936399454,0.25343153939468605,0.10115198443058224,0.22283362918011215,0.3277503966844062,0.6930285695584485,0.4779406694175381,0.6617442263197497,4.301894090982522,9.973242007398353,10.0,9.98708091332481,9.585556438765332,9.952108643031506,9.879124774176773,9.965730498782094,10.0,9.694461837666086,10.0,9.845468796811504,9.721444931398565,4.494775140219193,0.4447278644801736,0.1254592078914191,0.024471235452852055,0.15202001653150918,0.08100279858355461,0.06275416420709772,0.005008830376043334,0.10796278455759734,0.06591731859741728,0.06147871996934428,3.015863009255375,9.65747901104788,9.732127674434423,9.787675785733361,9.996141959765342,9.955507168625456,10.0,9.865991249211545,9.857494706719159,9.457973259573718,10.0,10.0,9.95672747903823,4.345782089662627,1.0711542989673568,1.3898339306695082,0.6886865409859178,0.18764587197607602,0.22021197181519872,0.11071921426764623,0.0,0.01209670417414839,0.014626096517449519,0.0,3.038639902777847,9.878446639134985,9.747156883047975,9.990488295774709,9.83055502590496,9.679681962890381,9.703802715191557,9.722218575621511,9.539536401982899,9.892651314722292,9.332424327697652,10.0,9.727018254811544,3.8064572126324787,0.14260239346593073,0.3050528436605995,0.3692881459868383,0.0,0.12108115159624874,0.4433831996354608,0.5999380451559467,0.4557341733918296,0.6920039670028236,0.6355606450478906,3.5032915625045837,9.455109457242388,9.710286397592514,9.533523144500203,9.760662277600641,9.432962035378953,9.626719359612125,9.69047553688519,10.0,9.94076213169736,9.837204460876677,9.869657253186078,9.829496729908968,4.345378840151261,1.046650484842203,0.22608158615382826,0.34365326788427913,0.06012736949806629,0.06548387816831683,0.2204615713347563,0.0,0.03567046057808407,0.3123532368256573,0.5313560767140816,3.436956218776024,9.700020733624445,9.866586565089255,9.993207157572439,9.731613506182352,9.975335981885006,9.732018831453534,9.753137708108534,9.86419807076562,9.837749027346891,9.627447738506655,10.0,10.0,4.167459440617739,0.48379555907152694,0.7693244778220685,0.3673052721110789,0.1915706366951275,0.11073624861572753
0.6155635232668756,0.7560210154771576,0.6950642149667801,0.4587176819860538,0.4306484952729278,4.318859793125031,9.923316011135265,9.934594282605238,9.82329429425849,9.934594282605238,9.971017940337253,9.998488120255931,9.775923129728522,9.839217531398686,9.916905213554708,9.663644401222207,9.891890833803084,10.0,3.2859505183567235,0.0,0.0,0.0,0.06540571739476181,0.0,0.0,0.5344093590002883,0.8046327243668537,0.7772566061426296,1.0277843930513553,4.473537531466781,9.724956854479794,9.773833665119533,9.934594282605238,9.802591680068469,9.934594282605238,9.817371659302161,10.0,9.984857813548716,9.928582440864977,9.929191046255792,9.907816606525637,9.934594282605238,2.9031364359995657,0.0,0.0,0.06540571739476181,0.0,0.0,0.0,0.06540571739476181,0.0,0.0,0.00607677182731399,3.3992167281228154,9.75579329869428,9.7440361217204,10.0,10.0,9.820444457802855,9.732716842277284,9.72778467261758,9.757517690436215,9.565174905759202,9.916216178452927,9.998869659203814,9.829380455186897,4.2376568179119865,0.3110880172855365,0.5763735759193677,0.18844618184738104,0.38236832266363624,0.48869935389386604,0.33334653827998606,0.10098962048681953,0.06540571739476181,0.0,0.0,3.331973683596384,9.91761404062551,9.934594282605238,10.0,9.85049034733728,9.888505658234767,9.716304100650492,10.0,9.681843467571559,9.567219840517126,9.848715965303601,10.0,10.0,3.607535659506375,0.5752315805535644,0.8474232925313167,0.7248843153582191,0.0,0.0,0.0,0.0,0.0,0.0,0.06540571739476181,2.89427412898508,9.907931040442795,9.906268708829748,9.934594282605238,9.934594282605238,9.87600673682445,9.953358128243078,10.0,9.592194105138915,9.873565651423979,9.89882735578835,9.833765709005776,9.855770831921582,3.2403266120918746,0.0,0.0,0.34807243926340226,0.05550726596669526,0.06540571739476181,0.0,0.0,0.0,0.0,0.06540571739476181,2.525379482307104,9.830409042921143,9.880529280149629,9.423343819014704,10.0,9.934594282605238,9.783394603955129,10.0,9.928910322488639,9.744107067945636,9.823257035645902,10.0,9.908908752019217,4.27258096271391,0.8570596110987825,0.20984802100658995,0.22637161106987763,0.345063020193206,0.3385461695466055,0.6326086673321172,0.34835113876257684,0.3208527907506891,0.17466436767547708,0.4782115085318725,3.096702390737187,9.934594282605238,9.8460250197987,9.922160650121702,10.0,9.977787441390788,9.580600227424691,9.971698042872378,9.932419312054115,9.934594282605238,9.880995882254629,9.84176129414222,9.824651237978335,3.5751183629003283,0.0,0.06540571739476181,0.29333656703200583,0.1906503142026085,0.28864987188880825
0.0,0.15938869580071025,0.0,0.0,0.0749842273943378,3.498642965542351,10.0,9.969905040482882,9.831350576928806,9.696499097219077,9.788979967557736,9.811297888521114,9.759349642719611,9.749719168465163,9.981662812500723,9.883634553958704,9.747687376346688,9.808382078603687,4.894325847476818,0.7044882211909552,0.6687286258368383,0.25969266757002724,0.19304735859886737,0.09395210636342914,0.03323152298702639,0.02754045195886944,0.028222208199799797,0.0,0.05438200297828033,3.0006809236243637,9.929078659237978,9.763495543380248,9.936117388139284,9.967846497897085,9.901303780705998,9.82384194857571,9.925717020075297,9.992856607611216,9.845504670296647,9.567188250783584,10.0,10.0,3.8637023808039936,0.41631119675827555,0.1718449796166126,0.5132783456501786,0.8547101406467781,0.7111755102237356,0.8671220606209864,0.8583289131127202,0.9151672911614026,0.6460412758573725,0.717798976754962,3.7607729734744866,9.851532463631164,9.907691474399956,9.712717872968216,9.844466664121896,9.928788169042097,9.953320270629916,9.87999951927106,9.776844062889502,9.468167328823583,10.0,9.591879338484919,9.657921426189457,3.5953085132810987,0.017373791021625215,0.11908123591452062,0.0,0.0,0.039250827540844774,0.13873570361429455,0.0,0.0,0.009216755743191696,0.23650445661975206,3.2003274377131947,9.95589682425221,9.96094964353523,9.685308487894043,9.903509775945093,9.869245220512164,9.927378325682435,9.706597003111696,9.855550493239035,9.985087649763734,9.965767368414756,9.701583435611408,9.970106420417723,3.560942807388943,0.3449371525360846,0.6004546785191085,0.4507612962406821,0.22581024666032065,0.1541458899321796,0.22933945943559528,0.18596781771732337,0.37881488819483145,0.11469023003695301,0.026678741643385077,2.995446742978365,9.808107864761478,9.584172261959118,9.763495543380248,9.947438459470634,9.94146329851823,9.97539955534335,9.963951422203477,10.0,9.999079594065508,9.95340926179972,9.936444568748112,10.0,3.339583904195758,0.0,0.18548679510598481,0.09736143535791453,0.0,0.2315056653999989,0.0,0.1482219114098535,0.3897928306704513,0.42457403608021693,0.6320167717817133,3.5217100232047756,10.0,10.0,9.763495543380248,9.559537214981082,9.860033074885278,10.0,9.786096123806859,9.619075185499357,10.0,9.649113641294951,9.989015735441933,9.942539328788394,4.2162398576035995,1.0678074545436955,0.08653466909920057,0.0,0.051110695742782486,0.2072901615829852,0.0,0.04206927259273238,0.0,0.0,0.044862875817897656,3.05043192415914,9.53933656954435,9.789713997102494,9.272278019786151,9.931504114391029,9.897167468358377,10.0,9.84640339193223,9.51645599404357,9.953087391018014,9.733604308812577,10.0,10.0,4.067836967573893,0.40852243623795015,0.36116170726697017,0.1842003008489891,0.2960696678306747,0.0
0.10044878151379455,0.0,0.07782821621456075,0.01037496400840952,0.0,2.9590295587828757,10.0,9.682051216389041,9.899551218486206,9.674728103828608,9.558670436283748,9.936217772942673,9.626807317565929,9.983296642217647,10.0,9.730506688640506,9.994284232225734,10.0,4.541315416592051,0.4566545265007583,0.39634127713538425,0.6530744442011387,1.0588302202922335,0.5837147000211901,0.37374449988022523,0.1382989859931648,0.0,0.10044878151379455,0.0649359923589702,3.5143992923470186,9.825168311527596,9.426933939292839,10.0,9.744374647470734,10.0,9.937312247613526,9.895012513748533,9.997394153516746,9.940419163350775,9.998862368848002,10.0,9.888659189903871,3.7427464448675543,0.0,0.10044878151379455,0.0411720724025571,0.10703525304218435,0.10044878151379455,0.0,0.21114824304590646,0.3086932047477214,0.0,0.0,3.436502193521945,10.0,9.943166903738401,9.604024156750597,9.826761799428715,10.0,10.0,9.775545732639458,10.0,9.881455642771812,10.0,9.852430809503602,9.904597947765145,3.923964191283183,0.0,0.0,0.3930348921970269,0.27687422203357165,0.0,0.0,0.0,0.0,0.1101962721627162,0.29106177920433735,4.0450142238316475,9.388224329067778,10.0,9.997697771184807,9.8803358029575,9.746727647136307,9.670480672675001,9.923590543391763,9.95732574362318,9.619542255020429,9.87238956314316,9.972187300454236,9.836917303332108,3.676159734741222,0.0,0.0,0.0,0.08035173487580194,0.0,0.07531627321789244,0.2967133497488904,0.23165463732636696,0.0027199414761118917,0.0,2.988783723625669,9.787254810790255,9.980533800877891,9.535703621943115,9.765117578630559,9.86109989510685,9.899551218486206,9.899551218486206,9.956723028550606,9.899551218486206,9.974208118575108,9.844599523728448,9.67972642405144,3.797910579812788,0.5782329605303304,0.45782926980327765,0.16426419222791372,0.2940569016475274,0.2084382680608045,0.05885802259047475,0.0,0.11699103026698988,0.2541494138535015,0.1461748844106611,3.2755027608528637,9.937145615342665,9.735476420388636,10.0,10.0,9.960221486515657,9.99778028999479,9.775025713743531,9.93929054244258,9.890432113171787,9.905891105420185,9.60489238190237,9.537671037814297,3.6402416444221957,0.3749496728495278,0.025140802826937304,0.0,0.00806839416510649,0.0,0.27396534071604417,0.19966205886255683,0.3997577115482919,0.3652436241729912,0.8488123592273915,3.491419309748193,9.89822555316721,9.371836487697422,9.995318406588906,9.89272581200749,9.750065878800186,9.899551218486206,9.988958848483247,9.873277971576993,9.902489625610178,9.98420479921361,10.0,9.977984056923107,3.144824671843364,0.0,0.10044878151379455,0.0,0.10044878151379455,0.025630721367263062
0.22863312034620117,0.10846403296393776,0.0790275341076119,0.01751899638030792,0.11350296494399512,3.6023861552719927,9.825244053669369,9.962550315302963,9.685862731824773,9.80147111724274,9.663594730786814,9.990651725460127,9.740906534994815,9.967681477119513,10.0,9.609922718582606,9.60920971849241,9.851067672248725,3.8614515614237828,0.22397600124607325,0.18969396092935203,0.007767064563235299,0.20981807999317642,0.19102175533089555,0.43111593516438684,0.9424404854020287,0.977733547996546,0.8639716875707596,0.8227535727199033,4.389344944988775,9.755632027008204,9.53620426052655,9.58499596787551,9.99835601029685,9.564755948400824,9.84065327141086,9.969717295977091,9.938991126442913,9.869233697610243,10.0,9.69300968449941,9.889426473184061,3.3413029097005333,0.5001561467570255,0.006756604136676291,0.3156844309867157,0.09964046762969037,0.0,0.04449904528751193,0.13388624267117613,0.33487895479418417,0.23875102873130835,0.13025750103256994,3.5784794130949007,9.455011924950929,10.0,9.81005472821871,9.779333149590263,9.838213339377369,9.873058180806057,9.602076345905747,9.957298209638582,9.29774583571706,9.732915574125538,9.991622934506385,9.724124030469357,3.9440756215584227,0.24355114769037678,0.18604458335092403,0.06317914993898052,0.4195067243263836,0.38068349730220447,0.2291082016629856,0.4990890977070169,0.5034028221202459,0.5707731113471564,0.23256892290707737,3.8941428962761,9.729638926759932,9.62552946417361,9.257232374481225,9.72244621296595,9.866059831233914,9.840594937281846,9.777885716818316,9.984885709994213,9.931944900196612,9.718777010070243,9.894420604496439,9.901887506054525,4.117338804433446,0.5147734468356229,0.37070876795069274,0.1669541974594811,0.0,0.09788861051864402,0.1525093242768263,0.0637793764894899,0.0,0.04005940000726313,0.012104587683374662,2.8157196772105144,10.0,9.93511167002988,9.463466163774243,9.965074860169691,9.899756705009509,9.844838888243798,9.852498040746427,9.833642652443228,9.726533517957426,9.998602899637996,9.5194922081855,9.309089478717832,4.247401341919316,0.41788951490404574,0.689118080503912,0.45804516239070475,0.5019109074007873,0.05407804724806144,0.066888766910212,0.049498242716222066,0.03918432206385655,0.0980340345864633,0.0,2.8157294424196415,9.703749746552257,9.77629940441799,9.837545752869625,9.789076247104518,9.748728970690832,9.694693049857623,10.0,10.0,10.0,9.221446872852919,9.992288831387176,9.474107223428428,3.9947123333850376,0.6330302501410362,0.485403036482816,0.25766994312979075,0.38639837131153937,0.5899197760113722,0.8489217635764125,1.1667513987425018,1.0875378207378263,0.9506163201311955,1.3560826527852219,4.287217814732229,9.769305969445869,9.884705595650342,9.899741596905162,9.837201551992443,9.890223524996111,9.82905718874353,9.781585417921871,9.723282670264412,10.0,9.908925388018437,9.483169881648646,9.693020084487124,3.124377213600421,0.33454457598632253,0.24154132277988052,0.026284818669084345,0.10921636922408424,0.0
0.0,0.02777562649706311,0.09100544888246812,0.047964444585254055,0.047999047822808415,2.958726876863934,10.0,9.788919347828301,9.705464524314133,9.643730343370077,9.920277191195225,9.62507923587744,9.874060077313445,9.976800927942406,10.0,9.94725541091974,9.919153681195494,9.619611084276032,3.6152860766798645,0.15259639335366018,0.0034050998473257633,0.023841122115775035,0.79332140584776,0.6395190229659355,0.9691187906795529,1.236997142618665,1.2597684475174273,1.1609914914464023,0.8792981827428877,4.366804130692906,10.0,10.0,9.927958419485861,9.923345768626552,10.0,9.762786777268012,9.753297816147887,9.722165703706043,9.869838837142087,9.919445024759343,9.776950736895543,9.827387688237682,2.8810791914261875,0.18174962824967422,0.05184309492489764,0.12849214978892215,0.0,0.08267367772713335,0.0471483118600572,0.02975567811695963,0.25791392682095926,0.10124628193562915,0.10527478424546713,3.6702382739410835,10.0,9.76016320605754,9.692174700741177,9.854701284090426,10.0,10.0,9.981490700578311,10.0,9.66666877658624,9.85426663340463,9.792915393744053,9.944343935006689,3.9399805544009117,0.0428465495943301,0.44296126290869603,0.004697328923307473,0.2565320674660412,0.22955060435390384,0.14624775280491775,0.24510457381987272,0.3349283774629171,0.25691378081528216,0.0,3.5867189472177996,9.506255577049448,9.834706877910852,10.0,9.808402392573695,10.0,9.956540462254091,9.652431159508316,9.993184596940479,9.854032015673269,9.432113913807235,10.0,9.784386934071055,3.9708830273572526,0.22206172625780168,0.2639300869649759,0.055687773356116965,0.07234412462327522,0.0,0.06440927255668288,0.0,0.057670835416318525,0.09677379280945221,0.0,2.8931790034051454,10.0,9.700798069130293,10.0,9.967739562894787,9.866037691391332,9.499014375916643,9.931145560780502,9.971434428644596,9.784251176903657,9.914140854924252,9.747762731947414,9.468598154042535,3.539975294474725,0.4587665771532459,0.4339960851136409,0.28481339384247584,0.3619399042789927,0.20764387127664358,0.326492920448891,0.03962989309978143,0.09335600727336163,0.05194777307225537,0.06393732934895764,2.7986297875458694,10.0,9.919769972508385,10.0,9.92400480399771,9.81534827864414,9.923795492245782,9.850830410757991,9.86188758825074,9.995541027353095,9.933768746776467,9.499105765389018,9.663632205606383,3.7996828206670945,0.44321365004508084,0.13643443379556494,0.1294801260354156,0.3688361254638626,0.1655099303667739,0.6118316285534184,0.7059839384349768,0.9292687135203105,0.6466963028108104,1.0375611620800609,4.007955640524247,9.954498545105706,9.933811031495763,9.878577795577602,9.981676268088503,9.97731615591094,9.747170177015638,9.775313904215908,9.841673648025653,9.888954947936266,9.498885271901965,9.653366275941979,9.716573560180635,3.6026492175923055,0.17758461804591658,0.006193500013768978,0.0,0.15046050195895047,0.0
0.5769955268947418,0.6078353675369557,0.46976553880769795,0.6710938394747705,0.6033460070442586,4.533706814508776,9.804903164215538,9.83986011558286,9.61060128883236,9.654513515834559,9.919085818576391,10.0,9.512623930922926,9.968589006728518,9.701654720228323,9.924352292311701,9.823035759647508,9.91675928378274,3.462933610651931,0.0,0.0,0.07199955632114828,0.06410949790481081,0.0,0.056779577203389324,0.3248365683851274,0.6200505220450055,0.5760441917550779,0.4755899771813773,4.421432878646137,9.8347139817915,9.888049972810842,9.913110187345273,9.958490312703386,9.891109842065969,9.932473830195413,9.735381958979,9.675661061823764,9.77100056824516,9.77106091931289,10.0,9.644267828251385,3.0723625003569786,0.0,0.07691830984492777,0.0,0.08324071621725887,0.0,0.0,0.08324071621725887,0.08324071621725887,0.12124483095250636,0.03551302089151225,3.777767302824061,9.814717400448787,9.617318588440437,9.756050846326856,10.0,10.0,9.783575101981496,9.602336536045458,10.0,9.75852259768211,9.978513867053039,9.993382937263565,9.94208598700957,4.2906516189662804,0.4937983000003427,0.9212025106329413,0.07579653425249738,0.6344160065911071,0.43316156015235063,0.3238221497783157,0.33308250144036483,0.25965523259732887,0.08295132055517569,0.0,3.2471073715078727,9.78017605182937,9.94742198463957,9.935919381698671,9.91675928378274,9.870945223583261,9.856724982216477,9.895222389309188,9.525117505888888,9.949238963461775,9.454575172482715,9.91675928378274,9.828567057153851,3.787355820175917,0.7887729497835771,0.5057549894591631,0.7827587599920578,0.0,0.04933778703882658,0.17196780334156503,0.08324071621725887,0.07065338412144449,0.0,0.03357716298842544,3.208387664543609,9.906072515293769,9.993609380597702,9.93443638100998,9.978531465002842,9.77845856634306,9.97752630063935,9.96778998284608,9.622512688037942,9.94576999130186,9.818147781285985,10.0,9.831376506223645,3.1983371644453498,0.05304849183361755,0.04335864709588218,0.20733170067208734,0.08324071621725887,0.08324071621725887,0.025940075519131606,0.08324071621725887,0.0,0.0,0.0,2.8014362405160966,9.543490882900105,9.674784684561539,9.81544771550442,9.8521172275037,9.693478859899962,9.91675928378274,9.973307411325921,9.90028610307223,9.810701430312864,9.707809112485581,9.906394822727739,9.969256562043538,4.530451393242486,0.9213970988516285,0.26869321652390754,0.352217341936914,0.0853304684794462,0.08324071621725887,0.3977107181718621,0.08324071621725887,0.0,0.08324071621725887,0.08324071621725887,2.8359236763114404,9.975028323695533,9.881787400513197,10.0,9.891719441044682,9.916545256958486,9.955862232519555,9.685340035919182,9.965243772552524,9.895078175253914,9.762692418703267,9.73955237337708,9.594030866513897,3.88689111085423,0.3318627657384602,0.23416359907395212,0.6003003076751654,0.4796294500117479,0.1448532840818728
0.1080626330965633,0.0,0.0,0.02523839194777426,0.008291473298453762,3.2923309623766537,10.0,9.912019127308549,9.893284022279476,9.913782027118122,9.909505829610998,9.697710020447417,9.985599772774245,9.911189096541623,9.936500708929252,9.649486801628933,9.952718878759558,9.847755088235928,3.482334417115291,0.0,0.0,0.1923891643090908,0.7737211797629189,0.43376866537614345,0.4857250325946983,0.9544324409251083,0.356969228089369,0.5496509082472516,0.1752195884796956,3.947793763892286,10.0,9.86464469049452,9.831075617884157,9.862871705529923,10.0,9.42822340042902,9.826286631191865,9.817280565646705,9.704540584810664,9.919964040772845,9.853191203904009,9.897167657387321,4.070642966529108,0.2824379813722493,0.13120477960664792,0.24261842486011886,0.0003069297902818348,0.2685128309545685,0.19093038304432147,0.10127639968572999,0.2045599585522116,0.19659085168118884,0.08794645559079531,3.6965595271829628,9.939780313543915,9.905230434495955,9.853191203904009,9.744258429594383,9.853191203904009,9.766916805415674,9.789316276238484,9.794858388658321,9.853191203904009,9.59309791928729,9.863270523021669,9.74638610928011,4.569201956334529,1.1557841394440624,0.6061181910800457,0.5572407824805004,0.1468087960959903,0.056191571405639726,0.0,0.05121079682961881,0.0,0.0,0.0,2.8956398900207514,9.717270272418494,9.758313052654408,9.984274792632892,10.0,9.84889198514308,9.742830888922654,10.0,10.0,9.834947663038086,9.71280592053296,9.967623216264945,9.851672373364062,3.7669329644347203,0.0,0.0,0.0,0.1468087960959903,0.6335163952799853,0.5564843203113484,0.8603169606222812,1.2045549556487782,0.8926575821729241,0.8525122541038805,3.6226663076186556,9.780619999422262,9.956735501654144,9.63229149770071,9.887890249760465,10.0,9.853191203904009,9.929367609251939,9.950496123619118,10.0,9.919119370916171,9.697690731656339,9.918244974171964,3.1462984729642254,0.04103558431149078,0.03960376448606791,0.0,0.1468087960959903,0.0154905831272137,0.03202618829144849,0.007711683448857053,0.0,0.0,0.02864356729657452,2.7911140965522585,9.708480823761711,9.943593928718563,9.844744335701098,9.98456812720804,9.708416003836339,9.99017145418579,9.780511097036385,9.99550606417332,9.793128842008231,9.797257740428398,10.0,9.71576232886852,5.398308063328429,1.9082434270494122,1.8010452556479637,1.6061784351668567,0.9543942906066911,0.39608491432691556,0.2539013094551021,0.1254478841113671,0.0,0.0,0.0,2.4890113908031655,9.759918272790786,9.838790572862235,9.70195943490197,9.853570261843686,9.911312725162038,9.61378244417255,9.912932676559128,9.956788977252362,9.97475848454334,9.843582880648503,9.80135959739702,10.0,3.245735183714661,0.0,0.1468087960959903,0.07026146516573654,0.6419378074401599,0.9299239145929452
0.023090350758502402,0.0,0.0,0.0,0.0,3.7961125014212174,9.96726622807442,9.99129787986062,9.96901766288371,9.858430749806317,9.95,9.734894706363095,9.914228220871639,9.630019628616399,9.918302011521646,9.923775244110507,9.7074012236356,9.860651318288678,4.789069202146971,0.5242074174178631,0.5160091318375803,0.21511572396448983,0.029789860351687604,0.3164929023609286,0.025717252069600596,0.0,0.0,0.18548217178550092,0.047347990631921466,3.7789394552737363,9.95,9.95,9.942780150694073,9.91139197072454,9.946997015337397,9.697409503675999,9.977094547485844,9.9996194255803,9.912674843536713,9.914474780219482,9.95469431260836,10.0,3.0443966060897774,0.0,0.038000000000000006,0.0,0.0,0.011493451775280876,0.1989105161521091,0.010576455501696589,0.24166379896155943,0.2769889821895633,0.3259171285111705,3.4387677068599722,9.996674302365646,9.81064316761895,9.893377006905824,9.689739101941042,9.930537672408823,9.839876709112332,9.719275618089977,9.755254096817506,9.799790220770785,9.888346068301862,9.875602824777728,9.939565034773379,4.129727569063574,0.0,0.0,0.04429312754691828,0.02932125017798558,0.11325797621714809,0.00159856684971396,0.00402736578385969,0.0,0.032234167532963064,0.01769602163235909,3.1989910699520663,10.0,9.736114009988034,9.965823990101583,9.769899819225774,9.855478445281065,9.966658006805787,9.95,9.949054821193156,9.921793945737138,9.95,9.947858435726875,9.755004443867552,4.139159523108904,0.8753736245488861,0.865316456019492,0.8115257741165393,0.038000000000000006,0.1494077050390508,0.2349646215711359,0.021597240630043864,0.0,0.0,0.0,3.080303873128253,9.771282759798822,9.831011895204378,9.95,9.551030486341201,9.947446457244682,9.965986196839122,9.884570648063953,9.790261118791989,9.94346355060757,9.837761766928967,9.73373534569395,9.951285641057611,2.9396081102232374,0.0,0.0,0.0,0.038000000000000006,0.0,0.20470924729400322,0.35527620639987445,0.24266402973963183,0.42050954264469714,0.453715478357862,3.4530966967763566,9.95,9.95,9.900341186042587,9.903224996830929,9.935311376536847,10.0,9.92940562478102,9.811055795346984,9.611876635631607,9.94762299418965,9.917939535885976,9.743785291686052,4.067640403276629,0.8103889240957688,0.0,0.0,0.038000000000000006,0.0,0.0,0.0,0.014221394444444443,0.005108128866693209,0.0,2.7356723279131043,9.680088106528787,9.923190972346951,10.0,9.942794922469496,9.95,9.768891003276147,9.701902515455101,9.91734106899546,9.860699927092032,9.751430096883142,9.696591049978638,10.0,4.25843217595764,0.5459247467161319,0.3777399904173432,0.5951066467992392,0.22852087304289312,0.08008416195362006
0.05,0.0,0.08108736030120271,0.03991901195505669,0.0,3.654992703211334,9.83643647981118,9.914872853890929,9.947823345341233,9.969501523292086,9.855298230127854,9.937667212242522,9.938374114986468,9.93712261354934,9.839892733732109,9.898566127941345,9.95,10.0,3.0301763334548264,0.0,0.0,0.05,0.25119906980952766,0.5060747280308883,0.41117145672804245,0.8472238186853821,0.43221508057360963,0.6377088366694827,0.8549886792346925,4.456980596087022,9.906772802197544,9.979206570628099,9.83400011356462,9.95,9.631024179966197,10.0,10.0,9.94571645294162,9.898512364439386,9.739138165552234,9.881004335589825,9.79796267107013,3.6945476480388044,0.47378658815635083,0.10003910411050247,0.0,0.05,0.05,0.0,0.07350109399591649,0.02149588172318568,0.05,0.004903204614551306,2.9041163572419966,9.764523793171715,9.852085908694677,10.0,9.597134290106656,9.583406563007996,9.962326415794651,9.8192188082585,9.95,9.925451160214902,9.95,9.907579095999862,9.924653857660253,4.33679973780097,0.8985379931981666,0.6947385936116189,0.18426955934753594,0.4255194505254521,0.5579603811018228,0.3400917597438569,0.20171942541002486,0.03229247919868861,0.3175885347104787,0.30730297071707935,3.836381564184922,9.72919379462977,9.712856650396592,9.958402842665752,9.843445533335444,9.804276201624532,9.654035515085516,9.754052926098879,9.733738881759162,10.0,9.893654548633506,9.923371728611578,10.0,3.1699990343511506,0.0,0.0,0.0,0.0,0.0,0.05,0.00033669443150383116,0.05,0.21206555773196645,0.4918133384344796,3.108088935073009,9.95,9.913975468216181,9.760650902060297,10.0,9.95016252622046,9.875147768146553,9.83507710584647,9.823441952092692,9.95,9.95,10.0,9.96472709832977,4.01752702146091,0.4311871549423525,0.2224176889487247,0.12121393502455248,0.45913432494865225,0.0,0.0,0.0,0.05,0.05,0.0,2.956182160018935,9.780338810710806,9.785676556620807,10.0,9.98184694724024,9.772396966704195,9.95,9.718563487635457,9.95,9.905877831564446,9.894057358176099,9.776344223878203,9.672030607588425,4.411266431329818,0.9151601878432798,0.4906651594110133,0.7550681422283999,0.8333635514800817,0.4545505907706594,0.9738179956097235,0.6764446911751794,0.706518139997411,0.2604769918131366,1.1224976407508525,3.1841127608771616,10.0,9.903665991608703,9.965819265647093,9.931697128954221,10.0,9.87926036710917,10.0,10.0,10.0,9.804458962140268,9.937273761272461,9.88387345327143,2.654235081385984,0.0,0.0,0.0,0.0,0.07322864181092364
0.019000000000000003,0.0,0.010235773922785619,0.0,0.010811571997153302,3.2342900973188735,9.70368794813777,9.90369154653985,9.980531994545501,9.878759256026266,9.847586448912276,9.95,9.753027732022849,10.0,9.874387524756331,9.756703793315452,10.0,9.886195246134452,4.050766130148256,0.0,0.038000000000000006,0.0,0.7382954863934864,0.6725955236614696,0.5552314964753328,0.9064276996937342,0.7311343280055633,0.7782571415135202,0.6024759370787317,4.148353329525215,9.83588080454837,9.95,10.0,9.966992094145963,9.956733267149357,9.834225703246043,9.959531209984616,9.537222570075805,9.999207360123224,9.827882587401913,9.601761216134522,9.887922303469438,3.076639725266144,0.0,0.0,0.0,0.02242039876248959,0.00822027941549686,0.0,0.04153028678297873,0.08406457609703374,0.0,0.061319134342803706,3.8939830990015145,10.0,10.0,9.979715080860634,9.80468154853106,9.90828764836261,9.834388730873805,9.835825718177276,9.95,9.96853991176441,10.0,9.97124258327857,10.0,4.080150319108142,0.40048803876726324,0.5663383090993249,0.6596144932425194,0.6676941835235466,0.1366580406059796,0.0,0.16741432898314304,0.16066515246961685,0.1825942736972115,0.0,3.4147978232977794,10.0,9.695915920855844,9.936360103707766,9.95,9.796424576510574,9.767756493996803,9.827156613824378,9.88028664380631,9.95,9.885172995481943,9.774939268795046,9.829894071696673,3.772938105294235,0.11332376186932994,0.0,0.0,0.023963749857795258,0.0,0.0,0.01348364716995307,0.0070652008007762055,0.0,0.009618343272747045,3.242693491902549,10.0,9.95,9.924380757670214,9.83650103905105,9.95,10.0,9.86308576861115,9.966816234910052,10.0,10.0,9.56791917721144,9.593894394127737,3.8059965017274044,0.46964457407221244,0.22246476461940132,0.0035533722261608114,0.031567449822039344,0.0,0.013543467611212091,0.0,0.0,0.08029028738401772,0.0,3.305775003667055,9.982799008216828,9.480778717043579,9.931311444035282,9.860369463001698,9.985040503627642,9.584939098252812,9.95,9.722115389818997,9.846373991206839,9.954517364969126,9.813128605319932,9.881115300915285,4.199945160745084,0.6614299888000521,0.26179241351555316,0.7133134215748023,0.5596653947232034,0.3963141523987389,0.6181233820802545,0.5375991290521548,0.4620339505085233,0.45216602936530936,0.9679592319121825,3.5586740503949383,9.944101529322449,9.95,9.964359365621899,10.0,9.940488955906462,9.95,9.93500552554698,9.88695705007937,10.0,9.577047569776738,9.95,9.975935849324891,3.2156911457061694,0.038000000000000006,0.0,0.0,0.033392365783170036,0.08795261606242111
0.09573454154506619,0.0430030533480488,0.48596882045565404,0.3397905462804281,0.15682310620416848,4.258707580613574,9.95,9.642218698186838,9.95,9.852964463169279,9.987830223089288,10.0,9.953341930309428,9.886319629343362,9.938466382090034,9.704681782495541,10.0,10.0,3.497038434830688,0.0,0.0,0.038000000000000006,0.024393826548231436,0.0,0.0,0.018140381019865762,0.0,0.0,0.0,3.835466391659483,9.667708942717418,9.880355494481153,9.731434218870822,9.689241298859573,9.995196095371918,9.774267068227925,9.952312071379882,9.438553556427054,9.815006814372927,9.945727727535303,9.847460615745684,9.887971998118381,3.8577904312978517,0.634398532989305,0.5218682008335561,0.30969896251333184,0.005666666666666672,0.005784442268938219,0.0,0.0,0.013083270174261979,0.0,0.0,3.41692540548944,9.469531000736128,9.95,9.761210826670393,9.924287040739229,9.928941135522289,10.0,9.867478239776577,9.737883153721542,9.934350064836357,9.95,9.880478973273306,9.948118688349043,3.82526303402234,0.2013022669042756,0.12759730457302154,0.0,0.32577520668986304,0.36685632330794754,0.37783833721933996,0.2731664034806214,0.2708293583887077,0.43153013278265634,0.20562868510264357,3.4723289971916893,9.723278646525447,9.915387351486746,10.0,9.673221152333467,9.97263571238848,9.888984450611867,9.979577639915567,9.95,9.536277082530438,9.91713063693077,9.969305893997943,10.0,3.3400840150156323,0.0,0.19155855557533663,0.0,0.0,0.0,0.0,0.0,0.0,0.031178647877579128,0.0,3.1867217061882758,9.95,9.960761319420284,9.893565712774548,10.0,9.869342650959007,9.89407646741832,9.95,9.972033858676195,9.95,9.95,9.844718365227097,9.73679879465854,3.8833053858751025,0.8419963602854559,0.26656962727375766,0.3460169843864011,0.3368387062228475,0.06399241470172068,0.04449901696651807,0.0,0.0,0.3459999379690106,0.01244455457292233,2.927843946946272,10.0,9.895900068041593,9.893813437811689,9.931013229583455,9.90479635849393,9.878576965592991,9.919405594138073,9.95,9.949661360819226,9.8420697828215,9.479613356968565,9.874097302653677,3.743142245779347,0.31928606350454813,0.02919415901939734,0.038000000000000006,0.22939646656920962,0.008089368006508538,0.4394231094626653,0.6076824885031933,0.6614538199138149,0.49433146960465024,0.9813652463446066,3.4171563004129526,9.721676234555206,10.0,9.94299665135519,10.0,9.95,9.945414236986977,9.942598449304576,9.78444303383471,9.742149735101965,9.962811650591275,9.742590203714336,9.860709954081715,3.228822197221137,0.038000000000000006,0.0,0.0,0.0,0.10545794217136281
0.2080386896395568,0.04274224924670548,0.0,0.0,0.0,4.287745599609908,9.93016545321748,9.959534812495267,9.891641914355354,9.954040290383402,9.807776213013254,9.671129932051668,10.0,10.0,9.719534948362291,9.95,9.700731630414339,9.95,3.720947925765455,0.0,0.0,0.0,0.0,0.026380920132380286,0.0,0.0,0.0,0.016137353800751986,0.005715833333333333,3.6223343209668433,9.837016232119927,9.949264132250208,9.95,9.890955123398067,9.893262642558263,9.71387160466704,9.809395890616884,9.65032086570751,9.868945691236277,9.970901268344969,9.998689423902114,9.88900003283901,3.5405085883744496,0.22907410216846055,0.5665273278192706,0.4682974188516547,0.19049849001519692,0.13796305034728087,0.1425605832468496,0.2824085471370553,0.1486093608842526,0.0,0.36947253028477745,3.709371865006298,9.95,10.0,10.0,9.946524411482194,9.968107341710912,9.996523769692182,9.640896565738393,9.770834428843559,9.713795013814972,9.743484697624258,9.798398998433285,9.95,4.176479529751064,0.4633089513133906,0.012738694684124188,0.0,0.0,0.0,0.0,0.0,0.0,0.03694605784103185,0.0,2.9398975810123633,9.775574726693364,9.721404184917237,9.960960561026472,9.866121589588644,9.83337011085566,9.9518079830802,9.771402350713505,9.76419067114604,9.961253171108963,9.80190605550358,9.952301319532543,9.95,3.481297168208426,0.038000000000000006,0.32467023532674855,0.10192163313058081,0.10818899749768578,0.13676901415448628,0.24185202153814706,0.04188997820970218,0.03166666666666666,0.0033777777777777773,0.12670268001813262,3.2564263134551394,9.833149199509856,9.98420411876684,9.900912882516785,9.752061425040663,9.888132006213082,9.95,9.773009824355743,9.961091631941441,9.91969442340603,9.824132680700952,10.0,9.85331645115907,3.6494305403854512,0.05659798603141341,0.0,0.08081973005093179,0.0363187405502005,0.0,0.07923960004947152,0.1922282796613721,0.07919244754215067,0.5051456435280057,0.003316146375402918,3.391831047495858,9.869016564866993,9.808850838914523,9.95,9.841204353191047,10.0,9.929460516560754,10.0,9.811954443444371,9.885741600128583,9.589954717925512,9.9194269425223,9.853846831774813,4.287676130709546,0.8465223049604362,0.23940672170770394,0.058419864371441005,0.038000000000000006,0.0,0.0,0.0,0.0,0.0,0.2539447343638792,2.8675934839058947,9.943101279049545,9.830419777601035,10.0,9.93789165846828,9.824699515343159,9.95,9.492774608793694,9.980793594541678,9.942373207707353,9.861897783995078,9.71100729491044,10.0,3.597449457049902,0.0,0.0,0.29112244926152575,0.13331038802748643,0.26760084227631215
0.3494010674531138,0.9285479396199943,1.7659202875490347,1.3722626584669393,1.330171436545064,5.304635667350506,9.880254486242432,9.95362694455483,9.851515206191587,9.839875280923414,9.96163540853407,9.994564590826709,9.843533626038488,9.929330265879297,9.930185695663704,9.90368997214755,9.96662381795086,9.980614377656677,3.3434659011069585,0.038000000000000006,0.0,0.0,0.023073546712964767,0.0,0.022957764534601,0.005202105868688263,0.0,0.010178194444444445,0.0,3.8106330086589546,10.0,9.899475259804314,9.821581820904003,9.742925307940556,10.0,9.732654089013922,9.949591026455517,9.843400634025768,9.708793387457481,9.95,9.801098921332446,9.763427621821497,4.096396315354009,1.1389141553899422,1.089484678258025,0.5217768375285569,0.0,0.0,0.004890640636884221,0.0,0.03141587646860981,0.0,0.0,3.5014269243916707,9.842701326334698,9.90833545062987,9.899856120614396,9.95,10.0,9.914351471043602,9.95,9.826406030342548,10.0,9.958004874549408,9.858888220618498,9.975505365887008,3.1534684096237835,0.0,0.012471390843688868,0.0,0.4766527447892208,0.060737048389787864,0.20075955744004997,0.09804847485643449,0.3149189669514927,0.40195536345481053,0.025017768607830653,3.059306383374386,9.95,9.852579842488401,9.933238004734987,9.782211199886017,9.968283352430802,9.938268016318744,9.95,9.906410035139,9.679398257432142,9.971160690857914,9.964312707861383,10.0,3.349040826043265,0.10498302690319969,0.49031709252026967,0.2082320712296791,0.5181595712268909,0.07458161774546566,0.10802895039951745,0.0,0.0,0.009658690397552898,0.020349826143026335,3.1918182955472187,9.920245147854255,10.0,10.0,9.85438520798303,9.949729971132017,9.98356263575388,9.684580113414667,9.27396987547336,9.863520577336534,9.953200175799742,10.0,9.902805767837009,3.665369042975343,0.5904525577213894,0.357521436310829,0.21181592533964555,0.15198118121115542,0.020033750299733324,0.25027766058586426,0.17868377103730834,0.10753419798105811,0.358523873436505,0.0,2.853922054318139,9.951065240861709,9.81634857878585,9.772730190205895,9.989311496430771,9.905211182598869,9.95,9.934520343783202,9.946145194499659,9.732184904616508,10.0,9.985248341054895,9.986407166172546,3.858712994248457,0.17140566367166038,0.03638663197583399,0.0,0.0,0.0,0.29783454942983945,0.5508859415454682,0.4565164440254164,0.30482531557638987,0.6421145556203269,3.5000197337513823,9.929933723702458,9.81264967795381,9.992752989523263,10.0,9.767015353408942,9.948788633302177,9.889405133198746,9.95760293019158,9.919138618848024,10.0,9.349385790568622,9.863487961538453,3.427022527250017,0.0798152624679789,0.0,0.1184821194020743,0.0,0.03362616951391441
0.0,0.0,0.023335416666666664,0.0,0.0,3.6533874357810423,9.95,9.512835143691648,9.916032090328617,9.772549883539169,9.933347475704275,9.99663006900841,9.91340923591928,10.0,9.835040223906732,9.915542550023572,10.0,9.841206322430319,4.466007643258838,0.6273064340740245,0.5182402399230764,0.2996241443751641,0.4088180221564906,0.28026158970923076,0.05166224694391469,0.038000000000000006,0.0003512414860319125,0.005818838405368224,0.0,3.4317360095607596,9.882268614883902,9.924762917242283,9.985887490943114,10.0,9.97792964527905,9.83177910122486,9.910046167693418,10.0,9.837715965806602,9.850681974491147,9.946890721237187,9.485149716468376,3.340813496998195,0.038000000000000006,0.0,0.0,0.14355478852647924,0.38184751389206906,0.6701280706488849,0.6539893153489968,0.48375239115017404,0.30762404831885715,0.7480119327616052,4.32137340852659,9.839043107130387,9.926901829805557,10.0,9.95,9.747200353040242,9.947622585691317,10.0,9.95,9.880744269540452,9.659816630927901,9.95,9.95,4.306843850100195,0.06311779672196238,0.0,0.038000000000000006,0.027116462527037567,0.0,0.029934017722993898,0.0,0.0,0.0,0.014304044397233082,2.897606044796002,9.842873773818738,10.0,9.95,9.792330906338316,9.980717060368256,9.967633287664126,9.983691847529911,9.95,9.574428145233517,9.902334601482378,9.686002322208445,9.820714136474209,3.8861957937501135,0.45852194379600103,0.18056631661682787,0.37206764138686066,0.26419148889961475,0.39054919672309185,0.11220499399752167,0.2989332486199818,0.5778918062544679,0.22255199177191837,0.254523386964881,3.136701049365534,9.40474703090654,9.633912698698278,9.932857098121428,9.96725486933518,9.818444235170885,9.99490345942352,9.95,9.937898121151354,9.75305212880254,9.765610965978853,9.85305425428525,10.0,3.373231926494804,0.0,1.1353507523875761e-05,0.0,0.031538593796030974,0.0,0.008426225562711956,0.03755523539046205,0.00853183283557727,0.4884554661316535,0.30031121719755455,3.6136096172218415,9.885970323777565,9.87289850353836,10.0,9.95,9.79695537109373,9.915053293758918,9.66281128858314,9.635297814212247,9.95,9.990676809513937,10.0,9.95,4.59739848409928,0.7360184661565232,0.36878904022760245,0.34055749251464457,0.002535493617136688,0.0,0.0,0.0,0.0,0.0,0.0,2.7027293797898886,9.460793280078605,9.959591633791701,10.0,9.981619059986892,10.0,9.903027713817982,9.945919423823605,9.96715127368412,9.891420556409754,9.861568463289172,9.93836292763259,9.688679571155143,4.219975179030129,0.5099994676886437,0.09454204052381734,0.4134789705894459,0.3517210668762283,0.12446773403186796
0.19526740029263798,0.051988282655771205,0.16644824870660743,0.09442163783528733,0.0,4.197880713462124,9.787980638337354,10.0,9.95,9.949925417882127,10.0,9.864724993326044,9.917279287028592,9.940685552375866,9.88222481345675,9.95,9.937358271909483,9.95635275711976,3.810038992536628,0.08796919801975822,0.0,0.01771858028266111,0.0,0.0,0.03574568204309308,0.0012411069388488364,0.0,0.008727509259259261,0.006016666666666666,3.483569591966979,9.95,9.95,9.823706844494541,10.0,9.99138780803902,9.960750572154653,9.874573389996977,9.68609997530091,9.990222607357808,9.891129409452784,10.0,9.95,3.4866022911489036,0.038000000000000006,0.27869383768203165,0.3347741540789414,0.40039162823033714,0.26632659480003373,0.5430538033395333,0.328042946452556,0.466064638062865,0.19198388889199308,0.5837250138497121,4.508459382438422,9.628827144254554,9.919995145076188,9.997484270858902,9.58727412415538,9.84443444427152,9.659372870479833,10.0,9.822047134498925,9.976125479934025,9.960512099358015,9.938127050410634,9.857617413012532,3.7760459802845374,0.0,0.03167000304173715,0.0,0.037503617554347765,0.01664855222904594,0.0,0.01850556962405416,0.006016666666666665,0.01782321603566692,0.012444288100611316,3.0136098541076253,9.978910612569717,10.0,9.856182504019642,9.72904015634867,9.95,9.970581747933716,9.811520081961069,10.0,9.83223989222384,10.0,9.933581873195507,9.95,3.4410418054145637,0.3562161052129801,0.3877573560525133,0.46900626212011964,0.0,0.10770598566783043,0.3207592115399129,0.09765332107355902,0.15897996252873786,0.031523735687702885,0.0,3.092117247290739,9.95,9.95,9.79233710161919,10.0,9.95,9.920842843476645,9.972634372865555,9.943419581512732,9.646213351083214,9.95,9.762811408166959,9.771614444858905,3.6588967730169384,0.010655258686367623,0.1800081965265455,0.19183860019757146,0.2108364530813883,0.11921003480123643,0.0,0.5077984704148013,0.31745515389847245,0.4735790038553658,0.11707359066043635,3.432183258636136,9.95,9.874865701864238,9.878785949493246,9.967177433059764,9.991801771038068,9.627574571752044,9.85641324058199,9.95,10.0,9.875879403880194,9.793510168646028,9.494210637729136,4.259308096806139,0.40352206088199205,0.0,0.0,0.0,0.0,0.0,0.0,0.0,0.03162047948302411,0.39064438053618533,3.3864609260818717,9.83460101452869,9.995035756717147,9.90813817727919,9.940624112464977,9.989872870814661,9.92125474851489,9.79634830500479,9.97765535188678,10.0,9.73242622645195,9.925951717907154,9.95,4.166001688812527,0.5633972512331668,0.022843393413498326,0.20905263215754735,0.06852337896444743,0.0
0.0,0.024164305555555553,0.16331494280760264,0.0,0.0,3.6151445784879397,9.95,9.979492335606075,9.798991329384833,9.918876428885385,9.973895040122176,9.924034593620032,9.707818113760508,10.0,9.83648590898407,10.0,9.595678748989593,9.754317507614836,4.4931334395635565,0.3791998287520265,0.1076078893401085,0.05556936276451159,0.3869346921512113,0.08636053925324312,0.0,0.0,0.0,0.038000000000000006,0.0,3.546096040175507,9.749195920260155,9.95,9.91795379884535,9.99840483824384,9.956042630769105,9.968903908620971,9.980901161592493,9.985991521003568,9.928325684080132,9.952578162138954,9.770844778193387,9.717791006896574,3.387056178563056,0.038000000000000006,0.038000000000000006,0.0,0.0,0.0,0.1667475057553159,0.0,0.14696100320652616,0.0,0.3674148021812243,4.446186864039068,10.0,9.95,9.837123724442979,9.829210148677035,9.95,9.906789810669954,9.731625727953036,9.70859608703803,9.648052304821407,9.951161339233733,9.810783728570653,9.675883220768561,3.9812165241780493,0.28142785944727133,0.05539594690616059,0.4298873069466178,0.02340834984962123,0.0,0.038000000000000006,0.006200596977749564,0.015608611510085593,0.05908549954054031,0.0181504570645763,3.057245756835737,9.914978517261494,9.93383435329298,9.87394331803709,9.911079310494419,9.779505161000321,9.95780690730568,9.978519203553825,10.0,9.898918876666709,9.688356686555062,10.0,9.816578697276213,3.623060305361296,0.291122029211313,0.11845586998144045,0.005665694444444444,0.0,0.0,0.13397789178347735,0.003798910533370732,0.0,0.024585412307618904,0.0,3.2426432212426155,9.989550451725762,9.941659981079434,10.0,9.792083069985543,9.688688267616612,9.907022382943946,9.989283242412327,9.828110265300426,9.694297406990131,9.870987272892886,10.0,9.559500821990497,3.4462405095503508,0.8487818719452545,0.2584188738159064,0.1088609996261603,0.24985224715251253,0.19015569860035778,0.040583032224483825,0.2065550272641561,0.004649034769317543,0.15350578269971873,0.024214252810830145,3.3128892965339616,9.954558530314038,9.95,9.603408541093803,9.865612984239627,9.659617798403522,9.6320750203756,9.835106623133212,9.909739534396426,9.710725325835407,9.94957333137618,9.794608849203076,9.611425898086635,4.132791659939731,0.2266057769131546,0.038000000000000006,0.038000000000000006,0.025948929388166824,0.0,0.03926796063542035,0.18988608531843654,0.23154827043131324,0.41418312406590535,0.7908521467727294,3.6691438951014153,10.0,9.95,10.0,9.759819742469007,9.962386409118803,9.966034465423984,10.0,9.95,9.971546707158087,10.0,9.95,10.0,3.6102688390542172,0.17649768448331155,0.0,0.0,0.0,0.0
0.019000000000000003,0.0,0.0,0.006121198937469101,0.0,3.5759750793979976,9.967305836312294,9.727820622394251,9.961776606118153,9.722316165472984,9.577383522229258,9.95,9.927022993857001,9.938350631427374,9.990296085412158,9.952527926246214,9.923782836653471,9.754016047595277,3.865459804010738,0.0,0.0,0.038000000000000006,0.17983972731509487,0.0368124025482897,0.0,0.11528793303300608,0.44946226185945776,0.038000000000000006,0.0,3.913249118706554,9.961987274326642,9.82822853564438,10.0,10.0,9.726608699863613,9.95,9.93769666786087,9.669552178829315,9.726216078376922,9.989322490904941,9.86968174197196,9.703349094285027,3.364138196453924,0.0,0.0,0.027795378426060335,0.0,0.03133333333333334,0.0,0.0,0.014230683623839498,0.0,0.005396031855355167,4.115457868547007,10.0,9.96287939869598,9.792922755277525,10.0,9.96530353944578,9.807838548925924,9.634467564319715,9.815372065158545,9.967990225117624,9.845944357394835,9.79582514384167,9.833288535780765,3.669165237253087,0.0,0.0,0.21244765465360527,0.06651602159169702,0.2576020468420222,0.3745352783471153,0.4837535809320592,0.6374409048307674,0.7054821958143833,0.5111603778975753,3.520692439824725,9.413467357876998,10.0,9.970398114296358,9.814811226790702,9.751221315096881,9.984350175745602,9.92568273090043,10.0,9.987308614163203,9.410271553984758,9.92695927059486,9.962192762694059,3.3763718787643384,0.17921433816303892,0.7675933124600879,0.0,0.038000000000000006,0.0,0.159870186908283,0.0,0.0,0.0,0.008318800358432236,3.1356782760253434,9.985246652328298,9.863053244444474,9.903287421494673,9.864739067165361,9.782140207271382,9.757858195772581,10.0,9.934977331202372,9.977703826689565,9.88087441203829,9.991377446061877,9.755311380756584,3.8153568594158904,0.7161016789462915,0.42368246236867696,0.5547874808883766,0.5098562613197611,0.23380270045770474,0.0,0.12239828088742508,0.017858696684500585,0.0,0.011732499999999996,3.2629213643354964,9.770185017072976,9.87179888079667,9.884187666063532,9.960885419683155,9.990405060254039,9.94950537165611,9.701708435712561,9.95,9.55399659106357,9.95,9.938209383674007,9.975849460945925,3.9183500990285776,0.10146843447413281,0.0024070951640337984,0.40905877548886593,0.0,0.0,0.052876378330751074,0.20513568716501276,0.12534498017116846,0.5754831724359852,0.9069998411043568,3.8582167329690296,10.0,10.0,9.79820198255598,9.712279150322075,9.914352546502851,9.947705353919853,9.646130257891071,9.844641155248427,9.880863753109088,9.95,9.85404961888119,9.847598520105215,3.6397305875048933,0.0,0.0,0.031157381423339525,0.020191107350423978,0.0
0.019000000000000003,0.0,0.04112947661543222,0.0,0.0,4.000694715928599,9.511077425983125,9.995113663333159,10.0,9.823170855443964,9.878745909636995,9.730447833878944,9.885966398709211,10.0,9.97308578037365,9.705887397136076,9.985970221348621,9.844510921581653,3.7214385696915553,0.0,0.013352872850826253,0.3379901260770062,0.45530404255539086,0.36727127808988785,0.19743082684714353,0.25463240275971244,0.6642077422138495,0.06245140127324598,0.06717222467878624,4.179729190533626,9.861313828521382,9.91564421801661,9.95,10.0,9.992745876298612,9.957828178662595,9.94900540296053,9.989249226288138,9.97968539965051,9.948982663637093,10.0,9.761853900518846,3.5476597407682355,0.9937398559527643,0.40183177948190896,0.0,0.0,0.0,0.038000000000000006,1.997290704988143e-05,0.0,0.006001011294422213,0.007522464620764394,3.023427287211236,9.66899817555069,9.842343174067048,9.7201045857479,9.584357380285518,9.927224609366217,9.79072664251969,9.873076454298177,9.822389745667575,9.904015587101295,9.95,9.87705031686173,9.870323181535937,3.7386493619037258,0.8980121641573828,0.3485842327334742,0.25844629641929023,0.21731423586506424,0.2507398835339819,0.36799976426266917,0.01447801136946717,0.03671502641025986,0.0,0.005939740648431106,2.897914699609284,9.670157519469678,9.959418155354445,9.798401125942513,9.68332464309686,9.818304902716502,9.95,9.964461085605043,9.873607245043829,10.0,9.69837693565946,9.963465832877278,9.945889976422503,3.5109607963488045,0.0,0.038000000000000006,0.000457712868293615,0.0,0.20661968233183858,0.17291258840477722,0.3455551181989702,0.09461173211575642,0.4055204012185135,0.292741070358192,3.726484178062742,9.927193423013852,9.898966742650016,9.975634275723513,9.949073528479115,9.983249339000151,9.859439575029722,9.780452696965014,9.91828597090686,9.987490943927002,9.37306238735012,10.0,9.755804116229754,3.275940489033669,0.06707355647201271,0.03249375683999934,0.18917237389525582,0.1266674481755678,0.02891239657850072,0.004927500521879611,0.0,0.0,0.013341136669662648,0.0,2.958134385581702,10.0,9.90970255872572,9.95,9.998687851550619,9.95,9.935654836090585,9.956005819463543,9.828995241151649,9.815250769092408,10.0,9.91099136344842,9.963009242295685,4.677739835203921,1.4208592593791078,0.9673956771151803,0.8075076776685994,0.2522601623799915,0.4551023107624215,0.35927891213884405,0.5434027283414643,0.3788934513560658,0.45020833068705546,0.5033057388093429,3.364944260784452,9.884138547109766,9.649160709729827,9.6557458488351,9.58082417840609,9.96592589861844,9.64411159323995,9.95974230460221,9.948805416327803,9.957139815225451,9.998510024078227,10.0,9.665474959651894,2.9103896827669304,0.0027969291771797176,0.01706993976975478,0.017048171086634263,0.0,0.02364968377318406
0.4812916616370166,0.8525270935288058,1.3864064087088201,1.2936880702912017,1.3118483967239485,5.341846737662322,9.886218657334863,9.851689365701997,9.948746249478644,9.878030445568742,9.709711072435406,10.0,9.95,9.968879272465392,9.565677831161112,9.847864616368907,9.95,9.89797138493853,2.9778837899092223,0.0,0.0,0.0,0.0,0.038000000000000006,0.0,0.0,0.0,0.0,0.0,3.73864567517799,9.92239567354958,9.704789123199745,10.0,9.583838744230723,9.981725388101962,9.892737480630105,9.863259277094278,10.0,9.960941458866039,9.95,9.836420628497827,9.839066561624248,4.62433364761424,1.7505760505503363,1.6958481118504367,0.8850140423042293,0.4580059065752803,0.2925474807625714,0.1351349222723268,0.0,0.008666355327713857,0.0,0.0,3.5042940294929377,9.693932512133182,9.923237354481538,9.810986381553743,9.691444963503141,9.979166627410992,9.984655201038255,10.0,9.884542244562468,9.952736725178347,10.0,9.799533296608564,9.665353453223425,2.9913668325929477,0.21264212009369537,0.0,0.0,0.0,0.0,0.038000000000000006,0.0,0.0,0.017632196973957175,0.0,2.588894673372408,9.739335398461419,10.0,10.0,9.928488509694056,9.89378037460523,9.725095804506623,9.918494682746532,9.95,9.941752952128695,9.678993562305052,9.95,9.891035073945897,3.3211172977887933,0.17538449728407518,0.7952259040854663,0.6427388236366821,0.8486008994852999,0.4069395917880829,0.5788881282936529,0.7453897879386063,0.05303019404150153,0.04433793130484432,0.636638798762702,3.4620419027734797,9.767448939078866,10.0,9.828534506351753,9.617150231858096,9.540143835825496,9.963788994448231,9.943082264636706,9.892079757179351,9.95,9.870634311046595,9.91238065848853,9.723518856279153,3.1586030856190463,0.0,0.0,0.038000000000000006,0.0,0.18588656917267377,0.043179953468342636,0.4570820821262148,0.1358881442921934,0.4302593884266272,0.0,3.237225388533822,9.64293428335322,9.940378085105994,10.0,9.709835984703206,10.0,9.92684994953876,9.975844795681986,9.927639456537761,9.95,9.799038299780147,9.75622390312819,9.847034626168567,4.654282464181497,0.9612754214363486,0.17471575495816558,0.0,0.0,0.0,0.0365133037037037,0.0,0.0,0.0,0.0,2.572097795882909,10.0,10.0,9.814961449576353,9.756085164927706,9.826040028559131,9.788104930025964,9.857734547280723,9.583341838456455,9.979401984998812,9.915682768440263,9.934189816137616,9.643200293125371,4.60282592186198,0.9163403801930112,0.56060577433951,0.9125754946430533,0.33692384714693313,0.015131010703627358
0.01437130835865011,0.02446513888888889,0.005816111111111109,0.0,0.0,3.187240977865852,9.969537857477029,9.836836711838657,9.869419930203383,9.958556002892209,9.984230725037033,9.350508512086984,9.97893836024843,9.651835638640943,9.99325094747001,9.987628347225593,9.701765242641626,10.0,5.2480391666820045,0.9720189661500439,0.34841546005705865,0.3469658706322194,0.3576665128559659,0.0334624616498582,0.008911351851851858,0.0,0.011531944444444445,0.0,0.0,2.863731638753613,10.0,9.864429951693213,10.0,9.937592783912493,9.994382482558558,9.994516640091502,9.804603155610305,9.905659838182663,9.47753670147984,9.715663192791645,9.994109375164376,9.704953946063688,2.8286241894627038,0.0,0.0,0.038000000000000006,0.29605132940521633,0.587650734229739,0.8547139872378647,1.075898253302724,1.1411044231007537,0.8213060083014911,0.7015925600049648,4.091987903910409,9.986444444444444,9.95,9.986086342924432,9.94233651977918,9.925775533479008,9.856393826659733,9.88830662662054,9.91891751877718,10.0,9.93495244026543,9.956540206304252,9.951495834798253,4.087915985128508,0.0,0.038000000000000006,0.18784671815185772,0.0,0.0,0.03563243877332625,0.0,0.0130364741756861,0.05598487002670078,0.13465178736161396,3.546757104210766,9.92222896733135,9.7676810479001,9.831721709587944,9.885320521583257,9.894400200379573,9.700244642907581,9.858542430364546,9.924426253265779,10.0,9.881850783061616,9.796014280607753,9.95,4.031990226075088,0.17717778425198197,0.6460409031451627,0.0,0.035408888888888886,0.0,0.006083801414959097,0.0007112299200321883,0.0,0.0,0.019273800983417154,3.08778530869,9.739790137725505,9.956957292263278,9.853997576534912,9.894272273968815,9.918385218229625,10.0,9.91792173968041,9.726337184417693,9.913412879344195,9.992310500384594,9.890730640808677,9.773494694453968,3.74172665296047,0.0,0.3284591865365576,0.010598007280569782,0.11415714444427125,0.0,0.0,0.08554942841823603,0.1377673776005392,0.5746836618357644,0.17806872588516368,3.5396097931739794,9.760124459696861,9.960450201214355,10.0,9.838427239798342,9.945503330749846,9.99474161064562,9.875064941388823,10.0,9.919918325700609,9.928925156801728,9.91771212525999,9.893687973834291,3.7063776474576944,0.21842903491451807,0.038000000000000006,0.0,0.030879997794401898,0.0,0.31360007321721084,0.37916437148993476,0.4545073335324078,0.2850998299410631,0.7707119051995189,3.7650219446462896,9.855240334402662,10.0,9.685081907046694,9.81719561389975,9.972919655913625,9.983992269006045,9.996099603138648,9.968729552884932,9.882790086953603,9.868512727122104,9.77679312811173,9.760703469833832,3.7183948174737576,0.0,0.038000000000000006,0.0,0.021468850762654725,0.0
0.019000000000000003,0.006016666666666665,0.00615954269457124,0.0,0.0,3.8087252741056354,9.95,9.946757073460592,9.95,9.95,9.835051241975266,9.95,9.898953469943487,9.783413336684355,9.855984761701448,9.906829024448049,9.802891578659573,9.905089327438624,2.9619625948542394,0.038000000000000006,0.0,0.0,0.5084255902681885,0.4359998221732275,0.5063172064421027,0.5207433875890134,0.46888502108501495,0.7777396983573546,0.3376026027292509,4.092901850481846,9.906013493875228,9.92171891445316,9.97631937852124,9.852544901571182,9.991335148154018,9.830722922194813,9.747989819884564,9.587030806846384,9.747140524437944,9.7710108914511,9.864635473738893,9.841916178031989,3.8966024588499977,0.9246253049893315,0.5886869672329398,0.36936996692889823,0.0,0.0,0.0,0.0,0.038000000000000006,0.0,0.0,3.2363161782309784,9.821195761297686,9.95759847722911,9.826321313209274,9.59117347557673,10.0,9.995786346495509,9.965405089818876,9.526635610048068,9.95,9.557817154281867,9.95,9.817144187913948,3.770016887640611,0.46837255390438576,0.3563388287290971,0.0,0.40268051767955404,0.05926899155443965,0.0,0.0,0.016395292056506836,0.0,0.0,2.657376759996053,9.610757572537642,10.0,9.528832256008279,9.983360342530414,9.930006287182936,10.0,9.892979886812244,10.0,9.714485680454823,9.919360267678039,9.894579729047267,9.846167513528599,3.915958433620571,0.10099430861395438,0.0,0.0,0.186858988401776,0.41583261525063847,0.26933710930912247,0.42197872523275515,0.25671771999222887,0.41513024999804904,0.43549363978158184,3.562191627421111,9.964098777103791,9.976596199741717,9.976903270968867,9.929573362314379,9.76269772023985,9.903298481858265,9.99791174099933,9.845058681279545,9.538205375201146,9.914477971422912,9.959721990041455,9.95,3.2093164261973275,0.038000000000000006,0.0,0.0,0.007435897534771085,0.02779200369979682,0.0,0.0,0.007637898054053191,0.19720068328177912,0.02090263033662294,3.1797819117776576,9.799477940479902,9.886006182636324,9.97056100482255,9.964112794575339,9.901857055878688,10.0,9.99199788555804,9.8178265055058,9.932333858767027,10.0,9.86391355053414,9.985045436289274,4.722533933393378,1.2120748629604614,1.0361883981586242,0.5334409415783868,0.5175035277508311,0.28360849877279437,0.053470844027823775,0.16434003639347097,0.030214773363051974,0.004342132224345908,0.34467420109584235,3.38510006730752,9.940859558831592,9.9594164239006,9.879281095702767,9.95,9.979601842332977,9.897103545772486,9.995163268329087,9.95,9.949536334657518,9.86718808179141,9.95,10.0,3.6447298879919914,0.1846302405609528,0.038000000000000006,0.16638640893055429,0.21753124353831688,0.20554791800884595
0.4643097763279451,0.958474036182577,1.8693464749526352,1.6272204309353657,1.6598396106564672,5.358355878418284,9.923263935368881,9.951047111144947,10.0,9.962975452449475,9.69467383988634,9.881048283597458,9.938218165476256,9.939199885332034,9.95,9.629118485126964,9.99892287415619,9.992614546305493,2.533391647098112,0.0,0.021387303089268662,0.0,0.03487706374189836,0.0,0.0,0.0,0.0,0.0,0.1399913442919624,4.145861627739639,9.99586069132612,9.856561402879116,9.927500807173667,9.739011690709706,10.0,9.832663815658051,9.936323960236466,9.844764142485866,9.945322517212647,10.0,9.954802183046626,9.937001159831041,4.286839527261015,1.5309076630887044,1.2674463810864933,0.8206311635590225,0.0,0.0,0.01016224814814815,0.0,0.0,0.0,0.0,2.6670134402355132,9.82157016291523,10.0,9.85959644880971,9.729529260761469,9.832762687955139,9.95,9.970718382414505,10.0,9.896559506963994,9.933607967986193,9.97746679345571,9.864113135005146,3.384469792420281,0.0,0.038000000000000006,0.1370798647559731,0.5469419467662635,0.9700866968997689,0.47189120292451336,0.35806307554659567,0.3125178842034794,0.5881981184711887,0.8574163345046804,3.642376498511182,9.653447075236425,9.95,9.712814325871031,9.90181158243945,9.95,10.0,9.552839184505624,9.938414666541666,9.95,10.0,9.556361176944746,9.829010361275069,3.2351368206267503,0.0,0.207090792678128,0.0,0.0,0.03479135802469136,0.09191727288463956,0.0,0.0,0.009673713922739833,0.3768487235577768,3.6334473687666686,9.703715619624973,9.85375493024323,9.971396058424341,9.864032502019594,9.851609425565357,9.914705812701555,9.886071435476676,9.958294982419666,9.95,9.73188220643837,9.98781142347067,9.803270534450444,4.02335134022965,0.5731880810339939,0.6245685224336514,0.19987727603402103,0.16466360277326036,0.03823993878408259,0.056811917354135794,0.25707811022337773,0.7012474844190386,0.46501650409582307,0.038000000000000006,3.270453250807861,9.851835277178468,10.0,9.980153033738217,9.912657621184358,10.0,9.95,9.67009462841673,9.945304255720819,9.949352802164082,10.0,9.870162749697064,9.883961209558501,3.401968373247846,0.12836833312348891,0.0,0.0,0.038000000000000006,0.0,0.11467405860490822,0.5360524609320031,0.2974631879475413,0.2663957905865593,1.0304754938287035,3.855662127764065,9.936946899474403,9.894288019067343,9.785638642441087,9.991408257420849,10.0,9.95,9.982903600176616,9.935523338075612,9.844025722426172,9.962720835851744,9.982029163996934,9.97021498578165,3.9585459249682864,0.04680398871650452,0.038000000000000006,0.0,0.0,0.0
0.0362677305526558,0.0,0.028064065391528212,0.0,0.0,3.5145339421253987,9.37581022873259,9.502090351222796,10.0,9.864396860780104,9.643821358359022,9.990722875543765,9.931012416334012,9.905170840898352,9.956174832079475,9.95,9.774874122916042,10.0,3.3202848537185057,0.0,0.01450990681551332,0.0,0.10192585446540095,0.31979501831813406,0.16070081050493273,0.8034982834469676,0.7755013438208817,1.191131619454396,0.7058093783746745,4.2417809777920565,9.56797609456717,9.931082868088104,9.95,9.967254302128671,9.847334162695182,10.0,9.95,9.995824385743795,9.729039740647568,9.9562023246702,9.454718956607724,9.940914951467475,2.7144338942501585,0.0,0.0,0.0,0.0,0.0,0.0,0.0,0.0,0.005626562401333535,0.027792291544344754,3.6852916397447206,9.923297760044631,9.88660122801705,9.95,10.0,9.921868624473847,9.490099187810562,9.995747785358844,10.0,9.916513725935717,9.838506345514304,9.86616208996829,9.95,3.997225671673285,0.0,0.45682240681718495,0.0,0.2347200008668578,0.1026646517461745,0.3131813884862444,0.34363515284934276,0.3602951657598973,0.5666755045646678,0.43491488543733364,3.8508762566507375,9.735156553331779,9.630593390982163,9.787592443563788,9.928074812965539,9.94812333485644,9.974293464826939,9.920209209054939,9.95,9.989728913890877,9.760676501917374,9.934613779119534,9.831529617778694,3.8255350504770758,0.411982340914633,0.6628798231484493,0.7070042753372897,0.0,0.0,0.20178049486173918,0.0,0.0,0.034713086419753084,0.0,2.9204913674424438,9.909116854715537,9.93406038684939,9.740174592467195,9.898960925506309,9.81758372609235,9.932413794780507,10.0,9.928211945500058,9.88995284254597,9.713650609235618,9.95,9.792310682451548,3.7204734664593233,0.0,0.3640827412558494,0.4568889527716581,0.3702261006518102,0.5428596528190747,0.06257766535517528,0.03710799541408717,0.0,0.0,0.0,1.9611426439840771,9.474757835032984,9.974289260715935,9.909699939079816,9.790238283110101,9.742007406694718,10.0,9.898025543427668,9.95,9.962476593182803,9.935814806353193,9.943331286429702,10.0,4.250792080014228,0.45712880293623215,0.025728001505604666,0.23131874259769825,0.5008810170046271,0.11759930635884636,0.4115576261468008,0.5499858162557508,0.292700619784889,0.14593453670056894,0.6688350372970835,3.158820420492011,9.88752894300981,9.908795110308311,9.90016577348103,9.906817644732893,9.69900876828927,10.0,9.95,9.82645656226579,9.882473650435085,9.64814982532492,9.902463583786677,9.60997673167382,3.5322648243793737,0.024579651690653397,0.03472359955123977,0.014265302407650596,0.1768506008142414,0.8024213053821345
0.26662778101671686,0.038000000000000006,0.0,0.0,0.007346604739875659,3.432439505614768,9.95,9.909944934741752,9.409524773627357,9.785057058161652,9.939832303750599,9.89054926887222,9.962746475829745,9.877043553830525,9.82803604290959,9.786232227991777,9.9961028329903,9.803359303372977,3.893114341790448,0.0,0.038000000000000006,0.0,0.3023211981927051,0.47830332900045835,0.27175952633892625,0.8474419575321418,1.0198009185046837,1.0775809977512243,0.6918932528768886,4.160556234451193,9.724784910201478,9.83129453493542,9.88605726091788,10.0,9.912056504846785,10.0,9.951422207505773,9.933778258265473,9.849776761448625,9.953058198019587,9.95,9.93866589286919,2.376719135075743,0.038000000000000006,0.0,0.0,0.03205555555555556,0.0,0.0,0.0,0.09668102954952355,0.03923457668057696,0.0,4.129726173195517,10.0,9.636075119856098,9.758865118876319,9.992112649020822,9.61207924407307,9.64169953327163,10.0,9.880502756224699,10.0,10.0,10.0,9.987963121777932,4.906149664994344,0.9654079899702942,1.0094434660677187,0.9448375764462449,0.3680422852725596,0.29616353268505363,0.2019209558759063,0.14520381940754531,0.0,0.038000000000000006,0.0,3.2687604569355675,9.95,9.979775130298163,9.917937909263456,9.95109614550241,9.86345186123703,9.95,9.648826107021462,9.878115357490186,9.963619917045746,9.98510324038215,9.899821021005394,9.713244822949479,3.7926248734384065,0.08598476669351397,0.3169476504667666,0.019849198158221358,0.0,0.01077986111111111,0.2160310074026878,0.02700447236249569,0.13154228862487138,0.0,0.20829550583844916,3.2229071021729903,9.961091724284758,9.95,9.66591935532672,9.873130609121988,9.999144802866448,9.969291052627753,9.98359520900699,9.95,9.95,9.95,9.784096029153533,9.984199153050037,3.582781868739941,0.0,0.15140252412791239,0.0,0.0,0.0,0.0,0.0,0.0,0.0,0.0,2.649921171760267,10.0,9.861701721206536,9.997104923814154,9.900179123649442,9.949651944471842,9.801197847441083,9.608817732327445,9.95,9.932124839882729,10.0,9.95,10.0,4.3169060879804135,0.9254641755830687,0.2933488998485652,0.7445945359399685,0.5534349580975005,0.08951824394680652,0.7350293083034175,0.33684807126195604,0.036951943071827226,0.0770323366857173,0.40983860223537893,3.2138596092578906,9.683151232700766,10.0,10.0,9.700416587905169,9.839271671255272,9.90453978935445,9.426950947553044,9.42138984419934,10.0,9.993678418248557,9.917125267820031,9.776371490246394,3.7774138119667215,0.1341715463432368,0.10209903059607235,0.342593840698745,0.20779687125431706,0.5139284287908218
0.020849910009496708,0.0,0.6511041520985901,0.3414214762682088,0.12023477333057614,4.077727079752574,9.976075046161887,9.904890462094565,9.886869333018199,9.728897841537053,9.95,10.0,10.0,9.95,9.975620446583928,9.632211325648788,9.783067251973522,9.688317892170183,3.2067228102507954,0.041699820018993417,0.0,0.03495175406746259,0.34115047615931415,0.18010469263246973,0.21290167003568572,0.19971505112167082,0.2060171046991086,0.4296941120140391,0.3212262717370046,4.114494901091197,10.0,9.95,9.692854612773354,9.720124552084538,9.526225729287907,9.846625038010156,9.98151037779811,9.962211897605153,9.901454565322846,9.706073025953938,9.79726258434902,9.95,4.3789685952337924,0.27474835230291333,0.6132300591235087,0.27357078118879846,0.0,0.0,0.08892015978272742,0.0,0.0,0.0,0.0,3.39804627238091,9.849581043927978,10.0,9.849139048317127,9.72175545196855,9.570242391756636,9.858217524480336,10.0,9.938290646163178,10.0,9.901020724589355,9.888319128857729,9.977791731025812,3.2601629724718695,0.0,0.006511852786491752,0.03264558980505409,0.05639510206615024,0.29248942766053,0.16701581693884796,0.3266546784668617,0.38787623649244274,0.2977237826239215,0.1459308505063522,3.525912752430751,9.95,9.889802873705886,9.95324413238835,9.95,9.571498679976918,9.797011346456015,9.974263430579326,9.994733532482604,9.87608199894917,10.0,9.954292827127874,9.95,3.865475702107912,0.3297738878525608,0.45869075013012256,0.32993861707106187,0.2612612010416888,0.06529066855107207,0.3334761863767637,0.17620178722859192,0.060886309786114555,0.0,0.11342316411520993,3.0791649635065848,9.89660805173937,9.75613417771287,9.609135470696666,9.810839625563027,9.998520754301087,10.0,9.861808954848406,10.0,9.970101877098235,9.962257216378333,9.972739968488137,9.712910052700158,3.3437790141862678,0.636320582360826,0.0,0.19028133161206384,0.2151044220649498,0.0,0.12212953287898146,0.07392193841116954,0.0,0.25076120069321994,0.1661467978246332,3.652822234163585,9.679807976634232,9.890847563678005,9.99642538836513,10.0,9.761613004208193,9.987735211275554,9.618231198299616,9.925302871422103,9.95,9.887832340265975,9.584303003319539,10.0,3.8139479543180017,0.0385767067485036,0.0,0.0,0.03525537557454897,0.0038709372490529003,0.0,0.0,0.0,0.016884535264382248,0.43806541930616555,3.4273762910582457,10.0,9.940911331329282,9.710153927700608,9.970658178174977,10.0,9.999661493359783,9.909184978943054,9.748840219810328,9.657885968325674,10.0,9.781648132403502,9.627836011574054,4.250036249466511,0.27601687934606456,0.27401293192728027,0.10501655770483324,0.0,0.0
0.6451822231184683,0.6262827005696867,0.7076234304985097,0.4366974326263439,0.3544129648483315,4.452422659933413,9.996764276573966,9.913535835317079,9.90332269156144,9.91485668281878,9.763044124342208,9.731856830155795,10.0,9.974059504790333,9.830973285415913,9.916714635193184,9.854927941820407,9.994887039163904,3.165882921612733,0.01773333333333333,0.0,0.022359963335470818,0.029867180934444824,0.0,0.0,0.0,0.0700716250548587,0.19435366154028108,0.0858969147991355,3.9644822742497885,10.0,10.0,9.752813846502812,9.797735907479169,9.96696541550186,9.95966059955932,9.97246854524292,9.790512859229635,9.962667098391861,9.791940782867695,9.896194679668938,9.750250872100192,3.6955972128794365,0.037538164914637254,0.47040832577419867,0.21415373713611868,0.0,0.016571620349615512,0.3358590345307857,0.0,0.0,0.24323693007046618,0.0008472791245443465,3.7825208385709663,9.90249180736303,10.0,9.927798228504882,9.776083079789919,9.953679099739798,9.867103391751423,9.802614640541853,9.877100900256247,9.963071219500979,9.553376920686171,9.489833952516404,9.918966465774075,3.9235514691754076,0.14284629413768848,0.21270073471994966,0.0,0.0,0.13873968971458356,0.0,0.0,0.03458745151370787,0.0,0.0,2.7947008347954396,9.93989863675351,9.634608567190995,9.924,9.999129528525179,9.75109575524244,9.885683695168353,10.0,9.803411617102055,9.669335679897518,9.842607932629704,9.914733183211608,9.847279683034728,3.6466443666437796,0.4817766137623232,0.9971597437496243,0.9079669497248565,0.038000000000000006,0.21493421534159102,0.4580915708371528,0.12453031510001578,0.2532383715317962,0.0947497009191623,0.3676905767868481,3.2044728664164457,9.958418436974146,9.752925094045267,9.926977497703188,9.923450987303323,9.865654607103238,10.0,9.837241698875372,9.939749598114224,9.889239674495498,9.992211442243349,10.0,9.421519285643102,2.8389661310013032,0.0,0.0,0.24239173037766082,0.03722778475458038,0.0,0.13522179411654148,0.3068709698576667,0.18375430979839125,0.24703685218326749,0.18102026054143164,3.2104927216971033,10.0,9.842968988455082,9.971868817295402,10.0,10.0,9.867833566526736,9.98824870213362,9.924,9.765855705283139,9.66106847630371,9.981681263203269,9.796497846661605,4.118597349236243,0.7760382327277353,0.02582270496315874,0.0,0.0,0.004485595281377975,0.0,0.027767787991508516,0.0,0.02120211910861679,0.0,2.7613111025228996,9.892086450118466,9.758439359896457,9.802113946465374,9.892585770650673,9.902412803492366,9.87650176904736,10.0,10.0,9.948216553544517,9.723403899785454,9.632179197428629,9.973012107576361,4.883829605912605,0.9271475469167146,0.49913514199996717,0.8133872029744988,0.4046073782604099,0.07636455941523991
0.022914686519215525,0.17254708037728791,0.3660401911674755,0.4587674826186282,0.42606191659018033,4.172106674687817,9.446949093215627,9.790899580995992,9.912335593781973,9.923367103073014,9.940786060890794,9.827183223357316,9.927898943341493,9.90021164204746,9.559222303535822,9.918006710107928,9.938740938510184,10.0,2.520833417223044,0.0,0.0,0.0,0.0,0.0,0.0,0.0,0.02965503978052126,0.004776990998677142,0.006092577741035673,3.5058390606968506,10.0,9.919450755768151,10.0,10.0,9.959605984874205,9.766233391634472,9.823283942286478,9.989796961746912,9.750611512736466,10.0,9.884130756870695,10.0,4.737170592788033,1.3440922944804397,1.37346533849491,0.918509128682735,0.2729912552464697,0.3455851103504127,0.3657507694706656,0.0038241025519037825,0.0,0.10884578068766954,0.0030666028736687366,3.3629257407649535,9.957932600118196,9.95,9.841469161303062,10.0,9.960162636461925,9.928344438387063,9.91808406359614,9.88837893222446,9.659504607771053,9.944988494497846,9.95,9.741126222976378,3.2793003769857885,0.2553698566848984,0.23628850887759462,0.038000000000000006,0.07396927795099491,0.001128260088016959,0.0,0.0,0.04976628677982051,0.0,0.09157382617089621,3.365279650204347,9.74727941674125,9.84477139881958,9.778496625521962,10.0,9.965793173317204,9.504490586122657,9.948433957035554,9.971859591116376,9.96610608998087,9.481194236042825,9.936498542184028,9.70721332863458,3.1018589676445862,0.0,0.038000000000000006,0.0,0.0,0.16380081190090515,0.28936531534209214,0.11209669532566463,0.46488145977311895,0.058969841908941244,0.47287004984287956,3.3263568034861413,9.992523549816882,9.618799292682914,9.965415822148502,9.80497493285167,10.0,10.0,9.926102522072695,10.0,9.897598545129616,10.0,9.942800581357837,9.931965511011178,3.1462776364917313,0.4579456826310799,0.038000000000000006,0.0,0.0,0.0,0.0,0.038000000000000006,0.10697525393219846,0.007933724782246044,0.0,3.010453666979518,9.93476418301028,10.0,9.95,9.931571997716718,9.687670476004962,9.95,9.845722642363464,9.933352785390786,9.970006644267555,9.917132797575384,9.913783067634897,9.82073023517577,3.96097530441597,0.7434988699242057,0.43717670697215616,0.2725343500044627,0.37537882164050573,0.09242445113396956,0.15019038105394325,0.24077665870821746,0.0,0.0,0.1685389772616263,3.0904456896979373,10.0,9.933873990129783,9.73419540843635,9.894273816886631,10.0,9.87045465340242,9.931337938721741,9.546779121990996,10.0,10.0,9.91470593565228,10.0,3.9779814339373356,0.43600367850307387,0.004354854946406842,0.19526231629307855,0.2715402912220096,0.050268462946391056
0.1033849441200213,0.519480705380195,1.184972781606656,1.1070122720257813,1.1332305008519012,4.750295056024582,9.75908895436682,10.0,9.998290393294962,9.934673572076058,9.996906774678044,9.904039401969914,9.963156593881937,9.68090186407095,9.997037718222602,9.99801685623753,10.0,9.996455705648456,4.122250647137793,0.6388862957654773,0.5731248589263656,0.08099553370422803,0.0003714414823242085,0.0,0.0,0.033277953220939786,0.0,0.00675939507205577,0.0,3.3336057785805577,9.793051254821634,9.985397809012666,9.881388463629634,10.0,9.926422471532808,9.850224508170207,10.0,9.958400078153849,9.93927312056538,9.944492978148823,10.0,9.497356645132376,4.617760743971719,0.973703103471208,1.2237795333079753,0.6246418103312891,0.37115311976021786,0.23748547140131956,0.32795833805415125,0.12327726435647889,0.0018584845719840138,0.006066805555555555,0.0,3.74244924834176,9.906439255740304,9.948647129116987,10.0,9.946045008774263,9.91169570413611,9.772079507376038,9.629515732276664,9.95,9.904109183023914,9.885031771946624,9.853176429202218,9.686170976964398,3.3542285684447704,0.0,0.0,0.0,0.03133333333333334,0.0,0.030494711998015386,0.0,0.0,0.19940799815069676,0.3087559823232089,3.4951988092675204,9.750611304307151,9.991302497937731,10.0,9.766723728582374,9.702730189333165,9.9399418136406,9.899255019265842,9.9700305380148,9.883732689288136,9.87075718414159,9.95,9.602695968367263,3.1895022847588197,0.0,0.0056272820470454465,0.077421279184635,0.4368613622071847,0.003497443016931264,0.0,0.02180087547160309,0.2552664766388561,0.008726314889778168,0.24415869805065976,3.3277735727716244,9.976661102423218,9.978870393176132,9.836691301577634,9.70421556753188,9.886992542135639,9.92807863192879,10.0,9.946756038030028,10.0,9.95,9.425832126529482,9.95,3.4268297925514384,0.33511723082405714,0.03749586089991981,0.01635543516647333,0.24454297318368007,0.0065160825938883025,0.21639953393268177,0.3823494170130485,0.5168296565899032,0.22188531079380946,0.3777683484712982,3.2409793169273144,9.95,9.572657694084473,9.661550239715462,9.791124740499514,9.973969511224698,9.95,10.0,9.95,9.95,9.932055632961799,10.0,9.88749552446517,3.996431665680658,0.7620594386040573,0.038000000000000006,0.0,0.0,0.0,0.0,0.0,0.0,0.0,0.2464564483663507,2.947773602720056,9.98344722059208,9.991598509170098,9.877549073358873,9.955229471203262,10.0,9.98299215593719,9.932409346792387,9.814575783478428,9.94353469566087,9.95,10.0,9.929021530381924,3.941670792600424,0.10866602508043081,0.20918715619091463,0.0,0.0,0.0
0.3942968304478263,0.7237859647083865,0.8826820368343304,1.0248986296641036,0.889579076571375,4.705968946739948,9.957298479963931,9.483421383132587,9.902796651287597,9.837997057191718,9.963062179506691,9.915582503827938,9.926702150113343,9.95,9.723527816440523,9.93743990378254,9.939114412491646,9.78021690283841,3.4159055560488025,0.0,0.038000000000000006,0.0,0.0031081914443938513,0.02800409928699546,0.003541735874992169,0.0,0.0,0.0,0.018712657536709424,3.629357896715381,9.769982128418443,9.886045945329068,9.94827386850267,9.561891032432763,9.879867302882891,10.0,10.0,9.947044472097001,9.950551270829553,9.937304689446258,10.0,9.99905973058946,4.068293911169658,0.3836983674374521,0.7924839161859298,0.3564455848507565,0.0,0.0,0.05769027484003357,0.0,0.0,0.009820713395234097,0.0,3.8360661317974176,9.797966883855633,9.768675508774745,9.714144129242099,9.441826795278148,9.567750434330513,9.890733934404498,9.878523584837351,9.82525652407775,10.0,9.933674052324378,9.937989855502092,10.0,3.556206437204147,0.0,0.030287008591870883,0.036296328917433944,0.05601594361012943,0.20987709047779063,0.36027966782348725,0.333690271098439,0.23312881829154297,0.24398363249129004,0.17374654143811435,3.3342129493129242,9.817710721505481,9.859146256536876,9.861270045048428,9.900027955347262,9.95,9.61923578051203,9.679235819924694,10.0,9.938922869398006,9.913921649156798,9.984566620453448,9.806238590972942,3.37883083383029,0.02710894461947001,0.5334591069908552,0.1777431035805397,0.025872300149616008,0.0,0.0,0.015894027777777778,0.0,0.0,0.08988583750869895,3.314845612833745,9.87719834204728,10.0,9.95,9.95,9.933103473887389,9.729477281326801,9.8953606809241,9.983113821877257,9.719961592369222,9.961083443480163,9.787658358056266,9.820367420569987,3.3997313560743754,0.6755828055878635,0.2589576989769213,0.2861056879613745,0.26491977606888556,0.030443554394869305,0.23476658395380892,0.25957324499875045,0.3732435716712994,0.1495294201080313,0.19013924312115096,3.2413710951334367,9.95,9.981020631816884,9.736708961470598,10.0,9.988017082694254,9.74072268872085,9.92544614399304,9.988404499330677,10.0,9.874109399036982,9.95,9.936913457817294,3.532675945469688,0.31226043986868585,0.038000000000000006,0.0,0.0,0.0,0.03499555555555556,0.0,0.0,0.0,0.4369775343730004,3.436957369977172,9.471268657038742,9.652724866932754,9.813201397449467,9.959459021685067,9.792314750841639,9.81860220214034,9.999495869192247,9.87468974637903,9.67251621853373,10.0,9.97579144797796,9.461189205715115,4.118532958610977,0.45977472684345855,0.2866396012353655,0.13247197717791281,0.0,0.0
0.0,0.034749219931983544,0.0,0.06420781493391148,0.0,3.799293818503699,9.947846108692971,9.877015133555386,9.948120385727739,9.934627454033178,9.747396072544108,9.959347547068317,9.762885228965995,9.733838083155531,9.679340835299648,9.928477703869667,9.981733978165952,9.431656314360183,3.586816229652359,0.0,0.0,0.0,0.31063974759731966,0.3415735275728567,0.301222321251853,0.5522742822437854,0.561184923629365,0.7652318022946292,0.48189505509440794,4.159872832391068,9.796746687704454,9.990244857819924,9.994716877314463,10.0,9.93934362111696,9.815049100213185,9.985613486523079,9.953160100849955,9.994132346817539,9.98747612671802,9.519654399001386,9.95,3.427435990102638,0.0469717669178,0.0,0.0,0.0,0.0,0.034744691358024694,0.0,0.008253307375325607,0.0,0.00866957098765432,3.540115882214764,9.85625736294418,9.628004905261598,9.846494561534334,9.723662645386495,10.0,9.722136630509075,9.95,9.433047092508279,9.910279687188297,9.718646354819423,9.95,9.545475613606873,4.140776351731115,0.3434863286207419,0.4077607965018324,0.33126351322571246,0.3678593089094268,0.6572864013900943,0.6647318175729803,0.5180947101657337,0.3561830714537391,0.4756724736732516,0.20973916353968647,3.5205196554008316,9.79974589794201,9.951321154728735,10.0,9.900741960039337,9.976223949084188,9.960788376569049,9.801065992388773,9.938070768275681,10.0,9.42511666582625,9.551412387526328,9.717490434986724,3.4914323690739013,0.0,0.03205555555555556,0.0,0.0,0.0,0.01494931572533891,0.004261805555555554,0.005114166666666668,0.0,0.0,3.0530491915464713,10.0,9.864691834259057,9.965165327025924,9.843968549909844,9.874420680829532,9.981577573525366,9.95,9.683489889271621,9.970531629396254,9.693373549261077,9.91657619100854,9.832076155042522,4.002557487107279,0.5630642277904332,0.6705720850379341,0.1855699816798095,0.2579187075600063,0.0,0.0,0.0,0.0,0.0004503139780918444,0.022158769433602454,2.7470120388387507,9.986527900400988,9.613786036799508,9.788776108954503,9.723295583953444,10.0,10.0,9.95,9.95,9.988489642299214,9.926577067946939,9.956991438030157,9.85011291606642,3.9449808104149198,0.6640649102383471,0.24141509862834368,0.6932116786670923,0.7535844877703403,0.8055169363941063,1.103162566502584,1.0077600303959942,0.6989460651520044,0.5590326364319755,0.7747286989916594,3.727113815198313,9.898100782732932,9.95,9.900888675115,9.515851462360319,10.0,10.0,9.95,9.773604508983084,9.95,9.90567803183963,9.84489215701035,9.867884853560557,2.9848279093845083,0.0,0.03144444444444444,0.003002191416568008,0.0,0.13085533072501368
0.08608581220024325,0.008044018619402947,0.06129553078325606,0.012331315169079189,0.019405155441499494,3.8574833019287524,9.557146823584425,9.95,9.887302340179758,9.882587938130323,9.715223345387209,10.0,10.0,9.975687327188313,10.0,9.672274427141572,9.838704670957968,9.695322585722652,3.252630456089005,0.0,0.038000000000000006,0.0,0.033171717966108,0.0,0.0,0.3729875924182973,0.39927893993923896,0.4746957091645493,0.1492188830578552,3.7454968033646594,9.971056975825427,9.898194142958195,9.607506130714258,9.546937809022559,9.961885832521503,9.750559643485776,9.804268852191605,9.942192600831893,9.991672398969495,9.989624830137664,9.926719471284692,9.653849024168201,3.802103667007907,0.6796340466132557,0.2982019339132415,0.6910497657007921,0.2181177699801841,0.025595680076556826,0.022935399005159587,0.0,0.0,0.0,0.020709340216881745,3.717090288836702,9.806313087587629,9.76932214221061,9.799264891391354,9.800599919242664,9.921969674966373,9.941095806186608,9.861188236115366,9.835181449858606,9.650741282217387,9.95,9.791712349281344,9.693071908262194,2.643740858279028,0.0,0.0,0.0,0.23033066687459638,0.02590966590667881,0.3655763401383213,0.5999037979650342,0.7769632733707187,0.8792218813474619,0.7850313258451502,4.1692837379371745,9.97687324999502,10.0,9.89529298328596,9.95,9.736231666765459,10.0,9.988029313422187,9.76119530073573,9.948606437922352,9.949676907010138,9.92517165103557,9.936855536106743,3.340359986791165,0.03183333333333334,0.12224711127767353,0.0,0.0012524301711711078,0.007721248342902935,0.0057578138071881545,0.0,0.0,0.0,0.0,2.634095114454688,9.80950733197473,9.686065186854496,9.961154753144548,9.942942947159702,9.886274462384193,9.635454853559342,9.926135980306183,9.92471656324342,9.836354048891694,9.995518885730418,9.968452912754822,9.722132655938116,4.685713937751488,1.038598148968594,1.3893472138528709,0.8908353029676083,0.8107244556932687,0.7236330878845451,0.16544567825655324,0.0,0.05168799723554219,0.0,0.03411851851851852,2.944942235873877,9.840641625863368,9.927672235849585,9.881081657712306,9.787191718007401,10.0,9.538709712935182,9.973192694399163,9.919833604288215,9.763531138985629,9.829818877182003,9.394120372858824,9.95,3.4538084196931744,0.020400311005974125,0.0,0.0,0.0,0.600352179572913,1.1009047149617042,1.4071891934765524,1.1600144792887974,1.2259182282195298,1.7332098370817912,4.895396972740724,9.925758502663086,9.92693837341802,9.678498352297112,10.0,9.928855792737409,9.955693535458085,10.0,9.921777888822918,9.2140165675369,9.977833068851133,9.87575364000338,9.804991182816714,2.4206812413217573,0.0,0.03127777777777778,0.0033463755401296202,0.021290144518140902,0.0
0.0,0.016768577035347797,0.0,0.015497606619778413,0.0054150000000000005,3.125933931803261,9.918680833169976,10.0,9.624046756101489,9.874069345932355,9.812377773725025,9.640932525872543,9.623162554329255,9.941719525335968,9.825741341588358,9.803930491046795,9.936367362533288,9.948750454388627,4.136090467085751,0.2928975883754747,0.0,0.409246244645266,0.6890620089763767,0.9061790690035669,0.9068639913483528,0.634442353016811,0.13176870432047808,0.6121839641817066,0.17296236855728872,3.919065424832606,9.778717444375186,9.953397096619364,9.943126559558957,9.95448868560795,9.519952555795923,9.95,9.709010210065685,9.976136747350827,9.9683754492045,9.716946002467981,9.932190849452825,9.807255602176774,3.913559694685579,0.4849398617960159,0.0,0.038000000000000006,0.045367006940144956,0.23340850767706656,0.06671924513450113,0.2074858054559025,0.10249890965358449,0.1193105379771786,0.12145401492862229,4.016270607375411,9.94784174038737,10.0,9.84415278841793,10.0,9.929243788535704,9.777488225879345,9.992576110662911,9.533576281299693,9.695701605361979,9.827002989922178,9.999353700086205,9.950014715386157,3.507394762098186,0.0,0.038000000000000006,0.0031378090873829577,0.0,0.03144666925095844,0.009770727907588091,0.0,0.0,0.0,0.0,3.0988096355955363,9.936981272434418,9.979224349523923,9.624270758548437,9.467853312108907,9.873002095979594,9.984619947485871,9.778054251962862,9.99257124822413,9.932118157986851,9.809773252773832,9.949463829752801,9.95,4.483974909366031,0.6830101570809527,0.176690210574088,0.25860828580567896,0.5457720060446769,0.3336708498429202,0.038000000000000006,0.045630716414542256,0.08342121923565556,0.08917158200148491,0.19580379708276383,3.123086569988335,9.717348065710619,9.94057922605901,9.846737961860311,9.89487303534874,10.0,9.925183801425373,9.729117620188665,10.0,9.725523130818395,9.785580357112966,9.91513057783977,9.675799458537162,3.1475932030770877,0.0,0.038000000000000006,0.0,0.03520864074159442,0.016344131467976652,0.5572439850588118,0.41878654272257543,0.3096395477730253,0.3611619079508527,0.4681862508806367,3.6287590731763752,9.6736012558674,10.0,9.78809837191788,9.777600650963711,9.975643993493431,9.97353507150134,9.764386134076323,10.0,9.96504479504672,9.970968994870685,9.95,9.95,4.405491577458129,0.9738145901139387,0.33499743941873583,0.0,0.0,0.0,0.0,0.0,0.021489113039224923,0.005437471632317762,0.21442398917499333,3.250652802841518,9.83471721140604,9.549571319768944,9.988247666493077,9.908217189141348,9.970102820364707,9.747829062643142,9.913288964695793,9.901927663029209,9.65307942640587,9.993792911463732,9.905170111928316,9.95,3.7209736006732106,0.28659590324306167,0.060309077676825945,0.0,0.021331008079070964,0.0
0.026393936127057642,0.10610667242014139,0.15870991393742526,0.24427091296755382,0.18691006904316426,4.148019770145748,9.95,9.669327635828557,9.906209136443707,9.779660758592037,9.925206684248904,9.945722533734493,9.949391874873967,9.946580776623284,9.876483247076623,9.834167553984733,9.936944936125563,9.897955120209547,4.619280028449515,1.0414059433038325,0.7995029432698484,0.32180769499934164,0.038000000000000006,0.0,0.007941970001910255,0.0,0.0,0.0,0.0,3.204767642512641,10.0,9.901595352769963,9.922736741897713,9.965640409150542,9.854615199385071,9.95,9.98538553277584,10.0,9.948618274376255,9.971629531138715,9.986079649789165,9.632422500207069,4.12913894450266,0.5933532711647623,0.27943836106442616,0.12031969144430116,0.1995050287079479,0.2342181184473159,0.0,0.08929692277857532,0.0,0.0,0.011209493827160492,3.6065820790522922,9.833252137577977,9.84143499107536,10.0,10.0,9.987870780808324,9.985889051522928,10.0,9.78332957035263,9.942006262504153,9.95,9.873806349399059,9.828833485196393,3.8249973876660004,0.09032332714285259,0.14984426749281254,0.44790798891694267,0.07452385409032801,0.1635260013009352,0.1571990936136144,0.16464493522418946,0.138529857286294,0.18225312900056959,0.011489986326975614,3.1398687334569857,9.98139457966939,9.886831741577371,9.706000404114604,9.978011540903257,9.95,9.897170700341784,9.95,9.95,9.842482755011757,10.0,9.849276696146289,9.95,3.375294206043153,0.0112746426420689,0.038000000000000006,0.0,0.0,0.0,0.0,0.11511375682422996,0.1619831868660889,0.24822666694176238,0.6201175877505076,3.7368032976077235,9.97856475065727,9.911473638225676,9.970252014679929,9.826204008765137,9.917440111173153,9.990292919412823,9.826242047894269,9.90743546374746,9.901218426488903,9.942359543613211,9.920789019150797,9.90083066422544,3.220045280079088,0.10426495463890693,0.0,0.0,0.0,0.0,0.0,0.0,0.0657690674114795,0.0,0.04087983193469217,3.26406743291058,9.95,9.858512931118518,9.950646299332051,9.95,9.798593069371393,9.95,9.775451268836573,10.0,10.0,9.830137315902633,9.90125977901972,9.594559262134771,4.17529526324614,1.1548148863727825,0.7849540216166402,0.25614132629453595,0.1475637674822381,0.00011559408819422634,0.0,0.0,0.0,0.0,0.01912086786745944,3.137670531746913,9.811459708184382,9.978642531209532,10.0,9.95,9.970679573935296,9.941341561374267,9.714777622931868,10.0,9.868755540397457,9.559770341700409,9.613404420681238,9.952442540099348,3.514399987051805,0.2550974699456551,0.0003260776625255575,0.4495969562752544,0.2330225680288601,0.4846687175227326
0.5413818626182157,1.1144272948096938,1.660940535749093,1.6260939386362492,1.5421392216635352,5.221180075981811,9.826336376582915,9.95683473689297,9.892554615055541,9.998676454733948,9.866391615777522,9.95,9.804869489843373,9.834781753545291,10.0,10.0,9.788599000711757,9.785915598185479,3.07486970505778,0.0,0.0,0.0,0.038000000000000006,0.1473165806669405,0.14497178612900466,0.48575374153865664,0.4817952559234774,0.9321858443186449,0.5589224761637567,4.606880513145879,9.830377505165485,9.644890058717507,9.882306586733002,9.94585635171682,9.932306355148135,9.867109045785053,9.992738902662532,9.994520003606787,9.935850368741715,9.95,9.95,9.83351285511354,4.486951563118397,1.3511786380166053,0.735026292420536,0.0,0.0,0.0,0.03205555555555556,0.0,0.00666659135802469,0.005583869188629351,0.0,3.523936807272572,9.95,9.843968688305095,9.839136819808697,9.719605396864788,9.95,10.0,9.922402029343766,10.0,9.917065102145692,9.92586185640692,9.917531746699304,9.631693171752213,4.132223022466556,0.6039799359234834,0.8814363396190305,0.5527300372688049,0.7480304755127282,0.09769713823621085,0.34375624940808086,0.3000479019222872,0.2591297131753036,0.1360581048226194,0.0,2.9281323806001716,9.740143276856568,9.762208813449673,9.754991875469642,9.64083969031252,10.0,9.924101756373405,9.971268027768609,10.0,9.863176708256573,10.0,9.720414160834581,9.883016858441126,3.2218561766494833,0.0,0.038000000000000006,0.0,0.006226763288395912,0.161339249783354,0.33348338536675715,0.271534620821875,0.3808671104809245,0.3941849488848434,0.8298607477987612,3.815932404023498,9.876493204226293,10.0,9.916197493934805,9.861552559036356,9.977397945276563,9.7685383681298,9.925113744959315,9.842354530677538,10.0,9.665145684229454,9.697732096292313,9.876370417520667,3.494511912503704,0.038000000000000006,0.0,0.03386153605425772,0.0,0.006755977237285281,0.0,0.0,0.011915354967206115,0.0,0.01118097222222222,2.223864516120704,9.802945943661712,9.805875948411112,9.641699150965614,9.735698102732554,9.940643004414238,9.495136487069301,9.849906722479863,9.95,10.0,9.812830904984056,9.95,9.665029685225552,5.21089210649495,1.4641089157456801,1.0708092009998804,0.5502919689690384,0.4052115328541205,0.0,0.0,0.0,0.01664611111111111,0.0,0.0,2.7223299541071997,9.824982078653836,9.896740725222061,9.906530477637656,9.843738204298868,9.965453032321024,9.738028090546504,9.542179840683152,9.972004900336698,9.957169971649336,9.95,10.0,9.938366985368706,4.061124443003855,0.5328552172903679,0.11598134253876696,0.3600586112400802,0.3497053517753137,0.6339700130443983
0.019000000000000003,0.025098719586488218,0.3715475796230892,0.3331135148684548,0.11301901776825106,3.7693518521146796,9.740017418245705,9.966145350405979,10.0,9.781937843667217,9.978772514230286,9.852110361313759,9.686808408412812,9.879541172618467,9.95,9.941129871061575,9.937739333616594,9.926790154861493,3.4911167528636007,0.038000000000000006,0.0,0.13170471133216233,0.5850527716192582,0.3824619799072786,0.5263008255918176,0.5979119368160098,0.49123388215614305,0.4623843959807834,0.14308515476541178,3.8220089596638553,9.95,9.937834147178846,9.754409927679438,10.0,9.909351023259829,9.956258648803407,9.983986511241552,9.967363395419506,9.95,9.781095767071333,9.84271898932902,9.86342656315442,4.028775688446767,0.4997391696264901,0.10535217005026275,0.03283549207460634,0.0,0.08091997431683313,0.0013779774459950706,0.0,0.0,0.0,0.0,3.508712267000832,9.896993338554205,10.0,9.969967863554192,9.95,9.736482229592376,9.95,9.875061715304149,10.0,9.977999048471801,9.968150365630638,9.86998079935676,9.91079768738505,3.54598177432748,0.0,0.07194403502449469,0.9183561898968773,0.36929974709587055,0.00552132694547913,0.1814443633930028,0.2551505509220042,0.19442989911989464,0.31942972373963474,0.06917951843910541,3.530329554522888,9.716780067352259,9.913875602292121,9.791825829795767,10.0,10.0,10.0,9.928691833817648,9.931815783058237,9.95,9.95,9.95,9.69364029915647,3.7422254166173294,0.0,0.038000000000000006,0.0,0.0,0.010529166666666666,0.0,0.018813264326615353,0.041264634699732995,0.0,0.20267244100384252,3.2272871574389033,9.91085800430112,9.95,9.871871392945753,9.892138975212353,9.94887477213264,9.808613928657298,9.807666584884004,9.942725495053377,9.776040088784368,9.75026466258267,9.967975803185087,9.673072280579886,3.7240124590471013,0.36476206476539585,0.3382838415997009,0.0,0.0,0.03301350452674898,0.0,0.0,0.0,0.01740215938302495,0.0,2.9688899004056317,9.960923490737036,9.923198083019841,9.873762835668801,10.0,9.845238526992938,9.829783355161439,9.92926027705055,10.0,9.995535242427335,9.941252188627447,9.884560418491438,9.891731255583998,3.9482546772679177,0.6073529889056842,0.4062630763115439,0.40993247132105115,0.23265479490211624,0.038000000000000006,0.015032460298955191,0.05308506690126835,0.0,0.11433462573316441,0.4302242255488864,3.317063214324699,9.498446035683362,9.95,10.0,9.980708073761615,9.965636871038845,9.919703731444267,9.95,10.0,9.55836591589782,10.0,9.882153986668179,9.773951518737707,3.207474819157206,0.0,0.0325460046366736,0.002836077588929728,0.0,0.01382664024206034
0.14275338494107281,0.012076149739364996,0.0,0.0,0.0,3.571673570758307,9.916424674474335,9.515565483405467,9.97903059209146,10.0,9.95,9.956467150582277,10.0,9.70412855653582,9.861283450604331,9.884814611932375,9.884154136589165,9.83993889069126,3.7458228094604675,0.0,0.0,0.21487628348513926,0.5742745883691212,0.6571203344117128,0.3232567156384161,0.6671276093040128,0.8452489587223888,0.9856860194047428,0.5100774084888634,4.45385551872899,9.953750938842907,9.81863116819715,9.942105720330918,9.909760573161188,9.95,9.674780069384934,9.996153039504302,9.929628777249468,9.854237865098845,9.999368468101329,9.852319328163702,9.712167263361238,3.2006295299855747,0.038000000000000006,0.002866735511299512,0.0,0.0,0.0,0.030945212620027435,0.0,0.0,0.012228514216203423,0.0,3.698801535847156,9.918151786772944,9.918852176328171,10.0,9.874211273170301,9.917383822951905,9.930069370871186,9.681785352678569,9.95439911881814,10.0,9.810760176220038,9.999654075047419,9.95,4.435024523490451,0.8452415345677905,0.5709028192447095,1.0902601866260517,0.5925850208440266,0.6773462696753674,0.19356189288633213,0.08046593511122761,0.2997565738437378,0.26405073344064534,0.0,3.2587046518401315,9.673561381631796,9.830871862962196,9.976825383945705,9.673738291220427,9.817097654304852,9.902011665249155,9.861685237715543,9.964184703914873,9.934665000138756,9.937554942194284,9.873384664027249,9.914461299580676,3.765997591239544,0.0,0.0,0.014573560887312497,0.028381481481481483,0.004702386831275716,0.0,0.008536505686721317,0.0,0.010228333333333332,0.0533006043104284,3.609146325472024,9.759879815333312,10.0,10.0,9.877326777237824,9.95,9.948433048757664,9.913132337402809,9.968546821821674,9.929450735542778,9.911706308860781,9.943091018615196,9.655084728251039,3.478130644137237,0.0,0.04888615241778331,0.0,0.03216666666666667,0.0,0.0,0.0,0.0,0.0,0.0,2.64904608903207,9.843891232936075,9.929003088770019,9.940971965821396,9.99010044795228,9.842156634377547,9.827172530277373,9.986911544109976,9.766782429474452,9.68153149109795,9.852329828311257,9.87948691391742,9.922755839239256,4.547438714063311,1.0821904478405453,0.5608731386243955,0.9324189436179888,0.9330324861159561,0.5162505309102758,0.64610607444768,0.6949556697278877,0.5612479069072156,0.1823406935407477,0.5924921757031945,3.8156784597985642,9.87626546797234,9.851079026721246,9.766880503373379,9.922982775032889,9.993637651145216,9.9144284307224,10.0,9.792188550999615,9.45514815430613,10.0,9.637204595380899,9.834547864493164,3.49841397654574,0.0,0.0,0.0,0.0,0.027966153294748407
0.06490255581128333,0.2418377920114731,1.0346710708152658,0.6617064605744261,0.8321486536913371,4.548711066833807,9.776127945458507,9.809848575228957,9.902251852538173,9.98337809666401,9.649448665377783,9.82875964369267,9.610126758390097,9.993470626013853,9.94536901599419,10.0,9.651209281945732,9.81364799486079,3.574522169861081,0.038000000000000006,0.039611999524520033,0.0,0.0,0.0,0.0,0.0,0.011100210560905556,0.27304504361139476,0.01363258318932653,3.9149361382759653,9.911142937791563,10.0,9.610973932021901,10.0,9.999716135757835,10.0,9.84131389691129,10.0,9.91086826290238,9.996234770715928,9.877496942053698,9.938510103963678,3.7435562814874874,0.5366213112566139,0.6707283158900444,0.4269196296327008,0.0,0.009455383424804663,0.010205324124328508,0.0,0.0,0.0,0.0,3.7291484546551623,9.924,9.95440432742513,9.596924686278353,9.934301960106227,9.94165073888932,9.832715861015206,9.997309804511184,10.0,9.882137890249867,10.0,9.876009356040488,9.855147382081164,3.3013846900877777,0.0,0.03454677830331531,0.0,0.033156715677006024,0.0,0.1462326014726258,0.33938713054536607,0.38780975528835443,0.5453649490877889,0.3349174206841452,3.655721904480565,9.984572367577712,9.821391690175783,10.0,9.8752270805605,9.99840764965779,9.705446242270297,10.0,9.642523160900165,10.0,9.952018634200881,9.730123912934715,9.946613461908422,3.2313323997210373,0.14827735676927772,0.01037961890858467,0.7121564114182246,0.12156572572891088,0.0,0.07993240938552168,0.021344124509213296,0.0,0.017417502067041343,0.0,3.250242443201364,9.953555384264419,9.85788504392224,9.956190812589162,9.860771364330386,9.900866894728622,9.93046542815692,9.87582997674048,9.686070193694666,9.951800035740629,9.583302889675165,10.0,9.80456595413827,3.87236625859909,0.0,0.6049693613255998,0.3413002985022181,0.303604366355035,0.38367040018300475,0.13561688707345432,0.179151728044105,0.21145133913905287,0.009057520390115875,0.1912151012052266,2.9851588517052416,9.97021510220221,9.879307756956505,9.599560966067237,9.99589224789178,9.97934380944885,10.0,9.924,9.933128099462282,9.907018356120316,9.735106234090269,9.979600893382472,9.847163571846316,4.051072533110079,0.28407468458124163,0.0,0.02690073199907738,0.0,0.015796749057740683,0.0,0.05042723947300297,0.19494870661284758,0.08710514655605661,0.4325273115096181,3.568682851291905,9.639829703735128,10.0,9.939398910464165,9.646280917251715,9.937854859233036,9.537939020900444,9.78874171967689,9.924,9.980169727314124,9.890957834642862,9.717756270824918,9.907326889770422,4.064679313819453,0.29870511881258743,0.08765201458230265,0.011608589551245328,0.0,0.0
0.0,0.0,0.0,0.03224104525639553,0.0,2.421417015350569,10.0,9.509898781219809,9.725997500751829,9.652669048933582,9.956588064370596,10.0,9.92489925874589,9.872645553367178,9.853933176252868,9.95,9.99729137253166,10.0,4.670228180653546,0.48771923220921376,0.19707734732290713,0.6559375371351199,1.4091686771276866,1.1685690174815002,0.9116790665909803,0.5140361991045805,0.19708498465129795,0.3659992178422803,0.0,3.786469689548314,9.625491402599227,9.721110631180105,9.752692439100382,9.935597532878457,9.95,9.95,9.969893166167,9.839783181331136,10.0,9.920489047116,9.89582132585499,9.897540790646534,3.766763146984357,0.03194444444444445,0.038000000000000006,0.038000000000000006,0.06498789694124875,0.0,0.0,0.0,0.014464512345679012,0.0058236053984726055,0.0,3.501978357217721,9.924143600672682,9.963641588732813,9.936342198384898,9.871934728478816,9.964891816399781,9.77231652901451,9.95153005508659,9.559364760722984,9.899379274907572,9.958910512528586,9.897457674766171,9.95,3.810076857880658,0.10591521522917777,0.3518117422357885,1.035238931994894,0.562001571525795,0.45067539536917656,0.1116976042025438,0.0939095212751022,0.23469174847662966,0.301714520842586,0.3375343361007668,3.865794335188868,9.87871868508241,9.973610732588797,9.764166500068276,9.812727503787258,10.0,9.638920091561888,9.974958435419447,9.776330385880149,10.0,10.0,9.95,10.0,3.568745849440472,0.0,0.0,0.0,0.0,0.0,0.03483131668361593,0.0,0.007266663918166925,0.0054150000000000005,0.00712208813889816,3.3534938958630267,9.886191029878878,9.805821324755831,10.0,9.580300446577045,9.871375420757383,9.680526486876504,10.0,9.930478862765899,9.662816310624223,10.0,9.946101568907336,9.793411173267826,3.869885707890724,0.34156659382347354,0.0,0.0,0.038000000000000006,0.0,0.005665694444444444,0.0,0.0,0.01773245633552896,0.0,3.1119704640026526,10.0,9.99501329909009,9.939294004332169,9.933813289505409,9.94917224742819,9.938455060835045,9.95,10.0,9.87746622124548,9.71963334620967,9.685891324147608,9.642468019026529,3.847222587858007,0.3743094866277773,0.6006695514448471,0.62366125597398,0.5913445528552593,0.5856038897735896,0.6787703548791552,0.5157221487212335,0.39252962708598027,0.2779000269858764,0.6970043832741001,3.875297041370769,9.821277399617784,9.943311379931432,9.688444206291901,9.782461130587823,10.0,9.97778458806208,9.95,9.652282787696636,9.767648370155209,9.988224395952606,9.929787271983223,9.674622237866028,3.32678448199359,0.03166666666666666,0.0,0.03677477797510907,0.0,0.012193495868260202
0.26126542332761704,0.15118190312831786,0.30655303661110733,0.11363482090570223,0.2561956578852587,4.04623404845096,9.850522753636614,9.88877245331588,10.0,9.545997219126253,10.0,9.986748403762187,9.941754832985394,9.900249248518541,10.0,10.0,9.884813618214666,9.616101517944331,4.666149367507869,0.7051482147690441,0.42669480204373533,0.2326419606385231,0.0017356966869364822,0.0,0.0,0.019795160917601473,0.14303095271151164,0.5019055373564724,0.15385823723497055,4.06500360541007,10.0,9.808496258697604,9.979359881084356,9.994859672245692,9.762567938395316,9.777437583698621,10.0,9.960639499726733,9.989643640085028,9.969359416838655,9.931910953270313,9.976886512891022,2.7885819744623985,0.0,0.0,0.0,0.0315,0.0,0.035893187951091705,0.0,0.002259710310845042,0.11058685580440511,0.44471185266221164,4.2155546968599085,9.815554394705268,9.972045199894428,9.909238824069178,10.0,9.916778220004373,9.881537538300696,10.0,9.889389217608075,9.879315019641163,9.929106636269578,9.95,9.808644526929639,4.655050544460933,0.28603018162816257,0.07304713496028648,0.7567510409218284,0.09545013758661343,0.0,0.09252345947901398,0.12151189548403672,0.026253779076202848,0.0,0.006742186331098395,3.0415950444608373,9.6174293683762,9.884723912241867,9.594467888752217,9.863465087246826,10.0,10.0,9.68739293123632,9.99507631222903,9.912227352719619,9.97111750048984,9.714655403191756,9.900100925449829,3.9862536309329464,0.6941761371312897,0.5685859507174125,0.6794848289598346,0.05408234114485752,0.0,0.3606765492242812,0.08427717062620313,0.1894835986961401,0.0,0.08975506282516309,3.4455208571064992,9.984925747055533,9.833328130576005,9.987977672664032,9.68880959410552,9.71577373412275,9.95,9.848891515039654,9.998583407957101,9.912588193987032,9.820397459153723,9.884729508994594,10.0,2.9218099370769384,0.0,0.0,0.037500730274105776,0.0,0.006538700333163257,0.08158459007305799,0.04462693220465846,0.17629344548031117,0.031928005484578435,0.6599050529436357,3.3044811221626555,9.628052859787548,9.781077535007615,9.609793084199083,9.95,9.846368344129537,9.548971086721231,9.95,9.639790990007572,10.0,10.0,9.992410989797781,9.497692294354419,4.46783675472831,0.8572809311138718,0.4467932339486919,0.0,0.061789880653808894,0.0,0.0,0.03537708442005792,0.0,0.0,0.0,2.942947745621798,9.814164504124298,9.93129180415296,9.834053035221832,9.744928105906117,9.911103121751381,10.0,9.721328676867625,9.71307254961431,9.636961120014174,9.962593894418983,9.975524494728928,9.972191652213413,4.511503563867339,0.5975338196703976,0.6530711093004536,0.6357657666122989,0.2424734112844551,0.64461681854011
