0,1,2,3,4,5,6,7,8,9,10,11,12,13,14,15,16,17,18,19,20,21,22,23,24,25,26,27,28,29,30,31,32,33,34,35,36,37,38,39,40,41,42,43,44,45,46,47,48,49,50,51,52,53,54,55,56,57,58,59,60,61,62,63,64,65,66,67,68,69,70,71,72,73,74,75,76,77,78,79,80,81,82,83,84,85,86,87,88,89,90,91,92,93,94,95,96,97,98,99,100,101,102,103,104,105,106,107,108,109,110,111,112,113,114,115,116,117,118,119,120,121,122,123,124,125,126,127,128,129,130,131,132,133,134,135,136,137,138,139,140,141,142,143,144,145,146,147,148,149,150,151,152,153,154,155,156,157,158,159,160,161,162,163,164,165,166,167
3.968256546654422,0.22655087182701736,3.9682565466544215,7.172098154902907,3.968256546654422,4.099655613080497,3.968256546654422,3.9682565466544215,1.4565855413967843,-4.440892098500626e-16,2.2540750967448298,0.0,0.10673636064912495,0.0,2.4021844051231933,0.0,0.0,1.8955045312484597,0.0,0.23333957938684868,0.10163235013293992,0.046525031394191174,4.511689481026088,2.721517724071556,2.9575995354621294,1.3407784560761677,0.5780244899528388,0.25176177784612275,0.14881918423793028,0.08003165019017766,0.9339295631510076,0.0,0.0,0.0,0.0,4.440892098500626e-16,1.4923043731338153,1.8792065127241437,0.0,0.0,0.0,0.0,1.5773461840094554,2.6290273599629224,0.0,0.0,0.0,0.0,0.0,3.002336242371895,0.0,0.0,0.0,1.2920396448835998,0.0,1.084452118492486,1.012388672378764,2.220446049250313e-16,0.1469665830984348,0.1156790921677937,1.5436342576492978,2.220446049250313e-16,1.3283158949318263,0.0,0.7856064228239448,3.968256546654422,0.0,0.0,0.0,1.6217868999170886,2.6365237077684003,2.3096596770223887,2.922409599455976,1.5716069401518773,0.7753260904749273,0.4341826106659621,0.23156405902184973,0.12658835226527732,0.05569887499672177,0.0,0.0,0.0,0.0,0.0,0.03194849487631167,0.0,0.13223492553661464,0.0,0.0,4.440892098500626e-16,1.8997858851149108,5.185037317523404,0.39020864255769316,0.17342606335897237,0.08324451041230851,4.888714688877689,0.0,1.124352792941231,0.8234997558956523,0.08549810022822824,0.0,0.02384256370850535,0.0,0.0,2.1031850320611625,0.6581884690055726,0.0,0.0,3.055308988501126,0.0,2.540465871665495,0.0,0.0,0.8471125703350171,0.0,3.892161752673564,0.0,0.0,0.0,0.0,3.5224546087345066,0.0,0.0,2.345045419998918,0.0,4.037506111001438,3.9682565466544224,0.0,2.213797630798099,4.38257078999307,4.440892098500626e-16,1.0943034180247089,0.0,0.0,0.0,0.0,0.0,0.22688098789222222,0.0,5.425557307186709,3.396379164846815,3.4544548666989936,0.0,1.7677050123258269,0.0,2.4641004798017754,3.6085737956968895,0.9968409585472742,3.9682565466544215,0.0,0.0,0.0,3.2867448407627124,3.018685320516614,0.18623738406854828,-4.440892098500626e-16,0.6079354277851048,3.473800750400111,4.440892098500626e-16,2.4036715554988928,0.0,6.431006954017391,0.0,3.3277651332567424,0.0,5.333522912520886,0.3121874662220936,2.158635183671114
3.8209685546039465,5.930989114546498,6.42417004264118,6.331074248134872,3.8209685546039465,3.990339681308149,3.8209685546039465,5.123192347505043,6.9551719988832446,3.0178061214595857,9.351873582334681,5.134636906122472,8.558644305585718,8.456521292030592,8.871105288392023,3.4024189872437463,0.0,0.0,1.6839734966079496,0.0,0.0,0.0,0.6323714264093128,0.11204289677947056,0.0,0.0,0.0,1.3042495945783834,3.5111171435592414,2.3066312811267395,4.665969051010073,5.872613816146379,3.0008456869152247,7.377264625310209,7.9976984695852344,3.4974250184988125,8.301589071266903,9.026790688154586,3.598315132271681,10.293667958288422,6.378297344821235,5.658807807061427,4.071781605843024,1.5326495340100745,0.0,0.0,0.0,0.0,0.0,0.9078947948076564,2.186686955272698,3.1199858053069742,0.8089314403074703,4.537219789787525,0.0,4.105248383492077,3.8444858788303047,6.3844243490572135,2.924521057613075,5.062372155425983,6.357803355625835,4.443189900079177,6.348018453494349,7.253387567989475,9.303219257392364,10.293667958288422,4.440892098500626e-16,1.389702733101216,0.6423514855223369,0.30078076707574697,0.1590796056978427,0.08696351778148405,0.03478540711259224,0.014432562284299566,0.006606906290145265,3.894464192895651,5.073306403336204,5.6359569891844625,4.889819984801722,5.89924865471493,5.474465519702658,6.970841463112992,2.5250715451662815,2.0518710206599415,0.0,1.7464096181082907,5.789400379605396,9.339457162442853,10.293667958288422,6.505959830249499,0.0,0.0,0.0,0.0,0.0,0.0,0.0,0.0,0.0,2.5002153624258336,3.8232891441167425,4.003286254675729,1.4779934838736821,5.258795887267966,0.0,0.0,5.718834469684654,3.2350926435097684,6.091438565361353,8.211664430628982,8.980092407624936,9.949006449114227,4.2464399222245595,8.644964714469504,3.2978347458324544,2.0672050664006023,1.0823697086410529,0.0,0.0,0.0,0.0,0.0,0.7093027115307631,0.0,3.1916500284830955,4.004297881174556,4.575571664698973,5.175989110316988,6.7573605065013425,5.937929670284672,3.0199655695204717,5.572377139364086,8.138850584794247,0.8877465015507218,9.390471372398702,9.104924445846994,8.65548096870412,7.710702897047757,6.4148605588795355,0.0,0.21969367876148513,0.0,0.15718878046865384,0.0,0.0,0.6812659881367594,1.867171829876023,3.4680324058192653,4.50920108943717,4.505593986990275,3.9890133390584226,0.4538853343310203,7.070957553237462,2.5865162262403016,7.996732741220865,7.518104079543145,2.5211225226387626,4.90671667735191,4.922163462398975,6.937049560065985,6.097548764684712,0.3115603294412628,1.2478095514131775,0.9112537632535467,0.4875067917073421,0.0,0.0,0.0
3.6843139642189624,3.6843139642189624,3.6843139642189624,5.030308827831087,5.888099091369497,5.729314623653341,9.332077242897656,5.611308025076246,7.5954714772157335,10.220114762724045,9.695189783612998,10.279611580921923,10.484595384554853,10.415349951249016,10.422960980825586,7.5967047064452,8.881121621369566,5.087007959763344,1.3808183392149955,0.0,0.0,0.0,0.0,0.0,0.0,0.0,0.0,0.0,2.042765509148257,1.7530853709293988,4.034313398045514,8.067136127062609,8.859665879645915,6.29646116826313,9.948493684046051,5.995042865189848,2.6938767442133607,7.923930460520363,9.171125658092095,9.134518474371239,8.40520823521979,4.501838094131589,0.006972909035175112,0.0,0.3890203818635534,0.0,0.0,0.0,0.0,0.0,0.0,0.0,2.9717102187298257,4.734089728859935,6.6025928424320135,6.923896527429642,6.301926529416164,2.276897270299335,8.100387719292824,8.68052452843808,8.676584341109049,8.150628388623533,7.662764454925293,5.837223464305708,9.60561114599982,8.290632212177883,0.0,0.25027325465448136,0.0,0.8295057501872365,0.0,0.0,0.0,0.0,0.0,0.6173989982339514,0.0,0.0,5.111065081927932,4.206846466240872,6.592744032263418,8.496163756996767,5.500907306676074,8.273649723570996,7.813298982204717,9.02349580662717,9.533700383755313,9.595458523740115,9.293997634630097,7.3189832666999735,0.0,0.0,0.0,0.0,0.5029494455188819,0.0,0.0,0.0,0.0,0.0,0.7386148306093303,0.0,3.168518823892202,1.129905579028919,6.321821530150265,6.905377162842217,5.075905522690551,9.072474741109774,5.997789672187892,8.68005270584753,1.3327763005113011,9.316121427147522,8.482452388541896,7.919816680385287,2.7304373315135413,0.0,1.7498862498735304,0.0,1.283927382988486,1.538916715349588,0.45962324251309605,0.0,0.0,1.956222861516621,2.58455791061303,3.4124434501461938,4.865992929229199,6.908222643464625,6.2881650120481645,9.18558905151685,7.546005398810974,10.456164792588645,10.484595384554853,9.01278050180043,10.484595384554853,5.8458480833836415,8.961429575864699,3.549599412685585,5.668395986823863,1.9526076380910151,0.7232193677438552,0.8665103011084075,0.23457396334462577,0.0,0.0,0.0,0.0,0.8024766431708725,1.5801496352495839,2.5116491772682945,4.661111312217165,6.159840772765615,5.350243470978468,8.538162216861563,9.550837230216326,7.716730846329406,9.797050372730101,9.080356285601777,8.973042660898066,4.5569374899716015,3.959961250837398,0.0,0.0,0.12094785432953767,0.0,0.0,0.3084265351656787,0.1432159667535913
2.189751166771028,3.315353344054012,3.315353344054012,3.5152787169669675,4.76679798298,7.480692138603059,5.421124537909187,6.6859709203064925,8.259102693262234,9.426151181043531,9.379008840139248,9.392019685245518,9.61517071512403,9.494803707897647,9.504688471310072,9.530743847747765,7.915420622335589,4.820616269925106,1.8229612960937596,0.0737621912920346,0.0,1.059868094118338,0.0,0.001038377890224789,0.0,0.126270288504975,0.21800454027173552,0.0,1.8050904615879773,1.4298985302929685,2.199383908897725,7.892278930237901,7.654436920014758,9.326694041263307,9.629456142974796,10.275655919148017,10.275655919148017,8.390870314561202,9.859526917495565,6.7237395812889424,8.552046923904621,1.9787870494082607,0.0,0.0,0.0,0.0,0.0,0.0,0.0,0.0,0.0,0.0,0.0,1.1169340907131735,3.841523218057114,5.3916163217937925,5.9374800671303385,2.862595941092356,7.705219934461089,7.668481124836526,7.262627215159179,8.070838740902172,7.8471014149750475,8.4248636621385,9.112151991822802,7.181567564516423,2.40648343593022,4.930058448250897,4.31781176552139,4.321579340125522,3.315353344054012,3.4400654149670276,3.315353344054012,3.315353344054012,3.315353344054012,3.315353344054012,4.724883613065653,5.916586806964412,7.764930892876864,10.065783774898772,11.114181173436581,9.075723322345624,7.542909289586179,8.147674195389367,8.332946203242688,8.326040527087098,7.5635944716675265,9.815234818801978,7.7731999617658625,6.4052335947737955,3.315353344054012,1.321607568761581,0.6433137155223353,0.3345231320716124,0.22414667035750996,0.5674392654770545,5.285242025124964,4.267398262476307,3.7523035717923907,4.10049926700359,5.040196633210716,3.3153533440540115,8.154380178361029,10.941178520699308,8.816835965498035,8.23786644389414,9.824731599292267,9.26828905104662,9.024807675007871,8.24743911935962,9.260504987402028,7.899847517943096,8.76084517196228,7.503574803194663,0.0,0.0,0.0,0.0,0.0,0.7440872948013157,0.0,0.0,0.11429315115316886,0.0,0.0,1.4547466765526214,2.8444109536401236,1.9683696807366124,6.994684680376416,8.72864353317012,9.642301332427627,7.206755005217394,5.991160376433219,10.172000341979755,10.275655919148017,9.109058456376154,8.821853988091627,6.8059771786853664,4.07093957957497,1.488723215714948,0.0,0.0,0.0,0.0,0.0,0.0,0.0,0.0,1.3894966115577823,2.4777451206855328,0.4007470071426189,6.896717080254415,8.668170895185124,10.275655919148017,9.32757549405171,10.275655919148017,9.67591192929405,9.923767161331954,9.37636967751801,6.492865630762521,7.5717973713205105,4.442397584295448,0.7347758862528523,0.4179825096316855,0.4452901714893002,0.0,0.2465788807545637,0.0
4.76007859485952,3.765123998343239,3.5836789732963856,4.065996816646294,5.894321046925976,7.286215805301403,7.418917194623983,10.08045118576786,12.317364008073021,9.816912940445041,9.543958120816207,10.237851179415449,9.779821954455706,10.507972957458481,10.14636676791725,9.474744504955932,7.944271463880103,6.494322867147417,3.8707193356352816,2.1549072220615613,3.5836789732963856,3.841217475755872,3.5836789732963856,3.5836789732963856,3.5836789732963856,3.923257302073643,4.445823801717317,6.556406657763754,7.691700407109184,8.698252984662647,9.187555099311265,11.627578462055276,12.73113572016291,12.21446952616628,10.342692849178205,10.163775962961084,9.87346680122403,9.504661610291125,9.562733954829168,9.527260061200996,8.645144692140263,5.886857942086142,0.0,3.5836789732963856,3.5836789732963856,3.5836789732963856,4.444212999313697,3.9750299973710725,4.039219279264923,3.5900387704134618,3.5836789732963856,3.5838195269166753,4.523029008955071,6.014592083688212,8.23417981466968,10.331502947022496,10.54297318191687,10.644216215045482,10.506772451151162,8.439494118474244,8.0385626748359,8.365579414983813,7.834205688936315,9.622561535515242,8.766389984028462,7.23172826620253,5.54822594211349,4.188484408247369,3.5836789732963856,4.632886172224682,3.62088422835001,3.5836789732963856,3.671687987504896,3.5836789732963856,3.5836789732963856,3.8660004344666743,4.361857103335607,5.118213834084536,7.978770187244723,10.626577009454074,11.438940955505368,11.408577619168968,10.022190804553162,8.781319024306667,9.210233922438332,9.825757098892417,10.09963720841209,9.95830956551437,8.34764172838301,6.803790751509451,2.22613371234187,3.5836789732963856,3.5836789732963856,4.382469444271734,3.5836789732963856,4.107842296562085,4.726424176341187,4.347958798440483,3.5836789732963856,3.5836789732963856,3.98357177798577,4.7849694912419976,7.582482813652099,10.767004858891685,11.748966731935052,8.877428604342976,9.393355031808609,9.81290406866705,9.884065111147438,9.487790170051282,9.615211686483466,9.255851823979164,8.504061873546242,7.274609869550696,3.5836789732963856,3.6936490800427344,3.5836789732963856,3.5836789732963856,3.5836789732963856,4.439752279492468,3.7726736909669762,3.5836789732963856,3.5836789732963856,3.5836789732963856,4.217396765056781,5.7422606451099645,7.411262692956736,10.800098861890053,12.964450662627407,10.245691582740724,10.171056280699858,10.27736953637204,11.06384363992413,11.53181029305333,10.883125559534783,9.479161413573612,9.503791974396313,8.02396950162544,4.537152833013447,3.583678973296385,3.908994199134538,4.160579704354037,4.391221546914789,3.750332704754264,3.5836789732963856,3.5836789732963856,3.5836789732963856,4.052503434451359,5.4990432816420345,7.2398514130805225,9.62114166501815,11.962992430314188,13.722607997100702,14.081613073171152,10.748885228531913,10.497934099874767,10.497934099874767,10.317961641889235,9.494586045138803,10.284874143717563,8.038255811216546,4.437650568595561,5.101311107563049,4.1340889839596455,3.5836789732963856,3.5836789732963856,4.025067007978546,4.921599577166436
4.515774904353376,3.7850976062335,3.6306161597945388,3.6306161597945388,5.521801398798983,5.688485727081353,7.935169543315098,10.97621491731994,13.465421031979343,10.420789832202516,10.368671154953393,10.243817324373516,9.6036594705882,9.432413074199777,9.100675695239973,9.053262363155216,8.714380106313225,6.474770542998357,5.162728161121127,4.345364817423877,3.6306161597945388,3.6306161597945388,3.6306161597945388,3.6306161597945388,3.6306161597945388,3.6306161597945388,3.6306161597945388,4.093492537848278,6.126186963320633,7.733837163865875,8.496017076187838,11.179720567478464,12.758937168661241,10.24939743563024,10.368671154953393,9.976111656787992,9.317118996195733,8.773527326068265,8.975621007847776,9.978921213400866,8.720171931960484,5.679136603671057,0.7250306295148893,4.957315576528931,3.6306161597945388,3.6306161597945388,3.6306161597945388,3.6306161597945388,4.2733580364703485,5.166539929144678,4.770336656645936,4.786339073388691,5.119068348584347,5.820071756525683,8.142664518776773,9.565683429311935,10.178480259112575,10.72818518306926,11.181559797858352,11.860122092180164,9.415665800089604,9.709992713669319,9.14883938500687,9.32448642407162,8.97963190385177,6.403715654336246,4.724529389052659,3.9858288057929268,3.6306161597945388,3.7864052613343215,3.6306161597945388,3.6306161597945388,3.814607952615238,3.6306161597945388,3.6306161597945388,4.2056762434544055,5.0916975907695345,6.174151261092108,8.58321427159401,10.602884523334591,10.786344663623604,10.682627767930336,11.244304993943198,11.698484890044451,8.405125858763597,8.656223449064603,9.540034212654914,10.55068779782075,7.235356079127698,6.61372412104624,6.166239047739113,5.307561497074372,3.6306161597945388,5.067752832151937,4.709660749243705,4.702166549818195,4.187665104083213,4.1098453724759105,3.7503025626143893,3.7971052127370752,4.319288227422836,5.841592636934303,8.397316347624395,11.05687777710563,11.463908854093427,9.316236158031316,9.516800332647689,10.065137617317442,11.093623396189527,9.951141755901363,9.744338345895029,9.483345621987711,8.607276806975644,7.6525867675368024,5.107797809329365,3.6306161597945388,3.6306161597945388,4.2229787445412095,3.6306161597945388,4.609562134519137,3.6306161597945388,3.6306161597945388,3.6306161597945388,3.6306161597945388,3.6306161597945388,4.805176120521617,6.785407364637015,10.218877199227284,12.421504522194637,9.991497288611685,10.24525558060767,10.222319951871677,9.20408976066236,9.116830258747447,9.521929906623853,8.244212520272093,8.072724953429956,6.981374902400148,8.044504249543708,5.381528872274002,3.6306161597945388,3.6306161597945388,3.6306161597945388,3.7126782962885145,3.6306161597945388,3.6306161597945388,3.6306161597945388,4.622169375860106,4.818078302469848,7.3947299896054846,9.72050633233184,11.804413682757081,13.320873963477716,13.999287314747932,10.71158587868018,10.368671154953393,10.185474130380367,9.135883113345301,9.045340361599475,9.503907797380604,8.343723004206009,4.123466752732205,3.9680425487989126,3.6306161597945388,3.6306161597945388,4.285243197571028,4.77359949830945,4.424066928458224
6.172892321614249,5.819598545959233,5.544587991830364,5.544587991830364,5.636076899365875,7.69762388954214,9.495089917461078,13.001929082024162,15.768913271432329,11.159124192442295,11.162102558676343,11.272399231206322,10.976392810123484,10.702315025578637,10.754920602831756,10.201579636343336,8.889336870699236,5.996352047424313,5.809097029719399,7.327131868095751,5.544587991830364,6.138078706847351,5.883338410575104,6.826215728252048,5.544587991830364,5.544587991830364,5.584097963021463,6.8629726199141565,8.918857643010295,10.88207397424101,12.048318803197326,14.64794622045492,16.020928507014148,11.130591204036628,11.159124192442295,11.07226346492855,10.873446864646446,10.618374243495936,11.574074226844425,10.991174119306644,10.724346096601304,7.6373573888566835,2.525796083157629,5.544587991830364,5.544587991830364,5.645523903910359,5.544587991830364,5.544587991830364,6.460258185845059,6.957549585912076,5.754819573199935,5.544587991830364,5.624803681797677,6.279159794648431,9.980668195880295,12.313496407830376,12.45049439426134,12.663154219544893,13.362739888041123,8.638827120917757,8.531564404256082,8.37209680585439,7.609907241262344,8.45350605166685,8.817641449005029,6.982573678624665,4.673301907382296,5.764121162466545,5.544587991830364,5.908374365245718,5.544587991830364,5.544587991830364,5.544587991830364,5.544587991830364,5.544587991830364,6.369145911362015,7.398149064819645,9.100449980556746,11.725185270275324,14.030620536295547,13.90251142247061,13.519797034907029,14.043249466568714,8.804883934178743,9.161248308485789,9.802744214244763,10.887907250309324,11.341012272735801,7.913889523889125,6.3839286694846535,3.7637216230318815,6.258664554663779,5.544587991830364,5.939298433111847,5.6442912412975845,6.57500272938618,6.7689736567817445,6.213933933885379,5.544587991830364,5.544587991830364,5.544587991830364,6.146789073677739,9.6640124188929,13.356339952975633,14.197610818712064,10.069168926373715,10.611572063943306,10.767269963939043,10.819464034434843,10.873489917824887,10.158620521182796,9.774450816853125,8.518691619973039,5.7820655163349155,6.463059155139661,6.246955756397596,5.667964249913213,5.963691201624871,5.544587991830364,6.385346037993372,5.544587991830364,5.544587991830364,5.544587991830364,5.544587991830364,5.85314499420237,7.214278305160656,10.107959192876033,13.575512786382369,15.774932083779824,11.47658357811093,11.539781430545084,10.382736642617665,10.65559245115192,10.516992939967363,10.90050549029114,9.76407004502117,9.686000415175327,7.631744309245619,8.628554317419038,6.386310983513665,5.544587991830364,5.544587991830364,5.544587991830364,5.544587991830364,5.544587991830364,5.544587991830364,5.544587991830364,6.897380585086578,8.53632749801719,10.877579985333302,13.57498998977444,14.849395849771547,15.860002266168202,11.064886623595044,11.07888697080341,10.674249627523317,10.423246728375679,9.882262651686327,9.59709049233728,9.730795304684314,8.64713682757838,4.57442919144736,5.043623416738281,5.672564411096419,6.31580527609193,6.986406329087348,6.939138049583256,5.699308267789939
7.195883192928355,7.566098312034341,6.778782240825386,6.711696832675867,7.477754297238834,9.547448389626053,11.637334209395972,15.088113818748454,17.645492957458025,11.225918470087773,11.205423802282274,11.285506544161295,11.144971262409618,11.114234720460045,11.023089719727967,10.319667928804572,8.968186920258672,6.091922503827691,7.666051568003994,6.925502726423961,6.711696832675867,6.711696832675867,6.711696832675867,7.522526241594566,6.711696832675867,6.711696832675867,6.711696832675867,7.325404956981077,9.244640019798346,11.686074871142667,13.381669365328321,16.521043122535712,17.59387266510256,11.205423802282274,11.345555634977899,10.740936680111743,10.063069030015674,9.698864384248932,10.471692720956217,10.710059212252753,9.857251748527274,5.995589292364097,3.8783840105464122,7.951733213540533,6.711696832675867,7.824865498457219,6.8096044403478615,6.9685683652484975,8.164020146390564,8.85738363546473,7.4514314579273755,7.199822773386625,7.283830477912519,8.519083309113766,12.11444755836541,13.651012840884334,13.923746553010014,13.907957507992894,14.5218134041344,7.925404322736117,8.181156927929207,8.298689673317336,8.37994889261074,8.778431852967257,7.801655673731085,6.231336298273277,5.616522599493768,7.334965210381037,6.922352765190374,7.6841667569311625,6.711696832675867,7.001540686732537,6.711696832675867,6.711696832675867,6.711696832675867,6.711696832675867,7.3630506254031625,8.850086545306754,11.411434985815681,14.220068991528024,14.410231474955669,14.652612017037015,15.196334230855648,9.191853703781021,9.833916524116976,10.100035637079946,10.252407998531892,10.97173882171961,8.225187867837192,6.119467842008573,4.789192059357246,6.718168153775761,6.711696832675867,6.711696832675867,6.711696832675867,7.147685530064863,6.930870684479512,6.711696832675867,6.711696832675867,6.711696832675867,6.912851704011845,8.772273235789797,11.887668048772744,15.10879252529562,15.733292668917578,9.921851250350493,11.372899683327908,11.119545156032428,10.82612138313939,10.241047767284167,9.859415729316423,9.657786151392207,9.120770552163481,6.001146849199438,7.504390147282942,7.553653001376255,7.473465908457374,6.711696832675867,6.711696832675867,7.489449144034509,6.711696832675867,6.711696832675867,6.711696832675867,6.711696832675867,6.711696832675867,7.629349333236174,10.468568185176876,13.753083940915698,16.40577107179524,11.008036639149262,11.20859818169753,11.077430349661888,10.852513266128032,10.748944811556079,10.912575087247092,10.673151286101723,9.626005021185156,7.921764622272489,6.437775516530932,7.342042229035919,6.711696832675867,7.467699717826043,6.711696832675867,7.410807393878249,6.964307861096035,6.711696832675867,6.711696832675867,6.925241913307244,7.906726587471903,9.961535798111543,12.740057743984764,14.826446463936168,16.633245526453063,10.542846279410272,10.809284410388264,11.126696190060832,10.916496300584466,10.518828764231946,9.44120774074493,10.253686350146223,9.033850379303223,5.022803119681745,5.286674876004101,6.711696832675867,6.807530541938014,7.316547078981545,8.041519297787081,6.79445148212212
7.166166081858838,6.9189736716488754,6.960723991543337,6.90414002432536,7.600622819129308,9.883897418966592,12.65326929760314,15.40163379539683,17.078690261740594,10.861280169065788,11.092141301234765,11.105505346561783,10.61172875965082,10.62092659419805,10.381313632471961,9.620253033472968,9.04119398520942,6.6821187118467575,6.398896288543465,8.1973600115849,6.932424198804672,6.90414002432536,6.90414002432536,7.431272882150293,6.90414002432536,6.90414002432536,7.254110116433568,7.284367452478666,8.449833448490157,10.206612744289552,12.355435339053392,16.42156005521503,17.54424262457657,10.696501800503283,10.914889268883925,11.064363522286646,10.660873241162825,10.075070145475872,10.793885571529422,11.032880450613412,10.619673558559013,6.726826911370165,6.47099514986813,6.90414002432536,6.90414002432536,6.944575451185067,7.226705989768091,6.90414002432536,7.367917659690693,7.667641263219371,6.90414002432536,6.90414002432536,6.90414002432536,8.106542546094756,11.85506445083045,14.285779200218776,14.632321742010014,14.646034902527031,14.974119621012676,8.0362762910508,8.255844933263878,8.189208402168445,7.9374446918487145,8.719552538518995,7.891346696230146,7.010822408017699,6.492673072459903,7.383906236192647,6.90414002432536,7.370563803831843,6.90414002432536,6.90414002432536,6.90414002432536,6.90414002432536,6.90414002432536,6.90414002432536,7.423017892270176,9.168227345943919,12.395336539241875,14.66597432323563,14.8422199683229,15.438775660164541,15.5359107115628,9.198615001069921,9.703180354599713,9.324321133141867,9.898239168094857,9.824040328942981,7.933124741488642,6.10388866351577,6.60783032365932,6.911680930947606,6.90414002432536,7.2740126287292775,6.90414002432536,7.569623615764964,7.569631260491911,7.080220937877142,6.90414002432536,6.90414002432536,7.2927288109251105,8.256351081374568,11.416144343842475,15.480677970382914,16.60250959121383,10.581063556024793,11.032880450613412,11.144849631304517,11.15865125091469,10.249588246676016,9.664910754316354,9.547048033284222,8.99940230535205,6.030246401690947,9.08245350960691,7.916240960798366,6.90414002432536,6.90414002432536,6.90414002432536,7.580976528488347,6.90414002432536,6.90414002432536,7.217902798984698,6.90414002432536,6.90414002432536,7.8361142760364215,11.475277046584063,14.859210661665733,16.635251381315097,10.454728657981917,10.954161793032785,10.669955631757917,10.55036961736969,10.820902200960226,11.168487859973649,11.032880450613412,9.479170227695784,7.756987486654147,8.088360216860702,6.90414002432536,6.90414002432536,7.2480175156614965,6.90414002432536,7.669584339085561,7.338120897893766,6.927535108217763,6.90414002432536,6.90414002432536,7.687564654661793,10.042407955149464,12.98577776474835,14.634916017089843,16.28581732430814,11.328041856511536,10.39307044293696,10.94124565695094,11.032880450613412,10.985992269078059,9.578381824763673,9.273771038123728,8.254131599242363,4.59465088712355,7.185194653972099,6.90414002432536,6.990943843765987,7.418963885350439,8.920823102816316,7.600838679913833
7.610588148322415,7.136869985424114,7.136869985424114,7.136869985424114,7.281436493563142,9.321425370875303,12.50508748955357,15.53230495327718,17.195319551057818,10.623208428427695,10.755370935811015,10.755370935811015,10.652426622784683,10.64332667496457,10.338392682275993,9.638767919638552,9.28968654152967,6.204787653850662,8.567155788375596,9.12802270619275,7.2499328682077575,7.454292141488859,7.136869985424114,8.075525334152058,7.136869985424114,8.005043366761907,7.6597081386368,7.496661503761213,8.06517269368761,8.924196082001123,12.135976976096554,15.453207805563686,16.867566711178316,9.88257670082498,10.472597353331649,10.98622048896354,10.298459786915844,10.00444325915732,10.714571313724262,10.615729208037829,9.556002569018528,5.949950123056955,5.706890046109225,7.212281541205587,7.152593751286504,7.644428073392495,7.171137985029468,7.136869985424114,8.153751668317287,8.8177941575843,7.7174578134847245,7.644571673086844,8.36703688063528,9.631431628439042,12.37890502777525,13.712999397089739,14.22035250290514,14.754044613372367,15.40143434612041,9.062406137757192,8.16238548532645,8.263755971345525,8.23329809153213,8.917024956248508,7.751240969374341,7.052611788546381,6.972355348331153,7.665219257709978,7.136869985424114,8.141821274291438,7.136869985424114,7.136869985424114,7.136869985424114,7.136869985424114,7.136869985424114,7.136869985424114,7.875201035987888,9.658954368964151,12.422503561761674,13.72505728392458,14.73373359053286,15.339823025474129,15.455450909717818,16.07442820552573,9.831234218054323,9.526772979447868,10.215737429228401,9.862871910491322,7.640239907815305,6.308763967080846,8.600965350353476,7.136869985424114,7.136869985424114,7.580575411534752,7.136869985424114,7.953826195866719,7.144158791784921,7.136869985424114,7.136869985424114,7.136869985424114,7.136869985424114,8.593531982693225,12.830469011266125,15.97899616321116,16.9377908081352,9.8329781723343,10.222942374440043,10.435596575128914,9.903417027762645,9.046664069214746,9.030263148140225,9.112312867990475,8.549003301697818,5.413269343951097,9.041041999366522,8.493736926356569,7.764478940409388,7.457277845178445,7.136869985424114,7.283944760322521,7.136869985424114,7.136869985424114,7.569075015254367,7.151303116980041,7.30278116174718,9.740660992373385,13.738978761435632,16.222208529463263,17.22560882944436,10.335381883179254,10.545790387259448,9.879580760640891,10.22179293581519,10.507710825454486,10.150633163130882,10.493868840631377,8.620469792438845,8.12740866841941,9.213868882996787,7.136869985424114,7.136869985424114,7.136869985424114,7.136869985424114,7.136869985424114,7.136869985424114,7.136869985424114,7.136869985424114,7.136869985424114,9.13740316390506,12.123329625337814,14.95256862652915,15.668555420411508,16.250752174065383,12.130952256266985,9.259774891626357,10.231528225807953,10.774545983288498,9.93980352352843,8.698520178911869,10.818563122179434,8.789350370041157,4.312494027125157,7.064732272216848,7.136869985424114,7.136869985424114,7.2003210168867255,7.861170977234735,7.136869985424114
8.251459056994214,7.441981218565221,7.441981218565221,7.441981218565221,7.671125104345357,10.013846207154964,13.330149368328328,16.039293889203098,17.733991519929837,10.811969898005733,10.695174360971272,10.695174360971272,10.695174360971272,10.557223400769278,10.378451443185332,9.450019200474085,8.349570564247472,5.963195326862441,6.248931225491248,8.660561580810885,7.441981218565221,7.586122050039814,7.441981218565221,8.426433621162685,7.441981218565221,8.430682598520399,7.916771329064734,8.365897288020395,9.958100631443436,11.490693584428822,13.74946849851736,16.563126929574402,17.96527702671942,10.810268103853288,10.69712247693379,10.417586619093314,10.062023983030828,9.961357914614608,10.42974436227539,10.103511316055092,8.636305536327724,5.959879820800659,4.47964909601391,7.441981218565221,7.441981218565221,7.441981218565221,7.441981218565221,7.58328350175887,8.550844781040507,8.76715192946109,7.58295814684811,7.441981218565221,7.866680777098467,8.743499990066761,11.865111027634187,14.114847083472096,14.111724696300108,14.548964722401527,15.978156171414346,8.529229803894859,8.482581835342213,8.556446568944109,8.692743356625668,9.016385145735793,8.16096155437419,7.160791452800336,6.350881006001126,8.530756366409634,7.486120716050623,8.159968985158633,7.441981218565221,7.441981218565221,8.17627195158092,7.6178265832393945,7.441981218565221,7.441981218565221,7.618126359182152,9.287849115851705,12.216362372466754,13.787563789454621,14.926882579645557,15.382266620383371,15.289411619753665,12.392118104974083,9.456367569226884,9.474173718366924,10.492566622519572,9.266581434873407,6.688243252601062,5.31796307001692,8.968198248788326,7.533941672482169,7.441981218565221,7.441981218565221,7.441981218565221,8.210351025800765,7.667127613663705,7.503482301133074,7.441981218565221,7.577678121929701,8.325623880225256,9.508249775690523,12.654084335012032,15.277106303383544,16.229827717275583,9.713704656682483,10.397745842982616,10.52966871639396,10.415804856711585,9.318777901915483,8.794384110679957,8.346080642480477,8.269230611588453,5.80146474703598,9.437308539909857,8.181669273199953,7.441981218565221,7.556641133980755,7.441981218565221,8.085690929175158,7.441981218565221,7.441981218565221,7.441981218565221,7.441981218565221,7.441981218565221,8.701203692297447,12.526132121613674,15.652399009469093,17.41203375111342,10.611317613566543,10.774361581512322,10.120277094459182,10.391226098074776,10.714505320395528,10.488322904388925,10.817344310433347,8.800478473764933,7.980614072932834,9.742849463566772,7.441981218565221,7.441981218565221,7.695495406345735,7.516644632459163,7.958178658089389,8.396062222339056,7.441981218565221,7.441981218565221,7.441981218565221,7.708733518352728,9.846211053727504,13.230348363079194,15.438762831230672,16.737338029280465,15.880227153115936,9.742122093885635,10.695174360971272,10.837598718658555,10.085420218532466,8.204299755282142,9.58044644157645,7.973074929498482,5.2346421871261475,8.813270170124657,7.46811519439363,7.441981218565221,8.066266213062953,8.631219954583816,7.6040495598286615
7.4657586007553505,7.4657586007553505,7.4657586007553505,7.4657586007553505,8.3532770001728,10.227731941626091,13.360200520068766,15.50205506112872,16.885383077650893,9.621568740863493,9.953724840308702,10.33695817853877,10.2281551930888,10.187560850200844,10.149515047538314,9.633660211411232,9.028887353208841,6.746917113136437,8.850551224887052,9.2430880203666,7.4657586007553505,7.5529727932943995,7.4657586007553505,7.840113420792131,7.4657586007553505,7.733468745116636,7.4657586007553505,7.64681449815017,9.242717834566388,9.391652441138522,11.90992835655498,16.52480502274717,18.082317797795167,10.616559197039816,10.626790130113992,10.616559197039816,10.372027113345402,10.124914486585585,10.824648698977459,10.318705171005304,8.904352659803944,6.2525072817286125,7.693776149322131,8.150698753472225,7.831377194106217,8.580081297212681,7.679274651359204,7.808433505346618,8.300440254349475,8.079109961180917,7.4657586007553505,7.4657586007553505,8.762520091689783,10.508649492703785,12.535337016531342,14.651075740381728,14.199351613503726,14.429124990500169,15.566744555118367,8.942663942184895,8.379189125970617,8.517239320822194,8.238722282279715,8.807587208768714,8.116923149878982,6.714943874768871,6.37911136972874,7.784649463180728,7.4657586007553505,8.45412344300367,7.4657586007553505,7.4657586007553505,7.663791313867271,7.4657586007553505,7.4657586007553505,7.4657586007553505,7.928871873454581,9.62442432311667,12.602589651689797,14.140383863113236,14.645728612156462,15.55395004794835,15.272628456471622,12.081387644970789,8.862875808137783,8.386740916294917,10.631558973809197,9.507571131082019,7.431655598292493,5.524689584526863,9.192355450526781,7.556608286790871,7.4657586007553505,7.616410141724786,7.4657586007553505,7.862268170839913,7.833978935845647,7.4657586007553505,7.4657586007553505,7.4657586007553505,7.4657586007553505,9.43914348252812,12.947538905065992,16.483802990397336,17.588405145617934,10.255472312747095,10.489607065292104,10.777330584757719,10.089872162552796,9.377372039176107,9.36974051652561,9.347535696475362,9.266122780760638,7.470113508748748,9.37489362372599,7.711736702956957,7.4657586007553505,7.4657586007553505,7.4657586007553505,7.783116988887292,7.4657586007553505,7.4657586007553505,7.4657586007553505,7.4657586007553505,7.4657586007553505,9.280932241281391,13.095578421357102,15.92497936554657,16.812662766583514,10.38012649670872,9.981248020785797,9.822979455240285,10.275120064405106,10.669970160728113,10.287891049235862,10.214713968161831,8.621397581872941,7.905692681727815,10.578121592232097,7.4657586007553505,7.4657586007553505,7.4657586007553505,7.576262146999922,7.4657586007553505,7.4657586007553505,7.4657586007553505,7.4657586007553505,7.707510731469338,8.644955251306191,11.299535634948022,13.940299387293694,15.531824327428062,16.563513801524422,12.69157651981452,9.458577751626455,10.087375748055496,9.763582771360406,9.063313367035958,7.492022679454102,9.2554170166807,8.111973195472519,3.8054461137461155,6.967334600968186,8.342645232350938,8.553180179869674,7.478497580055337,8.205027000032468,7.4657586007553505
7.650348638158839,7.482452235673378,7.482452235673378,7.482452235673378,7.839713623465629,9.414609031259587,12.902690078481013,15.569067367984047,17.526634383003604,12.550193103394145,10.315394274303008,10.484330615687595,10.089967114224676,10.05917259855992,9.908898492990968,9.343460733149843,8.312738671162906,6.713243483233827,8.804022730097676,7.993905883556178,7.482452235673378,7.677991952982835,7.482452235673378,8.01930594832776,7.482452235673378,8.43904990016849,7.482452235673378,7.482452235673378,8.114782403753257,8.72238852847581,11.167774642456951,15.556531399274816,17.45507548924825,10.420315657624503,10.600274312960835,10.404088785754448,10.292762066058676,10.296822611341023,10.344417202619294,10.411715448320969,9.367346778352504,6.046099258792625,6.686556321237769,8.119235726795214,7.539848942023287,7.698450650815642,7.594186692169859,8.303426950690126,8.839156751581491,8.836629248516111,7.539101682943662,7.482452235673378,7.81246696058255,8.893635194179257,11.946383876033558,14.33570850541236,14.317231051855085,14.764996133950733,15.196403373720777,10.764790197899448,7.855592046992354,8.369456724806934,8.507596712622902,8.062274360340783,6.788885511326915,5.795833314254079,7.919827328364659,7.482452235673378,7.482452235673378,8.500476534426237,7.482452235673378,7.482452235673378,8.11105866602846,7.601076979002818,7.482452235673378,7.516457562368959,8.39487704396688,9.851839310662559,11.868085387525205,13.974364400974384,14.801584543043655,15.37997361291788,15.585814033083864,15.596195310769362,8.860360601531728,8.302216430413003,10.404088785754448,10.24105100225737,8.046122788803197,5.719596651557693,9.500741647529686,7.612752902121962,7.482452235673378,7.482452235673378,7.482452235673378,7.901580628971441,7.75285149939487,7.568488808997455,7.482452235673378,7.482452235673378,7.71056043379668,9.025243951599697,12.473173001096612,15.457080827822946,16.456519692531195,12.492064266529963,10.391823923340842,9.965385072680778,9.219719643767519,8.456053199825215,8.735643440160091,8.9441349246957,8.99159530894008,6.080022627350546,9.449312859155013,8.320808320908613,8.111780344662414,8.044841279395394,7.509570918811596,7.8072952145997245,7.482452235673378,7.482452235673378,7.482452235673378,7.482452235673378,7.6737555211135735,9.626327062675934,13.211701862196586,16.079240675802723,16.78324864795207,12.84494054658579,10.40505971884904,10.308928115281441,10.048765738603691,10.183881147035137,9.539699730341177,9.760877316217794,7.648107476382364,7.596329207623515,10.460041847351775,7.482452235673378,7.491396554777283,7.864824939267128,7.482452235673378,7.482452235673378,7.482452235673378,7.482452235673378,7.482452235673378,7.482452235673378,8.098233715799639,10.408361905510505,13.404113323549886,15.845847170021111,17.174893022837825,17.203932926141974,10.291215456810058,10.404088785754448,10.404088785754448,10.324837154337065,8.618200309844351,10.462597758444737,8.807194272199228,4.837885509217324,8.037937969790093,7.482452235673378,7.482452235673378,7.482452235673378,8.901917057256764,7.796086638471354
7.840045831698877,7.7973738470620315,7.784841006900309,7.784841006900309,8.367697512311597,10.115227282522858,13.818221997678917,15.906122048390564,17.5788550891006,17.49927196648775,9.850996574634346,10.346407832979065,10.34213352711745,10.365984055084292,10.346407832979065,10.316374448651842,8.947947582492027,6.703438099727708,8.699709035269013,8.61086402775108,7.784841006900309,8.335887358455393,7.815153134032217,7.885561931809034,7.784841006900309,9.077471331337293,7.784841006900309,7.784841006900309,9.067715849527325,8.792784892671689,11.890303769959814,16.62881337043777,17.280937635619747,10.346407832979065,10.358430119408828,10.12355313535798,9.275989098022423,9.27695257867725,10.406976460539989,10.02016254228089,8.178027455127909,5.668850722127048,7.119476072246631,9.179221672644735,8.02590937530218,8.172439869560987,7.815208790662431,7.82879270859834,8.24488506789231,8.513822144855618,7.784841006900309,7.873884523261551,9.13460124342994,10.564022922705796,12.803847689775735,14.252542288801582,14.40699760883945,15.14855174915086,16.024309596429937,15.489122223929176,8.191191163060273,8.083278235180593,7.347468873331586,8.604778356138665,7.431133276595449,6.909140215830588,6.807064064747062,8.026332041927473,7.784841006900309,8.830284819209428,7.784841006900309,7.784841006900309,7.784841006900309,7.784841006900309,7.784841006900309,7.784841006900309,8.311213664232552,9.8667400086523,12.753504803099334,14.160760959588998,15.088765119463083,15.536636027047624,16.004462534599845,16.267708220059962,8.685182918323507,8.211178987338045,9.949615536397522,9.565080738988755,7.059950013212967,5.265382367384004,9.429879555093624,8.267930458791048,7.784841006900309,7.784841006900309,7.784841006900309,8.200769325599966,7.784841006900309,8.273110225564698,7.784841006900309,8.052016728816868,8.322952742176394,9.264466354190287,12.93704341045992,16.341498119578887,16.553293644350983,13.675028259037932,10.014716517888461,10.250746882041563,9.513613204061137,9.085812601521503,9.628365552872758,9.166506389962773,8.607283370231247,6.015522766981084,9.504807563322345,8.336894111350947,7.784841006900309,7.784841006900309,7.784841006900309,7.784841006900309,7.784841006900309,7.784841006900309,7.784841006900309,7.784841006900309,8.074725327724742,10.342549002869179,13.77683751586455,16.03761230191845,16.38021601669471,15.13611401231135,10.346407832979065,10.35120581612955,10.346407832979065,10.346407832979065,10.15768820876194,9.458119997747849,7.483213356897142,6.949531059284642,8.897340593330304,7.784841006900309,7.784841006900309,8.529055873317612,7.784841006900309,7.784841006900309,7.784841006900309,7.784841006900309,7.784841006900309,7.784841006900309,8.940549931158849,11.879721301544677,14.483359738880491,16.113832592347865,16.56555413704104,17.436766333114523,10.218351419824998,10.346407832979065,10.39103737918369,9.412471693869245,8.519977930924087,8.438192669049556,7.26119523790779,3.250488119047242,7.573123869626818,7.784841006900309,7.784841006900309,7.784841006900309,9.149342233415027,7.784841006900309
7.430710884622377,7.430710884622377,7.430710884622377,7.430710884622377,8.00877179757851,9.81641335960218,13.50990191805709,15.373461607916823,17.299210767181044,15.61856545479057,9.996026230414202,10.44370094500786,10.383967250032859,10.263463958957173,9.910603397134894,9.422690939764443,8.153279490280067,6.275634507494911,9.016539355018185,8.578352865433992,7.430710884622377,8.331784290349596,7.430710884622377,7.430710884622377,7.430710884622377,8.585633853038196,7.430710884622377,7.665490979360133,8.742568823606744,8.927863902434147,12.165410987844758,16.427094255408456,17.12492602296436,10.433661611244595,10.433661611244595,9.800922317524977,9.218337587090689,10.038272158875365,10.415738606162222,9.678247370177687,8.152891901646809,6.127482400216684,7.938183454059195,9.053126553603356,8.009006251878164,8.08176847523927,8.013093887965283,7.859315810337382,8.309810185493378,8.468095989074227,7.953428922334436,7.760420639090468,8.344350527747975,9.684080076709025,12.717087551985017,14.544807450626948,14.633044979291501,14.9717431332463,15.848222858192308,15.764441826905278,8.542556961596226,8.085578789915893,7.501256484518264,8.952246260560326,7.606708681577917,6.798202668585705,7.396997137695682,7.430710884622377,7.430710884622377,8.160190251263531,7.430710884622377,7.430710884622377,7.845825903844671,7.4666959659880785,7.430710884622377,7.430710884622377,8.148985419087252,10.314549765742727,12.871912589330346,13.973117693337631,14.911156286468366,15.466788722757443,15.415928930889066,15.65814758579913,8.594909300730311,8.38691413272823,10.087252739473636,9.405778513559893,7.386296758498738,5.534446600000663,8.956024461586265,8.09485158486524,7.430710884622377,7.499554549516306,7.430710884622377,7.912337541372769,7.430710884622377,7.530947016303323,7.430710884622377,7.430710884622377,7.510163217891507,8.486325044082907,11.775898440334252,15.710937738797822,16.33382062351152,9.841174274333358,10.22105944734903,10.47354359563286,10.09936852821869,9.327455274597146,9.627371040022432,9.493520392153295,8.45303086712561,5.520195258134204,9.9179822893493,8.35061533942211,7.456038556616232,7.693316335918945,7.430710884622377,7.430710884622377,7.430710884622377,7.430710884622377,7.430710884622377,7.430710884622377,7.430710884622377,8.502372337031204,12.136497237834531,15.865328693646706,16.051775832394824,10.47797368053415,9.528762542570123,9.585755778650721,10.240644405951022,10.395041328849716,9.820602274443322,10.130812448958226,7.39784223910948,7.816677115509314,9.552264695561885,7.430710884622377,7.430710884622377,8.347679141361015,7.430710884622377,7.906472297039558,7.721999829418704,7.539158513843492,7.430710884622377,7.430710884622377,8.468125373598522,10.91815578062512,13.724578722651989,15.873220537314134,16.516458657258617,17.124564080252426,10.227648421632436,10.438262001702538,10.433661611244595,10.302024759297629,8.798014772574573,9.975235047002894,8.385028548015885,3.912661305353213,8.025537145687917,7.550340102705582,7.430710884622377,7.430710884622377,8.678105784937667,7.5995063975852375
8.347923194318163,8.314481578863589,8.314481578863589,8.314481578863589,9.268682111690914,11.01512381898982,14.849764983650342,16.06168185410487,17.74672369985219,16.127246318941882,10.43892906522633,10.43892906522633,10.43892906522633,10.174092171708184,10.173847776995318,10.140198407375667,8.403093444169338,6.840418427942814,10.459670087659386,9.483900042402594,8.314481578863589,9.650013265764276,8.314481578863589,8.314481578863589,8.314481578863589,9.29581756461279,8.314481578863589,8.314481578863589,9.081504169738796,9.555687988616647,12.954136928447216,17.355089392598284,17.882769000883222,10.575537866285412,10.56188531588891,10.418631939692265,9.679848364866244,10.120523739440184,10.43892906522633,10.132167752280374,8.723866604202414,6.160244024670858,6.783938214946607,9.56564931591528,8.383538184617814,8.992589541311732,8.513726479991696,8.93596209794898,9.180792572029173,9.29866035819862,8.314481578863589,8.314481578863589,8.9118837117198,10.480302655271704,13.388112534930308,14.743856981215412,15.102367388311128,15.663312760328456,16.60715289677863,13.776320554176486,8.046899519910216,7.738853968292564,7.547175651052139,8.993343599597337,7.942675188254938,6.9961992875420504,8.785558462855741,8.314481578863589,8.314481578863589,8.963416743912804,8.314481578863589,8.314481578863589,8.774950596708786,8.775397653630112,8.314481578863589,8.314481578863589,8.61192936150077,9.847909996280999,12.947051527345492,14.80668014507393,15.590623855976506,16.04259124803654,16.189965724326427,16.62983551343403,9.041479786456112,8.913143392316735,9.64992493130199,9.196700594652667,6.997652881204078,4.705457594936345,8.39765362939037,8.314481578863589,8.314481578863589,8.314481578863589,8.314481578863589,8.4754903579409,8.314481578863589,8.314481578863589,8.314481578863589,8.314481578863589,8.314481578863589,9.18368172016008,12.917767276820562,15.816307025224338,16.25676791255777,11.971535305871402,10.52328417509814,10.43892906522633,10.452136548197467,9.480875199182085,9.800286009153965,9.631975482424151,9.31617962073776,6.441249632395757,10.276978709728876,8.483149824306421,8.314481578863589,8.517995375823423,8.637902217543736,8.314481578863589,8.460293144778731,8.314481578863589,8.314481578863589,8.314481578863589,8.314481578863589,10.251393800784653,13.939705799702018,17.110138910023032,17.476848782824,15.25175157485545,10.313366081895543,10.011294387184746,10.314671507235662,10.43892906522633,9.873672409412395,9.81650310578652,6.887138307616888,6.705996305658383,9.667378250461068,8.314481578863589,8.560933762036777,9.49835426065011,8.314481578863589,8.383764901897852,8.423814684412875,8.314481578863589,8.314481578863589,8.314481578863589,9.587590882058086,12.593196485434682,15.168979802901546,16.986688978871445,17.652502642654902,16.377612391344876,10.192362949573983,10.43892906522633,10.43892906522633,9.240145152932424,8.70042020722239,9.416540087089182,7.722329212504406,3.508699958703704,8.748139781154624,8.314481578863589,8.314481578863589,8.532717377122458,9.373776965184918,8.314481578863589
8.07158680167594,8.07158680167594,8.07158680167594,8.07158680167594,9.008623680229704,10.423890000524107,14.026347228728515,15.618139030195195,17.5325844035469,15.140072341140819,9.789061111789183,10.363518946053027,10.344387608269162,10.120288382307823,10.205586109508884,10.07058976537117,8.3173627691786,6.633925252272918,8.805489943297374,8.922081813258343,8.07158680167594,9.74811566462774,8.07158680167594,8.07158680167594,8.07158680167594,8.93349176049466,8.07158680167594,8.23561450288781,9.280414692437486,9.586599394957014,13.167114654519992,16.694699402812823,17.854111883055296,10.394853566443917,10.413883115944774,10.295590388464586,9.630224379189983,10.01947703157844,10.363518946053027,9.600562257319174,7.969911691880854,5.768947492927858,6.774457049273676,8.881670431684078,8.08679831446841,8.197154363593,8.07158680167594,8.181487750110195,8.330377485086693,8.398323384997044,8.439873522082179,8.207845137461522,8.941162299632529,10.376970154021262,12.974606290365825,14.451763679261905,14.925760236739876,15.57979073571714,16.97928265145923,14.949381194585982,8.119002492720542,7.6399852458239215,7.3436844939853545,9.004387836562476,7.039636291807545,5.9889082672458915,9.02132218124155,8.07158680167594,8.07158680167594,8.436617938368807,8.07158680167594,8.07158680167594,8.696108028303664,8.461932007001469,8.07158680167594,8.07158680167594,8.134356722679614,10.005565059594005,12.96135848995147,14.557635511794839,15.44016207586769,15.938193879848473,15.938132726175798,16.201548773796453,8.514437583082753,8.506781019721089,9.871137117905533,9.463200987228852,7.654456059777571,5.41317268889395,8.050605363409954,8.206734333503062,8.07158680167594,8.186150794865886,8.07158680167594,8.409400847745307,8.076872193151024,8.07158680167594,8.07158680167594,8.07158680167594,8.157155614880825,8.932684794543745,12.363930039031835,15.535664963455977,16.17723802690967,11.256167897292682,10.467645039688627,10.363518946053027,10.212100045687567,9.425216390464216,9.251110166970628,9.124404698899262,7.878639954598796,5.103921966561007,9.732736133663881,8.38779645973132,8.103684951442501,8.07158680167594,8.07158680167594,8.07158680167594,8.323706098126113,8.07158680167594,8.07158680167594,8.07158680167594,8.07158680167594,9.019175391264275,13.01615835780679,16.67321716771572,17.045426216738797,12.193465376496333,9.569138297431518,9.557948410759753,10.19480769970656,10.363518946053027,10.42758817655304,10.172379744681525,8.109951749164663,7.196044374733918,7.473086819052786,8.207954743065514,8.17102294369506,9.292150483737801,8.07158680167594,8.28036879900702,8.532013459565864,8.07158680167594,8.07158680167594,8.07158680167594,8.609757807059045,11.243162047065875,14.012787791669062,16.211700283460477,17.33621193030771,17.993348294600217,10.191464014553135,10.485880389024828,10.413568872655626,10.229086495239342,9.181738694430434,9.968887896340995,7.810062786361317,3.8046248940534366,8.316616171414607,8.07158680167594,8.07158680167594,8.07158680167594,9.300307549758909,8.162941238765534
8.094748041651009,8.069339122358707,7.964271663309035,7.964271663309035,9.049021566476743,10.16909719027717,13.871347335221436,15.793342729416505,17.755976725321155,17.481193660456505,10.286410356523062,10.24312142115746,10.219312454008035,9.364020431015584,9.298907794569235,9.650003299217419,7.726600869088136,5.979251960041882,9.676465018733916,8.88521088336357,7.964271663309035,8.758191779768712,7.964271663309035,7.964271663309035,7.964271663309035,8.396857069093123,7.964271663309035,8.142924720174804,9.67340184957548,9.50105178014574,12.351360958667229,16.063906411146945,17.328492827024498,10.22898248896814,10.22898248896814,10.019800168124396,9.460046851509247,9.311545965928362,9.985405456090025,9.568070813635867,8.57618448873281,6.077065307661961,8.837713038811335,9.218343738769923,8.033685538310898,8.2530296687508,7.964271663309035,7.964271663309035,8.018355599193812,8.231257388814495,7.964271663309035,7.964271663309035,8.339537025274478,9.785720295368549,12.531800459601197,13.97038373074606,14.724573233577825,15.347555791192432,16.37384418743143,15.685154329016543,7.246252157900533,6.8051172628648695,6.919842256500165,8.625947745404186,7.513134502019992,5.880213735432656,9.707729804557262,8.054330073271663,7.964271663309035,7.964271663309035,7.964271663309035,7.964271663309035,8.391169225672643,8.485355003147882,7.964271663309035,7.964271663309035,7.964271663309035,9.354582648153668,12.145232879026345,14.414912868458131,15.157532801481015,15.522727223622308,15.670006944940948,16.145882934579333,9.073802936207283,8.775212023517087,9.759311973692887,9.355877489451416,8.198361066236437,5.203785935413084,9.799513117512381,8.217314391203569,7.964271663309035,7.964271663309035,7.964271663309035,7.978825232224002,7.964271663309035,7.964271663309035,7.964271663309035,7.964271663309035,7.964271663309035,8.775461386895426,12.670996846364286,15.491567548020367,15.858016112504455,17.397762015610574,10.22898248896814,10.31141193492985,10.22898248896814,9.661854712147415,9.654707844636714,9.262789814857472,7.971878675571757,5.452388729281162,10.293515487990273,8.499776573123999,7.964271663309035,7.964271663309035,8.259515297905626,7.964271663309035,8.032772101081342,8.415404025073533,8.081707735397597,8.32148796136538,8.94094659696265,10.718462445942563,14.360706726858314,17.08869069014741,17.473502654350806,16.143599629142628,9.7869457838751,9.726013698222348,10.026244593058912,10.22898248896814,10.25904145346427,9.809544733840106,8.04116988758743,7.264732009339569,10.08626648433518,7.964271663309035,7.964271663309035,8.357866205869342,7.964271663309035,7.964271663309035,7.964271663309035,7.964271663309035,7.964271663309035,7.964271663309035,8.207097162717107,10.798016956513136,12.953705040163818,15.109693093689396,16.6694541343257,17.223305829674832,9.291531582009773,9.441473161618283,10.22898248896814,9.567630613941411,9.118956765251806,9.662969848709306,8.065439401489849,3.816599681301799,8.350537101971026,7.964271663309035,7.964271663309035,7.964271663309035,8.750075140631013,7.964271663309035
7.87495297148081,7.87495297148081,7.87495297148081,7.87495297148081,8.893100918063494,9.93337764436789,13.828803300592046,15.633812249069585,17.14453528968624,17.93647788228369,10.342189622913764,10.151339672196679,10.149885531549755,9.400103969387027,9.550920434735264,9.49392748291482,7.510123035007561,6.063110470129495,10.203293978668059,8.14060145130981,7.87495297148081,8.403389532972495,7.87495297148081,7.87495297148081,7.896450822514139,8.505049977718006,7.87495297148081,8.061148379609211,9.231313608681562,9.322389312334742,12.824408771721945,16.55940547777144,17.23590128825651,16.137734740605442,10.099202753105343,10.063838842708087,9.455961984466123,9.756866640647875,9.92344565944702,9.40898052794555,8.801062250832423,6.233274461527885,9.0484980896753,9.217651989776352,7.9053246069003515,7.87495297148081,7.87495297148081,8.02094452758303,7.886787906986673,8.22772100258981,7.87495297148081,7.87495297148081,8.330478405460973,9.753304501864529,12.607243493405132,13.915989293140004,14.646549484513265,14.64635264379188,15.532825735486568,15.483562582713866,7.562979283394774,7.189141432003054,7.354786775789464,8.571850027284444,7.4129916501579896,5.731467266779249,9.787357796174218,7.87495297148081,7.87495297148081,7.87495297148081,7.87495297148081,7.87495297148081,8.293069413272235,8.425391336884829,7.87495297148081,7.87495297148081,7.87495297148081,9.394539563174003,12.109120892098684,14.212655950398675,14.864630343066244,15.46660478466455,15.500082756284748,15.862290752211177,8.671247925054258,9.188683047609327,9.532400285433479,9.34417372517635,8.183176532254036,4.893630086170161,9.496212912423992,8.189132470971247,7.87495297148081,8.229799681239891,7.87495297148081,7.945167998117742,7.87495297148081,8.12989138979643,7.928328409844152,7.87495297148081,8.071119611213081,8.831593610265337,12.248498569864411,15.413581793525584,15.769615491961973,17.537730951225623,10.237352162730188,10.099202753105343,10.099202753105343,9.225596648749843,9.37821586488855,9.116013447758839,8.206150621904763,5.546957974644115,9.877150874851587,7.939278239308101,7.87495297148081,7.87495297148081,7.87495297148081,7.87495297148081,7.87495297148081,8.169121384392747,8.057394410347024,8.182080855288937,8.219668027457889,10.027918075795107,13.817224611675126,16.432505816255194,16.697009181207132,17.51744491969455,9.41687937374038,8.9687236157366,9.280079888053217,9.77876620250228,9.653777395251353,9.491739645765188,7.925769382721583,7.326933548728638,9.647434743198783,7.880409808619775,7.87495297148081,8.709126476736603,7.87495297148081,7.87495297148081,7.87495297148081,7.87495297148081,7.87495297148081,7.87495297148081,8.421418705873275,11.37709342470593,13.600229085907028,15.591454774448945,17.12883378088931,17.70253840353231,9.563467923070226,9.358163281180389,9.834610298163298,9.528079008678061,8.537718884747163,9.43201627720796,8.146820300249992,4.085586815221457,8.278891990412477,7.87495297148081,7.87495297148081,7.87495297148081,8.680193524265409,7.87495297148081
7.951595604099,8.00467659491297,7.951595604099,7.951595604099,8.725884541386579,9.45517176575634,12.842872110008065,14.9823745111218,16.810102562822234,17.39242058295287,9.480590872951955,9.939795940712873,9.827370483058042,9.590362351109896,9.397234688366275,9.37984730264616,7.121735806247242,6.067447811570218,10.370213542602828,8.396675139922651,7.951595604099,7.951595604099,8.04302641453097,7.951595604099,8.079188169774701,7.951595604099,7.951595604099,7.951595604099,8.656599493433243,9.19849675884566,12.803654058637735,16.037000036464722,17.364322473690894,13.575706426731749,9.896854202864237,9.880676132863137,9.542339008110154,9.944802296724408,9.89400483801938,9.166350324689608,8.699521142281506,7.2073506579127145,8.989403001715145,8.735903204117442,7.951595604099,8.2574791436314,8.432258624417683,8.767717745984795,8.196519264321536,8.284935096785611,8.045837443719043,7.951595604099,8.245414644930477,9.574418320236042,12.248196804686003,13.709185173276552,14.378381410592201,14.478294149147208,15.41640980586854,15.3089790705502,10.268440603439393,7.614236666472813,7.3386411770818345,8.380056478100187,8.018983570932296,6.344854725645667,9.55722424185168,8.19255705105274,8.635525324372606,8.03649249448181,7.951595604099,7.951595604099,8.360109009804205,8.22695456495332,7.951595604099,7.951595604099,8.326322057930884,9.965200474799083,12.903632847535253,14.205906646423994,14.759207136524882,15.540352539700894,15.448773299471442,15.789871946060828,14.223513924976587,8.439675572151678,8.832715620978883,8.741061440312947,7.603013476507965,4.397257508148992,9.598117770243748,8.030665716738513,7.951595604099,8.321799334116598,8.262637014878216,8.499740351241885,8.046469435412984,8.034234673606917,8.181834805395578,7.951595604099,8.10354863693242,9.39954240594969,13.260667533651944,16.669297910439088,16.502173517571485,17.282836900025693,9.52149720981105,9.223406539355652,8.466918256088844,7.918582857521474,8.339651128500666,8.254016389471387,7.383410761204306,4.731333693393598,9.439359166980264,7.951595604099,7.951595604099,7.951595604099,7.951595604099,8.05707231342337,8.22778268946989,7.951595604099,7.951595604099,7.951595604099,7.951595604099,10.022480212497314,13.760994474829346,16.175017070836756,16.479751627966515,17.394915231000304,8.63902516774741,9.060088252191347,9.850141006304506,9.850141006304506,9.955023577703136,9.929994739288977,7.692477325555491,7.186231624842429,9.718022479691955,8.212767648579655,8.530291570224778,8.80620718868794,8.15249032617039,7.951595604099,8.448990166931283,7.951595604099,8.178493281873227,8.38623276424457,8.564891858676873,10.829566080413217,13.316494457371974,15.186697869778385,17.08301670694308,17.801736610403506,9.588169859258919,9.328480131894535,9.873417371155087,9.624963427651439,8.869348962552607,9.552946751152339,8.207455897213931,4.611543662964827,8.781164641659874,8.590955580694821,8.132917995119954,7.951595604099,8.626466886843339,7.951595604099
8.299965955685762,8.38693233478537,8.262166626253448,8.25843237446301,8.702751694525602,9.688765837351124,13.581089605225989,15.603667748419065,16.917347306346617,18.135700067365583,10.111039377128028,10.034693532725047,9.944401168489001,9.136717784914843,9.49914466425369,9.053485101918954,7.408794079840098,6.037296111100071,10.633262778335311,8.507333976200725,8.308459664215482,8.25843237446301,8.25843237446301,8.25843237446301,8.733563708029008,8.25843237446301,8.25843237446301,8.36869084394085,9.11939885331592,9.397974607387575,12.800446974629383,16.342248599044616,17.538747312819858,12.342932375224517,9.944401168489001,9.639326472062903,9.458082011743713,9.842209123653817,9.044030590731484,8.198005245495423,7.795690142208929,5.992486730866617,6.090978323787705,8.782905761966678,8.25843237446301,8.25843237446301,8.25843237446301,8.65389701488536,8.268444515472433,8.577648424835413,8.776866558715946,8.25843237446301,8.25843237446301,9.846472395202936,12.994544640632867,14.497592155586922,15.234352131975077,15.527278754858383,16.191303340810627,15.85443034497521,13.190353010277441,7.754460262300431,7.571927116907161,8.60458210734886,7.717326266492752,6.079641832754691,10.027166601203103,8.376593598168915,8.701765424692795,8.395603677835929,8.25843237446301,8.25843237446301,8.660814017921554,8.780043160362025,8.25843237446301,8.25843237446301,8.75816158810287,10.343967896419741,13.14756920447388,14.712473690306915,15.071085150548722,15.852889833209915,16.04802922658066,16.32222490975827,15.827300339206385,8.133583337775923,8.90786080332985,9.096639087051479,7.762338269946658,5.136407639414512,10.595568320363437,8.595781927227744,8.25843237446301,8.601068434296117,8.25843237446301,8.767598741542333,8.304905825379473,8.753560835490235,8.738308716913625,8.25843237446301,8.536822343941964,9.625847727115538,13.906797298974883,17.69906189366794,17.60876443201466,17.723056297966103,9.874226470503475,9.265389934028205,8.50519331462359,8.33651762059419,8.80118495726001,9.111838430995446,8.291071943654192,5.172623595112684,9.867949909126576,8.25843237446301,8.25843237446301,8.25843237446301,8.25843237446301,8.308509268516504,8.444125093628523,8.25843237446301,8.25843237446301,8.25843237446301,8.25843237446301,9.876380788011385,13.458134361066945,15.901413879252974,16.517908431563235,17.69333609772613,8.828816406938863,8.889393629586277,9.44667242703378,9.944401168489001,10.042190149461925,9.555041117121199,7.214686041017878,7.038790893697094,10.308112914813552,8.339993514765512,8.87461148194638,9.464565955011967,8.37323728743825,8.25843237446301,8.25843237446301,8.25843237446301,8.304432120975308,8.523695060237468,8.959800960150876,11.46199742192853,14.170914158736917,15.936005155170971,17.69018690995814,18.202833542952014,10.10687711241486,9.602510099315767,9.849217812845215,9.741368359252686,8.638780401619918,9.693615613908328,8.848956846220979,4.700906647531518,9.102768853953467,8.867717669569215,8.760633097395427,8.25843237446301,9.21814645766023,8.464451039443656
8.144701085600827,8.144701085600827,8.144701085600827,8.144701085600827,8.53446049389987,9.43473651280162,13.471011427821011,15.652400037554578,16.642404091667167,17.60965354517188,10.064605199940244,10.227966494095266,10.311498648680304,10.13758457341025,9.933368029566132,9.848878197080236,7.5802277554077335,6.12513551536216,10.762496111083873,8.442108516415985,8.144701085600827,8.144701085600827,8.144701085600827,8.144701085600827,8.286421135174152,8.144701085600827,8.144701085600827,8.436501938282953,9.59400682918773,9.50723422490581,13.47147657879928,16.243086912865643,17.624969387933348,15.712381045221317,10.227966494095266,9.954261416626634,10.119930341284835,10.227966494095266,10.227966494095266,9.447378531326626,9.338885789284408,6.757941415492988,9.71500743483071,8.893915971321707,8.362181533899328,8.346748107920387,8.215849905590616,8.3781184797159,8.144701085600827,8.417894260760072,8.195433785990287,8.144701085600827,8.262088953381463,9.857739203801868,13.354320105341301,14.569646829205364,15.031697817007643,15.294679426969441,16.100139859937705,15.866577982491243,8.202306606721727,7.4465689689297605,7.237279201553836,8.494781028820164,7.6974114004862,5.649932276963381,9.442370963261432,8.44489919367272,8.676374712000818,8.295340313737272,8.144701085600827,8.144701085600827,8.274904609634746,8.350833686552974,8.144701085600827,8.144701085600827,8.323449637304007,9.468066439779086,12.26675840637468,14.620820142792127,14.830697117674173,15.775786973657231,16.410863151957216,16.762967811281808,8.905239037187595,8.476442009517118,8.770786273148499,9.06916273916683,8.007300261971235,4.439961547625044,10.09110416936631,8.61765382084337,8.216206655968199,8.23258524373997,8.144701085600827,8.524445954890876,8.144701085600827,8.343923481653032,8.144701085600827,8.144701085600827,8.144701085600827,8.848006468977374,12.577899602713462,16.65539478917161,16.85231093863039,11.326134220406669,10.206192515150368,10.179978146253385,10.111022783011359,9.774085342219715,9.120135241077039,9.100346029458361,8.158899348109804,5.303541110388875,9.73849549487621,8.3102309746699,8.144701085600827,8.144701085600827,8.144701085600827,8.144701085600827,8.367728024950715,8.144701085600827,8.144701085600827,8.144701085600827,8.193135388438598,9.999303301298355,13.812492599665557,16.3642011322619,16.613519618075706,17.730711068577342,9.261329282638764,9.424735493797414,9.893189909147024,10.315134251843963,10.260032522929889,10.38114746397898,8.010877089553986,6.942340553305929,8.396114098501224,8.297052776513095,8.575049755725987,9.133119328465428,8.333290316228316,8.22410770713205,8.578833565375295,8.309596993090002,8.719285575584538,8.544194258207122,8.901876957158628,11.597894770547835,13.780127723800273,15.811366451237326,17.662421052478393,18.372667579696092,10.227966494095266,9.839077719794702,9.799579512872144,9.545296997882978,9.215210001684053,10.179445901141728,9.175510147399903,4.60051204376318,8.795266852440529,8.358912484220236,8.144701085600827,8.144701085600827,8.721936265562917,8.144701085600827
8.077866868593912,8.052344322786173,8.052344322786173,8.052344322786173,8.633034623694444,9.30088672378729,13.08951133761181,15.214979078378292,16.68217694832455,17.648107558736385,9.56553135347158,9.471287771171127,9.277310476706875,8.62734183188248,9.067366775785157,9.115098622810939,7.2558534877209455,5.55049941284526,10.086207171350345,8.052344322786173,8.052344322786173,8.052344322786173,8.052344322786173,8.052344322786173,8.195758225363248,8.196654102015641,8.052344322786173,8.857987088284897,10.023928151969372,9.703661166291095,14.029301884502203,15.840452197178852,17.2413994725932,17.842885287043877,9.815408886629582,9.60719995921916,9.425394143551797,9.666256324159862,9.790540964257705,9.111843900776714,8.398815612940325,6.2790832184282195,9.987838507074873,9.380521743954596,8.440905754962602,8.151035222546883,8.052344322786173,8.331572367235905,8.052344322786173,8.43938991693182,8.399261076672502,8.166433373774915,8.225388680927903,9.40377755369306,12.981233795392997,13.959732574489504,14.723885050244707,14.9070475661503,15.678023045492873,15.407833387268749,15.556370852297412,7.028576915840562,7.162079204838169,7.8588571461958034,7.0458463958107345,5.146833587111519,9.201960320401433,8.119005124732057,8.496838431260626,8.324339630378454,8.230587814621755,8.052344322786173,8.64017027047134,8.75469892579552,8.204825388475994,8.052344322786173,8.052344322786173,9.302971060347605,12.230904437793445,14.32887796007573,14.386326109678464,15.756313101794458,15.83996258889885,16.08287715606326,15.778357145628956,7.505131838554621,9.095671174131402,8.349246938479885,7.804135396931779,4.52942262969304,9.755795402904896,8.208098476725088,8.052344322786173,8.052344322786173,8.229638067928422,8.052344322786173,8.052344322786173,8.316766822930807,8.213484313695558,8.052344322786173,8.052344322786173,8.660510459984575,11.949335034319962,16.582988963399345,17.188298274215438,17.727302719260003,9.790540964257705,9.842132959316537,9.776059197713712,9.106269334042812,9.00432460356965,9.020300772677713,8.09968431310089,5.5321282727543934,10.476922456876546,8.862583001527096,8.052344322786173,8.052344322786173,8.052344322786173,8.052344322786173,8.052344322786173,8.052344322786173,8.052344322786173,8.052344322786173,8.052344322786173,9.295341136796972,12.75562562626903,15.605061491223129,16.133471373307657,17.118376492926075,8.861410339239578,8.7110677420152,9.200062798461413,9.799023939752674,9.790540964257705,9.611853783154674,7.823252878758865,6.632007922547238,9.954477888546807,8.052344322786173,8.11434596798885,9.220524877502292,8.330414872571557,8.052344322786173,8.058003157222066,8.052344322786173,8.052344322786173,8.052498054825818,8.389899543146473,11.085677407846728,13.42227398443151,15.073905367701535,17.12406563609861,17.58834033487294,9.537692583785432,9.03663233087102,9.256923960978332,8.760288430786446,7.4738027010988946,9.242829778405445,9.230611091482809,4.484767202363498,9.162706020319257,8.899724662305715,9.084015494789838,8.052344322786173,9.461601225260253,8.672610685117963
7.72873745146124,7.714237800729906,7.714237800729906,7.714237800729906,8.36076145559016,9.283855922739304,13.458256377281176,15.372094844764058,16.711765909720953,17.607357377948162,9.957615014654968,9.893119577218258,9.893119577218258,9.26457934132253,9.409674987892876,9.519965256083868,7.498741011209281,5.686230358502424,9.663047291002668,7.798419449978746,7.714237800729906,7.723100776597028,7.714237800729906,7.714237800729906,8.0708153201958,7.942928000502937,7.714237800729906,8.286606286425458,8.911403665249042,9.672056359068593,13.365822914358144,16.104185113237143,17.280492962595403,17.607357377948162,9.898278434180146,9.424778945835055,9.473835851163537,9.966903293154878,9.893119577218258,8.993409222982377,8.396149258388155,6.071917283394256,8.402240923598093,7.714460329664412,7.714237800729906,7.801578785914747,7.714237800729906,7.714237800729906,7.714237800729906,8.044004858737974,7.769974185858316,7.714237800729906,8.146328291779358,9.458752019162228,12.907238470378447,13.776545726014309,14.520258506045153,14.697631830832059,15.676851721770202,15.246752750434874,15.14823972920842,7.684110376468017,7.295531003758978,8.290962800051068,8.30408515777152,5.896317687849001,9.254950158612804,7.988582181176725,7.916956463545964,7.714237800729906,7.79851851552627,7.714237800729906,7.994780522314847,8.519786499462953,7.714237800729906,7.714237800729906,7.714237800729906,9.451103480766095,12.544064762830411,14.163917962572778,13.990674727636225,15.155750430868041,15.475449104949881,15.772269534312404,15.974442857505426,8.692059598438767,8.879843921175832,9.13069579189877,7.711258931015293,4.945436372876287,9.681106704445988,7.93251992641617,7.7272724017420495,7.714237800729906,7.714237800729906,7.714237800729906,7.714237800729906,7.758078764933217,7.72173213888391,7.714237800729906,7.714237800729906,8.25948948834895,12.5163134366543,15.678491020711379,16.277200733284744,17.112767324850424,9.944538619103762,9.79900324904092,9.717661519683485,9.029609308737847,8.710515758509308,8.997156023511955,8.004421940799045,5.290056601780159,9.47568102394719,8.081237288520445,7.714237800729906,7.814592711416413,7.714237800729906,7.822181913677309,7.834328868219169,7.714237800729906,7.714237800729906,7.714237800729906,7.762487366071758,9.621330376167089,13.303567883525567,16.04687982172551,16.332686874712373,17.13080256158274,8.807424340473887,8.976931909920054,9.552298713182138,10.89199643176589,9.937921428653599,9.801858389940929,7.197237628599061,6.453909029299259,9.148835330803559,7.968159936489776,7.8725366587587935,8.998172701686848,7.714237800729906,7.714237800729906,7.813927630735377,7.714237800729906,7.849243282221275,7.78187572467065,8.17132992248105,10.437930632788902,13.069356880198374,15.133737240661922,16.873495723137204,17.57739535690498,9.791228302886049,9.064022909387313,9.453988540457756,9.505443657582557,8.606203275021537,9.939977638538119,8.53502821718063,4.491948973962296,8.69443021461004,8.03436207337678,7.891342859847011,7.714237800729906,8.034510229441159,7.850525311289794
8.075970526751169,7.858051670042063,8.012081032358017,7.858051670042063,8.48584595216513,9.455117610399462,13.160227960026731,14.980923805166439,16.89146872973298,17.663094066214143,9.80504239617208,9.816601941386757,9.80504239617208,9.584812304750148,9.73192292562383,9.208767673017054,7.35380036059218,5.960926744345227,9.85782837400002,8.00443279449912,7.858051670042063,7.858051670042063,7.858051670042063,7.858051670042063,8.080167619092547,7.858051670042063,7.858051670042063,7.858051670042063,8.350382125837356,8.838314337143636,12.946548347389232,15.638489627885074,17.151879050850237,17.663094066214143,9.80504239617208,9.300586268296522,9.520651320164257,9.80504239617208,9.720429693504459,8.882221360223921,8.011920357395345,6.0248167866378175,8.861676111773843,7.887504004424051,7.858051670042063,8.510286504265508,7.991390815395872,8.041907435950815,7.858051670042063,8.51512131502809,8.350098094767807,8.147485502913154,8.290013396717198,10.061380028967719,13.274781313817591,13.996863099148747,14.858993241106194,14.972454302574034,16.171407889748533,15.914532177496781,15.899948409370172,7.527382638804515,7.168815037263078,7.5963963444443054,7.265313132077281,5.587983144254138,9.528110137899965,8.400546447052562,8.139815276023409,7.858051670042063,8.221628570054316,7.858051670042063,8.210172065823091,8.556639089078603,8.116393926460791,7.956652529852641,8.162638428977743,9.912155452525049,12.540240149120752,14.416978363298098,13.961980460366465,15.27454413765641,15.51463337992737,15.738666684803828,15.999164085405368,8.340632104700331,8.788267856514281,8.587720535005666,7.558526621756053,4.924538865810732,9.24102963004623,7.925026678393295,7.858051670042063,7.858051670042063,7.858051670042063,7.858051670042063,7.858051670042063,7.862854410424105,7.858051670042063,7.858051670042063,7.858051670042063,8.527301630945809,12.976293881024727,16.314370779181083,16.80912484988465,17.110654804792894,9.80504239617208,9.586432565216233,9.882593575891633,8.504351334474512,8.683679551626476,8.75635410216268,7.87270773004777,5.594894565896251,9.592127389786341,8.176478514931514,8.04389306004698,8.153056836629231,8.01207175459417,8.391123526381792,8.118484491562976,8.259548799857019,8.269893141278876,8.050668274938632,7.858051670042063,9.579072918575868,13.139218427271118,15.669786228307778,16.46891056461508,17.29795459352645,8.812166791755185,9.33796833224207,9.423457758327906,9.808393870650622,9.59757139651374,9.484058293638055,6.878207604841159,5.791189543412138,8.904950232268313,7.858051670042063,7.858051670042063,8.516458627980551,7.858051670042063,7.858051670042063,7.858051670042063,7.858051670042063,7.879872349654862,7.858051670042063,8.076718153799977,10.131780285456287,12.822203519237817,14.989593765900521,16.84673675840931,17.602324274704113,9.88631822844582,9.72090608157003,9.80504239617208,9.934153721773244,9.040566343793378,9.80504239617208,9.157999164826359,4.744716808630435,9.191827383720538,8.845012444320806,8.763840411794146,7.858051670042063,8.052580005663692,7.858051670042063
8.029501995181654,8.029501995181654,8.045050679293988,8.029501995181654,8.457092874801184,9.174534643538225,13.287800405160242,15.309319753162274,17.077652337560842,17.847732401722674,9.818230406541018,9.818230406541018,9.818230406541018,9.108195448351042,9.41624371331652,8.99439158516907,7.294140825001995,5.983059646351439,10.037378731573103,8.401775661097929,8.4442398606647,8.781413343923845,8.136802834808641,8.029501995181654,8.369419282114809,8.029501995181654,8.029501995181654,8.029501995181654,8.856521737117227,9.238697741006003,13.609707459435253,16.246482563764918,17.397708951062754,17.58076447753549,9.873121371198616,9.103793754730155,9.020712235070764,9.690486713992108,9.663741425260573,8.7356353576701,8.05381217760384,6.219039417528777,9.390278002159913,8.55187759960306,8.029501995181654,8.500136141776236,8.062605068274175,8.029501995181654,8.029501995181654,8.605368037048954,8.337525915658308,8.250224335011447,8.152045050640657,9.744592857291998,13.408670119668715,14.137567050204591,14.988687290918826,14.937965199480884,15.981039117191248,15.771230617934764,15.595423528974866,8.185788876013529,6.922934480355149,7.4579130263911235,6.628579063064908,5.465051516674556,9.48114820276783,8.376831432722613,8.54325592523803,8.249871305790585,8.35273429891373,8.029501995181654,8.150729274305043,8.421559671739391,8.160112492537417,8.029501995181654,8.029501995181654,9.671207548080682,12.64045951567439,14.654161307361612,14.215871360022575,15.173799838048566,15.621763927202942,16.0082789864719,16.275773601581214,8.190409011561586,8.968837126839247,8.81696889360917,8.04063215839784,5.185544837267765,9.263322882464326,8.029501995181654,8.233815754817213,8.029501995181654,8.029501995181654,8.029501995181654,8.029501995181654,8.45175519148718,8.440076807834329,8.029501995181654,8.029501995181654,8.746356284085964,12.538791781762665,14.926106460762963,15.816816302457628,16.856832486758933,9.749207561195314,9.576907648564694,9.852214506162069,8.717555228737499,9.060092181220378,9.299935405467162,8.321465970190744,5.885480789631882,9.918438022566946,8.659041975075153,8.029501995181654,8.029501995181654,8.029501995181654,8.17128883732935,8.029501995181654,8.029501995181654,8.029501995181654,8.029501995181654,8.029501995181654,9.292525699551165,13.028920112688503,16.171038185654126,17.030557390939997,17.847732401722674,9.174946498011552,9.605105510111494,9.800026718554768,9.818230406541018,9.771896301292118,9.238907845769935,7.296313873918764,6.273704083124964,9.434519977302134,8.705857848658784,8.350523550343828,9.213007220854628,8.029501995181654,8.029501995181654,8.35571438198753,8.334732332377003,8.362249957967565,8.218850271173867,8.722493235131363,10.50214908914368,13.192309000128745,15.321252228609296,16.840589338720314,17.34969288054031,9.864685916081614,9.356179090855958,9.590691735209084,9.750625441957846,8.671861865181668,9.300569892872744,8.641669354913663,4.878837663010533,8.7682948629323,8.029501995181654,8.029501995181654,8.029501995181654,9.1800725059784,8.470472616435563
8.068182473229324,8.068182473229324,8.068182473229324,8.068182473229324,8.672134747133912,9.234789680497967,13.71930391649353,15.875233878247212,17.036248711062548,17.710026121931456,9.916001210662738,9.978120847752608,9.949836862687897,9.563373476092801,9.840354834634123,9.730137400936961,7.73474162290207,5.494974413432152,9.974664484026022,8.332492888134492,8.068182473229324,8.068182473229324,8.076926868804343,8.068182473229324,8.541588409278432,8.149874448197847,8.068182473229324,8.621574642578521,9.017321499001259,9.327319392193344,12.999033545423789,16.038802417017322,17.105935814128408,15.82838680457952,9.818541865143615,9.280119516561676,9.318695935283985,9.726296808961298,9.82115843038532,9.250822616441962,8.140538931472017,6.175986111464662,9.551080010028066,8.2642466158154,8.068182473229324,8.252828462113252,8.068182473229324,8.408983461141915,8.068182473229324,8.546088151277702,8.637213764662775,8.432879857025256,8.068182473229324,9.172531054783942,13.522441779331743,14.102818723311223,14.69695161261739,15.03070304921036,16.184848508681487,16.064570721584882,15.891925453208179,7.856924202637676,7.653010539136671,8.10262127161398,7.666642315308028,5.598590029523314,9.68310124655035,8.17838752940743,8.068182473229324,8.245254611788873,8.511069648079701,8.068182473229324,8.382560941131864,8.55732649766475,8.068182473229324,8.068182473229324,8.068182473229324,9.202379588014908,12.459557631984215,14.463411896721865,14.350198598555268,15.8485896292413,16.150248999894924,16.253214281883672,14.842379645967885,9.246731029131313,9.8663057392787,9.212861956318243,7.994752598551248,5.5149871047470524,9.72094151253621,8.068182473229324,8.177009229054518,8.068182473229324,8.16208014385504,8.318293336551957,8.068182473229324,8.426420656377164,8.469414805672722,8.068182473229324,8.068182473229324,8.612524378117872,12.368261626055848,16.93130439956075,17.463234558727248,17.571513626882286,9.989975415205247,9.713843079029411,9.949836862687897,9.23293653513266,9.321825621289163,9.600651012587074,8.159797829496366,5.922510509617454,9.945158232116933,8.104765162924378,8.068182473229324,8.068182473229324,8.068182473229324,8.164572945620117,8.068182473229324,8.068182473229324,8.068182473229324,8.068182473229324,8.068182473229324,9.606281897850302,13.49447679351865,16.064959766643486,16.388258582568945,17.071755003225036,8.394284675098762,9.193133548687275,9.347676953765573,9.850238939131458,9.896827101227206,9.053797870829161,7.235089932656674,6.327492883228128,9.305086598314851,8.068182473229324,8.068182473229324,9.099773105203681,8.068182473229324,8.408004732600334,8.505639622841022,8.068182473229324,8.068182473229324,8.068182473229324,8.721966022326942,11.182905975648644,13.908409467799412,15.743207642048572,17.241168706778065,17.582832110027788,10.017000007831317,9.054265812799535,9.425770863785827,9.386665080591262,8.452131405306357,8.883733870045816,7.949242629485525,4.164258244665271,8.719574596155926,8.068182473229324,8.068182473229324,8.068182473229324,9.355929623469486,8.478911011549155
8.17730195551811,8.170529569547988,8.170529569547988,8.170529569547988,8.80516521396264,9.641565616010814,14.250619143470914,16.07803375900152,17.458304079362158,18.055895855568757,9.885366286020767,9.942018651425995,9.885366286020767,9.360641210907708,9.296511960452909,9.056306899247433,7.242134230599671,5.38268863534567,9.70105381422971,8.271258900094237,8.170529569547988,8.170529569547988,8.170529569547988,8.170529569547988,8.790890037932567,8.170529569547988,8.170529569547988,8.181577658717336,8.715539321852,9.448458765160325,13.44596469423406,16.24705914944804,17.62444703616348,17.955231633141434,9.885366286020767,9.614401614600682,9.648845542131744,9.949735872279794,9.756734443928046,9.16062492331703,8.033542474161731,5.760972384930584,9.415238599556627,8.170529569547988,8.170529569547988,8.863714573729078,8.220852658426164,8.170529569547988,8.170529569547988,8.681296318011189,8.590415142840655,8.459870455147556,8.360152804603109,9.98907504516764,13.485262894234134,14.113079567966874,14.918893000642015,15.079737158225981,16.13495769899803,15.846930575922638,14.637140921165027,7.497058483236494,7.354100640459709,8.079477800748077,8.043036902938853,5.563042298274342,9.726895256092838,8.401945330519096,8.181824244670018,8.170529569547988,8.238413106174375,8.170529569547988,8.170529569547988,8.75846350641881,8.182599244875242,8.170529569547988,8.260944934426487,9.740748702384247,12.83619976203608,14.580905854833535,14.238252136157106,15.473565858379654,15.802558656356165,15.96427072578792,16.536509223719907,8.996673458626148,8.63324798031715,8.965419793899569,8.02716951508582,5.3948773380290715,9.493198295128837,8.458475491604013,8.35471826526903,8.231751713343645,8.170529569547988,8.294053517677044,8.170529569547988,8.448078041713632,8.452035495838325,8.170529569547988,8.170529569547988,9.167659306151386,13.6468571209167,16.160625028199227,16.84237302531278,17.400135130720454,9.87514582938728,9.475701156029679,9.846121704471575,8.948801609408713,9.03409061121453,9.298773119257785,8.02716525226412,5.463663285517903,9.753907465669176,8.170529569547988,8.170529569547988,8.207394869165164,8.170529569547988,8.599734331575942,8.170529569547988,8.170529569547988,8.170529569547988,8.170529569547988,8.306051898141037,10.37591787984586,14.448781153654805,16.764800678803102,17.106731432213245,17.767806275836293,8.767281352265515,9.402476749738822,9.354513572390765,9.885366286020767,9.659952550872807,9.596075807336799,7.080395982785908,5.893028350712784,9.419709258854045,8.179389466168304,8.170529569547988,8.733715313835436,8.170529569547988,8.191856823948216,8.170529569547988,8.170529569547988,8.170529569547988,8.170529569547988,8.554113720778355,10.689817525809477,13.422540501763704,15.504908494381873,17.28860168232154,17.867151837900174,9.836429727564397,9.490305539924307,9.732941992866468,10.097948776005786,9.20742451188479,9.343236984188719,8.617092760424196,5.116807637037952,9.420655536130045,8.940053622216762,8.647965196093956,8.170529569547988,8.586717716107223,8.170529569547988
8.650260599023117,8.640863432650429,8.917201666116538,8.649415739102077,9.329590859872747,9.894251686660954,14.674255402157073,16.70153063493064,17.99523104674212,18.449342549818503,9.953057059617443,10.040503970269048,9.953057059617443,9.31266697010158,9.433346518093666,9.184275810486492,7.510231471747894,5.634369456774639,10.246676404328268,8.878687792620441,8.578332489695278,8.515844890953577,8.515844890953577,8.515844890953577,8.825945263377873,8.515844890953577,8.515844890953577,8.515844890953577,9.311838493839431,10.068452710847165,13.869109904046502,16.59674041866969,17.850548433022794,18.122427069724974,10.061312650510994,9.703876701113389,9.886141544561145,9.967095134640699,9.4856518243187,8.806068171157486,7.846917753491223,6.218029505588494,9.379335334015893,8.515844890953577,8.515844890953577,8.75793678350816,8.515844890953577,8.879831835140571,8.608809070533425,9.276771430802379,8.982975342070652,8.5832294959426,8.515844890953577,9.6786399939707,13.531754438073605,14.74287466836398,15.460320844246944,15.752247718408347,16.574042733719992,16.41722640985232,7.9331207262942565,7.547622733823411,7.5122130745691225,7.827115120882211,7.396977542002034,5.599505232375579,9.724193385770175,8.660993946251354,8.697977424186979,8.833573437086962,8.812273111737207,8.515844890953577,8.731987133130804,8.917271743587388,8.515844890953577,8.515844890953577,8.515844890953577,9.693653925248976,13.047020637513342,15.009622892639474,14.935265727613082,16.104915519620043,15.95871893590617,16.223314261627493,17.098795293654316,9.596504723121743,9.01923834993215,9.008672678416188,8.032572535532177,5.366906167503099,9.872942944599092,8.515844890953577,8.614598137030036,8.515844890953577,8.563935573862715,8.824496513632644,8.515844890953577,9.398534039722689,8.935874271699591,8.515844890953577,8.515844890953577,9.665549374104,13.658585020023292,17.355232860208282,17.847233360793343,18.38855594263906,10.07772354375338,9.96105192428436,10.09143509369107,9.169292848934322,8.911563166553833,8.973386178741302,7.835898858443616,5.322343215104118,10.09682733834011,8.725362216673691,8.515844890953577,8.515844890953577,8.515844890953577,8.973046550948212,8.515844890953577,8.624997633704027,9.066200644181862,8.564765825041153,8.892281487156179,10.837694072385293,14.930262270350518,17.162432459542153,17.214020156558767,17.787848006406666,8.69494265490757,9.50643947071473,9.4839901892471,9.743999700493166,9.197983508783635,9.286050645038133,6.925149412286862,6.051475108617973,9.598712300338272,8.673646526308207,8.515844890953577,8.898675444583706,8.515844890953577,8.515844890953577,8.547884496015872,8.515844890953577,8.515844890953577,8.515844890953577,8.810542457753424,10.88226675502373,13.577498044801677,15.712756950137404,17.74892557013211,18.381630953710207,9.953057059617443,9.897713363229666,9.953057059617443,9.953057059617443,9.326016353395744,9.696194115821072,9.008190284411551,5.509712929685281,10.273783259925306,9.577368037526636,8.575558274644276,8.515844890953577,9.200983647185916,8.515844890953577
7.9330094416112145,7.8893255996506175,7.924166483043811,7.7874198131166565,8.327648929495053,9.01173974588394,13.860554452478038,15.622219221794845,17.183602651755123,17.71055847678837,10.06390181313482,9.923138663671715,10.057593854408582,9.536329292040564,9.424587952712388,9.08277114224319,7.47727646637181,5.224246649320483,9.668329576621627,8.10840370163639,7.919857622422298,7.7874198131166565,7.7874198131166565,7.7874198131166565,8.276822850053984,7.7874198131166565,7.7874198131166565,7.967698170593257,8.646569380921486,9.617516805146547,13.392751057606848,16.612451958867265,17.306703111556835,17.260561731876777,9.923138663671715,9.923138663671715,9.868781328497008,9.923138663671715,9.923138663671715,9.473103459813995,8.352898849154569,6.142578599152352,9.007744029095482,7.7874198131166565,7.7874198131166565,8.148169789309287,7.7874198131166565,7.977451061335218,7.7874198131166565,8.377029985629054,8.341848307406805,8.056338909327671,7.7874198131166565,8.965333685546971,12.787695216167746,13.825540898226127,14.671873120387248,14.806790462522809,15.59784908300905,15.486202345935947,14.033139241086575,7.583634665026161,7.356909758516993,7.879792754492188,7.626418545487646,5.755845685166136,9.343349490747997,8.020272916765395,7.873277375597151,7.7874198131166565,7.984930360020956,7.7874198131166565,7.9541974239294,8.220506901942946,7.7874198131166565,7.7874198131166565,7.7874198131166565,9.31452813307117,12.511430122730328,14.26746828402662,13.817717588619551,15.232519983585595,15.33023712479082,15.710974482969917,16.396977062606393,9.673014236950168,8.889202797951455,9.031587747472495,8.221317747283285,5.430458065266664,9.228120101364134,7.891485260731339,7.981156036033369,7.7874198131166565,7.946210611174011,8.134852396843513,7.7874198131166565,8.474665948241741,8.074003533716894,7.7874198131166565,7.7874198131166565,8.950933209482482,12.957952009855678,15.854797515945892,16.54953248713234,17.151859308345784,9.95137306820553,9.599698188093058,9.755952485203801,9.191644730150202,8.722125650511124,9.051990410270124,7.7436037823325,5.065214728290699,9.074132739697676,7.955923319251997,7.7874198131166565,7.7874198131166565,7.7874198131166565,8.055369239172448,7.7874198131166565,7.7874198131166565,7.7874198131166565,7.7874198131166565,7.7874198131166565,9.341970341872582,13.333602767700874,16.073455086206387,16.533394360375297,17.10003986317672,8.754321303527483,9.814521355975018,9.517116170111873,9.671427063218173,9.524534601343284,9.02261758693017,7.275263908506285,6.068921633061566,9.499956451586414,8.356996912959357,8.126319218151096,8.444822538776892,7.7874198131166565,8.404585718773674,8.212217406894432,7.7874198131166565,7.917610683264626,7.7874198131166565,8.432512004837967,10.400170410046169,13.055371644087884,14.928801443508817,16.71789126913754,17.41999530469144,10.008118398586573,9.453884404775053,9.786439237023824,9.79717476529062,9.143585814847732,9.104987034233476,8.406259604333673,5.101491060648759,9.022226792749674,8.099204718012185,7.7874198131166565,7.7874198131166565,8.395321673982407,7.7874198131166565
8.371071958336705,8.371071958336705,8.371071958336705,8.371071958336705,8.517823492784531,9.324616089668343,14.313625311399207,16.13149543783313,17.283337843270573,18.038883677501413,9.936385011018166,9.936385011018166,10.019169384442263,9.710009775537156,9.655367282363805,9.212750452220549,7.837561352629886,5.523902932371049,10.179193572426186,8.480360088660241,8.371071958336705,8.44644677024911,8.396965851996928,8.371071958336705,8.763786832235594,8.52973399389151,8.371071958336705,8.611460848497732,9.291013630942317,9.954456604368973,13.767695590507113,16.659386265105113,17.49075017687459,18.109194970849373,9.936385011018166,10.044722476791835,9.737100911024259,9.946084743737512,9.864685472655909,9.064846172579553,8.034005469338759,5.76022768354756,8.515023405016095,8.371071958336705,8.371071958336705,8.676445773242671,8.483815931844434,8.482835787333618,8.371071958336705,8.678884789140634,8.674629476144718,8.45293984359311,8.371071958336705,9.93008813671769,13.460554080404425,14.60097663073704,15.242946965862847,15.463294734346267,16.166601927367097,15.839445761968658,13.974649389445492,7.464438271157541,7.561452552116303,7.994249188163467,7.689566719570749,5.547080818498982,9.882371804325059,8.474886470732699,8.371071958336705,8.371071958336705,8.569210138594208,8.371071958336705,8.653023617552527,8.564873242513512,8.371071958336705,8.371071958336705,8.62064579348022,10.601476799185235,12.938271016749292,14.701532002540723,14.735238401966413,16.364624654974225,16.308926061813047,16.32872750541718,12.086516272768822,9.170193217369574,9.064664271808676,8.606708730059747,7.844777131756089,5.798207527705582,9.655275441610971,8.371071958336705,8.80309659038381,8.371071958336705,8.58006542690728,8.430025657355058,8.371071958336705,8.54519491385492,8.623556725325477,8.371071958336705,8.371071958336705,9.86458876473489,13.448286708825421,16.922125255919376,17.583781544983026,18.03307128988608,10.050702449353826,9.803952765840693,9.936385011018166,9.44013595703117,9.16057222713772,9.611226045731499,8.229958266773115,6.079688712472447,9.935778371801366,8.439743261407399,8.371071958336705,8.371071958336705,8.371071958336705,8.374290418434382,8.371071958336705,8.371071958336705,8.371071958336705,8.371071958336705,8.371071958336705,9.942631795113748,14.106905915792941,17.17740361429118,17.422264804763444,17.638884922171776,8.810297785178077,9.889248225580394,9.75836892601786,10.016559679750465,9.644855481556954,9.044452653965854,7.321900332765274,5.9651644529583745,9.548004253012207,8.591474769491205,8.421459951676223,8.979216147539884,8.371071958336705,8.73674759201947,9.248426224242449,8.730955711223089,9.033627586160685,8.371071958336705,8.902949844241906,10.78339641765572,13.927093243413914,15.676265970554471,16.987833545747225,17.62268201811836,9.983194014258224,9.104157163791124,9.377072702948977,9.77673882340191,9.185385323856337,8.551112570149202,8.082682774956595,4.490277906497185,8.81821081925283,8.371071958336705,8.371071958336705,8.371071958336705,9.078944472672424,8.371071958336705
8.094405266478962,8.094405266478962,8.317515577940496,8.094405266478962,8.467147402458295,9.1415412051086,14.199096575384475,16.204040309750898,17.42866668449012,18.0744641519514,10.240295600222977,10.270260876842228,10.015236999144493,9.547238187961836,10.027764671713115,9.358888423771553,8.20117744687843,5.4126210259973515,9.421852596059159,8.094405266478962,8.094405266478962,8.094405266478962,8.121258566109278,8.094405266478962,8.433398288701028,8.094405266478962,8.094405266478962,8.094405266478962,8.765920600358477,9.254677443074405,13.479300556833763,17.08596870738858,17.798248683763653,13.859570818273902,10.270260876842228,10.126476682280678,9.731608330863322,10.029719368080098,10.161229292875301,9.501721384250326,8.731488974971441,6.018219039983841,9.341313521446061,8.405233599483584,8.178615906249936,8.4908357064005,8.187023284731197,8.35704718672109,8.094405266478962,8.587341560913538,8.427546428835788,8.11824044942178,8.094405266478962,9.838630548922293,13.32212663528244,14.434600046428285,15.032417397446762,15.366126486837995,16.29404672066221,16.187241545344317,8.421078559951393,7.754312900918891,7.580188700117553,7.891764076975294,7.438827788000209,5.650301933270087,8.375481322339592,8.094405266478962,8.094405266478962,8.39155422519889,8.813429204218952,8.094405266478962,8.094405266478962,8.1625596861632,8.094405266478962,8.094405266478962,8.094405266478962,10.00497608652644,12.77115477094845,14.436550373058974,14.42376367416951,16.01417974640037,15.93577796258823,16.289830807446407,11.699287038384883,9.75642013792684,9.716587076687764,9.836039438574335,8.634348285626864,5.752635114063749,9.625059070144964,8.132689838493219,8.45717160570376,8.094405266478962,8.30989141384359,8.520773388524267,8.094405266478962,8.600214994550171,8.433453459193052,8.094405266478962,8.124492123185535,9.496416633585731,13.781888897558655,16.220949874257965,17.29693026225193,17.65539735862734,10.270260876842228,10.270260876842228,10.343422962091415,9.15787500389732,9.24751409045412,9.567663876511505,8.190905386591737,5.676619099679361,9.484421298397406,8.564912766400912,8.094405266478962,8.094405266478962,8.123905563675665,8.415921218016287,8.094405266478962,8.094405266478962,8.522471851528744,8.094405266478962,8.199542471775835,9.891574785336818,14.301715220938629,16.946368538792,17.323500860935248,17.538415714411585,8.972046707187204,9.99160251814089,9.763968693913576,10.44315548475308,10.240224255125966,9.751372987462522,7.577689270226435,6.338730504588178,7.842039786893031,8.094405266478962,8.094405266478962,8.294071906540598,8.094405266478962,8.094405266478962,8.191333087258672,8.094405266478962,8.552162873345935,8.094405266478962,8.235200323866405,10.448951630065315,13.533057582383222,15.568427881360993,17.501087711496915,18.2505995824122,10.311359815886227,10.03543842622997,10.287523852211136,10.272172400287342,9.651970605598779,9.756476525792733,8.824031240350799,5.426821186566582,9.454677286891272,8.643464145652592,8.373132139844932,8.094405266478962,8.872935056252913,8.279040166526642
8.36206824176588,8.36206824176588,8.539081811969451,8.36206824176588,8.729865305902644,9.482469906381041,14.369614116624575,16.298400989961713,17.667315318190823,18.380704452609468,10.018636210843589,10.018636210843589,10.156627445626464,9.890981443855088,9.915802746180065,9.657319646500063,8.363722373897396,5.632569935521915,10.716916961653688,8.875735333917564,8.408641431622767,8.36206824176588,8.36206824176588,8.36206824176588,8.747940957356624,8.729352049244136,8.36206824176588,8.36206824176588,8.577968916184997,9.291103400357784,13.313576747889474,16.40441371983745,17.270194996460283,14.974720322056758,9.94454484126448,9.57508102559687,9.517967527986983,9.862047844626211,9.624453235937866,8.954564908065187,7.792407698674576,5.675123361333725,8.609891854167325,8.597123444182568,8.373985522442005,8.477106331710958,8.566555748196949,8.65508946135859,8.36206824176588,8.700820883423448,8.600411541304043,8.456203551212091,8.36206824176588,10.354033158101025,13.04495093227608,14.426280159784273,15.056231497099983,15.575768458431915,16.32311434285565,16.169066283590325,7.775522695030905,7.327474796509521,7.461811312230628,8.162627877652596,7.842361097159132,5.6394635188445585,9.38825583061888,8.423412153585216,8.56363598513327,8.453953350717757,9.083259310332846,8.36206824176588,8.589025320037015,8.497281289486036,8.36206824176588,8.36206824176588,8.949824186364967,10.932074809773047,13.275937627686957,14.369114893161502,14.626818105469763,16.243089896607895,16.025612391141273,16.17859333039641,12.816833993695838,9.36087316133262,9.099159825740095,9.132902702785248,7.867398490073296,5.634550391756032,9.720290170810687,8.370492861639228,8.75393802103165,8.36206824176588,8.369920225156426,8.36206824176588,8.36206824176588,8.36206824176588,8.36206824176588,8.36206824176588,8.36206824176588,9.10316069544163,13.680326846073326,16.85290091126917,17.76725555596608,17.995402470062785,10.039811950294558,10.041430994398276,10.018636210843589,9.354226511430706,8.950053635749516,9.20883185791109,7.91412446997606,5.430414535553278,9.60890436926644,9.184026834836756,8.36206824176588,8.394867029213753,8.553798304588911,8.720351396556113,8.36206824176588,8.36206824176588,8.564699932745551,8.36206824176588,8.36206824176588,9.947923828248884,14.681961994792886,17.293360517755787,17.452336318668586,17.65632523611616,8.968701789228845,9.952048399933915,10.150147534014401,10.018636210843589,10.018636210843589,9.92414622731173,8.763303599267445,6.20584209221837,9.207179793597373,8.408324415766355,8.36206824176588,8.790058421051794,8.36206824176588,8.36206824176588,8.538456849582401,8.36206824176588,8.871043394740163,8.36206824176588,8.459287681809515,10.482534232947948,13.754610222495725,15.73243564940662,17.326026213781013,18.041720972351484,9.725879867814681,9.391323711426596,9.779899310031384,10.043976959958853,9.531655291306633,8.953014468206163,8.05188805096622,5.1498612967835085,9.480036639866492,8.513956271281993,8.425172946388814,8.36206824176588,8.851370646214423,8.596176091523835
7.957352503374057,7.878114833814448,8.027340414079877,7.87637981956911,8.22988222919826,9.285515805105439,14.213876176444177,16.196090234549082,17.36607654783561,17.807914953672036,9.944836756380916,9.969552196824724,9.931535134102925,9.690711679051995,9.427936954741444,9.021530059348503,7.885878344204665,5.461574294873245,8.724926200196556,7.87637981956911,7.87637981956911,7.87637981956911,7.87637981956911,7.87637981956911,8.036185305444878,8.184736636864864,7.87637981956911,8.152640593726208,8.839765690427324,9.364796281179215,13.311669064851316,16.289516025184994,17.246265665418242,17.807914953672036,9.98501048458771,9.880276854788194,9.884045283903806,9.985886166660444,9.747593750400343,9.24077480143074,8.40978744439516,5.989392155037722,9.409058686414173,8.41227882517721,8.288227249022759,8.313322114729411,7.90516041124059,7.994020075037768,7.87637981956911,8.442498707267118,8.39040232857544,8.225558808265257,8.222391792178234,10.107697747869857,13.09004068711586,13.989021586059323,14.58012530785367,14.709353771379158,15.461476878556459,15.521160036673427,10.388541715855837,7.3817284528818545,7.208128377457099,7.552714763471761,7.251689657210506,5.410540888198719,9.072120263277885,7.87637981956911,7.87637981956911,7.87637981956911,8.434976230107706,7.87637981956911,7.87637981956911,7.87637981956911,7.87637981956911,7.87637981956911,8.255710947289097,9.778465410844227,12.875770442083525,14.413176794783311,14.013850992181581,15.523981936801807,15.392087260106985,15.746388157366862,14.766481897698334,8.71442587042521,8.538339302899923,8.793364013264437,8.00144068934043,5.524343459508656,9.166922447984705,7.87637981956911,7.930066106932606,7.87637981956911,8.138373223252025,8.180517512875195,7.87637981956911,7.87637981956911,7.87637981956911,7.87637981956911,7.9479261907729875,9.229935708718036,13.342675040291702,16.263512159265236,16.891726797977626,17.07973567204387,9.50423126022625,9.208312167193403,9.505241745545979,9.034364728523341,8.817602529174206,9.032150460692112,7.738225542605815,4.9466032719484225,9.316876663937258,8.290633330298311,7.87637981956911,7.87637981956911,7.87637981956911,7.87637981956911,7.87637981956911,7.87637981956911,8.419695673470635,7.87637981956911,7.87637981956911,9.358875441010543,13.776664573922924,16.61413399017355,16.673832539396734,16.97125560363056,9.078134996222012,9.890436736743354,9.764061547524305,10.081451530477892,9.965402559385609,9.422106685313205,7.684494598835578,6.047221454255603,9.671055468287237,8.569623805937892,8.132996029513055,8.609552035250731,7.87637981956911,7.87637981956911,8.563799900140108,8.055027978224969,8.484593900741368,7.87637981956911,8.24475584646686,10.328912637617126,13.43114607865689,15.207788234604731,16.41768309434711,17.113118981429206,9.417282165479703,9.267275116595231,9.499460456954978,9.61978294998079,8.835329640262792,8.627730847810032,7.7184165969385194,4.385762317403262,8.737145045749223,7.944263773454595,7.87637981956911,7.87637981956911,8.19223906118877,8.013072377644367
8.366019320005451,8.497126284097321,8.796180787168243,8.506980351471077,8.986647627408498,10.019992313730002,14.945637054361015,16.819340262703086,17.754595314774967,18.447200886726122,10.135902653291312,9.924967626610162,10.24434086732205,9.78589454086079,9.435174645612372,8.572340086068326,7.365999918211061,5.441134879625194,10.33865137395412,8.366019320005451,8.366019320005451,8.366019320005451,8.366019320005451,8.366019320005451,8.55496945077364,8.782104111392796,8.366019320005451,8.475591946420623,8.714394408973863,9.634428286652923,13.608114567138173,16.63919907208887,17.417254131361226,16.33248145269719,9.97521905886467,9.668602339859659,9.792304181953991,10.08118156672067,9.860725783168363,9.54471181979802,8.420460093244037,5.905458419958825,9.636196161232217,8.7853218518862,8.873232152067233,8.854640424551837,8.579358819587005,8.486507477581792,8.366019320005451,8.932740071318152,8.978941048794008,8.767000898284872,8.667369430048826,10.60419368062722,13.278403124138064,14.747342519573833,15.14123000908128,15.476960820035204,16.25286170569993,16.339467296234826,12.618552101981525,7.450072720591925,7.6434675909508725,8.030780240225111,7.700807111700281,5.647235820333278,6.757818491150597,8.49676755560534,8.601324029540557,8.70592162655981,9.454013993694309,8.366019320005451,8.513407344953782,8.704706937034617,8.366019320005451,8.366019320005451,8.52896152243898,9.862516965266407,13.18053964807298,14.789854549857278,14.22507529633038,15.58265172775992,15.799663837966254,16.23856664569282,13.134204460274752,9.42241845272078,8.786888566765237,9.356280166025106,7.966402439717637,5.0379631121787,9.265336627272566,8.366019320005451,8.573839313047374,8.366019320005451,8.412877590829995,8.439273015037799,8.366019320005451,8.366019320005451,8.366019320005451,8.366019320005451,8.366019320005451,9.905955410378182,13.932550538119264,16.533577266167466,17.52954396085972,17.775545178883753,9.994378885825023,10.041876460996196,10.08118156672067,9.300908039119342,8.802497762805789,9.510070191162887,8.623573965700375,6.0508242964531265,9.96694586375279,8.81826001509726,8.366019320005451,8.366019320005451,8.366019320005451,8.366019320005451,8.366019320005451,8.366019320005451,8.366019320005451,8.366019320005451,8.366019320005451,9.845145072356123,14.411033056127819,17.28372180663905,17.512570154425042,17.94200421244198,9.255824219982156,9.934470105274833,9.852643876606964,9.904457610501595,10.08118156672067,9.083725277503088,7.709314178705571,5.932565873804125,9.291087564498493,8.588425652177582,8.366019320005451,8.742937134164293,8.366019320005451,8.366019320005451,8.871711987505002,8.400647698303418,8.900830210539981,8.366019320005451,8.38749548447925,10.283153913057655,13.380215017155933,15.827901839226204,17.246189312390868,17.936915916177156,9.706259230111357,9.202942713005026,9.579667718110493,10.138697453471973,8.938822349236972,9.48161356964624,8.707823847752708,5.371301198082253,9.78990343835323,8.886747901465352,8.543981700716945,8.366019320005451,8.980714073378907,8.389845959785749
7.759452265666111,7.759452265666111,8.113998469646702,7.759452265666111,8.380454497907419,9.06269523939916,13.568716340126635,15.733494930571274,16.819628983664032,17.676051059766888,9.963222407615913,9.916598794100777,9.945247648104326,9.962814865051872,10.076048416886163,9.334619528519067,8.367798738741687,4.919247117484269,9.722872763588514,7.964866428056399,7.759452265666111,7.8854372055337105,7.759452265666111,7.759452265666111,7.759452265666111,7.953091283558998,7.759452265666111,7.909832473681406,8.352624527851786,8.906725749004007,12.914013503583949,15.969231738588459,16.67226266885075,17.537172586958103,10.058930473548456,9.345749604081993,9.501350199859926,9.980763392480311,9.691732587318786,8.931185162543535,8.0512300125154,5.7422325456449625,9.195713385118648,8.183991765305898,8.012344777078113,8.030572691155115,8.064538429692506,8.138903983588992,7.759452265666111,7.759452265666111,8.010357803409704,7.759452265666111,7.759452265666111,9.791232400868866,12.274540905546125,13.779282795503189,14.29705357035971,14.749346791335174,15.853641634510668,15.527667126263662,8.694946272359045,7.195432703055909,7.171891309554046,7.602348478451492,7.390666952787701,5.462598973639189,9.163063232258128,7.813035942789135,7.979001182287231,7.759452265666111,8.246946979021638,7.759452265666111,8.103092649218112,7.759452265666111,7.759452265666111,7.759452265666111,8.182338010365207,9.98859674503011,12.672759893801516,13.969146836798448,13.72430155766084,15.497203693877195,15.448048685745034,15.532990941927624,16.359856886303966,9.185980147039492,9.273494732028002,9.27685986105376,7.929908250783182,5.841218285914924,9.02168953486564,7.759452265666111,7.954945080562949,7.759452265666111,7.759452265666111,7.759452265666111,7.759452265666111,7.759452265666111,7.759452265666111,7.759452265666111,7.811155769047758,9.042501593424086,13.0407489244331,15.837400657159867,17.072923093833133,17.676051059766888,9.942926925485347,9.75083407691466,9.595871852797774,8.906915017658676,8.84521000726385,9.204786945869067,7.876982181927577,5.2867101147938,9.322598901884053,8.387879512550889,7.821554668480589,7.927703045768029,7.819627578133425,7.759452265666111,7.759452265666111,7.848439176574084,7.898622692754848,7.759452265666111,7.759452265666111,9.264283260231965,13.767133832790073,16.630648008939435,16.659298613232046,17.10744307633637,9.227822387714086,10.08062136753735,9.916598794100777,9.916598794100777,9.998381102694285,9.174490769226118,7.651495202552365,6.043045578790803,9.435774758700884,7.818570920121349,7.759452265666111,8.157220817563735,7.759452265666111,7.759452265666111,7.759452265666111,7.759452265666111,8.20924169146532,7.759452265666111,7.759452265666111,9.54445105442724,12.593846901711327,14.927976263481447,16.472551903324792,17.058334763156743,9.695215068771278,9.430629646219735,9.689916819055151,9.600402541454885,9.095338017254283,9.165547129300101,8.255000874610223,5.1030011763699,9.161065397580192,7.962823523883137,7.759452265666111,7.958856632508291,8.35534026048269,8.190923527571043
8.174295069768323,8.174295069768323,8.174295069768323,8.174295069768323,8.798734152901144,9.819599431490742,14.64388960483663,16.63907093936138,17.756409008461034,18.134203285526134,9.959908215757808,10.060101739349161,9.959908215757808,9.959908215757808,9.578002271756887,8.798665071351692,7.366267406596548,5.349857498875431,9.717689338430127,8.174295069768323,8.174295069768323,8.205096766861766,8.238469183378836,8.174295069768323,8.239764690911423,8.680414347232492,8.174295069768323,8.174295069768323,8.743713002593738,9.480770559986764,13.549897089050749,16.384237825172697,17.070864238153643,14.984547802680048,9.725739107157068,9.840444993365537,9.75930339886123,9.959908215757808,9.842871198151556,8.819924514701203,7.602909689389411,5.699552219042863,9.30975222619804,8.174295069768323,8.288180222103193,8.40236969775065,8.397090567631391,8.174295069768323,8.174295069768323,8.84350685760794,8.4260539322638,8.174295069768323,8.174295069768323,10.373997847498906,13.156601839510737,14.262957851630059,14.889524007045734,15.235538055107753,16.151314802176675,15.981856064786642,13.082010534532458,7.623256682250854,7.778098995784855,8.327404281767153,7.9687588150642545,5.921236725324759,9.905340391357957,8.55315562863751,8.61640207930468,8.174874219071684,8.581284200510847,8.174295069768323,8.389664551933874,8.354625332664876,8.174295069768323,8.174295069768323,8.31355300204825,10.11351163651606,12.791319472976877,14.329689030558,14.105737348990527,15.587559316239883,16.02131999363817,16.284296298031684,17.234772284545997,9.220371476519858,9.112806811015254,8.962373649062203,7.791756070266314,5.3004076691392,9.121472847564949,8.174295069768323,8.44393387301878,8.237916377595583,8.299955033521066,8.174295069768323,8.174295069768323,8.237497664040044,8.174295069768323,8.174295069768323,8.225630984233733,9.204462505033366,13.142852748226645,15.63870462977177,16.74947269916326,17.165251512356228,9.81115249842302,9.550892934386933,9.888633786293331,8.979607505710614,8.506830516681362,8.872570949376808,7.96846120203502,5.02362636486892,9.486411635230903,8.366620279441634,8.174295069768323,8.47793115041213,8.931671124496814,9.12520635512478,8.267943983336858,8.174295069768323,8.625434418968526,8.369772634106432,8.653003729041007,10.459071388718616,15.085395128732857,17.463423946929364,17.49241161438666,17.85435228684288,9.397472272539837,10.05240613742065,9.723824564005461,9.998626144204339,10.074430248782651,9.371067122439452,7.551619470830023,6.028294507752184,9.137178631632823,8.174295069768323,8.174295069768323,8.174295069768323,8.174295069768323,8.174295069768323,8.174295069768323,8.174295069768323,8.445188937682467,8.174295069768323,8.234462556591506,10.136643918627597,12.985263584719778,15.226256231177409,16.83841554693379,17.539137746764887,9.88486674784098,9.925851312960493,9.960235032032859,10.067729604516412,9.25860482592813,10.103143585068715,9.410216357149208,6.0409049762403635,10.794732655998974,9.98240268259468,8.719859909827044,8.346059718549558,8.656048817344347,8.174295069768323
8.029105580716775,8.15726579311311,8.152050048329029,8.029105580716775,8.301945620712463,9.475481865364781,14.140102615693866,16.079674024743774,16.883869870308448,17.866845060309558,10.15707332130511,10.109286246920387,10.241181408019992,9.73757594746947,9.482501781035053,8.854002961090496,8.40121875921748,5.50399922385102,10.072949269251325,8.063643202674928,8.029105580716775,8.526067120057837,8.223856596158072,8.029105580716775,8.091113322677813,8.695508474692168,8.029105580716775,8.526931045915797,8.991932029943374,9.813785767815766,13.853147894102214,16.777926307938753,17.32795005518156,17.046046497859376,10.073653646520302,9.788139466698375,9.732296113646484,10.263523266362995,10.159880317300166,9.486097166925145,8.269228662563707,5.901821574301651,9.521133900892153,8.029105580716775,8.585346325884055,8.244563783520924,8.415359112363697,8.029105580716775,8.029105580716775,8.382394498217138,8.373620755962568,8.029105580716775,8.029105580716775,9.444246922842906,13.432392873269134,14.446981698474875,15.06994556922044,15.478359788699393,16.478915297396995,16.118200280084583,11.989575498204712,7.993191034166965,7.957330878037494,8.481567170903535,8.112925798045273,5.791073681770783,9.659917908872922,8.205467896735806,8.228419714075084,8.029105580716775,8.155219495277601,8.029105580716775,8.344333077907423,8.30894100878281,8.029105580716775,8.065584552438164,8.074952229502042,9.654541324092387,12.562880805347943,14.449637552003281,14.194967405315305,15.677075627050302,16.113098469172318,16.335903833245712,9.085799887749102,9.108996444902877,9.03293480869985,8.989781501162472,8.141412223350649,5.241992418283976,9.30391102789835,8.029105580716775,8.062361759413836,8.029105580716775,8.043396793463213,8.029105580716775,8.029105580716775,8.029105580716775,8.029105580716775,8.029105580716775,8.118600428495863,9.243448502225432,13.111582995507234,15.85300438772018,17.347736709940822,17.921783252917965,10.213704838568525,9.745061232231237,10.023074135410665,9.671390718676355,9.581499358274492,9.435339802479513,8.34208931671694,5.840981417559424,9.845525583361628,8.267021912692183,8.069743195631542,8.029105580716775,8.124578828797931,8.045368209635882,8.029105580716775,8.029105580716775,8.075541273306538,8.029105580716775,8.029105580716775,9.510839204563743,13.941382530889165,16.583910080662434,16.923293947308018,17.266130787522282,9.500594100731536,10.040637468291989,10.200495235398105,10.177667498959924,10.36889607373598,9.149967694612629,7.5158897059412455,5.959739564199123,8.94223588960952,8.09220428215455,8.146966360674908,8.711898345565952,8.029105580716775,8.029105580716775,8.6909222287679,8.478630363901512,8.882469294823569,8.029105580716775,8.377063378800134,10.25563580615306,13.143639475178684,15.531644897510422,17.381879411696374,18.17243382777423,10.177667498959924,10.185051682662335,9.995078550157798,9.577852261103917,9.302119455734141,9.477720880702167,8.857422749416342,5.255217801736923,9.497195348531902,8.615109682593372,8.029105580716775,8.029105580716775,8.029105580716775,8.029105580716775
7.701158894805081,7.701158894805081,7.776778782124132,7.701158894805081,7.804152426987984,8.689597633119739,13.19282865756784,15.236545529082186,15.96251237233967,17.046707930053564,9.68342697004128,9.673885056654225,9.680328772156985,9.455326792107606,9.314997279314383,8.761014385988265,8.299117784431335,6.029054520557047,9.877079330367398,7.732284289527715,7.701158894805081,8.259749140437146,7.879380896980655,7.8010330249104864,7.975798300734474,8.578992415114689,7.701158894805081,8.207228645300065,8.327779520085489,8.916213046914779,13.149238600805734,16.23170248024328,16.817064315067192,17.20197662735039,9.74326209766805,9.260994814854696,9.038147595206334,9.601558075974065,9.236639107314973,8.61120124273067,7.70331916423194,5.774093771971459,9.180153099535206,7.710950133952182,8.053812418672006,8.149758708002404,8.296771326976152,8.064602540122717,7.701158894805081,7.877640471054201,8.154746303795866,7.701158894805081,7.701158894805081,9.353707123732288,12.66018259379978,13.590142847887822,14.199887811210683,14.63253644877615,15.687750247305646,15.39924127458267,15.078161648965942,13.685838182753542,7.418318306260226,7.728480655691323,7.432361151131315,5.299005023811525,9.135923013778388,7.701158894805081,7.701158894805081,7.701158894805081,8.21274775942534,7.701158894805081,7.866503757386442,7.701158894805081,7.701158894805081,7.701158894805081,7.701158894805081,8.906357148539172,11.70478446881718,13.710179802614446,13.538733964975329,15.17488233443294,15.337739060857043,15.584159888445797,16.031964547524005,8.929702528649623,8.970574739990058,9.195104361569621,8.02147194345623,5.450568403819556,8.622754632031222,7.701158894805081,7.929947551068976,7.701158894805081,8.044820710899804,8.09469937348705,7.840735414004421,7.701158894805081,7.746152449901938,7.840617996018914,8.106038431232413,8.787867976348776,12.139691743750053,14.998620916906646,16.486100229943247,17.10442449560764,9.913968774646099,9.584215869106224,9.680328772156985,9.241552473627962,9.024516723021495,8.957253986717138,7.842664024264391,5.352697398476513,9.233959530773388,7.863918145548955,7.701158894805081,7.836920483460563,7.701158894805081,7.701158894805081,7.701158894805081,7.701158894805081,7.701158894805081,7.701158894805081,7.701158894805081,9.10062520556032,13.11795175635303,16.040385595907,16.499117182046618,16.99510921658956,9.46430506649685,9.739765597175827,9.779331119336563,9.72937878813722,9.693373506933716,9.505112217446788,7.306150608214453,5.48649892354674,8.986760051727922,7.748916568811986,7.764576435326235,8.085394719376326,7.701158894805081,7.701158894805081,8.108297970150689,8.15943307009452,8.72745223960944,7.701158894805081,8.25128815763199,10.220033465090012,13.096916338674284,14.826525385647475,16.479703113455216,17.00760629839838,10.612208158483028,9.019753840978343,9.001546649296534,8.716748892705157,8.368767566074803,8.578031226928063,7.819830694430566,4.692663739586971,8.871429048302499,7.926524723030159,7.701158894805081,7.701158894805081,7.701158894805081,7.854719874441071
7.652221956828267,7.652221956828267,7.652221956828267,7.652221956828267,7.95448567273232,8.786883737192472,13.39225634041723,15.922941463455258,16.74694868670521,17.60317970581884,10.079088340251415,9.950957748990573,10.059784331164975,10.105023302354299,9.944420128767788,9.018030548844031,8.547103695924688,5.887257248080702,9.624037785058164,7.652221956828267,7.652221956828267,7.911612310914549,7.838868518213826,7.652221956828267,7.652221956828267,8.047319070648015,7.652221956828267,7.652221956828267,7.737044594359599,8.574175560346905,12.961857009586819,16.085224150691808,16.813301390477967,17.153254162769755,9.96780151133098,9.66676812522722,9.316446896310524,10.038187812878814,9.754449078664729,9.245918604493069,8.286299858811606,5.787121256272539,9.061608219210898,7.652221956828267,8.110081413723925,7.956619174319114,8.124039718017125,7.6838727585122015,7.652221956828267,8.544528217965844,8.052308053160724,7.65902949245451,7.859814111563922,9.815760642152592,12.918191272108045,13.771135201883084,14.36059003606493,14.685113298783607,15.747609470455728,15.41673504342134,14.914593890497986,7.39790395645615,7.33836467046669,7.932660465341094,7.875082134320461,5.442052202379391,9.146649051976881,7.688432542175641,7.73830112607447,7.652221956828267,8.245189267203397,7.652221956828267,7.846061769337274,7.652221956828267,7.652221956828267,7.652221956828267,7.776647770852876,8.901416588174856,12.117134955021381,13.594647211568336,13.893144223803873,15.50257362702825,15.468129770645916,15.753554938433005,16.65742241706708,8.895818465523645,8.837138083473912,9.279841698616417,8.294558318373078,5.627946838773353,8.754435740720707,7.652221956828267,7.78043508555613,7.652221956828267,7.738437247872234,7.693007598764103,7.652221956828267,7.652221956828267,7.652221956828267,7.652221956828267,7.839531444714211,9.092058131559712,12.97596266795031,15.549495018310623,16.74372624780651,17.448616518355262,10.386770864557986,9.899095047480875,10.01865645590837,9.386750386124737,8.966590332450927,9.510690392739992,7.895680525417014,5.369988314333567,8.880258693752921,8.031501732575933,7.708734151900804,7.849083213577074,7.652221956828267,7.652221956828267,7.652221956828267,7.652221956828267,7.867134513495193,7.652221956828267,7.652221956828267,9.289284974683667,13.472491688192001,16.2289711416237,16.647775505027152,16.99544540459871,9.238308837153859,9.740842521953947,9.592128827618886,9.655884837576348,9.762584160830988,8.828568579425635,8.427085788928052,5.831552715933942,9.009713637323728,7.6791539807336715,7.754942942606266,8.1951006345596,7.652221956828267,7.8900526866662615,7.9193321443193785,7.652221956828267,7.958113696758833,7.652221956828267,7.920139792905403,10.238125673017597,13.327063192699498,15.107395144105535,16.819713646493764,17.215111585038144,9.57771830387827,9.51044571428641,9.25100846814123,9.225445767484716,8.709238397478428,8.968196167573364,8.203776645168938,4.6109694849851826,8.753820004593022,7.974573498577389,7.652221956828267,7.652221956828267,8.06095445637359,8.058519166236797
8.083151323439067,8.083151323439067,8.083151323439067,8.083151323439067,8.518452713476034,9.338537434236,13.70780100777272,15.97464261484998,16.59128979658272,17.61587686719951,9.82359032282937,9.854313691527057,9.837332438995091,9.697845152370062,9.451666773833933,8.68005643893169,8.195292258703075,5.439819288316647,10.084283624071888,8.319381124646283,8.083151323439067,8.55319752944965,8.208702418859426,8.083151323439067,8.083151323439067,8.73406051804097,8.083151323439067,8.488450016762721,8.592678273499455,9.215762465770924,13.622262442698556,16.92568774142537,17.24116542762542,17.458935448612955,9.835268284156538,9.6711854765642,9.322767777396294,9.813209976372034,9.48164619043557,9.046492960335666,8.005248033160917,5.721728033890668,9.946054148991974,8.083151323439067,8.408823012789927,8.083151323439067,8.094053743727073,8.083151323439067,8.083151323439067,8.475290108654265,8.35136314291982,8.083151323439067,8.142238892030633,10.144530109491535,13.265454450823693,14.057599122484955,14.719036680598382,15.140899012960958,16.24375721823028,16.03804791524042,15.389567849933751,7.292780768503933,7.062442348383315,7.801371978332083,7.419010420458123,5.1291941303577495,9.64047347119907,8.083151323439067,8.083151323439067,8.083151323439067,8.600059293940161,8.083151323439067,8.378832479932454,8.083151323439067,8.083151323439067,8.083151323439067,8.351974030697905,9.651593129211903,12.89459261669224,14.419933438134576,14.319608285954939,15.545582193327808,15.376979206025073,15.997445984166875,16.976338911197722,8.739184140963786,8.598812370506616,9.029376148120665,7.9894786524703125,5.2838642676582515,8.566308032352186,8.083151323439067,8.257740384564883,8.083151323439067,8.083151323439067,8.083151323439067,8.083151323439067,8.083151323439067,8.187840204273646,8.083151323439067,8.089891592743033,9.368523014146184,13.341890664180703,16.061627440532426,17.151667418218747,17.779388224689523,9.776078411543324,9.776078411543324,9.87695069098535,9.382248833773849,9.01028153287292,9.301299373048606,7.745256667067516,5.71978589585384,9.488087598718701,8.364352429277927,8.083151323439067,8.083151323439067,8.083151323439067,8.198698230129706,8.083151323439067,8.083151323439067,8.313845696189007,8.083151323439067,8.083151323439067,9.719611080277268,13.595691337244208,16.402381473495605,16.889073224269023,17.250415785061556,8.976538698230284,9.506085055092447,9.690160508976819,9.802573505707619,9.81925370464654,9.293658432131439,7.980647264364471,5.513560983502216,8.712901221037129,8.083151323439067,8.176896230214636,8.456043028328073,8.083151323439067,8.083151323439067,8.497258432909534,8.672971521720031,9.011762366620406,8.083151323439067,8.433115798910231,10.074799458388744,12.897016064665586,15.120484712336228,16.747331526861785,17.104524100526113,9.332762825024767,9.55971838405873,9.276952456730001,9.18938273470867,8.563489115843401,8.710693120721501,8.074721100870109,4.7513858883019315,9.33831921320546,8.346175549753381,8.083151323439067,8.370392657752612,8.093244738057443,8.637731884461044
8.066974268309792,8.423760961230224,8.267868035214313,8.056014648838518,8.38742489609447,9.329880801274445,13.792403288517185,16.119528001984,16.56079424579211,17.526379187424844,9.623031120318853,9.734788558809123,9.734788558809123,9.443284222231801,9.217261553961501,8.919460749198361,8.254669788251325,5.181541039636914,9.644432650779258,8.056014648838518,8.056014648838518,8.57776952608222,8.30070656704446,8.056014648838518,8.10363417912199,8.616698314934856,8.056014648838518,8.336261014502226,8.849691425940186,9.699953507859203,13.776396245872455,16.32241249504337,17.1985681602916,17.65468096951642,9.602165931667466,9.778755526321998,9.441077581063755,9.734788558809123,9.590504104094604,8.83440851166453,7.955955687794855,5.999999729843762,9.579483641519898,8.056014648838518,8.22527079651933,8.075724846847697,8.447463128373974,8.09217548191284,8.056014648838518,8.727658324244908,8.810532717536748,8.056014648838518,8.056014648838518,8.548889200752292,13.146143964526392,14.319545427437589,14.821376977776204,14.97073387845441,15.89668446107987,15.99352280432668,15.816664334060178,7.623145318711862,7.578057900706719,7.885056325497378,7.7929434455230755,5.400551752036422,9.612404784822713,8.056014648838518,8.056014648838518,8.056014648838518,8.056014648838518,8.056014648838518,8.553466267999267,8.261713661824976,8.056014648838518,8.087576111744138,8.340880656757504,9.627749775208859,12.769187307025003,13.897058026133344,13.963200586221726,15.513880158826474,15.506829679427623,16.020882795693158,17.06160863784036,8.943864029472627,8.882875806628086,9.019536924616954,8.07169709719803,5.37171447315867,8.86464751139529,8.056014648838518,8.056014648838518,8.056014648838518,8.201451276115897,8.224281417152614,8.056014648838518,8.34603484383594,8.224262196748526,8.056014648838518,8.119923290262957,8.95633333574968,12.401036060610544,14.959174364786076,16.379571800909627,17.293249756610134,9.616496454825626,9.061990281090678,9.317436367911968,8.800123952678442,8.686494084180755,8.956900379936144,7.686972865945764,5.2764399286710315,9.60051772645677,8.464050155778324,8.056014648838518,8.504306530579816,8.23445597377913,8.196743909035163,8.13546744755336,8.336802413394011,8.820050371522377,8.056014648838518,8.056014648838518,10.015234282122869,14.106268860801276,16.314642519763144,16.705786591615723,17.113587573360725,9.464286954351637,9.75005364929627,9.740590730297727,9.820229989935394,9.378668269936883,8.844354749061965,8.167263653230746,5.612322563377226,9.886771048636943,8.056014648838518,8.056014648838518,8.056014648838518,8.056014648838518,8.056014648838518,8.090491049216364,8.056014648838518,8.89493176031673,8.056014648838518,8.386104273008982,10.418770219935583,13.167510671248746,15.092445890606658,16.79011266938999,17.49777284351547,9.53204796492603,9.44496072233096,9.23458747897588,9.1908225253851,8.941045180261725,8.759993430582682,7.830669339267082,4.772668875070673,9.180745696806444,8.056014648838518,8.056014648838518,8.056014648838518,8.218146336697192,8.399942565039105
7.897045596721055,7.749581806012782,7.749581806012782,7.749581806012782,7.885325023496932,8.769599187244225,13.283303885044457,16.184447361956074,16.91038980816807,17.69139938973915,9.988340568402482,9.941817583726367,10.054705560539428,9.941817583726367,9.683609796053933,9.04038834631717,8.538238866777498,5.4890954977217365,9.354043663888225,7.749581806012782,7.749581806012782,8.077113723452742,7.749581806012782,7.78821157287051,7.749581806012782,8.844378446588754,7.749581806012782,8.22183094982418,8.110989881093586,8.81728353514791,13.307253537922733,16.484060980121797,17.329063707080298,17.346141227030294,9.897315530541842,9.949103354964329,9.78584262497976,9.98933835697143,9.570802183241845,9.350528021185468,8.031295890557747,6.445687474850309,9.49018087200622,8.072588979165529,8.394159223514754,8.072608682400837,8.207545548683628,7.749581806012782,7.749581806012782,8.357941454873272,8.43523661737137,7.749581806012782,7.749581806012782,9.240934797217083,13.068100704673148,13.98089441266082,14.586436165546875,14.74567978732982,15.50427390177336,15.571999699166923,15.262747199030741,7.525772555264482,7.7849274228382574,8.060904075585041,7.667438360108649,5.41921280120741,9.568788336640903,7.879363554105057,7.924514277054243,7.749581806012782,7.977471684789117,7.749581806012782,7.949117747722948,7.749581806012782,7.749581806012782,7.749581806012782,8.072270801544233,9.326781497164204,12.405788153224702,13.611526600877204,13.933619684649061,15.075998453336519,15.30303246357013,15.900844029851942,14.559680338148532,8.570523392638451,9.130353615022141,9.356264305292903,7.672360423363454,5.7494321174675544,8.49002190757877,7.749581806012782,7.749581806012782,7.749581806012782,7.749581806012782,7.749581806012782,7.749581806012782,7.749581806012782,7.7728353643278805,8.063181980571503,8.228451533176877,8.83214044122086,11.997934441533646,14.742083428379942,16.15517990956944,17.47540748737702,9.95790917073011,9.830953256289432,9.962970672445834,9.449038187230364,9.103585658771708,9.218487579864231,7.625504136340608,5.631226523410204,9.095019303035212,8.42998889027129,7.749581806012782,8.181787975821228,7.749581806012782,7.925269073925623,7.749581806012782,7.749581806012782,7.809739616649906,7.749581806012782,7.749581806012782,9.084752139704296,13.233980613139185,16.12431131006095,16.700818493913033,17.083979162990662,9.244775715737523,9.558848317506015,9.591723980412636,9.839425943761068,9.688502316186108,9.054557490962175,8.054985477939448,5.673122561414738,9.510928675074656,7.845292382581669,7.871969433585744,7.860488447258626,7.749581806012782,7.749581806012782,7.749581806012782,7.749581806012782,8.515582114762683,7.749581806012782,8.647315279427804,10.484095170070399,13.349379351300206,15.481881545207536,16.990584642474364,17.275910007715478,9.74887322110469,9.466414460143273,9.399595107631413,9.574992236231566,9.445763231409732,8.993367600162669,8.342999295392678,5.043087217564342,9.159075854322722,7.854945301255476,7.749581806012782,7.749581806012782,7.8277846321186,8.13947805570933
7.8454132829236265,7.737507282265881,7.884444271603899,7.737507282265881,8.161188896560926,8.94156698075422,13.673347181483173,16.02843284504433,16.624626990853294,17.457297657519508,10.039926889470202,10.097353465374082,10.06522012389713,9.931335890392505,9.576751534676287,9.1038882394361,8.215656702658643,5.642406362280259,9.76884103926511,7.737507282265881,7.75057221822364,8.21952229307509,7.944531001003745,7.737507282265881,7.835529524945652,8.407317584427412,7.737507282265881,7.737507282265881,7.893033166026752,8.811456466636361,13.261826785965297,16.44617567697816,16.96968017991609,16.965619259208395,9.794312626567363,10.039926889470202,11.650657379790928,10.039926889470202,9.824631666645521,9.159320043000589,8.236277720901647,6.253790960674581,8.983932568950738,7.737507282265881,8.170045829852883,7.737507282265881,7.85565772363853,7.739099844192401,7.737507282265881,8.175314636596678,8.317896092491084,7.737507282265881,7.789016786555252,9.531612446185726,12.946014500017782,13.757037694582564,14.361731887213242,14.692285806039253,15.727388522731445,15.789830714055373,11.053462808187897,7.395749870029345,7.703592913261795,7.840328529875947,7.843877197691548,5.685553495192996,9.364955814993822,7.737507282265881,7.737507282265881,7.737507282265881,8.122550007997063,7.737507282265881,7.907840756701335,7.737507282265881,7.737507282265881,7.97453011021049,8.295003968539236,9.622165861422761,12.657053301853072,13.816820479536759,14.1263415100466,15.149618126676083,15.258085282873157,15.880723287384232,16.47482820315099,8.786782173347325,9.137266438152967,9.309032311735203,7.957174416142172,5.931161599237604,8.635363326304372,7.966105895218413,7.813189411831603,7.737507282265881,7.759207097965626,7.839571445619094,7.737507282265881,7.737507282265881,7.831574731397804,7.737507282265881,7.737507282265881,9.052214652693804,12.900730386874098,15.426117396860025,16.36315480288141,17.25362806195514,9.811827738048125,9.440795069073248,9.30453819347975,8.676341581989135,9.269347458472101,9.17371721291859,8.324110186851156,5.5822455208669295,9.295805564331115,8.113578064655224,7.737507282265881,7.774046704445964,7.737507282265881,7.778721086889662,7.737507282265881,7.793679275276718,8.416390474801654,7.737507282265881,7.737507282265881,9.491376806711411,13.859056807657701,16.835576442062987,17.118804417292225,17.35577823038468,9.6405476822343,9.892973937330108,9.933918068414188,10.083170332027239,9.817029442283106,9.238164537155898,7.362420833512565,5.929524545464314,9.336863591114971,7.876489091906315,7.808519667191543,7.737507282265881,7.737507282265881,7.737507282265881,7.7970498364719765,7.737507282265881,8.500238074798446,7.737507282265881,7.974696248305314,10.002349515400873,13.048189802350905,15.204795423011586,16.86327759437059,17.305388344255718,9.837768118157133,9.925575211899206,10.089124734582546,9.785784573529003,9.247579980547416,9.27600916678836,8.272301323909439,5.5345835395171346,9.108337462545098,8.083445917807037,7.737507282265881,7.737507282265881,7.737507282265881,7.737507282265881
8.013054831795179,8.017900366688206,8.013054831795179,8.013054831795179,8.691383401193479,9.638545978006047,14.299748480397572,16.397769170440633,17.004090676195148,17.72096947933917,9.840142854973278,9.829089356265717,9.805012653391472,9.655031537131114,9.232207296601084,8.590361560000616,8.066781441300154,5.608582501328489,9.785437664422147,8.121581638283756,8.013054831795179,8.359571904671192,8.340034016024141,8.024488873991682,8.013054831795179,8.628920424625248,8.013054831795179,8.013054831795179,8.013054831795179,9.045412006495818,13.185807135004858,16.153542932443155,16.87019322568736,16.974588937721776,9.447852291048868,9.612257664563911,9.508511224665702,9.893752868084,9.418072246259442,8.810660298462107,7.960682222881131,5.86901593847657,9.147079698968506,8.013054831795179,8.347892148584645,8.013054831795179,8.04788299504107,8.055499705577455,8.013054831795179,8.364145463107365,8.320443675296502,8.013054831795179,8.013054831795179,10.0246339086081,13.284970496315193,14.012637771967505,14.644822390527098,15.125152537653134,16.009539617005068,15.908786621609003,15.411734926519417,7.568842256147876,7.123399887322625,7.911175201841535,7.73691360480236,5.5507410919233955,9.408044652393233,8.013054831795179,8.013054831795179,8.063387899462697,8.650286100258738,8.013054831795179,8.175749460760722,8.013054831795179,8.013054831795179,8.013054831795179,8.212259578867885,9.825622825136557,12.697365470859385,14.04446727241273,14.551333789133096,15.6800096398822,15.455050702082623,15.772835504124284,16.721423930113563,8.646705811266607,8.969276296265368,8.937747108518778,7.715644949478299,5.81343737053193,9.208083002803882,8.17934381628857,8.234887154399736,8.013054831795179,8.357923828155842,8.0146102222698,8.157052284727047,8.013054831795179,8.141306159177153,8.013054831795179,8.270214507310898,9.40739068160576,13.737237757585163,16.601614027266244,17.697698872712138,17.818067485186653,9.912363073475566,9.547184524323686,9.574095509891896,9.269110844537,9.10174059298108,8.628841224512572,7.4587463714703786,5.252031212265301,9.114322644112136,8.135338876637304,8.013054831795179,8.095827392767106,8.013054831795179,8.036250833008145,8.013054831795179,8.013054831795179,8.512316856099602,8.013054831795179,8.013054831795179,9.044915976374398,13.18102362214027,16.500888499812103,17.190048058586243,17.39791842996424,9.444851830054933,9.805012653391472,9.865303657139524,9.874862162925321,9.946965566078722,9.087645498795618,7.252063263975258,6.021933462770106,9.842337360008552,8.487646882021782,8.300977542995073,8.197892037179745,8.013054831795179,8.013054831795179,8.536049340553243,8.09570364092238,9.039699332053269,8.013054831795179,8.013054831795179,10.144329410399436,12.981684676638542,15.242614808102525,16.556699851252866,17.17674831487708,9.55780176051318,9.438798806218939,9.56503985542191,8.666463538581967,8.43381649916557,8.895298378314099,7.474677461356563,4.916210492017883,9.091329273760625,8.306675387671104,8.013054831795179,8.107072976391338,8.013054831795179,8.013054831795179
7.974491728028032,7.894522465600843,7.899669402828165,7.866283739956233,7.9900143010800235,9.103407860916613,13.62983070054576,15.987026424998309,16.783843081736485,17.451197061021734,9.963752067797571,9.802789854299688,9.743685081223747,9.743685081223747,9.453874436850352,8.574598471077389,7.943724653257244,5.791869961091889,9.765550020200326,7.866283739956233,7.866283739956233,8.190058620057272,7.866283739956233,7.866283739956233,7.866283739956233,8.705630320156079,7.866283739956233,7.866283739956233,8.167774608567179,8.998322449367631,13.43328689344524,16.269536804448666,16.98643211219292,17.01839414717894,9.097640093210659,9.848181712966115,9.743685081223747,9.743685081223747,9.506432278913987,8.841995518638434,7.833288763927429,6.40873531449271,8.906590656862035,7.866283739956233,8.646582530960488,8.054697435988777,8.041545380047609,8.105047013249694,7.866283739956233,8.312804414935227,8.31326866706513,7.866283739956233,7.898633238535738,9.61556892312412,13.052286241342708,13.661982066189292,14.434502256495076,14.689500452179804,15.443973830057711,15.570586093807991,15.562418740935067,11.279186934363672,7.492922224736612,7.778930222687776,7.514276149559106,5.802840839165752,9.160437768610606,7.866283739956233,7.956893577715218,7.866283739956233,8.277363864694111,7.866283739956233,7.866283739956233,7.866283739956233,7.866283739956233,7.895383237689073,8.149760409942175,9.671952725430138,12.74451589987465,13.927017109797639,14.024733798290903,15.343030389622331,15.342583197578517,15.689834788826438,16.493791999043427,8.448448499362012,8.944063514621675,9.01349991835818,7.994677505584356,5.663488611939565,8.690695340026592,7.946075650084229,7.967246763192557,7.866283739956233,8.024510938536777,7.866283739956233,7.866283739956233,7.866283739956233,7.866283739956233,7.866283739956233,8.107060992710325,9.284677881837567,12.864200171559148,15.410930984170989,16.216157174408412,16.99088428648886,9.829410532355578,9.101215306485617,8.894826305194542,8.457812236144358,9.079422226478849,8.66717335989093,7.543206356603456,5.265562762244939,9.156578123772718,8.343294636366661,7.866283739956233,8.102841162267667,7.866283739956233,7.893267169947335,7.866283739956233,7.866283739956233,8.335426234278872,7.866283739956233,7.866283739956233,8.89132405769746,13.085333152611645,16.58090500917832,17.055979186539254,16.99506582248296,9.19691718143916,9.662288081879668,9.80962413491206,9.72164625762753,9.276882204353923,8.964302170082375,7.348293348540636,5.656419537317564,8.967899203221119,8.37042583574172,8.241594163685683,8.356689780385542,7.929922743149376,7.940794627839873,8.631839494948508,8.091519617265583,9.153311298777327,8.265515344522216,8.522694291083587,10.473580036060415,12.904218051791585,15.376381043019729,16.737492497548537,17.383679193170313,9.712493689827118,9.521830204443377,9.415666790266314,9.040620203779985,8.645401167759731,9.132101752002981,8.154985980220436,5.293710157061201,9.328690290482147,8.209881750427362,7.866283739956233,7.866283739956233,7.866283739956233,7.866283739956233
7.7297038650060825,7.861744032529129,7.94492774732049,7.681081015147398,8.115737939263758,9.188825777550301,13.511770974126083,15.863775573853584,16.318403050107705,17.04171090218912,9.596341531374655,9.67001278097981,9.596341531374655,9.596341531374655,9.314147401833978,8.712474198910678,7.860249165195112,5.135022171869845,9.2076821714296,7.681081015147398,7.681081015147398,7.935304216981487,7.729432922137543,7.681081015147398,7.681081015147398,8.352919088485748,7.681081015147398,7.745234988392282,8.22379405924056,8.763545857579324,12.949039188030163,15.854508820111498,16.402453038495906,17.00444426392246,9.842207442493711,9.561408922239538,9.165436052401292,9.596341531374655,8.858688829154495,8.641635957355396,7.841522468159047,5.695178914641973,9.087242543118979,7.681081015147398,7.883078951282249,7.681081015147398,7.681081015147398,7.943315817785929,7.755431783291804,7.957618233674118,8.140608270998035,7.746200582087355,7.681081015147398,9.62619398930827,12.831609781820411,13.433473454251194,14.130078115267285,14.388454153790478,15.346645413712107,15.385329434595452,15.094231762758042,13.227862232637097,7.1433590019592135,7.724926876412681,7.599226187105841,5.274867198155938,9.254037103641576,7.681081015147398,7.8261483367196085,7.681081015147398,7.747384227771696,7.681081015147398,7.726345892970696,7.681081015147398,7.681081015147398,7.6959995141501105,7.814456065167735,9.238674260479407,12.264448246057462,13.795612996854276,13.68372213619632,14.594317825126478,14.922167919341767,15.40982132574306,16.218136099674222,10.32419351589685,8.914630686744237,8.905825094963884,7.761008930579606,5.243857686741339,8.67760624019716,7.783069957835658,7.826347718711106,7.681081015147398,7.963917807301578,7.71433915395041,7.681081015147398,7.681081015147398,7.681081015147398,7.681081015147398,8.16753450106017,9.082547820692795,12.337955950745865,15.061371136717497,16.629556857567145,17.277422546522054,9.694475454554672,9.78171842197392,9.596341531374655,9.377935803966672,9.004009476943805,8.783041894850921,7.322937604381943,5.4619353921778835,9.241665321031583,8.23002506598296,7.681081015147398,7.863487572588895,7.717004253679873,7.7174099708741,7.681081015147398,7.681081015147398,7.681081015147398,7.681081015147398,7.681081015147398,9.11933155933309,13.032495454402174,15.9429808363486,16.507958813540448,16.786953250442817,9.195899713501753,9.337519915346054,9.453081213554963,9.622603052219029,9.046391420031503,9.146670318386702,7.975849072697928,5.694144191012603,9.162287461601707,7.803135218430271,7.925646224454165,7.939424754306333,7.681081015147398,7.681081015147398,7.993870132090736,7.681081015147398,8.329481225512833,7.681081015147398,8.50689728986937,10.18589295983546,12.528792678008333,14.863504409031158,16.16467881074257,16.95111624394616,9.218553930395117,9.181599247712933,9.039980531228947,9.072892636057025,8.632426402266121,8.908558130481886,7.7963451143138585,4.993279168580574,8.781844207102125,7.831218898981216,7.681081015147398,7.681081015147398,7.681081015147398,7.681081015147398
7.8367789886006864,7.8367789886006864,7.897969031090287,7.8367789886006864,7.872413434212416,8.99633263989686,13.042220236567248,15.818366207898357,16.386921798117875,17.047930965879694,9.594556179623396,9.693465258252083,9.60135910302327,9.374352436923504,9.091639011832367,8.632736491445717,8.2669583288007,5.260466900820599,9.620798906363525,7.8367789886006864,7.8367789886006864,8.21720896874073,7.945124422241819,7.8367789886006864,8.068205592567445,8.724486351156518,7.8367789886006864,8.139340166505797,8.561454227012572,9.00774027482313,13.33183446081836,16.176455050856674,16.84366406227283,17.294111885565847,9.557319278814319,9.498619704892254,9.411773127379412,9.618653241638889,9.215947195729616,8.776641203542427,7.713166209446995,6.109318668591658,9.154696535174942,7.8367789886006864,7.8367789886006864,7.8367789886006864,7.8367789886006864,7.8375666536830435,7.8367789886006864,7.984485854503811,8.019451356320333,7.8367789886006864,7.8367789886006864,8.97106429245638,12.71478719535123,13.623633020590372,14.389634195774313,14.594591945654848,15.29869157476863,15.332024190827749,15.29984164748646,11.391658313329035,7.454588776249642,7.440837474947903,7.358269095332058,5.347212076386422,9.292096399287361,7.899393964236216,7.914137709434308,7.8367789886006864,8.05597555316762,7.8367789886006864,7.976960772052346,7.8367789886006864,7.8367789886006864,7.851442998027488,7.8367789886006864,9.035535657668403,12.136363109771796,13.793671214589779,13.900279974287216,14.690584605394138,15.205477779667087,15.73175701783639,16.63902507631608,8.74343586372626,8.934721873805058,8.98820567882841,8.036244339215042,5.5298042501536,9.0730135663632,7.943245852486726,8.092185733867638,7.8367789886006864,8.214934801704885,8.03524916165377,7.8367789886006864,7.8367789886006864,7.8367789886006864,7.8367789886006864,7.987399869527072,8.955541105683183,12.544546907317407,15.254373069667118,16.3479506151695,17.060448756368764,9.653461693851561,9.138538014093873,9.226256444045259,9.183831576215164,8.95571613779001,8.95332413473009,7.590478791039928,5.491712366047519,9.469912777016972,8.236672953352727,7.920463808111743,8.276749490338975,8.200800868089182,8.106726972960146,7.8367789886006864,7.8367789886006864,7.956018616490939,7.8367789886006864,7.8367789886006864,9.337617005570882,13.323668715195208,16.082338855726285,16.658786719641533,16.777476976040273,8.986503101991412,9.754197050723937,9.59163119316939,9.618653241638889,9.058222086589616,8.80542627383992,7.630157232699882,5.300501959269245,9.166881085500886,7.8367789886006864,8.125453368094945,8.18296291631188,7.8367789886006864,7.8367789886006864,8.189333429094928,7.8367789886006864,8.460055193529946,7.8367789886006864,8.586914492121196,10.21705255896777,12.985895912530511,15.299943697807384,16.71227542071596,17.32566320754007,9.482524993323151,9.539197893736977,9.397880586558152,8.930995492464241,9.153952199084678,8.748326826017287,7.613026762232103,4.607694106115086,8.777430329977198,7.8367789886006864,7.8367789886006864,7.953189586667346,7.8367789886006864,7.8367789886006864
7.981265192329545,7.976931262013458,8.06689458519898,7.976931262013458,7.976931262013458,9.03332803159963,13.21231079202001,15.873694011296095,16.43391806104833,17.055939433916713,9.539145484977649,9.63389842999127,9.431090365028497,9.329990650441466,8.931360332293373,8.473762533612009,8.2589322677313,5.4402930053695755,9.99627346718625,7.976931262013458,7.976931262013458,8.387398763831506,8.235525565000545,8.25628505345074,8.202307156878257,8.886934396056466,7.976931262013458,8.460594139546338,8.878435129884005,9.219767871485022,13.215377181491935,16.32081812701548,17.028502862202604,17.19170561593665,9.647095536991163,9.677479027585814,9.677479027585814,9.677479027585814,9.614512928640059,9.090182381243016,8.041054370805039,6.272529248053696,9.904867690685718,7.976931262013458,8.381734689382625,7.976931262013458,7.976931262013458,7.976931262013458,7.976931262013458,8.05260318092544,7.9970182382857145,7.976931262013458,7.976931262013458,8.866674796578451,12.842593975317687,13.56229854192242,14.374152265281996,14.65263765014479,15.642825340298534,15.612621750093673,15.27783904655695,7.097072269284291,7.5523517212415125,7.948608743816715,7.9188411762927675,5.497699458708555,9.493392804073958,7.976931262013458,8.110245866443723,8.133864998492253,8.472175838072062,8.02460731651393,8.212365737039553,7.976931262013458,7.976931262013458,7.976931262013458,7.976931262013458,9.218167044287512,12.278410037731597,14.162773856486645,14.163062844659226,14.83067859100748,15.230713785631915,15.79517690540469,16.81440300390978,8.59479416706363,9.14745856803844,8.936123420945572,7.9042093203737975,5.450081591197922,9.105681714841257,7.976931262013458,8.183999723699035,7.976931262013458,8.321038520800322,8.146966877191778,7.976931262013458,7.976931262013458,7.976931262013458,8.079566956308549,8.321986961524402,9.019826631077686,12.350142555028418,15.26136787436529,16.66456926988808,17.438204451629623,9.683558444562792,9.490756779098499,9.435721674484874,9.104973268910276,8.942536055764448,8.854960429330363,7.302192368695861,5.363832805739442,9.150409268009065,8.039246004104143,7.976931262013458,8.294979257487565,8.010945333960082,8.206232038784522,7.976931262013458,7.976931262013458,7.976931262013458,7.976931262013458,7.976931262013458,9.602855726779142,13.61849549344659,16.419752449187612,17.091568618435524,17.219112192870377,9.48580949679588,9.700615689714105,9.82291578938759,9.825116080669247,9.75357232914436,9.119206322945876,8.183507081560602,5.659970066959792,9.873539728833348,7.976931262013458,8.013888616849885,7.976931262013458,7.976931262013458,7.976931262013458,7.976931262013458,7.976931262013458,8.114056357198342,7.976931262013458,8.492896102578673,9.712882061056318,12.43350929776806,15.070398606332866,16.591588508268977,17.122977191260183,9.44637847386295,9.487281866544635,9.111289285766748,8.96764377509087,8.583638028753196,8.678416343373552,7.806732925291204,4.974383986223197,8.912596949557463,8.172210549258493,8.014729840654647,8.449284557129227,7.976931262013458,8.065186937647757
7.520817331710463,7.520817331710463,7.807837432861885,7.520817331710463,7.522391585725773,8.854796528237875,12.897126090514654,15.647314193077772,16.231993557331123,16.911453863890863,9.80679363021176,9.827262590944104,9.865321338614518,9.789808034423407,9.490527507910787,8.867861757731342,8.401200374584077,5.553983180838018,9.479465316213815,7.530144495815045,7.520817331710463,7.803348283794882,7.520817331710463,7.520817331710463,7.621242113189621,8.151600392927895,7.520817331710463,7.861561211256016,8.368843659815232,8.793959127085566,12.43983928298082,15.725122482346825,16.668308401763568,17.101519927486414,9.738091658531369,9.667382552559843,9.578288184404542,9.87015133797107,9.495079826427352,8.982526946281366,7.77866142780068,6.063142315295194,8.90930992475154,7.520817331710463,7.781781432146071,7.551976802551818,7.541091369832506,7.811617304465521,7.542336714349154,7.929300334387788,7.8059669295711815,7.532451164299623,7.520817331710463,8.696238341839516,12.942914013769279,13.647194398630312,14.182920748698676,14.408568788065605,15.362347172575497,15.472348201770238,15.222033043886757,7.441749574557844,7.623198573970385,7.747327204206328,7.7552405198390915,5.433662204720605,8.88552967883304,7.520817331710463,7.520817331710463,7.520817331710463,7.708213897755127,7.520817331710463,7.731246203418516,7.556303422655241,7.520817331710463,7.520817331710463,7.560458569692288,9.21261079329861,12.364353923365769,13.97764930588638,13.848513595927706,14.750353897222752,15.13816401730087,15.663422623331337,16.54740957621307,8.890123877786312,8.997037472556793,9.001614232433228,7.997234665432796,5.33427079521323,8.706753003349847,7.5780430250994,7.520817331710463,7.520817331710463,7.695434898277568,7.520817331710463,7.715939561882743,7.520817331710463,7.520817331710463,7.626555673211809,7.868525514378178,8.614256824289633,12.301491275832834,14.886741077591761,16.41055410358001,17.10641699382551,9.917551593264621,9.655765484488494,9.627511205332242,9.359921030791167,9.145865782553708,9.023721559995694,7.5935825527278045,5.4837541852133596,9.134786913897653,7.93595732071167,7.520817331710463,8.016091554707403,7.6480159126260405,7.99139211608249,7.65551264265276,7.520817331710463,7.520817331710463,7.520817331710463,7.520817331710463,8.983978273208685,12.876058821701239,15.793744359928597,16.63752465677807,16.93225109985353,9.571469914647698,9.88211977211175,9.948399665991387,9.917474711032366,9.46697024950025,9.459878691892635,8.27575148947402,5.982955131082254,9.123869115108505,7.520817331710463,7.531790321037325,7.520817331710463,7.520817331710463,7.520817331710463,7.6355605646545435,7.735324420140751,8.332114117966524,7.520817331710463,8.082306301215212,9.772954549953488,12.2686502217426,14.941265946089281,16.513469564900173,17.173002741349663,9.36170124736278,9.445135515175888,9.268421664174285,8.733175372507253,9.333789028182311,8.672636676335177,7.343659272598871,4.754396335564583,8.407215901506001,7.569993966849976,7.520817331710463,7.907755286862138,7.53425354349389,7.649112911889918
7.758032898548187,7.758032898548187,8.015266912945002,7.758032898548187,7.758032898548187,9.267771263962473,13.493140584590808,16.043461909355276,16.60523802099955,17.11475755764372,9.684369824964698,9.959073961378095,9.850052309766571,9.902677083071813,9.512254968213108,9.07783721460854,8.68605732952701,5.3319246323088425,9.337826495624356,7.758032898548187,7.758032898548187,7.881430836925156,7.818969358317107,7.79467351810218,7.812854733039261,8.573368183096362,7.758032898548187,7.925880698406061,8.199734168265616,8.990259308536848,13.203537172199281,16.252777466607753,16.92111405314703,17.487053572452297,9.852058735582697,9.727909878636924,9.547939113963137,9.80774250924812,9.634872519434218,9.320721177384153,8.337730402260796,6.038986771945536,8.788273204524899,7.758032898548187,7.758032898548187,7.758032898548187,7.758032898548187,7.82266639978547,7.795488674897815,8.091911378871748,8.160206875808893,8.036095324453905,7.840260005359877,9.016967296021585,13.112240944753864,13.841283026110975,14.483224295658275,14.680494185130758,15.56242591367655,15.58725758183457,15.262072563736654,7.494558048792162,7.554691099535669,7.9739244381555965,7.915193149253965,5.52661140157104,9.22602338122059,7.758032898548187,7.867993498343794,7.802439304758002,7.894236731148515,7.758032898548187,7.937294338349349,7.823260158828453,7.758032898548187,7.758032898548187,7.758032898548187,9.11013687909237,12.199313641975642,14.066211954832443,14.052079248559519,15.128670438425884,15.47601860798339,15.802038204382372,16.784882185784213,9.200394401261056,9.227870159532548,9.065314297098096,8.047723565551925,5.246746013359028,8.705370922720679,7.758032898548187,7.812434998835112,7.758032898548187,7.96264148678836,7.847693181369767,7.758032898548187,7.758032898548187,7.758032898548187,7.8079080468953155,8.176985093048497,9.124721401636593,13.17613953140965,15.493609953735515,17.153632428293804,17.622421224500513,10.100793775458945,9.694990269485988,9.866606746405495,9.607463277421584,9.366794723553479,9.23464920761647,7.683525568320867,5.6417911852585085,9.449998739031663,8.32387109631344,7.758032898548187,8.111738133415798,7.842048274971704,7.927049711881702,7.758032898548187,7.758032898548187,7.758032898548187,7.758032898548187,7.758032898548187,9.229706817447429,13.101930227746038,15.978537882031276,16.6102846116638,16.74442884779341,9.248598272771748,9.71018343391025,9.73892895037491,9.975849864270472,9.508367190520776,9.254196421638195,7.981516255541984,5.666614769549085,9.235634071968786,7.758032898548187,7.991976684383921,8.20788516200482,7.758032898548187,7.837040814426884,8.280277642646379,7.95149987758303,8.654928503411412,7.758032898548187,7.970347073260444,9.644977835543182,12.822165711106905,15.46965020651561,16.843937491688582,17.522574125910808,9.752458809685848,9.94453155246534,9.8248703321086,9.21263069521677,9.268185626567957,9.383668853578126,8.156564905008356,5.3674630109241255,9.122733350768858,8.250023697631322,7.758032898548187,8.009092745054657,7.758032898548187,7.758032898548187
8.233966523958468,8.32421981743603,8.616855932261423,8.236485442259095,8.452398897762684,9.735030134558471,14.053246965105672,16.635797780459754,17.474631907530107,18.112787996605427,10.06830444640791,10.05551695586604,10.10385618524415,9.711104273543553,9.543861914095183,8.814501411832103,8.186693426974788,5.639683940281341,9.887503442380561,8.233966523958468,8.233966523958468,8.365337065597501,8.233966523958468,8.233966523958468,8.233966523958468,8.59928590139516,8.233966523958468,8.61537315938427,9.124520907997427,9.70374508051281,14.490152818844924,17.161686598757342,17.33913832754665,17.911173635688698,9.968783809456724,10.055323233980683,9.86193656887386,10.073490149768228,9.573101088410013,9.236367625486617,8.220558301790808,6.154662821413921,8.719965801432295,8.339507589207567,8.781558295622748,8.309712240027485,8.343295173497582,8.351938363437077,8.267559593826736,8.586384368544719,8.375662327752517,8.31528055124699,8.233966523958468,9.13282389799286,13.55004334985536,14.23155489723078,14.915701422330281,15.306574388622977,16.333672203226577,16.135877872416305,8.362424976766091,7.323117804024173,7.661793114793085,8.20001944932665,7.9591926670192406,5.548323774455514,9.596265403422652,8.233966523958468,8.415163656542184,8.253170355363443,8.318361082059967,8.233966523958468,8.277132809976067,8.310951431052612,8.233966523958468,8.233966523958468,8.277504138471922,10.065495623671575,12.877668125854756,14.5618096240004,14.478567765887858,15.524485910380474,15.883831819624598,16.019074876425307,11.820687808531003,9.147764488485189,9.104388544949979,9.224355266600293,8.220061440776806,5.841225434886013,9.334758811991577,8.527120613401422,8.578818075152027,8.233966523958468,8.72195586333069,8.507559027866066,8.233966523958468,8.39144924940216,8.233966523958468,8.264469543207552,8.569434106023616,9.276417179470236,13.2155276363032,15.688428520336586,17.224717992374902,17.67041009473121,10.242881186131127,9.674269592883304,9.822771245334451,9.529205907737232,9.490647460165587,9.17978227108923,7.620589957725543,5.417144693963083,10.045706384909886,8.573433695183343,8.233966523958468,8.404847979589492,8.233966523958468,8.24798452734893,8.233966523958468,8.233966523958468,8.233966523958468,8.233966523958468,8.233966523958468,9.63172564454507,13.712748291581645,16.71403037073196,17.412518899613517,17.742187079265523,9.788130241626304,9.968801148770087,9.945492384473337,10.033255277080807,9.900517996639168,9.698909887500925,8.156053066537247,5.875532163239157,10.226739578770044,8.233966523958468,8.312279308554988,8.26359161901853,8.233966523958468,8.233966523958468,8.426839367202316,8.342227142795814,9.34064356567999,8.662124918320476,8.748511358071655,10.539176217858497,13.293901033758075,15.45265810372078,16.776944574507468,17.616861511802085,9.43191501425172,10.084973649260375,9.599504865284041,9.322597291726145,8.812250394033807,9.304847748489735,8.148288377047663,5.280790799882305,9.333439080976946,8.57027181160055,8.233966523958468,8.38424724975157,8.233966523958468,8.233966523958468
8.017120017040853,8.079497539206235,8.156176560364147,7.868962570666521,8.148572501646862,9.36276134872467,13.69365262067472,16.32024185681002,17.162085861475994,17.70039138905178,9.846499161729167,9.799455252101566,9.846499161729167,9.670969032639778,8.92342449177097,8.486940885331473,7.912874700881108,5.055290360886725,9.41741687336952,7.868962570666521,7.868962570666521,7.868962570666521,7.868962570666521,7.868962570666521,7.868962570666521,8.156558465301556,7.868962570666521,7.868962570666521,8.60159727932487,9.135021950656922,12.934490677317635,16.1995312119934,17.021572722120588,17.345370299681537,9.563561359213114,9.779036515623734,9.829060496507788,9.913871669326877,9.524020341917803,9.261663511393218,8.17386531490779,6.371103487252184,9.470953300147352,8.195386439319885,9.035391548694854,8.25247945760118,7.868962570666521,7.932292571778957,7.913874604144327,8.235219034423146,8.012398319950304,7.868962570666521,7.868962570666521,8.834685143888683,12.68984438820332,13.863311656159174,14.58345785511186,14.89463831914343,15.573089588499528,15.379672372124636,15.133219613783258,7.335012604464598,7.630077091447372,7.992480903379647,7.964413527360585,5.556979879254783,9.524025408307915,7.991320589748891,8.203630362583889,7.9482399136026505,8.046986833706196,7.868962570666521,8.055769161683385,8.064120248686969,7.868962570666521,7.868962570666521,7.916394996994002,9.726992907495477,12.461866856643407,13.89277741119945,14.077077181361723,14.9720101356289,15.328109354943953,15.601258300982359,16.51282978760407,8.888440730813347,9.04294056407641,8.626642374395283,7.745838380547969,5.4635814567742,8.922913822821894,7.975703074916597,7.985975076078784,7.868962570666521,7.868962570666521,7.911518294881193,7.868962570666521,7.868962570666521,7.868962570666521,7.868962570666521,7.985007246104855,8.863544267429665,12.427300085590455,15.347408878681044,17.07218613981804,17.587686607369132,9.846499161729167,9.58580945390432,9.553223753961165,9.26400497884341,9.74206031960024,9.50505593641614,8.096809097293733,5.704460660801123,9.510060192174718,8.327582403318885,7.868962570666521,7.904565022498568,7.868962570666521,8.033426081367107,7.965016962839469,7.868962570666521,7.868962570666521,7.922517993406951,7.868962570666521,9.116620672908141,13.161471951076074,16.000917608829543,16.925373247154223,17.427208402982455,9.661334305263873,9.608289959841114,9.525152466394413,9.846499161729167,9.371930151889806,9.209499846576543,8.200010381231241,5.588755644563007,9.419547163063132,7.868962570666521,7.868962570666521,7.952581548979446,7.868962570666521,7.868962570666521,8.189215289835179,7.868962570666521,8.708256287412558,7.868962570666521,8.205146757926782,9.70110854519102,12.585933378991012,15.309920827388417,16.92686572644091,17.68815986690713,9.670640732337802,9.8738675047658,9.873441760779532,9.320264933393874,9.682265002470533,8.743476354398899,8.287560236054471,5.4848238171620745,9.613494200781341,8.022429729988785,8.397903274908442,7.911081762663561,8.10746967784672,8.253818720067661
8.384791182620534,8.257935921406206,8.213398294393027,8.179364638755683,8.305231879809435,9.539187372838414,13.846583689673384,16.793023525512915,17.69042584856502,18.3333594369435,10.020623769946184,10.170578506380156,10.368340262866342,10.203055502318017,9.552612274276148,9.182961540250357,8.71970039357347,5.642486346819268,10.015190406232252,8.179364638755683,8.179364638755683,8.411814025087283,8.267530511115856,8.20221680095338,8.179364638755683,8.782692807628912,8.179364638755683,8.218231232556246,8.993497734384826,9.612257057408938,13.763788553871628,17.04305636140797,17.85840884287547,16.63487504431717,10.12113133539904,10.134558739530522,10.08550971397229,10.198990264803372,9.624299121962123,9.106094107475853,8.19501255356427,6.2121028155100495,9.234383894895478,8.179364638755683,8.654210976740321,8.179364638755683,8.179364638755683,8.396842182814005,8.179364638755683,8.599862554025307,8.289815486405054,8.179364638755683,8.179364638755683,9.77181643373939,13.537780210196559,14.383274553955138,15.06353607553898,15.53200941847837,16.445553501194375,16.135094690434276,7.764786402733813,7.610601077955682,7.837974781183536,8.124072198407152,8.151589941645515,5.4561457711308075,9.763673820858807,8.179364638755683,8.260340051871532,8.179364638755683,8.323756046755104,8.179364638755683,8.38279107297401,8.380680343215676,8.208862233406053,8.179364638755683,8.179364638755683,9.940752930480176,12.991230611031767,14.527475003107934,14.69925498573837,15.687818463365804,16.0593002138533,16.301218096645,11.721758411959412,9.392030127256142,9.326460678121943,9.158291991328094,8.267046619486326,5.2804034494242105,8.543286898723807,8.179364638755683,8.282604890235001,8.179364638755683,8.179364638755683,8.179423900208333,8.179364638755683,8.179364638755683,8.179364638755683,8.179364638755683,8.179364638755683,8.99849412359424,13.23308162403237,15.874667857373803,17.783562701513702,18.231683919578778,10.274985567586405,9.76174997756435,10.197378836773437,9.897330274610892,9.735575317606962,9.82703341645978,8.086162914537155,5.885577411718426,9.88647213744025,8.66892027909514,8.179364638755683,8.63235048214635,8.368863216317152,8.485890707921024,8.512160733319126,8.179364638755683,8.179364638755683,8.262730390442444,8.179364638755683,9.519452577717374,13.592809792919986,16.67415760857844,17.518632491976366,17.862869057941715,9.838062998097321,10.024426067234486,9.859085827897943,10.198990264803372,9.236628195049764,9.135212916820995,7.820721767173024,5.575569321551426,9.216940507412719,8.179364638755683,8.465153188884207,8.343137305849911,8.179364638755683,8.202977378337271,8.878756315769921,8.460665750974028,9.135158195313478,8.179364638755683,8.526943174507958,9.76045510425502,13.140161793951162,15.982276548930503,17.759484105553646,18.378354903559057,10.010889189887456,10.319741530919257,10.198818319555633,10.110651763017978,9.930180062510201,9.334393189769141,8.013421052087725,5.151242957832826,9.366788616675123,8.185746201492917,8.179364638755683,8.534559491737237,8.179364638755683,8.179364638755683
8.040519380381527,8.040519380381527,8.040519380381527,8.040519380381527,8.040519380381527,9.152600951197126,13.56903494797249,16.326632177073197,17.166596130103933,17.83464727362236,9.93563829694195,10.020151123589601,10.14631560311718,9.976746762102556,9.68034789115853,9.013895732796058,8.415660704189143,5.549041991939872,9.782610485524975,8.040519380381527,8.040519380381527,8.152572733681202,8.045346181454832,8.040519380381527,8.040519380381527,8.430111426349258,8.040519380381527,8.089361470073964,8.646148741718521,9.424509833227013,13.79072329804456,16.852562607292466,17.269628810866568,17.65511553487572,9.445071863571199,9.955948395759732,9.819531642878083,9.955948395759732,9.394508260232154,8.926215008900906,8.043750509613977,5.951854524172121,7.542508468024321,8.040519380381527,8.554133325481883,8.275232945412931,8.379825358485427,8.363245330595792,8.20135013123778,8.53855718008692,8.327818184951765,8.332513700952452,8.145600790710867,9.803773353647063,13.351962224630277,14.061577745548139,14.770019480187823,15.19712695656932,15.931387835383529,15.647602155934672,15.587388344074032,7.430023974230057,7.641628760917441,7.767114707878704,7.85325259442668,5.2917418987031715,9.372067608093154,8.040519380381527,8.040519380381527,8.040519380381527,8.146441343411478,8.040519380381527,8.040519380381527,8.04200921885161,8.040519380381527,8.040519380381527,8.040519380381527,9.433831880064163,12.745629808038952,14.46144661527918,14.532388287775255,15.466100853660596,15.860220069575025,16.048473906762844,16.299982983904403,8.993939747416192,9.252436800856698,8.963534337348499,8.163502571387408,5.503869022853081,9.284340509944284,8.210482747039295,8.419719478957047,8.040519380381527,8.270329917587597,8.196067870453195,8.216845831029943,8.040519380381527,8.040519380381527,8.040519380381527,8.393292968626955,9.202638190315373,13.261229969537034,15.580374704022578,17.445804755172816,17.726511174258953,9.906593590524146,9.714351898869447,9.827184786357165,9.310459109822846,9.197077529093548,9.280284501955556,7.415686775401249,5.273432463826064,9.554357863277666,8.167812882383148,8.040519380381527,8.204278848169537,8.040519380381527,8.167205775849165,8.146571117115577,8.040519380381527,8.040519380381527,8.040519380381527,8.040519380381527,9.730858112033372,13.80829982775807,16.746603175304365,17.503063331611152,17.80588891638625,9.76864462413833,10.140643933051368,9.691793075300813,9.955948395759732,9.507554323026113,9.355157228209753,8.064734212260252,5.840313674371138,9.834033213780215,8.040519380381527,8.25869597761774,8.07375962214201,8.040519380381527,8.040519380381527,8.377521105645103,8.040519380381527,8.656391925942073,8.040519380381527,8.121557476727581,9.637090064648628,12.612661126527044,15.328067622608192,16.809591229253215,17.496461525572364,9.292344347473183,9.72904150345799,9.52473800819152,9.280535274199309,9.64590185699396,9.070965315410664,7.873210132414032,5.058317855114174,9.294494755230302,8.406276977931745,8.05470592905512,8.474191351471054,8.13183799082629,8.216792794048844
7.928437715510612,7.928437715510612,7.928437715510612,7.928437715510612,7.958230216469679,9.106452260305119,13.38257225842268,16.172431072919217,17.143915565024,17.846504320327142,9.91806660481653,10.095326651250605,9.91806660481653,10.000138858431557,9.595739797332895,9.073275961517165,8.435965803555112,5.574881412489742,9.861737492570132,8.047669551284846,7.928437715510612,8.261724053878725,8.081154593876597,8.096139029224933,7.928437715510612,8.169438436268727,7.928437715510612,7.928437715510612,8.229705030463897,8.806002911505793,13.42955728953179,16.56024157900232,17.29059725275178,17.846504320327142,9.91806660481653,9.91806660481653,9.917484854965224,9.91806660481653,9.576527596298472,8.995107714173658,8.292148133321275,6.071077717340825,9.25728575853137,7.928437715510612,8.411701770003297,8.144830248650349,8.026739855944859,7.928437715510612,7.928437715510612,7.928437715510612,7.946042590976267,8.048683487919217,7.961637651350459,9.616088347582922,13.321038118736135,13.839806563412779,14.471900923911411,14.95183706416179,15.744267791593504,15.450095705377151,15.510281402632867,7.34210646608485,7.441122103115483,7.750525499822987,7.594517036018403,5.385162981451578,9.433164830979907,7.928437715510612,7.98283603943671,8.101989971033351,7.9991801770205315,7.928437715510612,8.066505800465796,7.985063328556773,7.954220617581143,8.046877254529692,7.928437715510612,9.584584688844949,12.815740501622537,14.15375659349841,14.278008972033689,15.353459498764792,15.459376370752683,15.725976622258875,16.46549239289735,8.960404683378226,9.06229928220875,8.819587329776374,8.101397934916454,5.761997341967063,9.184118716541512,8.211535012563145,8.086337124491857,7.928437715510612,7.961468052274722,8.046284678444197,7.949396460961879,7.928437715510612,7.928437715510612,7.928437715510612,8.213147205988397,9.185902107029545,13.267381815013303,15.48756360597599,17.343516376417075,17.681279036733407,9.961356715009657,9.69125279455526,9.703985314349257,9.176712152211797,9.131527950676743,9.144157509515576,7.478701733490487,5.186608656846893,9.1936618582166,7.928437715510612,7.928437715510612,7.960705212055298,7.928437715510612,7.9728173626809005,8.10166194955426,7.928437715510612,7.928437715510612,7.928437715510612,7.928437715510612,9.51830114692724,13.485783378106358,16.558164823956506,17.289920962466436,17.726625364458798,9.676308198039974,9.713033598115747,9.741517478056684,9.91806660481653,9.298856047183962,9.503805397397043,8.218349895872214,5.657346362342595,9.512821510801873,7.96723874372804,8.192910667548443,7.928437715510612,7.928437715510612,7.928437715510612,8.21013294057871,7.928437715510612,8.787310416500306,7.928437715510612,8.085909122597986,9.682656682197278,12.691866467302834,15.216767280653915,16.677365716050996,17.31269196377863,9.221825078982729,9.753527661276364,9.791374967359245,9.518737714018638,9.305346291624558,8.82669755093899,7.649240532625009,4.9750058263672114,9.273941475877884,8.185280787447105,8.01457588620184,8.268250528545101,8.140649267960645,8.191769316848893
7.786398182646336,7.973634201267035,8.09175486352055,7.751990513608986,8.056147149093595,9.156961462992433,13.504796740102346,16.071928488901484,16.896264338729836,17.694957537406427,9.953095347894925,9.942967023797442,9.698196101172398,9.843558191028603,9.317013243948933,8.808027835349792,8.23383980635639,5.193540644932329,9.206585575705986,7.751990513608986,7.751990513608986,7.7942647569135595,7.751990513608986,7.751990513608986,7.760112898405233,8.24601943759007,7.751990513608986,8.08028910687581,8.557612644890293,9.014303176991667,13.588421012207974,16.557763919704335,17.007174672166656,17.48620295932688,9.53395159049611,9.981177064437157,10.014661597696545,9.942967023797442,9.59577780684886,9.011756367165304,8.025762486046704,5.843502214377214,9.064145976454665,7.751990513608986,8.088508157956673,7.751990513608986,7.802610652976379,7.8987834385675475,7.774403664480592,8.01007191784195,7.858778949998885,7.789898078128206,7.751990513608986,9.261894803096345,13.066250985411248,13.970355345849585,14.60207676647208,15.069293005927173,15.678442872242424,15.535394476342413,14.922643629580786,7.552641861106811,7.497189132321704,7.86321003484299,7.77319798844563,5.542054362805484,9.266882520395345,7.751990513608986,7.751990513608986,7.751990513608986,7.807541142797756,7.751990513608986,7.843653931385235,7.768122059840816,7.751990513608986,7.751990513608986,7.751990513608986,9.29890353507259,12.470302627733577,13.987400466718949,14.144211311658578,14.982335094348295,15.25132275940107,15.648594205207708,15.844645489000355,9.123841048147607,9.230849479373461,8.958705376305657,8.281766498346915,5.598374084402528,9.114653281385998,8.01843724161481,8.092835110871636,7.751990513608986,7.890966517008256,7.954646420514852,7.751990513608986,7.751990513608986,7.751990513608986,7.751990513608986,8.013009872829945,8.825786901911595,12.983052826511178,15.173976989798486,17.078061181925868,17.30624450717903,9.741553564323256,9.442610843805433,9.547203864650259,9.348237979054167,9.362123164330441,9.225046279778425,7.702420428189942,5.5024478277876385,9.489062924008588,8.17249409290471,7.751990513608986,7.91859814711129,7.808667625876316,7.891576823054821,7.919392108912502,7.751990513608986,7.751990513608986,7.757693250274451,7.751990513608986,9.5371095585234,13.479477674222128,16.319142895179546,17.021849204966152,17.468208417935536,10.075592442156182,10.111160980137546,9.551099796763747,9.942967023797442,9.658327108449813,9.0420078410808,8.04062165801931,5.571282593572381,9.195526486036545,7.751990513608986,7.90967388312008,7.751990513608986,7.751990513608986,7.751990513608986,8.162704712429752,7.751990513608986,8.368481387408284,7.751990513608986,8.071256018076019,10.078950725123885,12.89682920458694,15.19245868703819,16.301045825854175,17.303558038248852,9.320190005931103,9.635037115873937,9.550969198570241,9.454501425531072,9.340357017319937,8.850424266270416,7.881832557335376,5.102382643940664,8.963394205544246,8.079460808588024,7.8718076927707665,7.9668628386880895,7.951637051561252,7.751990513608986
7.849878725760538,7.908198179315894,8.184588511460747,8.004682219513175,8.309691617879775,9.443556820259083,13.784057650472713,16.495421971211385,17.346101789040056,17.933160990870057,9.965011821203817,10.083282265109519,9.884629677554534,10.057082767363793,9.606699603571299,9.1699605282989,8.313839974995417,5.380506454811304,9.553594172158986,7.849878725760538,7.849878725760538,7.928230947198552,7.961303510301768,7.8869148777052,7.920840265256937,8.27492102180891,7.849878725760538,8.061710758950376,8.527091750017034,9.207917898891896,13.7122976028479,16.672366061038517,17.167887163105597,17.534786017145592,9.119513915540418,10.597129918234325,10.151000023342325,10.083282265109519,9.723534233493837,9.147945550540515,8.307418368078045,6.305686646183285,8.852739500037822,7.849878725760538,7.892459020751413,7.849878725760538,7.954993651760231,7.873269733482818,7.874019672453631,8.027547277349553,7.9227012941388395,7.909140131737116,7.849878725760538,9.609343301193821,13.381368022673266,14.058946010530128,14.754294074586312,15.323155280771193,16.025223843764056,15.753691526101779,12.790859439843333,7.6942166253332855,7.8438772763667215,7.968399788154818,8.157339829459207,5.618293838311732,9.318160946620905,8.035963245568649,7.982933416521507,7.923868465838252,7.905349586953513,7.901517750873316,8.027074263337859,7.9531142920593725,7.854401892901145,8.001425099683042,7.849878725760538,9.405080431269923,12.741366410645337,14.065950186402787,14.243024695499212,15.297968134514853,15.550160536662602,15.974768414839602,16.120098359647415,9.422357075011336,9.403845351907357,8.88147050158506,8.445299783214642,5.346315753946001,8.98740460771067,8.060881927966218,8.080666854161429,7.849878725760538,7.849878725760538,7.849878725760538,7.849878725760538,7.849878725760538,7.849878725760538,7.849878725760538,8.015975290528234,8.787810988031726,13.126198214718656,15.31469545757027,17.051782159878563,17.434068083653564,9.86097285005941,9.607965561539965,9.700549189554076,9.454000876613478,9.77534046527532,9.440529142458605,7.764516606587496,5.49548686130672,9.386528139960056,8.094630393064504,7.849878725760538,8.21608119649596,7.987239468634313,8.275974705830512,8.340002716355382,7.849878725760538,8.043462466242586,8.284144353669882,7.8625292821927175,9.739602401202136,13.774278609317399,16.646916273212213,17.389429834948047,17.841813411422194,10.26808367343356,10.125656888582538,9.876626622301373,10.083282265109519,9.724990421185852,9.534544692075851,8.139136641976041,5.48853568051981,9.328484503250788,7.849878725760538,7.849878725760538,7.849878725760538,7.849878725760538,7.849878725760538,7.9501620629562115,7.849878725760538,8.412094972510626,7.849878725760538,7.849878725760538,9.303082495755863,12.474393057809047,14.992146968226615,16.522207805284893,17.52210529750107,9.451443445789067,9.685078579365463,9.739312165483971,9.395646269014891,9.251851009205822,9.076355095925285,7.61898473602988,5.365218012105482,9.123950577610522,8.022704541679703,7.968327575864258,8.543755065458718,8.199093185154567,7.878754911768669
8.527282554771284,8.178664379971531,8.100292422224193,8.100292422224193,8.184265689784121,9.457802034210875,13.708640884302488,16.49878264270391,17.486844728378003,18.06293266528806,10.012261471685921,10.232123974061109,10.417208617071667,10.233379302455567,9.823365753276684,9.233334671870297,8.554666320971895,5.339342066791271,9.624159426186615,8.114316604276919,8.100292422224193,8.451338661605158,8.22590878363942,8.274137051040743,8.127160064084856,8.571119356475785,8.100292422224193,8.470587532205789,8.8980403365722,9.50199759906939,14.11873476650668,17.06363594117776,17.78214111000084,18.18189322118485,9.846009573291099,10.232123974061109,10.232123974061109,10.234682703330925,9.859649450342376,9.411661391023964,8.517468582177331,6.219058620278463,7.9060180583543795,8.100292422224193,8.350182889814118,8.100292422224193,8.105719820339994,8.100292422224193,8.100292422224193,8.186886896407554,8.306523449452119,8.100292422224193,8.100292422224193,9.655402009750553,13.461300143246262,14.30545566488306,15.003851190735775,15.582515879580743,16.203183149670036,15.967825372404842,10.738136348724499,7.697480772814646,7.860136018725461,8.04047850637253,7.934343706207542,5.726260824850486,9.776124515076916,8.100292422224193,8.100292422224193,8.100292422224193,8.100292422224193,8.100292422224193,8.254779392717891,8.118803535583519,8.21986629082265,8.316925065154814,8.100292422224193,9.71172538540236,12.857758057998701,14.621893610014457,14.780469058676239,15.643251599862392,15.914388721272779,16.40016287509899,9.495349371108071,9.447105314420948,9.573963591084112,9.408705497818163,8.682647969396308,5.588050862030717,9.54967254139268,8.309339313293652,8.310857995994697,8.100292422224193,8.100292422224193,8.100292422224193,8.100292422224193,8.100292422224193,8.100292422224193,8.100292422224193,8.273837522687126,9.160254501467154,13.405427622947801,15.791176067271802,17.914774613028694,18.22479232913789,10.21123374467843,10.06642132337724,10.138515607793263,9.794815932131574,9.736154806730832,9.529266550656725,7.786172236541651,5.573298536942367,9.690925813289658,8.6873957449502,8.100292422224193,8.129374031455557,8.100292422224193,8.178240130725442,8.100292422224193,8.100292422224193,8.100292422224193,8.100292422224193,8.100292422224193,9.574794957934882,13.654437611352156,16.43089056568753,17.47477760085513,18.13661923227689,10.142124890148482,9.964148944521053,9.723024167832964,10.232123974061109,9.37063555244613,9.527961402931114,8.406169856068924,6.14822959727284,8.147474896536256,8.492152125196206,8.216716040052876,8.40323714486022,8.383582626418002,8.23165922868789,8.653202856656055,8.100292422224193,8.70195454585297,8.100292422224193,8.169441104161614,10.015804221948438,13.251126838028455,15.83927807954596,16.972804978060587,17.83540577437654,9.431405744500234,9.841229790712042,9.532940120844808,9.768531232749144,9.36238023841695,9.004558452103138,9.424588824005776,6.004443720102135,9.895357688279008,8.100292422224193,8.100292422224193,8.100292422224193,8.100292422224193,8.100292422224193
7.942938284338292,8.11334983598938,8.313390197153579,8.025991351809393,8.367724232573451,9.569998946491834,13.770823082970116,16.402035742219045,17.35732262244046,17.81542749502541,9.648006422266157,10.16138741886024,10.132936354832626,10.217784148377657,9.831578156115748,9.27869466164286,8.503238751264837,5.450598971222939,9.595253691782931,7.942938284338292,7.942938284338292,8.036580419197954,7.942938284338292,7.942938284338292,7.942938284338292,8.097930090978055,7.942938284338292,8.203386176344589,8.701489685427873,9.55515525062177,13.908233916563733,16.884529519303477,17.280760703218572,17.94879773825815,9.691045653087677,10.119399500213577,10.120365047968823,10.119399500213577,10.143480615692805,9.45286162208409,8.580424944411712,6.28836839765362,9.356592413142115,8.10129331962681,8.421881767358249,8.14176509996769,8.051302756744768,7.942938284338292,7.993748819334522,8.091318677638911,8.126319183327594,7.982571997668607,7.942938284338292,9.764613477582134,13.35585523702035,14.178433544053192,14.86351717780587,15.360921149504549,15.86484109338841,15.696710554216384,11.19138332759437,7.570861819345731,7.721669196759369,7.9090475915010305,7.751889044174846,5.297587321136704,9.31715111830103,7.942938284338292,7.942938284338292,7.942938284338292,7.942938284338292,7.942938284338292,7.942938284338292,7.942938284338292,7.942938284338292,7.994711345304226,7.942938284338292,9.473429801928043,12.682505841986236,14.20270181591016,14.389425464272268,15.550430205582215,15.667426377083846,16.001914155583,12.112448152513084,9.39700638710472,9.348925445748012,9.020415619397347,8.335664328574783,5.46008491906672,9.156177939995333,8.319586794417717,8.329662258906366,7.9555773432710835,8.04314868751855,8.216678819164729,7.942938284338292,7.942938284338292,7.942938284338292,7.942938284338292,8.219661159669185,9.216916701685372,13.396645958758716,15.570113833860587,17.51593102397595,17.839906874006772,9.952290719523612,9.681273736072665,9.608052204530367,9.438196618570448,9.557625260198765,9.094269335794879,7.600547703177829,5.301845050254098,9.299147148778806,7.950550995732396,7.942938284338292,8.181468940445889,7.972976368364393,7.959946525640846,7.9520435136774275,7.942938284338292,7.942938284338292,7.942938284338292,7.942938284338292,9.560662432333963,13.647863436785997,16.430498411056092,17.4533655071013,17.98014171776155,10.26948821514373,10.119399500213577,9.88735054908115,10.119399500213577,9.745564369543692,9.525308465543052,8.07955580005693,5.623703797408868,8.61431269417231,8.182244796825733,8.031095582797901,7.9860719370292585,7.942938284338292,7.942938284338292,8.296777649767309,7.942938284338292,8.613896891188661,7.942938284338292,7.942938284338292,9.96565335558493,13.000504042999076,15.63927313097484,16.876329515428854,17.675479756959806,9.29197899891038,9.887347533265086,9.73417242594825,9.644953463079435,9.325466620471184,8.917749399499488,7.965982831391159,5.431767009400687,9.393714394640142,8.041928318699906,7.942938284338292,8.10502075518727,8.120128938126038,8.014031652566864
7.823836196537907,7.819150735328982,7.801750657616989,7.801750657616989,7.975406456002772,9.23325462464601,13.24674611746121,15.8105247328163,16.82970775315009,17.251270937574773,9.479055897053028,10.021713821738373,9.546477662045852,9.716402493426147,9.430831436711513,8.944888652043627,8.417025969891238,5.529121773262652,9.752132906848633,7.901474913637258,7.801750657616989,8.192629885174187,8.035301494841423,7.960561038687079,7.801750657616989,8.089896032443228,7.801750657616989,8.052790830328673,8.194926176333666,9.173421270865887,13.44302220873762,15.961834722409508,16.74590831289227,17.339483453748755,9.218938648701862,9.88328062718729,9.691795977854444,9.67199580272812,9.38066880121926,8.837422680357868,8.07590617400667,5.645051448640647,8.823187920942443,7.801750657616989,7.801750657616989,7.801750657616989,7.801750657616989,7.801750657616989,7.801750657616989,7.801750657616989,7.846839516890377,7.801750657616989,7.801750657616989,9.434642504837981,12.834281767417302,13.619586176591246,14.301807358519037,14.948648412158008,15.592898116842942,15.31523522054178,15.431741001224388,10.775160060432322,7.681219952496127,7.667498894663362,7.653051012947025,5.197605514883311,9.342071103359997,7.91060465360153,8.159894431707759,8.21741859523322,8.048689944943824,7.9808077539401046,8.114736933394362,7.841990168713746,7.801750657616989,8.059504953495278,7.919072170953687,9.381363476774363,12.405636619427352,13.665166822876225,13.770402685716235,14.790988897007562,15.015238297582474,15.331825042310488,16.016165423071435,8.479744109025313,8.621279611073314,8.305753618753627,7.944487992411928,5.232013671128414,8.877923609955921,7.801750657616989,7.801750657616989,7.801750657616989,7.801750657616989,7.801750657616989,7.801750657616989,7.801750657616989,7.801750657616989,7.801750657616989,7.989544873190877,8.829720556001686,12.825000760340316,15.25940332462372,16.810395717863926,17.241392104276358,9.655508228530989,9.24033702255636,9.59603503703236,9.152245570515934,9.388298220967256,9.097907375407642,7.508456365910973,5.251306105554859,9.328296455068442,8.18029038733019,7.801750657616989,7.907539560155211,7.801750657616989,7.9973142720550054,8.29481089637739,7.801750657616989,7.801750657616989,8.056159674046402,7.825375602661193,9.215788817396621,13.11672612049817,16.08492120349486,16.9654223763574,17.298842800608863,9.563970852849259,9.468166462509375,9.240995957340445,9.6944230364965,8.919425405780917,8.978579070925488,7.554853230525858,5.383098037705338,9.160958727183763,7.965104943135669,7.801750657616989,7.801750657616989,7.801750657616989,7.801750657616989,8.090675004477596,7.801750657616989,8.26042850229166,7.801750657616989,7.801750657616989,8.977120390266892,11.903088735850094,14.4588523290677,16.615067385804522,17.29336147783801,9.150027750717692,9.612727137859832,9.409232442292833,9.437662525360423,9.11380398970677,8.444310734765498,7.416249886321288,4.971146837825586,9.121321032740816,8.000150055259658,7.9622436860195815,8.537615285062806,8.36951052941765,8.19083741537767
7.99675327382396,7.9839086396609815,7.817986852733971,7.817986852733971,7.867089801706163,9.29383003081857,13.435170855309615,16.149061820661906,17.09910148920795,17.471271284402693,9.679129859383842,9.966033253945309,9.93617022479848,10.25552856527638,9.602327722245235,9.140319615152414,8.79254687214276,5.421748422049976,9.288703611046861,7.817986852733971,7.817986852733971,7.872678724337498,7.817986852733971,7.817986852733971,7.817986852733971,8.03210265014986,7.817986852733971,8.221241069888869,8.264770836516096,9.029659113872802,13.474034136135291,16.195654712406668,17.04989120736312,17.848256168648586,9.845466982869796,9.887278987044525,10.021754905695811,9.801161999960263,9.474600626063989,9.017287932033947,8.199969311921988,5.912632635239576,9.196531632779399,7.817986852733971,8.034293361721593,7.817986852733971,7.952424451792691,7.817986852733971,7.817986852733971,7.817986852733971,8.133624227741336,7.890996886616958,7.817986852733971,9.54565966647422,13.166413078794355,13.985145615668912,14.597992740688642,15.24923682303518,15.77318594935243,15.615369522471479,15.015938277825931,7.481773940184425,7.637027769040913,8.166496314139511,7.87469993427156,5.635387956700113,9.55043484899518,7.841291444321316,8.135898003186306,8.036770070093034,7.817986852733971,7.817986852733971,7.89007987715001,7.817986852733971,7.817986852733971,7.883213132849325,7.817986852733971,9.05180223113011,12.36979981988285,13.90497623630425,14.046647108812797,15.134285689161231,15.393612969687808,15.890169177550298,15.420937051918084,9.278825466375041,9.305800487232737,9.231840811845707,8.509555387599802,5.392455534262642,9.216616275553315,7.895991265470067,7.969372088188002,7.817986852733971,7.856313917584444,7.953782759104393,7.961484065532261,7.840584102941951,7.817986852733971,7.817986852733971,8.137602139068754,9.010677953916884,13.217626160281764,15.60274231911298,17.392653327447732,17.741032852141803,9.976333283781763,9.787837265081047,9.984933704064881,9.878665898451796,9.668273251931467,9.271441578630052,7.677222463240927,5.623138933541041,9.29530089285459,8.052191365781258,7.817986852733971,7.817986852733971,7.817986852733971,7.817986852733971,7.981551538783121,7.817986852733971,7.817986852733971,7.817986852733971,7.817986852733971,9.211077338840298,13.236713139800887,16.155964604146458,17.340182368214652,17.73413006865725,10.086317474784218,9.98487115934688,9.567695536256297,10.018656067240839,9.780436382819191,9.37432603830363,8.067772572449119,5.782466986094268,9.127745159613239,8.162389512339244,7.904105490520141,8.011485714795564,7.988912387954583,7.890487601944784,8.316410633897503,7.817986852733971,8.273581137197546,7.9110865830970605,8.073291551280656,9.738003014029339,13.061287620181847,15.631699214840872,16.66804998237195,17.570631071447124,9.208008264565276,9.721165588987528,9.625672003725466,9.467073686511721,9.201373318167255,8.57308670038046,8.046352785784062,5.256685447566717,9.366399084464955,8.015821813387419,7.958103500407943,7.9991682541168645,8.029702915048265,8.169917834421117
7.763626363650239,7.906381711253267,7.8853916407542055,7.829366682431437,7.931532525409356,9.2157981816282,13.345029378925044,15.882953632136546,16.967886259412484,17.579864467367898,9.717441469217242,9.933741810371913,9.99128282362597,9.899768072352579,9.75590513330492,9.158278415100673,8.318612986465704,5.656052356116352,9.526144968610843,7.763626363650239,7.763626363650239,8.15540718388593,7.937180924629355,7.987851824712715,7.946940340624192,8.028965163937348,7.763626363650239,8.322048448977894,8.283668399929038,9.301951744671769,13.846311871942422,16.429424811373337,17.025719658794106,17.779351965860435,9.39517291641385,10.015725602210198,10.015725602210198,10.131020546409538,9.745871274770815,9.214259373854263,8.670330902289026,5.824197710551166,8.99392804539422,7.763626363650239,7.777301116334638,7.763626363650239,7.8293656750213305,7.763626363650239,7.763626363650239,7.763626363650239,7.821162138640552,7.763626363650239,7.763626363650239,9.557915101460479,12.999607407714441,13.902175821877742,14.43841649030481,15.124045779524,15.61763434575631,15.414711205686487,15.676468289930899,7.504347745476571,7.539550364906018,8.003480551226,7.816134825622174,5.355884039635858,9.202678418633651,7.763626363650239,7.763626363650239,7.795756048629104,7.763626363650239,7.763626363650239,7.921963715137776,7.763626363650239,7.763626363650239,7.991877137005547,7.763626363650239,9.14584660876659,12.618544311665062,13.934022517895453,14.120767994871812,15.229569227107453,15.406729532725874,15.830496668557714,16.573977266671523,9.075492885222813,9.236522708417187,9.156870668609677,8.47390521826027,5.598010893950536,9.181802344050412,8.062005528996554,8.043602422355333,7.817912345572132,7.84531762228376,7.997285101013513,7.763626363650239,7.779983243136038,7.763626363650239,7.776702863977447,8.166548803858078,8.95884651821374,13.12901319088423,15.247301435929373,16.809932115535936,17.434577125052925,9.90290223712769,9.552458949103709,9.715799763858852,9.515726823252855,9.43496964525254,9.034212561298737,7.545090963820452,5.200228880244819,9.253524272272134,8.040355912697631,7.763626363650239,7.763626363650239,7.763626363650239,7.763626363650239,8.005133945086037,7.763626363650239,7.77121197519314,7.951230228660123,7.763626363650239,9.378587595523038,13.368304582020656,16.279033854836953,17.242679678170052,17.60801881878865,10.078347004058262,10.014366867157218,9.88770491685512,10.040273915081478,9.751320001592639,9.479086148626982,8.138170790076991,5.717982155385109,9.323805081681074,8.058779689901773,7.792021812561889,7.763626363650239,7.763626363650239,7.763626363650239,7.842871406676787,7.763626363650239,8.153826669363626,7.763626363650239,7.763626363650239,9.209512091810922,12.789608816041838,15.03048827456003,16.334069788287874,17.413196748432778,9.215902620563943,9.791273040788084,9.680353493262452,9.42884786564213,9.43146940189303,9.025607727710872,7.661027009686663,5.200009315696186,9.014869564322881,7.8885383048769295,7.840860298957016,8.209088635793211,7.984200037700402,7.805869158849961
7.481866209762575,7.481866209762575,7.481866209762575,7.481866209762575,7.481866209762575,9.013138233973509,13.193841660716012,15.689149816868687,16.925807157527814,17.53168857297335,10.117587080021194,10.20087232179579,10.049822363210776,10.058599677513278,9.966555532324145,9.549390542571366,8.543228603958674,5.404911893897741,9.182547622250512,7.73235235121679,7.581146350644513,7.9206910223865234,7.547726363066114,7.685772953497972,7.545513681858848,7.600994496143515,7.481866209762575,7.866377447114907,7.865033142688907,8.728618394235372,13.29913371428994,16.136631610054437,16.735682445002727,17.471576110107467,9.490070577995217,10.23394597602232,10.049822363210776,10.04371848488041,9.638186891003388,9.070669461170947,8.251156625363196,5.605605767429974,8.821437809618377,7.481866209762575,7.66537370383469,7.481866209762575,7.534187289038875,7.481866209762575,7.481866209762575,7.591716382692428,7.6953905499595825,7.481866209762575,7.481866209762575,9.152252383396855,12.775767963551647,13.63584724878856,14.066080972620828,14.831166488937733,15.077070381919068,14.964783617438682,15.064513806598251,7.420673128847682,7.551426209063252,7.650559848235688,7.739504752658528,5.844305412018052,7.699083428723152,7.58252273986994,7.481866209762575,7.481866209762575,7.481866209762575,7.481866209762575,7.661210616872197,7.481866209762575,7.481866209762575,7.7006994049520765,7.481866209762575,9.029192164747556,12.537765691840082,13.913306111465058,14.035985206125813,15.064913350331626,15.30795454540922,15.845067116443166,16.521223901771716,9.2585645530645,9.421711182868526,9.042854747954324,8.504315864518974,5.384363338247502,8.89650186389498,7.648390830136698,7.597266088952044,7.481866209762575,7.481866209762575,7.5802381580123805,7.550214778868234,7.481866209762575,7.481866209762575,7.481866209762575,7.809808389064324,8.745694021831362,12.977662144252644,15.249568446920524,17.082269561746028,17.401185729134788,10.185173081844896,9.545828792888246,9.744919578278612,9.524519993446997,9.586044936257853,9.140293101545845,7.55521127206894,5.344570727964341,9.030825831384504,7.481866209762575,7.481866209762575,7.491636461731385,7.481866209762575,7.481866209762575,7.725560893958054,7.481866209762575,7.494296851309673,7.675690295917923,7.481866209762575,9.051612438547538,12.961393466209609,15.915410175144576,16.897268233855947,17.132789380914385,9.884480144444533,9.826007188622492,9.661986399355232,10.049822363210776,9.54828572913069,9.398157544583075,7.818263388436655,5.609559872653365,8.559283521974045,7.8687803627295185,7.65493539916926,7.671994179437663,7.481866209762575,7.481866209762575,7.636622812702886,7.60959649825962,7.90593006784709,7.481866209762575,7.481866209762575,8.914502596968074,12.591293170806445,15.003086503410394,16.23407655282297,17.125240580122814,9.141195273691276,9.82583107789144,9.959528491602612,9.465431559778382,9.240992504693146,8.807601237345134,7.891876939756036,5.316292376292499,8.903190178070371,7.481866209762575,7.481866209762575,7.630428761680417,7.481866209762575,7.481866209762575
7.603508201883897,7.603508201883897,7.603508201883897,7.603508201883897,7.603508201883897,8.875704966685063,13.09312969978837,15.5048900734675,16.496575869142,16.95415485148445,9.231940426992276,9.758017592032331,9.636190727591927,9.478456717223805,9.304941437986091,8.839058412545976,7.941089315656783,5.058421216649856,8.94161878369021,7.603508201883897,7.603508201883897,8.070751896396489,7.8467536839758925,7.663750448245966,7.7157764892514,7.627158758728147,7.603508201883897,8.111873760511696,8.151781766317091,8.976607884851504,13.889759855959387,16.35252066652707,17.010506529654354,17.515070450211333,9.656522254275268,9.911562248327437,9.995881465879705,9.911562248327437,9.957091348121082,9.328658726273677,8.473199634872868,6.036548016319048,8.97467501626437,7.603508201883897,7.701398886807946,7.776984209897422,7.644232575864665,7.646793696897166,7.603508201883897,7.644445005684313,7.768731154940994,7.603508201883897,7.603508201883897,9.077024742765767,12.672685070859684,13.509868986995194,14.088871757622037,14.800990938242315,15.071086246140139,14.950088406736722,15.089385506317868,7.688811314502899,7.490684657119669,7.532159220223588,7.496002536706706,5.209532855223897,8.789158623059187,7.603508201883897,7.603508201883897,7.603508201883897,7.603508201883897,7.603508201883897,7.603508201883897,7.603508201883897,7.897631590406616,8.13013351260147,7.695271588524142,9.115557460952438,12.640812160904927,14.081953780650892,14.228982945355721,15.148008714927911,15.348431546641713,15.902650709077566,16.491549554191486,9.244843700042278,9.256929034159267,9.021096094411387,8.284699827175432,5.428609194600039,9.270273201094634,7.783984359999167,7.603508201883897,7.603508201883897,7.7299455942222774,7.7270633315122215,7.633715578236391,7.603508201883897,7.603508201883897,7.603508201883897,7.686763106394401,8.694552998725094,13.170130150895545,15.207638013613266,16.85849299503445,17.1456262581712,9.775136315960617,9.637219816830104,9.841144558793731,9.689487531001843,9.745199601377507,9.163765064798854,7.702599031677822,5.457457008762595,9.074411005821737,7.68991802106565,7.603508201883897,7.864498889374369,7.6693996802037985,7.619103004209087,7.810226462795987,7.603508201883897,7.603508201883897,7.603508201883897,7.603508201883897,8.851538570828883,12.863530255890634,15.753707432896519,16.811682335488285,17.06340276398957,9.886594066254602,9.780671271510275,9.562381053053596,9.90406944713828,9.344483683267251,9.208907470745226,7.82618328467472,5.83740078375453,9.274461058417792,7.845355522281945,7.603508201883897,7.964911722632943,7.684559912023214,7.603508201883897,7.934818338191231,7.82403234259095,8.001891440651988,7.603508201883897,7.603508201883897,9.173631544063364,12.60806844838352,15.157697427338396,16.139002712905295,17.186689857087536,9.053855985136112,9.784525919741073,9.632035132161116,9.7488810868785,9.379542564452262,8.982073850902218,8.452443108347785,5.318103921690907,9.170096197890045,7.603508201883897,7.687408814399189,7.763041971813847,7.603508201883897,7.603508201883897
8.292004884384275,8.44106437123303,8.292004884384275,8.292004884384275,8.292004884384275,9.617321896950326,13.621660865440905,16.015987202668686,17.056751595659122,17.54775905163732,9.271805012985949,8.948842737725087,9.340829774904691,8.991615685371114,9.225438297265894,9.04876595498991,8.24591477783612,5.332205070653217,10.016667495224851,8.292004884384275,8.292004884384275,8.660890584337418,8.5411472018529,8.628524947728604,8.680993756837008,8.592514497994303,8.292004884384275,8.845771513858418,8.757263416377164,10.021294558892425,14.172428059402051,16.761381410988754,17.43233270840998,18.005070241026793,9.381373974147687,9.71306535664252,9.774467901863918,9.544982337040343,9.384820426650183,8.810324279885704,8.231287515488921,5.673670149959558,9.462969615328175,8.292004884384275,8.36316701117032,8.292004884384275,8.292004884384275,8.292004884384275,8.292004884384275,8.292004884384275,8.367142536901422,8.292004884384275,8.292004884384275,10.06541499825684,13.419777369364152,14.398572195847867,14.889296548302848,15.664134680925262,15.908686914762193,15.671275952824853,15.778219032400413,8.49318102487445,7.530234140629473,7.859153540160766,7.799993179319962,5.313552658974169,9.962707037389304,8.34955925351999,8.473943114885685,8.386268226099364,8.292004884384275,8.298071546112048,8.38252133794333,8.292004884384275,8.368506284276481,8.645244772601018,8.292004884384275,9.752694880744556,12.88513868154121,14.183669990309737,14.444907384758444,15.290605345037974,15.384353137290024,15.943465227332304,16.542046232695437,8.61458952886984,8.810482693341804,8.643407614913293,8.02879623438779,5.345869628068015,9.69429363441239,8.320546217194428,8.292004884384275,8.292004884384275,8.292004884384275,8.349375583596183,8.292004884384275,8.292004884384275,8.292004884384275,8.292004884384275,8.406635125596523,9.437003334126102,13.56629415309023,16.087348974609302,17.58929711213606,17.926851458597426,9.713052619878694,9.568424739603243,9.716791609402012,9.46296721177055,9.314690647137805,9.158533291083232,7.453896346639647,5.35946058735277,9.618617283725788,8.657233323920012,8.292004884384275,8.292004884384275,8.292004884384275,8.292004884384275,8.440401869548152,8.292004884384275,8.297912653174123,8.292004884384275,8.292004884384275,9.955303069735805,13.785147071189595,16.478023731437524,17.467504123827258,17.584923191649523,9.39151128026539,9.392531379259072,9.252252136144769,9.662168669450883,9.069718679038433,8.984780496936015,7.599619977345663,5.669734584873558,9.712252037198883,8.467605272258785,8.292004884384275,8.419069861673288,8.364717847856065,8.292004884384275,8.601903483053253,8.456204023251315,8.810523533122234,8.591666942348073,8.505635114187271,10.521549629087904,13.804196638322482,16.192374013341464,16.904895213170995,17.70132621308478,9.022523560716795,9.671908241170936,9.570059571113951,9.154302760973291,9.016769220909593,8.834537229714414,8.019992814808935,5.2967087753329904,9.765491131046844,8.54482363978402,8.292004884384275,8.292004884384275,8.292004884384275,8.292004884384275
8.054601315071189,7.926057905215511,7.926057905215511,7.926057905215511,7.926057905215511,9.254226963346257,13.49626947294092,16.156094439096442,17.250869171066526,17.932183436514364,9.694047931124949,9.892857009378217,10.075184978042294,9.926411075996507,9.751536514725455,9.523088291487994,8.768931694180765,6.06343246245785,9.568138592025052,8.062247089002707,8.019860825754789,8.334298791132449,8.108236742862026,8.159222645407176,8.030745838344744,8.329974314279525,7.926057905215511,8.390833018112595,8.397767719839589,9.635033204558239,13.840555843828342,16.64850149212176,17.42320916067887,18.069916728123488,9.92072763763967,10.272551060277662,10.143858822907978,10.040336807101502,9.991983889908006,9.249311219213757,8.54285479490453,5.917082521537067,7.69491699127419,7.926057905215511,7.926057905215511,7.926057905215511,7.926057905215511,7.926057905215511,7.926057905215511,7.926057905215511,7.997740536012846,7.926057905215511,7.926057905215511,9.552645870520148,13.288539196377437,14.307054278020807,14.866160712511316,15.564871136299889,16.069720686978965,15.809959136879744,11.416392519226312,7.650918574499615,7.831796194354076,8.319149405734928,8.175182179062586,5.551071417179299,9.761766473307201,8.22569053256802,8.2666376464384,8.321567927001952,7.990332264807875,8.056299317857931,8.145731508029998,7.926057905215511,7.926057905215511,8.225742435510728,7.926057905215511,9.323645023595653,12.698281171169894,14.040222288757239,14.18358581206624,15.156402421594034,15.442825948418939,16.01859815895922,13.179141619706359,9.029687845992434,9.145823467224478,8.835302906167923,8.394444794423384,5.435644072205265,9.32305536686613,7.946454401301837,8.039500222855215,7.9548024993263144,7.953150202115985,7.939455968731832,7.926057905215511,7.926057905215511,8.124050173207957,7.926057905215511,8.188389624040811,9.230111650701316,13.42586074101624,15.80361182455314,17.45395112059944,17.758461887684426,10.01377260622239,9.80870935592987,9.947529281839866,9.582751917453603,9.42636221686565,9.870955840277315,7.651197685112367,5.463439108875706,9.45793121914819,8.136730834892594,7.926057905215511,8.00512214720611,7.926057905215511,7.926057905215511,8.12757804286486,7.926057905215511,8.092388943585341,8.00366510482284,7.926057905215511,9.691973850285247,13.78113730967092,16.419821094381213,17.390528785505957,17.509379760106142,9.842905041764826,9.943103455374757,10.005747531315516,10.143858822907978,9.776306615931947,9.544721080632408,8.019300081199342,6.059744210569049,9.57219045460994,8.304265560509634,7.926057905215511,7.926057905215511,7.926057905215511,7.926057905215511,8.156181835836584,8.086560150536751,8.181667484419915,7.926057905215511,7.969781665918229,9.602163885291016,13.320443238055649,15.986792670520597,16.716841210636108,17.59502494379596,9.344584358088685,9.888216556375257,9.81854368926212,9.599704668264764,9.613644348404868,8.973618308117834,8.134463471699704,5.2694682472815595,8.926717128583398,7.984409623227641,7.926057905215511,8.173064463023396,7.926057905215511,7.95975942874612
7.912578769139804,7.912578769139804,7.912578769139804,7.912578769139804,7.912578769139804,9.530534178037124,13.72809252370903,16.394552235648995,17.621384460730976,18.213465052057465,10.300886282917663,10.361648560676029,10.300886282917663,10.428587993920118,10.157886653678007,9.728983065857628,8.810908890565853,5.841914309302454,9.968318204155764,8.068871961105435,7.959517706311813,8.367315875961605,8.033909580268496,8.20765924033727,7.912578769139804,8.05381235840787,7.912578769139804,8.431451797657045,8.48731716951494,9.578423135171125,14.293988681497346,16.76484152045539,17.61274943661953,17.06829534181894,10.135138517770494,10.300886282917663,10.458266658555495,10.300886282917663,10.173354516474191,9.433362931666089,8.956698947278763,6.094314162654412,6.945990895110163,7.912578769139804,7.912578769139804,7.931055346935544,8.205150553702575,8.005827025495925,7.912578769139804,7.912578769139804,7.912578769139804,7.912578769139804,7.912578769139804,9.594258924554119,13.344252071584389,14.180184294823766,14.735983540530688,15.392599639845958,15.911669334045843,15.704204038446713,8.251410190244595,7.684782195444447,7.7273531590246005,7.98519220776368,7.603721489712652,5.307493256466441,6.925855277260642,7.912578769139804,7.912578769139804,7.912578769139804,7.912578769139804,7.912578769139804,7.912578769139804,7.912578769139804,7.912578769139804,8.206997772102232,7.912578769139804,9.248621731034318,12.931749159946472,14.429294057175392,14.500226629741615,15.60184732132361,15.838380303676738,16.48969345196452,10.049190576137525,9.533061093211453,9.483878171820137,9.507800870684832,8.608459256340888,5.599980752995665,9.501340318255899,8.178439017761123,8.207440125986462,8.14407724432553,8.155545367107004,8.066007530234456,8.122813290232617,8.06596094445129,8.305305747206926,8.015694059377932,8.321920831552482,9.355371633330446,13.550270214749595,15.80320842112382,17.23194082103231,17.530625224441287,9.912728318737297,9.88761257132673,9.952178418583202,9.406967201379585,9.422880756134209,9.25615928437002,7.622356325030108,5.2790329552302016,9.360559923468228,7.912578769139804,7.912578769139804,7.993256941724086,7.912578769139804,7.912578769139804,7.912578769139804,7.912578769139804,7.912578769139804,8.012316379042494,7.912578769139804,9.655858376989647,13.91930022520641,16.581155082138135,17.64311569248585,17.959991729100032,10.326605696721526,10.169013673153092,10.17781078816083,10.300886282917663,9.942994495754773,9.97244825504734,8.343664497404438,6.270098287195088,9.26876388399139,8.575359080864269,8.14967989466647,8.107039014037774,7.912578769139804,7.912578769139804,8.07968567642955,8.119163040854483,8.204069775045244,7.912578769139804,7.915587830831833,9.034687688614783,12.836655834123029,15.57326406531648,16.535789892538983,17.554714755941045,9.205940101576783,9.785243214824575,9.699956388226676,9.335903003797325,9.23600803643673,8.995504213179611,7.612604158137135,4.931675515294231,8.943404189582406,8.001534437217934,7.920015130305711,8.13730885575236,8.001099278419657,8.094363997132433
8.016424757173553,8.12072938353417,8.141610204785765,8.006245101671851,8.000445322427845,9.52343075876205,13.577668029647548,15.964134852240537,16.906944398258112,17.495378905355608,9.381111383957979,9.730850058269532,9.807938530748212,9.767908477581699,9.482087082142451,8.908470931201716,7.845871171368429,5.346191697919213,9.483350206890561,8.000445322427845,8.000445322427845,8.137903166013269,8.000445322427845,8.28327703270531,8.050550024592392,8.1001262777629,8.000445322427845,8.499034702871933,8.622124925315847,9.639893172155858,14.289604409028772,16.649679702591065,17.263619346146378,17.79547727055658,9.640435688753103,9.865949583191355,9.881195784830448,9.881195784830448,9.738394702029478,8.989696883962491,8.470334444486792,5.794840034893898,7.815764779592976,8.378513472855841,8.535287017983123,8.269641016729341,8.414869224974085,8.287765793897831,8.126563157111278,8.266224153731432,8.179766589058982,8.002316869669682,8.000445322427845,9.569192910336215,13.272525766775992,14.074880078243634,14.619679334218034,15.30115914700173,15.69637656423384,15.491031503696727,15.472916702125712,7.227367548169256,7.681400272076876,7.563789250555963,7.472697638073106,5.089139618676633,9.145669974529387,8.000445322427845,8.000445322427845,8.000445322427845,8.000445322427845,8.000445322427845,8.000445322427845,8.000445322427845,8.151877505666041,8.232225716279782,8.000445322427845,9.382177918137813,12.920430317525934,14.23970197958798,14.361385716408243,15.427240097741723,15.62806720650034,16.175678771136237,16.73020655370133,9.132453078072633,9.398483935045741,9.07411056358382,8.22719725622567,5.377783789354306,9.422496706418428,8.000445322427845,8.01381466602033,8.000445322427845,8.077623888171566,8.009517539368277,8.223466644755364,8.000445322427845,8.150898866424228,8.000445322427845,8.144984772722783,9.208128110592776,13.464006587335813,15.813507600330889,17.210697881271276,17.419769324405518,9.717184952094339,9.66721428050365,9.881195784830448,9.446565996706212,9.350881200687727,9.29066627064701,7.591392448670366,5.156770488540386,9.330787468208381,8.32115051124269,8.000445322427845,8.075388949423102,8.000445322427845,8.000445322427845,8.056308705110997,8.000445322427845,8.015540683651,8.000445322427845,8.000445322427845,9.439865730849625,13.549300522489247,16.15676709969737,17.222375293592002,17.43418601370731,9.693931365884792,9.809311710187224,9.554724148518886,9.881195784830448,9.395770536778885,9.364785238760279,7.732174980111976,5.662784032557914,9.538357344655193,8.308900219868317,8.000445322427845,8.118839247079324,8.004820873472612,8.000445322427845,8.245251490724465,8.204826173369684,8.38798885485668,8.068447737284725,8.000445322427845,9.72012583516635,13.419900753046107,15.837301204020044,16.55770690246981,17.44988193534686,9.104261677430829,9.677725989377771,9.571050262884674,9.442633670920422,9.092615012704734,9.138421536973096,9.255160968210076,6.008516596651016,10.301638087441713,8.38755718020127,8.000445322427845,8.000445322427845,8.000445322427845,8.000445322427845
7.866647509453607,7.839837870209604,7.839837870209604,7.839837870209604,7.839837870209604,9.101241119966359,13.19900121000844,15.667187389571549,16.692966464170613,17.376008182708798,9.425090285757197,9.975321348908734,9.995539041523896,9.86195972023888,9.380753954711574,9.176478607692607,8.482363513462204,5.621419500981893,9.59300423226404,7.913169455563766,7.839837870209604,8.119918181282975,7.839837870209604,8.170534001344535,7.987717556267453,8.033986337726136,7.839837870209604,8.240901674810317,8.450346524269479,9.29446131090823,14.012076548026478,16.413619369295738,17.103624544695293,17.80294718881009,10.126774060175075,10.080420779344152,9.963109318600486,10.066204033138103,9.866795593204973,9.275859596026852,8.897837571050964,6.092822205864088,9.418177728168482,7.839837870209604,7.839837870209604,7.839837870209604,7.839837870209604,7.839837870209604,7.839837870209604,7.839837870209604,7.937589582002552,7.839837870209604,7.839837870209604,9.430661889166963,12.955976209238024,13.961285357347965,14.609396960536852,15.194351684643308,15.610467818384162,15.496816078571527,13.99317572802517,7.509185415922059,7.6521857804099405,7.7924211855554235,7.620429445173147,5.383088271577013,9.379486182172764,7.839837870209604,7.839837870209604,7.839837870209604,7.839837870209604,7.8431006173408155,7.883101170448482,7.839837870209604,7.905619518532286,8.164589438488782,7.839837870209604,9.160018076135513,12.579577196283914,13.971674127118801,14.149415086732983,14.989571656479583,15.536058715132429,16.13125018402622,16.639519587061603,9.378045364776847,9.233127286840006,8.96019464956964,8.141293581087124,5.350860815540184,9.25082390524426,7.915930123113854,7.934811637199091,7.839837870209604,7.916924168309304,7.839837870209604,8.079462796593205,7.839837870209604,7.9556494151558566,7.839837870209604,7.876470899201581,9.029992028212455,13.129066154513277,15.642562905330237,17.126857050181442,17.448576952273566,10.056061468555434,9.810010894436752,10.054308300158334,9.838149532944916,9.503548623102386,9.58125175236888,7.835441285129628,5.414335938009599,9.29713510969028,7.938954243768493,7.839837870209604,7.911395540018392,7.839837870209604,7.839837870209604,7.839837870209604,7.839837870209604,7.839837870209604,7.839837870209604,7.839837870209604,8.970023294157519,12.995216470408558,15.751355784146817,16.890797881662763,17.312552004440107,9.845115959044247,9.872025568818781,9.745021759752257,9.963109318600486,9.64042144493374,9.241145641200967,7.7754926991130935,5.952620593477071,9.533677224762984,8.28992665140441,8.16249363899092,8.241391265034276,8.13884319470431,8.100087067782985,8.358920198658257,8.076068512220411,8.188249365779123,7.982514913188962,7.939843586210416,9.2900782702951,13.033353362753541,15.791265905400898,16.602826932059862,17.483709569651666,9.255267472531104,9.97211991683354,9.709054616155385,9.515881509525569,9.287101724787098,8.503080959542858,7.380360810071502,4.828093752324134,8.943466058697766,8.161587390450368,8.031462615365175,7.9688957795384034,8.09411559620823,8.256189538751553
8.087228043101916,7.980000177305604,7.9761597897855765,7.932220454182836,7.932220454182836,9.315752071475133,13.381170263656498,15.829894813009346,16.938125456505,17.693002151990868,9.73811259945096,10.039110462326294,10.039110462326294,10.07611976506164,9.530004182961484,9.132011289122303,8.170024732613609,5.486638463176719,9.462869490588218,7.932220454182836,7.932220454182836,8.170726197495163,7.932220454182836,8.022327782807816,7.932220454182836,7.932220454182836,7.932220454182836,8.201562428422838,8.272813476015669,9.013408767810036,13.742479043653077,16.356495834546493,17.271666523371806,17.97133091650913,9.959835002649859,9.989839451296906,10.167359622103548,10.039110462326294,10.042849152239151,9.563072935029805,9.068054415721017,6.047891708210654,9.426536600306424,8.194478759443323,8.316957288468341,8.04505347267422,7.997401839759228,8.002756496626073,7.932220454182836,7.932220454182836,8.032781720195871,7.932220454182836,7.932220454182836,9.390289278023282,12.958126865330023,14.029039090615324,14.70132830633698,15.263244976213876,15.65559998028168,15.531093156841003,15.387887032995081,7.581111069934484,7.656127267799772,7.777495002282819,7.8221425929068396,5.478271057846333,9.493338130668526,7.932220454182836,7.932220454182836,7.932220454182836,7.932220454182836,7.932220454182836,8.031082327775042,7.932220454182836,8.083906074986324,8.288619545865014,7.932220454182836,9.150806140978073,12.69799536239973,14.285683847194854,14.398069335329641,15.20833305942704,15.717782783443688,16.257086763326527,16.665184687342588,9.331531336932583,9.233187369433361,9.142753811411099,8.356610663233008,5.147268161854104,9.374118721410438,7.932220454182836,7.932220454182836,7.932220454182836,7.932220454182836,7.982126044670776,8.088137932360334,7.932220454182836,8.176503439851867,7.932220454182836,8.231594888621892,9.421260555298481,13.423610794233857,16.083332863960983,17.664240533645955,17.910283235678925,10.054378002785274,10.025806134479565,10.039110462326294,10.228663352914129,9.605074268871986,9.486656536020872,7.826437504002686,5.464337688517193,9.198399450775101,8.036718446511587,7.932220454182836,7.932220454182836,7.932220454182836,7.932220454182836,7.932220454182836,7.932220454182836,7.932220454182836,7.932220454182836,7.932220454182836,9.271296055502894,13.109064626313103,16.027846504665696,17.26849392526785,17.513419456297406,9.825101905803562,9.879963558870907,9.752728731892711,10.059832042960075,9.669535095606562,9.195651740542564,7.608317494901253,5.563062215399473,9.575447955503186,8.432230472166108,8.285517406724985,8.587658832742907,8.399222018307558,8.239456373701064,8.491455419990015,8.019226204646799,8.179317478870551,8.002692806808893,7.932220454182836,9.23194913718458,13.388421403570442,15.95003587338581,16.763983210068638,17.65774873492287,9.273090180554124,10.211292677855875,9.788051145548636,9.70219766525981,9.356950606476463,8.911328081133464,8.837979899284539,5.834834556412444,9.662024519624248,8.137520428618737,7.932220454182836,7.932220454182836,7.932220454182836,7.932220454182836
7.942911626300965,7.942911626300965,7.942911626300965,7.942911626300965,7.942911626300965,9.236421602198835,13.420089627239594,15.935544814237204,16.947481111972643,17.65377132251514,9.421396805837295,9.8377171981852,10.043393049479553,9.935557820235509,9.73591552084498,9.380175164940907,8.627726097127903,5.95839877467743,10.0628853885271,8.49990330365248,8.260887651884849,8.713740676841004,8.456059303243482,8.51856214109466,8.439864410370877,8.444573516629593,8.014711237550861,8.357380340431554,8.194234101942731,9.374573349351456,13.794086876657303,16.421269902206728,17.048124049949823,17.80708323166479,9.56475611112663,9.932604170171869,9.839967962720099,9.652158830957003,9.130101039764371,8.853507364815814,8.179387527919854,5.215592587303405,8.729971687259956,7.942911626300965,7.942911626300965,7.942911626300965,7.942911626300965,7.942911626300965,7.942911626300965,7.942911626300965,7.942911626300965,7.942911626300965,7.942911626300965,9.329124102194935,13.300574879955231,14.282157690194524,15.059505441614746,15.635283650696634,16.26541269427143,16.05404866691312,15.831495510830742,7.538479753959391,7.922485464250413,8.101828164015688,8.1961558236657,6.003823660717209,9.957526718993355,8.565354065931908,8.494335943725755,8.480277172724024,8.32855629739243,8.261576830912722,8.044880290079453,7.942911626300965,7.942911626300965,8.106208729114043,7.942911626300965,9.204474341934684,12.680457364677501,13.759733633926565,13.919421818559016,14.722927874460604,15.352959796350696,15.901514915651873,16.48249150368686,8.781868870446065,8.897065255993585,8.648420714639421,8.01235620197009,5.337991374859084,9.314007615345755,8.105157064865468,8.004825849002827,7.942911626300965,7.942911626300965,7.942911626300965,7.986543228543936,7.942911626300965,8.081204577427343,7.9875943561063725,8.242730079296294,9.310940139453486,13.19124724986741,15.922098198549222,17.201781214844477,17.45745286541002,9.698898188903588,9.881143579418193,9.795738903609472,9.424072982015133,9.275189216433443,9.141133234058893,7.553200203450987,5.189651172396642,9.230553142841835,8.054769065302086,7.942911626300965,7.99576190485625,7.9882058636954705,7.94635883539605,8.08412712955572,7.942911626300965,7.942911626300965,8.002395327025205,8.018405211231276,9.79326611650981,13.59767899653761,16.23160013506589,17.302598261207645,17.554851702236014,9.626826342937113,9.999324317935015,9.816152885267133,10.0222280659296,9.521981115480417,9.464141056618212,7.878555732299675,5.5098612718140165,9.368896912593629,8.101364396454771,7.942911626300965,7.942911626300965,7.942911626300965,7.942911626300965,8.28755332833797,7.992456103305526,8.069123272770009,7.942911626300965,7.942911626300965,9.34839032029487,13.423545737922016,16.18074331240065,16.765094286773618,17.535310108627627,9.447569841726368,9.895742074945712,9.649021016712952,9.53880389412256,9.56339036447409,8.996145987001402,7.95496833263934,5.395034951171556,9.429711965070425,8.310239236488563,8.077244610992695,8.057894114662552,8.083263786622602,8.06357939748846
7.8589864743243565,7.822108789041073,7.822108789041073,7.835996745447326,7.822108789041073,9.260408338550798,13.508750893240503,15.99630250272661,17.202017891691344,17.961731603670323,10.152304028101936,10.13962281462925,10.13962281462925,10.13962281462925,9.80059015209915,9.457394756083996,8.374824588733679,5.716772297182612,9.700886388570417,7.950182827731214,7.866127013976585,8.299347220172908,8.05230633569443,7.99621839733397,7.888923628194277,7.822108789041073,7.822108789041073,8.08659549130877,8.020377919440351,9.360480600544715,13.910840355323302,16.49305301239977,17.3107069392282,17.961731603670323,10.062195942493384,10.172447792910537,10.13962281462925,10.270177821480981,9.8085841714716,9.205698864794995,8.6126855062486,5.79002449048014,9.167295078986072,7.822108789041073,7.830022108401482,7.822108789041073,7.822108789041073,7.8240404833435155,7.822108789041073,7.876543231527655,7.822108789041073,7.822108789041073,7.822108789041073,9.287990513448829,13.026548140523621,13.951935003738363,14.584794160688698,15.157828681444823,15.758313624740685,15.574995931760148,7.74866911795744,7.449750954137628,7.668830346865445,7.951206272578588,7.831802111024524,5.4578407683678405,9.123115430970525,7.822108789041073,7.822108789041073,7.8719944889122,7.823845498918772,7.867709496538081,7.832196777774085,7.822108789041073,7.822108789041073,8.189086247638818,7.822108789041073,9.404054671207009,12.873738975279895,14.166325100374461,14.357630733352966,15.161124303507993,15.710781241827753,16.15060748029499,8.824238092232472,9.191437866456365,9.274602101888677,9.077932634586011,8.23447088865825,5.563971593099511,9.411231095245812,8.017240453089386,7.9795065285693525,7.985803558498806,7.822108789041073,7.822108789041073,7.89501449287959,7.822108789041073,7.962668384537025,7.926765621377463,8.10480855505603,9.228125082373037,13.3743387086685,15.952693076500282,17.19503682980767,17.509034731156273,9.982341321626958,10.173219830453577,9.920996093994834,9.596284335929088,9.301856104628207,9.317258929637553,7.843987893205101,5.085107976986152,9.203497967823047,7.892509384966177,7.822108789041073,7.86922918142307,7.822108789041073,7.822108789041073,7.844941495397054,7.822108789041073,7.864576015242679,8.040270787982806,7.822108789041073,9.405669846333328,13.347113111253922,16.175482083793245,17.464201458482496,17.68339930745905,9.934347805460002,10.13962281462925,10.056786630313528,10.198176337925426,9.991919922524849,9.487688575420014,8.000831784916738,5.833791236239886,9.514343935746938,8.257668411717423,7.8458973987958895,7.822108789041073,7.823956249467658,7.822108789041073,8.151373683772055,7.941523377541287,7.960723715195858,7.822108789041073,7.925041282169874,9.164426141165814,13.048074541889108,16.042150510306687,16.72982227451856,17.46616082153564,9.180129617306514,9.90898426775139,9.80723052187355,9.4098223273003,9.399995684902688,8.806404383110882,8.315651658598245,5.345052082778794,9.225621183196855,7.82442199103238,7.822108789041073,7.822108789041073,7.822108789041073,7.822108789041073
7.625354399506227,7.738883855011961,7.599716156942608,7.5358535638463575,7.508849750048039,9.140719511821066,13.410787547281117,15.898553471350242,16.71407454391917,17.43148366375614,9.81446696414072,10.164789936554918,10.01447752141629,9.678026546127846,9.53414062230434,9.265760770239371,8.2762556286155,5.554887121631853,8.730017104362283,7.508849750048039,7.508849750048039,7.508849750048039,7.508849750048039,7.634748412530556,7.508849750048039,7.508849750048039,7.508849750048039,7.732011429622707,7.821995729566501,9.114514327627612,13.6035628481423,16.158422671316856,16.980680397887536,17.673639686602957,10.182232179294134,9.995806549833993,10.053523362752182,9.952876911814707,9.726288916160826,9.475531750557133,8.619867785100855,5.764977950780012,8.836972543743652,7.547875172593706,7.86285655558519,7.508849750048039,7.646713637622625,7.72270924357222,7.508849750048039,7.737083705523535,7.698442327995888,7.508849750048039,7.508849750048039,9.107996846625698,12.829317792047597,13.680170097471265,14.39103644128837,14.990532607756169,15.513517858017252,15.328045092517439,10.788857218482587,7.538726516349019,7.869093476319184,7.9941132694617565,8.207019769398036,5.671878548718382,9.20706970710537,7.6089131679746025,7.690447776986296,7.640543925250714,7.653202150527637,7.661459345615812,7.508849750048039,7.539990719285739,7.536740479879886,7.711382888083928,7.508849750048039,8.900215844368281,12.399074983223354,13.767011680768885,14.071335284375227,14.859498961963059,15.426756855255853,15.870758033303826,16.459734501648384,9.218207973310118,9.477480120335398,9.195901686417328,8.386370334795078,5.187765833824868,9.198570732541741,7.635148210134602,7.55678884534456,7.508849750048039,7.508849750048039,7.508849750048039,7.562227785405265,7.508849750048039,7.508849750048039,7.508849750048039,7.642128461217882,8.7506102025825,13.10323526940773,15.908884138441145,17.171461179010095,17.364872641999334,10.006865988369263,10.053193830971791,9.802072102411454,9.903513484382453,9.635724412567802,9.717295235221938,8.043101285117556,5.757028319328541,8.84619886367369,7.508849750048039,7.508849750048039,7.508849750048039,7.508849750048039,7.508849750048039,7.508849750048039,7.508849750048039,7.508849750048039,7.508849750048039,7.508849750048039,9.179722006023367,13.093950331681606,15.85937315468643,17.17562531453973,17.307483547624535,10.03972773260381,10.25208052867112,10.164747157111602,10.164789936554918,9.908902505641226,9.805234873827837,7.987950978981339,5.925713296498887,8.964610901379032,7.7356370236175085,7.589484265382122,7.77090662826609,7.626814486257095,7.61668475930503,7.9528598646592386,7.533772064083441,7.723372499390907,7.508849750048039,7.508849750048039,9.103231234950707,13.204941841097547,15.609637108616674,16.304038970691046,17.224686137855258,9.381139374864109,10.024542845541507,9.773792575279025,9.256304977541713,9.125284054991166,9.0222145202114,8.117379072736979,5.443839266427429,9.243036344752294,8.27728982672425,7.869973354325242,7.666473988257181,7.880475671590341,8.2443835075812
8.40014021345315,8.40014021345315,8.40014021345315,8.40014021345315,8.40014021345315,9.651400514320262,13.89828683061128,16.333897497796805,17.600212044816658,18.346908464154055,9.974044107631983,10.049852537855816,10.028666897330377,9.894658219535593,9.9556314700149,9.299260768424269,8.37393666269518,5.497873302433947,10.418578789292397,8.557129637961104,8.629421215761408,9.234639432589034,8.701378635185538,8.819061800649145,8.844694801400765,8.788463817087356,8.626726660884728,9.007431746273474,9.066388281635847,10.148975157336544,14.664420610539322,17.31887929822774,18.08128153179136,18.346908464154055,9.684982546316457,9.87339302967238,9.946768250700902,9.933644400951485,9.82274169594498,9.06674464021795,8.501254938650415,5.701162166732846,9.204668410274747,8.40014021345315,8.40014021345315,8.40014021345315,8.40014021345315,8.40014021345315,8.40014021345315,8.40014021345315,8.40014021345315,8.40014021345315,8.40014021345315,9.871551522751723,13.585601150055137,14.317313875196783,14.966674680310273,15.469882659943671,15.961821891285277,15.86038062746277,14.46052954321376,7.275434620792116,7.518509808883218,7.74011651432887,7.556178507471016,5.517988289622411,9.498750593666932,8.40014021345315,8.40014021345315,8.426557548907422,8.498039965423569,8.45386988262505,8.40014021345315,8.40014021345315,8.423236678666658,8.721682387888912,8.40014021345315,9.924623194877167,13.488978762757895,14.829627800272055,14.981208976326128,15.691234978483319,16.145022794421283,16.607384155318876,17.138276960029017,9.04926023027128,9.405983885435678,9.07201254799049,8.35813745098214,7.498994686231944,10.009470371619853,8.608042787042839,8.481384478872767,8.446958143805976,8.496331266687644,8.425210947715518,8.40014021345315,8.40014021345315,8.40014021345315,8.453107021062673,8.633187185848547,9.972004318084226,13.965851890474987,16.35591563711709,17.415325602069274,17.91004481766616,9.863332838241822,9.733291611607696,9.620775386407125,9.367186135424557,9.125280950076197,8.927431204451866,7.560708245166823,5.126621790210083,9.700255965922892,8.40014021345315,8.40014021345315,8.704864120483537,8.524067115947574,8.40014021345315,8.40014021345315,8.40014021345315,8.40014021345315,8.40014021345315,8.40014021345315,9.618244207115993,13.448173645173263,16.488122297180865,17.74202088551567,18.033842751627844,9.548248994190834,9.817866904132996,9.913908068533841,10.036064495137802,9.517577574192094,9.453892871963456,8.122037892545872,6.011503999748713,10.405054305215723,9.052592854329344,8.767909519711049,8.88492171901846,8.66807801884443,8.498874490580924,8.900010055402529,8.575575436002712,8.8121234010459,8.614622664870893,8.40014021345315,9.378944567531356,13.616322673650876,16.347763625278702,17.198609554989712,17.779354135367534,9.050148284460557,9.921759519496014,9.645797752248503,9.297454118431062,9.349406809785439,8.758292680780238,8.070553327307131,4.956522702201419,9.758661573503389,8.40014021345315,8.40014021345315,8.40014021345315,8.40014021345315,8.40014021345315
8.00154398209949,7.828568034652419,7.828568034652419,7.828568034652419,7.828568034652419,8.976707325590612,13.425225752085689,15.909015900486338,17.135337503363825,17.963373570909898,10.208949424900641,10.144609588363963,10.277988645731199,10.113741379889772,9.62776835146419,9.122347593518771,8.11240687471736,5.291776789490671,9.399548870209667,7.864251369469628,7.850376801333928,8.295679736045692,8.02513284725443,8.21592861855624,8.172452236877794,7.99367699594217,7.856402050892639,8.17646298546681,8.417215606912466,9.414667632812632,14.144402617162633,16.747478221299474,17.4369986450532,17.696545722286054,9.991676896688622,10.203838051081208,10.22770008129634,10.315664753670303,10.033694986887932,9.418310364229274,8.81343247619915,5.8232284304287,8.33139820425393,7.828568034652419,7.837619580107459,7.828568034652419,7.828568034652419,7.828568034652419,7.828568034652419,7.922067231739884,7.839031399286077,7.828568034652419,7.828568034652419,9.531779768314227,13.035056041805053,13.976359930539164,14.618881491700032,15.048618116600126,15.558977862729899,15.46076803522681,9.567184611425745,7.353816680147088,7.719131683942274,7.939033874979078,7.691210550295369,5.623986799896373,9.063389878895386,7.828568034652419,7.828568034652419,7.828568034652419,7.828568034652419,7.828568034652419,7.828568034652419,7.828568034652419,7.828568034652419,8.148038966522575,7.828568034652419,9.426773798979953,12.925130813440784,14.381096041167972,14.516734684841737,15.24383085856791,15.73901651516936,16.25351580371439,16.205819304238148,9.163381960787374,9.423966408598588,9.149560511274606,8.429036519545754,5.421121297981429,9.520387863683283,8.07543409239198,8.089781509223082,8.074539224724264,8.016137365661253,7.828568034652419,7.828568034652419,7.828568034652419,7.828568034652419,7.828568034652419,8.028697957111333,9.239204940366315,13.250242710825596,15.859273668927948,17.21774741218291,17.467022723213763,9.870489162185502,9.923224489705847,9.939123108439826,9.699241746552266,9.414000306044063,9.752647912037443,7.884448560665891,5.423958558386044,9.169398535376914,7.828568034652419,7.828568034652419,7.851872536795167,7.828568034652419,7.828568034652419,7.828568034652419,7.828568034652419,7.828568034652419,7.828568034652419,7.828568034652419,9.188518523081743,13.211490281107302,16.091724152657523,17.335490365333456,17.590061944552335,9.870830193725409,10.181319829599737,10.234888825593213,10.144609588363963,9.869516254831405,9.521201136611984,8.038924474858748,6.024492063566434,9.903042937935403,8.490341098340686,8.310221723010129,8.192678347381996,7.972066446284909,7.84222558443507,8.225278868941624,7.919439221681221,8.115352015537884,7.828568034652419,7.828568034652419,9.348902209704793,13.487573452637783,15.986732997636597,16.553092662215718,17.21131376752934,9.070403300429428,9.844273400940303,9.731642629647073,9.534363446188575,9.331176848751186,8.994938452075747,8.751184682132067,5.582561342777528,9.258562864083473,7.828568034652419,7.828568034652419,7.828568034652419,7.828568034652419,7.828568034652419
8.057516097211998,8.04231947180261,8.04231947180261,8.04231947180261,8.04231947180261,9.447349558787694,13.733734305012302,16.267713361383265,17.4814492760825,18.035076127854794,10.030905234828738,9.992756656052185,9.992756656052185,10.11476193718995,10.037533691165583,9.574912089903453,8.732914078101414,5.87250744013762,10.094867028920735,8.37422576940199,8.292851342735348,8.778856920998738,8.356974161562547,8.313903493592637,8.228863430640148,8.246827430899641,8.063545114057384,8.370084609221399,8.605943455914431,9.622553050757311,13.928114952729576,16.706486637240474,17.579201562420785,18.035076127854794,9.680302539293178,9.836098074814698,9.992756656052185,9.919356470077528,9.501000869421523,9.06325191597567,8.243088982594994,5.722862932050017,9.324097666546493,8.04231947180261,8.04231947180261,8.04231947180261,8.04231947180261,8.04231947180261,8.04231947180261,8.04231947180261,8.04231947180261,8.04231947180261,8.208774872707192,9.753385331423003,13.207258549832321,14.016283798370916,14.562700734068844,15.06805658721818,15.786014728932628,15.742843979078343,15.796545792634475,7.477760155001937,7.50334370974812,7.673731375124615,7.628732331791303,5.431619013033479,9.444130856890473,8.182902486447148,8.092039210144819,8.201656178748378,8.357328850122835,8.15636734853061,8.146188106993254,8.056417709233424,8.04231947180261,8.323558035795687,8.04231947180261,9.46570744650063,12.961698516859201,14.269853062360312,14.50704530426125,15.225546646591958,15.747229490194043,16.266213603541445,11.83143751415234,9.0231608288555,9.274490581532248,9.091136849716676,8.106156262432,5.427765981469244,9.53577853915398,8.170039442248799,8.284290535270943,8.2394706771861,8.04231947180261,8.042755368706125,8.04231947180261,8.04231947180261,8.224960125471727,8.04231947180261,8.04231947180261,9.432705328796665,13.683054640498824,16.02066726970667,17.02054474441569,17.41499177787964,9.685129856580128,9.683318736553332,9.513247285547749,9.080237395363088,9.137254050481678,8.995085338232006,7.531994133622363,5.003023539899327,9.425089799104237,8.04231947180261,8.04231947180261,8.04231947180261,8.04231947180261,8.04231947180261,8.04231947180261,8.04231947180261,8.087986070650711,8.04231947180261,8.201739229774617,9.811217584094932,13.581995501286116,16.270260209886693,17.537230976208782,17.855763341091617,9.889349278162717,9.992756656052185,10.009428699530593,9.992756656052185,10.010270976074976,9.747176885175374,8.455301343399197,6.0154140184384675,10.037670594952596,8.672228560884431,8.312457489978465,8.191942186752005,8.04231947180261,8.04231947180261,8.114644780006783,8.04231947180261,8.177449745447433,8.063635275234232,8.122523031625557,9.420748959091846,13.216510233135349,15.77193558839848,16.59683218213605,17.174820866809934,8.808844362760674,9.609988567639975,9.476646318351376,9.043709536378477,9.01269730543452,8.738243736626435,7.85095593671169,5.114097406314893,9.175247743071417,8.04231947180261,8.04231947180261,8.04231947180261,8.04338826517524,8.065246636382492
8.358630258192944,8.603650813892358,8.470309851877063,8.557912610600068,8.595391222612495,10.079978074232056,14.2207761590169,16.55761543673563,17.442644799153875,18.01648050608717,9.67187147061798,9.75521167973374,9.776645199280413,9.985111522719894,9.228650225083518,9.00672084711137,8.051072103435672,5.163069773340344,9.498898116238582,8.239835306806757,8.239835306806757,8.239835306806757,8.239835306806757,8.239835306806757,8.239835306806757,8.239835306806757,8.239835306806757,8.239835306806757,8.513305802538941,9.795773864824813,14.111892993964943,16.612878382079398,17.349909178394846,17.517031891325693,9.411101741790098,9.708152399225643,9.776645199280413,9.776645199280413,9.507156029627735,9.040167999755953,8.39845724711325,5.948451713380704,10.01889434999778,8.807939028861151,8.873076829805852,8.315627569675387,8.46320154160783,8.74852381621824,8.361273227609393,8.648112976581418,8.393773493005915,8.239835306806757,8.239835306806757,9.949334621843377,13.355209511569413,14.16769205409577,14.870950532493616,15.273604787917922,15.772793503554364,15.710263871912048,15.80912693504712,7.3023733930820764,7.4019005242066225,7.443115264904861,7.403655468376684,5.129489757465926,9.462264577011766,8.239835306806757,8.239835306806757,8.239835306806757,8.239835306806757,8.239835306806757,8.239835306806757,8.367446396351957,8.268904747143232,8.576388284344995,8.239835306806757,9.78770810526348,13.105795509758359,14.517454506642133,14.641029547793455,15.322630154260914,15.80420749914236,16.370145419435378,16.906603436508078,9.116204672342143,9.056614486316017,8.677272373322523,7.878392383685981,4.81049293423155,9.52400912099444,8.239835306806757,8.297504285782514,8.239835306806757,8.239835306806757,8.25119644231855,8.350541790236928,8.239835306806757,8.512246866571967,8.239835306806757,8.239835306806757,9.437887379370697,13.450358231603683,16.029460788794292,17.184233975389066,17.55854465784824,9.727021858761775,9.83460474583369,9.615184907421177,9.383774455986527,9.404387497027408,9.187843023217706,7.638097626939598,5.274564749778837,9.66779714645167,8.499326263468298,8.284570807911368,8.294941551479916,8.239835306806757,8.388189413164394,8.627353752494507,8.239835306806757,8.515914190366374,8.381027819204027,8.239835306806757,9.581867706871112,13.266392773357117,15.8072750080979,17.00815989371467,17.353939945766705,9.282098538419772,9.525591116056965,9.466052738256485,9.768721143877713,9.69337053532297,9.380662076554245,8.010036259761725,5.411109689642816,9.772357011932742,8.540263052592746,8.401487445448659,8.349576838251478,8.239835306806757,8.253060533828837,8.476841638435578,8.239835306806757,8.480216411820535,8.283741086510455,8.389414209643615,9.903193203414705,13.71710855397463,16.262896821750495,16.923507951571,17.676262062217443,9.233926541603848,9.712029381836265,9.498187699210964,8.91315078195834,8.65534014373493,8.742527086494004,7.917485831624495,5.416540337148433,9.586257729423648,8.239835306806757,8.275435896337019,8.261131028099566,8.469440249654694,8.716582155478417
8.216232700448955,8.216232700448955,8.216232700448955,8.216232700448955,8.216232700448955,9.455465020939961,13.657624423774255,15.946633978800119,17.068339419166044,17.803984221153698,9.613950918835455,9.600203367068442,9.806821626431542,9.76296112872122,9.644970876794734,9.211938215371175,8.241450301094021,5.701208911584841,10.011358333677654,8.216232700448955,8.274791173431863,8.650759645053817,8.305443150211095,8.584362304495302,8.363022651861883,8.232545912401687,8.304054666500406,8.365958722296849,8.488593238274166,9.78469001376936,14.171211592355316,16.79911335374722,17.42525303096255,17.831469358442753,9.421914686623,9.746817362859668,9.84529506774813,9.803626728124378,9.738604285689664,9.244303202591322,8.484014671490918,5.744574888259167,9.63826521440883,8.440820596246748,8.344109895454174,8.216232700448955,8.25155105711996,8.342353967404701,8.216232700448955,8.244901757811471,8.216232700448955,8.216232700448955,8.249167244321491,9.911512500300214,13.47075224944306,14.293885077201221,15.050653243235608,15.473790678680238,15.915559231057852,15.76538124368749,15.99979741823266,7.510089915695182,7.43275350244019,7.837018310312481,7.505556952394176,5.346728782858685,9.223604650569369,8.216232700448955,8.216232700448955,8.293871431790485,8.22053493689434,8.216232700448955,8.216232700448955,8.216232700448955,8.216232700448955,8.248113892880667,8.216232700448955,9.62327036054162,12.873509904637862,14.23046510490923,14.471013017173155,15.168997130905806,15.625286675708589,16.17826801452582,16.5658671452797,8.921818632038892,9.536206277436875,8.933008217149546,8.202962854026577,5.486246511586284,9.761355491934872,8.384071232357506,8.335655374769733,8.44347200138896,8.582545493319374,8.519738001611856,8.505220108357882,8.522541907982859,8.67962792961085,8.390834265747403,8.570826188331987,9.71882826134073,13.435930622063099,16.18011534061814,17.120045184515575,17.607894781596315,9.616298224989038,9.74541505179608,9.661153391608662,9.56766643038834,9.11691631042565,8.972587824185327,7.474812446432783,5.036379395026283,9.30053323504415,8.216232700448955,8.216232700448955,8.216232700448955,8.216232700448955,8.216232700448955,8.216232700448955,8.216232700448955,8.265115395913279,8.216232700448955,8.216232700448955,9.522996584803055,13.605029031246849,16.524081825484906,17.674008282085172,17.952200451495273,9.975114598656496,9.84529506774813,9.763107835050024,10.054238574836617,9.590515467939442,9.37023122063545,8.037586342731666,5.953735830552534,9.79177548933168,8.517121090795206,8.40848509099131,8.230143706297243,8.216232700448955,8.216232700448955,8.409965486216993,8.216232700448955,8.339282487028246,8.216232700448955,8.216232700448955,9.399935061717459,13.418047120581708,16.35567645699843,16.878334184476877,17.44429785974277,8.976780604885024,9.885933075545717,9.65231932331331,9.08228425401041,9.323883487169667,8.983089394743569,7.868476028339426,5.450367161250488,10.046588978302324,8.801101686776367,8.365011677929537,8.266711120651697,8.23332087024531,8.216232700448955
7.753159449286581,7.714146027999275,7.714146027999275,7.714146027999275,7.714146027999275,9.06212468247115,13.50160638557934,15.899995970815059,16.947558804471257,17.63590127078136,10.094539935859096,10.067944787263936,10.055782080169813,9.9661641055519,9.522148582807903,9.30196205255991,8.088797723176992,5.1805418296833,9.16564369444862,7.746270561975624,7.714146027999275,7.987873634424324,7.856170265733568,7.962933890547269,7.954073116941974,7.714146027999275,7.714146027999275,7.753454921384872,8.04094090265404,9.280292636086823,13.82317111010159,16.384025669986038,17.098130441987102,17.663949005121292,9.978412159453722,9.963363741334105,10.230947958036714,9.88078297136902,9.594917973246115,9.46650854117276,8.764378108202504,5.84386863855801,9.29915836799578,7.823330093429038,8.038038538600397,7.859205544481023,7.785423957528392,7.879365265502243,7.714146027999275,7.815669184844976,7.714146027999275,7.714146027999275,7.714146027999275,9.263132596344345,12.874096229446254,13.877829646977512,14.639741463675062,15.04972363415186,15.542518137950143,15.522592244173445,13.618385285392858,7.661074713481678,7.660964161803086,8.141412703374126,7.826992956281654,5.624280757667723,9.06175616159566,7.714146027999275,7.714146027999275,7.7921532086369325,7.809914997278491,7.751120412796129,7.714146027999275,7.792685279376576,7.714146027999275,7.7283402986228475,7.714146027999275,9.12990421037209,12.44928663652464,13.88098274754146,14.136052524043798,14.790237599352999,15.405790900934008,15.921330633011719,14.946758236745815,9.155229424879213,9.333948267410324,9.173284659953316,8.238726366882796,5.496364848472917,9.165925927509361,7.789585434573293,7.745113578702605,7.764370236322333,7.770429764406894,7.7631962688809155,7.861255123514814,7.714146027999275,7.714146027999275,7.73196253300253,7.8703125539409635,9.094919894479844,13.205696706200547,15.92707116957626,17.02813604370237,17.39100446810535,10.201394628749952,9.969547906176114,9.991646308618519,9.727145660255658,9.39175863660422,9.185731030060886,7.708821541058179,5.374155769580001,8.8301036396522,7.775572315928861,7.714146027999275,7.7175228065031485,7.714146027999275,7.714146027999275,7.78015968925385,7.714146027999275,7.889962543928052,8.032030712047197,7.7257389120098425,9.255404443935898,13.178403990239666,15.621807651390316,16.810473832556475,17.192214720331094,9.86747217005824,9.9559075508036,9.819424485920218,9.922362103789993,9.60648833029463,9.27722340389482,7.8452599535832785,5.764589298761436,9.302796228523908,7.9191031823521865,7.894817656657398,7.793637853407885,7.714146027999275,7.811583846310226,8.171665294141004,7.865367988761301,8.09919199374767,7.874310780732179,7.7945176220955,9.06165803916743,13.300494057458089,15.98051029184792,16.632728124825032,17.433853558779393,9.508465726665545,10.053259070901234,9.837549121564031,9.479368890121073,9.32863677303578,8.92587581405578,8.308913303089973,5.323668028033239,9.137437316365947,7.714146027999275,7.714146027999275,7.714146027999275,7.714146027999275,7.714146027999275
8.482102202274449,8.388770638422528,8.388770638422528,8.388770638422528,8.388770638422528,9.801715772293516,14.060023031316288,16.5816649211096,17.729250859017128,18.471819617935008,10.149626905213639,10.224478053787466,10.199080128839178,10.059238732164461,9.757959970010097,9.548194575055083,8.59257512086865,5.863967786817943,10.473434412373805,8.751844417999285,8.507945255700488,8.906324122460317,8.722792050462663,8.752755267814175,8.450593263092344,8.506950145082415,8.391663245523219,8.494651722275174,8.85383770839312,10.070200608549747,14.409769364861326,16.937369875695467,17.745204742686543,16.159807827989905,9.982474072993867,10.209512582877263,10.262542217353891,10.239933820489405,9.824838080154352,9.57092104396532,8.423019208412157,5.5373503758679075,9.192281548304415,8.388770638422528,8.388770638422528,8.388770638422528,8.388770638422528,8.388770638422528,8.388770638422528,8.565874103447717,8.399572949130489,8.388770638422528,8.465037174233728,10.196166457214042,13.859702117362229,14.431449196144715,15.14181995186058,15.65859672170814,16.262404259765823,16.145632495504444,7.848068022647376,7.681571136773273,7.772466316110285,8.114494382522842,8.037433896087077,5.620848811439426,9.609965051176825,8.669825577037475,8.6027605860239,8.657131412480457,8.75302823494646,8.508598930183059,8.388770638422528,8.70479536302892,8.496434624065465,8.767051959237639,8.388770638422528,10.258120452996774,13.526351383445398,14.642574882358286,15.031599398774045,15.944714749973693,16.286900408986753,16.68821480851937,11.677861047788937,9.017982126647494,9.364649172809017,8.897445173129686,8.285433543504622,5.45530224033675,9.878624489035033,8.457578729831274,8.392366738022234,8.409016047875571,8.388770638422528,8.388770638422528,8.388770638422528,8.388770638422528,8.388770638422528,8.388770638422528,8.388770638422528,9.521290063060713,13.684980127725126,16.638512371389297,17.710719995961234,18.12607660035669,9.856968046513058,10.003756420506381,9.7917757806332,9.763772374373826,9.475140602336934,9.502832401274281,8.33278496646428,5.681477299347286,9.854509615214749,8.540586224572081,8.388770638422528,8.518500464502488,8.48351240622451,8.550041725749992,8.639296278568677,8.388770638422528,8.388770638422528,8.634967261461385,8.388770638422528,9.727546270120875,13.730747111971304,16.5821236028391,17.697094664321504,18.120447600003907,9.819730523397046,10.107002224070749,10.162410923406737,10.165657134851239,9.966217102977255,9.665762773982081,8.189000327825656,5.95010240617205,9.896077571210677,8.636745959679024,8.545493933514619,8.426214454140474,8.388770638422528,8.388770638422528,8.593603330219228,8.388770638422528,8.482768430669944,8.388770638422528,8.388770638422528,10.090977315503121,14.163248233587654,16.979176564322074,17.508374096089092,17.991388982227583,9.66709173306988,10.335398071910154,9.819757835582683,9.39045471597638,9.18578817301777,8.564184115429454,7.451105343301385,5.052397731018968,9.62717911855339,8.388770638422528,8.623482495052688,8.694250871443684,8.994948764236428,9.427442084627852
8.313083544706544,8.313083544706544,8.313083544706544,8.550475974603815,8.498125100866403,9.909024338112877,14.275295702290743,16.558117660224873,17.6440420073384,18.133288171712074,9.938105545766923,10.033009513447672,9.745220951898617,9.642608792273176,9.560062502708153,9.098035306187825,8.054085317503887,5.323213601290206,9.836703035639534,8.523735035973955,8.313083544706544,8.33620914804584,8.313083544706544,8.313083544706544,8.32403299847609,8.313083544706544,8.313083544706544,8.313083544706544,8.313083544706544,9.383779219862102,13.901857040511835,16.50678716267598,17.216978940491423,17.804587437849893,9.545195755198947,9.813433948537389,9.820204627005532,9.733304511768948,9.352712862163754,8.885781194203883,8.170628160932319,5.429811382425559,9.492379269515139,8.325663270033418,8.45040596934031,8.313083544706544,8.313083544706544,8.470182443556755,8.313083544706544,8.651397150012315,8.423333660872661,8.313083544706544,8.52682694922912,10.081458402363076,13.548762686883986,14.230419051209424,14.925966462548152,15.493002958460092,16.123410186080008,15.963668413395464,14.699472283571339,7.264569225316618,7.488831541869467,8.010309382322255,7.832572686072058,5.678083513465475,8.060106910272307,8.64539766580852,8.46692817444598,8.565629651180078,8.47908655376858,8.534894659727835,8.313083544706544,8.643056273408638,8.38764326726238,8.469316722478554,8.313083544706544,9.702981806923146,13.145340213004154,14.369539069413722,14.691861464353615,15.37147795429673,15.961427770888854,16.36077371531799,14.050071567626489,8.820396927954963,9.071746912965002,8.669355497542691,8.000929250670906,5.214215779192267,9.643872568885332,8.313083544706544,8.313083544706544,8.313083544706544,8.313083544706544,8.313083544706544,8.313083544706544,8.313083544706544,8.313083544706544,8.313083544706544,8.313083544706544,9.418807038420814,13.753501688590378,16.31457656018889,17.36060248624166,17.868074064859933,9.755152828087791,9.820204627005532,9.940000746597978,9.633813991048166,9.447963860094948,9.387331320507217,7.631643596088635,5.306507827826202,9.865706420311367,8.600408082657292,8.313083544706544,8.510923227378044,8.462096935373555,8.424207046113041,8.472978710384004,8.313083544706544,8.52567675786403,8.74597038706545,8.503673807951493,9.73461946839775,13.662148094731538,16.34897873434863,17.45397839458857,17.802951441035376,9.394121987587653,9.743743344170998,9.416504999461415,9.803087942437259,9.366342764557249,8.98407477331057,7.702161790087157,5.537888751409752,9.679915861495417,8.352123387541914,8.313083544706544,8.313083544706544,8.313083544706544,8.313083544706544,8.313083544706544,8.313083544706544,8.381034701664039,8.313083544706544,8.313083544706544,9.564453849820062,13.818765962228573,16.70368333027943,17.26397038817054,17.70466168894683,9.230918507322658,9.935287739336106,9.77186587193996,9.242673167628725,9.023144637653129,8.812767418301501,7.616226026739522,4.799100075970172,9.695307840469932,8.568264970601568,8.543406214845334,8.573335865647426,8.772969712222611,8.799612864191353
8.05559108514133,8.027240735877948,8.027240735877948,8.027240735877948,8.027240735877948,9.306978538875633,13.626243165053689,15.922867969745413,17.27534098718411,18.07784736177392,10.074910744233643,10.158291975740726,10.05060662589597,10.05060662589597,10.044767935252501,9.483574089701692,8.582730661505698,5.577202901863366,9.869566237589476,8.270418800329633,8.027240735877948,8.368401967363216,8.27285786595267,8.193656629331368,8.152043431336349,8.225889598449543,8.12579286284165,8.214096166615604,8.46765376227994,9.659321989613948,14.119398881813673,16.755002794162863,17.644028819089478,18.07784736177392,10.220112272245565,9.962172370729833,10.05060662589597,9.856854128545573,9.676002449405342,9.4061787204244,8.395711112345609,5.556145473765701,8.775420598063441,8.027240735877948,8.027240735877948,8.027240735877948,8.027240735877948,8.027240735877948,8.027240735877948,8.027240735877948,8.027240735877948,8.027240735877948,8.0998979972672,9.720637718476752,13.287350322444851,14.011766459887324,14.608759535496741,15.019781340954822,15.768263030713932,15.707436586423832,10.425898376909615,7.564654543300416,7.627549010241927,7.950228523457706,7.658761981275325,7.146436469357399,9.399920741895567,8.027240735877948,8.027240735877948,8.222006248486919,8.176317569844791,8.096631054883513,8.027240735877948,8.146054244454165,8.027240735877948,8.098585338265488,8.027240735877948,9.620981219171723,12.993629214050976,14.468462613281215,14.60252628667033,15.134426392459448,15.863239052067904,16.390864245447098,16.777881003935153,9.121903974870982,9.411960610849576,9.2185301424211,8.272779823669728,5.458523346279198,9.789539230287813,8.367803241498349,8.221264664855969,8.299541528797965,8.323845620448292,8.172713364443826,8.098405376044896,8.045001357755497,8.200534993951143,8.156575978207918,8.328700126153706,9.711397773267855,13.403132395215454,16.169904710259097,17.143062521051384,17.657357967228606,9.739995655056088,9.862839964420008,9.668006757710378,9.289449964616514,8.915847421190543,8.910364650329699,7.504728548191023,5.078516267633581,9.13445870056518,8.027240735877948,8.027240735877948,8.027240735877948,8.066558212754567,8.027240735877948,8.027240735877948,8.027240735877948,8.027240735877948,8.348548051444272,8.360058257600967,9.70996316753724,13.804586568092413,16.344338629218896,17.472036680256195,17.91827139931509,10.006012248251274,10.00912032625862,9.989882022288281,10.161922990857784,9.684252742806335,9.289345042744609,8.357330953521803,6.16765923349846,9.330052529202405,8.656049739266921,8.49942461058096,8.344270068837304,8.103067545137977,8.207827442036773,8.128468249393809,8.027240735877948,8.027240735877948,8.027240735877948,8.027240735877948,8.999520021018728,13.227710621636263,15.998243254112229,16.656204152841443,17.312009024417726,9.08189026698249,9.83474897389195,9.652151101905007,9.183203931834587,8.981029297232741,8.693540593680522,8.091262585716796,5.352612030354498,9.409355869415995,8.138718149024593,8.027240735877948,8.027240735877948,8.027240735877948,8.110342423833819
8.173154498863259,8.152722406806118,8.291903216053322,8.50414596602568,8.537595755090758,9.750929584139573,13.893257508983453,16.173050492745126,17.343870155320445,17.790753951107007,9.468098922448888,9.969339349242535,9.91290608168632,9.89514724912836,9.487947156189723,8.96848572560267,8.090413672827088,5.528622178042074,9.788306902845981,8.474115103773116,8.405768246234521,8.652158477366317,8.254304368932234,8.427266777637906,8.370800234510321,8.291112926787973,8.152722406806118,8.393060631510647,8.629886154480975,9.546772825322885,14.135545198574981,16.520836749770854,17.138592103650613,17.695729092805767,9.576146624621352,10.03150002593788,10.021006440621072,9.762300527388692,9.510622881873065,9.138910117367212,8.390994836040468,5.556109880804647,9.444053526967979,8.152722406806118,8.20611592942844,8.152722406806118,8.152722406806118,8.152722406806118,8.152722406806118,8.152722406806118,8.225168708493385,8.152722406806118,8.346185634422632,9.857218116262164,13.480774271651903,14.259058640679823,15.092533112193435,15.657229072251145,16.293460459751863,16.2467765735802,16.094907494396168,7.521470430075747,7.6549566570483405,8.070340981830556,7.971095658541242,5.733531065146786,9.811860284639732,8.707254693646792,8.67567098100987,8.608471827615656,8.426252168595983,8.257341352120875,8.161235142480304,8.46233143910833,8.152722406806118,8.236668757807106,8.152722406806118,9.549707149454656,12.814987758991435,13.959276240875326,14.520722128330775,15.153356238614126,15.766808035803052,16.12593987132857,16.693175469929933,9.02251215800678,9.251163104881755,9.116182333285447,8.18165149254843,5.453723317173752,9.586248951414198,8.165717754371684,8.152722406806118,8.155198483906617,8.152722406806118,8.152722406806118,8.152722406806118,8.152722406806118,8.152722406806118,8.152722406806118,8.152722406806118,9.11336056860245,13.221243866713246,16.229510711258726,17.271688986644556,17.732203976268977,9.742803652848101,10.09590807557949,9.992531674752112,9.827329370426822,9.60996970100695,9.767242286610198,8.003643877790799,5.1448862958170105,9.58301549715249,8.401100273075869,8.24475280150099,8.225367739087652,8.152722406806118,8.18611770403577,8.238197951167608,8.152722406806118,8.45359393852345,8.276074033384013,8.152722406806118,9.044341113405618,12.994073228658587,16.0501916945556,17.273150213588814,17.868755100049107,9.684044761728845,10.074176974663732,9.70841259058769,9.992881623460372,9.475037112793363,9.323228163537328,8.073836443881001,5.608120758170352,9.717246695017417,8.301713044737935,8.408867307085917,8.152722406806118,8.152722406806118,8.153297074957532,8.43326861374018,8.445122071725834,8.524571316155598,8.267664893403078,8.327021367807399,9.861295841575137,13.71020352024124,16.644270661245912,17.244982126353,17.66392515006202,9.226442729798341,9.871220098927978,9.835448808091792,9.647786510204973,9.237146492285978,8.557969387577895,7.326683916517537,4.780723257689346,8.953557379113056,8.39945487188866,8.299549887651526,8.193619169173948,8.404818422754595,8.326331725221742
7.871858887990271,7.871858887990271,7.872349320198447,7.871858887990271,7.871858887990271,9.100627942083111,13.526777019769916,15.85284248027568,17.04953519495338,17.925460021169748,10.053601133179479,10.24095266357032,10.053601133179479,10.053601133179479,9.861976341750019,9.539501214755882,8.381336121779936,5.740409494546041,9.754317831165007,8.111213044907567,8.03554667435706,8.346854789463343,8.020791208793497,8.146718374264143,8.062847060417875,7.980788170683112,7.871858887990271,7.874460288210326,8.079001295679436,9.363969635578943,13.954708432730708,16.508610238649432,17.359953586503472,17.850275009939246,9.981012868354586,9.972560335728337,10.053601133179479,9.938953084540053,9.835678476611688,9.3427574800902,8.5325997319011,5.731938019945026,8.415667264264682,7.91644495183801,7.910531647813391,7.871858887990271,7.871858887990271,7.973304948020397,7.871858887990271,7.949910969336683,7.871858887990271,7.871858887990271,7.93087496382048,9.363575784218575,12.97123776605,13.826012369726733,14.587526446868083,14.988541737267239,15.586397016340861,15.568790706992878,12.071879653555408,7.369251890176096,7.647458208029551,7.817349216900666,7.665699662733916,5.577090466309167,9.187823696986024,7.871858887990271,7.871858887990271,7.896852616294254,7.905413040779339,7.871858887990271,7.900310285550943,7.882418081912414,7.871858887990271,7.9973787847127715,7.871858887990271,9.579978005923397,12.93262205587358,14.218706595097263,14.566183867863359,14.943479988165791,15.66900722682023,16.236555875919574,16.380785634989753,9.106296478141632,9.346045141839493,9.098878469788659,8.227722406030724,5.618788906810157,9.48717574919074,8.130813236130557,7.9405347620569335,8.131013757258687,7.8865397854615455,8.004019979683449,7.955636551653333,7.991144062622855,7.948421208588853,7.98832480072885,8.058108278751945,9.238306482727362,13.30670983812594,15.816760362418215,17.026801177593732,17.410227536643305,9.89938182617016,10.053601133179479,9.702629360709073,9.247591589988101,9.081482752036118,8.93996086907845,7.572053381144384,4.880665682187911,9.109290050330406,7.871858887990271,7.871858887990271,7.871858887990271,7.871858887990271,7.871858887990271,7.871858887990271,7.871858887990271,8.025960610892927,8.168603229214735,7.871858887990271,9.155531181263159,13.359758275597082,16.05399101407155,17.175692871707803,17.75640445573577,10.04162529531421,10.070843104601868,10.053601133179479,10.0653881378727,9.919018123406007,9.506832974722707,8.222573125331385,6.002944368079056,9.729210967971634,8.365125844702842,8.4006868473237,7.871858887990271,7.871858887990271,7.871858887990271,7.923245282832859,7.871858887990271,7.98286873656093,7.895936938098207,7.890713632369033,9.077018358243558,13.18921479395497,16.075403704311213,16.651701276744703,17.064467090271208,8.931646388992803,9.697200557853877,9.576279051790808,9.299585930771103,9.093579378758257,9.018551612335171,8.151507005942543,5.413595860364286,9.392615468223044,7.871858887990271,7.871858887990271,7.871858887990271,7.871858887990271,7.871858887990271
7.911611874411701,7.890405899021243,7.897451167312973,7.8336617215731215,7.8336617215731215,9.286558120951888,13.724009496073908,16.088131876154684,17.053122744477733,17.60456389262126,9.586650777028249,9.99837476627212,10.105405267223786,9.936371222725432,9.687107064577555,9.353577990632601,8.393299120053063,5.7627048487880845,9.430836598405346,7.8336617215731215,7.8336617215731215,7.898099428916309,7.8336617215731215,7.856477039819588,7.8336617215731215,7.8336617215731215,7.8336617215731215,7.8336617215731215,8.135866357473368,9.408325017037512,13.852909469970506,16.169192765129264,17.00920290332101,17.514172760351595,9.70997787874453,10.010040048610442,10.095808261475181,9.957790841168038,9.896311642534506,9.430448093978882,8.439956229266654,5.495353233425031,9.366903972093807,8.100636790972947,8.288435110378982,8.12699801914051,8.155472185607973,8.221605550336198,7.913899416285036,8.207607214218063,8.024884245533826,7.8336617215731215,8.042065989356031,9.594723179387312,13.236987043511292,14.094110550878717,14.92786000856469,15.319701342619084,15.79818365891315,15.741873639785076,11.185032787564184,7.611964508012476,7.629029134865877,7.960496182574204,7.751203871802406,5.511163798554668,9.341921726655752,7.8336617215731215,7.8336617215731215,7.8336617215731215,7.8336617215731215,7.8336617215731215,7.8336617215731215,7.944981879946464,7.8336617215731215,7.8336617215731215,7.8336617215731215,9.348177743544273,12.513317005752421,13.864268236332194,14.43433256212785,15.046192526640262,15.590430040956928,15.970765178168673,16.300368889452198,9.309580340220975,9.304637328447724,8.957389803463016,8.317394307309245,5.306097025894323,9.221270638608173,7.8336617215731215,7.8336617215731215,7.8336617215731215,7.853735951765762,8.179900513667562,7.9631082789339525,7.915293179672455,7.8336617215731215,7.8336617215731215,7.879419159562625,9.199644091443902,13.39071912445819,16.18576214591805,17.34177297172975,17.67120367352962,9.943306171969441,10.095808261475181,10.007342751813985,9.789025890336196,9.541641153826546,9.438737686901309,7.9339436520746505,5.362040832992991,9.018546581422072,7.9440270043135275,7.8336617215731215,7.8336617215731215,7.8336617215731215,7.844948455733623,8.011369120339003,7.8336617215731215,7.957688168426098,7.9448594505910695,7.8336617215731215,8.807726635120769,12.99488693754775,15.952911647802864,17.145615212418885,17.52604181670453,9.629822032395928,10.016685641334353,9.749964033966394,9.984848474020739,9.648755716693673,9.399205765008928,7.949255770785935,5.630128161548644,9.020611457993178,7.920723388416058,8.08269068404365,7.931041556970391,7.8336617215731215,7.874720010433539,8.099748127422085,7.905427899126823,7.968975419721577,7.8336617215731215,7.846796216619332,9.255560260572837,13.444038410972489,16.667503578476946,17.23419144538007,17.592962016405252,9.378961547077996,10.187482263030903,10.130764764149127,9.76886393865004,9.240290241957565,8.893876150508085,8.090466080532629,5.519291156740343,9.517911146610459,7.970661430188666,7.875725781550751,7.867537748384947,7.845049710762288,7.942803472358366
7.999149918903496,7.999149918903496,7.999149918903496,7.999149918903496,8.005754709742648,9.3616256576157,13.74430053521006,16.058137430487147,17.197189946483874,17.902923910165693,9.851480897492912,9.95352972690251,9.95352972690251,9.780039036255227,9.364298083152768,9.122222606783366,8.097752798141654,5.164066310375515,9.123495684189393,8.088726083541374,7.999149918903496,8.175309668291055,7.999149918903496,8.131916935464075,8.097515050006642,8.084713957809834,7.999149918903496,7.999149918903496,8.22385979171321,9.481909225981036,13.95578465955402,16.436418898836198,17.475929686445518,17.94849170626096,9.910544584868827,9.816373429239315,9.973500194138404,9.839067381053981,9.558846533569412,9.245779390036802,8.462361595009057,5.626095675594694,9.310516954680804,7.999149918903496,8.018588775140692,7.999149918903496,7.999149918903496,7.999149918903496,7.999149918903496,7.999149918903496,7.999149918903496,7.999149918903496,8.126402485052985,9.598615633064764,13.40926596488286,14.015213770216572,14.772979278590242,15.208574826509896,15.762117322891473,15.685589387235606,14.290791156629076,7.436535344413459,7.578533600962434,7.879297409383076,7.889939276144372,5.702127976840888,9.688895127116249,8.3776481556916,8.409523832290974,8.305675434878216,8.318814249781642,8.265705611415898,8.11528174686655,8.324220223273738,7.999149918903496,8.116538946339384,7.999149918903496,9.474170822601545,12.76420550953971,14.13232479194398,14.436449651221885,14.96289542528572,15.644661607457357,16.16499425939735,16.58565288226733,8.987422087077721,9.13494540188532,8.891982866404438,8.02838096487881,5.265941525424016,9.56687844947255,8.131824208184916,7.999149918903496,7.999149918903496,7.999149918903496,7.999149918903496,7.999149918903496,7.999149918903496,7.999149918903496,7.999149918903496,7.999149918903496,9.128685536582191,13.385186647371192,16.0271867833522,17.20685442235706,17.60850327629342,9.99719970346212,10.042295563705618,9.86763887311075,9.660846206925672,9.659913060824486,9.310109978006711,7.889050965245611,5.370279324402193,9.470089480723212,8.085899945550338,7.999149918903496,8.097551239879463,7.999149918903496,7.999149918903496,8.102586795562111,7.999149918903496,8.013044215941967,8.16742852626871,7.999149918903496,9.15344882785827,13.308646252906648,15.93111157015982,17.0490428457906,17.61539893025745,9.537222408716,9.781016756098015,9.611120135115542,9.797333457272675,9.664177161534747,8.882589709324503,7.934201057594437,5.478208774884773,9.641633526317612,8.294653097178465,8.41189527011506,8.141665962523225,8.00444676658031,8.125919103670228,8.128687230333364,8.121785958781494,8.217081587976804,8.141019263215425,8.21203158044689,9.337594692147231,13.512135381740046,16.413624025171398,17.115654163016735,17.551691702006096,9.266750552539152,9.8350790866041,9.842076162620561,9.302818606304095,9.010568773768476,8.977835923716214,7.819853731127359,5.082177063831615,9.094432637711847,7.999149918903496,7.999149918903496,8.057124954960278,8.359491073556553,8.355071385338212
8.520876040146732,8.366437681789714,8.40787438034274,8.366437681789714,8.366437681789714,9.45162546484991,13.893270257374667,16.09064496701678,17.454494789383638,18.341398735700636,10.01639999923141,9.97496105391092,10.027753132855047,9.926260540375964,9.579698120355111,8.865181996751334,8.170430780287,5.4180007965281165,9.978071752536296,8.366437681789714,8.446226365472187,8.723073733040454,8.635761135576372,8.753390227822083,8.6108494711847,8.588079204539879,8.39146049062168,8.48813840995642,8.80068666490217,10.124949186124566,14.517961615867794,17.159010959145245,18.170605961603396,17.465136172439045,10.032994735830806,9.934876817092748,10.107150466503636,9.984849029871178,9.76741702266982,9.697389290117997,8.587816240179771,5.790695858992993,9.926119325842185,8.526824608758888,8.430415293133146,8.366437681789714,8.366437681789714,8.366437681789714,8.366437681789714,8.382504858268677,8.366437681789714,8.366437681789714,8.41176704621674,9.837604057094211,13.581108592594282,14.43471870344436,15.114959243116706,15.42988023305874,16.029223970432163,15.939564631129933,8.350437281488778,7.358503059052108,7.478951377776001,7.782438499546596,7.59233321732486,5.337233253399699,9.543747298224163,8.366437681789714,8.366437681789714,8.366437681789714,8.366437681789714,8.366437681789714,8.366437681789714,8.366437681789714,8.366437681789714,8.468354067870411,8.366437681789714,9.940254847436277,13.080107953120038,14.515849165469316,14.928503538173,15.496678970666213,16.067324775072088,16.576972905348654,16.991903230803644,9.022750105998208,9.301952669219459,9.211801397142338,8.258493193600653,5.573556197035773,9.871294110891426,8.664336794795751,8.470971889177616,8.703451629879996,8.946772301187266,8.817580099592135,8.490538735974745,8.554957436719498,8.459573880044921,8.595968601819488,8.631783457768812,9.859225756870073,13.930397182545772,16.48177529544079,17.6228219480003,17.974746195879305,9.818080218020683,9.970656482876588,9.898309539622344,9.499673388995687,9.14243680103495,8.98853033747537,7.509585773154995,4.9801423521089525,9.482668170195453,8.366437681789714,8.366437681789714,8.366437681789714,8.366437681789714,8.366437681789714,8.366437681789714,8.366437681789714,8.366437681789714,8.418743120282468,8.366437681789714,9.442406979239976,13.601605842098227,16.29725783657055,17.56943872708048,18.287120116441354,9.97496105391092,10.183935389152182,9.97496105391092,9.97496105391092,9.945901632105123,9.367667534866218,8.349337974912245,6.437512478498971,10.572950084393764,9.075956439143633,9.024660994630867,8.885050460273458,8.510968401409555,8.702550880554442,8.636127269367819,8.525323638580158,8.404666315541844,8.366437681789714,8.366437681789714,9.42128886671081,13.509086103452603,16.244179027303993,16.977861648743172,17.498685016196713,8.973048498214169,9.576959464790257,9.566107227038453,9.398018631478418,9.227381071026274,9.145534427428439,8.544961746915794,5.7220989764068,10.09609533136782,8.606455847107519,8.366437681789714,8.366437681789714,8.366437681789714,8.366437681789714
7.924727888660015,7.924727888660015,7.924727888660015,8.033428949645616,8.007749420709048,9.322395208220087,13.72240319953431,15.917762813986522,17.164461779632234,17.797052067300264,9.728150793775155,9.87232417864025,9.87232417864025,9.87232417864025,9.716429327658787,8.902371548012693,7.999687177507932,5.320327484736069,9.501597327880525,8.214058101071856,8.01506750050206,8.165471295685457,7.989368185392358,8.11661860900039,8.028542261374353,8.071671264209526,7.967397207756727,7.938693433052658,8.128655406062336,9.159698140463771,13.565354238330876,16.20390942010769,17.244670953577796,17.575767626008066,9.579866592388893,9.650810247161496,10.000877569702613,9.684328759998412,9.561677049338424,9.202348762710082,8.335513952611374,5.615309750972109,9.438002213677697,7.924727888660015,7.924727888660015,7.924727888660015,7.924727888660015,7.924727888660015,7.924727888660015,8.018739738842589,7.924727888660015,7.924727888660015,8.23153716228698,9.850853588194502,13.3502925117125,13.871721283632809,14.608270037372696,14.961613723861905,15.639418874208136,15.573004414219877,15.670847849474676,7.304800917092407,7.395865592787881,7.656609373077217,7.715969069356307,5.467954768060358,9.468721093347767,8.051383752476237,8.004199218556264,7.996019217387518,8.068986964572332,7.924727888660015,7.924727888660015,7.97423194223295,7.924727888660015,8.051948550259478,7.924727888660015,9.231835732642823,12.77159740591992,14.022145628117766,14.284531761821498,15.001779213999576,15.41380530649936,15.949859664539566,16.42717689198625,8.863983724166236,9.158520419281658,8.955258600827191,8.08139923900394,5.527652449885751,9.734913380639108,8.336600362488443,8.158593357107206,8.070493205390905,8.139118613923639,7.924727888660015,7.924727888660015,7.924727888660015,7.924727888660015,7.924727888660015,7.924727888660015,9.243663303795907,13.347004329244667,15.91849012134698,17.024467469907894,17.423878663383803,9.696458787448645,9.87232417864025,9.735415629270477,9.551840799904925,9.143536900696839,8.925105198954398,7.590273763563309,5.078284773415643,9.353240895929137,7.924727888660015,7.924727888660015,7.924727888660015,7.979156244460671,7.924727888660015,7.924727888660015,7.924727888660015,7.924727888660015,8.168308901387176,8.10106029605898,9.296581681287574,13.306111531746534,16.130916241438257,17.25952073395686,17.797052067300264,9.97912459455389,10.169373694599388,9.843070652654953,9.87232417864025,9.566870975029895,8.972524783946026,7.888326791311914,5.691238350787675,9.722282593833091,8.221030373356598,8.314746350373976,8.003506610553341,7.924727888660015,7.964740458894534,7.924727888660015,7.924727888660015,7.924727888660015,7.924727888660015,8.074593935744817,8.790822308063238,13.197131938080188,15.974393930791141,16.571807491915322,17.091514499000112,8.86190242470512,9.532646481778693,9.351961653432845,9.403169149368962,8.867197763650722,8.791696669147738,7.392586797812453,4.770646999760221,9.160772036849561,8.269134991910322,8.123935613058153,8.382114297954635,8.481015594703983,8.417250753384018
7.78743267746054,7.78743267746054,7.811976053052439,7.880159732719747,7.900085093993032,9.313046538567555,13.794022477497238,16.206696094395248,17.14934270716428,17.59486702608043,9.452683807402616,9.959492516016878,9.948902907873945,9.789917758981144,9.570734225538727,9.078990907300305,8.177388462986855,5.436254558504185,9.219578579574044,7.790653303811821,7.78743267746054,7.78743267746054,7.78743267746054,7.78743267746054,7.78743267746054,7.78743267746054,7.78743267746054,7.78743267746054,8.05133566548181,9.190649860774071,13.4618708448346,15.99813267220856,17.047494783999042,17.54997099357854,9.88156746326902,10.013329415264376,10.011569392673811,9.848218869824816,9.747150283924286,9.43637254264546,8.330324684464262,5.607371600878569,8.538223179360827,7.987753589892091,8.134304669283164,7.815762399153076,7.78743267746054,7.903963216231404,7.78743267746054,7.8699713413389984,7.816766165111809,7.78743267746054,7.909775723602672,9.47706764353846,13.137425461357584,13.812484297019056,14.780285720704201,15.18920684782874,15.794780545835566,15.797831060458217,15.713298626887152,7.557817063704486,7.781968716299503,8.120656406591465,7.9675646702406775,5.623529422560392,9.296288698800232,7.960474902179242,7.947901972241466,7.907066523345353,7.916522999328359,7.78743267746054,7.857231208760772,8.01787525862262,7.78743267746054,7.78743267746054,7.78743267746054,8.923837989699003,12.374649710262023,13.699955395522283,14.150896884184988,14.798995782417531,15.29748161811564,15.94272095725747,16.119292518279153,9.277762585910805,9.23788401163924,8.868366958602547,8.071168787563673,5.313698701372754,9.060693581676132,7.78743267746054,7.78743267746054,7.78743267746054,7.795679331733935,7.974116660951817,7.900875480198429,7.929978856177316,7.796637074425791,7.78743267746054,7.78743267746054,9.056619366381504,13.28153363394798,15.994783789567263,17.06403153306455,17.45625956628181,9.972559883863243,10.011569392673811,10.011569392673811,9.743370557864061,9.677899784771245,9.21300350263746,7.853756366679946,5.513223518058333,9.034800160729858,7.872764215177546,7.78743267746054,7.936640239209636,7.78743267746054,7.822285679750765,7.906855483916164,7.78743267746054,7.922643291958862,8.079450846582938,7.78743267746054,9.044602445246477,13.091047733275092,15.766777513813448,16.931183172761862,17.602507634301944,9.81292400212395,9.906774190220377,9.838548631166177,9.823075396893413,9.543674806425662,9.156265243475461,7.854053541226518,5.634961094826842,9.245412230968306,7.78743267746054,7.904752679360744,7.831218697017055,7.78743267746054,7.78743267746054,7.996660733056765,7.78743267746054,7.78743267746054,7.78743267746054,7.916042794650347,8.960829582058885,13.251338790460878,16.218507290781417,16.984457379227365,17.537368525206915,9.46062628214526,10.143320333452047,9.818179638379982,9.574840366211351,9.218189138801549,9.086698468897952,7.890732518494861,5.089964458909929,9.379886643736892,7.8851452198873275,7.9002998909944555,7.969249998847664,8.024245546356747,7.9389993325690735
8.192223381027754,8.192223381027754,8.192223381027754,8.409649008279699,8.468249434863443,9.868671786178078,14.113443459338377,16.40288505044349,17.62207203213351,18.08039036249896,9.888166981471207,9.934553639564058,9.926672898475928,9.888166981471207,9.634781618110555,9.30890007353671,8.163659735736811,5.530545170669909,9.857561813007173,8.624286238696332,8.227424911122867,8.335380559360512,8.433943685125431,8.301525593752283,8.235692379549276,8.23370202717792,8.277679822385416,8.21795342084804,8.61644320263694,9.902112656603881,14.090253097706272,16.38630871880695,17.375969056460008,17.792752551515584,9.638147571176379,9.702441212973255,9.908851948896386,9.8665023967656,9.49092617101668,9.11167738459304,8.097763442560414,5.455473783229963,8.461105832492576,8.192223381027754,8.192223381027754,8.192223381027754,8.192223381027754,8.192223381027754,8.192223381027754,8.243206794438507,8.192223381027754,8.192223381027754,8.275075478085705,9.736600416408328,13.422269073472329,13.902501756296797,14.66743654493552,15.089562775859012,15.725860515952732,15.803444231199228,15.738780329848009,7.320686822524559,7.33977745214373,7.586839948494926,7.593857695326586,5.489745091034464,9.58956437647262,8.456406437889424,8.275054509026186,8.29475143639311,8.615660357748187,8.29385147051227,8.329951285832376,8.399844605406635,8.23844099318866,8.415108588867511,8.192223381027754,9.919143253399847,13.162816036006852,14.463754833115232,14.679422779833024,15.461799110947128,16.00214685503141,16.479895887668626,14.17182556561432,8.891088777612884,9.22183454868992,8.892793187502248,8.19800000425848,5.580469295150801,9.62722624398635,8.438023617631133,8.315619343454058,8.192223381027754,8.192223381027754,8.192223381027754,8.192223381027754,8.192223381027754,8.192223381027754,8.192223381027754,8.192223381027754,9.55993326276499,13.744273671930435,16.2845792558454,17.12420743687389,17.443283992111716,9.357021254060117,9.754924564813335,9.664100171795944,9.197254280627261,8.997349909587722,8.98156569906659,7.717522288629498,5.056243492172079,9.594933781816327,8.192223381027754,8.210834917826336,8.351912576937144,8.436547237444852,8.53617636867917,8.424845323471205,8.423523158423583,8.482246710315094,8.882539039242443,8.413519176517614,9.746509526442896,13.816864154052492,16.289771699639818,17.245293340141473,18.025201934346697,9.612594971777188,9.888166981471207,9.834647090025186,9.882319146360176,9.618174340023051,9.122591536032878,7.818852001931191,5.549495925766609,9.840649092347288,8.375592971768718,8.424909842237565,8.192223381027754,8.192223381027754,8.192223381027754,8.192223381027754,8.192223381027754,8.192223381027754,8.192223381027754,8.192223381027754,9.286423643416896,13.433005821327365,16.1791178344155,16.92759652507648,17.42195253714562,9.01735966197707,9.740622122311605,9.520655711297938,9.395690504391895,9.055960871351129,8.808659684754353,7.958552094217066,5.478001216575202,9.733512503678488,8.192223381027754,8.224263500780365,8.29977027074085,8.326031195209017,8.24661637548829
7.748096875854883,7.748096875854883,7.748096875854883,7.748096875854883,7.748096875854883,8.947454851569102,13.357755304809896,15.70407535887411,16.867422585561123,17.636486996640016,9.70221365451347,10.129532369833337,9.90249015799376,9.889854981798411,9.456176541893115,9.010417408715046,8.238641664681463,5.592052391174885,9.653589850372736,8.169067720155141,8.164424118111562,8.244260332825624,7.923438749645075,7.89386954823725,7.748096875854883,7.754304477691398,7.748096875854883,7.748096875854883,7.846371614094566,9.06080510413615,13.34430039429557,16.010548451585198,17.141017948632513,17.412594338275134,9.882045016354388,9.962317215226015,9.949860764509744,9.861833438879785,9.521999791521216,9.352525098726112,8.408148951088135,5.90413161416914,9.3248191856403,7.748096875854883,7.805073756691265,7.748096875854883,7.748096875854883,7.748096875854883,7.748096875854883,7.778828064629738,7.748096875854883,7.748096875854883,7.748096875854883,9.420526631531564,13.096465953212642,13.904678995926915,14.667948216413633,14.950824962444411,15.563869591242529,15.53809982703467,15.456877520127087,7.536933135903532,7.472806014785167,7.757808430358757,7.666407587424342,5.556941113879815,9.147438222372214,7.786657117658649,7.766837494727235,7.748096875854883,7.848743751292397,7.748096875854883,7.962725872541745,7.952764412383056,7.748096875854883,7.889383521911824,7.748096875854883,9.041276620488997,12.387520970770101,13.640593145075334,14.093739794165568,14.53446960929857,15.309922229150464,15.851683832584065,16.323066085475425,8.978179719412212,9.206599518034988,8.809764913982049,7.992835800868441,5.323570741895258,9.229715073852491,7.857596341874951,7.750812551697541,7.7802389973153465,7.812171968049835,7.748096875854883,7.748096875854883,7.748096875854883,7.748096875854883,7.748096875854883,7.748096875854883,8.821231653894309,13.01334732244586,15.726733840817143,16.785222956130237,17.32894871123235,9.658300089159043,9.940349263171571,9.889854981798411,9.616500716575889,9.636599172444086,9.05381370620088,7.782208240041522,5.26017924467687,9.085569802739323,7.947792763999883,7.748096875854883,8.037961738402107,7.890367624088023,7.773269624461894,7.748096875854883,7.748096875854883,7.939168063200972,8.262878399458211,7.7645031027534515,8.86199413793979,12.981694534933162,15.50381205814195,16.674359798823815,17.315615233864396,9.736318311013948,10.04221313554375,9.732897924261655,9.83590071223741,9.351249282386355,8.981516978439869,7.943504864277231,5.465522000061242,9.436217444590506,7.9505539496404944,7.9863348009634025,7.864000254798025,7.748096875854883,7.7734001485150825,7.971612431983812,8.179865801639021,8.043623319374946,7.970757444632085,7.954334256330373,9.341775615035463,13.400654805913081,16.06585476546363,16.699093254918456,17.163417058806594,9.250478528447275,9.67568110151238,9.687667024644377,9.82566273324394,9.359489230722444,8.688439053204922,8.308153081545841,5.271480674377437,8.932723198259145,7.748096875854883,7.748096875854883,7.748096875854883,7.748096875854883,7.748096875854883
7.714521162832383,7.714521162832383,7.714521162832383,7.714521162832383,7.714521162832383,8.640817232639064,12.948282366493586,15.356265596709244,16.57987033949995,17.61831889259144,9.903797729759058,9.922605792443258,9.903797729759058,9.775637377653139,9.348111159002649,9.083957776680139,8.057543978209576,5.585150189663724,9.291613497703135,7.849771756521419,7.714521162832383,8.102310218851374,8.231908534936677,8.23648596444262,8.171410595564005,7.9302871137446695,7.837499006054479,7.734147337340463,8.402976772929835,9.642637421208779,13.785217765101361,16.17506955162162,17.176667266226083,17.395583418970716,9.903797729759058,9.849479270297797,9.986023378332023,9.649852442425953,9.445172852520386,9.24992852738222,8.375049812805024,5.517594005052526,8.876057145098752,7.714521162832383,7.714521162832383,7.714521162832383,7.714521162832383,7.714521162832383,7.714521162832383,7.82735982887718,7.714521162832383,7.714521162832383,7.714521162832383,9.213159511190755,12.969928529894746,13.749224650452508,14.389269040242688,14.838512673684932,15.344417437620514,15.327749968542227,12.433261923854833,7.348167346596563,7.505051116815155,7.7730487895354985,7.76134820853317,5.455952409299279,9.287631693353912,7.7421246523536835,7.714521162832383,7.751790186886305,7.877484652134712,7.714521162832383,7.714521162832383,7.714521162832383,7.714521162832383,7.714521162832383,7.714521162832383,9.49317505779919,12.49309901022982,13.742437239102689,14.278728921340871,14.623914655748433,15.257384146633216,15.931144816355236,13.577256519773282,9.027656146405276,9.257084888456173,8.941819380519242,8.366975058297704,5.480337031671722,9.408593924295555,8.02725635766066,7.853191030099798,7.9484876055372435,8.032470771082037,7.932468354756218,7.714521162832383,7.9992983901876356,7.714521162832383,7.714521162832383,7.714521162832383,8.998066516352463,13.044888162477292,15.556809458321469,16.668442574772254,17.025082729934027,9.587935502683901,9.68741051238985,9.636164279755956,9.332985982449097,9.138085053533374,8.965980902848331,7.787605592217854,5.342283044653384,8.734963197078612,7.714521162832383,7.714521162832383,7.714521162832383,7.714521162832383,7.714521162832383,7.714521162832383,7.714521162832383,7.739411373893393,8.062239853725915,7.714521162832383,9.196293254430083,13.288977004575754,15.519880108292476,16.620893505645746,17.519283961305554,9.755015996483959,9.903797729759058,10.1350397528191,9.903797729759058,9.783696174574567,9.284743076041718,8.120813598581032,5.818446101680117,9.791156760646256,8.143173779296724,8.12834837989291,7.9703513174850205,7.7737009485727535,7.7578522657769025,7.883721025357166,7.767202356761654,7.714521162832383,7.714521162832383,7.714521162832383,9.297628928082984,13.047091208151105,15.721425139642854,16.36531718530172,16.93054715934638,8.99095008938003,9.474883863187264,9.22647511534363,9.10453904299011,8.835459301359974,8.62169421414313,7.810646373139719,4.724950332048187,8.592102739364236,7.714521162832383,7.714521162832383,7.771550528322186,7.8771836481802335,7.987258766979059
8.0376574881205,8.0376574881205,8.140501391156132,8.296306407360948,8.314439195981924,9.656150476600777,14.000840135856711,16.347896711249327,17.224947237401956,17.533794709518943,9.21512448936855,9.66117364899189,9.660297067004146,9.433612846356644,9.14857540934691,8.804315942146882,7.895674948660213,4.968297508792499,8.924102431805668,8.0376574881205,8.0376574881205,8.0376574881205,8.060113194581035,8.089969505079122,8.127364458203054,8.0376574881205,8.0376574881205,8.0376574881205,8.255160654138098,9.413422225650898,13.687183917625642,16.314764521693682,17.213238521839024,17.587533692825673,9.860187616371606,9.840098385385717,10.073508131276574,9.861924446124027,9.677475820234836,9.511065658126231,8.19372914075668,5.609178155345396,8.510118154509929,8.0376574881205,8.38600816013486,8.18939270704097,8.0376574881205,8.2310998167262,8.0376574881205,8.260035121660515,8.066602609101315,8.0376574881205,8.0376574881205,9.576968226630544,13.209299648830417,13.849539593808672,14.715644113759833,15.305354266998116,15.779777875510202,15.872065708246769,15.349380270481252,7.400120896404631,7.582648269146118,7.898948496505238,7.851455901219413,5.711053653659828,9.531110622816106,8.271874946428902,8.103156864293261,8.108405147809764,8.229651184183407,8.0376574881205,8.040428940078584,8.31018016700579,8.0376574881205,8.0376574881205,8.0376574881205,9.424042923854888,12.771942766346694,14.16083354813096,14.656173541596845,15.203233651599316,15.713722855967031,16.278047123669904,15.80702534551612,9.129304994519215,9.320997637728443,9.095385141332882,8.418563906578436,5.5721718681135135,9.470552922924073,8.0376574881205,8.0376574881205,8.0376574881205,8.0376574881205,8.0376574881205,8.0376574881205,8.0376574881205,8.0376574881205,8.0376574881205,8.0376574881205,9.216938196839719,13.472755238381865,16.336323812516703,17.14678257575748,17.746441756630663,9.7883818273687,9.950341914792718,9.950341914792718,9.822992581806242,9.542989948590229,9.340417472482724,7.951984682439016,5.504695049883028,9.299451888351154,8.055278879716138,8.064119814242522,8.337736490004339,8.293786382417837,8.35291544790571,8.411936794040727,8.182836876089002,8.331937956498649,8.522989812514384,8.0376574881205,9.294376994627463,13.343662230805426,16.03714661733486,17.09583406488128,17.81040495975248,9.589353956692765,9.886811603297886,9.692043806273345,9.699323351143136,9.41678663011767,8.956993631269032,7.717343008700992,5.3042207382064905,9.393250312645756,8.0376574881205,8.0376574881205,8.0376574881205,8.0376574881205,8.0376574881205,8.084974177628972,8.0376574881205,8.0376574881205,8.0376574881205,8.0376574881205,9.03635452310322,13.347937792070404,16.537123954888806,17.31280767870517,17.817308487720894,9.457940665406172,9.938372241127889,9.962602880792323,9.654384032356594,9.161020757805755,9.068765953091583,7.673520478735499,4.789202387149731,9.48180377563549,8.261288795519084,8.472337696664148,8.508063787511919,8.66149629053023,8.62349048601415
8.345108782095695,8.216360870748563,8.216360870748563,8.216360870748563,8.216360870748563,9.259361690897313,13.62939829435637,16.020597921413874,17.290319100242876,18.203071635104905,9.928609474867217,10.058277874356799,10.058277874356799,10.236127315052805,9.771930897224513,9.411796161198586,8.288242800491831,6.149503956262657,10.093079044005414,8.498335173239159,8.216684750933211,8.476471818765711,8.667440340804951,8.666475750466633,8.680377309665936,8.488756003934856,8.495578954612503,8.48486084703669,8.631244578279887,9.752688479163796,14.23739498851721,16.7755525746443,17.937471050332476,17.00750973080158,10.058277874356799,10.017807293964125,10.131891107396815,9.994559890497312,9.878136800793538,9.409309977945627,8.45909014327428,5.731813640894104,8.77328853696729,8.216360870748563,8.216360870748563,8.216360870748563,8.216360870748563,8.249864949704932,8.216360870748563,8.38542382835374,8.23736978030522,8.216360870748563,8.341838156505608,9.701490513513011,13.555060802067372,14.019416082239822,14.766154312777227,15.201530590854645,15.815491310768866,15.843760481089472,12.98806422268402,7.26818975672325,7.559474584824949,7.899225901623979,7.520560102870932,5.384221565119,8.870167911235601,8.216360870748563,8.216360870748563,8.216360870748563,8.469104560060655,8.216360870748563,8.266030294383508,8.45969803380432,8.369322367691789,8.250430250302633,8.216360870748563,9.669445865490161,13.28374199477426,14.699445713503088,14.879185430533578,15.391856633453415,16.038747792308325,16.63287638798431,16.858801869826408,9.04145213525835,9.43006955974724,9.135321892669209,8.377617677148118,5.631169807025614,9.816545011538528,8.474184068876376,8.216360870748563,8.429354018162705,8.387185911543147,8.216360870748563,8.216360870748563,8.216360870748563,8.216360870748563,8.216360870748563,8.341606460729786,9.61853267187726,13.774967764921247,16.45112048492561,17.453464101465798,17.928795994778447,9.760803205024214,9.968726361003903,10.058277874356799,9.75571440557735,9.280459923364907,9.189492343583634,7.8089115087271495,5.2958449449410425,9.477938018934175,8.216360870748563,8.216360870748563,8.216360870748563,8.216360870748563,8.216360870748563,8.216360870748563,8.216360870748563,8.216360870748563,8.216360870748563,8.216360870748563,9.311463133308285,13.750096074892607,16.074558325712143,17.24961768202843,18.16430906482838,10.325233298470385,10.291502638958557,10.067003671841057,10.058277874356799,9.964825189904776,9.487030582260576,8.307347706873328,6.053863237815852,10.39025919909882,8.98826253277342,9.041055296776358,8.794662098849061,8.464045996977724,8.663298106693917,8.653931654607913,8.541431749112228,8.394284978687526,8.405687513374387,8.281438363235718,9.183723240035249,13.429921776780326,16.177992925551884,16.962515309595656,17.517610951439153,9.177177002105344,9.77823756634943,9.421403496994408,9.556607740784907,9.208218353274725,8.985061593684632,8.22831717140002,5.787747564352834,10.245775309518356,8.216360870748563,8.216360870748563,8.216360870748563,8.216360870748563,8.216360870748563
8.12752480329054,8.12752480329054,8.12752480329054,8.12752480329054,8.12752480329054,9.362243174127595,13.810489593759634,16.41667080640905,17.669059723661896,18.30365846748385,10.347235943086881,10.573659548103846,10.179286392915374,10.18045335433901,9.816675180627747,9.625144834225194,8.52255525187348,5.729675414544818,9.845221404236797,8.597314246749388,8.326864719907658,8.552053492277034,8.587531398877326,8.396477055259355,8.253897859929463,8.12752480329054,8.182368809737463,8.154162970522748,8.525044771169323,9.761726110628771,14.046686036517153,16.555432493860188,17.6083567168512,18.029395877599708,10.176133664193308,10.062214960216767,10.290693823592663,10.046929303663799,9.887246764655464,9.74015814987633,8.49623712520895,5.700941566207058,8.455190245953245,8.12752480329054,8.12752480329054,8.12752480329054,8.12752480329054,8.12752480329054,8.12752480329054,8.12752480329054,8.12752480329054,8.12752480329054,8.12752480329054,9.792320383603222,13.534389173033805,14.21251539365188,14.896377102203626,15.32733448404894,15.986657814867538,16.016764274160657,7.938116673086609,7.746945995713712,7.7354641055886395,7.9393000420543105,8.045691198234108,5.6991241505274814,9.711242322787886,8.284115165290675,8.180822115676618,8.382604787355694,8.614779060739886,8.164307375978403,8.354347796983232,8.382340485445045,8.250016589025215,8.28770775876383,8.12752480329054,9.660905925341234,13.169334100301155,14.369302380427555,14.689300876842005,15.417513750072056,15.990403229206628,16.53974724449843,12.524893971692745,9.23214652286209,9.31879042890328,9.156168802496103,8.250710467599637,5.477176866331156,9.50068619808749,8.155762649591733,8.12752480329054,8.12752480329054,8.12752480329054,8.12752480329054,8.12752480329054,8.12752480329054,8.12752480329054,8.12752480329054,8.12752480329054,9.494874740413579,13.56333288588352,16.37904197810648,17.24493385626211,17.804430218955968,9.799639126031968,10.01501541012506,10.078549092313361,9.689388722404107,9.722134469461084,9.263161053112345,8.107416120048148,5.372609750342448,9.452994184473201,8.12752480329054,8.12752480329054,8.375953359861759,8.339643197933528,8.311992828211412,8.206585159551006,8.12752480329054,8.326034814940945,8.782098660618377,8.301341294412426,9.650571159580885,13.817082129541264,16.25278481891683,17.30740494125879,18.113299830788456,9.902641123751382,10.236139380388753,9.99722113502714,10.1950831326949,9.881027830621798,9.201575033527849,8.210616698109423,5.678268313833053,8.96980635633619,8.336351896128528,8.314323969546974,8.12752480329054,8.12752480329054,8.12752480329054,8.187063841090898,8.12752480329054,8.12752480329054,8.12752480329054,8.207543789442468,9.415819051705142,13.625971983798728,16.50011681824946,17.266642095808024,17.77803824021549,9.338968962382278,9.770749425564945,9.685738528057357,9.660055894173302,9.19853321119416,8.814523385317331,7.853058083675769,5.136758824452758,9.05067977253427,8.12752480329054,8.161559872416612,8.399304445040322,8.301620418762413,8.264883391431228
7.597933007205288,7.780795497170847,7.955491581120941,8.045377045856986,8.08818819951715,9.399878728614224,13.631323828747918,15.982677705880207,16.958954363132015,17.414126243910715,9.709363302403805,10.150956436651583,9.918960400322723,9.869412353475543,9.552821450122304,9.191605078071227,8.123363506145672,5.383921566612091,9.075219981924322,7.682641652254811,7.597933007205288,7.597933007205288,7.597933007205288,7.597933007205288,7.597933007205288,7.597933007205288,7.597933007205288,7.597933007205288,7.839761626667294,9.095405767792265,13.413352252529302,16.131765733961444,16.995215176341446,17.326515440382128,9.987843348612076,9.808748699226074,9.944394641836851,9.776604245368295,9.664581048128154,9.58262304077499,8.673448751638118,5.822534334892288,9.254322005865724,7.931020031064778,7.965869851753578,7.597933007205288,7.624489591511496,7.846484667113945,7.597933007205288,7.837349412809229,7.626159765242751,7.641147619585421,7.71590416259366,9.099722274191851,12.72886326995642,13.596106751104816,14.250722702103793,14.687848155001502,15.344374621965276,15.337406187439981,13.68928737313132,7.176106710893807,7.654861616839231,7.925748786726493,7.924730244777287,5.393433956618296,8.782676798655862,7.597933007205288,7.597933007205288,7.597933007205288,7.597933007205288,7.597933007205288,7.597933007205288,7.70095590290706,7.597933007205288,7.597933007205288,7.597933007205288,9.09429604894301,12.706025855886786,13.946100079199187,14.350145113124633,14.898508783471625,15.515589844052622,16.06953210104722,16.529123062238057,9.187343757690089,9.568801194245589,9.45293187498534,8.436063420932648,5.7698385977399615,9.207190146869788,7.950199534377555,7.837615389173284,7.719792677426251,7.627287795858912,7.597933007205288,7.597933007205288,7.597933007205288,7.597933007205288,7.597933007205288,7.597933007205288,8.731030933297573,12.841097235129897,15.723296820839648,16.762270193682234,17.426382338790695,9.99586151718396,10.14813092989942,10.063779909846502,9.525912799275439,9.377553723599128,9.091488642883583,7.780102086773999,5.491307558461414,8.751986324183672,7.597933007205288,7.597933007205288,7.597933007205288,7.6022821361992134,7.597933007205288,7.597933007205288,7.597933007205288,7.659189979746977,8.099921264408419,7.650469745295681,9.019936188246565,13.057250671979817,15.62535963353273,16.72182963942329,17.428202877551502,9.967137299114354,10.065168091330216,10.00737560005501,10.063779909846502,9.59801641861864,9.210902189087724,8.030483451871117,5.717892953915332,9.309399751746337,7.744890131407695,7.712153125430671,7.642494508034515,7.597933007205288,7.597933007205288,7.701403024002531,7.619045900375191,7.597933007205288,7.692047409901659,7.846931516403278,9.104543852629856,13.080569164166803,15.77522866374463,16.643424103711283,17.203911902372397,9.495603682347667,9.831933848772069,9.815353494739124,9.803228018963532,9.678021202815238,8.986604015732304,7.835324695953041,5.065828433793853,8.641421586106283,7.94235303481279,7.734571798714594,7.910549692289206,7.974037982332119,7.711791585777874
7.48095482338057,7.48095482338057,7.48095482338057,7.48095482338057,7.48095482338057,8.68869614366917,13.127988915002641,15.672705264496882,16.70655644208601,17.23745644318619,9.744346455310035,10.008825534131702,9.951480600047116,9.79216531986503,9.371969486124456,9.141610774329067,8.261847718967868,5.2800232919892665,9.023592551275275,7.665203272876881,7.48095482338057,7.531265133120796,7.555022015287439,7.647065232016385,7.691126640668126,7.48095482338057,7.48095482338057,7.48095482338057,7.7600759723392585,8.880688980309063,13.21005163708946,15.791839597720882,16.698156701418633,16.9681081396964,9.938944822302542,10.029390303292013,10.008825534131702,9.938373305856565,9.952459912694763,9.524229700032937,8.606369496318832,5.732904735916268,8.889371496336976,7.528025516121535,7.676606793320113,7.48095482338057,7.48095482338057,7.554502134986956,7.48095482338057,7.609003030901486,7.48095482338057,7.48095482338057,7.48095482338057,8.941960256240408,12.548335816827223,13.31823647882134,14.137350195280941,14.697964278991964,15.233722766455429,15.268131874567146,13.364355677939663,7.488632477005606,7.650514225044333,7.862852271616751,8.091640816438963,5.7976396476009935,9.236322844260247,7.815683072115893,7.715521813453188,7.733424413251697,7.888887140146957,7.75127416045612,7.7761670797701195,8.074752767165,7.882731556046021,7.753809518969526,7.557278872322919,8.951677079823865,12.438808985277781,13.731872401455487,13.984890726160607,14.511732244607362,15.203724118766575,15.852798567953407,16.1401540634426,9.113718624104452,9.343153476106288,8.919417208654705,7.990963210464366,5.146145026166607,8.769077127905042,7.48095482338057,7.48095482338057,7.48095482338057,7.48095482338057,7.48095482338057,7.48095482338057,7.48095482338057,7.48095482338057,7.48095482338057,7.48095482338057,8.363112083497906,12.596921873605103,15.496224207470823,16.493764403848264,17.126525578280166,9.843987185831818,10.008825534131702,10.008825534131702,9.863853049768158,9.6413840091607,9.542620240200069,8.216451892675634,5.592235925499773,9.088009553949451,7.696018889305805,7.57104081160743,7.75267923781456,7.636842170067444,7.817815595055035,7.838323408277021,7.637734838263702,7.758266120545959,7.949143273414016,7.48095482338057,8.637668688545148,12.81964565066604,15.10605446375367,16.1628712959402,16.846823162643858,9.524195695400973,9.735164499784512,9.570440801725812,9.734856180129876,9.413930605394437,8.996090039846678,7.684900252958049,5.12908150328497,8.817872284931195,7.485249089659086,7.504178931357705,7.48095482338057,7.48095482338057,7.48095482338057,7.545714221378559,7.649974156766238,7.720045380291688,7.8637718857228736,7.711749573737904,9.080623837372938,13.0384475601739,15.740680523791127,16.70701460975878,17.275169369750742,9.640335653171283,10.241231338561306,9.842962365055074,9.537131773286726,9.038656680194597,9.147924946200012,8.194534048357362,5.416906253380535,8.840494461326816,7.48095482338057,7.48095482338057,7.48095482338057,7.6758614319218035,7.707571739300586
8.332629516267762,8.171995217346499,8.064455851030953,7.959538688460843,7.959538688460843,9.357205413990993,13.722737529618522,16.18074720043126,17.36873735302592,17.918683799123567,9.959145110662725,10.006968912550942,10.092027252847853,9.959145110662725,9.612315238951469,9.181542198764351,8.161086371616612,5.761109308253906,7.994251966855956,8.075633384980817,7.959538688460843,8.02211680284389,7.959538688460843,7.959538688460843,7.964911397151737,7.959538688460843,7.959538688460843,7.959538688460843,8.221493329193127,9.601121635493286,13.860048135390532,16.517223897344323,17.387205194385167,17.57691980630273,9.796537165449177,9.736605574324784,9.959145110662725,9.614518724121522,9.488259380044255,9.490778071113692,8.388838343401158,5.677998403934465,9.590548676108828,8.140800238271893,8.18433630365869,8.143938661249821,8.306484499880417,8.337468858243303,7.959538688460843,8.345037996013602,8.029669792531614,7.959538688460843,8.036074802878634,9.67070460444866,13.389806473039709,14.29003820226426,14.836129142925621,15.27091143387743,15.929593224670572,15.876324326851318,14.793542498862202,7.342029207733998,7.8474052605586735,7.8208722979172745,7.52769018665752,5.477855452886882,9.310503934862172,7.959538688460843,7.959538688460843,7.959538688460843,7.959538688460843,7.959538688460843,7.959538688460843,7.959538688460843,7.959538688460843,7.959538688460843,7.959538688460843,9.300032186205486,12.661171151433056,14.120409022516395,14.342054580226613,15.031542423386426,15.561625447943038,16.164539237316195,15.686747070430652,9.158357284816153,9.231107667360522,8.892834197315215,7.980829768646908,5.230502146018161,9.349620248715416,8.011087421290902,8.051352753304638,8.141718684815658,8.140673947466416,8.209867692908203,8.079639417259207,8.263617081979431,8.196747621608589,8.16430984306223,8.030283057937556,9.332637474442425,13.278617139202783,16.02921782303256,16.964040470314583,17.513458602349367,9.67351003493628,9.879445669417658,9.9129704615685,9.579889890364372,9.075386977744827,8.894668764510634,7.639361143951491,5.3013471502672935,9.152157822024272,7.984267556962145,7.959538688460843,7.969922237143823,7.959538688460843,7.959538688460843,7.959538688460843,7.959538688460843,7.959538688460843,8.27759929950045,7.959538688460843,9.372889366725172,13.69274235029665,15.864835573623623,16.969138997826864,17.738567882033525,9.799385312498185,9.959145110662725,9.905652421380887,9.959145110662725,9.721513006854796,9.295279312329152,7.988103287986525,5.831507613757721,9.35617120000003,8.16775497758213,8.076521529522415,7.973292980109279,7.959538688460843,7.959538688460843,8.108548315715554,7.959538688460843,7.959538688460843,7.959538688460843,7.959538688460843,8.898833232319632,13.044032042231567,15.885943798074571,16.920166065033385,17.50857318129615,9.32574522541715,9.791429733767297,9.817533790974487,9.748667162463338,9.444181959696206,9.2644388305067,9.030912680772818,6.113107067142824,10.098992342497922,7.966332430737088,7.959538688460843,7.959538688460843,7.959538688460843,7.959538688460843
7.931495348158908,8.031957095777818,7.94900387538729,8.163153789008183,8.19572961442313,9.48962528112389,13.841758825603875,16.294339394082627,17.264847462587106,17.659036457561335,9.699904200542006,10.140063706599067,9.94872904154929,9.903967746138742,9.29554758229935,9.05731592836155,8.015200884899429,5.126757261208168,9.243263457421115,7.931495348158908,7.931495348158908,7.931495348158908,7.931495348158908,7.931495348158908,7.937265799393585,7.931495348158908,7.931495348158908,7.931495348158908,8.186377452415593,9.532847427161093,13.901060464116853,16.41688891578341,17.208130467379167,17.674854426602202,10.08073278793816,9.980032388610732,10.063383386295705,10.098927151873633,9.829827963317772,9.43322647463901,8.46029931436168,6.027907872576013,9.09905532266802,8.165224795188562,8.242627109444133,7.931495348158908,7.931495348158908,8.08971256508114,7.931495348158908,8.028955171513344,7.931495348158908,7.931495348158908,7.931495348158908,9.465093813096843,13.193169910206066,13.915415461465688,14.648787755196512,15.176840759377413,15.732695024302135,15.705477392691709,12.922220996758236,7.654901372633747,7.8288981143602125,7.956717345900336,8.099748471289622,5.652557924797189,9.540001532684222,8.035613953300285,8.039121407687869,8.132647301512025,8.144819462920399,8.110192875398301,8.032570472452154,8.381755027558716,8.113987514458056,8.054965872096803,7.931495348158908,9.26705549192895,12.81671262399532,14.200663750544344,14.428781165584597,15.07524310368845,15.68249332163987,16.322436368251697,12.154896435728485,9.089837207245854,9.243909300218293,8.979434129482643,8.158200968103014,5.187605143258434,9.290295088171774,7.931495348158908,7.931495348158908,7.931495348158908,7.931495348158908,7.931495348158908,7.931495348158908,7.931495348158908,7.931495348158908,7.931495348158908,7.931495348158908,9.22292311237692,13.157720288640125,16.07889446897171,17.027337997217252,17.68101402328343,10.071701393553669,10.063383386295705,10.197584638593217,9.934830078117194,9.491209099314025,9.539531845744516,8.088927639258326,5.7458694655900375,9.489646424933706,8.20656206805202,7.931495348158908,8.218358551945895,8.042572019342055,8.14648631867217,8.209540927194173,7.995547708323429,8.166267421193407,8.226294922198727,7.931495348158908,9.245318455788034,13.629849265459281,15.925750904158058,16.85653680195253,17.560679053237838,9.573343653132063,9.7339682169197,9.617358292454709,9.809869377064176,9.404757609346914,9.014717107912789,7.747759073643171,5.351372301623657,9.393145627059484,7.931495348158908,7.931495348158908,7.931495348158908,7.931495348158908,7.931495348158908,7.988042883603858,7.9643282779899955,7.973368704700442,8.086108107842666,8.153692102815572,9.219061143029165,13.588353414022192,16.427644966780374,17.397128535223352,17.923651387380318,9.697441921412933,9.92673079349072,9.941513921389188,9.67964933047367,9.23463241617195,9.252283795787314,7.949275924493448,5.160790697384649,9.372529812663274,8.141499828545554,8.17490922242023,8.26333514684061,8.435967343550876,8.320514569165741
8.0175115811483,8.065948065024044,8.076627617690848,7.7945856242151885,7.7945856242151885,8.944234057852091,13.399340041491723,15.903134190275665,17.092158992095655,17.135920460766663,10.192420639999238,10.408001533515568,10.354257923801654,10.309761537138632,9.846803840923632,9.515137174850123,8.447016711596003,5.8413949519546104,9.430106922166416,7.860103922755357,7.7945856242151885,7.988993700868728,7.858497977082643,8.079374573594794,8.097427358088966,7.846706858493228,8.011930528803267,7.952569340985741,8.230874388204374,9.5235171161388,14.029713956343429,16.881441287868114,17.700163386795772,17.922228323678613,10.400550747270755,10.168601790587251,10.388051448628735,10.296039373860873,10.202851502689049,9.824393168646477,8.918223280929903,6.140103413040367,9.175706883169275,7.956590633488988,7.795553226027597,7.7945856242151885,7.7945856242151885,7.907661606526413,7.7945856242151885,7.811348446048169,7.7945856242151885,7.7945856242151885,7.888053043230225,9.24433306687868,13.22449923686683,13.981697770260368,14.669170334560299,15.070617923177057,15.64073112754447,15.624033992867659,7.978495964248909,7.6338319983492084,8.113148445576602,7.9449811429183805,7.730674887133563,5.515471316675885,9.07339260422998,7.7945856242151885,7.7945856242151885,7.7945856242151885,7.7945856242151885,7.7945856242151885,7.7945856242151885,7.819734960676874,7.7945856242151885,7.7945856242151885,7.7945856242151885,9.223039465996516,12.842148330606836,14.378516121213977,14.550311180399502,15.19104210676851,15.823891882178426,16.372933500751014,9.258086628469394,9.435991128806895,9.632053944123097,9.632855844771207,8.642695086474811,5.7858981081629475,9.128102183199502,8.119943695910058,7.920493872791532,8.187591369924105,8.18914343693542,8.174390049733264,7.982974734149238,8.053464716700894,8.182689036779296,8.01326219622164,7.908208499460508,9.272117416540935,13.267854798538423,16.02036738778849,17.154411222531817,17.713550758091507,10.047149844845112,10.22673435645054,10.341894094376894,9.783196522917763,9.354290411026605,9.170024030548264,7.815654200481521,5.3887517610985,8.9096975570304,7.7945856242151885,7.7945856242151885,7.7945856242151885,7.7945856242151885,7.7945856242151885,7.7945856242151885,7.7945856242151885,7.7945856242151885,7.7945856242151885,7.7945856242151885,9.173341473316277,13.690768461296468,16.15694713079172,17.383907433647916,18.11972789888074,10.325142274665552,10.325142274665552,10.467152582071563,10.325142274665552,10.018762069560852,9.593378700508971,8.41922260141987,6.261159963950141,9.64740709366205,8.318625389906234,8.310938521380638,8.297019998605153,8.026204191097364,8.126619341870477,8.061840016625181,7.837374993564247,7.7945856242151885,7.8808016177573,7.902548287889949,9.169325354241522,13.374770371825942,15.874034982029613,16.711610669871206,17.24083063374361,9.348173249318888,9.803658976467945,9.865163939280414,9.886759868400018,9.70364651663173,9.70279044342714,9.335000806562192,6.429983021793283,10.087334815763429,8.181212705683949,7.7945856242151885,7.7945856242151885,7.7945856242151885,7.7945856242151885
8.156947740358087,8.068903974400174,8.068903974400174,8.068903974400174,8.068903974400174,9.380147872453112,13.734648839933906,16.319553819334573,17.557277566845475,18.142475040680633,10.07357106628046,10.07357106628046,10.07357106628046,10.165930346716587,9.87558429570322,9.536400656347773,8.430417650329739,5.760899468172865,10.10171117394264,8.530665165086349,8.244738274278145,8.45883894473944,8.38197223224486,8.39091841953239,8.370579211031401,8.27932424292541,8.336766823479026,8.245551277461917,8.50124202653035,9.778564877670274,14.109507309911574,16.591402239722903,17.408982964096726,17.873786091503185,9.985910360798483,10.058125291295903,10.209531494440288,9.91089192309098,9.573374619599818,9.095110091865731,8.191533550305005,5.550541221664259,6.7944817789476994,8.068903974400174,8.068903974400174,8.068903974400174,8.068903974400174,8.068903974400174,8.068903974400174,8.068903974400174,8.068903974400174,8.068903974400174,8.236586401740059,9.892822662783308,13.54847060423581,14.219183951833571,14.829567130612041,15.336754125997413,16.01723709656596,15.989549393041168,12.021111728179505,7.51460653437576,7.768063133657939,7.790269496877875,7.933667579724543,5.806576103183415,9.975894929939964,8.61759392951659,8.483776633894639,8.395222688690337,8.494938582749906,8.167680708962505,8.280479079338706,8.32059791282965,8.236995239386237,8.25744134347997,8.068903974400174,9.530063340373616,13.008945262174013,14.249417485448472,14.523685044854027,15.253627369670783,15.788701411880455,16.287082477053204,14.806234395062708,9.024719993340149,9.200529020583641,8.855669368006517,8.01049520787303,5.407362017454857,9.020322477239821,8.070204265374631,8.068903974400174,8.068903974400174,8.068903974400174,8.068903974400174,8.068903974400174,8.068903974400174,8.068903974400174,8.068903974400174,8.068903974400174,9.445483539514427,13.456052168511917,16.272141336496077,17.0825985400706,17.744013003091595,9.686481203669398,10.145692992053409,10.006762547684152,9.508104633103443,9.36798698346207,9.295226146875539,7.900122665697629,5.385482596783922,9.509885985722548,8.163414661030188,8.068903974400174,8.158100372061508,8.1641168751974,8.231980734669838,8.207600611950683,8.068903974400174,8.211133739267215,8.578509583425099,8.09425295687308,9.464252431681093,13.60376675431089,16.11387536575053,17.15741952572825,18.08886310131375,9.889685087800697,9.970879245452382,10.178471370935377,10.138071386158158,9.752546042999372,9.45352533587742,8.088126928527625,5.576145479601741,9.720061221854309,8.520732262240532,8.37678300192558,8.068903974400174,8.068903974400174,8.068903974400174,8.068903974400174,8.107915046724488,8.068903974400174,8.068903974400174,8.07980390990507,9.340448984593408,13.397729843046708,16.119754191791152,17.03412389368743,17.38686606518892,9.027432441251005,9.449671571191045,9.71014518247634,9.64939185072835,9.047889747147241,8.97700699251813,8.323326689259085,5.939758371039855,9.553603262232732,8.068903974400174,8.068903974400174,8.068903974400174,8.068903974400174,8.068903974400174
7.471927736956481,7.471927736956481,7.471927736956481,7.471927736956481,7.593108563312498,8.905026497446613,13.31445479601543,15.772689588505356,16.772860969651408,17.211616248870264,9.82302601161889,10.127660436110165,10.277956615266241,9.846080547286334,9.63424338894321,9.2905333636995,8.41243234085708,5.59455895036066,9.089942922975991,7.6132629906724825,7.471927736956481,7.564637663494804,7.471927736956481,7.471927736956481,7.471927736956481,7.471927736956481,7.471927736956481,7.471927736956481,7.505003750294856,8.82132687040288,13.183290305905944,15.972383060773739,16.872378769105552,17.404992067714808,10.170831082657658,10.125098234007112,10.21025297224788,10.240287523423351,9.87638011197369,9.494921281511957,8.486822056457736,5.784303745244073,8.91532090708836,7.490869949636575,7.562357510030549,7.471927736956481,7.471927736956481,7.614742654208435,7.471927736956481,7.584050813712872,7.486827217328233,7.471927736956481,7.686400785368266,9.223108419198335,12.97024036126563,13.763890627935218,14.538650617918941,15.092161893690442,15.67693888997536,15.577539154750504,11.329487302305756,7.644726140109679,7.974017271262495,8.08862173176827,8.29351552601963,5.898081848622464,9.383087275617285,7.880494251392598,7.82045976992117,7.725071460870726,7.594386559147523,7.471927736956481,7.577651506170404,7.7619174658811305,7.4852556917201944,7.504608830392593,7.471927736956481,8.668518666249904,12.126653794235786,13.55529060929771,13.890754293774762,14.60360480996016,15.157228672754433,15.719690312547167,12.517888864314708,9.184902264181687,9.329135977610406,9.356416726096148,8.146709425103762,5.383985175043302,8.259291221412802,7.471927736956481,7.471927736956481,7.471927736956481,7.471927736956481,7.471927736956481,7.471927736956481,7.471927736956481,7.471927736956481,7.471927736956481,7.471927736956481,8.90346427643332,12.84981910744273,15.85909069551715,16.807042998343906,17.487218934784966,10.134672390992359,10.21025297224788,10.21025297224788,10.134452870786928,9.863159897779598,9.57868724361235,8.14840170243686,5.707822467806366,9.005143594580087,7.804803859753718,7.471927736956481,7.739630218108483,7.539533457983441,7.607376933514659,7.718560260465338,7.56034860190621,7.672795176172293,7.754925773730748,7.471927736956481,8.70502523660111,13.012206717570528,15.574591200489348,16.577664892508945,17.340543604408317,9.592806264846633,9.696040653209302,9.667501972961006,9.87502376597778,9.54675774314535,9.112200867816659,7.961508298181971,5.566956627804826,8.539602100422934,7.550612273013877,7.471927736956481,7.471927736956481,7.471927736956481,7.472667057613606,7.515943614491654,7.484776792739247,7.475246584155393,7.547646460777316,7.656715619295499,8.958663563674351,13.306386262242839,16.136919561590254,17.093310413918502,17.59716837833294,9.795391702154038,10.27089856211298,10.161107823939547,9.950638860724,9.780731919083824,9.278779758084134,8.249730718464464,5.436395521941225,9.113020067607401,7.694585405490014,7.566510288070968,7.758818412988902,7.856181312041626,7.673906744805241
7.889278408557557,7.813010296039874,7.752913573035308,7.707692903996788,7.707692903996788,8.845918655996623,13.17374376447108,15.601853286128534,16.737284140283847,17.481542579892142,9.972083565333744,9.924725207932829,9.92918441302118,9.983044097335027,9.59774116397943,9.177346290798832,8.310253271987992,5.693416247493436,9.60889485855654,7.850637487292563,7.762136169318945,7.907432359636807,7.707692903996788,7.837010095735948,7.792197015966423,7.707692903996788,7.740665322089762,7.7577118294673895,8.053756671505797,9.317776488898076,13.636703134221694,16.323257407494562,17.17975661379368,17.52122618062326,9.924725207932829,9.837099832772237,9.924725207932829,9.796475060525783,9.601773746098921,9.197465681663648,8.435763169058387,5.605929888867166,9.232531697942758,7.780115018720923,7.707692903996788,7.707692903996788,7.707692903996788,7.834452228476937,7.707692903996788,7.763579990977423,7.707692903996788,7.707692903996788,7.804764434178206,9.2227390183294,13.061543815400972,13.784031082615257,14.4188338186969,14.832827424141835,15.43886379413441,15.360185168186847,15.320334747614544,7.662586158658564,8.054871344124367,7.73141204413859,7.653701412258785,5.496137307066954,9.165654244749621,7.707692903996788,7.707692903996788,7.75275736891817,7.787463789509554,7.707692903996788,7.713175206814436,7.824484585833115,7.707692903996788,7.7330728240747195,7.707692903996788,9.013806927981275,12.504123006359531,13.841467390558947,14.133770062777877,14.681349092749159,15.318593195797355,15.786627556390242,16.38775812162061,8.890381853497804,9.229192013333996,9.117954228262361,8.001725224139303,5.2302790636468615,9.075374984792884,7.744536278619799,7.707692903996788,7.867884059705512,7.879916975980451,7.988716787666985,7.81494384595885,7.95373394230995,7.988223870529868,7.879428865266063,7.707692903996788,9.169954292358025,12.923461353879294,15.668722013815794,16.717325506873486,17.250661553453995,9.625519033775522,10.044272886510687,9.842251134818458,9.345245136913487,9.100540684559785,9.10313284713994,7.709615045481878,5.2645360416818106,8.949787004018074,7.8778473858119975,7.707692903996788,7.731706554509132,7.707692903996788,7.707692903996788,7.707692903996788,7.707692903996788,7.707692903996788,7.812172194562717,7.707692903996788,8.810078196934777,13.036952086259559,15.440022068067174,16.62281082720781,17.52484297675447,9.781824492487578,10.084810896645797,9.871126806337609,9.924725207932829,9.567082989904165,9.251120295103629,8.007446434848715,5.753834016428508,9.561324139961762,8.071585135335077,8.04201975692601,8.06248857362283,7.73536914105996,7.998562337930364,7.968807845273147,7.9881526430422705,7.850269509417043,7.956135748720195,8.071633273507333,9.314824310112861,13.114341112016406,15.770949449117508,16.62528295527983,17.088536921771258,9.186245086199117,9.588031493234096,9.649742540936964,9.612763172268265,9.164095353059357,8.846061227812248,8.143835099643784,5.337683584242585,9.118995711243873,7.707692903996788,7.707692903996788,7.707692903996788,7.707692903996788,7.707692903996788
8.432725985857783,8.151464870912783,8.171508497210692,8.391644536152944,8.549092264037865,9.881960713855344,14.119244783625106,16.598333126948184,17.72522055626424,18.002487726495616,9.922308780282822,9.851022855582832,9.888157904683302,9.851022855582832,9.634604558604934,9.12467184343794,8.1003404707824,5.247679236946814,9.679891838404155,8.199709644483233,8.151464870912783,8.151464870912783,8.151464870912783,8.151464870912783,8.16239319837208,8.151464870912783,8.151464870912783,8.151464870912783,8.436018358088223,9.873965998614992,14.095513853551175,16.58263639907639,17.338051629928163,17.66606350942763,9.535573408014574,9.37809470708528,9.667014131298542,9.680905270177023,9.222240685570062,8.88345078468991,8.090306569207529,5.438413299282413,8.782396445165556,8.210795618178638,8.357104197082256,8.313554904010703,8.475638588368485,8.622877468715384,8.23127456208295,8.632227621626278,8.387263887108645,8.235906289120546,8.363043003106478,9.83875786749636,13.59436764692088,14.309082242382349,14.837748953084425,15.260064504825428,15.863420583554877,15.792090396321075,15.587200331581665,7.1559808695541065,7.846616134956275,7.569396918016703,7.71230099215521,5.272063683577858,9.395246037611273,8.151464870912783,8.151464870912783,8.151464870912783,8.151464870912783,8.151464870912783,8.151464870912783,8.151464870912783,8.151464870912783,8.151464870912783,8.151464870912783,9.383845755406629,13.05740720632732,14.388488907821982,14.681450457258274,15.301315902597201,15.822121038112227,16.27939825774199,16.916433632248122,8.936534766162442,9.102264333812808,9.010964104216123,7.959598403909047,5.429361537158014,9.633183900322182,8.475146395867137,8.41551387243168,8.407689729122898,8.181701280234288,8.218911771423095,8.151464870912783,8.281257505104785,8.181944897081749,8.283297854402889,8.178354787746512,9.67199048267196,13.367970839635252,16.231378589212042,17.14405115914043,17.676087619637006,9.498662933788836,9.83830709986087,9.468201311626686,9.269288441168378,8.839157863318992,8.834712582126894,7.585672657093714,4.9739186263552275,9.327579697301836,8.151464870912783,8.151464870912783,8.151464870912783,8.151464870912783,8.151464870912783,8.151464870912783,8.151464870912783,8.213621665354003,8.695300409909267,8.276294983017445,9.758246594668524,13.967999444573902,16.2943968443861,17.2265545418507,18.002487726495616,9.891665169047098,9.986951530475691,9.914826793299762,9.851022855582832,9.616533716589986,9.377580855187556,8.191461725604356,5.771912838928133,10.127416512431605,8.673732858909819,8.485793306474692,8.151464870912783,8.151464870912783,8.151464870912783,8.151464870912783,8.151464870912783,8.151464870912783,8.151464870912783,8.151464870912783,9.164593299162037,13.197897999771978,15.893477647848336,16.785873002337965,17.213084937340213,8.852209992292998,9.297912394411194,9.523481035757117,9.443313075951613,9.169698082706086,8.886793885503335,8.099517453512501,5.559629170875903,9.725481811055094,8.276606805242613,8.223449680228532,8.156620328873428,8.192459465815759,8.174755641548506
8.147022816186826,8.147022816186826,8.147022816186826,8.147022816186826,8.272737489377707,9.685768887910363,13.981970312697904,16.42859281219323,17.36860801480661,17.775784108285173,9.65430773022696,10.000065996931722,9.87082403303044,9.713699443064487,9.448090664607951,9.002186908214563,8.018045001485625,5.045285581470776,9.243691864084361,8.147022816186826,8.147022816186826,8.147022816186826,8.147022816186826,8.147022816186826,8.147022816186826,8.147022816186826,8.147022816186826,8.147022816186826,8.147022816186826,9.464693833689916,13.667737178965675,16.385233998686026,17.175425445479696,17.75260727897756,9.861059337898137,9.53826570725393,9.79054198620574,9.551967226975071,9.37486445408986,9.250084608306173,8.28497576606094,5.47358585960009,9.543429144301268,8.296200843595972,8.552833445443822,8.311293480976735,8.186831189253224,8.565553527374378,8.147022816186826,8.568302800794072,8.246006025569006,8.148268640109444,8.277948680799451,9.613707162335604,13.450637189566912,14.260329088070598,15.01954269805681,15.49321132180968,16.04849907172555,15.925912401596332,15.777813737979443,7.282252017475829,7.842191197103933,7.954221791220408,8.121358480256728,5.561484045640052,9.641058378141876,8.170575064643273,8.147022816186826,8.201185030687627,8.147022816186826,8.147022816186826,8.147022816186826,8.277597339432356,8.147022816186826,8.152778370334357,8.147022816186826,9.321199869925431,12.915749053592755,14.193231801063767,14.526576192476005,15.072196693412767,15.690372647100446,16.157901572619654,16.39742555794109,9.142284249997777,9.1311799729356,9.09385588335576,7.857493786651112,5.186934711882367,8.999243397144587,8.147022816186826,8.147022816186826,8.147022816186826,8.210197374153964,8.216437974372669,8.244966101630796,8.180369964853314,8.147022816186826,8.147022816186826,8.147022816186826,9.674011566591032,13.33916587731147,16.391984950062422,17.219867387744166,17.69957708241202,9.673004798559957,9.908334305598054,9.95523358911262,9.703159363018658,9.331418799104085,9.13528924768645,7.7793307507212175,5.424423980024783,9.434452453567467,8.253671974176996,8.147022816186826,8.303988378426919,8.208698078345307,8.22286532331535,8.419420950632345,8.147022816186826,8.306229289291764,8.459477446889087,8.151547800056742,9.53223272894552,13.698103172047658,16.152485338250575,17.10038363936559,17.821747982287633,9.579784855505471,9.632562282655469,9.620515977083652,9.754239067030118,9.257777842181708,8.812701730420804,7.620411430021104,5.459143999260463,9.592913629701904,8.147022816186826,8.147022816186826,8.147022816186826,8.147022816186826,8.147022816186826,8.147022816186826,8.147022816186826,8.147022816186826,8.147022816186826,8.191457482287301,9.574657388193287,13.755816689793747,16.564292781627977,17.47683820894871,17.99427846354866,9.599084860765942,9.754380014048614,9.803184591062227,9.684291718249504,9.231315639952784,8.990238776486622,7.800712799061906,5.061868184800169,9.492381829307437,8.240787608736474,8.30233085258145,8.538788538766951,8.701292807473198,8.63326358089223
8.13584853864917,8.327781897240419,8.213160673188288,8.107943973722215,8.292801317830913,9.663075388467817,13.811394842760535,16.32987834046499,17.268113287092895,17.760564612249425,9.888562814927136,9.966828058326298,10.071913485929409,9.837208683620855,9.658549948495931,8.880164768397064,7.945620322124764,5.353449069221429,9.297167793013115,7.938564695394238,7.938564695394238,7.938564695394238,7.938564695394238,7.938564695394238,7.938564695394238,7.938564695394238,7.938564695394238,7.938564695394238,8.297749134933824,9.6543969278883,13.830775757840534,16.463165498694956,17.289069673813167,17.780247314506372,9.966828058326298,9.735493870271386,10.053944689293083,9.623306455792633,9.648884574168736,9.365021060443814,8.639377404948027,5.949494189487406,9.770441077737138,8.652875338936987,8.626928696292048,8.478165848558346,8.44259287072264,8.615254047470561,8.165183882225678,8.47500766505887,8.091127896917627,7.956473584622295,8.02711240588809,9.376901093893444,13.308191458321485,14.127404037453271,14.758064978611738,15.120100876273249,15.686230451520725,15.570089319867483,11.764478554436476,7.0778586925712315,7.760106754275253,7.674062952829778,7.532943585661158,5.023487564218218,8.878616008741647,7.938564695394238,7.938564695394238,7.938564695394238,7.938564695394238,7.938564695394238,7.938564695394238,7.938564695394238,7.938564695394238,7.938564695394238,7.938564695394238,9.12991970097567,12.810269646513586,14.27915962040145,14.630780296042895,15.131603245013409,15.73167556069771,16.139805291152783,16.409084342879304,9.161450163794287,9.300843165734163,9.239773532229147,8.003747603408577,5.333321730769718,9.592636449457748,8.068926712351114,8.025089470152968,8.31774624833919,8.39707302020865,8.37251531146075,8.316038856196991,8.422759349135879,8.36776621052061,8.223588649132475,8.09202627813482,9.46741081089538,13.224055807294011,16.111426603273564,17.258709170929443,17.790640555964337,9.951048647499578,9.966828058326298,10.083474051263872,9.655686667034908,9.23157409758669,8.891414622431961,7.639551688124576,5.375200914662032,9.119249548990435,7.938564695394238,7.938564695394238,7.938564695394238,7.938564695394238,7.938564695394238,7.938564695394238,7.938564695394238,7.938564695394238,7.938564695394238,7.938564695394238,8.91714956779389,13.176776806354768,15.643127757380537,16.800312865297222,17.6152101254264,9.874472865211807,9.93161757411861,9.913831804335667,10.00439621429634,9.657131443441068,9.397906905589048,8.054672425466038,6.0857317752065665,10.211556206039182,8.511210801847222,8.393496463442712,8.515884121829174,8.337902052491883,8.360644025718852,8.421706361397424,8.282723972694486,8.137914080288024,8.166692613899098,7.957321206567413,9.148608599642792,13.362540477356825,16.012164167036367,16.90922179795022,17.48359348991606,9.311190069790943,9.670508100652214,9.715316961666781,9.487015556377438,9.25670322669054,8.939212154653708,8.034880765107761,5.169535329851271,9.46108798339338,7.964927318784576,7.938564695394238,7.938564695394238,7.938564695394238,7.938564695394238
8.125415619084864,8.125415619084864,8.125415619084864,8.151085294143527,8.25338560423506,9.494052375416002,13.821902546373494,16.271381521063354,17.463658908280337,18.07133571660691,10.157894084431115,10.027091387236627,10.170027358750529,9.908405663083622,9.711679031631306,9.111393626860684,8.035042784016166,5.403919309168357,9.555204294498392,8.287043650731981,8.208180958240375,8.488614912789368,8.46123071246526,8.362413392853599,8.381342250866982,8.125415619084864,8.177815955702249,8.286009304217032,8.560518677989059,9.730030771451405,13.95175450382348,16.670717787834466,17.40417326654182,17.879254532415313,9.923081590122665,9.8581725114278,9.945920097522047,9.813921466117023,9.709026827338842,9.55620179166067,8.837317622582487,6.017793521542886,9.705895315458564,8.176427573418598,8.152267325381201,8.158342263215978,8.125415619084864,8.238806677865018,8.125415619084864,8.215914677449643,8.125415619084864,8.125415619084864,8.125415619084864,9.575202290328555,13.34147816649116,13.97988158551254,14.617391620221117,15.030984095322935,15.54927860346432,15.546778075905316,14.479729495351204,6.9885939350256345,7.61386217407432,7.694699169550428,7.4869915236642175,5.340773708705512,9.207557379637816,8.125415619084864,8.125415619084864,8.125415619084864,8.168922095708995,8.125415619084864,8.125415619084864,8.250966738049042,8.125415619084864,8.22921306901399,8.196857269466397,9.601911339319386,13.204485062769066,14.589851433336088,14.784192458934733,15.450216095950783,15.988503560926539,16.414101295297527,16.360887431304647,9.031982610113717,9.248360646369266,9.203875320456753,8.179774242167356,5.508329968255972,9.717496862241326,8.404202840924397,8.195543717196546,8.410600290699877,8.206826996744157,8.230589687465553,8.125415619084864,8.132210430498429,8.125415619084864,8.163831028749794,8.125415619084864,9.65553811100915,13.24953487079746,16.26530449213795,17.192850825123443,17.676854077664313,9.692181728595276,9.756325805959662,9.571772288658586,9.544396557675142,9.033914620382753,9.09184898270282,7.535324385656992,5.082384941699582,9.223838226836676,8.125415619084864,8.125415619084864,8.125415619084864,8.125415619084864,8.125415619084864,8.125415619084864,8.125415619084864,8.125415619084864,8.389296064890623,8.125415619084864,9.518758127167914,13.946789018087536,16.311033082540707,17.203673402439033,18.01836994260048,9.999182140396433,10.026948370124224,9.945920097522047,10.06516282357412,9.632159021409354,9.216324489591521,7.964979326211268,5.895453769741985,10.089421673778078,8.868825559876845,8.675949881664863,8.34794254553301,8.168011005439467,8.237258483459302,8.256745475096693,8.20473069112886,8.125415619084864,8.125415619084864,8.125415619084864,9.214567437916449,13.448115766737969,15.84488862391045,16.661031652275774,17.229876180558506,9.126376138597115,9.46913999439013,9.379773506868768,9.131241740755142,8.773976854011964,8.62884937731446,7.18437907753602,4.599114495181469,8.925879071013945,8.125415619084864,8.125415619084864,8.291718078883767,8.330109335641474,8.310812241895142
8.171343765394427,8.171343765394427,8.171343765394427,8.261215007804012,8.391856064082472,9.73327886044041,13.842811881212377,16.364318787053882,17.3687174860623,17.78264653647897,9.55260075441142,9.812258776134552,9.694854157932102,9.334474541077169,9.27729422812679,8.872953402339697,7.886725860532518,5.003163464865671,9.40226882110635,8.220153739073007,8.171343765394427,8.261773225630629,8.192058791668762,8.186617919000959,8.25208444301111,8.171343765394427,8.171343765394427,8.171343765394427,8.271893065545415,9.685176923728308,13.817996432697475,16.41547440419395,17.130858224580685,17.777235446927715,9.787114530488541,9.841443668872914,9.933098320889584,9.792763179603897,9.522956148263063,9.372846137222469,8.585281236023567,5.655042125110608,9.521544832930896,8.171343765394427,8.171343765394427,8.171343765394427,8.171343765394427,8.253495847232854,8.171343765394427,8.25337450784836,8.171343765394427,8.171343765394427,8.248705482014458,9.710418586198083,13.337730067932402,14.029337729269496,14.769269718888285,15.291842241649444,15.798999709578945,15.700330959704917,14.673295406007528,7.210530654641431,7.758497456774092,7.8558443371508115,7.872582607972385,5.4183499561097515,9.75240365814103,8.266681101253091,8.171343765394427,8.298542942942975,8.303220558852296,8.22568828354329,8.173632728065707,8.263462180672212,8.171343765394427,8.266868821816148,8.227147307853345,9.51945982058219,12.859190491094274,14.288493944374064,14.651258604807685,15.236009529487612,15.796980785980704,16.2430453450964,16.88490221388294,9.060460099351468,8.99181840647054,8.838062051231944,8.218616069150837,5.353857863068548,9.724948314958814,8.328157145707372,8.195117690110623,8.171343765394427,8.171343765394427,8.171343765394427,8.171343765394427,8.171343765394427,8.171343765394427,8.171343765394427,8.171343765394427,9.515688082956157,13.270597934009835,16.217814063824157,17.04512590896782,17.57914348268321,9.562183623228687,9.796769444565646,9.622081085972152,9.46609233462275,9.270616351632565,9.135319893119453,7.814012650161919,5.491891705064381,9.485862756242371,8.171343765394427,8.171343765394427,8.261141124017023,8.29953326897834,8.439212747783259,8.553625113735375,8.213240377837307,8.397655150891362,8.547281946170799,8.201992537651794,9.738685271142078,14.057775192223541,16.44171280784052,17.240507064730906,17.93224631871273,9.511517530727016,9.748403162597631,9.575686783146484,9.631521834733112,9.270602159335162,8.687100723767392,7.679975425160186,5.321460338792458,9.628456399856702,8.174079499944428,8.171343765394427,8.171343765394427,8.171343765394427,8.171343765394427,8.171343765394427,8.171343765394427,8.171343765394427,8.171343765394427,8.204628790675432,9.566627888158866,13.692102041913307,16.345286981488872,17.04030259989635,17.52993836096613,9.143641811972117,9.402380825691127,9.490888682522431,9.409439628184117,9.003884574707895,8.867944108997012,7.666085090438788,4.982962531759267,9.300689095716866,8.34120197940963,8.430369393075855,8.675701709467855,8.899292124606918,8.813035266090756
7.702731024683351,7.9814043679379285,7.807327465492823,7.914944714175271,7.909776701021725,9.33269877511218,13.71716724544126,16.132003442379244,16.98363650944193,17.40122357584476,9.851067869102117,10.071403897277424,9.996202402254712,9.913958763831898,9.554700680795907,9.001038657999008,7.997223169166518,5.269978392534504,8.890972206584756,7.702731024683351,7.702731024683351,7.702731024683351,7.702731024683351,7.702731024683351,7.702731024683351,7.702731024683351,7.702731024683351,7.702731024683351,7.702731024683351,9.110764578708292,13.5338637895609,16.184260439481275,16.992870529247725,17.442871400365682,9.968739266694728,9.57126112844041,9.995276664755021,9.6378875187323,9.64267243110953,9.310010547405923,8.406041988078634,5.692639150753199,9.245092164366538,8.39692853760339,8.618794289174062,8.313550218523604,8.17730653278778,8.389171108943788,7.974186863999113,8.297802470025433,7.931820741116975,7.816347213497571,7.775624846536551,9.252500049960231,13.072640646985842,13.93073180803969,14.725638035660488,15.21359383836116,15.701098009431117,15.627501119867835,14.451677467093006,7.241045684431748,7.88892019599136,7.892735827868784,7.7568554806736,5.2948601233517705,9.073892848055177,7.702731024683351,7.702731024683351,7.702731024683351,7.702731024683351,7.702731024683351,7.702731024683351,7.702731024683351,7.702731024683351,7.702731024683351,7.702731024683351,8.793779575209522,12.315664028593794,13.76670134471696,14.215646422629607,14.704264777274016,15.286544858943314,15.772604166287046,16.455996109427723,9.104087530593672,9.216930493881826,9.09291142145621,8.031299741935914,5.151099459602742,9.001131944862177,7.702731024683351,7.702731024683351,7.839168165755715,7.923413049303058,8.101260673686056,8.039504926463028,7.953266112354115,7.821830015163842,7.794715257474342,7.702731024683351,9.27690394725122,12.996644985726977,15.949868389701823,17.096195862365676,17.583906783008004,9.996202402254712,10.031994610245192,9.996202402254712,9.95051068425157,9.424118413313334,9.326787754984911,7.91073462847616,5.5448963506792905,8.87668451522519,7.742241023435329,7.702731024683351,7.702731024683351,7.702731024683351,7.702731024683351,7.702731024683351,7.702731024683351,7.702731024683351,7.702731024683351,7.702731024683351,8.729289572339633,12.972641777448725,15.508465798350127,16.636250158070627,17.354867580946664,9.761969403849875,9.730762558470209,9.65119218141545,10.017903958887263,9.492569381259413,9.134721024870048,7.842593396277836,5.593903401788699,9.46036663605151,7.906445377783255,7.884465723496836,8.001138636964031,7.9540521852509425,7.985889198877007,7.967985680184425,7.943363768597425,7.87633471563874,7.917921058973786,7.86186602530646,9.008385109988438,13.054949556775895,15.983504221428284,17.02151100531205,17.565548970113667,9.637910657687268,10.006097298374753,9.95794002750386,9.706322223007323,9.429777689087935,9.093298844456157,8.204344236500667,5.5144061185249695,9.347049697879147,7.981987992338683,7.702731024683351,7.702731024683351,7.702731024683351,7.702731024683351
8.363813795303134,8.363813795303134,8.363813795303134,8.363813795303134,8.363813795303134,9.428396641623568,13.680599372346268,16.223719745187157,17.316919025805745,17.919101577344673,9.694576512128629,9.864299735108208,9.893388322310434,9.864299735108208,9.656514789678463,9.247538879204255,8.108410548808042,5.585595547856357,10.032399290899061,8.363813795303134,8.388738672774327,8.711999521235029,8.630032009464188,8.67467123854602,8.561375574683295,8.381484377061357,8.416903254396587,8.449681802614077,8.672995998981825,9.804375182823343,14.065202156182725,16.845513050582074,17.701155511757324,18.128448755987613,9.864299735108208,9.614099465076656,9.864299735108208,9.576836445734711,9.485524203819175,9.13962656939432,8.246318468695858,5.687863399215854,9.663148680533066,8.386455728005078,8.38309905464643,8.41843150903379,8.458696431043299,8.638959491481492,8.363813795303134,8.631383192256934,8.363813795303134,8.363813795303134,8.444736707673439,9.84504938796561,13.61990563549173,14.326554815107375,15.033458580572386,15.473685726683229,16.04455127896013,16.00049675581683,13.285341294082642,7.092091924909316,7.828803090141289,7.9846924707168325,7.720743910617465,5.313128477775152,9.73721640589229,8.363813795303134,8.363813795303134,8.363813795303134,8.363813795303134,8.363813795303134,8.363813795303134,8.391326310742421,8.363813795303134,8.363813795303134,8.363813795303134,9.605244657786528,13.138212745671172,14.554378576466766,14.9063332239443,15.421630857922654,15.946182364148399,16.39148417646213,12.723329802761363,8.950594388865811,9.157655875662025,8.957799779934911,7.948799920209657,5.402003633442172,9.859644565405922,8.363813795303134,8.363813795303134,8.559655613557513,8.644499214153289,8.752637419965753,8.625411559253081,8.578079721015175,8.563269314169592,8.505010219862795,8.363813795303134,9.993334914984404,13.568672732129329,16.44834619049843,17.54988624446358,17.9233601577302,9.623262791779467,9.864299735108208,9.754887203648485,9.520721289128865,9.182132671347018,8.962817122095625,7.9157834406293635,5.305395348118971,9.426443077402462,8.363813795303134,8.363813795303134,8.363813795303134,8.363813795303134,8.363813795303134,8.363813795303134,8.363813795303134,8.363813795303134,8.363813795303134,8.363813795303134,9.48863698930238,13.747002770131896,16.234079566586168,17.337999674865912,18.12912490778153,9.851344666736711,9.864299735108208,9.88085642677295,9.864299735108208,9.71737319385571,9.209172146273062,8.020998820806296,5.864410322267819,10.327040372533572,8.924285645096571,8.811228545225482,8.946398454569104,8.586226798921203,8.760271247213863,8.739281033456136,8.629089292174992,8.467396557019896,8.483601600435199,8.460854264763558,9.591670763534074,13.576385566244664,16.281318470699787,17.07394946426256,17.58308823733543,9.043096330608643,9.603582047649725,9.462736525461448,9.095357819525656,8.998644172625411,8.488641358953556,7.624438643805322,4.90063337279702,9.465562574387276,8.363813795303134,8.363813795303134,8.363813795303134,8.363813795303134,8.410262842041949
7.840224394094841,7.787053920951371,7.787053920951371,7.787053920951371,7.787053920951371,9.14414739812334,13.324118505067695,15.808433617514432,17.02972555406404,17.61542744671111,9.828373525759737,9.828373525759737,9.828373525759737,9.828373525759737,9.506517004690368,9.103021716050252,8.025606364145355,5.300932411918607,9.12102030107604,8.085916701448589,7.855150134363335,8.091796433953554,8.117204879166756,8.090783630084346,8.082677464549134,7.995288878858973,7.976386129615053,7.925411910787738,8.06576440515643,9.33615834523981,13.622694638124669,16.169651717479564,16.933329999802222,17.380340957345602,9.739564297927679,9.651662500183628,9.943001379147343,9.68658059088099,9.437366645952652,9.109360838698626,8.450963032892158,5.573678714478209,9.133771412507595,7.787053920951371,7.787053920951371,7.787053920951371,7.787053920951371,7.787053920951371,7.787053920951371,7.921826584358469,7.787053920951371,7.831269375566201,7.906791104143588,9.370063366213708,13.139662396732678,13.741485379497165,14.369721666204896,14.810875042437761,15.378898158328283,15.326925671208945,15.22791210205797,10.0342174415386,7.672856315420739,7.656047408393999,7.632128509444005,5.520505416917479,9.261691814439521,7.901699368344325,7.791504166855085,7.960382550668853,8.011672140262107,7.855607222430129,7.803491471087679,7.879400044646651,7.812053809351073,7.855353325805481,7.881385899229079,9.238679908784523,12.737923940565228,13.96524100200519,14.276800590866237,14.883341741434993,15.405708646002754,15.855529766317066,15.435786806917438,9.038784171760492,9.13100657084796,8.829437855136124,7.979297629554687,5.47281118028693,9.190229205287896,8.002819186565578,7.824341248538383,7.8918299494241335,7.787053920951371,7.787053920951371,7.787053920951371,7.787053920951371,7.787053920951371,7.787053920951371,7.787053920951371,9.189594033517126,12.839329985170963,15.781516511198245,16.643426883177106,17.090014881053904,9.537724668747284,9.776630817404,9.52412603418147,9.333294890764664,9.263393316552628,9.058460316936781,7.654944898771132,5.162209313656692,9.10767781803532,7.787053920951371,7.787053920951371,7.848511220012226,7.88171489023359,7.843793523607342,7.836222089736826,7.787053920951371,7.896305241280663,8.232089687607173,7.84707904918049,9.268909369248622,13.453555293560502,15.811715948555818,16.77082092879265,17.572997328025313,9.889394598092894,9.89652966573424,9.87359983269352,9.917023398526837,9.493755077270242,9.133873044887867,7.830839401368313,5.642327087785546,9.533383939824578,8.19438227680517,8.008671605366313,7.787053920951371,7.787053920951371,7.787053920951371,7.787053920951371,7.787053920951371,7.787053920951371,7.787053920951371,7.787053920951371,9.097484607233945,13.106831470701557,15.63705762474109,16.397626391952613,16.867954026295788,8.946834193187673,9.335005134288467,9.452618695940604,9.278657468359343,8.96834714032899,8.69495761101882,7.85686127422885,5.353961663659373,9.2080106013187,7.787053920951371,7.865724327402475,7.787053920951371,7.787053920951371,7.787053920951371
7.916123694754601,7.916123694754601,7.930080373663398,8.423689426322483,8.340486147846917,9.873786872318595,14.226276594199305,16.809528379735667,17.75371473537018,18.11788690676131,10.274884556653733,10.214603185291068,10.360157931335934,9.790583390069305,9.52499314403796,9.176227096805896,7.951298545274409,4.9578717775611745,8.653610733321187,7.916123694754601,7.916123694754601,7.916123694754601,7.916123694754601,7.916123694754601,7.916123694754601,7.916123694754601,7.916123694754601,7.916123694754601,7.916123694754601,9.173249075623715,13.66212945304901,16.290961134966608,17.17344941719572,17.83058847346763,10.250725031332623,10.03959028363515,10.201763212006709,10.174704287300182,9.91380562815302,9.62763686995626,8.647092768612609,5.8999896360711865,9.635183794718156,8.248847726039662,8.373597518182937,8.044539403815463,7.916123694754601,8.144998733931313,7.916123694754601,8.243309363957112,7.916123694754601,7.937240256004752,7.993056985949808,9.414739281322799,13.185193282025846,13.962897299677367,14.79562579535042,15.29486971309364,15.841149860789333,15.814048070697394,8.34557795713156,7.400701083025139,7.950809214622078,7.911402302292084,8.261251159165225,5.560029832993322,9.417748327952145,7.98758695126077,7.916123694754601,7.949319316382003,7.916123694754601,7.916123694754601,7.916123694754601,8.063162221852041,7.916123694754601,7.925473854141303,7.916123694754601,9.195914216939386,12.866071071856314,14.298941862715726,14.725353900085105,15.400600138438183,15.87925593841311,16.33518746202443,10.840308553420327,9.447103380090047,9.481433872482292,9.362955891888442,8.283340167227394,5.436019532985464,8.254090803654357,8.036178692354838,8.031807867423698,7.916123694754601,7.916123694754601,7.916123694754601,7.916123694754601,7.916123694754601,7.916123694754601,7.916123694754601,7.916123694754601,9.254696430821825,13.19905794246754,16.227839563903473,17.1558445029767,16.602270871061453,10.00429354130441,10.295454455614578,10.031022831518419,9.903193477686264,9.458683449002377,9.38938757617967,8.012826966460029,5.533893661987449,9.271628208813974,7.916123694754601,7.916123694754601,8.294770993345118,8.347750599651247,8.384959542351151,8.49164866995739,8.19815675250128,8.343915486568235,8.427087297293356,8.090386985100379,9.455843764307653,13.752448281582243,16.350905527361796,17.278520083907786,17.933603855223204,9.879406968393067,9.959535718434921,9.942083430406454,9.923309800895604,9.456457903753632,9.15871884696681,7.781402488431731,5.254506859631311,7.963862718213169,7.916123694754601,7.916123694754601,7.916123694754601,7.916123694754601,7.916123694754601,7.916123694754601,7.916123694754601,7.916123694754601,7.916123694754601,7.916123694754601,9.102430143160477,13.449989993480795,16.505388771248217,17.393090058782654,17.92441283980387,9.932890225203897,10.031628790754876,10.14140958683764,9.97974196669059,9.635079590663342,9.420079631924054,8.089367430129954,5.138566897476273,9.262736973123502,8.049388050195136,8.331651120855607,8.55170802605438,8.692191693419307,8.649135145780141
8.140709833254709,8.633657968408865,8.579323559985848,8.583873766698758,8.557240970341152,9.964261999314306,14.156501531706748,16.491234238418055,17.2767169141483,17.632453657682724,9.478025763495204,9.910484256783128,9.716052455750516,9.539556365028956,9.169966173902093,8.759591187157893,7.69105271381951,4.973872495173051,8.924852356140475,8.124422811812325,8.124422811812325,8.124422811812325,8.124422811812325,8.124422811812325,8.124422811812325,8.124422811812325,8.124422811812325,8.124422811812325,8.124422811812325,9.514098842342804,13.89659688083687,16.669038473853817,17.25415215672612,17.76704714815316,9.883753888967371,9.685706808643268,9.99026800670242,9.877611579105062,9.802443899572404,9.436394997031647,8.560364825900743,5.880150095267306,10.057605484095076,8.95363804215383,8.989835686166874,8.645071427594594,8.47672076180141,8.609874879303444,8.222872874897833,8.48761913531143,8.124422811812325,8.240076355934056,8.124422811812325,9.447132827775272,13.15281464291208,13.937866984547458,14.781029798064655,15.214823117001622,15.701303988883172,15.709086060804765,11.059232497578854,7.146920668945853,7.705522106641141,7.8579768633191005,7.509795165496094,5.096922901965373,9.213892856704268,8.124422811812325,8.124422811812325,8.124422811812325,8.124422811812325,8.124422811812325,8.124422811812325,8.124422811812325,8.124422811812325,8.124422811812325,8.124422811812325,9.487456698927677,12.985733588311383,14.404352098974261,14.86554374936325,15.302884368991553,15.842502634815208,16.326746124074408,12.783959780180941,9.40586981517335,9.335536034665529,9.114362043451914,8.116435620367898,5.410113852416251,9.560698024966506,8.25153364099719,8.225523615437458,8.263746292073384,8.332759820230208,8.436231931708965,8.445199528250251,8.289872934182776,8.226755690620296,8.124422811812325,8.124422811812325,9.660731786238621,13.300312245045902,16.337844960565093,17.1795524409208,17.606841094500744,9.784239129529448,9.951817736644234,9.874457963176335,9.731607823076665,9.218654811803034,9.337574866398517,7.776700429944964,5.249524241587598,9.231224296371806,8.124422811812325,8.124422811812325,8.285738302080626,8.124422811812325,8.124422811812325,8.21233569311845,8.124422811812325,8.183486854431381,8.17450840532825,8.124422811812325,9.329466969309518,13.521081911368185,16.236503645697034,17.381925915805795,17.93278252203001,9.78050207987595,9.790211197332248,9.89913733175652,9.752207022020201,9.287629446225452,8.98373318316591,7.75713145987551,5.4654262514682515,9.49420520056785,8.124422811812325,8.124422811812325,8.145140537098317,8.124422811812325,8.162295190842462,8.191375286077163,8.124422811812325,8.124422811812325,8.131047100109546,8.231336007419687,9.358165908717899,13.411177657354195,16.504870154490014,17.387892072425977,17.928286476527873,9.634269470823192,9.98374146093983,9.890774009449014,9.82532894217007,9.471440854872085,8.99688083555331,8.00901493657156,5.194140800696631,9.789645960225608,8.528252124370063,8.294722006594556,8.357508353237336,8.404962662317063,8.31276441375193
8.340136809101729,8.2432355753402,8.298961286535432,8.29927842067054,8.309648604436985,9.647420863353847,14.030532247612708,16.55168458017758,17.62312369927239,18.127981124602737,10.165049162630892,10.000592795375361,10.003763674553328,9.854668398868537,9.489295088927504,8.983354642836744,7.891047450385507,5.488239449231672,9.35683114408235,8.142580330286567,8.127388329227376,8.178075281959758,8.256357291235814,8.272507791799033,8.377021790890248,8.260498094407417,8.368470885974869,8.520375025889361,8.80753679060302,10.329646595226443,14.408865354084291,17.086396165433122,17.84112034393343,18.004353167118396,9.97137465471061,9.732240950091352,10.000592795375361,9.747622840452939,9.679693310074795,9.211213614284787,8.428647884548127,5.6710110315251665,9.110208796018261,8.148249985432056,8.127388329227376,8.127388329227376,8.127388329227376,8.127388329227376,8.127388329227376,8.288238240982125,8.127388329227376,8.215631419235589,8.188746258838108,9.61392583590962,13.484276942584152,14.247649075564826,14.907778055811612,15.310476601167913,15.890619751534448,15.790573981474445,10.722256619775617,7.416072848454291,7.792166144644024,7.901744352222056,7.533053846449016,5.278086005812032,9.495432824928663,8.127388329227376,8.127388329227376,8.127388329227376,8.127388329227376,8.127388329227376,8.127388329227376,8.127388329227376,8.127388329227376,8.127388329227376,8.227732866652605,9.634943083429837,13.00932017155793,14.379588201323209,14.641280620948638,15.402441886603167,15.81339735679143,16.265770377376676,12.804291224541055,8.951974071188632,9.182435381974496,9.066431906552353,8.209583420821309,5.500138390911755,9.851578426323261,8.540161625317362,8.421338608560337,8.578816783720228,8.401220736682484,8.369754864758939,8.2759228374608,8.331135955579386,8.337568255451806,8.285745166187736,8.127388329227376,9.696910106169309,13.305526322391508,16.181741324775142,17.27786597867113,17.700366956877748,9.64746798742699,10.008588110090471,9.476447355771802,9.355178942414183,8.865224501338105,8.882997275723731,7.738652586144713,5.0316136306321075,9.293590145556196,8.127388329227376,8.127388329227376,8.127388329227376,8.127388329227376,8.127388329227376,8.127388329227376,8.127388329227376,8.127388329227376,8.252472439992752,8.127388329227376,9.524875688424894,14.111724547017928,16.40754902509587,17.470110102142804,18.115404395103063,10.236048097525655,10.036563152672638,10.000592795375361,10.037515463401906,9.694912520712794,9.34643978666611,8.166027725075478,5.993617411858972,10.257892505722898,8.98580950222766,8.693844622287136,8.514063153164281,8.278595416695303,8.249560953043135,8.241147072427188,8.313125549466209,8.127388329227376,8.127388329227376,8.127388329227376,9.138227092086357,13.031225282891112,15.731288283606858,16.655914248259208,17.28983470475407,9.10833407143738,9.683725257844891,9.731103412735347,9.463975809045936,9.576399237585573,9.051031198366346,8.108244749378075,5.4128605785029835,9.027603999840974,8.127388329227376,8.127388329227376,8.127388329227376,8.127388329227376,8.127388329227376
8.356353436430817,8.281132850563026,8.281132850563026,8.297866627490514,8.45931010035914,9.774511937273306,14.061275089815638,16.509932349498342,17.693400821315407,18.295298316455252,10.014165465892225,10.014165465892225,10.224877534374173,9.942536185291145,9.570099620233892,9.451680806452803,8.199213415830556,5.446635487452276,9.841295957005753,8.607938421545903,8.347906340769141,8.537351368197037,8.608328079305165,8.573344329616702,8.521319572126995,8.323825430625073,8.395967109314299,8.446518880266801,8.69151693318939,10.063220693381894,14.203062912147418,16.75859644960442,17.55357139761744,18.01412993228854,10.039479349613286,9.86494994795678,10.014165465892225,9.90544371589438,9.693021686633273,9.529435574000932,8.661523822971862,5.821021794927515,9.917274034573097,8.3173190553712,8.281132850563026,8.281132850563026,8.281132850563026,8.281132850563026,8.281132850563026,8.487076134875455,8.281132850563026,8.294199582380264,8.319522552279627,9.817839343317367,13.548790042145878,14.22729130560829,14.878417367442363,15.23331429706694,15.76132865203811,15.780723424000469,15.631950785815935,7.123029194219053,7.669675881868956,7.57717112514626,7.583244218707273,5.440289350806889,9.53139392241743,8.281132850563026,8.281132850563026,8.281132850563026,8.434314553029292,8.281132850563026,8.281132850563026,8.554225899430477,8.38353642057667,8.37573427472414,8.40145953035323,9.77823101447161,13.46475378988907,14.833108582469638,15.035356068324,15.71245463846442,16.165519209451425,16.4929746825716,14.853265575390438,8.942913720906924,9.170912457675032,9.026891170163767,8.058451646786192,5.3386609306514,9.692385287829428,8.452283371582256,8.324449139516396,8.375500069706176,8.281132850563026,8.281132850563026,8.281132850563026,8.281132850563026,8.281132850563026,8.281132850563026,8.281132850563026,9.834512442566977,13.583887816625262,16.52033376814901,17.489933290716294,17.87602373225891,9.678692347657902,9.902976710050194,9.638935452006491,9.601691255463246,9.27613330095362,9.227819033381326,7.8675302491623915,5.34456196276648,9.588623287675349,8.281132850563026,8.281132850563026,8.281132850563026,8.281132850563026,8.281132850563026,8.281132850563026,8.281132850563026,8.281132850563026,8.551077468466215,8.281132850563026,9.579441167655961,13.901850338854805,16.326910715516924,17.35829440223722,18.07564131735723,9.97917996119206,10.110682529654062,10.094944187581252,10.144623718610788,9.687948541130828,9.099936516097172,8.050817055936474,5.8272833710468435,9.710689264135764,9.174560082226952,8.97278167791064,8.601590301622046,8.375785346191103,8.385943326669622,8.42192698032376,8.473605597122296,8.281132850563026,8.281132850563026,8.281132850563026,9.563038310704876,13.771653538488897,16.145892246977468,16.832331560860816,17.378372614137316,9.075965074757587,9.329862130703482,9.239961549220356,9.12078539993089,8.873302974558547,8.38730145675751,7.372483522111786,4.673327674583245,9.001769902247927,8.281132850563026,8.281132850563026,8.281132850563026,8.292073849148158,8.426744690952544
7.97069984886678,8.13066149693383,8.121669873944315,8.342456203632683,8.406678978792094,9.881615234948924,14.18232123936506,16.572633039193494,17.581604659407198,17.971533538124902,10.130595079264499,10.123819463416767,10.123819463416767,10.076301032848859,9.670206777796638,9.15834947475726,8.005609038404044,5.264425182019163,9.094000880332096,7.8477140747081355,7.8477140747081355,7.8477140747081355,7.8477140747081355,7.8477140747081355,7.8477140747081355,7.8477140747081355,7.8477140747081355,7.8477140747081355,7.8477140747081355,9.349374061199251,13.697845057399547,16.29960962843689,17.17739206815229,17.69125331832042,10.035348063237569,9.857458486445102,10.123819463416767,9.98648257207697,9.830012836346976,9.322217829610882,8.508872306091886,5.799723452908181,9.48582119847337,8.403239899383635,8.491304967133711,8.129618455089945,8.082612819189778,8.171113542133376,7.973806279898782,8.233176615552148,7.9117305439486305,7.9227474742467106,7.902168220764149,9.405207772606206,13.24653139454632,14.040595625906082,14.828147073293305,15.222378987544058,15.75610262974778,15.737343301651944,12.825184327008682,7.360608088723966,7.796471615300629,7.873307597254913,7.8604107045001514,5.511111810155514,9.320154784472264,7.8477140747081355,7.8477140747081355,7.8477140747081355,7.8477140747081355,7.8477140747081355,7.8477140747081355,7.8477140747081355,7.864515028712279,7.8477140747081355,7.879118708237476,9.217205368370413,12.78734995314904,14.218582354391273,14.578150423992476,15.165560936393266,15.620195859599022,16.09023023124166,14.412882622558438,9.38293650915546,9.308201496101576,9.148262635533337,8.089248197866842,5.432544364984116,9.181829178545323,8.030382639814002,8.01619634296869,7.8477140747081355,7.8477140747081355,7.8477140747081355,7.8477140747081355,7.8477140747081355,7.8477140747081355,7.8477140747081355,7.8477140747081355,9.320750215731866,13.310000414375452,16.183722744682743,17.145120206794424,17.634478713889358,9.950109219691457,10.27202393915268,9.90408888524637,9.876671587635919,9.32410052079909,9.230997397544652,7.85216729285845,5.396281460482135,9.24243976627236,7.8477140747081355,7.8477140747081355,7.992636058057509,7.9823843859104695,8.138437366054292,8.206705720989614,7.8477140747081355,8.135602863590796,8.320031511129805,7.940114913887722,9.403354196754483,13.705792186549768,16.200287410005657,17.26430481726125,17.769635424696144,9.725568727591185,9.864536681200768,9.859429277926091,9.94567705085255,9.580464528246702,9.171457226631643,8.020513772687579,5.4134015388535035,8.861125139976064,7.951421262698989,7.8477140747081355,7.8477140747081355,7.8477140747081355,7.8477140747081355,7.8477140747081355,7.8477140747081355,7.8477140747081355,7.8477140747081355,7.8477140747081355,9.228586146089132,13.486436336337023,16.319593309231724,17.107507416043344,17.586342765564186,9.584012073597817,9.880452461859678,10.077615332597802,9.936882240549703,9.549794161252139,9.420520256981836,8.616026948214706,5.764266385695883,9.685421917191103,8.056913273616162,8.09203102711579,7.996134725848929,8.076248006749228,8.0131614085677
8.09521327222279,8.46875083016592,8.144047616683704,8.33606751169771,8.298211246823268,9.758809204680006,13.96149760826406,16.234232215790808,17.23122663789369,17.7895414931037,9.786393668466813,9.99145132919413,9.973401606553566,9.95421805482336,9.386915836173065,9.011442215515734,8.043247774349584,5.486196114447899,9.319850521243296,8.047753804732116,8.047753804732116,8.047753804732116,8.047753804732116,8.047753804732116,8.047753804732116,8.047753804732116,8.047753804732116,8.047753804732116,8.047753804732116,9.271260405892761,13.705786616555502,16.446346622283947,17.2712719127369,17.66400498984433,9.786840108722844,9.84285069265841,9.973401606553566,9.811489436574126,9.565164390541293,9.069137165193988,8.30671826627381,5.702143988451144,9.727416756410323,8.665559573440614,8.592206979792142,8.13033908456429,8.250275708908106,8.37955324850235,8.115628476866865,8.436772280444933,8.155536171128508,8.126434014130684,8.121426014084859,9.679160785406934,13.431960612966757,14.323219435256508,15.154784855749224,15.519347612147225,16.01107866741419,15.975078700084017,12.47390557369584,7.446052193512828,7.856003240760968,8.03473114749375,8.11211724854,5.5668323793873595,9.848936189057007,8.263158144500162,8.191145605407652,8.168326725332985,8.083352984557974,8.056213979479944,8.047753804732116,8.280657889183292,8.047753804732116,8.047753804732116,8.047753804732116,9.273555248507108,12.724076085534744,14.010791508278139,14.45682753078803,14.930442385252686,15.513423213223653,15.947002304222062,15.47308451311882,9.118481273148067,9.229134470277833,8.881117454383183,7.774501022879183,5.138583162712529,9.16764792375528,8.047753804732116,8.047753804732116,8.047753804732116,8.047753804732116,8.089494593979781,8.06400347211378,8.047753804732116,8.047753804732116,8.047753804732116,8.047753804732116,9.296390429818652,13.321185766748336,16.1719713366758,17.44118077289493,17.89397462873446,9.973401606553566,10.056117288540015,9.973401606553566,10.129860712114098,9.648510803453114,9.480837703787103,8.176397887902743,5.563491370551364,9.700909589131399,8.430468020904048,8.163828726434337,8.229023874629767,8.047753804732116,8.099800365972799,8.202781558329965,8.047753804732116,8.16769532409122,8.243623188070623,8.047753804732116,9.165081115206002,13.291124465407172,15.790545503389882,17.00286263832652,17.53113283710504,9.347216845804358,9.359397639246414,9.50861564582485,9.498172195850055,9.268089014897473,8.846900870232892,7.633437614372654,5.300242178158867,9.026818143022812,8.107032365593842,8.047753804732116,8.106561998280148,8.047753804732116,8.084273628259226,8.164927754895848,8.256867631871287,8.24548217926657,8.295980345926683,8.367834786242605,9.632838299001069,13.826366503496917,16.7660424301814,17.50633489398877,17.943997338008053,9.711065940792803,9.973401606553566,9.935548704099492,9.679296752826373,9.456363155041942,8.996945814072333,8.049554957124297,5.071748243561281,9.470668430152134,8.246989435284101,8.047753804732116,8.282002411485658,8.354607730427945,8.311700255619382
8.14432095121156,8.094630791182949,8.153850015947187,8.027382252014545,8.027382252014545,9.230603000072106,13.38340912653942,15.890384767600187,16.858960888485058,17.48813891017162,9.468633537838103,9.944919511737945,9.761626452172392,9.70411260635531,9.707381522089632,8.949252114153335,8.172499004813304,5.682880912803468,9.769986134715076,8.091935829683434,8.063228375810535,8.245663344234519,8.113138476712926,8.133080259677653,8.083721593565176,8.12071250534304,8.081818815550728,8.027382252014545,8.224771851200535,9.368296390969567,13.69636991618587,16.614878024368444,17.44653324931153,17.764558963604163,9.85333338395729,9.693417312774251,9.851070578798584,9.830795372775155,9.622715603334981,9.190881783837797,8.390158651447559,5.833171814681282,9.482408885822947,8.061011168495364,8.027382252014545,8.027382252014545,8.027382252014545,8.049444221698765,8.027382252014545,8.086185063464672,8.027382252014545,8.027382252014545,8.027382252014545,9.341504284209563,13.187875790529098,13.957131918895048,14.766781790144073,15.182524263029054,15.695503776973812,15.750443471428866,14.98591320459527,7.250216337474832,7.736675295486278,7.87152645612455,7.692328822662411,5.3390547383206215,7.957602880004323,8.027382252014545,8.027382252014545,8.126017875925069,8.032258511740675,8.067269148296363,8.027382252014545,8.190117690790958,8.16122769140579,8.027382252014545,8.027382252014545,9.23695096360856,12.664856264235041,14.068744632353676,14.468610040268477,15.107410009575835,15.581068539428214,16.022175563074356,16.731067724566813,9.045868071632356,9.200464806685948,8.864849425390824,7.90394702351835,5.2990168201924215,9.431257408818023,8.093526196792533,8.027382252014545,8.136740417843637,8.107011288931975,8.175720219722102,8.186004274420819,8.064872936835346,8.229329681533297,8.144881037577996,8.031701975915187,9.560893879167354,13.355136912104728,16.181861610124084,17.291549843287918,17.523719624150836,9.645315207874585,9.870014319020285,9.802014910529408,9.66451938054045,9.209115160262314,9.054818193920514,7.837357917608676,5.34376457876708,9.189655849876367,8.07110448483151,8.027382252014545,8.027382252014545,8.027382252014545,8.027382252014545,8.027382252014545,8.027382252014545,8.027382252014545,8.027382252014545,8.027382252014545,9.09264398834381,13.307272610877877,15.95653294183393,17.242673261735305,17.853595007384413,9.851070578798584,9.942726280042331,9.833252918424321,9.80456674944806,9.445740970935095,9.096734423260093,7.915936438815174,5.699508595342968,8.044985110547794,8.412676423368085,8.26609339538857,8.498753279345692,8.265251577726422,8.33321364718209,8.332214926803413,8.256460603479916,8.113779977809013,8.0514548829458,8.079533514915354,9.401543693107378,13.426034700929586,16.00910164559558,16.679227111062666,17.205116135008694,9.125462287031127,9.527232473006698,9.540258829750906,9.361132185656146,9.321822205616355,9.106525310716679,8.556762730282742,5.777511865731168,10.02771614059586,8.572671725286769,8.142575158484362,8.027382252014545,8.027382252014545,8.027382252014545
7.900832794567168,7.7654994750800626,7.822488444084559,7.7654994750800626,7.7654994750800626,8.985688874191649,13.489604103140234,16.15640129004374,17.39183061309091,17.131747829215932,10.385669356982495,10.409684725718433,10.582362476208404,10.385669356982495,10.163082015791387,9.641921512644855,8.56307996865444,5.891772499059516,8.675827800803042,8.08366707919883,7.998735480112844,8.211445280543552,8.226985165206102,8.199655233829937,8.085822614083613,8.103038475626207,8.152340211063013,8.024467142737443,8.252394814012757,9.62381425176191,14.159205277122041,16.916736153969158,17.67385018330173,14.172815940848091,10.308905410313276,10.19646157429902,10.466518720583593,10.427494534058201,10.414346265854117,9.592664347665607,8.86001015669807,5.875666698139484,8.52033356967547,7.7654994750800626,7.7654994750800626,7.7654994750800626,7.7654994750800626,7.7654994750800626,7.7654994750800626,7.830332244925801,7.7654994750800626,7.7654994750800626,7.7654994750800626,9.28390694269266,13.28569178366676,13.990353812860825,14.738412610899129,15.128860342704874,15.739443421501795,15.813861847841919,8.032841192030372,7.557834048161033,8.046741363908929,8.025848483411767,7.86436438133984,5.798602329620434,8.532239152711062,7.7654994750800626,7.7654994750800626,7.904129383462009,7.977320303806469,7.793850803102902,7.802869714503914,7.7654994750800626,7.7654994750800626,7.7654994750800626,7.878392526754139,9.31733138117492,12.900089541535332,14.268066762609909,14.6659280471898,15.307554449677252,15.7764938524168,16.229897355526028,9.509317998417401,9.504363696068676,9.690740806329902,9.305051804065142,8.52630798658768,5.698866004141009,9.31936274168163,7.986246853380389,7.824518914729703,8.046792995632401,7.824591051550988,7.7654994750800626,7.7654994750800626,7.788841898089941,7.9479015191285125,7.870472207490641,7.790439983065747,9.34170213594824,13.209753628530667,16.138987859888708,17.2062689414495,17.637706018357115,10.051086360489263,10.470432926907439,9.941585412742233,9.781190573768892,9.530511315967276,9.36203822922625,8.045661526840549,5.160832470929044,8.979530026225378,7.7654994750800626,7.7654994750800626,7.7654994750800626,7.7654994750800626,7.7654994750800626,7.7654994750800626,7.7654994750800626,7.7654994750800626,7.909680417289159,7.7654994750800626,9.070280430090573,13.45974127754091,16.14381261191958,17.48400541449563,18.14319938663718,10.43770968392022,10.385669356982495,10.385669356982495,10.385669356982495,10.3346055237144,9.722804753365967,8.530889574715873,5.956438042637729,9.531430189832367,8.369815916592342,8.236947010677458,7.986154036950105,7.874916505012468,7.882891947331008,7.927500485162569,8.02349065508262,7.799118038797398,7.7654994750800626,7.7654994750800626,8.9674392063025,13.166834135002798,15.988743323590521,16.732415026729832,17.17262505536717,9.418893419151209,10.024647085038431,9.986339072674541,9.735261955321592,9.606970845508231,9.303899781544043,8.847095880406123,6.058358917428898,9.773326006405421,7.882605411906798,7.765501283820419,7.7654994750800626,7.7654994750800626,7.7654994750800626
8.079249596907802,7.828769371977902,7.828769371977902,7.8990645295727155,7.944664604312633,9.497302472775802,13.7977732933379,16.306957423960704,17.56070065981134,17.997277198092515,10.168507826114613,10.168507826114613,10.311072431722412,10.168507826114613,10.076146331864688,9.843863587273699,8.402279484931745,5.959870552918858,8.847125333879223,8.44727603467095,7.939516122935055,8.04646424083721,7.9602478108758135,7.9293540152709525,7.8989421182730695,7.961136547594567,8.004281000145905,7.828769371977902,7.828769371977902,9.431266359047907,13.78386594538589,16.41918716423237,17.34975093198527,17.774291123060877,10.041222802868663,10.011230122714595,10.168507826114613,9.942711410192143,9.681786254471884,9.279325896207727,8.267277113935732,5.58799573458069,8.708793506477795,7.828769371977902,7.828769371977902,7.828769371977902,7.828769371977902,7.828769371977902,7.828769371977902,8.01557962181825,7.866826245756338,7.9395514466351695,8.153361863841507,9.746262699002436,13.550393902128079,14.176230014781193,14.846097375321413,15.227164527673331,15.83228871661146,15.858951234861127,7.891299301806642,7.752001178865007,7.9425810686133245,7.792402862923228,7.876680021426967,5.730420929433768,9.684854842304025,8.378822832839132,8.079730453797083,8.117097909332987,8.091621528734619,7.926401541091352,7.938969079091324,7.896764199082389,7.97704525305765,7.874199656203247,8.085464465752242,9.294502841171761,12.917808974019305,14.168070827204712,14.422344495541441,15.084960591769894,15.497645050548403,15.959191902970383,15.075828080009316,9.205914802808714,9.089618610459878,9.05976423149151,8.011908240432554,5.276396052881163,9.096389045175407,7.859721437482711,7.828769371977902,7.828769371977902,7.828769371977902,7.828769371977902,7.828769371977902,7.828769371977902,7.828769371977902,7.828769371977902,7.828769371977902,9.295329851381842,13.12587310594197,16.064586762964232,17.014720580312805,17.555543437475258,9.922002417112884,10.155760952713257,9.913902494513497,9.730806794738372,9.510935390849461,9.486766488597599,8.308000381652,5.726064533878705,9.565118976750757,8.097205192415512,7.9497306574098365,7.975672894162638,7.931421862781625,7.982015221902477,7.901430554569127,7.828769371977902,7.904920886536396,8.157981976532627,7.922852806641884,9.291562091051341,13.543591750726293,16.064984964289273,17.17393807693972,17.781749670254175,9.729758454119153,9.979818582712035,10.1732107035098,10.119965448147891,9.99374029317233,9.251125310138073,8.198367071542648,5.500752498074027,8.466569987728631,8.289331782235188,8.009288196193186,7.828769371977902,7.828769371977902,7.828769371977902,7.828769371977902,7.888634217482087,7.828769371977902,7.828769371977902,7.828769371977902,8.897905837143108,13.24576382756609,16.094800364263268,16.765019257175673,17.20418804365657,9.316490330384758,9.677067994160643,9.77428790823029,9.559579208383024,9.378543673249336,8.987674222526117,8.225742406441364,5.691242582555447,9.382381237018304,7.828769371977902,7.828769371977902,7.828769371977902,7.828769371977902,7.879132028509347
7.7629113756596695,7.831851392510601,7.876704859971017,8.021994417850154,8.288402630784729,9.653040063368776,13.835861915616878,16.18637477096108,17.119778362591454,17.674970165563863,9.80193819466276,9.931338728983656,9.814521951032157,9.543704217873534,9.424842541410092,9.053301179172175,8.068687311072576,5.084698274231476,8.775404006301558,7.7629113756596695,7.7629113756596695,7.7629113756596695,7.7629113756596695,7.7629113756596695,7.7629113756596695,7.7629113756596695,7.7629113756596695,7.7629113756596695,7.8393606146765045,9.202145952943912,13.505023015035405,16.086073507296256,16.76729348312393,17.310391075616373,9.812076589400677,9.686275134895658,9.931338728983656,9.844395018907088,9.579793197463353,9.303392887820138,8.484865591212818,5.673913242490739,9.500937356385268,8.011129936137252,8.090158891826185,7.970978478880883,7.8019275300480295,7.869040259151158,7.7629113756596695,8.040212373103808,7.7629113756596695,7.7629113756596695,7.7629113756596695,9.230050660595305,12.889205067736885,13.649281000721224,14.537591318809799,14.93725906914643,15.449871034908988,15.569958358252386,14.744379998450372,7.236102101978834,7.727935419715504,7.831576960962806,7.901649505897762,5.384296214884861,9.16583120800401,7.851166155129093,7.7629113756596695,7.774494581920712,7.809633364157925,7.8094192340777,7.7629113756596695,7.9482879418124535,7.8676120223377115,7.827052024385753,7.873337419122318,9.085803478068476,12.65046058171377,13.914038309676727,14.281105973891645,14.950485095515862,15.472223214818124,15.867118632675213,15.732950151850263,9.310704971154486,9.276641462236942,8.871116114064796,8.005364567802417,5.441479448131287,9.001043520531283,7.792611766269261,7.839571960723464,7.7629113756596695,7.7629113756596695,7.7629113756596695,7.7629113756596695,7.7629113756596695,7.7629113756596695,7.7629113756596695,7.7629113756596695,9.125828738149146,12.984992682783936,15.881628607090805,16.785021319032793,17.17918804161795,9.777158883357817,9.901932234244617,9.706821263403766,9.707186498970609,9.290727383821942,9.209548952667582,7.896653547956168,5.317988496862568,9.123520265860993,7.791838036253231,7.7843804620665935,8.109637135467871,8.13299378718006,8.14366364554416,8.259626603964506,7.955566958649571,8.122333289087274,8.20007589191726,7.866925133811174,9.21847233795408,13.308455245604609,15.91617385378406,17.05303378257835,17.485677509774042,9.773171416997162,9.844495626292069,9.818129146252152,9.656208019585153,9.201551894028732,8.85124147588657,7.649301170445996,5.163655455507962,9.203215465683606,7.7629113756596695,7.7629113756596695,7.7629113756596695,7.7629113756596695,7.7629113756596695,7.7629113756596695,7.7629113756596695,7.7629113756596695,7.7629113756596695,7.7629113756596695,9.000135019257037,13.283621002921135,16.139849560893854,16.87509776268781,17.389634762588727,9.680236383319087,9.856057484228476,9.929839847744933,9.722528760593622,9.425168405746817,9.04782458860833,8.21853311174019,5.206673930570374,9.328296956236969,7.865385517168515,8.098357971537492,8.190660753874662,8.232199233153002,8.193886828728536
7.73831505862437,7.971943088981189,7.8599297641413814,7.97532962705182,8.108155717128794,9.533794722684043,13.77834256241019,16.051421989540632,16.973299908557227,17.573866821963545,9.935420446330642,10.054282285247357,10.214643323164106,9.81659683502201,9.464307724334759,9.074070097448443,8.153104377589024,5.422458244797208,9.186313222727579,7.709113858174718,7.709113858174718,7.709113858174718,7.709113858174718,7.709113858174718,7.709113858174718,7.709113858174718,7.709113858174718,7.709113858174718,7.709113858174718,9.232151973699144,13.594912604774988,16.27631950431287,17.144286334936446,17.502564650418588,10.0777322280134,10.107653314448653,10.20458412664865,10.238828998918093,9.927760455179799,9.487815396079887,8.577776542601992,5.775685378180982,9.366478461023737,8.219500304544972,8.054714563051856,7.709113858174718,7.709113858174718,7.7858508470972065,7.709113858174718,7.846539573458696,7.709113858174718,7.709113858174718,7.709113858174718,9.213285389731313,13.081462499474899,13.92069605222744,14.792940686732226,15.177209214660374,15.665567948036053,15.725428792484283,11.629171246579704,7.53039401117169,7.960938775267283,8.264983438945231,7.9964636756882825,5.851540062171976,9.447541544971381,7.8994974383051115,7.794825755727108,7.864394857947182,7.717532592231282,7.793324111768948,7.786221875710297,8.075425220806688,7.918032435047905,7.752419642781893,7.800363946187067,8.974625701740841,12.53851900066429,13.874574713533045,14.248316470994713,14.876936033874408,15.35753705423448,15.809188397996728,10.212509628148538,9.349291138050607,9.328516945346319,9.31195373948859,8.090056811327592,5.131595990763619,8.910527366505372,7.709113858174718,7.709113858174718,7.709113858174718,7.709113858174718,7.709113858174718,7.709113858174718,7.709113858174718,7.709113858174718,7.709113858174718,7.709113858174718,9.03810019336342,13.156004607264496,16.012580231479475,17.14745554869216,17.62463771095528,10.407767006164818,10.141442971203492,10.28580880504964,10.255407805831405,9.716238759381032,9.582307448464618,8.231068220286037,5.693042797809822,9.324104356427208,8.063218451216342,7.872428216774646,7.975487430383137,7.788135463054784,7.916341801105326,7.969345340892505,7.709113858174718,7.898685905300552,7.835858607565648,7.709113858174718,9.01467971579801,13.261695437931394,15.71158410969564,16.88877625837814,17.27454325681943,9.528514072824537,9.558001119445027,9.6038734182639,9.65198888935961,9.38974808703936,8.860327014281804,7.734468286449251,5.409907226531484,9.128517535402445,7.775337809336241,7.709113858174718,7.709113858174718,7.709113858174718,7.709113858174718,7.755466367226866,7.792644408959418,7.896699744290883,7.920795428952052,7.909425976607018,9.333891563088592,13.69283181971478,16.460504439628956,17.133723900992646,17.665309186742654,9.990536811231392,10.191977883227855,10.03893703402058,9.722734253965958,9.371154721575742,9.236613083441368,8.367987745696542,5.331354380819779,9.271838925949492,7.941130014582964,7.819275657298604,7.854249023664688,7.887312486149249,7.881640840992646
7.8358157849777745,7.8358157849777745,7.8358157849777745,7.8358157849777745,7.8358157849777745,8.829097735686563,13.226102328637571,15.61882511381748,16.58925586858326,17.156217489879246,9.465624643312482,9.86459040289213,9.667508289145433,9.6092256719113,9.407934805791394,8.961647723121237,8.056848672654002,5.485183809437515,9.123697279141838,7.8358157849777745,7.8358157849777745,8.094262186579915,8.07343395692388,8.160597591557027,8.032882339501882,7.865391422173614,7.907686781422061,7.8358157849777745,8.001404885232724,9.271872118294828,13.587223769918054,16.527812147423948,17.310486949753557,17.694026432778756,10.175535797830394,9.90436446501757,10.123094672413679,9.916933805916923,9.880135146458082,9.686189773081486,8.784230236286108,5.916495024785339,9.280759676277041,7.93366822855724,8.000548051498804,8.03280240329817,7.897463212413592,7.932321209922603,7.8358157849777745,7.973788630409128,7.8358157849777745,7.8358157849777745,7.8358157849777745,9.100944627502422,13.054393222768507,13.820415535425056,14.777955856606226,15.189893210596143,15.535876569495223,15.625646536218628,12.735451299342602,7.329489503400879,8.026303044660963,8.084458758459864,8.057601982389581,5.494766868553278,9.127273928166698,7.8358157849777745,7.8358157849777745,7.8358157849777745,7.8358157849777745,7.8358157849777745,7.8358157849777745,7.8358157849777745,7.8358157849777745,7.8358157849777745,7.870199491224699,9.264588376341727,12.581651936775721,13.95621078388029,14.409530155789675,14.986504357573306,15.483322802532191,15.929901025211741,16.67800504811324,9.389381750061904,9.43351618813936,9.249731361469172,8.281456001258528,5.62874578674415,9.41910299886798,7.864622003452159,7.8358157849777745,8.048436370948917,8.165396721606408,8.253753071792438,8.260835943613031,8.167008812062226,8.14589945782279,7.976092992725629,7.8358157849777745,9.348690847501626,13.329232386903126,16.202949618383244,17.393741610423138,17.64230508918328,10.095496828657598,10.050450254792462,10.212493819466745,10.061741588111666,9.358051020354834,9.214816444341505,7.9158129040296945,5.33698213587921,8.642473545107897,7.8358157849777745,7.8358157849777745,7.8358157849777745,7.8358157849777745,7.8358157849777745,7.8358157849777745,7.8358157849777745,7.8358157849777745,7.8358157849777745,7.8358157849777745,8.989565901830822,13.336411444254086,15.960157421208478,17.303363005326187,17.634420945842493,9.997852157869152,9.986049605471907,9.958257715645217,9.96863565979415,9.533728472505514,9.073669532743626,7.974492592260324,5.752054363685415,9.69770302098402,8.231897839762736,8.169129910803498,8.376191486059025,8.239362795404812,8.239895578626733,8.164777899323068,8.024001708075962,7.987171074135639,7.958963188442261,7.951457815408191,9.435112853880392,13.586363529067256,16.179914812537188,16.79162093914508,17.316779407898956,9.581424899971472,9.834666921706633,9.759712794965981,9.44733156035463,9.369384513848058,9.06045871073251,8.000254289716988,5.500333431342018,9.354985102807577,7.978989706648175,7.8358157849777745,7.8358157849777745,7.919429606311594,7.8358157849777745
7.746461322355972,7.746461322355972,7.746461322355972,7.746461322355972,7.746461322355972,8.813117313404604,13.071207670292521,15.438194997608274,16.477419879457642,17.26617173514216,9.714090882114881,9.916448011167745,9.879559755058938,9.809190678366654,9.461479319093263,9.001844029870036,8.082550399202075,5.56976486384319,9.320021330599426,7.838204333702318,7.832545899946153,8.207248040489365,8.03986554611143,8.131071272607539,7.988078601195715,7.876573879013163,7.951925310868231,7.84366198408686,8.051479284860994,9.390521378107064,13.454352142058546,16.34654000522542,17.145819042064986,17.50943769113163,10.157699800331454,9.829189441936172,9.976164330444403,9.828635597537392,9.647627781013403,9.455832414803695,8.399884916142664,5.6663267871612435,8.965724571375489,7.746461322355972,7.746461322355972,7.746461322355972,7.746461322355972,7.746461322355972,7.746461322355972,7.800811746341504,7.746461322355972,7.746461322355972,7.746461322355972,9.229665636300071,13.083940180638447,13.725038419989783,14.568078257324247,14.921169725235844,15.371403254579665,15.469042416480804,15.334047425168208,7.334668897751855,7.671418991117631,7.866236761395233,7.601356554208598,5.563637798441901,9.282069712761967,7.746461322355972,7.770068838261673,7.880962593453287,7.8312158624976345,7.756558934229471,7.746461322355972,7.847357497168939,7.746461322355972,7.746461322355972,7.746461322355972,9.014331879786344,12.489100361319947,13.916516082656354,14.213349490603022,14.770338448830259,15.263205584145528,15.644429037452602,16.55785440004042,8.971564641378752,9.163862506888965,9.102354612011398,8.184106151203514,5.392260792186363,9.323841054149073,7.746461322355972,7.746461322355972,7.780863678243448,7.939570613133453,7.9545218813281355,7.959047172792158,7.810255297608058,7.952094046479986,7.819636692844666,7.771463940974822,9.182909820257017,13.107248931995452,15.766826285252698,16.976149372027024,17.45232669897093,9.860694028582612,9.939760128254507,9.912417418899565,9.819787090974165,9.262075234606657,9.175097433728494,7.905635829702159,5.2667103115025355,8.899420988691428,7.746461322355972,7.746461322355972,7.746461322355972,7.746461322355972,7.746461322355972,7.746461322355972,7.746461322355972,7.746461322355972,7.746461322355972,7.746461322355972,8.990080794989899,13.22594600270231,15.693772613130513,16.868820001936335,17.399058925893332,9.78499656005866,9.896209631727185,9.982027813526265,9.919689552511295,9.584048034718764,9.093979879200196,8.012502973197495,5.726403526820833,9.695197713339024,8.285265587366817,8.130281992619548,8.342456818990843,8.127188968187324,8.151920085942532,8.105167336140479,7.994289512472141,7.977365247492128,7.939994068404332,7.847369540476969,8.962435566117788,13.115384001857155,15.818791312273827,16.37049776528025,16.911120237319828,9.358664248188976,9.638202823974563,9.482035989851845,9.244212131385927,9.19767407294521,8.695808627406347,7.765643826065879,4.903518719616379,8.94751767561883,7.746461322355972,7.746461322355972,7.746461322355972,7.758115051537878,7.791042610153154
8.052344480851993,7.990293287365184,8.12211005782958,7.970338307865964,7.970338307865964,9.009583319620342,13.356240801633732,15.81668637520323,16.89563998283974,17.580764199505744,9.899403875260262,10.097702213457667,10.089767761860928,9.951023496444623,9.753883400661795,9.250432425714067,8.353613382132629,5.723129399063636,9.728181812722838,8.017662937926785,8.130924396277216,8.336030617063084,8.259389061439919,8.332539357547303,8.197212340450937,8.161827578314613,8.180483158201142,8.02997401854931,8.225231624989359,9.356608067957174,13.861641835230738,16.790849608979098,17.67643443796129,17.974726603735967,10.097702213457667,10.031775308424946,10.097702213457667,10.08669200641632,9.952895913869902,9.444502382864188,8.684925407073612,5.887872266759979,9.435390011708357,8.063745665763909,7.970338307865964,7.970338307865964,7.970338307865964,7.970338307865964,7.970338307865964,7.987977950079451,7.970338307865964,7.970338307865964,7.970338307865964,9.351503458414214,13.269692504193142,13.976782566681386,14.754549014066976,15.131331040475086,15.630479848995332,15.748595021756085,13.90328617605973,7.428798138577499,7.824072209904012,7.879151785411831,7.769911786985109,5.75135021600348,9.384046115396456,7.970338307865964,7.970338307865964,8.055129464785802,8.072465820968043,7.994510166939413,7.98374781055781,8.068321034129179,8.085269945933085,7.970338307865964,8.04905274122579,9.333203301543653,12.854697152568582,14.307652147428119,14.66428176218383,15.245619524071603,15.763410050661014,16.197228283210734,13.601872402687441,9.193003800362785,9.550233205602517,9.166164011657262,8.31240125085551,5.4780704509640055,9.146854123025138,8.090535395816895,7.970338307865964,8.161126456244116,8.176602977844794,8.164460778169527,8.07283132530573,8.034525302712225,8.23051423757106,8.072613993827215,7.970338307865964,9.415830717172291,13.496900217242011,16.291393846782576,17.378939749874974,17.744448150184432,9.844264405966149,10.13916551171551,9.899648479085453,9.92549626407118,9.291867936067364,9.178465029766503,8.005554707432012,5.078715893820552,9.058402345754567,7.970338307865964,7.970338307865964,7.970338307865964,7.970338307865964,7.970338307865964,7.970338307865964,7.970338307865964,7.970338307865964,7.970338307865964,7.970338307865964,9.183100170196537,13.358917317316859,16.06479883734635,17.489384691948565,18.06804052132363,10.113162180965316,10.211252141214922,10.097702213457667,10.097702213457667,9.836239110744168,9.432787031229603,8.365320142729473,5.904443552189167,9.88007345987931,8.545847260189253,8.380058495049497,8.421543209164348,8.279597710316095,8.393493398534224,8.302753189718258,8.209656171015077,8.103297258226142,8.087209180327418,8.099845881998995,9.318087036727006,13.382015882391546,16.163695700622505,16.82503100737718,17.26768770019377,9.450555388986345,9.671282768246089,9.642805291397142,9.357744634679788,9.273993828782979,9.043626525724928,8.599070999960642,5.647525732626624,9.729167224304174,8.191198023281727,7.970338307865964,7.970338307865964,7.970338307865964,7.970338307865964
8.258140573235401,8.051976937881614,8.124575918120813,8.051976937881614,8.051976937881614,9.216928053510687,13.340195517155667,15.769579564789955,17.008119286388965,17.692543587017,9.859496094121663,9.640566649135383,9.835298011676391,9.640566649135383,9.460410987085318,9.02163552832943,8.095910270257356,5.7036005793742905,10.070537609764857,8.532747321016272,8.357521812708242,8.459355631011627,8.506846425033453,8.393792095841015,8.312692724211454,8.341532904325135,8.367873602042586,8.134474402090586,8.480929870586131,9.817953648330064,13.878334132731009,16.41516397798086,17.383594899598243,17.692543587017,9.751535359524281,9.541980438149725,9.686987513649084,9.45205942293555,9.234109686490369,8.798156199080257,7.987312064217331,5.359930698392443,9.287102252285225,8.051976937881614,8.051976937881614,8.051976937881614,8.051976937881614,8.051976937881614,8.051976937881614,8.051976937881614,8.051976937881614,8.051976937881614,8.051976937881614,9.421788319221132,13.225476147295177,13.86364735496137,14.494171485724774,14.869017312618645,15.459859159285807,15.60172887003748,15.418270277566826,9.505743390319429,7.382479233928575,7.58245905634574,7.461240064682993,5.387537327402672,9.546247254002257,8.210542989203946,8.112925580585467,8.324170719874019,8.467336455874559,8.194743293252564,8.1575701075018,8.051976937881614,8.079855945059286,8.053975277585943,8.244539095851168,9.437469481314508,12.818991602767738,14.026029366900211,14.393595300701097,15.132366827538089,15.54695527389601,15.947820584501569,16.735968852485218,8.918535526622959,8.834418904378143,8.568503575749,7.892911720247907,5.295356540597051,9.612222111177338,8.380139746404103,8.272797093536365,8.342000539339558,8.051976937881614,8.051976937881614,8.051976937881614,8.224596012171189,8.359240329187406,8.16233956445618,8.119071177742132,9.59999687275864,13.203555446236598,15.746446984772255,16.694194367682407,17.026116464672356,9.090896508215499,9.421777963766392,9.29048408320719,9.194670733488914,8.663755432240702,8.662794713295895,7.356827582409916,5.07023559816221,9.166434533437025,8.051976937881614,8.051976937881614,8.051976937881614,8.051976937881614,8.051976937881614,8.051976937881614,8.051976937881614,8.051976937881614,8.392899347880908,8.120944159945667,9.571964917219267,13.579321818456458,16.00427667547107,17.234035015252495,17.692543587017,9.75749235801965,9.67995655292868,9.749035733033068,9.72722251058388,9.40850877982897,8.93279083729789,7.983976380311358,5.708870270715922,10.123365964917062,8.624206975619751,8.34757646108669,8.165113213636847,8.051976937881614,8.051976937881614,8.0776186521587,8.085742441316516,8.051976937881614,8.051976937881614,8.051976937881614,8.929441159216077,13.041952047853759,15.595204030975927,16.178309159622415,16.660972564922055,8.88392562398845,9.027822489331257,9.22854529322256,9.030666296333955,9.10703824331095,8.86483367597903,8.310818239331848,5.818258897675071,9.843960921312554,8.131399354403676,8.155685498170094,8.051976937881614,8.051976937881614,8.051976937881614
8.05505570152726,8.05505570152726,8.05505570152726,8.05505570152726,8.05505570152726,9.293504816939052,13.58697819543612,16.146114003592682,17.327138343384867,18.090788756266527,10.043877512167127,10.035733054739268,10.035733054739268,9.969031120358444,9.802354159801526,9.286961679238036,8.215104514887233,5.422681411860088,9.492809235525314,8.279469505115516,8.189675157190274,8.61580045015774,8.617315069944953,8.57172842769343,8.459994141258324,8.386418082032163,8.406965512839331,8.290806871452283,8.47048914450829,9.533586914154569,13.823962487118395,16.557313554695497,17.39424056479124,17.913718401348003,9.962830317715058,10.015318065105832,10.035733054739268,9.953551290502672,9.696853018764466,9.383766943185325,8.611102270403,5.7272141689257055,9.277415360360221,8.05505570152726,8.05505570152726,8.05505570152726,8.05505570152726,8.05505570152726,8.05505570152726,8.05505570152726,8.05505570152726,8.05505570152726,8.11550018328645,9.591249165766781,13.358718305144603,13.91386838557779,14.682441789439629,15.040373142513786,15.529274000949801,15.678675710936595,10.044374151383293,7.337652390258164,7.5208359733056795,7.713219043424885,7.987245520245404,5.589434752812899,9.226325842532852,8.14830327452175,8.05505570152726,8.25555536983354,8.33891387348079,8.199837350099221,8.12666407849512,8.20132751008351,8.145821497116359,8.05505570152726,8.176694077142734,9.327353370809297,13.119012311280093,14.451558297879696,14.6728051691856,15.423868756282946,15.862308059907678,16.23823913613913,17.005709017246335,9.191057866980557,9.412967495833726,9.114372861187494,8.498329633627137,5.617249203950988,9.604472152050175,8.242472151182128,8.150309464379607,8.169095901534442,8.05505570152726,8.05505570152726,8.05505570152726,8.05505570152726,8.05505570152726,8.05505570152726,8.05505570152726,9.37080325253165,13.482891929519122,16.249006907783624,17.107663270290782,17.524241622717263,9.656118819014994,9.722669111683366,9.58347049491029,9.925391631940505,9.399418871783372,9.04617395302772,7.859730683336734,5.209120240627285,9.298194893020943,8.05505570152726,8.05505570152726,8.14930412628954,8.261789114639395,8.151702719802683,8.09850160163859,8.05505570152726,8.108438244694991,8.328191376305288,8.178129242293092,9.61123573151711,13.724174117944113,16.36395725173003,17.545141304595326,18.090788756266527,10.035733054739268,10.035733054739268,10.240900937431165,10.050766514634551,9.696068982421709,9.159914081438574,8.175429713577758,5.733073245965766,9.783514245610062,8.395877529942215,8.242491404981907,8.05505570152726,8.05505570152726,8.05505570152726,8.05505570152726,8.05505570152726,8.05505570152726,8.05505570152726,8.05505570152726,9.236968183586493,13.492310215422268,16.091170911913416,16.67639430601956,17.141599008357304,9.328622326271256,9.358486218058317,9.555133507330998,9.302371298999928,9.191906831352547,8.777425896313076,7.838881763795234,5.091625254684564,9.062283056679323,8.05505570152726,8.068032108322427,8.293346578494093,8.28055044708248,8.292941370127304
8.103145567198,8.103145567198,8.103145567198,8.335954943319038,8.445463716852235,9.856452292816815,13.943200400899276,16.39654586642422,17.511217168103528,17.928950525882065,9.825804958684065,9.825804958684065,9.825804958684065,9.825804958684065,9.671945561285154,9.264012993404004,8.035912119918317,5.118370845109936,9.432060525408499,8.35845361370206,8.103145567198,8.224171214382467,8.103145567198,8.103145567198,8.103145567198,8.103145567198,8.103145567198,8.103145567198,8.208690020330689,9.617871677629575,13.860712609158032,16.304050254843617,17.09782299204256,17.531896950320743,9.612619303471918,9.695706298730759,9.945185507608164,9.697239496432443,9.457696538096751,8.917638647369783,8.13707684960518,5.580921437894668,9.639769640164312,8.103145567198,8.103145567198,8.103145567198,8.103145567198,8.186794180826553,8.103145567198,8.29739364302926,8.103145567198,8.103145567198,8.11557954431413,9.741078171395412,13.323390255342638,13.945148903743702,14.702699517731936,15.088925344394028,15.709554247683311,15.879420122344325,15.711999393272574,7.2661910422867875,7.60670551445534,7.664936165732648,7.767571796843606,5.440820246840691,9.639061280022943,8.429222532751101,8.122014019970424,8.259272176113742,8.333445667564021,8.15319805429897,8.219796407845367,8.114968633107566,8.103145567198,8.103145567198,8.257977383674683,9.344574241136009,12.957909805222545,14.136990634200139,14.553446073972502,15.234558215690509,15.74740978671401,16.15787095939509,17.019966628162365,9.150775613075137,9.001697188924297,8.76674593115422,7.992577697776828,5.212013771710745,9.490005058485592,8.192151547888393,8.203613771803663,8.103145567198,8.103145567198,8.103145567198,8.103145567198,8.103145567198,8.103145567198,8.103145567198,8.103145567198,9.352755961826308,13.252143105348631,15.923845635799058,16.858534895209374,17.415922084447075,9.581856575398566,9.71537164192791,9.444877622366999,9.372893715918927,8.993572277604574,8.896577012476115,7.758538640558764,5.252089227367163,9.587641771687498,8.103145567198,8.153291614061338,8.34765042607065,8.578650467663586,8.528359533112694,8.641356226300227,8.501352131395794,8.500639781421054,8.550337219106913,8.36076076230223,9.841643495500097,13.824660914059052,16.277674893978364,17.27908119532689,17.780149800096403,9.495646466799666,9.737575906532872,9.760474768184267,9.683089277849888,9.342306848003998,9.027895197250551,7.913712070166724,5.2682840330760605,9.603098752209226,8.165590504204456,8.103145567198,8.103145567198,8.103145567198,8.103145567198,8.103145567198,8.103145567198,8.103145567198,8.103145567198,8.103145567198,8.948338984059617,13.129953762864748,16.139314207779336,16.836515114642882,17.327959509240344,9.477045125963972,9.497740214220412,9.697580925849328,9.592723724834112,9.432927528346744,8.731799936750493,7.517500258541653,4.8836647260658586,9.21778553587395,8.103145567198,8.35242223017923,8.710148457443408,8.632511571002635,8.753437746882629
8.334099239253428,8.334099239253428,8.334099239253428,8.464517478998175,8.470244168154256,9.96914070719874,14.185949178901444,16.542034501416932,17.620568131783603,18.164085747144906,9.92714311345477,10.110980349527614,10.113420550748215,9.824955964489106,9.845721175605698,9.28320116861744,8.24842892334466,5.356131183745196,9.813171818984111,8.573431000416322,8.334099239253428,8.596883989661936,8.402466431647605,8.496127931926642,8.349807278972024,8.383628819396934,8.39685207424979,8.334099239253428,8.378601050081036,9.726529001147574,14.001067861777752,16.701398421620745,17.471524413056027,17.940235862677874,9.845200130446493,9.895380326178772,10.049825513172667,9.972275686630281,9.655294035500832,9.274806440337663,8.355390902513449,5.472787367943408,8.148008353935168,8.334099239253428,8.334099239253428,8.334099239253428,8.334099239253428,8.334099239253428,8.334099239253428,8.359918589862577,8.334099239253428,8.334099239253428,8.374624003503849,9.98091557964035,13.76674782521441,14.385191566811226,15.2292636072292,15.6523684754581,16.173992700485563,16.29221496895987,8.320717618830853,7.459292995968008,7.840638834148462,7.820963694953512,8.115568234045975,5.930359285900913,10.194134714896965,8.861969095045405,8.59653441727888,8.666169723323229,8.585311513069778,8.60812766203192,8.46111614908295,8.476111754661728,8.371292484974184,8.392855206075012,8.582510772875619,9.751629085491778,13.370523704943135,14.575116023189375,14.909835797327055,15.518952010552553,15.91915402087325,16.419145169843326,11.808515721115846,9.16332964487255,9.260510998228078,9.15869820362638,8.245365935947326,5.448824059250013,9.525682591169002,8.356983568888138,8.334099239253428,8.334099239253428,8.334099239253428,8.334099239253428,8.334099239253428,8.334099239253428,8.334099239253428,8.334099239253428,8.334099239253428,9.48490449500369,13.67459117312699,16.514078907414586,17.486301746763456,18.03468495984504,9.882267091482845,10.058121381277852,9.921951223185197,9.906712351215882,9.43490980976504,9.297478289464712,8.125816304584093,5.3100672997772564,9.831139652034935,8.334099239253428,8.362432024668665,8.548142315679716,8.711393893147319,8.823488354556833,8.936385576610933,8.64864525676832,8.806511657617069,8.86612062791288,8.641222963488053,10.045094894885512,14.081480981103159,16.693187725467762,17.812043677375836,18.156542031350032,9.680361825691033,9.923681252810812,9.803793133576285,9.738885508169405,9.432419049633296,8.843455980177264,7.712452828437928,5.2911311469287625,9.614330998834896,8.360975207535041,8.334099239253428,8.334099239253428,8.334099239253428,8.334099239253428,8.334099239253428,8.334099239253428,8.334099239253428,8.334099239253428,8.334099239253428,9.379920691998265,13.799098171989995,16.798028400606324,17.486646633189636,17.90860168006378,9.670488231932076,9.844681668659101,9.88093361036222,9.729473430498073,9.589197911915955,8.866721763841854,7.581841254257163,4.938364257689825,9.411759482233457,8.334099239253428,8.524532890449706,9.102237035417101,9.183849009950027,9.20615311503226
8.384590177354289,8.67143818516282,8.54577413619464,8.81610689384017,8.89958242548809,10.423817109474886,14.709671925344391,16.957474693984175,17.93769847159795,18.39186845584544,10.135002193862185,10.06761937448448,10.13829734136496,9.69077409639547,9.445682379019484,9.080948970985927,8.046290085702795,5.094957718007146,9.243549194744997,8.348732818001075,8.348732818001075,8.348732818001075,8.348732818001075,8.348732818001075,8.348732818001075,8.348732818001075,8.348732818001075,8.348732818001075,8.348732818001075,9.725709724121844,14.211397490824233,16.655830449987533,17.463352102530223,17.938581184683358,9.915276114813766,9.77505377122829,10.033427063074635,10.00847898990465,9.660452811900276,9.344804573835587,8.662470043713316,5.717872123280411,10.292082532804306,9.023042204564678,9.197251872768877,8.80827949106245,8.665662107682783,8.797607123813009,8.58186013421402,8.860625884720122,8.580337289120555,8.381511473562949,8.348732818001075,9.926986759958146,13.626829601148678,14.49171620278204,15.341887719248643,15.716530115123838,16.23096101946823,16.310801247893203,13.276620191591688,7.417180023601567,7.7321039688762605,7.911195112451974,7.897125565430569,5.65750312177294,9.74378373960509,8.464546183111635,8.348732818001075,8.348732818001075,8.348732818001075,8.348732818001075,8.348732818001075,8.355767247315036,8.348732818001075,8.348732818001075,8.511715910455534,9.669958381752215,13.267164223996858,14.538612810761299,14.932944929109851,15.57683881910864,16.010047517981363,16.475381932517063,13.813582047983132,9.431377456861467,9.173525831115677,8.965074726201001,8.079532878399913,5.132248479667385,9.493988675192437,8.348732818001075,8.414915531120803,8.348732818001075,8.348732818001075,8.348732818001075,8.348732818001075,8.348732818001075,8.348732818001075,8.348732818001075,8.348732818001075,9.656908059860225,13.693232908153949,16.55453507291839,17.589986325788566,18.138070741523634,10.051600922341855,10.06761937448448,10.10807803597561,10.070058885160304,9.572036002504332,9.309033536579268,8.081955988827422,5.597004617765402,9.855374335606765,8.459134183524043,8.36782722670809,8.607878379941889,8.57215064657021,8.589445518486464,8.752444587987762,8.468540735483408,8.675486191257612,8.627025257870798,8.348732818001075,9.805738976762933,13.829671187421365,16.376687888707764,17.593448769366262,17.965748465115404,9.476631862383595,9.658003298090199,9.728513782522151,9.73078670750879,9.564314993693772,8.925238022674355,7.801736289554245,5.348134155717259,9.514231602072808,8.37494881718837,8.348732818001075,8.348732818001075,8.348732818001075,8.348732818001075,8.348732818001075,8.348732818001075,8.348732818001075,8.348732818001075,8.348732818001075,9.530654885418489,13.972485283502127,16.952380041302266,17.71329192261269,18.150275705115785,9.80572062232925,9.977510486357035,9.950287542966414,9.806448956852865,9.491264063159884,9.124421540307592,8.127298397696416,5.380305094807026,9.016648724536974,8.348732818001075,8.53589072001864,8.619709795678386,8.810999189486195,8.865351415113343
8.350306914949611,8.681482804729763,8.50561082808607,8.60467844007153,8.627762286654932,10.111564781149651,14.353391779108843,16.653067585577027,17.579972549386103,18.032217463151035,9.942613165537024,10.036002082944286,10.047349254197767,9.817598469845443,9.467936554313107,9.019491122359858,8.10510277161251,5.462965401460298,9.68239103146643,8.285928824049527,8.285928824049527,8.285928824049527,8.285928824049527,8.285928824049527,8.285928824049527,8.285928824049527,8.285928824049527,8.285928824049527,8.285928824049527,9.640577463167377,14.132672594815464,16.841290662990374,17.654614001820057,18.005113489333386,9.975062857390638,9.94034762423575,10.219449114442954,10.279202709430793,9.835272382703854,9.475446406864217,8.65116027939953,5.886124236085162,9.229484415445757,8.93433824403032,8.841247025756278,8.474667292740715,8.405626256175072,8.567168906403587,8.295578589592925,8.557664443943342,8.285928824049527,8.285928824049527,8.285928824049527,9.764307498044408,13.603354801111724,14.505829879649216,15.36895232208486,15.754187262414458,16.22526580408841,16.36882540077565,10.72751278222107,7.475531646099216,7.881315701450585,7.967134615195209,7.872513668942944,5.674094955961027,9.866123374275725,8.453691921471519,8.309717405639626,8.30323747521426,8.285928824049527,8.285928824049527,8.285928824049527,8.484336289021094,8.294840341922269,8.285928824049527,8.285928824049527,9.345376543167545,13.075965349801319,14.423497938831925,14.842672909557313,15.37761044395019,15.869091179320701,16.340623731975,13.319595961148952,9.414671409142557,9.300934512073932,9.078248211847342,8.046674448697003,5.135009302677392,8.499616247490927,8.285928824049527,8.285928824049527,8.285928824049527,8.285928824049527,8.362703956858542,8.358733477666886,8.285928824049527,8.285928824049527,8.285928824049527,8.285928824049527,9.48815441604147,13.663365538956093,16.478216757303763,17.667033670892614,18.28313740968639,10.239769306661032,10.10217544258459,10.111271389992039,10.10217544258459,9.757367212725175,9.3456898943325,8.141229727975407,5.557228073808178,9.900698357693768,8.62331148123276,8.424648004723014,8.547725351773872,8.500139401162977,8.424411468539803,8.548062717608865,8.323255853883815,8.448617471904711,8.365508210397836,8.285928824049527,9.540609619363206,13.505448597685998,16.159463716629972,17.459137587179526,17.920042429219524,9.62409677533108,9.587850313053158,9.815638665864991,9.625811948159269,9.436096747515542,8.936496229169402,7.755242753145777,5.378488045372999,9.420210422343063,8.285928824049527,8.285928824049527,8.285928824049527,8.285928824049527,8.285928824049527,8.308658059229987,8.362068260573949,8.489339404220093,8.621133139258653,8.534495451484354,9.65329052328791,13.996805895057875,17.1313278102253,17.841843553878526,18.293105780747,10.07246361524453,10.10217544258459,10.10217544258459,9.8412341369697,9.520850782068717,9.035809625779583,8.295712138004937,5.208646993434633,9.7174334234037,8.347239339557737,8.285928824049527,8.44814078671882,8.566320458330642,8.583121122615774
8.565027430825094,8.780436695736796,8.842276719537235,8.524657094824711,8.464337541445758,9.918683236919781,14.332403534995308,16.677821342669162,17.74650382624226,18.45948216437842,10.107447004007948,10.197840514855379,10.309095615502802,9.981530715110742,9.640268895108822,9.317748271808904,8.184229675646925,5.627584530893557,9.915589642052769,8.42328722393289,8.42328722393289,8.466642912031167,8.42328722393289,8.441627121973148,8.42328722393289,8.42328722393289,8.56809589536245,8.42328722393289,8.497672021473623,9.828491680467588,14.527324021244207,17.283703979220938,18.188838961212777,18.479115960979144,10.344106135909096,10.254992160403685,10.28977135044268,10.149693006650072,9.985252590075275,9.489803297197444,8.771785919154544,5.926217243961234,7.72830112656306,8.631117633500416,8.646372769329208,8.613440811459874,8.66116911993338,8.641359354040194,8.42328722393289,8.735792389676426,8.545635183609912,8.428088921418167,8.42328722393289,9.944710736439724,13.86311744161857,14.617587454618105,15.382884289853857,15.723529232455492,16.260379024397487,16.342307774046766,8.658258148783084,7.450035944713172,7.885640423421543,8.062583422209684,7.808375259858053,5.361952104875735,8.570011818330956,8.42328722393289,8.42328722393289,8.42328722393289,8.42328722393289,8.42328722393289,8.42328722393289,8.42328722393289,8.429694783674096,8.42328722393289,8.46013355830914,9.660677227463392,13.252389723097066,14.7377772166456,15.086384845711107,15.761694814163878,16.278370440935202,16.72934600247701,12.033916127351361,9.26653503929851,9.484620045215294,9.256150115769106,8.331625080479753,5.499955186713166,9.981244423302014,8.53415152521774,8.54371640791061,8.802974593501848,8.691878952621474,8.656772907820105,8.657287671186449,8.695746440074153,8.818798799282384,8.61346261767185,8.56890322857197,9.971576141554356,13.92535647351028,16.71537483084556,17.831796355043522,18.283383402278663,10.163758659068,10.381175693320833,9.98994267318636,9.926746236236966,9.416905206540054,9.275202154552522,7.957039642704872,5.254599583237634,9.550632596613392,8.547382472826879,8.42328722393289,8.42328722393289,8.42328722393289,8.42328722393289,8.42328722393289,8.42328722393289,8.42328722393289,8.42328722393289,8.42328722393289,9.6369554879255,13.92888132990753,16.500119102180726,17.977346969539113,18.55924915522275,10.178413383399523,10.267706871935887,10.197840514855379,10.349774403608716,9.848827457402743,9.468787178981739,8.39908544647258,6.091135737613427,7.260856474591382,8.88453256156769,8.825478984160691,8.86415986109425,8.83712213371912,8.843114853071423,8.750487307203983,8.584487309588832,8.465303283108916,8.601954921160115,8.533527493354537,9.72506519696252,13.91734029724421,16.69016776155879,17.431242226139183,17.902717146535494,9.734128036246641,9.896189030218906,9.822062862697969,9.665547689357629,9.482193556857505,9.32362462167324,8.69964403719592,5.9364131296669544,10.438806828497693,8.797293011564328,8.426573617625303,8.42328722393289,8.42328722393289,8.42328722393289
8.634082606766896,8.490810692417622,8.490810692417622,8.784091005435009,8.635973034870352,10.285497341524776,14.542975574011757,16.97608953346198,18.16878319805926,18.503940918029947,10.14976325576596,10.013130225612326,10.098926448474357,10.013748213476715,9.684517333225312,9.320601054925792,8.36721453435253,5.329763571868438,9.968493520589243,8.808954307669945,8.54531762730152,8.632355495343225,8.54869448618064,8.510490179810718,8.490810692417622,8.596964510653809,8.640108267663141,8.490810692417622,8.561597650914463,9.858515529411285,14.436563338113633,17.041250137686895,17.916141871674533,18.15961291939583,9.71831277932467,9.856674678386423,10.019746277963312,9.9575305445128,9.571572829765206,8.96647287571198,8.287373305515585,5.493229682731121,7.4867962444478735,8.493076945651666,8.507682630586379,8.490810692417622,8.532306595038714,8.53225834513857,8.490810692417622,8.767668209117932,8.642340874658354,8.490810692417622,8.490810692417622,10.054652063576025,13.917861580530088,14.637812310093597,15.300385086507434,15.6431446183451,16.27968251705922,16.369535730405,11.81633022159258,7.461972390038984,7.717353797161052,7.777992227521157,7.734843276233823,5.491549527345627,9.321207840414104,8.64995549969943,8.490810692417622,8.547238848054816,8.567849174311958,8.490810692417622,8.490810692417622,8.490810692417622,8.490810692417622,8.490810692417622,8.565088326962359,9.648636409076413,13.500567050262077,14.728651485063322,15.042232043659528,15.75177705838432,16.149223441094183,16.61015751614522,16.874887905551898,9.09742970712156,9.367465554594999,8.867310919358493,8.030717706804781,5.333475167184146,9.909461754086083,8.715853486240562,8.73511815877897,8.67658325247674,8.490810692417622,8.490810692417622,8.490810692417622,8.490810692417622,8.50619036207637,8.58168883846054,8.554319152545352,9.874645581069437,13.8302888510615,16.668233162477947,17.621579271399845,18.1062540132048,9.81986772510071,9.818283439068262,9.575900211842066,9.611826830828056,9.115104203206087,8.86943204987394,7.755980574583577,5.1796238577768525,9.790098327364895,8.490810692417622,8.490810692417622,8.490810692417622,8.57385269657988,8.58476082026479,8.615262553234869,8.493518850950867,8.6762626433606,8.925254397282947,8.601160172389955,10.033261858907778,14.092252050693482,16.63805808151834,17.991105990206343,18.503940918029947,9.953091608467759,10.11601395636466,10.115738717258914,10.08689052527356,9.778248041923053,9.23703500864013,8.039931553990332,5.563482521748821,9.717257623106036,8.927875707861027,8.719843885403835,8.490810692417622,8.490810692417622,8.490810692417622,8.490810692417622,8.490810692417622,8.490810692417622,8.490810692417622,8.490810692417622,9.314400864622797,13.599219314589625,16.493640964088826,17.279218421381067,17.7004263598623,9.645875839692781,9.68400047925053,9.740155233723035,9.469656480641586,9.464983309022019,8.996601404004108,8.29039453353587,5.720682876081765,10.082318522746363,8.513016100317564,8.490810692417622,8.515374395784777,8.490810692417622,8.511739482936434
8.21637301316964,8.21637301316964,8.21637301316964,8.21637301316964,8.243523846581986,9.750009038435248,13.8554349234042,16.309670485461815,17.469992880604373,17.890160957344172,9.673787944174533,9.673787944174533,9.74495829013725,9.640039965094774,9.445467115797378,9.03469766297051,8.032520088723672,5.088736730765292,9.594689859041699,8.532685034353136,8.21637301316964,8.440157023437044,8.362305830466921,8.340975567006115,8.281442176721761,8.278667393379092,8.322237619163566,8.21637301316964,8.252046403786071,9.582363246648406,13.796934543874478,16.25015413198519,17.134370327084305,17.534866449711373,9.42790310598803,9.478888161149612,9.673787944174533,9.750281756777403,9.309051862700793,8.865034050055858,8.007759039233298,5.287600478530916,9.591845333801302,8.21637301316964,8.21637301316964,8.21637301316964,8.21637301316964,8.21637301316964,8.21637301316964,8.360101685584182,8.307593307194473,8.21637301316964,8.21637301316964,9.872707064563876,13.416692167478434,14.059168836304583,14.755061978707058,15.087545507160744,15.734532938862404,15.789477986180646,15.646362891107906,8.486109336142594,7.3648470353731454,7.5467225167449765,7.707240057726689,5.533057541153249,9.839176897151793,8.722068135065111,8.426258267760769,8.504484081303096,8.531093971294256,8.371245577738984,8.367027206485853,8.36149504599434,8.333378141796373,8.28929288367428,8.459472781235531,9.41781993773221,12.980809072613786,14.137177991384622,14.454958151140161,15.182005137101886,15.571681310175201,15.997951573226079,16.840701962185648,8.827889881108174,8.829803526313988,8.586956193945836,7.926239137250445,5.123781075094347,9.439827925584527,8.21637301316964,8.21637301316964,8.21637301316964,8.21637301316964,8.21637301316964,8.21637301316964,8.21637301316964,8.21637301316964,8.21637301316964,8.21637301316964,9.44345922520095,13.374359727489734,16.093062764211492,16.88511478469446,17.341888483465706,9.295985907432584,9.471609705342683,9.395871004742109,9.383945805177289,9.087937485771763,8.787585329893105,7.7532391142468216,5.1435197527265055,9.801463621345087,8.30239671145206,8.34008352660076,8.508875487420942,8.634642985915981,8.526419489291301,8.586525310909586,8.21637301316964,8.506503416012977,8.672853004943606,8.445607360402505,9.902565714321629,13.834854243445651,16.124701530636436,17.1935124654125,17.838083931826112,9.596033640714914,9.774957355485622,9.588594319526694,9.566669499508176,9.224730545114687,8.628528346436735,7.861414704678287,5.219908077633584,9.679051013550012,8.348014084016986,8.21637301316964,8.21637301316964,8.21637301316964,8.21637301316964,8.21637301316964,8.21637301316964,8.21637301316964,8.21637301316964,8.21637301316964,9.42232097043726,13.52758785721333,16.150669409565445,16.847621194514183,17.162839508500085,9.268492512273488,9.188595228421892,9.257352216673285,9.219552275934971,8.90636608437039,8.446998950652967,7.542289595233159,4.880846665646233,9.229316264241657,8.21637301316964,8.289230448413814,8.54120790688682,8.616561806560782,8.674769848524623
8.862862448853274,8.840836074934131,8.840836074934131,8.862203669625968,8.840836074934131,10.369274426323756,14.578592422297334,17.174368331478018,18.230832899306236,18.807426315460397,9.966590240526267,9.966590240526267,9.966590240526267,10.122182444574696,9.589627842840748,9.271210986379943,8.293721023605324,5.618016914828821,10.52811123753181,9.197027485579104,8.859553172259675,9.026636414627207,8.977731062967433,8.9924797795982,8.90291860766303,8.995224778131323,9.110379504019006,8.840836074934131,8.984668150340076,10.445596542641324,14.741624301902377,17.263528868960524,18.289428709335432,18.618582148969313,9.797242961462397,9.819591313229973,9.966590240526267,9.905324053679811,9.54920358337557,9.240225540630664,8.281171054483874,5.4673662412885164,8.439860174822552,8.840836074934131,8.840836074934131,8.840836074934131,8.840836074934131,8.840836074934131,8.840836074934131,8.960616197142903,8.891158582094,8.840836074934131,8.840836074934131,10.45887486158627,14.251868667903471,14.933504683860875,15.577833447310159,15.923713101520534,16.538628416243927,16.66807420430502,15.217153884850308,7.329124949915217,7.57035683560866,7.807720974912758,7.714376601060075,5.528664077441976,10.270345564345979,9.108805555108635,8.840836074934131,8.976073417266836,9.101065017534697,8.85398357181393,8.949941974293946,8.840836074934131,8.967219796850115,8.858366890693622,9.06589951919941,10.136246819878785,13.761947886594854,15.071686645794745,15.410784567315634,16.085875284501768,16.48206962105288,16.92745944019113,17.79181253863827,9.06391167917947,9.084010114876083,8.870760395745451,8.11908669271693,5.402608298008787,10.311379155736928,8.995553021404332,9.015549787609494,8.840836074934131,8.840836074934131,8.840836074934131,8.840836074934131,8.840836074934131,8.84986780976891,8.840836074934131,8.840836074934131,10.160867283778817,14.13743702770452,16.891557127925708,17.733264847069815,18.23648176897551,9.689901999573221,9.915728757183908,9.61438805819621,9.528864325857807,9.418362180242893,9.000262242662055,7.920074085577106,5.414714704600969,10.380542165881211,9.029155727926046,8.930809196214646,8.927522261660979,9.038488258833134,9.017874993413914,9.067221625888159,8.840836074934131,9.061925439288801,9.338638036354725,8.937712932964324,10.381361961879065,14.537598464019156,16.893775329560476,18.1153575043477,18.7248960266243,9.689501569472016,9.918772965703633,10.057167979504074,9.942256810966661,9.641297966952902,9.004753298998123,8.024077089006258,5.511653046824741,10.47474756753964,9.107638311151183,8.87760800028437,8.840836074934131,8.840836074934131,8.840836074934131,8.840836074934131,8.840836074934131,8.840836074934131,8.840836074934131,8.840836074934131,10.029212947477856,14.218567128738485,16.983706356469952,17.666656422244206,17.99908310531879,9.330433965621479,9.52777774007809,9.659046926007457,9.405104134233842,9.326059341468845,9.09571453615261,8.198575163760873,5.4399740244266725,10.24492355157831,8.840836074934131,8.992402199718786,8.893632450179915,8.861765414779516,8.921063964111266
8.821116730862816,8.612843119056796,8.612843119056796,8.850059580049802,8.794091975947756,10.336377786044304,14.512235403571001,17.0604958313465,18.17201518033128,18.39584937086841,9.864779813793175,9.794532545815533,9.783006251811617,9.783006251811617,9.61953354646741,9.22114895642589,8.161085446533459,5.372276559328101,10.12216993465703,9.020478195277924,8.612843119056796,8.654138006269296,8.612843119056796,8.612843119056796,8.612843119056796,8.646959598453426,8.677196438305437,8.612843119056796,8.634752500356653,9.890770270720674,14.315214480293289,16.897488449867048,17.724923497630748,17.97948422416962,9.461344316137671,9.719015544845682,9.854331084070553,9.5962490841612,9.123174679138895,8.559343268308325,8.025147705530609,5.341134451970278,9.564860321408377,8.612843119056796,8.612843119056796,8.612843119056796,8.612843119056796,8.63604291034579,8.612843119056796,8.96774054304772,8.877827202210884,8.701430562035345,8.722708477931564,10.409160152995554,14.00542482577649,14.73217323563158,15.411592727182551,15.72409910336087,16.354443837445974,16.413345208657265,14.971975780821307,7.5697588623117165,7.52178825554028,7.593437833412184,7.718587992695658,5.594314179906201,9.848950370904655,9.256900475115009,8.894303194854508,8.895715657602345,8.934210365160665,8.717936530311706,8.770858601016737,8.778620905002654,8.826428813873383,8.612843119056796,8.7422047023515,9.681925354332584,13.429270204550185,14.580463661018822,14.906587466036262,15.610722185666972,15.976007250625596,16.4395234662817,17.350098710332038,8.918627521371972,8.79506770812643,8.485565489559217,7.673756149040364,4.882037750423814,9.726675457108033,8.612843119056796,8.612843119056796,8.612843119056796,8.612843119056796,8.612843119056796,8.612843119056796,8.612843119056796,8.612843119056796,8.612843119056796,8.612843119056796,9.779820267719897,13.740652631167961,16.55094112559768,17.343818587495687,17.84238278672458,9.48795301923728,9.707595175692244,9.498574998586117,9.708400389986547,9.179591990621043,8.915748111291572,7.887500742043849,5.391181788211736,10.354757932923965,9.194839362434871,8.906695157871706,8.949611207480501,8.985056582298691,8.997550134466344,9.056452307457477,8.659547432641608,8.910584883442295,9.19268366799563,8.802315011786604,10.114725311346744,14.081336175006278,16.399376746025432,17.5877048545506,18.316886010224934,9.41129003785001,9.617051236076106,9.731953021423529,9.536038234599776,9.289215995541053,8.805442447727579,7.664300978029087,5.11874386032502,9.924418929801679,8.760794614882364,8.612843119056796,8.612843119056796,8.612843119056796,8.612843119056796,8.612843119056796,8.612843119056796,8.612843119056796,8.612843119056796,8.612843119056796,9.45486538482324,13.677537688218928,16.69615365948225,17.572708947495588,17.920569441368244,9.394452661164804,9.781767624376025,9.690244809675262,9.357886252349132,9.405669090541936,8.915980190111338,8.010303092005786,5.618459092783871,10.225651552508564,8.773011944783262,8.967189282961701,8.66999829577209,8.612843119056796,8.762581563483293
8.71576157377265,8.494209838764412,8.662389065865785,8.929435191016525,8.872313192142366,10.2533370777143,14.126637624150835,16.519190403002277,17.486689404337547,17.82903089275797,9.404749743724333,9.404749743724333,9.404749743724333,9.418495782112855,8.952874069466763,8.600690149739483,7.539260338545327,5.183811832685816,9.785824813897477,8.662777468564938,8.424281149033636,8.424281149033636,8.424281149033636,8.424281149033636,8.424281149033636,8.424281149033636,8.424281149033636,8.424281149033636,8.424281149033636,9.788198113450127,13.962397166889405,16.42866335455672,17.274690340170412,17.590144243579246,9.285793050362436,9.379858336972442,9.615857888633547,9.402563533330396,9.21659121210805,8.756631377739355,7.881886594883729,5.2198861878134,10.049359163425843,8.633353704319271,8.69028910453064,8.424281149033636,8.451996918891329,8.470380198023634,8.424281149033636,8.6194982981466,8.46810429694687,8.424281149033636,8.463653773442317,9.966608157039799,13.392396621080048,14.055494413964755,14.70949532934361,15.061190434849477,15.643157960015184,15.752113080381324,15.645555504080534,13.025064463451194,7.188143243475034,7.37278366666768,7.213582257860846,5.229086486522487,9.781716279915488,8.63760236247547,8.424281149033636,8.513775256862333,8.663213063978846,8.460396083466247,8.424281149033636,8.621635616607769,8.64233631379307,8.476382361582257,8.645578123963677,9.649847432353818,13.102105999305426,14.31154954153709,14.655671390011651,15.25483766417643,15.687650144365637,16.11155858201708,16.86535383564471,13.935266593691104,8.604638782050994,8.291532720755455,7.652827710632331,4.876871189104631,9.501827535081864,8.424281149033636,8.437799838514904,8.424281149033636,8.424281149033636,8.424281149033636,8.424281149033636,8.424281149033636,8.424281149033636,8.424281149033636,8.431218066436214,9.749196820730752,13.518519098706268,16.025757111423033,16.94644822709058,17.430110839909226,11.57374026439197,9.346277024188035,9.212695645151115,9.080964743372354,8.748779237735103,8.679508350692611,7.526854995976654,4.961492936253086,9.98700479930677,8.45237554670747,8.567393433155132,8.565682504550484,8.652194003026636,8.536139146888475,8.62757002165835,8.424281149033636,8.550282964663115,8.806665112873546,8.426603428251571,9.754368329445947,13.624767802718068,15.866674989557758,16.97030538815611,17.68745807388106,9.16069165076444,9.30767907201403,9.255794821083894,9.27682514767931,9.02771141465183,8.557467649117815,7.583443877205768,5.248834541119949,9.987182639113817,8.85969052484495,8.62570452552637,8.424281149033636,8.424281149033636,8.424281149033636,8.424281149033636,8.424281149033636,8.424281149033636,8.424281149033636,8.424281149033636,9.296976958477828,13.412879730770934,16.124086688707873,16.926430387816865,17.23660207057389,11.687133412108436,9.055704437329272,9.090190062962984,8.899317658309998,8.747453256318307,8.28768368083832,7.472904856419376,4.793311134048125,9.554833747641476,8.424281149033636,8.523825649681143,8.67790860207686,8.655182734819347,8.791709401724484
8.74401077062069,8.760541198999325,8.712404518321142,8.932948921842488,8.901151780078212,10.43574778344502,14.70514616711182,17.060958881358502,17.852846967942362,18.47955667204537,9.759501012642252,9.9095556493852,9.899348081959667,9.630789312685446,9.411737913364256,9.04132654436035,8.117506144732575,5.4305931310658995,10.28675203344001,8.973835647386899,8.712404518321142,8.712404518321142,8.712404518321142,8.712404518321142,8.712404518321142,8.712404518321142,8.712404518321142,8.712404518321142,8.712404518321142,9.825157134240037,14.329713932058706,16.812035700341085,17.833338829864758,18.186974134038778,9.729947932967187,9.63648920718057,9.847929015217348,9.74070506144565,9.318418954263562,8.948469199857032,8.200940033748175,5.432262401231579,10.248325214363614,8.839128782826537,8.845353125421601,8.712404518321142,8.782581413684033,9.009464647381847,8.833538040210888,9.167538253980366,9.025107294542599,8.901117096370593,8.89492610065763,10.444737741455738,14.088204693178636,14.99403323996869,15.69310632359614,16.05814192829031,16.675875835513622,16.61659262067687,14.986046088274012,7.520924773416375,7.746387079090416,7.978468561915603,7.951695746700235,5.745996413355291,9.972953437442516,9.014653466490387,8.846692477080552,8.712404518321142,8.712404518321142,8.728070251075694,8.827462924221766,8.905681018694821,8.978893217887864,8.712404518321142,8.804257606169987,9.849013108320968,13.398489461944926,14.731613911039803,15.061596586123667,15.667066953881584,16.156929978302543,16.625431526623345,17.452841630282634,9.11785009469546,9.121067916325016,8.775521342493375,7.865466459384273,5.026034746703769,9.999090488463704,8.712404518321142,8.712404518321142,8.712404518321142,8.712404518321142,8.712404518321142,8.712404518321142,8.712404518321142,8.712404518321142,8.712404518321142,8.712404518321142,9.897634540371564,14.054253381552442,16.794346677552735,17.812483024151526,18.273191230033003,10.913040322037205,10.066858101289968,10.006233220016531,9.858274311476334,9.518502164526115,9.308043896759973,8.049496057823655,5.557541770210417,10.387528689778419,9.583872187023713,8.997100689271209,9.081018574444373,8.96490891661352,9.037336869420306,9.120590859381933,8.712404518321142,8.908206936685051,8.976898895480154,8.712404518321142,10.168665459591665,14.302190593822427,16.553644623140944,17.62645768666433,18.277318609678908,9.475382294512851,9.536475277987801,9.49014567974802,9.41232967473283,9.192046201113953,8.647980154268105,7.525573153105329,5.210201427761782,9.842216650500907,8.712404518321142,8.712404518321142,8.712404518321142,8.712404518321142,8.712404518321142,8.712404518321142,8.712404518321142,8.712404518321142,8.949311684642494,8.967358165355323,10.225383002013082,14.600544382767769,17.265432042237997,18.13514852482669,18.498987513949473,9.779583299451332,10.02665185458639,9.80054174048653,9.667506765238013,9.354994205458778,9.15391204541202,8.232622493781141,5.613493674935922,10.552423702127042,9.006405455862584,8.924981718329713,8.76797580200557,8.929125250515687,8.95970086565647
8.423217983063337,8.671512800435488,8.58534149017415,8.81556578048867,8.81855914499607,10.20251098570547,14.173155410286268,16.538819014396246,17.29860586676385,17.768150977702778,9.298337793332822,9.35688510949522,9.442355790191844,9.228915931188066,9.127992308304005,8.727973669998892,7.594749831623466,5.027612093911683,9.493949035924393,8.408077478329313,8.408077478329313,8.408077478329313,8.408077478329313,8.408077478329313,8.408077478329313,8.408077478329313,8.408077478329313,8.408077478329313,8.408077478329313,9.599768616710568,13.817711924223271,16.250708769587487,17.224370826885878,17.650385646629182,9.492614198198552,9.436951914984576,9.578341381203346,9.531303918271016,9.429050791618344,8.929275878679887,8.021597026219412,5.451680516178693,10.137339805281592,8.730985005316489,8.825991639717735,8.546307753131392,8.503083184378372,8.687806773834618,8.408077478329313,8.693176755644988,8.50706877884374,8.408077478329313,8.408077478329313,9.95490046208577,13.475085982562408,14.314368346766216,15.07309373552626,15.462618315761736,15.987907976200695,16.029656402492137,15.882507724955936,14.924854837772884,7.613600242987854,7.654945460379214,7.799575159372064,5.432985502672924,9.939394124105073,8.671878231991313,8.537763503107767,8.408077478329313,8.408077478329313,8.427582827249763,8.408077478329313,8.577529638613866,8.560108288601946,8.408077478329313,8.4807920737082,9.525864998563131,12.934364252317662,14.144917507598237,14.556045557327682,15.250810051268054,15.657028403342306,16.17529743607767,16.92077681019572,8.826159589946512,8.873761491008159,8.653085035136584,7.6870308954172275,4.90882928884182,9.584174442330697,8.408077478329313,8.408077478329313,8.408077478329313,8.408077478329313,8.408077478329313,8.408077478329313,8.408077478329313,8.408077478329313,8.408077478329313,8.408077478329313,9.489494659310761,13.449014425407132,16.09857326975291,17.200283372587997,17.769347266612478,9.638166399807782,9.584717018372531,9.849897196920512,9.584717018372531,9.196889180286917,8.879782354818735,7.804922482388173,5.3897846853521445,9.920296634220657,8.630981301036968,8.549572651726843,8.717968722134763,8.691367432939598,8.722355686097323,8.854749419630137,8.486960822236773,8.684820764733002,8.715763028751647,8.501278396316357,9.833907321871859,13.776313700941213,15.946654290212884,17.003860617467375,17.579270441391074,9.025216580101826,9.20517761996445,9.21096409070315,9.117742728872791,8.891907391814305,8.469650069926733,7.320231574362752,5.040975715441205,9.607863562128916,8.408077478329313,8.408077478329313,8.408077478329313,8.408077478329313,8.408077478329313,8.408077478329313,8.408077478329313,8.408077478329313,8.58045027029805,8.567259813963819,9.794563470566537,13.975430676930106,16.65876668722489,17.522633531204818,17.88402818325271,9.446876457361016,9.515208290887092,9.501431544441314,9.32693903878426,8.945522258074327,8.496728246498867,7.7222134437529855,4.933131549553284,9.782417196206856,8.408077478329313,8.565960263726309,8.707146456522118,8.801655279916348,8.818299170678033
8.561535114198232,8.783872580045175,8.713281076067332,8.919235339687939,8.881420763600099,10.336807636627842,14.431519339593954,16.782625905467974,17.47466776179387,17.924138517390972,9.298450238398079,9.483353197956614,9.432342238197618,9.266578331556543,8.856995621703929,8.490869917075441,7.666949422888799,4.969511876215693,9.619982799032083,8.561535114198232,8.561535114198232,8.561535114198232,8.561535114198232,8.561535114198232,8.561535114198232,8.561535114198232,8.561535114198232,8.561535114198232,8.561535114198232,9.761677303312531,13.992231262406117,16.66324745966504,17.502737706499907,17.911926175748725,9.619283047058039,9.36576301156079,9.543739965359089,9.62507440289183,9.337850560474694,8.996266439000717,8.230773157998891,5.493868270926333,10.339554182183592,9.214241006067663,9.435325538579967,9.070473205662706,8.88513797097075,9.035344396910922,8.763839481073713,9.00877780039523,8.774827130850898,8.634670498078165,8.614971097662453,10.01548371253587,13.55643553465246,14.51316861380386,15.304594098649074,15.671461455051464,16.122559835622646,16.188972317983367,16.031253052637965,12.85758596797688,7.4117368054345345,7.621288652862646,7.504233385166987,5.19214008626968,9.82038204791335,8.561535114198232,8.561535114198232,8.561535114198232,8.561535114198232,8.561535114198232,8.561535114198232,8.561535114198232,8.561535114198232,8.561535114198232,8.561535114198232,9.655309906568975,13.115855150725,14.45163327932465,14.855289427233,15.448429299164564,15.869405163633825,16.317869678175523,17.025048103137916,8.843947496489795,8.892405341803281,8.68399317547947,7.789650477987538,5.0676194716677845,10.003898338677004,8.606633116967751,8.759942677285323,8.70284078820745,8.692504777231271,8.899989977271215,8.900734206213444,8.686160173597457,8.720035458413529,8.633750046303124,8.561535114198232,9.776096130570151,13.804370581724402,16.332159217488773,17.49787831244464,17.962275454283628,9.608379928615387,9.681978719238877,9.672158652589918,9.513397990884032,9.227655709180596,8.732341425985014,7.6719009665894315,5.301798258469703,9.81238022661221,8.561535114198232,8.561535114198232,8.603147890540475,8.561535114198232,8.561535114198232,8.680021636047735,8.561535114198232,8.59583023584196,8.634672055117361,8.561535114198232,9.780362060030276,13.807473492389274,16.20713161871458,17.355922153991067,17.84852038976869,9.21937851948027,9.234192268758147,9.361553827391065,9.316169129697531,9.006438740497456,8.705777112042057,7.522779543462054,5.277762970796467,9.960170091924414,8.62151459963095,8.561535114198232,8.62591452394704,8.561535114198232,8.561535114198232,8.57852498005888,8.561535114198232,8.561535114198232,8.776348877159572,8.626324374247433,9.852474522848693,14.022286772131553,16.79150682752042,17.60346833499777,17.9847838697415,9.620427065305693,9.714048902897684,9.592578450550706,9.337796153587806,9.146530174490936,9.04218886850098,8.11291718216535,5.1709273168856225,10.048896413534372,8.765933573514854,8.645630559626358,8.684821782076998,8.88864281251251,8.827097026183976
8.631117402475143,8.967081656674502,8.76097578862802,8.698625591912343,8.631117402475143,10.147903836716035,14.345447300536293,16.78761361890066,17.61000137853165,18.238663882586387,9.618284167439866,9.878177917857721,9.943045577148805,9.763937339405421,9.526431153032684,8.987708145581259,8.311974195962511,5.542989712580282,9.914555688875499,8.631117402475143,8.631117402475143,8.631117402475143,8.631117402475143,8.631117402475143,8.631117402475143,8.631117402475143,8.631117402475143,8.631117402475143,8.794174523988078,10.09436545077027,14.46295928132099,17.286273387288837,18.088214436647206,18.02436327028582,9.877064274266276,9.840586801174632,10.100434858207699,9.915550941051984,9.86811258857369,9.330360236013371,8.642270045531355,5.8883333820070565,7.855012719497082,9.1061940296034,9.182763600518648,8.813609914845292,8.729932778524836,8.750890710409099,8.631117402475143,8.733840020687266,8.631117402475143,8.631117402475143,8.631117402475143,10.032474589323613,13.819794451649578,14.659250552387032,15.49251208492959,15.874846015867398,16.40250449288705,16.44754287824037,13.152574746382186,7.600779968531203,7.71616130266363,7.8468107201599056,7.65656235419526,5.477142235148931,9.655805966695544,8.638095465586046,8.715556101796562,8.659748319762427,8.631117402475143,8.631117402475143,8.631117402475143,8.76379827381531,8.719013535423603,8.631117402475143,8.692488211975181,9.885965979818094,13.384532142848514,14.70014397293227,15.05587822361569,15.726113387610019,16.096482483931936,16.59399592441835,17.392923480365717,9.213815910588687,9.19441739199503,9.075488617363382,8.0551502068198,5.245544871914788,9.38383230387953,8.631117402475143,8.631117402475143,8.631117402475143,8.663775843900943,8.917457699725311,8.910945759449008,8.748984806563879,8.781349395612258,8.736794413065558,8.640537912098088,9.975466318142812,14.068557708754849,16.684393001366065,17.949120708631696,18.42519324155174,9.970031526525093,10.079108193504304,9.987428757998352,9.954069103627635,9.480970490902418,9.128934557306117,8.081428081015346,5.277247964565845,9.866556550702823,8.676947797378714,8.631117402475143,8.682963836813833,8.631117402475143,8.631117402475143,8.631117402475143,8.631117402475143,8.631117402475143,8.631117402475143,8.631117402475143,9.807763939026417,13.927989621214053,16.396576153256174,17.704573727557005,18.26470614678486,9.595517343196457,9.81794847678757,9.734912032564031,9.581607022925208,9.327182249013264,9.157243345741534,7.837428317023888,5.653890569838742,10.145829868661528,8.849066077522128,8.815287065659572,8.925864810022196,8.885529102662963,8.930137652194379,8.952470432878458,8.874465203632642,8.788924476649381,8.967670271390258,8.796678272152592,10.06029354291778,14.24269139446835,17.08905923015155,17.984049539674615,18.2927100638624,9.824822203404972,9.837625008399943,10.041984214728028,9.524676896959072,9.25262991420421,8.886755819182495,8.099812114177022,5.5406876632220685,10.334874433870638,8.78209522928888,8.631117402475143,8.631117402475143,8.631117402475143,8.631117402475143
8.629982763383284,8.717744071733316,8.72603315952954,8.616022344826698,8.616022344826698,9.84528408644094,13.973525612153267,16.493424064435157,17.45574485569359,18.232252461724137,9.7890952051914,9.616230116897441,9.72318064569092,9.6836555540649,9.33372509963614,8.814147003938565,7.850733078895137,5.3805132564715406,10.145691402376436,8.616022344826698,8.700847588663988,8.893233372812034,8.683148261810839,8.72879790831089,8.616022344826698,8.61643916623767,8.666941779291733,8.616022344826698,8.890783922354666,10.090641386124492,14.28218560155262,17.067171509299357,17.88178244222938,18.09022101820353,9.584433961571287,9.701197658351626,9.616230116897441,9.67154764567967,9.472907316905449,9.164140892448133,8.333202036559172,5.560640002483903,10.259753199607436,8.752957859564379,8.79769085181929,8.77981343864073,8.769330105211319,8.635679259975898,8.616022344826698,8.705184243689402,8.616022344826698,8.616022344826698,8.616022344826698,9.979393720023259,13.64442229773626,14.389598030641366,15.045968789622815,15.435285540075363,15.951273298151245,16.036034543754624,15.945506041686512,9.77614991217022,7.388372117710964,7.449725434381289,7.267816995805086,5.083073108584525,9.812135759663763,8.616022344826698,8.616022344826698,8.616022344826698,8.645467067118965,8.616022344826698,8.616022344826698,8.616022344826698,8.616022344826698,8.616022344826698,8.616022344826698,9.779714071664477,13.271686552912815,14.652785994163846,14.981664625164617,15.624846696881752,15.984945432471823,16.440976535559294,17.18808156534974,8.738851120416145,8.994630008591981,9.009811244175305,8.020876667627736,5.335602571302957,10.129000920899117,8.711085765690495,8.670506756759746,8.919097453920768,8.953140394689285,9.028736477036333,8.936816241753808,8.92128310197425,8.961384255633948,8.81220326186024,8.721486732515189,10.019200084168892,13.931664569751625,16.370319332872604,17.473442113754125,17.936015401823553,9.401473150515512,9.561301601374018,9.578834863774516,9.088958895219418,8.722973683392734,8.40127575095986,7.639249323784231,4.688576029774966,9.506565740409645,8.616022344826698,8.616022344826698,8.616022344826698,8.616022344826698,8.616022344826698,8.616022344826698,8.616022344826698,8.616022344826698,8.616022344826698,8.616022344826698,9.780118086264018,13.865263742189871,16.363752501495497,17.64089316142445,18.232252461724137,9.616230116897441,9.649952197547455,9.673599251665197,9.621436750098788,9.37691476635013,9.225831305743046,7.844375550109561,5.787879002296245,10.430274442989683,9.119940713045844,9.090274585164602,8.98727228458448,8.813811152557685,8.8507694072221,8.825942534546403,8.78804468980183,8.616022344826698,8.61676754004745,8.616022344826698,9.680478012519727,13.566520774391869,16.225044882288042,17.054558286703163,17.392910877364596,9.045653100830583,9.235980587559263,9.205709305532322,9.061566936793689,8.943831091083588,8.735487310413369,8.075725407147802,5.364603721817239,10.208472935469244,8.742079359877872,8.616022344826698,8.616022344826698,8.616022344826698,8.616022344826698
8.609335354191192,8.544826521751933,8.544826521751933,8.544826521751933,8.544826521751933,9.785759894074001,13.902572216277484,16.475669931960795,17.52848307091572,18.299784662117105,9.75495814036517,9.75495814036517,9.75495814036517,9.834288427883674,9.491591034676881,9.089900903480759,8.036311541038136,5.484253261236744,10.223737601158797,8.703556938806022,8.77433040536872,8.941628988779122,8.85805900923506,8.900980933840243,8.730328200069774,8.837245662979953,8.840949259269689,8.64911658081041,8.895442855439903,10.259868914828504,14.423421083727108,17.117896895253843,17.92557400526713,18.1392302470571,9.665488379355692,9.657975556786436,9.75495814036517,9.62381532747875,9.479542418113523,9.110892471444696,8.2827924425843,5.462388760838687,9.991077838499772,8.544826521751933,8.544826521751933,8.544826521751933,8.544826521751933,8.544826521751933,8.544826521751933,8.544826521751933,8.544826521751933,8.544826521751933,8.544826521751933,9.974338157442967,13.7334438749631,14.460337342496736,15.049136290762736,15.476752867888795,16.039881785624164,16.129241680121456,16.04710153622098,7.244492319396839,7.490807715153003,7.686628145506786,7.375248802551092,5.303693697906241,9.870729183618874,8.544826521751933,8.544826521751933,8.664156119839857,8.790043607177152,8.544826521751933,8.544826521751933,8.544826521751933,8.544826521751933,8.544826521751933,8.624406536319979,9.846576858974958,13.280033129692459,14.62543688040568,15.013706776156436,15.658800824107042,16.07941220229693,16.54411540035134,17.347978258619833,9.1295186474303,9.007015044473434,8.819735085750072,8.103765219471084,5.384137753198471,10.115994583141793,8.772129797245077,8.662418883705522,8.732924260627554,8.704685533597488,8.693531672682923,8.616630828369116,8.75510017709199,8.776673630022211,8.630613834928077,8.565533282637684,9.93890747995504,13.8222798912863,16.39112262308723,17.331578720439662,17.79502716921583,9.40811997275143,9.67139515360317,9.412607532959711,9.096763649417316,8.84504216163345,8.817136516078591,7.6036829440888845,4.858524792786047,9.64522281462368,8.544826521751933,8.544826521751933,8.544826521751933,8.544826521751933,8.544826521751933,8.544826521751933,8.544826521751933,8.544826521751933,8.766938475610637,8.544826521751933,9.889445763445845,14.064299397460847,16.519686745960215,17.644307825537414,18.299784662117105,10.104982508891077,9.86350278950496,9.846053984920282,9.773972459398022,9.525650093282803,9.230211073375814,8.183247714196764,5.684781732311172,9.60820192496301,9.076895634304144,8.945191294950872,8.622429682974875,8.544826521751933,8.578973714066352,8.614619851716196,8.624273168333094,8.544826521751933,8.544826521751933,8.544826521751933,9.569481208849279,13.519906247099339,16.210708515558448,16.9942680420165,17.32578001119411,9.035584375562532,9.323258594272692,9.290392132155484,9.293270348981167,9.060910845897876,8.56603726540663,8.008381031580921,5.2556772481401515,9.851590041679778,8.544826521751933,8.544826521751933,8.544826521751933,8.544826521751933,8.544826521751933
8.465893838922046,8.422227418365129,8.422227418365129,8.541407261482462,8.491461996951447,10.006334512511906,13.991387234354633,16.5518965562298,17.60899335740111,18.05911047593066,9.63688305756553,9.63688305756553,9.696278675180539,9.66955423774906,9.387703593483392,9.088291120468098,7.923943834484039,5.261044389073188,9.96345733961525,8.810902228514111,8.621500668344618,8.750126407104489,8.534706527486238,8.54586689938246,8.492142314469419,8.543427517578596,8.494659940730767,8.422227418365129,8.422227418365129,9.867393896133995,14.051126868667977,16.65577216759543,17.47225327888321,17.80735309122317,9.580831999035919,9.547492740836729,9.786308475125201,9.506130555829857,9.28475334533689,9.119583541793578,8.162769539114656,5.289421538362524,9.008382433832896,8.422227418365129,8.422227418365129,8.422227418365129,8.422227418365129,8.422227418365129,8.422227418365129,8.422227418365129,8.422227418365129,8.422227418365129,8.476963823122547,9.92251188397863,13.536993685554199,14.244038964519714,14.854617856305513,15.277913801555183,15.820044535275205,15.912681377711332,15.806642564680136,7.02482879006785,7.319065974142023,7.441210390894494,7.454883479701499,5.454530579751797,9.944058601790088,8.707018037003799,8.492440743748585,8.602563212021728,8.740854788919558,8.512038835311944,8.422227418365129,8.480000287860912,8.511931359127228,8.422227418365129,8.618736425748937,9.681247693117822,13.215429392504802,14.48095722234768,14.803179494023711,15.477979512261667,15.831664133387996,16.256593680745173,17.037055703651973,8.74302871453178,8.855959093492782,8.627169001049339,7.805256667582475,5.256424662444789,9.701339304551345,8.5246847479696,8.435633481581512,8.422227418365129,8.422227418365129,8.422227418365129,8.422227418365129,8.422227418365129,8.422227418365129,8.422227418365129,8.422227418365129,9.692386659527568,13.628244493572108,16.28806119982239,17.09893039388431,17.63846137966531,9.411779694867427,9.512429750322696,9.348983087833917,9.119317077355399,8.82915355025454,8.66653319659871,7.780079029229977,4.96422042207396,9.845251091618225,8.422227418365129,8.438977808373167,8.577143115338407,8.728187910552718,8.617498156500252,8.666961110994484,8.422227418365129,8.567404184419793,8.826451927794167,8.59803443933669,9.851484369280021,13.851082985275166,16.29364152488373,17.291764945332208,17.9520153357983,9.373524455640975,9.804371518330694,9.612230829981133,9.64079702618187,9.378194281128748,8.89377745710268,7.702501142050052,5.457202105385128,10.077652675124158,8.841709184151233,8.595462549942749,8.422227418365129,8.422227418365129,8.422227418365129,8.422227418365129,8.422227418365129,8.422227418365129,8.422227418365129,8.422227418365129,9.497988583137111,13.523374590628386,16.215241834992145,16.968798247379333,17.220948523732933,8.981487901556008,9.092746508599582,9.20646968484957,9.128688694680074,8.852159538865621,8.34124437331388,7.53540237022634,4.931194554042049,9.363013645011744,8.422227418365129,8.422227418365129,8.691482841399274,8.706065856345012,8.800238508779364
8.113326382998528,8.113326382998528,8.113326382998528,8.432266624424257,8.408172748845473,9.912131564195674,14.0089757955147,16.649125441628396,17.569426961071773,18.081792512268642,9.941893797946898,9.903156290237149,9.869262244052132,9.54231656940468,9.34024737910564,9.120002301724723,7.891687696222405,5.231910935476092,9.380079036052763,8.344252238480939,8.113326382998528,8.113326382998528,8.113326382998528,8.113326382998528,8.113326382998528,8.113326382998528,8.113326382998528,8.113326382998528,8.113326382998528,9.4561858720438,13.696792791232095,16.363239669402372,17.220930853592755,17.712527895575555,9.753528907228219,9.833381262679268,9.968466129270116,9.927571405242048,9.618221388655636,9.225661270996813,8.448128546769853,5.592392577310727,9.534603328624236,8.405395204346512,8.417813087947792,8.118867304829841,8.142749879811003,8.266789355838252,8.141239052686439,8.446949490749686,8.26781852714976,8.149309491478663,8.235323837424318,9.723789129292511,13.334033113569607,14.13061126305113,14.889538245516647,15.302547804773592,15.81606841639022,15.894052225563364,13.14660753756203,7.184529182334693,7.547830249595774,7.703145472704971,7.931064224193214,5.559987309701115,9.513676870824215,8.363813734808462,8.113326382998528,8.113326382998528,8.147394445196785,8.113326382998528,8.113326382998528,8.340970840465543,8.19888766741235,8.113326382998528,8.219569706777293,9.220942577179905,13.059863421017946,14.359978098904485,14.697709684971606,15.385404970717744,15.834744864010693,16.229551526652592,16.9982192809913,9.125932170572776,9.131482849271782,8.915573263825662,8.11424834924735,5.277196485019711,9.361548159318525,8.168269022483258,8.182450012753907,8.113326382998528,8.113326382998528,8.113326382998528,8.113326382998528,8.113326382998528,8.113326382998528,8.113326382998528,8.113326382998528,9.282728877237602,13.493377382309653,16.215318853147014,17.094455896797626,17.666670095577206,9.897798891089197,9.981857007591124,10.140918853586527,9.801657936150967,9.50522017929887,9.358623566359348,8.238856863501345,5.565122394442424,9.7891921974354,8.113326382998528,8.13904880501549,8.335635741755901,8.410078613392242,8.358225632413125,8.530106785240404,8.113326382998528,8.318502048446074,8.432202157317494,8.186524790666999,9.481516246040684,13.661246163314226,16.154387039337344,17.08468660491407,17.753205748691478,9.55919447387155,9.732996393880939,9.758075795312942,9.806911331070365,9.426768779605228,8.82839000412593,7.798733795756554,5.274147288325048,9.667101895150347,8.277298988941373,8.113326382998528,8.113326382998528,8.113326382998528,8.113326382998528,8.113326382998528,8.113326382998528,8.113326382998528,8.113326382998528,8.113326382998528,9.238894438287057,13.689302723510156,16.399946705241938,17.24385262358934,17.637634348358766,9.62836954365629,9.648996856506303,9.693439350990317,9.497448651432729,9.218671491790017,8.966112509111529,8.026949282474726,5.1609443082928,9.239084051793464,8.113326382998528,8.28161932488641,8.559244989110661,8.781980476929142,8.824830307084374
8.2301982513665,8.663510820252826,8.508500581158009,8.692778150241619,8.680596922871597,10.145612765664032,14.229184887463875,16.609503474597847,17.2744618927482,17.76984184856763,9.467851459463256,9.508444052450553,9.629654285829913,9.361622220185144,9.077415850306439,8.677026544254666,7.802001171111295,5.133049355427219,9.270362415063932,8.2301982513665,8.2301982513665,8.2301982513665,8.2301982513665,8.2301982513665,8.2301982513665,8.2301982513665,8.2301982513665,8.2301982513665,8.2301982513665,9.541890222041674,13.690873682727624,16.310563048392446,17.203496464350607,17.65195484321216,9.608030507522583,9.466039571149311,9.612225766329685,9.609449885953294,9.442817303384235,9.011388554742854,8.27076876626623,5.654599771401945,10.083176124928759,8.983401269184602,9.172517871503263,8.781475111287818,8.639986718646593,8.776873629634109,8.537708218511556,8.715428312370081,8.525961450187442,8.31044462919799,8.312630624078341,9.711827022118328,13.336426710598268,14.231188202139872,14.977833071576075,15.385369920283246,15.836841712909102,15.90787001779173,15.833202445242824,7.220045367257958,7.667981115447785,7.771771665988217,7.634750996922581,5.195897963818118,9.602243933662722,8.2301982513665,8.2301982513665,8.2301982513665,8.2301982513665,8.2301982513665,8.2301982513665,8.231377203654347,8.2301982513665,8.2301982513665,8.2301982513665,9.377568714166223,12.877820765679566,14.184416830118467,14.615156848372834,15.251971635383278,15.658968212070885,16.102143801810087,16.81985850185376,8.929467443066399,9.054411207438845,8.783694172359,7.979732858384459,5.123432746354817,9.546155634704766,8.231339224874684,8.403733620412376,8.336249358797106,8.333390179813444,8.51960896030868,8.566107067050792,8.2301982513665,8.287709667504496,8.32082312442891,8.291254065543685,9.5659036540708,13.609398566294253,16.14134670804016,17.26037057382409,17.757950624430094,9.767521951522683,9.852120975419487,9.767521951522683,9.71413632258933,9.25244336176046,8.932103053681885,7.842960655221489,5.294518497757562,9.517951601385947,8.2301982513665,8.2301982513665,8.244751710636278,8.2301982513665,8.2301982513665,8.31304264153157,8.2301982513665,8.2301982513665,8.2301982513665,8.2301982513665,9.507375543727074,13.586858510788314,16.119199048376018,17.159074809862574,17.66277716710409,9.608635464714895,9.439823684068923,9.438910228466877,9.439185693775107,9.19845634454857,8.784888471383367,7.632858298285072,5.7105948078414155,9.69062556622552,8.256971708200053,8.2301982513665,8.321638481070508,8.257414563512697,8.241686427410507,8.265486241312015,8.2301982513665,8.2301982513665,8.383169680408496,8.297918690959344,9.648052946149274,13.916649750128212,16.57573298023692,17.380278941735522,17.78024441370298,9.696440502104522,9.646937661397116,9.678077240611039,9.61935735520167,9.186077526636895,9.165404945804156,8.116630556339308,5.355750296957823,9.816018306434705,8.402820765193434,8.319033164075833,8.278548239791789,8.501205326065685,8.425804158137844
8.404479977574104,8.750214681430348,8.786062129499726,8.404479977574104,8.404479977574104,9.731632862693386,13.909366317565315,16.43853252432183,17.060169951291755,17.742490098127575,9.46241151426646,9.882734157886762,9.869868319069136,9.805491491347162,9.115503517268953,8.789435284109175,7.794527843475782,5.366353626498294,9.809407507669263,8.404479977574104,8.404479977574104,8.498676082852443,8.538599794762842,8.551982953440742,8.523230179083969,8.594599643234737,8.631453624914515,8.49092693591984,8.871080718157218,10.19255554420799,14.223976901007955,16.83937920261905,17.784652759568907,18.166183418400887,9.761703440826784,9.699385742507449,9.761703440826784,10.063373269199834,9.868653471396946,9.30488115144955,8.5200373824114,5.802431535815404,9.934907959188948,8.490609258806302,8.404479977574104,8.404479977574104,8.404479977574104,8.404479977574104,8.404479977574104,8.404479977574104,8.404479977574104,8.404479977574104,8.404479977574104,9.459582339369549,13.236865060014562,14.129215062637975,14.771414234649235,15.234173648631062,15.801256906642601,15.968985331465323,15.296174173215551,7.113783822868485,7.499130071311091,7.612750018810778,7.405762328448031,5.317112115804382,9.707511548458623,8.404479977574104,8.404479977574104,8.448647860448837,8.634857078393964,8.436234652011137,8.638654548589226,8.492856163220168,8.636747394952627,8.404479977574104,8.538567675218381,9.769277659740997,13.191010605588504,14.651796069044025,14.984579932563097,15.671293574880032,16.105326242882043,16.493419507399565,17.27028155600202,9.005250214347265,9.23691458911601,8.874930692995347,8.167967704448433,5.456480185052012,9.992805979098197,8.589706672018346,8.495053774633728,8.575477541087178,8.547917490057921,8.523414623272489,8.552209717606468,8.533729579057288,8.551205693193427,8.423434427154605,8.422409683680758,9.896061365701629,13.792107524781708,16.201668366476063,17.07760545461411,17.585077165476044,9.375442399494277,9.703983632520204,9.580002641420101,9.360313903135587,9.009221771995174,8.799732157308657,7.773293847924217,5.124849603585428,9.381255816435278,8.626706368970877,8.404479977574104,8.404479977574104,8.404479977574104,8.404479977574104,8.404479977574104,8.404479977574104,8.404479977574104,8.404479977574104,8.404479977574104,9.647997459989076,13.896821203531635,16.38431349685425,17.49721540165388,18.01370160403865,9.863548371949143,9.842480943261686,9.818998395517154,9.72237726335717,9.143145257134517,8.871289520339962,7.8073275826847555,5.612793890513764,10.218928008491279,8.584468486156528,8.567646554318955,8.661574593679378,8.546259528811273,8.653350917524378,8.60801612150801,8.521545243965704,8.404479977574104,8.404479977574104,8.404479977574104,9.561400622557578,13.612077196243291,16.173230796400645,16.985606788014728,17.40316457526614,9.554733520568584,9.544712126069015,9.507906491894884,9.423132568162544,9.21909656665898,9.339224048474044,8.298320392374633,5.773267389764567,10.572572829745523,8.989285805632004,8.548059714273476,8.404479977574104,8.404479977574104,8.404479977574104
8.388290624776461,8.306702003748544,8.306702003748544,8.306702003748544,8.306702003748544,9.634490995926221,13.739508009158428,16.395540374355654,17.562419179214757,18.168597903348697,9.861895899600155,9.861895899600155,9.861895899600155,9.974282833727589,9.605206580643959,9.339640082549355,8.216319152084246,5.789213886520194,10.270647246281545,8.966340647194722,8.666347452643098,8.723332681014499,8.649100856139855,8.648319980913946,8.560457630874483,8.711959823919317,8.58722161031226,8.434951115767513,8.567857282400658,9.876942852565415,14.135918555268841,16.741473499981865,17.686924232406795,18.098976530395966,9.93036308902306,9.933718851813662,9.861895899600155,9.826874481517304,9.5016603494263,8.99693347237082,8.212452775402236,5.325200627772687,8.391313301704821,8.306702003748544,8.306702003748544,8.306702003748544,8.306702003748544,8.306702003748544,8.306702003748544,8.306702003748544,8.306702003748544,8.306702003748544,8.320335357772098,9.86213138909435,13.570317862540179,14.273812854018727,14.800452006047353,15.24477239758724,15.770495734154492,15.92533555801377,15.792388308636736,7.093401036924821,7.47028379363381,7.58126793075237,7.690198333710753,5.529822999608465,9.962562634027964,8.702203126883555,8.536495562536059,8.713046473057494,8.790861874133542,8.514754203411606,8.668932147803936,8.558574070187833,8.623833342972459,8.343472556620533,8.514813535968173,9.588398673864246,13.296782946990916,14.454651138751576,14.747198924068538,15.480017056940245,15.937658507520961,16.297785009354026,17.092668155899943,8.872031644187494,9.138182710137215,8.745539716630057,8.02676488586985,5.2335873396361885,9.639184403212052,8.36531732522709,8.306702003748544,8.306702003748544,8.306702003748544,8.306702003748544,8.306702003748544,8.306702003748544,8.306702003748544,8.306702003748544,8.306702003748544,9.77636333134802,13.72565674116628,16.41532445714346,17.161336093243982,17.58369807504381,9.530670060244159,9.514919402700563,9.438345356270869,9.39029854999255,9.142267743068452,9.047563636217543,7.8047448288858705,5.206166954756805,9.812887497971946,8.527531992990983,8.386682877816394,8.391841127210652,8.426229744290037,8.336826382639734,8.457047028248187,8.306702003748544,8.306702003748544,8.558871798384999,8.378888398435462,9.769210506931007,13.892137649362533,16.423371053966772,17.473338785059674,18.168597903348697,9.704319210023195,9.942141697482311,9.993597871385047,9.828356362632913,9.50305142185005,9.095977222232888,7.918946960930189,5.536010875642242,10.09522670362418,8.850775081510093,8.591781124407744,8.306702003748544,8.306702003748544,8.306702003748544,8.306702003748544,8.306702003748544,8.306702003748544,8.306702003748544,8.306702003748544,9.390257840006697,13.543082051508595,16.204837969432,16.918811935384152,17.259576405457185,9.15966529776051,9.20376492764402,9.283115223383124,9.184830825059775,9.18176495519425,8.66992535436672,7.843375669939591,5.216186258055319,9.531239709480456,8.306702003748544,8.306702003748544,8.318837164795736,8.306702003748544,8.306702003748544
8.663778115520689,8.77127426609693,8.723599918215186,9.068301515469651,9.055902945787166,10.566983454972043,14.665830891895556,17.11218318424838,17.929191695834604,18.439801396603563,9.809115264288554,9.848511149772985,9.957843761976402,9.573261222485648,9.335061160186772,9.000189976911424,7.818476157864093,5.176217329139132,9.469924769489078,8.662725520647056,8.662725520647056,8.662725520647056,8.662725520647056,8.662725520647056,8.662725520647056,8.662725520647056,8.662725520647056,8.662725520647056,8.662725520647056,9.996418038253488,14.213330004812729,16.883013505122953,17.68069859081848,18.15696075237739,9.897219323098225,9.571644577643829,9.855471594435173,9.665915400113748,9.498846246791896,8.983630227097443,8.178778837760333,5.540081030251629,10.437753568323313,9.167371825690845,9.268338531047041,8.942438354808335,8.841860970138843,9.01004264556068,8.918470560410897,9.108805102049402,8.88400348986246,8.667909532055418,8.775450947146311,10.276960217382296,13.852335677106096,14.764463250739738,15.557034244255917,16.018348604706595,16.401468777503215,16.51039506661106,16.429302775985303,7.408650079722278,7.82247124416256,7.760725869796036,7.834998783832321,5.485115250971816,10.180940817997865,8.79463599294936,8.662725520647056,8.662725520647056,8.662725520647056,8.662725520647056,8.662725520647056,8.662725520647056,8.662725520647056,8.662725520647056,8.669303064573246,9.739092381816732,13.34382368161754,14.672994260452096,15.08858586609913,15.685782923711809,16.161551403966442,16.62165885744734,17.460640002684293,9.205609696778723,9.143463350737434,8.821746198554358,8.074677425600031,5.182891159778046,10.05791848946134,8.778791615081825,8.879264538240202,8.662725520647056,8.662725520647056,8.704379623875196,8.70664069415468,8.662725520647056,8.662725520647056,8.662725520647056,8.662725520647056,9.853482184978322,13.92935406969183,16.62138589453832,17.514679614466477,18.091659806301294,9.814378966051654,9.848511149772985,9.827693178578269,9.713098509000664,9.232074609701845,8.87562848977822,8.011575477325678,5.293620618257802,10.066737979753531,8.662725520647056,8.662725520647056,8.784716836357156,8.86247731933537,8.971776841195025,9.288048324195119,8.840829599598928,9.031102797960028,9.111897764470903,8.905743169482163,10.176101009515808,14.187272319798815,16.78674682482363,17.743578678750914,18.24187511074646,9.568148132175875,9.645544996145563,9.568561564314406,9.514123955000361,9.186222711156297,8.6921310819937,7.621323418650179,5.1727839009231324,9.929927648963615,8.662725520647056,8.662725520647056,8.662725520647056,8.662725520647056,8.662725520647056,8.662725520647056,8.662725520647056,8.662725520647056,8.662725520647056,8.662725520647056,9.814702520598718,14.161337908356714,17.00852067665709,17.874732366891237,18.287825628149463,9.713869993584279,9.713663363597233,9.848511149772985,9.667493888850005,9.557511916695821,9.191205337962089,8.240046036825674,5.830126199730211,10.1829454810824,8.828805620145088,8.970556799719674,9.066494897248408,9.14983656367418,9.138805046539149
8.37388945885909,8.58573513087438,8.37388945885909,8.394213006704785,8.37388945885909,9.80605126168983,13.930677944418536,16.271903514431436,17.002437789815467,17.52920358393272,9.294039121998008,9.521736693718701,9.575161606578511,9.413353903049757,9.166526570864566,8.745980523053662,7.639342486010628,5.376095521355636,9.783811427399401,8.37388945885909,8.37388945885909,8.37388945885909,8.37388945885909,8.37388945885909,8.37388945885909,8.37388945885909,8.37388945885909,8.37388945885909,8.37388945885909,9.627673725184986,13.844715479538614,16.546913202982118,17.357294063723742,17.656928785285807,9.438352672775247,9.320941114321256,9.473628075908396,9.498263938659312,9.292090866358249,8.928353054498226,8.11870704576207,5.47084101772134,10.011454724839927,8.83376995475219,8.917470318966824,8.82533829082833,8.686763624215867,8.82173085076364,8.609277375410347,8.696163236223887,8.491875797310826,8.416668530119548,8.49866394524247,9.913013662739404,13.523102172645748,14.374645938824893,15.11446132962439,15.510651726202052,15.883589681243812,15.993040867439616,15.832506449391854,13.697432804363144,7.4954800605539695,7.594818586311535,7.5008585832521115,5.251372328801304,9.849621053364338,8.37388945885909,8.37388945885909,8.37388945885909,8.37388945885909,8.37388945885909,8.37388945885909,8.37388945885909,8.37388945885909,8.37388945885909,8.37388945885909,9.551487478882681,12.822328305780927,14.206139646461349,14.633991533556067,15.151904255337522,15.572216876988978,16.0369318341049,16.86450233420198,8.769978785979838,8.849033892018658,8.772177282174434,7.8305191173222255,5.189235839987409,9.79714297179676,8.37388945885909,8.37388945885909,8.42854289102781,8.66974967870949,8.688599072941493,8.672605778323462,8.47105279453167,8.50118902487483,8.374968073914474,8.37388945885909,9.515886993265475,13.524312678475056,16.09257458084151,17.273739483847994,17.860136244756166,9.67542462054891,9.575161606578511,9.643693108469602,9.811271429031063,9.02594809191514,8.620729853857732,7.5791326456049575,5.142009612960031,9.477862000304503,8.37388945885909,8.37388945885909,8.37388945885909,8.37388945885909,8.37388945885909,8.510449959842601,8.42627321935055,8.40920895202962,8.37388945885909,8.37388945885909,9.59759813427811,13.5633422172035,16.132600603859427,17.250891685703408,17.70141045140104,9.46642100130253,9.281649556166519,9.490914872421351,9.220687147097303,8.91914791919276,8.560859310509636,7.576698592253858,5.406007810432262,9.631190241765504,8.37388945885909,8.37388945885909,8.37388945885909,8.37388945885909,8.516571938978815,8.541458836261747,8.529489075252103,8.580836802057043,8.697307538056872,8.570253508252708,9.872192192998433,13.813685780607155,16.57613656011737,17.387036209071553,17.737728479900795,9.668902187733837,9.47454294665068,9.739722562870101,9.311024665335305,9.107702607959848,8.671858300481528,7.9853362184851875,5.284795073910173,9.93041076030747,8.602677985559273,8.37388945885909,8.37388945885909,8.37388945885909,8.37388945885909
8.472953359813843,8.621624692667794,8.535671720202062,8.365425491466352,8.365425491466352,9.694233981422792,14.03294628966541,16.569588433290384,17.32965621434918,17.957786265039967,9.767468659407466,10.068585124516805,10.097605970068614,10.025854371246314,9.77303915576373,9.40582760693667,8.263563873180185,5.965922376428061,10.332775356515972,8.443101577555748,8.50384023799603,8.510766968095792,8.373499550527857,8.401485271231728,8.365425491466352,8.515410301734503,8.469860692325096,8.425499120668103,8.608800660433168,9.848574315854876,14.279401440688492,17.158334264661647,18.10457944655481,17.059505496638497,10.111984537281812,9.966346458371456,9.993308446990607,9.973399461487569,9.742092284699819,9.454849402328646,8.457142793031375,5.708685997806634,9.733989438109088,8.365425491466352,8.365425491466352,8.365425491466352,8.365425491466352,8.365425491466352,8.365425491466352,8.365425491466352,8.365425491466352,8.365425491466352,8.365425491466352,9.732397867721582,13.618329099473407,14.648440867814987,15.183511106997202,15.590288383476508,16.099402682836164,16.271725320491882,13.436174003135324,7.3138222654395495,7.8489556432673755,7.9486329644963725,7.595314599596522,5.518610005778665,9.65558984128891,8.365425491466352,8.365425491466352,8.512624839495516,8.47476661348552,8.434866339976448,8.640634097107887,8.441651119807506,8.609177295856316,8.365425491466352,8.447724165905386,9.712261404952137,13.12019169191245,14.475970509554442,14.871084410375918,15.588689069670203,15.953982469039584,16.479939895587655,17.280955470916275,9.223490695374132,9.240157921511935,8.833445570621041,7.843052775550247,5.420387249598531,9.78518602102559,8.365425491466352,8.365425491466352,8.430660323360145,8.37024288450221,8.44296812457234,8.478679711087475,8.421011213825045,8.529870801294491,8.390524545681178,8.365425491466352,9.689470587564683,13.755739639991257,16.551169818199664,17.55954997949869,18.032491791398638,9.917742156545916,9.993308446990607,9.997951151278043,9.949092587745222,9.355357358669142,8.974300741210348,7.811327393072987,5.034542176043342,9.420192975375393,9.043886349703708,8.44801868572266,8.391135959328707,8.365425491466352,8.365425491466352,8.365425491466352,8.365425491466352,8.365425491466352,8.365425491466352,8.365425491466352,9.58685264238493,13.658134441646212,16.498496105274,17.807794455912514,18.228134628246412,10.042939979995388,9.884277536380178,9.912054966563886,9.872647302824905,9.368603965648072,9.150420275511758,7.80626498411962,5.50503945019242,9.945054782619007,8.49869159043856,8.4167209503013,8.575659833118163,8.450005244924991,8.711938047548196,8.694538511045323,8.599315381909081,8.579506488091722,8.668003899579253,8.50388012777125,9.794970201377836,13.800906406212684,16.637083049802076,17.47797961454871,17.779147975880242,9.733326138968943,9.943664197759125,9.851379323778296,9.560073099761848,9.455124341527899,9.203338851264528,8.196697398354265,5.755284579222578,9.865122747817866,8.94097780295105,8.377711374708262,8.365425491466352,8.365425491466352,8.365425491466352
8.728226025118254,8.666253402091314,8.666253402091314,8.666253402091314,8.666253402091314,10.030881754024213,14.11716792206145,16.68866422645653,17.906823076185354,18.529179391089116,9.862925988997803,9.862925988997803,9.862925988997803,9.806872998117903,9.569132506532917,9.369636130179869,8.144300487801202,5.494688369699838,10.29849274949833,9.268638349985732,8.975997949944922,9.071826767495914,8.96732626160295,9.039599871860219,8.95608746486454,9.045161584877297,8.844519695006246,8.708813333395803,8.823467150180537,10.049263026139295,14.358849706651746,17.00618968324003,17.836721778713944,18.29687423188914,9.762206923276946,9.915283555917002,9.862925988997803,9.966559584884141,9.454399647955979,9.09037200799848,8.279961187365798,5.3903879621684565,7.336435656642124,8.666253402091314,8.666253402091314,8.666253402091314,8.666253402091314,8.666253402091314,8.666253402091314,8.708726676769695,8.668637423793708,8.666253402091314,8.878249091982404,10.373571692456728,14.010479561405585,14.555753548962706,15.252437403339824,15.701496044744442,16.229458253963365,16.421226997667148,16.205459971726142,7.114471306006046,7.623879455048647,7.766226464686704,7.780169969508701,5.74260382146358,10.2955724252071,9.140002476474153,8.90768162832809,9.042006673765364,9.07088263831868,8.891896233800987,8.805382810659859,8.84963388726606,8.868113738871433,8.666253402091314,8.786946002615007,9.842578981426698,13.525094873849323,14.774671003459623,15.049976955186274,15.607994923007432,16.22234377619072,16.645177260312437,16.21948150937046,8.97972081701958,8.988581243964987,8.69098058356918,7.907606244891876,5.184507250283189,9.91430590356021,8.666253402091314,8.666253402091314,8.666253402091314,8.666253402091314,8.666253402091314,8.666253402091314,8.666253402091314,8.666253402091314,8.666253402091314,8.666253402091314,9.910650783286586,14.005841218187427,16.770626514139543,17.54263964903485,18.12631723723449,9.787882048711317,9.67929081615313,9.597101972473405,9.358960298387503,9.169529538331199,8.853914679197763,7.857128254977143,5.284703694062229,10.20959817639705,8.812853284213878,8.73144511577721,8.820168512523264,8.935832998722619,8.804372545410125,8.880154913138345,8.666253402091314,8.6822515343183,8.981491800003162,8.809704600915438,10.153197921643311,14.164480198639072,16.778294183416406,17.754931738757538,18.46202217762741,9.672126653147853,9.848916311275124,9.862925988997803,10.06260985670941,9.458648843990535,8.93247433943506,7.918416657056642,5.3712243738001995,10.454400701795153,9.096651603670365,8.799230318804023,8.666253402091314,8.666253402091314,8.666253402091314,8.666253402091314,8.666253402091314,8.666253402091314,8.686872131023673,8.672810977391228,9.97284470496057,14.13729915465494,16.616742276393662,17.278241740199572,17.54581006538156,9.085258072934506,9.106712026978043,9.285051914644765,9.131460390960461,9.03549780025907,8.636274531648416,7.5729853482117875,4.888733212900434,9.526436944310895,8.666253402091314,8.666253402091314,8.858271589015219,8.934318923569467,8.98355623750632
8.210008530084313,8.210008530084313,8.210008530084313,8.230419389623755,8.361242813391495,9.765573339527245,13.75336495890268,16.236197806807855,16.963462283806116,17.327488066843827,9.322422956726037,9.709634441245525,9.510990842685196,9.394438719796984,9.111541386944115,8.890937809487012,7.683415481797865,5.0438706183384925,9.287299973611438,8.210008530084313,8.210008530084313,8.210008530084313,8.210008530084313,8.210008530084313,8.216944597709643,8.210008530084313,8.210008530084313,8.210008530084313,8.210008530084313,9.61967209486809,13.727056360741663,16.24611862735364,17.09868243817386,17.68569755311586,9.64700216733271,9.693030788774223,9.652433664993998,9.732397736808622,9.52096413583612,9.09983474873662,8.309330088501778,5.580595653659702,9.881528322673818,8.380706925020844,8.49047132503804,8.39106871586603,8.24064226471272,8.436192641977037,8.333411780895139,8.48813538312643,8.293102079658631,8.210008530084313,8.210008530084313,9.592165372222965,13.123122911843536,14.067469471464834,14.961681955045275,15.452567840393485,15.78395391394515,15.990402714650344,15.847424194097677,7.307688300952888,7.744258291533208,7.953461185848909,7.889658473285109,5.571580950434196,9.675166684796054,8.340455936621169,8.210008530084313,8.210008530084313,8.210008530084313,8.210008530084313,8.210008530084313,8.210008530084313,8.210008530084313,8.210008530084313,8.412869006262499,9.644526764594923,12.929924026965999,14.174164934647669,14.714190831683739,15.29016454444567,15.752190496965003,16.22591725740237,16.97529427323701,9.049733905345688,9.148603086090814,8.873904035799567,8.024797003600405,5.411220969885411,9.688640192224518,8.3097873204641,8.359564218396889,8.210008530084313,8.210008530084313,8.210008530084313,8.210008530084313,8.210008530084313,8.210008530084313,8.210008530084313,8.210008530084313,9.27371219250955,13.290644035879671,16.14056123667347,17.00784477929431,17.505335216543237,9.70013592730093,9.80963832088126,9.801091275180658,9.681125338619458,9.256049775451187,9.025499141145728,7.804665096560645,5.357049754983474,9.520008106531709,8.210008530084313,8.210008530084313,8.270853048280086,8.377982376097046,8.557979007763263,8.8744652664486,8.355996992229864,8.681264523166298,8.706341254042954,8.453252087157763,9.71847757308143,13.720978283979218,16.401253301431197,17.302416656106303,17.688689074637978,9.449261361001371,9.4647327430776,9.686500007760559,9.625977093847165,9.105988036233104,8.733371321675529,7.690730162954857,5.2487110903591745,9.642900696864423,8.210008530084313,8.210008530084313,8.210008530084313,8.210008530084313,8.210008530084313,8.210008530084313,8.210008530084313,8.210008530084313,8.210008530084313,8.210008530084313,9.437360984043337,13.598054793112365,16.354716513987395,17.16592666469409,17.545543807806744,9.547774138890729,9.60364842092078,9.734597019214396,9.628006191549872,9.424849498985363,9.26954405407303,8.224728123717842,5.3540002877241655,9.54951476421898,8.299884373399445,8.526255746901775,8.695948070732955,8.757822163388466,8.751848740321835
8.18037561557401,8.488418636330676,8.374607466054961,8.238727583098802,8.18790597520754,9.699081774609692,13.988597893543549,16.474227161477792,17.197733304790333,17.621849623274557,9.603575659246072,9.963250043464452,9.907850951573698,9.75219385626364,9.518233102794717,9.071571126503649,8.183596529652842,5.529200079068294,8.9719229891851,8.18037561557401,8.18037561557401,8.18037561557401,8.18037561557401,8.18037561557401,8.18037561557401,8.18037561557401,8.18037561557401,8.18037561557401,8.18037561557401,9.536192256696822,13.922498825588303,16.93039618973605,17.68304930329535,17.01998926402194,10.148301953816429,10.045211930225017,10.399908363273424,10.095117723678419,10.145031628526741,9.651285832375804,8.765721279145062,6.093034140307352,9.406403892559714,8.798442935977423,8.798299721935424,8.559252259893908,8.414726462758761,8.440483107243415,8.29461691973023,8.339657849421055,8.18037561557401,8.18037561557401,8.18037561557401,9.549344646962869,13.355610892847082,14.361687949152165,15.207342884673693,15.616920216504244,15.983342988915089,16.16479646625632,7.8575524257231235,7.511925156728288,7.900040014728528,8.032991669845742,7.825861042026528,5.492738614405572,9.591975979592046,8.18037561557401,8.18037561557401,8.18037561557401,8.18037561557401,8.18037561557401,8.18037561557401,8.18037561557401,8.18037561557401,8.18037561557401,8.18037561557401,9.491252250160791,13.011687780283472,14.48055817626653,14.942977479904547,15.52604822111908,15.95844175138732,16.427701435807943,10.99547636798635,9.29786656209859,9.524182068119048,9.294170122206804,8.210373117289134,5.466002300384009,9.673259518726239,8.18037561557401,8.197040381286921,8.37153640244671,8.435240474666301,8.611426315605335,8.59973950506545,8.269981787585968,8.362876076078072,8.271250400720293,8.235868437310625,9.514670658727546,13.728811706700542,16.463984747393198,17.60075532214058,18.141310633479417,10.237553603030864,10.154180314286416,10.154180314286416,10.25585406249219,9.593330824216235,9.276393988270474,8.226585938906323,5.354318043985613,9.294868727854688,8.18037561557401,8.18037561557401,8.18037561557401,8.18037561557401,8.18037561557401,8.18037561557401,8.18037561557401,8.18037561557401,8.18037561557401,8.18037561557401,9.376692591705186,13.594642316126365,16.447170677447914,17.658175301401556,17.989093096122602,10.119939404368159,10.009497124015756,9.925416119780461,9.881023761827096,9.490633401833257,9.106494472098946,7.940190786338637,5.743276884509758,9.022486378189903,8.337743732847821,8.203840362545796,8.402811421388868,8.361680318264638,8.428292777920365,8.426432470637872,8.26156101185771,8.38394590296874,8.370082435692257,8.18037561557401,9.553952916231916,13.851451950793752,16.6810666706316,17.55882394530463,17.949022215705497,10.012539886693968,10.009511284195634,10.07185183466194,9.831273772828151,9.612967111077936,9.580328216112672,8.613343084316666,5.849394423412563,10.156411948729872,8.538491708757965,8.18037561557401,8.18037561557401,8.18037561557401,8.18037561557401
8.458796263863581,8.371520609925826,8.371520609925826,8.371520609925826,8.371520609925826,9.478016010318843,13.54710804149573,16.118841798765956,17.314449139275744,18.13513287240111,9.78203971582742,9.79420716542644,9.897605486291019,9.81887272122691,9.647593537313817,9.082392953713711,8.072172312599992,5.659948729781165,10.116546509785469,8.624819927706444,8.72568250325584,8.841445085833545,8.780059597539086,8.77439966398477,8.688838455950986,8.757674002421005,8.726260092117633,8.530769548159938,8.684750001391997,10.182517434146622,14.181151786954823,16.99656113834007,17.759000008941626,18.097946207400447,9.70786345841692,9.693611693645392,9.783765041958382,9.687184829700358,9.536808058704628,9.022060754281163,8.310115029945973,5.611229941455026,9.703545037829153,8.371520609925826,8.371520609925826,8.371520609925826,8.371520609925826,8.371520609925826,8.371520609925826,8.371520609925826,8.371520609925826,8.371520609925826,8.371520609925826,9.634450687819925,13.456786991067649,14.111515778848329,14.825373923591524,15.2614909026471,15.75541778519467,15.987248616935108,15.8257552084691,7.0440552159451695,7.539454299788016,7.741596908694119,7.47412233620038,5.390966783361478,9.280181852155998,8.371520609925826,8.371520609925826,8.622245011051916,8.743539692374652,8.404560806394755,8.371520609925826,8.402915133650367,8.371520609925826,8.371520609925826,8.411034648291544,9.636132947265716,13.158409176623643,14.436324642662973,14.800148631965932,15.491792964171141,15.994696561536285,16.374275863115194,17.193170783493073,8.934518809799163,9.101643680729296,8.869392557394326,8.185746885259785,5.508940595276854,9.900689490183145,8.53540951808983,8.437802566800077,8.577197398083191,8.492967477714433,8.458274602730851,8.48411027095189,8.45868546519265,8.583718922946897,8.520151706604945,8.611297697869372,9.90542316798421,13.727007913333786,16.301284373469656,17.175474481113998,17.58982310165345,9.467152514822834,9.627682835101961,9.48703837290255,9.271746479361342,9.083761763102425,8.917789112212507,7.66932067366862,4.999478556533185,9.445453700306288,8.371520609925826,8.371520609925826,8.371520609925826,8.371520609925826,8.371520609925826,8.371520609925826,8.371520609925826,8.371520609925826,8.371520609925826,8.371520609925826,9.65221112624927,13.75487327801043,16.45944678870672,17.607057041415594,18.153560325753247,9.901477915395839,9.78203971582742,9.78203971582742,9.824629478729003,9.636526360169505,9.14167856941688,8.098141885478658,5.753938929305871,10.127499657409437,9.242380744687479,9.037776467986633,8.785249479438624,8.62269031931003,8.65236934945364,8.611220479522485,8.576960586649856,8.374973771398249,8.371520609925826,8.371520609925826,9.262142956703952,13.264104804411083,15.869182311160884,16.67451478912699,17.02074159540129,9.078817979775598,9.129408176890516,9.42513700131358,9.046775289724616,9.05525640779012,8.7062836817484,7.9929796006272955,5.48024681189604,9.923221650752465,8.411967900704825,8.371520609925826,8.371520609925826,8.371520609925826,8.371520609925826
8.651992338260964,8.469503720300402,8.469503720300402,8.52373251180892,8.514061637288016,9.952631754850701,14.087406453704666,16.725979179438262,17.782832289958474,18.25772681641333,9.910801545379973,9.788223096112931,10.042494368452996,9.722447923887946,9.57187569867359,9.21856080590535,7.954091695053842,5.489900187626461,10.243979624717804,8.790175916883474,8.566633040968705,8.68864953339058,8.697990108132231,8.655775785355667,8.652041035896291,8.813713557013372,8.778977429813008,8.649901785787351,8.826207609028152,10.243928283444468,14.295813517490151,16.594591610161707,17.684389482303352,18.215015544387022,9.753561902376136,9.700011204016949,9.788223096112931,9.648454472873755,9.269461535558156,8.916808333567015,7.983234868754237,5.411140685438028,9.492507576090933,8.469503720300402,8.469503720300402,8.469503720300402,8.469503720300402,8.469503720300402,8.469503720300402,8.469503720300402,8.469503720300402,8.469503720300402,8.660963861136548,10.131564697921029,13.799542935197511,14.594187994865544,15.07252588717522,15.485348230744389,16.003616798390436,16.164380910791635,16.031397094653208,7.2761907037154225,7.513336198249018,7.696044159762135,7.504736909360523,5.384091657518435,10.062407565170984,8.74096532462377,8.536865148258784,8.687658296761077,8.837802824119843,8.670589474751537,8.837251853494775,8.629110703229031,8.796143173061557,8.667394118605946,8.776520341487432,9.867573850523463,13.258023188389835,14.593048568651643,14.754189572673006,15.511957595920986,15.957927149087125,16.392921921654327,17.252826407119752,8.986445702578306,9.102836572569336,8.566859710508739,7.905184775159006,5.308771517518731,9.786416424410792,8.469503720300402,8.469503720300402,8.469503720300402,8.469503720300402,8.469503720300402,8.469503720300402,8.469503720300402,8.469503720300402,8.469503720300402,8.469503720300402,9.860779737304084,13.811997277946197,16.514056405276442,17.25276631449301,17.77776000552239,9.531395960760404,9.631212753212257,9.586117077160486,9.318466197532944,9.283000885577444,8.8166746780861,7.796043636169762,5.131421415035368,9.978902150938573,8.970285989915308,8.679558499845001,8.67515166467577,8.71284930456583,8.587282862097409,8.637188621761583,8.469503720300402,8.469503720300402,8.66764613935215,8.569830803736483,9.93451455716669,13.958864824556844,16.571258168278025,17.49128445166597,18.165852774627304,9.679713606967713,9.672898927731094,9.69360171277991,9.643120989196738,9.375987676645751,8.901442104949886,7.912953704519337,5.331616792205043,10.075904194110729,8.848785043369178,8.643405109191972,8.469503720300402,8.469503720300402,8.469503720300402,8.469503720300402,8.469503720300402,8.469503720300402,8.546919177087135,8.49868479830025,9.867583185300434,13.923371085399035,16.37244258782923,17.06315424071309,17.367177425002467,9.116603395827001,9.174435703531778,9.251747820613872,9.246490258005636,8.964776641636991,8.57751185787865,7.558119790762676,5.063225035033786,9.854549648811938,8.469503720300402,8.546559952261667,8.469503720300402,8.469503720300402,8.469503720300402
8.116542753019015,8.116542753019015,8.116542753019015,8.228227671397633,8.260633569919548,9.820854108348444,13.960171846168379,16.426974163887813,17.469196405349788,17.887670294609556,9.810067331321104,9.93184914390134,9.868011731246416,9.69158393292976,9.478372133178748,9.09133685184466,7.913252672782215,5.16987494562993,9.290625083574367,8.203843197932741,8.116542753019015,8.116542753019015,8.116542753019015,8.116542753019015,8.116542753019015,8.116542753019015,8.116542753019015,8.116542753019015,8.116542753019015,9.398567049594723,13.649356348380717,16.4124076992502,17.153500311572593,17.672753259106933,9.687901784920815,9.733830037714283,9.87517377051657,9.878883279721778,9.701097734546618,9.320855662351175,8.387339117206603,5.570283690492427,9.754205712014773,8.385161783465238,8.500614267731532,8.289846372692532,8.155911778237337,8.322384921086458,8.299573480122955,8.430757216117346,8.23986189180213,8.116542753019015,8.131121700497037,9.673099832634579,13.280378190937022,14.133891764399287,15.050260581728207,15.52238010317333,15.920731987312566,16.034173075454742,15.894722307336266,7.406127632245679,7.857756156109922,7.930461384975228,8.035745608778596,5.715711098030823,9.728459960245466,8.46361916923626,8.234303765786564,8.116542753019015,8.116542753019015,8.116542753019015,8.116542753019015,8.120057233255956,8.116542753019015,8.116542753019015,8.184317273926327,9.28617329678406,12.924460921156893,14.091125905312975,14.568977710175139,15.217226903345576,15.761463472882966,16.178508591242412,16.96251237143924,9.057458552717415,9.122647040553304,8.882716728192914,7.986605142122045,5.201657239625689,9.426273728632276,8.116542753019015,8.157282240279574,8.116542753019015,8.116542753019015,8.116542753019015,8.116542753019015,8.116542753019015,8.116542753019015,8.116542753019015,8.116542753019015,9.329560054391035,13.417381247347052,16.225263621385423,17.10477323359082,17.604044740015986,10.075450964729185,9.960788894060649,9.95051806114068,9.934659831031539,9.665486424628682,9.268838950246337,8.05304150624448,5.532589943411336,9.628278595567744,8.116542753019015,8.126496664485181,8.247088742828405,8.244226530388135,8.3798281910356,8.671456219380602,8.238120262184527,8.467565674370736,8.525002605594679,8.287330547489654,9.530697072003173,13.579579068325724,16.280731247844663,17.189672710260847,17.65019777660822,9.600595119250602,9.5697965897775,9.70687733335794,9.599588441375618,9.342320082581988,8.803986647498474,7.674242254015186,5.361972730288789,8.24565441786328,8.240281952819215,8.116542753019015,8.116542753019015,8.116542753019015,8.116542753019015,8.116542753019015,8.116542753019015,8.116542753019015,8.116542753019015,8.116542753019015,9.081689061582734,13.534874374837933,16.394992589268348,17.33065426197988,17.75834488008609,9.785208259707872,9.774561238440162,10.04187195239374,9.812071324018724,9.69185760744198,9.124214741760182,8.276068419172605,5.2461650248781515,9.258403971865913,8.116542753019015,8.309473679233513,8.622381104610136,8.80231141665328,8.816507047332644
8.848792355624834,9.000589801067727,8.848792355624834,8.848792355624834,8.848792355624834,10.184901187455935,14.37936432383327,16.866647370050927,17.716305638070942,18.022569020259823,9.390653310582833,9.67201292726772,9.809723683524087,9.53847327208528,9.392601779122698,8.92354633604334,7.978422184252398,5.427297583803941,9.974401424262746,8.848792355624834,8.848792355624834,8.908268706907394,8.848792355624834,8.848792355624834,8.848792355624834,8.848792355624834,8.848792355624834,8.848792355624834,8.848792355624834,10.261588348874424,14.500843707799422,17.302821296225723,18.20669427916222,18.616622366384895,10.02804645859586,9.934968137075302,9.832572833461546,9.774921421592758,9.721600501414839,9.492060263948288,8.397406662403359,5.665115957983057,9.38051670247252,9.167325343721803,9.21987214855426,9.174216099861619,8.922198970320249,9.001403701629208,8.892487900278226,8.869989813344485,8.848792355624834,8.848792355624834,8.898729816135823,10.28471308795964,14.059395764592939,14.918892925593063,15.650635097073604,16.058551802314643,16.4117779062263,16.535886972870657,16.435664825459277,7.154631639370244,7.679076660856951,7.783998453241113,7.5441845208896545,5.3517939847140985,9.681136832345949,8.848792355624834,8.848792355624834,8.848792355624834,8.848792355624834,8.848792355624834,8.848792355624834,8.854259051343675,8.848792355624834,8.848792355624834,8.848792355624834,10.148596533877843,13.475220870971214,15.025161526356587,15.310637697733489,15.85360241037858,16.31545662083991,16.74248555737558,17.33477596816366,9.009454100684192,9.050856141888868,8.85905298406359,7.939737556467342,5.324230262795631,10.351434472890146,8.848792355624834,8.848792355624834,8.966083942820342,9.214875927285767,9.188588587463435,9.127244294100171,8.959849197126331,9.03905157500995,8.848792355624834,8.848792355624834,10.04962329526683,14.175718344929596,16.797124584808003,17.965181924612978,18.56005928095547,9.858439282279525,9.951885848362016,9.832572833461546,9.765141721380758,9.419277059468389,8.876711604183232,7.69591375362685,5.194054113675224,9.965759816557432,8.848792355624834,8.848792355624834,8.848792355624834,8.848792355624834,8.848792355624834,8.848792355624834,8.848792355624834,8.848792355624834,8.848792355624834,8.848792355624834,10.000675051769274,14.084783015373992,16.79224850727676,17.912196192218495,18.4355968159035,9.636994066963828,9.557070904331857,9.873890864328038,9.584196183698031,9.359094700922299,8.974504927495326,7.867922121455426,5.536161278836349,10.269002908014777,8.935192964211193,8.848792355624834,9.050701781345825,8.9453868489686,9.146163068337403,9.12662236711397,9.031477592937504,9.117865463723671,9.224586471590474,8.954102800926508,10.341239544200876,14.391897366862793,17.189433739479988,18.030392428789213,18.31814898690579,9.670144361372143,9.601984181929714,9.660596128194907,9.416272368284936,9.34258143110599,8.76934061137208,8.05886915598756,5.287837663941332,10.304314245658171,8.976557857721426,8.848792355624834,8.848792355624834,8.848792355624834,8.848792355624834
8.441210298275891,8.326660008256486,8.326660008256486,8.326660008256486,8.326660008256486,9.54784222944356,13.720641326541916,16.219444115398648,17.61380898440508,18.155523726796556,9.910769471604048,9.927688557983483,9.862012211492395,9.82886371854007,9.697058343560796,9.27294572740981,8.146901299144693,5.531927530308095,9.965608962475484,8.694233512424843,8.75318488164163,8.803470344623879,8.683494041134708,8.648030846347545,8.464507468624491,8.415690053159466,8.339321045044784,8.326660008256486,8.340444139155059,9.761766214345451,14.033470164812735,16.836982553189635,17.494772707326746,17.80821785551644,9.52023539559086,9.621064752841443,9.833758850440276,9.720246854303754,9.62069872344128,9.069589817248014,8.412479830236197,5.729020647955984,9.909834818816593,8.326660008256486,8.326660008256486,8.402039220517764,8.546727411585398,8.326660008256486,8.355007143064375,8.461907228077386,8.403761680784143,8.371775682978974,8.510278915481578,9.94305638399685,13.611568531203417,14.148806238994094,14.890729727208779,15.267165615690612,15.758177150336032,15.89966070008699,15.796326851483565,7.049808054377378,7.44988968206094,7.549867979419205,7.530204139744027,5.278546425962946,9.603782460423744,8.326660008256486,8.326660008256486,8.326660008256486,8.40850738982097,8.326660008256486,8.326660008256486,8.326660008256486,8.326660008256486,8.326660008256486,8.326660008256486,9.518552276302817,13.237788282324491,14.459668978322192,14.827332409840878,15.497453449122933,16.063455020408774,16.423070686380328,16.620207122534882,8.973830956525816,9.11689980536468,8.978646865007253,8.292836606505348,5.462197804277537,9.880956129519053,8.542361156788518,8.503001720409895,8.650515931553938,8.566200289545876,8.50654813875011,8.526700213528565,8.577997743663419,8.596451689089294,8.46309990054575,8.51915770348111,9.783637014622478,13.684034743575292,16.33059666379038,17.19887247306335,17.660032814166613,9.503122250115338,9.502045465295097,9.385066093278715,9.111787563948846,8.782248792029065,8.489674990958983,7.48318465222719,4.868732219767111,9.299841417533639,8.326660008256486,8.326660008256486,8.326660008256486,8.326660008256486,8.326660008256486,8.326660008256486,8.326660008256486,8.326660008256486,8.573957658588338,8.43172817135254,9.781728914426875,13.884812345797005,16.551649221974472,17.610401704473354,18.155523726796556,9.82886371854007,9.82886371854007,9.976532571921451,9.904700913805565,9.810982662113682,9.4062452196768,8.27653980359034,5.915803455904309,10.548262472028071,9.121150499814338,8.971584399914125,8.515038126436336,8.405619865075701,8.35193428046669,8.405450427447992,8.339096482976553,8.326660008256486,8.326660008256486,8.326660008256486,9.100049354628492,13.125522040818895,15.74749542148542,16.629180072415423,16.951466807388062,8.921762141915789,9.133584803839478,9.258950453976352,9.060959720845977,9.208435197396623,8.575028226794126,7.761275286675302,5.112998820911302,9.271850504513013,8.326660008256486,8.326660008256486,8.326660008256486,8.326660008256486,8.326660008256486
8.343511870545292,8.20852841401601,8.37102018841213,8.513766460891896,8.5294696445938,9.985141155900742,13.902765505666114,16.36459123215807,17.379049510490546,17.828308138956984,9.619779724940976,9.82190134925178,9.619779724940976,9.56728646063429,9.530262754010298,8.893978957980307,7.786557135771204,5.164105006521725,9.618256098817623,8.384446000149651,8.20852841401601,8.20852841401601,8.20852841401601,8.20852841401601,8.20852841401601,8.22664776433867,8.20852841401601,8.20852841401601,8.20852841401601,9.722884692747833,13.748059742377034,16.110364432285888,17.027535576359014,17.559589069774574,9.306033992083249,9.398477755467686,9.549769129790377,9.431020712420064,9.227646153124962,8.855628310253158,8.043017957070292,5.443661727149433,9.736251983526442,8.250484420621808,8.231749802869079,8.20852841401601,8.245183462793985,8.241696332164157,8.37773916856291,8.434177168370566,8.382382786942436,8.20852841401601,8.319923256403674,9.751355479704513,13.341664401439228,14.085075673362805,14.76777422774282,15.180113835977924,15.665959495598326,15.793266125791884,15.775493529173097,13.422146963474587,7.311448202289932,7.509320573007352,7.410375786895341,5.270119611846202,9.558946164137263,8.367007721978924,8.20852841401601,8.20852841401601,8.282270072287016,8.20852841401601,8.20852841401601,8.20852841401601,8.20852841401601,8.20852841401601,8.394329860414175,9.522115444973139,12.938906032380144,14.351335500485014,14.554093672460295,15.17886557998234,15.680022300627115,16.064446730568708,16.941973562381552,8.85689687164253,8.85210916825987,8.577085173525125,7.8414667014759845,5.282099344226733,9.63851216295174,8.460912162047215,8.489507570335563,8.307081641874927,8.20852841401601,8.20852841401601,8.20852841401601,8.20852841401601,8.20852841401601,8.20852841401601,8.20852841401601,9.427732785103139,13.217209781039895,15.947068809984483,16.674000465202017,17.219952202566567,9.291485531184794,9.658030387418831,9.351521656135438,9.100290325215278,9.056203815222263,8.55717672317021,7.565495533109921,5.035718451755706,9.585253861639034,8.223504493617591,8.297333798940194,8.315042633516029,8.559134717819106,8.404277832127253,8.59278813953191,8.22214714244187,8.450475237509039,8.690364008246835,8.463661446594216,9.839111545848763,13.801223865441106,16.296364896531763,17.13511207848274,17.773054606224605,9.469301518590541,9.678144626660222,9.766567300034387,9.562098486243826,9.26239912286518,8.732033806684992,7.637784864595069,5.279602816025529,9.692403479707313,8.338409446772808,8.20852841401601,8.20852841401601,8.20852841401601,8.20852841401601,8.20852841401601,8.20852841401601,8.20852841401601,8.20852841401601,8.20852841401601,9.372129058365568,13.43067990455835,16.017467695894325,16.82315702246204,17.139946848604357,9.11028256712957,9.22320071043605,9.482918231214848,9.353554456623101,9.091088552682095,8.801999395444803,7.987787795503614,5.339164437519008,9.476895837732126,8.20852841401601,8.370951131530427,8.462813089790604,8.438034337452002,8.505830868350383
8.315407606036954,8.501391777095701,8.435191818184785,8.53061564827142,8.51187968531702,10.041132423785252,14.27932403728294,16.779260534444795,17.586384225044633,17.883705096383842,9.764832475194753,9.935950119020731,10.183387711082347,9.658114661080903,9.628837086282001,9.112124730698586,8.023844564034325,5.295286173621154,9.529028328004093,8.315407606036954,8.315407606036954,8.315407606036954,8.315407606036954,8.315407606036954,8.315407606036954,8.315407606036954,8.315407606036954,8.315407606036954,8.315407606036954,9.645038396714776,14.030315064371807,16.76452139205523,17.57966287555957,18.103813041751366,10.070521423737983,9.937971712025288,10.107628667539174,10.104438603069807,9.749239605696628,9.381780245243322,8.403550419200235,5.741183673662597,9.116402035400217,8.6460960178711,8.658753895972918,8.448583530074705,8.339667318431756,8.427945838479737,8.400918064335997,8.405409213588506,8.315407606036954,8.315407606036954,8.327741289423582,9.918198995374082,13.510355380198606,14.551239626858099,15.34347151199782,15.801649167127335,16.252713677313384,16.33288862465782,14.266617464887219,7.452924038622951,7.88822081523108,8.165785900324318,7.918379428568871,5.632437794211203,9.912132725510112,8.588063626412785,8.407919982529393,8.327171915059015,8.401213774492673,8.434305535635861,8.495635343194987,8.386907165045915,8.384415907608307,8.315407606036954,8.492065930775059,9.617281447690116,13.008276954503764,14.417556869625795,14.706571915782858,15.289535529904269,15.894060417380473,16.35863859101085,15.919644672915396,9.227467224248425,9.174277005282109,8.867709365726713,7.956354367368334,5.265672395382503,9.540667694453338,8.315407606036954,8.315407606036954,8.315407606036954,8.315407606036954,8.315407606036954,8.315407606036954,8.315407606036954,8.315407606036954,8.315407606036954,8.315407606036954,9.428986160498873,13.560633412000136,16.42787725690674,17.387810717726538,18.036267981794392,10.004926991604233,10.004926991604233,10.132205193837711,9.939140101366778,9.568895023146464,9.305676268150188,8.077556322243005,5.502704597589278,9.838635892992087,8.714693170883614,8.588765108749413,8.686427133753325,8.647978887255396,8.710855796758187,8.931353748563756,8.655231426701759,8.633171911177255,8.544536239304678,8.366195760221506,9.71206672795834,13.737372522188782,16.447789649831563,17.364831943908072,17.78289499188994,9.48185083396737,9.436571325046131,9.6418361968494,9.493847141912013,9.24411984539316,8.85829613694296,7.711046877577932,5.186037856438618,9.512054699187368,8.315407606036954,8.315407606036954,8.315407606036954,8.315407606036954,8.315407606036954,8.315407606036954,8.315407606036954,8.322050536796324,8.438631712985044,8.362940563137585,9.827532487225097,14.094022675660835,16.89819043346479,17.825476658111292,18.106915799392283,9.92704795371925,9.936095626009848,10.004926991604233,9.898973472743526,9.850216113718343,9.100903995013116,8.284819833734131,5.395154060726498,9.913961253401034,8.468517940994873,8.39933840594894,8.571733634941111,8.661447564291969,8.559180395894609
8.557675310105674,8.572068120516183,8.557675310105674,8.557675310105674,8.557675310105674,9.667219949461602,13.76154721621345,16.332801229640896,17.23924807169051,17.732364291294264,9.356148358319258,9.70973188561982,9.774224324250683,9.560684697368377,9.453693941715471,8.878277779277102,7.991479909251882,5.634373526677309,9.932938972369175,8.557675310105674,8.69141840030193,8.900213916982644,8.813667312643759,8.783137789824629,8.752189588265377,8.751752320321188,8.693978494853173,8.624690866537678,8.784171782218902,10.196815447134144,14.344101046372032,17.131245016051302,17.99074704146784,18.399887283332994,9.842211973227322,9.90181556459087,9.925081329988508,9.842211973227322,9.909341766501802,9.581850481110761,8.739549599017423,5.8313771182571035,9.9486702027596,8.579765884254797,8.557675310105674,8.557675310105674,8.557675310105674,8.557675310105674,8.557675310105674,8.557675310105674,8.557675310105674,8.557675310105674,8.557675310105674,9.656045161265215,13.484577315218203,14.40095951853268,15.078945849229893,15.446555389312785,15.902405204550085,16.067130631510697,15.960269766966354,7.151706259625593,7.553275232416686,7.799143395374321,7.617687555906613,5.326652462352902,10.066934914888293,8.557675310105674,8.557675310105674,8.796384229319237,8.790805231528207,8.71681836608635,8.626406582242641,8.76906293913339,8.700678564643326,8.578985284344366,8.678757108253098,9.91040912351101,13.392927186063321,14.91783002771701,15.082516736335421,15.7196493495973,16.188383573163613,16.5945829809463,17.352887579327405,8.936814632907916,9.222384112362159,9.026492082082019,8.084713090625305,5.414186421082955,10.080559078209921,8.610600094028163,8.557675310105674,8.727630224822267,8.800633274054793,8.876850294008248,8.846608628863931,8.615586061377611,8.738423824339987,8.616618376343705,8.653654615565122,10.011322762697368,13.973252658300048,16.514785650957442,17.58396744519372,18.08217043366424,9.77469442220354,9.716929977419527,9.842211973227322,9.658341785649565,9.187399156977703,8.874566617797694,7.982904110948583,5.1248827944386175,9.588507539686447,8.557675310105674,8.557675310105674,8.557675310105674,8.557675310105674,8.557675310105674,8.557675310105674,8.557675310105674,8.557675310105674,8.557675310105674,8.557675310105674,9.734810222119345,13.946964077230085,16.47552935845859,17.592023793578832,18.150549372553705,9.904022302406142,9.93723515136266,9.81834856831873,9.827391787977731,9.28452587830831,8.949917271892955,7.918486447942165,5.6175715260876276,10.385356027735988,8.997045410953984,8.910986965713619,9.09052036197557,8.856084558133599,9.129017760301286,8.97099170649399,8.883108182731243,8.876092243132335,8.895236776755244,8.582898110142457,9.927748047777927,14.01806737947064,16.547735546810262,17.36000999436736,17.654607300610984,9.27987263754586,9.473095351006416,9.552606986561166,9.16427785362792,9.043128747529085,8.775901202729251,7.965017682283573,5.321508789255931,10.00778047436733,8.579441673136527,8.557675310105674,8.557675310105674,8.557675310105674,8.557675310105674
8.751313891115558,8.751313891115558,8.751313891115558,8.751313891115558,8.751313891115558,10.013269498662048,14.096303126868026,16.75535540309101,18.013163095654974,18.648624555867023,9.940724705783802,9.897310664751464,9.897310664751464,9.820046864353351,9.736921522954942,9.230094094765963,8.283783582229459,5.509735375602902,10.229085552073414,8.936330366884025,8.935748460499921,9.095051531977067,9.214838486655962,9.193835731146468,9.141235191670013,9.21612150128318,9.02998556778405,8.972333089081008,9.125736405944314,10.37240209832845,14.653512714555617,17.367414511323403,18.146474502268592,18.648140816804172,9.897310664751464,9.897310664751464,10.056885137236652,10.097122424928608,9.72652540876039,9.262944696539067,8.378086069647564,5.69600586946979,10.018988074877647,8.751313891115558,8.751313891115558,8.751313891115558,8.751313891115558,8.751313891115558,8.751313891115558,8.751313891115558,8.751313891115558,8.751313891115558,8.751313891115558,10.242423329398749,13.889695223495742,14.611920593961376,15.2950734164394,15.726005871398055,16.283043790710906,16.49844335658767,12.337342239908738,7.302447672699193,7.5808730689755635,7.786795638805282,7.694224339989697,5.649725377801224,10.006992003562287,9.104478691927229,8.917549455861305,9.196922259208089,9.360938117947676,9.113038071192689,9.151827196758335,9.020664262624244,9.02978117696889,8.851544541980077,8.981362805035133,10.138140838480284,13.636726240280328,14.952279988509336,15.15593118434136,15.869842142182815,16.38953599576922,16.80611201922354,14.118331605733584,8.99060196385645,9.092543482169841,8.793536698387442,8.055619304663457,5.362100283407448,9.838191421966043,8.751313891115558,8.751313891115558,8.751313891115558,8.751313891115558,8.751313891115558,8.751313891115558,8.751313891115558,8.751313891115558,8.751313891115558,8.751313891115558,10.122089845441756,14.062584744410222,16.80130058532523,17.526831309411783,18.107587190946514,9.62002004855368,9.469756124273157,9.505408160443416,9.35759178374007,9.202699084375103,8.826977225846951,7.71950383550349,5.140635801808562,10.056985646690189,8.751313891115558,8.81191095622952,8.859447416914868,8.882814585357883,8.874926200472762,9.099753276568064,8.892747615801724,8.93442818837857,9.141684530691277,8.798272040276453,10.244214638745515,14.29140511965268,16.948235735740667,17.930954001626116,18.572167237280606,9.897310664751464,9.897310664751464,9.952383271248138,9.937291710327155,9.505777576610685,9.100362357217442,8.10164822441422,5.520670874940697,10.651952985491818,9.22179953601482,9.055461250458928,8.751313891115558,8.751313891115558,8.751313891115558,8.751313891115558,8.751313891115558,8.751313891115558,8.751313891115558,8.751313891115558,9.784182919453599,13.867539384491462,16.439451377872935,17.26207915053613,17.587401929263336,9.13160305179235,9.23898486478576,9.433128584361153,9.16111345478964,9.138990691163189,8.596113937952474,7.733322254781822,5.111113197377525,9.812487848850116,8.751313891115558,8.751313891115558,8.9856492419429,8.912742003961377,8.888020744063521
8.839815365829493,8.839815365829493,8.839815365829493,9.056560452436186,9.065527516081705,10.636596355707168,14.772219599932793,17.373683747086584,18.35232461847503,18.704071703915822,9.950909102974897,10.036142090968552,9.992933429645522,9.783127414396896,9.730584724739561,9.308938731972475,8.28918802779754,5.322159960694486,10.239763119356493,8.99408592517478,8.839815365829493,8.872977611153114,8.839815365829493,8.839815365829493,8.839815365829493,8.859424577448937,8.839815365829493,8.839815365829493,8.839815365829493,10.231459656689664,14.52085145055016,17.10724091831907,18.062186626117914,18.69035624134537,9.99936888404819,9.958175718337104,9.985553632831001,9.835268448548877,9.592001993780537,9.303480184504664,8.191209941465434,5.61434760805386,8.648100419449309,8.839815365829493,8.839815365829493,8.839815365829493,8.839815365829493,8.839815365829493,8.839815365829493,8.842197392179976,8.842277084976741,8.839815365829493,8.929062559267056,10.526217467371453,14.07512303983287,15.117927045365574,15.76357707035191,16.20146824406472,16.670629743262786,16.82081248000237,10.559983515095773,7.437840494872747,7.946886449034024,8.013666614781982,7.901205964788963,5.627647215675512,10.146835563709327,9.13946739194208,8.885602316376094,8.92401974464369,9.00111127843391,8.977082927664929,9.029287256306086,8.917130045034641,8.964701833168112,8.949428019511085,9.050450584488859,10.156143439789002,13.623729339575528,15.070191851168154,15.219336413101626,15.897191895211535,16.45302580227601,16.911357047601726,17.790613081469825,9.062210013780179,9.158589248993712,8.980351990787547,7.98445590998417,5.287349238739055,10.23824353044422,8.901448023337009,8.945889810102363,8.839815365829493,8.839815365829493,8.839815365829493,8.839815365829493,8.839815365829493,8.839815365829493,8.839815365829493,8.839815365829493,10.012557103757377,14.143038613035356,17.035180389020358,17.780626232947704,18.434989064052104,9.921822922616315,9.848969616113397,9.975362159135628,9.727133302756588,9.44207828739329,9.021388662941787,7.92405534052735,5.380380739831047,10.364467688328563,8.977918608500234,9.036600566452371,9.143712636439327,9.293307491059787,9.286782416475198,9.453372804676626,9.169481618233853,9.141201443169972,9.243958561934436,9.126502156597224,10.50129710264807,14.502001102722401,17.121279805398828,18.007083547610918,18.52089311534945,9.611657626942694,9.64274390422652,9.796231821886433,9.629619897526672,9.40244664131616,8.99042602953142,7.832899246193872,5.2360688830694775,10.148478338481008,8.839815365829493,8.839815365829493,8.839815365829493,8.839815365829493,8.839815365829493,8.839815365829493,8.839815365829493,8.839815365829493,8.839815365829493,8.839815365829493,10.17394518936882,14.419994227418389,17.119841966051755,17.97956863931013,18.28979468875898,9.52585661881314,9.64058714520591,9.915128690461481,9.66008791580376,9.482951349746385,8.909115860831609,7.909036649915718,5.140821998037972,9.872459642612037,8.839815365829493,9.000858789168905,9.353038950004377,9.334802654580049,9.374253297212242
8.327457600284353,8.327457600284353,8.327457600284353,8.327457600284353,8.340639913575567,9.874789852118015,14.05357135466265,16.497955818898422,17.27155892929975,17.572676603206418,9.455773657811552,9.61350631762026,9.771552496318812,9.599410437078628,9.570224549072051,8.945619639245187,7.978034359381684,5.455235214911296,9.736208861842545,8.327457600284353,8.327457600284353,8.327457600284353,8.327457600284353,8.327457600284353,8.327457600284353,8.327457600284353,8.327457600284353,8.327457600284353,8.327457600284353,9.73809828818247,13.896762625521736,16.452047271610148,17.471247898270228,18.02050805427252,9.868542490125062,9.797635306782182,9.776838377298702,9.736842154984227,9.504334646162192,9.094612366213747,8.160488771784365,5.692795195354684,9.739077144034566,8.49538812257188,8.688221574974648,8.551964773562128,8.58426491987524,8.734116984752625,8.664192029513002,8.762707510096233,8.656790044473114,8.427177278421754,8.35738131386411,9.989797695524082,13.652612758985402,14.592759122542958,15.424634587664968,15.831313715510301,16.181830803283628,16.279602381624088,16.14712877494991,7.321072941266196,7.723280742040576,8.02282794157599,7.963186858666043,5.746902788189456,9.99517042255557,8.621372541390665,8.454743022294636,8.327457600284353,8.327457600284353,8.327457600284353,8.400736099863707,8.431656863262859,8.469409503133507,8.327457600284353,8.5287568049451,9.753151351395367,13.035495358262722,14.29888385374882,14.585086222742673,15.205141081700301,15.763366809137702,16.250578132882566,17.108814717539765,9.03987125550423,9.147531148376048,8.927039981966725,7.8719272919016,5.164048608111871,9.55832058919946,8.327457600284353,8.327457600284353,8.327457600284353,8.327457600284353,8.327457600284353,8.327457600284353,8.327457600284353,8.327457600284353,8.327457600284353,8.327457600284353,9.49066218849088,13.661966072532383,16.54644317781281,17.597220144480602,18.07282948794395,9.962072225332935,10.08089577291906,10.021381776819675,9.962072225332935,9.879232744420214,9.367327485086589,8.27331118799394,5.61261575052368,9.904477804910906,8.837815732711293,8.51545717257357,8.611923980894016,8.414044360684798,8.460050056892804,8.680033269120605,8.358087046814951,8.4942405016687,8.386510458574165,8.327457600284353,9.585708661234614,13.65131474327859,16.417124354967676,17.38093605063639,17.730865884277037,9.32972125052139,9.229756821309355,9.429696961663174,9.40068245835686,9.14774519967015,8.734685555244697,7.671496090710849,5.214901068336122,8.488066494760044,8.327457600284353,8.327457600284353,8.327457600284353,8.327457600284353,8.327457600284353,8.354926390073464,8.39469375436072,8.534643968246634,8.70803457341615,8.588278188046056,9.98782157646083,14.27094682676355,16.983908316797702,17.824935208302783,18.205840470745606,10.080928244011218,9.825450431226097,9.90610374569436,9.58948174511449,9.34943858998655,9.361418553632271,8.179602735920815,5.471824317384457,10.397045521696587,8.793359696766478,8.516001896800027,8.327457600284353,8.363984582811762,8.384708123907386
8.813457308846894,9.13202100433416,9.130616699246247,8.898763191433934,8.813457308846894,10.411524086956511,14.687214306972692,17.04988596305615,17.87166100277959,18.42245070940967,9.76986663891721,10.01640851945762,9.942876750491001,9.849081557598087,9.448121814785466,8.945935338922261,7.975965071884756,5.333656493092367,9.533378216769105,8.813457308846894,8.813457308846894,8.813457308846894,8.813457308846894,8.813457308846894,8.813457308846894,8.813457308846894,8.813457308846894,8.813457308846894,8.813457308846894,10.165644304996922,14.61195813588853,17.390957726203766,18.081432841396154,18.4704012102191,9.866888100752671,9.958527944406697,9.967831994084115,9.947242855187984,9.994042395466952,9.574487340372185,8.742214726195566,6.035146576025297,9.404694976476783,9.62529565778357,9.684242038473553,9.38358099658338,9.259337142775758,9.213357631933002,9.120979163880916,9.107997360590282,8.976448470481422,8.836008923027057,8.813457308846894,10.206454149664122,13.863623001230057,14.860975213487606,15.696231222754113,16.124943061132598,16.482437869310356,16.700808975990103,8.84281960444737,7.297782016188353,7.905634527032847,8.000787380053545,7.6944070870625465,5.3406955938748775,9.605489696252857,8.813457308846894,8.813457308846894,8.813457308846894,8.813457308846894,8.813457308846894,8.813457308846894,8.813457308846894,8.813457308846894,8.813457308846894,8.813457308846894,10.143631735725709,13.68349288753408,15.002163697456501,15.522125387380953,16.15782268594299,16.759991821580954,17.20858377842473,15.01773252405605,9.49194072025564,9.49747213729197,9.174102784477054,8.179962123377084,5.4572009078263255,10.361380353606592,8.91159816791132,8.99637262201982,9.02469030443241,9.102640745668314,9.268626118846727,9.254061333127765,9.024089822813304,8.985999811059367,8.853742293505025,8.89753095778979,10.133631343884609,14.2086386905242,16.951521354974062,18.019145037246275,18.511542360252314,10.013931496454596,10.104985170490432,10.046781179523824,10.000312389588048,9.372915945826465,9.1010282701211,7.910233744577915,5.178866673780915,9.880938917557273,8.813457308846894,8.813457308846894,8.813457308846894,8.813457308846894,8.813457308846894,8.88309417301432,8.821429559422864,8.835905680160796,8.813457308846894,8.813457308846894,10.057710316437833,14.253523157038124,17.003275055746535,18.133820708246546,18.54053674472887,10.031254590224222,9.834306200514698,9.984639491070842,10.000028516826953,9.577584150509793,9.24579514116588,8.13363820990655,5.969881984053635,9.048000455799574,8.989157616791553,8.876339830830702,8.916174463631297,8.889121426797663,8.89996204939347,8.988170100740687,8.834396064355122,8.888506938057768,8.840704471088026,8.813457308846894,9.889003650686274,14.12044229774245,16.9683420263269,18.013596832608016,18.38848599589938,9.663679595465153,9.971671722971381,10.046781179523824,9.657093610078043,9.591163692532604,9.362268063832628,8.598648462440876,5.739996461305632,9.562193547041414,9.225303338697726,8.813457308846894,8.813457308846894,8.813457308846894,8.813457308846894
8.796918883076858,8.72482839132591,8.763142404783435,8.650658831735159,8.650658831735159,9.996294560814853,14.204394153868146,16.739223395716827,17.774255203983337,18.509420712221022,9.996247994071817,9.996247994071817,9.996247994071817,9.996247994071817,9.846843609705134,9.151045929140508,8.191374385803421,5.8628903901505245,9.967825003762163,8.697310473075778,8.923971171034102,9.003821817337995,8.90182439991873,8.84294258303331,8.725664405207278,8.829080839818518,8.82212684283828,8.778926477199873,8.889012328921357,10.35256323557992,14.551252998982669,17.348742385441433,18.32336788968331,18.646906825806976,9.996247994071817,9.996247994071817,9.996247994071817,9.974148330197423,9.937334226188169,9.53356836114597,8.745494208266388,5.824389761635561,10.136448173124638,8.772240889086156,8.650658831735159,8.650658831735159,8.650658831735159,8.650658831735159,8.650658831735159,8.650658831735159,8.650658831735159,8.650658831735159,8.650658831735159,9.904786306067848,13.782043366983016,14.581503518908445,15.281227103070087,15.70413677175172,16.22168038164568,16.463493877752427,10.144872867595438,7.213624386741848,7.685676928686117,7.843680792931004,7.497271114664108,5.45440906921585,9.427692072864083,8.650658831735159,8.650658831735159,8.794632254775081,8.942257997167193,8.650658831735159,8.65639604681902,8.651690517551476,8.650658831735159,8.650658831735159,8.684032459330647,10.020972201035761,13.408854813949013,14.934079283892338,15.20288534079555,15.759181862125018,16.420551140311556,16.871173719567885,13.335919527244684,9.034415401400056,9.289196980983284,9.275819048269673,8.160457735975202,5.540479412342576,10.235337033984395,8.78341502455725,8.719658948832059,8.935970707292746,8.912554014334063,8.957082347991177,8.936358252792228,8.986865668355453,9.03629892710763,8.79316089827307,8.826141571415123,10.122985258803809,14.131032874468865,16.655848122336877,17.654605642060694,18.25613166877878,9.731493532281863,9.82942498772087,9.795766726348418,9.329564572235991,9.132099144556811,8.67548935689894,7.754457721412321,5.139729125502737,9.70524420404993,8.650658831735159,8.650658831735159,8.650658831735159,8.650658831735159,8.650658831735159,8.650658831735159,8.650658831735159,8.650658831735159,8.650658831735159,8.650658831735159,9.910777453385876,14.081440754459766,16.83191674203446,17.944217235693305,18.629572552773148,9.996247994071817,10.16785590849075,10.084391453448669,9.996247994071817,9.842873610513076,9.342798392686078,8.24245016074188,5.807649979526541,10.649875987997476,9.110557254987455,9.054170930228182,8.928910728330042,8.748973077352314,8.998956179309518,8.981612633783195,8.959670620900638,8.811126706247395,8.816710124568225,8.650658831735159,9.930504103960663,13.986166899548673,16.541615185586977,17.4008601983454,17.716678462487067,9.269525848750673,9.679674333952256,9.844376119937863,9.32764186019783,9.250352908657725,8.80221473832117,8.116405918748663,5.343658328042083,10.109166638264947,8.664747346042704,8.650658831735159,8.650658831735159,8.650658831735159,8.650658831735159
8.478242324589171,8.334381377187228,8.382931216592581,8.429826164559296,8.376498505814773,9.946687949960793,14.065169869762286,16.720572185903954,17.948800593838897,18.39727652983832,10.062895152651091,10.062895152651091,10.333353279623928,10.062895152651091,9.948811082723616,9.41540174094497,8.277714831365492,5.812304545763968,9.95033695456233,8.659762262797784,8.5255909052319,8.582879527731881,8.587824839906059,8.503927367706856,8.571461937034293,8.601699304577142,8.538692777337385,8.499671838860916,8.5870511976987,10.174209197383362,14.347314174437283,16.899570893978705,17.791484485533275,18.235467355007927,9.967892376921274,10.105816665043196,10.062895152651091,10.011485642319478,9.718838778449962,9.299717662313157,8.358282933622448,5.633076022024696,8.514214635512596,8.334381377187228,8.334381377187228,8.334381377187228,8.334381377187228,8.334381377187228,8.334381377187228,8.334381377187228,8.334381377187228,8.334381377187228,8.334381377187228,9.857513535022308,13.630344674790408,14.382403398550533,15.01249974784161,15.426319511927876,15.994645343381496,16.204167633814514,14.108662711543047,7.403207196474396,7.848122369356429,7.883633730510278,7.805433620062135,5.6544984330262205,9.893876274487143,8.705855293832252,8.466392365832995,8.681178965816985,8.85835407128391,8.573278866919512,8.523344053328264,8.483405952877467,8.57982846280465,8.452172465933312,8.54163689126679,9.681784910874006,13.263234268887302,14.60120332254452,14.801730482998629,15.491557446342526,16.08267909762535,16.569217442995438,16.80818369884871,9.088927446130478,9.239906550777198,9.032506046077275,8.126878911383683,5.4148991050339115,9.618780764071811,8.35503399255062,8.334381377187228,8.334381377187228,8.334381377187228,8.334381377187228,8.334381377187228,8.334381377187228,8.334381377187228,8.334381377187228,8.346305616841471,9.784785057116183,13.831935272295432,16.515345029549678,17.30473501222076,17.83787085395224,9.874586199276878,9.733812672109051,9.927266353424658,9.410711941564752,9.251722404397283,8.935831817265553,7.9563757038104495,5.26815138975546,9.89578422330777,8.524186559532469,8.516169958083593,8.517992810947309,8.628276590049175,8.383232210738841,8.510782521805547,8.334381377187228,8.334381377187228,8.506359537611804,8.517835945735113,9.98588922064022,14.176271750897453,16.75617183580983,17.61562630560212,18.29426648697384,10.009651924465576,10.041691189524162,10.217689001199656,9.917123304311074,9.640895380386361,9.185059956166542,8.148304158091028,5.617445957431431,10.143492480941399,8.705687463612394,8.492629398682615,8.334381377187228,8.334381377187228,8.334381377187228,8.334381377187228,8.334381377187228,8.334381377187228,8.334381377187228,8.334381377187228,9.548000046398752,13.795534295880799,16.347087455545896,17.181892738059837,17.508863943397238,9.32160875231707,9.563337050137903,9.711814575797227,9.485798514657388,9.275642240601794,8.64122796501091,7.834601665062772,5.081548476981587,9.256170322339328,8.334381377187228,8.334381377187228,8.542582206132591,8.505446705409732,8.460379746053913
8.584947373054629,8.56090040155933,8.56090040155933,8.676322244230755,8.755922048939222,10.377756202814341,14.456933976381675,16.9966379440666,17.9757021390748,18.36265945222378,10.005849595279992,9.931806932750543,9.989599384296048,9.68784267954647,9.57603612313756,9.132682432192519,8.110165863959137,5.292866454315592,10.037674299160665,8.704443728747869,8.56090040155933,8.56090040155933,8.56090040155933,8.56090040155933,8.57105524994039,8.56090040155933,8.56090040155933,8.56090040155933,8.563851428623497,9.971558676681514,14.173717709564842,16.589888531393857,17.701496712002246,18.32214295436883,9.885500132198457,9.855697334400254,9.866225677031851,9.795506014762243,9.55666730916675,9.097163269177663,8.135055184690684,5.541581031942069,8.62741855907618,8.56090040155933,8.579044009361876,8.56090040155933,8.56090040155933,8.611891952491671,8.56090040155933,8.677744125778354,8.74367875997647,8.604566628584905,8.623852542127748,10.289023597655552,13.87054764209691,14.700955785329697,15.42947504129695,15.809162911457598,16.252498240736166,16.456251138170725,13.868372732015459,7.274504885160883,7.747979127180629,7.861453366586671,7.919512776121252,5.692442643445963,10.189598135256672,8.990382371755931,8.715880909085836,8.632680311244743,8.660529221265385,8.687417466295257,8.720876642833044,8.66544245708167,8.776756543230285,8.705271040284899,8.803236491062654,9.930475188335189,13.480485134222407,14.73029180523731,14.921446230223253,15.627788739272383,16.134737173583208,16.614629396188334,17.45760284240772,9.030123047944763,9.140438192446858,8.739579883892887,7.956009050426606,5.140725239781004,9.779438339192252,8.56090040155933,8.56090040155933,8.56090040155933,8.56090040155933,8.56090040155933,8.56090040155933,8.56090040155933,8.56090040155933,8.56090040155933,8.56090040155933,9.717427215520894,13.93394869949698,16.686683536992348,17.53624882147598,18.01421129216585,9.813925135483188,9.84382325930964,9.937343372845676,9.79245797812752,9.560116558304397,9.100994934352562,8.033419719992484,5.467388371087607,10.197532004031052,8.856387833014027,8.70853046745588,8.901820648557715,8.944539472824403,8.96934367796432,9.117742148136252,8.665258229595363,8.821757933650806,8.923710605495646,8.883531429223178,10.264688910692838,14.316089332911494,16.83237980659448,17.630263515383177,18.165127013541237,9.474824248284285,9.481995367510207,9.582566970616332,9.585097974518984,9.372030619407838,8.840668048572262,7.794693593656634,5.141632022346152,9.435913215809197,8.56090040155933,8.56090040155933,8.56090040155933,8.56090040155933,8.56090040155933,8.56090040155933,8.56090040155933,8.56090040155933,8.664031866478174,8.60448824907212,10.013466663083715,14.318828182775263,16.92722906785852,17.746758219861235,18.117171671516928,9.597566657858156,9.628068676594626,9.8446185125927,9.699001149737128,9.268999444097247,8.951465814951888,7.972524091270479,5.202317750163372,9.944858444380689,8.56090040155933,8.758662157465613,8.839795272383146,8.890644501890566,8.934462767956889
8.254105501550324,8.430989377191151,8.318779374415513,8.397997274963299,8.418149522971092,10.032178495010088,14.260873941934328,16.77583306078052,17.667081875572222,18.06036537723064,9.873692355585074,9.974164463938298,9.904664808450544,9.59771953789453,9.566985742187418,8.964770034660068,7.828067183783513,5.350489595854334,9.349377167414538,8.254105501550324,8.254105501550324,8.254105501550324,8.254105501550324,8.254105501550324,8.254105501550324,8.254105501550324,8.254105501550324,8.254105501550324,8.254105501550324,9.601453104860528,14.062116449579548,16.695377056117337,17.5508001490214,18.02111476521496,9.86505114019675,9.850298180057747,10.181096538426441,9.868625664340827,9.703448019874644,9.178071834143442,8.36473763034811,5.675523894468889,9.717498590446837,8.613117932546,8.839491992169513,8.759208312537254,8.547602135468935,8.668876015701978,8.530196096413352,8.663527680153141,8.560861419499389,8.379225387712642,8.281615627839145,9.871467388725181,13.52965006309901,14.325885450766858,15.244554251883908,15.646462872841278,16.06945617857645,16.24125450968316,16.137478252273482,7.369099693036544,7.78676223384247,8.007653330017202,8.021136395617729,5.631039214567227,9.764730047022038,8.44461018982161,8.254105501550324,8.254105501550324,8.254105501550324,8.254105501550324,8.254105501550324,8.259996963679722,8.347104700564119,8.254105501550324,8.280439467586216,9.535445277903285,12.945071991116766,14.276348841489355,14.699777337789099,15.308264362082927,15.92638459779172,16.414183143954844,17.220063069915362,9.191303415760817,9.085952126198263,8.947318147610835,8.005742375966324,5.205323290287642,8.72864110864371,8.254105501550324,8.254105501550324,8.254105501550324,8.263982203576546,8.254105501550324,8.254105501550324,8.254105501550324,8.254105501550324,8.254105501550324,8.254105501550324,9.556949057156285,13.616353735045367,16.32836416077263,17.36505545069879,17.902381663867537,10.00596945093447,9.949740416365449,10.075954982984053,9.940844174099873,9.48362926410449,9.408537700765233,8.10422305851968,5.322605353819792,9.59959654018146,8.254105501550324,8.294112005670549,8.439014619085167,8.273493846668348,8.39172960866167,8.619532112383379,8.3218581147882,8.477056720316435,8.394202146835045,8.254105501550324,9.60712295234273,13.747871304416428,16.439702003279617,17.50546104216192,17.871346615098943,9.923568433404666,9.734284414616454,9.83089934327996,9.64384295991825,9.305717399792723,9.033700182642875,7.915092637723501,5.364684122294178,9.655407345482033,8.254105501550324,8.254105501550324,8.254105501550324,8.254105501550324,8.254105501550324,8.254105501550324,8.254105501550324,8.254377644691047,8.33570801724625,8.254105501550324,9.60476547140081,13.913619294372666,16.571517052228376,17.492873900270986,17.890405577221383,9.69442603516001,9.84113776838906,9.888958263515772,9.563302051310608,9.38906184019566,9.481210437030937,8.19447379309511,5.5388256648957706,10.240746851914414,8.486469001726896,8.504941108627817,8.254105501550324,8.342804231611408,8.323462390964567
8.263860290831659,8.281813115840599,8.196222549905979,8.196222549905979,8.196222549905979,9.410542870764033,13.730947459036035,16.271326207818323,17.201574851701043,17.679324767627644,9.555672926993118,10.022446703599197,9.871465237446099,9.675422597356295,9.531115309549163,8.906876916226944,8.052209542618392,5.696015580450655,9.930556176616065,8.196222549905979,8.196222549905979,8.378920041995258,8.361487481703284,8.375056951682279,8.29005923402004,8.354016675544026,8.47022277015924,8.460795171170192,8.544900265335048,9.72581031487698,14.08147467636778,16.93386045147441,17.97993468949499,18.2330543828646,10.036831832958624,10.040979019810573,10.048893272401557,10.073631228743208,9.883883296458752,9.366018521086668,8.506119522971451,5.767002353288597,9.714174362382895,8.224871059561082,8.196222549905979,8.196222549905979,8.196222549905979,8.196222549905979,8.196222549905979,8.196222549905979,8.196222549905979,8.196222549905979,8.196222549905979,9.637000572447576,13.478404470757836,14.204042455547386,15.009424875269985,15.375107950263462,15.8507496621007,16.013272814356483,12.127729434999866,7.26872037966491,7.830012773876701,7.884589968501855,7.680872484410221,5.37748303545001,9.777279748681295,8.196222549905979,8.196222549905979,8.348493295991437,8.302211085935486,8.289120639379641,8.338225242059131,8.295585782384642,8.408305959444245,8.24902817545688,8.29509141966794,9.580304748752312,12.885341354791716,14.433123597067162,14.675528181627296,15.182043357834516,15.799765103272104,16.31039498655272,13.92063458282059,9.091407589434896,9.261166476214195,9.023412025134942,8.173724340315726,5.315874300564938,9.587140558635149,8.196222549905979,8.196222549905979,8.196222549905979,8.302799718472711,8.367726601479706,8.347537586027153,8.371887485341736,8.533148104372076,8.209137646182878,8.260105538368938,9.635959332601509,13.850238069656749,16.44659191033048,17.642847572353837,18.132360118474843,10.159499463851184,10.036831832958624,10.036831832958624,9.832760189723714,9.56662910046305,9.211493639415147,8.205555665722406,5.38154210603637,9.487073251647676,8.709360262795736,8.217359591654747,8.196222549905979,8.196222549905979,8.196222549905979,8.196222549905979,8.196222549905979,8.196222549905979,8.196222549905979,8.196222549905979,9.236611023116446,13.38329120408365,16.28248880149126,17.439058897488472,16.795096118840057,9.974363154717128,9.685324097323115,9.742575238965584,9.668945433430205,9.529661581984703,9.123735379611135,8.051339699046903,5.729268355278897,9.825542008216857,8.53187384934644,8.498181488328413,8.753882538962918,8.682159629152524,8.748766076001996,8.690736958293845,8.607318757881218,8.653589208746865,8.684242108844657,8.501389578654916,9.910828704709184,14.092964508303172,16.545920388699802,17.3341769405262,17.675938719061868,9.740630341417184,9.754091059482327,9.840485368097603,9.664148132467488,9.288226747376003,9.132942919094507,7.917492070802322,5.182493300921297,10.268768137894282,8.847796256055751,8.196222549905979,8.196222549905979,8.196222549905979,8.196222549905979
8.698521240264691,8.566565164846509,8.566565164846509,8.566565164846509,8.566565164846509,9.753343665693265,13.902426502393048,16.492293471886253,17.671926537705268,18.54330508448588,9.97673991963937,10.539834637810161,9.97673991963937,10.014918908077224,9.871651319274305,9.289074978143562,8.413512353144329,5.959547327633147,10.728737916507765,8.990503547038848,9.022639087041197,9.03769528456678,8.951957274486853,8.888616874609328,8.836274228990467,8.888501919390553,8.922973469857066,8.700271120344864,8.721179915515746,10.31252078609211,14.531202187752829,17.207040348393726,18.14411277365467,16.91643363144461,10.018595832058299,9.91503204739996,10.092033643754664,10.071854996519264,9.744733900112209,9.343710029939558,8.470433890975903,5.54534758139955,9.792541945811692,8.566565164846509,8.566565164846509,8.566565164846509,8.566565164846509,8.566565164846509,8.566565164846509,8.566565164846509,8.566565164846509,8.566565164846509,8.566565164846509,9.87600225927752,13.817719558488115,14.679760158677464,15.306605577550886,15.63720087959172,16.19785468953223,16.443331542921193,13.323054476827487,7.455526602424354,7.653792649878781,7.8388336088515995,7.6075921915949944,5.4857192353162665,9.807866984724606,8.621869756369883,8.616110947762598,8.885692299371634,8.92955278852775,8.733300518009788,8.785822527962889,8.650053176461963,8.649999759265654,8.566565164846509,8.666842575711938,9.970174258357037,13.431106983450379,14.79534839306389,15.01866345612214,15.752186128698678,16.296505222029914,16.720054808055554,17.604522416952978,9.031988451895078,9.28658283040155,8.888381223195195,8.153800407471044,5.577754564471894,10.051994573768011,8.646226594860849,8.566565164846509,8.703139639582325,8.566565164846509,8.583316041275836,8.592038254563045,8.633544925974299,8.767418487333781,8.61337570206058,8.71172238650728,10.087010535500163,13.948886101914301,16.62106769797584,17.525559889024073,17.91244035840935,9.589453297447509,9.657533546664057,9.789466012220382,9.602037861504618,9.26611490839762,8.985667166738038,7.945175294746883,5.0509157080539415,9.792278808744467,8.77896332882826,8.566565164846509,8.566565164846509,8.566565164846509,8.566565164846509,8.566565164846509,8.566565164846509,8.566565164846509,8.566565164846509,8.566565164846509,9.81800655233111,14.057729702139227,16.72961813080157,17.84854294790661,18.48714539040965,10.005947308822812,9.97673991963937,9.97673991963937,9.97673991963937,9.695622116817342,9.299159890224846,8.184860310723998,5.612541192498057,10.447584285418392,9.112848122956299,9.01068820423889,8.871633532562594,8.68085420642133,8.822441655993734,8.835705325164477,8.811165303506833,8.717518537906697,8.634729349398393,8.566565164846509,9.661619733328997,13.797726493319363,16.43667372912537,17.23952246370001,17.55272514892232,9.145484869665248,9.54127394109368,9.60444943430916,9.570051295698518,9.352420727723839,9.037461900294044,8.058077034623317,5.384429006905788,10.409768961552993,8.832119822459768,8.566565164846509,8.566565164846509,8.566565164846509,8.566565164846509
8.705389876845691,8.583643305327353,8.73682327409996,8.670189278753998,8.583643305327353,10.177137908194752,14.307110856037184,16.950379311565182,18.154646967503233,18.674551508148973,10.09090820282162,10.106247510564424,10.09090820282162,10.09090820282162,9.927959305322272,9.403654446744646,8.407692163872262,5.668209024205811,10.271570018148019,9.038375805285842,8.85810821183376,8.870587821137923,8.905473693271055,8.83736112779579,8.819989916430341,8.806698179011427,8.720756706102339,8.583643305327353,8.638658716708736,10.203285396091509,14.559770062516012,17.244553436662414,18.024141693509023,18.419160447645183,9.956367309558647,10.09090820282162,10.09090820282162,10.02974601997157,9.958436679604945,9.46141619713007,8.812648340437782,5.772955816463547,7.892874706258691,8.583643305327353,8.583643305327353,8.583643305327353,8.583643305327353,8.583643305327353,8.583643305327353,8.583643305327353,8.583643305327353,8.583643305327353,8.583643305327353,10.02967071976684,13.667575528577167,14.492885951709418,15.234654690890805,15.623981781742472,16.238682017933307,16.452546130518716,7.925725852101615,7.269324622002625,7.7877587465143066,7.897663678508298,7.772038691515084,5.60687596653495,9.99579621102934,8.71619139880295,8.583643305327353,8.768029092035274,9.002730771549421,8.66565443001807,8.703579025498174,8.605118880952611,8.583643305327353,8.583643305327353,8.717162698990924,9.957550254679905,13.58271092236125,14.943054835988827,15.243886577158772,15.959712326543027,16.56446854190721,16.97639628155718,12.622158666307616,9.209894903212145,9.434176454560623,9.088696088705632,8.273406682360028,5.566048522410279,10.041977445475382,8.791605185491306,8.720245366874376,8.654273659675317,8.583643305327353,8.583643305327353,8.583643305327353,8.608121920508946,8.632195030807654,8.583643305327353,8.665613511602363,10.066155436233272,13.965377690547705,16.70379670597014,17.467733640615627,17.97187438510546,9.721703431004867,9.691817021962267,9.739539784555244,9.20755159557647,9.173476857913126,8.785211293865714,7.723377165779868,5.264953591110545,9.9431902778314,8.583643305327353,8.583643305327353,8.585757492390014,8.781367593357851,8.686953001072677,8.83157292937897,8.583643305327353,8.740920162337792,8.962444533149066,8.720214786138339,10.203534101868549,14.499136375977884,17.10184503930572,18.004882182779554,18.674551508148973,10.09090820282162,10.09090820282162,10.09090820282162,10.09090820282162,9.959746946524426,9.396702714287475,8.281984776174202,5.624835711401813,9.77281087911061,9.027516918604315,8.771561420790633,8.583643305327353,8.583643305327353,8.583643305327353,8.583643305327353,8.583643305327353,8.583643305327353,8.583643305327353,8.583643305327353,9.412684315115218,13.734193791854253,16.402767684280562,17.303216723864175,17.659828930496204,9.457708383100325,9.605962612306376,9.77951593920116,9.586959325666438,9.6373231921154,8.899271311860268,8.141202288677789,5.3282094135041085,9.780805178585387,8.583643305327353,8.598356295140754,8.868390688292758,8.704419920556075,8.603957489631318
8.329030296605003,8.329030296605003,8.335791884877985,8.463712888074992,8.559629035850113,10.143072021371758,14.157082020107143,16.57961510275111,17.49117157444238,17.949498030218855,9.933964813331347,9.808887506060946,9.789932982679565,9.625066631853146,9.421703071076989,8.949585767135185,8.023784864866103,5.25425689571712,9.642361421343566,8.460113202208198,8.329030296605003,8.329030296605003,8.329030296605003,8.329030296605003,8.359539594748234,8.329030296605003,8.329030296605003,8.329030296605003,8.329030296605003,9.683188336322418,13.760549532243946,16.175744606776878,17.309040938578057,17.97661901820823,9.795757695028929,9.74865690630072,9.830162141184392,9.685157442307686,9.463425346599726,8.996222547551165,8.169201256726728,5.364923351389573,8.95741757030472,8.329030296605003,8.381846481120501,8.329030296605003,8.329030296605003,8.392651695871542,8.378743656300829,8.50768802544058,8.554560348842594,8.343307678430483,8.355908387741458,9.939841177338586,13.52121505687681,14.370254342103827,15.088504492723027,15.422073702162066,15.909544637766995,16.061523432797742,15.955216737011497,9.568263466040989,7.511250817705208,7.703895893683374,7.850941098736206,5.469071501416863,9.910152237303501,8.63384950407872,8.358218086598553,8.329030296605003,8.329030296605003,8.329256188211705,8.329030296605003,8.329030296605003,8.413615734177304,8.39840412806506,8.520115402738792,9.604555420069572,13.171679789394574,14.337436473305438,14.588355892559129,15.211946849390975,15.85270153055679,16.273127709399333,17.026786336253778,8.899954195650139,9.029851917844104,8.743044020390453,7.980237613958205,5.2016883314489935,9.590427810477108,8.415477897706834,8.478722322226952,8.329030296605003,8.329030296605003,8.329030296605003,8.329030296605003,8.329030296605003,8.329030296605003,8.329030296605003,8.329030296605003,9.511719546778215,13.65678374819785,16.380293848411068,17.25036084455526,17.663770575677255,9.77561419081857,9.876490523086115,9.860692773310822,9.756730683726103,9.361288889566552,9.009961042698473,7.813452103379352,5.275073402012615,9.917974486129854,8.477566577545044,8.437050288076358,8.598862619094078,8.72302834047682,8.576234195169414,8.701417947515692,8.329030296605003,8.434830397747643,8.513604937600881,8.638142828594663,9.995117700791837,13.950799275640572,16.500436995472565,17.247929263347878,17.83647773813439,9.5067452705676,9.59717114883826,9.625998856742203,9.464045023094675,9.179005912679466,8.664690357780836,7.768909946688129,5.257396158184366,9.653334085013858,8.331780693063743,8.329030296605003,8.329030296605003,8.329030296605003,8.329030296605003,8.329030296605003,8.329030296605003,8.329030296605003,8.399281919416817,8.338479467437718,9.706723487466363,13.990190423475877,16.535266078349668,17.378758154513065,17.76841918915907,9.42602425806995,9.441453310261025,9.691710315110301,9.483915694767207,9.337846449156308,8.969677148191659,7.862862378821701,5.258525559861837,9.639841411028803,8.329030296605003,8.51023242684178,8.641098224369962,8.723701497921551,8.746508753272472
8.45098456302307,8.586341069120362,8.539280900226354,8.632905974324643,8.670663550617629,10.17820445380952,14.263767112567482,16.684210257266134,17.480714136959726,17.83479715352273,9.426055952827086,9.70033844742687,9.605049067156282,9.41763391738682,9.445527618261973,8.933264502959789,7.911046516028516,5.0530815677607945,8.786360002175444,8.45098456302307,8.45098456302307,8.45098456302307,8.45098456302307,8.45098456302307,8.45098456302307,8.45098456302307,8.45098456302307,8.45098456302307,8.45098456302307,9.840035284013021,14.156440618622312,16.688293417265218,17.61741061491106,18.162710180709183,10.00027944866264,9.931002793154422,10.063215896513528,9.853093637926916,9.89288905365609,9.391137180500916,8.4679742458923,5.680332605346838,9.365444231755436,8.916422627628629,9.055872264111526,8.744368532360648,8.492595443985023,8.687078728396271,8.593827358813247,8.646336362439921,8.604601776543142,8.45098456302307,8.45098456302307,9.891106452464877,13.54795151773255,14.446254412671479,15.274497787747913,15.637084526628522,16.076401880354183,16.196984733849867,15.37193703723431,7.158441852420012,7.641961277727513,7.891314614337229,7.852497957320719,5.606808660484985,9.935008857513008,8.514037703597037,8.45098456302307,8.45098456302307,8.45098456302307,8.45098456302307,8.45098456302307,8.510306910746142,8.510996615470997,8.45098456302307,8.527742536312772,9.698380767767645,13.222139559901962,14.710223780985654,14.978138388701668,15.564973363890292,16.101982303572562,16.566120037397027,15.342904524989674,9.095093363713575,9.24013997166283,8.97295009098043,8.046504882930972,5.252652671972292,9.776664913116841,8.45098456302307,8.45098456302307,8.45098456302307,8.605302256314658,8.616347696527185,8.536369399378211,8.45098456302307,8.45098456302307,8.45098456302307,8.45098456302307,9.61916033098201,13.86653566675351,16.4794342783269,17.56097682134878,18.051273297805817,9.931002793154422,9.965785640942263,10.066990287829228,9.931002793154422,9.607753444925619,9.080221343424359,8.137012263548966,5.370609706715306,9.863910197700035,8.45098456302307,8.45098456302307,8.591335085896386,8.52420997194903,8.45098456302307,8.714131143224932,8.457686207343924,8.572806796606729,8.45098456302307,8.463208945948121,9.849619285686718,13.925734975467385,16.467626381014384,17.32724462019511,17.85594576767861,9.645809208976399,9.604571376504024,9.665154485215064,9.670957836102355,9.202041530407103,8.777416944679482,7.831716342178964,5.286207628607262,9.804936711766626,8.45098456302307,8.45098456302307,8.45098456302307,8.45098456302307,8.45098456302307,8.47937806883079,8.476035482875556,8.604447577763821,8.67897611528342,8.552201439030807,9.998800093407645,14.30575831105617,16.88604077315007,17.733488259541417,18.187328119416325,9.751218967386947,9.736510744533666,9.864627129603255,9.474535338725161,9.243954721832736,9.068089258040438,8.164412787160805,5.288291235913261,9.705127778272074,8.45098456302307,8.45688441901139,8.691205673005559,8.753964224728746,8.775219978919393
8.506548557641668,8.774655536520536,8.75363163648887,8.506548557641668,8.506548557641668,9.87399636202412,14.092379315626408,16.52853670785014,17.34577871207886,17.883529437043165,9.481057396284294,9.984625115780567,9.831832083072005,9.730867621299831,9.655489675577787,8.842150392053249,8.126733302955142,5.414021608677459,9.717331940306728,8.506548557641668,8.506548557641668,8.506548557641668,8.506548557641668,8.506548557641668,8.506548557641668,8.506548557641668,8.506548557641668,8.506548557641668,8.683765112608818,10.012205495228168,14.37474064763122,17.18654413279968,18.05969524126339,18.462361554514487,10.024161060191254,10.022920294556847,10.062480706508714,10.000310437615601,10.15677017433193,9.611271361280618,8.84264256845182,6.004203382702001,10.361700430565485,8.96662799601607,8.852741777451682,8.671546898729408,8.609589905287907,8.564411972581606,8.506548557641668,8.506548557641668,8.506548557641668,8.506548557641668,8.506548557641668,9.720040831985928,13.569420538493008,14.466081640765017,15.260409716136717,15.60080989244744,16.06628356961467,16.24222882980292,13.22083585101171,7.198678800840697,7.787459611002879,7.989304413561586,7.55965156287982,5.274677104573408,9.79541354310747,8.506548557641668,8.506548557641668,8.506548557641668,8.506548557641668,8.506548557641668,8.506548557641668,8.506548557641668,8.506548557641668,8.506548557641668,8.51676302467924,9.916134875722221,13.25709114696528,14.891654730093713,15.100202954922002,15.609751462781556,16.174924751894345,16.65114965258777,14.870801883633934,9.105246193348066,9.352306770743358,9.236160382431954,8.286131949107384,5.583665254016747,10.156376321058659,8.552653986039187,8.521394747383143,8.87134835470047,8.994444745367645,9.029680417135296,8.97637973038115,8.941433597163583,8.850053412759241,8.588953130815067,8.64688172173202,9.950887399592803,14.106364787578237,16.660051882635102,17.83165986498298,18.354365314512087,10.000310437615601,9.972758527372692,10.000310437615601,9.69635903701056,9.306186245138244,8.76168210427596,7.844059736388513,5.1353206953543875,9.507050433108242,8.506548557641668,8.506548557641668,8.506548557641668,8.506548557641668,8.506548557641668,8.506548557641668,8.506548557641668,8.506548557641668,8.506548557641668,8.506548557641668,9.679296439700746,13.921340266052123,16.65364597260372,17.70047073772637,18.18711723802793,10.000310437615601,9.874065669129836,10.025114328768964,9.75056279941995,9.435839332045868,9.113979140949235,8.283479857935667,5.68189020127285,6.790682248933303,8.694744181962639,8.68971374768742,8.873822769329461,8.853123557052974,8.971298574703985,8.913936822928667,8.89205676872964,8.844203333294924,8.80294384775669,8.591532862670137,9.964352804874641,14.18977930898994,16.799624067366487,17.621047467228415,18.022771401791545,9.778633333617343,9.821104702143861,9.792631871551228,9.504849647452206,9.342567069439479,8.960677196130122,8.492620813605201,5.589255336104428,10.290485570511581,8.804071975185103,8.506548557641668,8.506548557641668,8.506548557641668,8.506548557641668
8.604754680908853,8.488357695363442,8.512591393097166,8.488357695363442,8.488357695363442,9.774100812517334,13.806124471172915,16.337390822846203,17.353415610132416,18.018953463360496,9.767136975827942,9.624076083116359,9.634130412528902,9.68036272051062,9.428893475971728,8.737500537059695,7.931415236560013,5.416682326482014,10.18790121368513,8.65369001394643,8.825765681568114,8.897375591179072,8.827752733415522,8.799308740348327,8.653863988092356,8.701412547309358,8.783658237710618,8.759110189937804,8.808848295793801,10.141912093819206,14.228247523002889,16.85712668973485,17.818888035632312,18.1124337784798,9.855569560677107,9.670202209479601,9.835260953946928,9.590783535214939,9.575574212128126,9.165123936991126,8.226655510892908,5.541079523435327,10.007108930454853,8.488357695363442,8.488357695363442,8.488357695363442,8.488357695363442,8.488357695363442,8.488357695363442,8.488357695363442,8.488357695363442,8.488357695363442,8.488357695363442,9.751786087258253,13.550573749630825,14.328176694912642,14.927456301958495,15.239890277107975,15.740286457300918,15.96633489235193,15.838387439690019,13.84888745872449,7.450770283986115,7.525811285334424,7.376500077043427,5.215129530743983,9.886633851104323,8.488357695363442,8.488357695363442,8.692629174388099,8.784043974513503,8.632336601160233,8.598911533795544,8.530784799908224,8.540705485113255,8.488357695363442,8.53751383484537,9.760064280848624,13.165957838595634,14.723794153711179,14.776688317288258,15.362078961461823,15.898426284936287,16.34338879888258,17.15191952515149,8.669115235106348,8.978677201982732,8.660414842743716,7.87249728316293,5.388909891965231,9.99663226295865,8.623896175110243,8.490690750505806,8.689417240581202,8.687331056634159,8.65644403991371,8.58528088802194,8.648303788729615,8.747063112232478,8.506328037024083,8.500211922593564,9.7703156513777,13.738471707035027,16.30438990821379,17.17789392787978,17.721955557182206,9.46315851522731,9.416671002908856,9.455753578298351,9.046849478245557,8.796258444998273,8.472381064320045,7.654325745673268,5.025946047044942,9.549172050331277,8.488357695363442,8.488357695363442,8.488357695363442,8.488357695363442,8.488357695363442,8.488357695363442,8.488357695363442,8.488357695363442,8.488357695363442,8.488357695363442,9.84527242559374,13.829687866510149,16.31024217978256,17.3130623562825,18.0516153569679,9.624076083116359,9.624076083116359,9.62514097606927,9.602401683101215,9.538794379564997,8.948212142796585,7.934545588054895,5.54140133527125,10.334784940968575,9.016378316845799,8.851798021899663,8.695061639486797,8.601082553666913,8.800543607222734,8.76384786176715,8.776177672108181,8.650641890108155,8.655386284276988,8.515947884092391,9.73327000367026,13.63771190493202,16.047823844515577,16.847445947233908,17.183358992694103,8.835881552630074,9.188402439521813,9.191060761873736,8.96377583652435,8.873337829278254,8.315366362133522,7.78626135214867,5.263276464221896,9.535842959743942,8.488357695363442,8.488357695363442,8.488357695363442,8.488357695363442,8.488357695363442
8.707843339505978,8.579936200185957,8.579936200185957,8.579936200185957,8.579936200185957,10.088180900455594,14.110863985927427,16.697949796038912,17.9557611545061,18.426214340080957,9.914786070870958,9.846278139895,9.846278139895,9.976880154702162,9.759379999861528,9.158775916904649,8.26381997263587,5.415413186213092,10.24461069871545,8.93106139798071,8.796053375991692,8.883951511188952,8.845196632133455,8.814692002036121,8.798945209782348,8.827110208828802,8.804669932210862,8.73629245455573,8.855822587162894,10.273431980695255,14.395589541526984,16.92712150751771,17.822529116591916,18.27277647599881,9.771436783000516,9.846278139895,9.846278139895,9.716590293918673,9.469133627312244,8.94016283386664,8.219542272474722,5.388943548064216,9.841083553523607,8.579936200185957,8.579936200185957,8.579936200185957,8.579936200185957,8.579936200185957,8.579936200185957,8.579936200185957,8.579936200185957,8.579936200185957,8.579936200185957,10.173125744112653,13.924914513833809,14.452689237869023,15.150936131499916,15.52301877035126,16.087222552503125,16.291695254592195,16.077872904918767,7.095494306780506,7.492718132997192,7.802892483458526,7.724346892051876,5.7256483139054835,10.242881445272019,9.110282576158195,8.902857847997357,9.036854008763514,9.123446455639904,8.854043210165448,8.830162610389454,8.788035202940037,8.909558338288212,8.76998762401424,8.771710531775385,9.909771859570043,13.475267536667754,14.723297887876079,14.905607505954368,15.619400367500775,16.0942821790672,16.49809528344462,17.3893348429837,8.798337641729235,9.004596102968538,8.694358832353274,8.053919391000159,5.437371866837518,9.825272900964281,8.579936200185957,8.579936200185957,8.579936200185957,8.579936200185957,8.579936200185957,8.579936200185957,8.579936200185957,8.579936200185957,8.579936200185957,8.579936200185957,10.011296760593604,13.906515703227466,16.661027168553208,17.4018184506522,17.840074011107916,9.594252736336301,9.466905690130936,9.622588511027809,9.341316180359918,9.326909158852578,8.782787565626343,7.867312048103226,5.251918258275517,10.149313369591301,8.6128157614844,8.677936918345,8.760492154118147,8.80940377451633,8.693277311830606,8.764731106565758,8.579936200185957,8.648905747421534,8.858118220260577,8.674470149233079,10.115920848829587,14.140588482246091,16.823214297978875,17.67493426872657,18.342290527707867,9.953364880796673,9.936417662163336,9.804043626131847,9.741880392591302,9.463525951543708,8.964838062303233,8.048335262518043,5.4683544148798005,10.323486575850016,9.039120664468099,8.83616327829682,8.579936200185957,8.579936200185957,8.579936200185957,8.579936200185957,8.642503284116676,8.579936200185957,8.579936200185957,8.579936200185957,9.856434969422663,14.018039492161805,16.479489302817736,17.225331307853832,17.575762038580784,9.076876267140209,9.142658910943839,9.337003985874853,9.263978642468919,9.017474729241007,8.597648627711074,7.637314590961811,4.926348738056147,9.60431228228272,8.579936200185957,8.579936200185957,8.613777668799377,8.620037904456455,8.697036651742167
8.3231965014158,8.3231965014158,8.353086201830793,8.493876538224441,8.494402968068972,10.135694705311755,14.391969758804253,16.95860530961744,17.990310128347154,18.51378652223634,10.267209195132564,10.290364854815506,10.558985762959948,10.090914550099342,9.888250984816166,9.448395773564027,8.369318960819989,5.458929422470383,8.795363808922826,8.371330364596457,8.3231965014158,8.3231965014158,8.3231965014158,8.3231965014158,8.359180875551537,8.3231965014158,8.3231965014158,8.3231965014158,8.3231965014158,9.806368934860977,14.270652721714875,16.857811082036037,17.81307671562136,18.33579132441166,10.095680920472518,10.340127521276546,10.406931484551686,10.231861603227108,10.105540499613024,9.535814973227168,8.682054410453361,5.764725856196939,6.026752441398416,8.348196638440387,8.455101458183673,8.345792364433976,8.3231965014158,8.405336443552372,8.353412510706844,8.507047807184422,8.49781932812939,8.376865060909028,8.3231965014158,10.003011307062872,13.686416912623375,14.516636319585295,15.34602708591227,15.775529130251108,16.30406814427415,16.484386725315098,8.020399211858392,7.581084092126488,8.090796562304229,8.27514975075783,8.153800302888342,5.789855641092131,9.909052904704609,8.657560434527955,8.387318057183803,8.397173939410182,8.409294969809128,8.375256272903535,8.423924812658763,8.379751550594891,8.499603937761096,8.434054135560986,8.5248293288739,9.70565996342188,13.384391814994016,14.55458756998296,14.975748619507126,15.676777369963832,16.2815550025231,16.733792222595113,11.005477583805051,9.47047656040331,9.468937159176688,9.076086154071719,8.180115411729416,5.498304812711681,9.1841997741659,8.3231965014158,8.3231965014158,8.3231965014158,8.3231965014158,8.3231965014158,8.3231965014158,8.3231965014158,8.3231965014158,8.3231965014158,8.3231965014158,9.55069757113652,13.823401452583994,16.778473801406736,17.61884604954575,18.087286843484517,10.460478250566883,10.388479613157276,10.290364854815506,10.08753435873059,9.870201118150275,9.410591388506061,8.463866789130794,5.6424341243709355,10.026277800301614,8.432788988460924,8.452171008299432,8.647772692046608,8.68269205921806,8.719643083327465,8.937894859171193,8.552365069440205,8.68370995775524,8.74007128305162,8.429911622408994,9.820574049550228,13.996392298861291,16.832055140109592,17.693689902127964,18.273906405460178,10.034082696997542,10.297769843858022,10.103549201283418,9.89843439503197,9.770476381027178,9.209117400365772,8.111592003096765,5.309783363898492,8.49095247065647,8.407061663310664,8.3231965014158,8.3231965014158,8.3231965014158,8.3231965014158,8.3231965014158,8.3231965014158,8.3231965014158,8.3231965014158,8.3231965014158,9.67421792748636,14.127397255143093,16.893962139788577,17.796232800656988,18.176775125230286,9.860662243868505,9.953588536526278,10.089476849397409,9.912201837753493,9.58708019003213,9.225550598546944,8.30999163319586,5.3541421654356816,9.641002533123167,8.3231965014158,8.492578413787859,8.629725645775435,8.644706422687458,8.695188792620469
8.786118579100297,8.98676418179269,8.95091648951528,8.97901645360604,8.953410539737229,10.576543009100815,14.808057131647772,17.187963806818217,17.904831563589003,18.186970590587762,9.768285488891827,9.674465631704185,9.754023330029511,9.580111134929046,9.450271607005556,8.92019328359322,7.911859918769825,5.324253407002378,9.569372931927312,8.786118579100297,8.786118579100297,8.786118579100297,8.786118579100297,8.786118579100297,8.786118579100297,8.786118579100297,8.786118579100297,8.786118579100297,8.786118579100297,10.08774888162039,14.447489508134307,17.0411410798005,18.071319330885466,18.523179651595985,9.854333779701667,9.837894592187775,9.874274767113919,9.84348864244081,9.781137929154152,9.3261332354422,8.681652903292356,5.642361689276962,8.483282151881541,9.300002386964048,9.455374155910334,9.32427575725456,9.130928328798584,9.282268771967205,9.126272391917283,9.17975442783633,9.160495448350503,8.931770225744117,8.786118579100297,10.333397187026597,14.00299976202066,15.01896880234952,15.88357776588328,16.271287512995833,16.657673093544055,16.81041418092681,14.107643381383873,7.493020744263954,7.859432975238926,8.096965001241482,7.86556435110189,5.455377163886835,10.270633157854574,8.786118579100297,8.786118579100297,8.786118579100297,8.786118579100297,8.786118579100297,8.786118579100297,8.786118579100297,8.786118579100297,8.786118579100297,8.826317793555166,10.12562719574014,13.582806049012088,14.909249066891348,15.279494534964934,15.828431284605024,16.492516673109613,16.951254523258477,14.237019397066366,9.243016502898769,9.32572754862312,9.097544418812394,8.005978064079573,5.280116867896426,9.544069578458737,8.786118579100297,8.846737340075379,8.786118579100297,8.910491694041543,9.015080433652452,9.025083747643478,8.786118579100297,8.829910934187263,8.786118579100297,8.786118579100297,9.998732786582872,14.190014205317798,16.98317992183059,18.07417170413995,18.4945889039139,10.112176410600814,10.055532329460698,10.20954203493155,10.038783764040627,9.689851026416251,9.197637236800334,8.22815085917566,5.403417538063457,10.12929019468511,9.052528303885072,8.789728847734157,8.840513185977969,8.786118579100297,8.837741011412962,9.04108565808641,8.842478582108349,8.86381834267749,8.786118579100297,8.818053266247599,10.189264678207369,14.258636908630375,16.97369056008464,17.95531503988043,18.387792147970764,9.772152653185453,9.579001778937055,9.678781588969683,9.58464489455759,9.309722665088179,8.992401225796375,7.977355536601932,5.293836023335679,9.995214515513073,8.786118579100297,8.786118579100297,8.786118579100297,8.786118579100297,8.786118579100297,8.786118579100297,8.786118579100297,8.851581956107117,9.0088965144653,8.853419958049704,10.206732846574248,14.508403563526265,17.27996376431154,18.206892924866807,18.687710788748394,10.134801863837776,10.01164941909736,10.038783764040627,9.89219081706377,9.620977266536627,9.548201293668583,8.490396847249082,5.668698486920357,10.816206237209345,9.305623064154322,9.006213925333101,8.815998509068713,8.854719255353835,8.929085691947963
8.671302407024804,8.959561385675158,8.790577382127697,8.725714421629755,8.671302407024804,10.099618859314818,14.124650298272234,16.471518835396594,17.268159169857974,17.737991887941927,9.231830240111051,9.338923235694931,9.459984281890824,9.33142758024226,9.200398260822238,8.531676679751213,7.777176485152769,5.301886333084744,10.031261864369716,8.671302407024804,8.671302407024804,8.671302407024804,8.671302407024804,8.671302407024804,8.671302407024804,8.671302407024804,8.671302407024804,8.671302407024804,8.671302407024804,9.977999827898138,14.193726846527202,16.738455174354563,17.60399095857266,17.924570039493016,9.35524032428557,9.548669529390729,9.43788025051039,9.409792545184136,9.604245293905981,9.01033823437086,8.247916445274926,5.575821118054294,10.253056839924588,9.096730221813225,9.142739491226795,8.944269810042766,8.974841037566021,9.027583697212432,8.859117068369358,8.922643025958171,8.836864821753224,8.754618127247275,8.671302407024804,10.109492429168238,13.678103544008696,14.52852728498928,15.35349643610753,15.699957795482003,16.116731501039745,16.233671015600734,16.065133805326443,9.269712532843657,7.547276029425596,7.53917376349677,7.389435305310259,5.119186422958417,9.97269458156147,8.671302407024804,8.671302407024804,8.671302407024804,8.671302407024804,8.671302407024804,8.671302407024804,8.671302407024804,8.671302407024804,8.671302407024804,8.671302407024804,9.910644996733833,13.174773013923986,14.598748512431293,14.956589463604526,15.484354907887692,15.998540242770733,16.43514594236311,17.289072629452903,8.770900962032192,8.914773128929518,8.794142022915096,7.798538704548393,5.156884524185061,10.127784943594726,8.70411492422681,8.736335049483394,8.903768277012354,8.982840159657398,9.02398813744512,9.045394706040588,8.892464552243666,8.787287879890222,8.671302407024804,8.775279212844204,9.972094336853438,13.780596751635484,16.349416305159117,17.407299765726286,17.934231473526943,9.554492523253403,9.470073287447118,9.57197208092656,9.375961295539593,8.971836010252622,8.551713690953676,7.699857128200395,4.992516565815423,9.687159270223024,8.671302407024804,8.671302407024804,8.671302407024804,8.671302407024804,8.671302407024804,8.671302407024804,8.671302407024804,8.681537933620227,8.671302407024804,8.671302407024804,9.892799533631639,13.892913129061935,16.472572965334514,17.442042202783398,17.911212032024707,9.554492523253403,9.452307980362622,9.49934916952093,9.362470596404329,9.186143916588136,8.702158705659212,7.682757536985636,5.430653629753053,10.241259240900309,8.785435250795521,8.775524423698972,8.83726483658667,8.817864001486496,8.847866822471271,8.927807554348137,8.82767433991654,8.843453863527017,8.833799441364972,8.671302407024804,9.920796336375053,13.969044545858743,16.507944691198436,17.35818448622011,17.76434627537418,9.134789350164242,9.497743481395942,9.336247761654766,9.109844359877542,8.962567525790362,8.945816445020098,8.066659587142702,5.519632096485578,10.617468164207633,9.051633527949303,8.739634104061567,8.671302407024804,8.671302407024804,8.671302407024804
8.426818518400982,8.419692323259692,8.353239720967862,8.320248096541805,8.320248096541805,9.509774130200471,13.65728825915876,16.127606630931155,17.13939259194816,17.89639770603329,9.886713076473233,9.869340755693763,9.870236754802171,9.958496485034715,9.51061239363367,8.8418539252052,8.172510234067076,5.689033088783351,10.186090494636593,8.36499719515134,8.441097667685169,8.500567788415617,8.525857591221309,8.51339765877426,8.349996375541282,8.437725095860587,8.554936270099175,8.424087436417384,8.563404064693382,9.830095282236119,14.155693793408098,17.020645941890155,17.84982516669062,18.02786189563591,9.963572109127483,9.858655486752994,9.870236754802171,9.76650559078743,9.799935823096016,9.437109512902419,8.457117007973192,5.714412866548754,9.225133543932255,8.354238362127775,8.320248096541805,8.320248096541805,8.404849322927918,8.320248096541805,8.320248096541805,8.320248096541805,8.320248096541805,8.320248096541805,8.320248096541805,9.675724872485498,13.448724022836405,14.170293342898738,14.963757913809445,15.326158666782698,15.850214602297026,16.031972992673555,15.826985693041363,7.238840617659785,7.612322531486454,7.82184377104853,7.632866935890875,5.380066805918779,8.235462778336682,8.320248096541805,8.320248096541805,8.368848629926859,8.418208949817846,8.320248096541805,8.345281188506425,8.320248096541805,8.320248096541805,8.320248096541805,8.320248096541805,9.716847731105275,13.068913942472477,14.450304536359285,14.815773924493046,15.32873547314831,15.958911707529143,16.38777347381672,17.251368948020897,9.025250114065985,9.22830840079589,9.023145776659025,8.099453067106355,5.450702032442543,9.844135494134957,8.320248096541805,8.322368846237133,8.516773742085824,8.553211173982563,8.532422159869592,8.606929276799182,8.697604952820301,8.706530601193968,8.444538410157605,8.540620011199913,9.854911162992062,13.685746673387918,16.32197960626007,17.401963865796333,17.8492992158023,9.852717041601103,9.686671658409933,9.830821618711566,9.644386431678111,9.304639112171651,8.69624965774928,7.698844394175428,5.056939545739153,9.396150132957025,8.369502023892569,8.320248096541805,8.320248096541805,8.320248096541805,8.320248096541805,8.320248096541805,8.320248096541805,8.320248096541805,8.320248096541805,8.320248096541805,9.485093414116333,13.696188622288197,16.48431605404575,17.540061861010514,18.122388330793033,10.072578158644365,9.973906144656608,9.870236754802171,9.827557075669835,9.547066996277415,9.18161702243819,8.177187586079585,5.720300692600588,10.220005649332105,8.740631184463993,8.749580769780355,8.780387320871872,8.602037536427204,8.635482115097217,8.564160284558085,8.48339931961652,8.420979696896575,8.377643824720556,8.320248096541805,9.381603458003397,13.498148110227955,16.158327692941622,17.001091040797334,17.349645871895092,9.292535440298689,9.630661549255164,9.566365981669541,9.368976084304562,9.270567436879958,8.945647450287236,8.432073279362205,5.52627893950918,10.238244202424227,9.065256647383933,8.339844583935987,8.320248096541805,8.320248096541805,8.320248096541805
8.651099669550641,8.441002940085106,8.441002940085106,8.441002940085106,8.441002940085106,9.585941024242851,13.626034653426949,16.171545307427817,17.35013364965742,18.098969596169713,9.657966656084607,9.657966656084607,9.657966656084607,9.657966656084607,9.666801734684421,9.02915866821939,8.20396603274091,5.736190733839344,10.624122302692832,9.026869057854405,8.991243747427374,8.957584098907123,8.918616040702204,8.892107560433475,8.715054631575565,8.796711182476079,8.906929681641413,8.732730099893548,8.76925556215361,10.031479663182157,14.206628879922011,16.885540027964787,17.816903840569083,18.085313221775873,9.595742450841644,9.657966656084607,9.679444872523373,9.517659972960255,9.403129027299903,8.925116202998208,8.166268376516067,5.415101236728605,9.74715300422058,8.441002940085106,8.441002940085106,8.441002940085106,8.441002940085106,8.441002940085106,8.441002940085106,8.441002940085106,8.441002940085106,8.441002940085106,8.441002940085106,9.850754907097109,13.650481192708792,14.2728049888118,14.87901664636112,15.209258208574383,15.776969171614816,15.985607809099807,15.762178747667555,7.811308285274513,7.4852627626353705,7.537798625840015,7.589179530395111,5.307466939283696,9.992273641660411,8.49210371396617,8.5175573473571,8.782204666683196,8.863001523831988,8.590328132494756,8.609388646977745,8.51692946455946,8.506215097859803,8.441002940085106,8.510592566913683,9.797932231698878,13.197286496007077,14.504858583446786,14.709317931714592,15.359096088884538,15.877913397701617,16.247659604891364,17.154726549728487,8.73681338392534,8.929797467449191,8.639362195880432,7.88849675775062,5.477944394880976,9.851229250666663,8.537233790704853,8.45225670889191,8.547100921287875,8.441002940085106,8.441002940085106,8.441002940085106,8.574894606747282,8.68576906111394,8.52736691197294,8.604425453202502,9.933939024904808,13.723956666236859,16.314135632470155,17.13276283061107,17.608650895064194,9.48571957168443,9.524808980882376,9.41273777560144,8.991902511140092,8.849998372426526,8.415482392925169,7.632429891801937,4.868296278348083,9.593132668565048,8.458462140260144,8.441002940085106,8.441002940085106,8.441002940085106,8.441002940085106,8.441002940085106,8.441002940085106,8.441002940085106,8.441002940085106,8.441002940085106,9.808219270033739,13.882608471781765,16.420961373423616,17.403128879042267,18.098969596169713,9.783236678358492,9.811036791701019,9.657966656084607,9.679834554394827,9.595055461303415,9.069864634291632,8.015889958732204,5.6343269197512695,10.363194338495525,9.113142453290758,9.009865510298953,8.710856399557306,8.528288615064932,8.603392126102277,8.592156940309252,8.650549123032034,8.508339862205716,8.489807506476911,8.441002940085106,9.511070871244959,13.437315567564855,15.942918039159316,16.733898605902915,17.061017214396728,8.807570552946299,9.125566081652005,9.266914167618461,9.004518668507009,8.98731131437057,8.419242601901292,7.635798571580747,5.143924710963511,9.812618011683327,8.441002940085106,8.441002940085106,8.441002940085106,8.441002940085106,8.441002940085106
8.528174115115183,8.386094298446512,8.386094298446512,8.386094298446512,8.386094298446512,9.891557340930504,14.028781759825321,16.702447458386157,17.92033267168202,18.478874889830657,10.122977973831347,10.092780591384146,10.092780591384146,10.092780591384146,9.943131192731004,9.400851996439354,8.406779748437671,5.709533822795996,10.147478969853937,8.876346743895516,8.662389502067352,8.742526893559123,8.668441719869032,8.629050408776571,8.596587192218951,8.63410352063803,8.648776030357286,8.491672101244792,8.601645586674948,9.995047917310528,14.330625226157839,16.88123602448433,17.8618522070537,18.267649914932186,10.083312933930573,10.051092536022534,10.092780591384146,10.132357507075499,9.733470316997591,9.366528269655863,8.330667675182937,5.5665742866186925,6.957534739316176,8.386094298446512,8.386094298446512,8.386094298446512,8.386094298446512,8.386094298446512,8.386094298446512,8.386094298446512,8.386094298446512,8.386094298446512,8.386094298446512,9.961420236444232,13.85467586599669,14.497806371721477,15.193913517743383,15.589503072263462,16.212164332530456,16.387676712454436,11.219809546874927,7.3313063656969515,7.765239209671826,7.941934029650527,7.919314220188579,5.685057103030426,10.01495531090194,8.846110488721223,8.609685827153367,8.830854280504662,8.93554082876789,8.66205996968437,8.650737546065004,8.518666948892188,8.529975573848246,8.414680130563275,8.431721392800954,9.615213052418799,13.304134616653922,14.76609088731447,14.846770130131175,15.509471727447051,16.04812341682897,16.476094035101966,12.747395582460356,9.061830326761,9.245475588535689,8.943060624431324,8.158792643899975,5.583682331237489,9.749018577712356,8.456592891235076,8.386094298446512,8.386094298446512,8.386094298446512,8.386094298446512,8.386094298446512,8.386094298446512,8.386094298446512,8.386094298446512,8.386094298446512,9.812780283329152,13.846415016098774,16.623791919258395,17.320752702478465,17.894940724890503,9.801295410343455,9.756100755594135,9.941922060843387,9.621492675557715,9.35388871585528,8.934618699976225,8.140938837001782,5.531880191266403,9.901452072879303,8.481717474825562,8.478512425084547,8.45843020017376,8.637973820104452,8.390447377235446,8.44845677448572,8.386094298446512,8.416785876611218,8.59941356828831,8.451055848595887,9.946198694079357,14.040454150632868,16.68999301799608,17.57101277992397,18.329979266659752,10.232587781172375,10.165156671136343,10.100389199180386,10.098908438852085,9.850628936382165,9.279363194696622,8.288208373618588,5.57176880121389,10.195241631664974,8.791450110712335,8.568959504785576,8.386094298446512,8.386094298446512,8.386094298446512,8.386094298446512,8.393077827325259,8.386094298446512,8.386094298446512,8.386094298446512,9.623840112073147,13.852963778987553,16.41116406772419,17.212449062100426,17.550970653853554,9.26243764240414,9.51623077923287,9.627830457812967,9.438182832473077,9.378802883283022,8.772249507102966,7.983432794079725,5.154382920966905,9.536142951815222,8.386094298446512,8.386094298446512,8.504586164958022,8.475672391346396,8.563396819943732
8.60156992134349,8.60156992134349,8.60156992134349,8.727577149195826,8.768465671312304,10.301234671291505,14.29195808814675,16.766862381899607,17.7682023512283,18.22068866388047,9.750267078076405,9.665491418477224,9.665491418477224,9.621971845236974,10.139770998908078,8.893773768019525,7.924423790838578,5.064243260243898,9.340919150249244,8.859061293512886,8.60156992134349,8.724504206153336,8.60156992134349,8.602661639598207,8.683391604958906,8.619260572074081,8.60156992134349,8.60156992134349,8.60156992134349,9.963800475322197,14.171627524268064,16.52694846645504,17.521374561484613,17.99623979648902,9.518460544768782,9.781010586774492,9.729056945376218,9.537851770086172,9.295393184799158,8.880533073659336,7.966890596315384,5.28478726637383,9.512187913327136,8.60156992134349,8.60156992134349,8.60156992134349,8.60156992134349,8.60156992134349,8.60156992134349,8.635893312648498,8.66366623689562,8.60156992134349,8.60156992134349,10.155626352712893,13.695653281012193,14.549816621262252,15.201047006415605,15.657587392348574,16.183944600603613,16.36040192806177,16.120945563813727,7.140937545441618,7.544096899393282,7.742365598520632,7.8239367743280255,5.545666910798772,10.22792764157233,9.135921998888731,8.82572698994046,8.85493718708114,8.926581280531302,8.940369925786644,8.960287137874728,8.763195343641177,8.770244747390247,8.691452303610658,8.780438711630254,9.844989972883244,13.344049848319429,14.669672471998494,14.859999603952215,15.493342406144704,16.058214174729628,16.432615360423366,17.337585681294975,8.83284318127651,8.773012275220271,8.507880739462351,7.659480422308171,5.046344731227567,9.702318509792368,8.60156992134349,8.60156992134349,8.60156992134349,8.60156992134349,8.60156992134349,8.60156992134349,8.60156992134349,8.60156992134349,8.60156992134349,8.60156992134349,9.727941065239568,13.620256850941857,16.422381950776234,17.082771879924394,17.625627098203914,9.468687678334962,9.357975240564416,9.520952788766614,9.361430737443518,9.204133615921537,8.778566534208505,7.924768196369253,5.486852846260835,10.303238663604603,9.039644275693528,8.967346515496708,9.090019787293086,9.167346431822388,9.18479152769227,9.325834621005088,8.963595367099659,9.026775747219284,9.017418562111093,8.773409687708142,10.079154472692728,13.939868420147889,16.613703445453083,17.43209795697143,17.949660297711233,9.485335947673052,9.428128341811844,9.447727134328229,9.469087326781263,9.107346856229555,8.57862415668756,7.5470955424836,4.982354090955907,9.927304454037023,8.60156992134349,8.60156992134349,8.60156992134349,8.60156992134349,8.60156992134349,8.60156992134349,8.60156992134349,8.60156992134349,8.60156992134349,8.60156992134349,9.900725270952654,14.066473954351212,16.623142978024624,17.40854550225128,17.791591767332783,9.17313553904975,9.326353696575303,9.445106808979439,9.284310591690906,8.928581321039092,8.49890518692334,7.663501712596438,4.91057554034317,9.653776858558242,8.60156992134349,8.784845597162741,8.90432658150593,9.051245834253997,9.178210139828021
8.596719848045618,8.680807304130301,8.722364040573162,8.93465569006471,8.907798145187252,10.452505558261535,14.462960108689373,16.886653936687594,17.714600292471047,18.037848638424162,9.524312652177723,9.605836544754027,9.741301270564543,9.485961617396162,9.208366587237666,8.691449724353301,7.723198255749637,4.886056359790754,9.586572796127104,8.596719848045618,8.596719848045618,8.596719848045618,8.596719848045618,8.596719848045618,8.596719848045618,8.596719848045618,8.596719848045618,8.596719848045618,8.596719848045618,9.851881709905626,14.108361202827739,16.572073359267655,17.412343676635007,17.893298886994504,9.37888886908649,9.764784557039846,9.531172476430696,9.585628272778782,9.385882849714394,8.947822556848786,8.067482666759187,5.424237037067692,9.943769524246546,8.904813057886553,9.09808309313555,8.903712025577695,8.731744649796234,8.90425656803088,8.77684403398349,8.856275475761295,8.769153901243714,8.6836421042634,8.596719848045618,10.17560852773672,13.606124645799273,14.499512826741721,15.346101736634854,15.712835172975872,16.21186752302366,16.291460830513493,16.15606883506365,10.338749463876526,7.76181976602842,7.872630823774431,7.844556736123722,5.397309607082905,10.051019287250304,8.792738217700817,8.596719848045618,8.596719848045618,8.596719848045618,8.596719848045618,8.596719848045618,8.596719848045618,8.596719848045618,8.596719848045618,8.642367472263185,9.798388150902877,13.225497675865487,14.51930636193934,14.837253515858116,15.42221791816668,16.02118697930561,16.41224475133499,17.305081336538443,8.878061193536562,8.919386039703344,8.740233124337811,7.824465590799873,5.075387278861415,9.856891989886599,8.596719848045618,8.70386427951491,8.596719848045618,8.596719848045618,8.596719848045618,8.600393197494347,8.596719848045618,8.596719848045618,8.596719848045618,8.596719848045618,9.760038932166683,13.7527437449178,16.429805417768712,17.25472202743674,17.88035078158903,9.659959141695033,9.550914191569326,9.709387389386086,9.51591901337131,9.146045798041564,8.658233066542829,8.063628455050775,5.248501398361407,10.094244269731016,8.596719848045618,8.706265743401271,8.873468021852378,8.9022894210139,8.94765068542634,9.13482373087403,8.865196694763528,8.965998908798205,8.901712958843827,8.78451709129411,10.08781901425049,14.019395949780943,16.591304934714486,17.388437356089145,17.851477220500072,9.66453601845142,9.532223569067224,9.393237843419906,9.301086232523863,9.06508916515505,8.637914191256394,7.579167856466713,5.053511153070965,9.802161658809366,8.596719848045618,8.596719848045618,8.596719848045618,8.596719848045618,8.596719848045618,8.596719848045618,8.596719848045618,8.596719848045618,8.596719848045618,8.596719848045618,9.807025835012917,14.04466571365659,16.627120080593926,17.518597828695064,17.971866733094835,9.430434393660914,9.516307604621144,9.90527619367758,9.652778209654759,9.105321565240786,8.930837393210226,8.029445591906084,5.283318720216135,10.031543149913979,8.596719848045618,8.842454166375742,9.010693925591145,9.131178729516597,9.1178311778231
9.2645653736101,9.526496344267755,9.491414942149927,9.506561532778175,9.587489785628188,11.082942994222474,15.186522020661542,17.633733027573335,18.331827042382827,18.4957527534595,9.257569084903444,9.446305337376831,9.450145701118299,9.43029265432745,9.065464004685902,8.51766676000753,7.5869289567898415,4.852860924971654,10.118645589550518,9.2645653736101,9.2645653736101,9.2645653736101,9.2645653736101,9.2645653736101,9.2645653736101,9.2645653736101,9.2645653736101,9.2645653736101,9.2645653736101,10.524391696404358,14.792158779277173,17.352636085287337,18.358181989373847,18.8600201543022,9.805008545346539,9.749122264779864,9.74580833684361,9.671890351124192,9.676299240598258,9.19862921581218,8.334453720761234,5.76122074681388,9.693593936016779,9.885311062647327,10.114653548310475,9.995410675868229,9.636629477779568,9.721294461410915,9.527241570865497,9.57733171959531,9.513401580817611,9.381686860634996,9.2645653736101,10.708371994023118,14.2909686248317,15.181547347726518,16.02104143811971,16.339683433015416,16.752993128114323,16.86923946105813,16.759912414195018,7.246450493053763,7.506976327455479,7.809253717936468,7.547925471039907,5.345083011550259,9.449695958734036,9.2645653736101,9.2645653736101,9.2645653736101,9.2645653736101,9.2645653736101,9.2645653736101,9.2645653736101,9.2645653736101,9.305845366464998,9.31395705872936,10.57507932068824,13.922053173932014,15.298802343307056,15.657698935542523,16.17921649243356,16.74555671338077,17.181660206299945,17.958910388514997,8.959364257744104,9.046946481964632,8.831836668195514,8.045740600996165,5.192456909658221,10.61121070410942,9.2645653736101,9.288069428039153,9.37948247432377,9.536157077524567,9.620102411049123,9.559496652576046,9.308715918568517,9.376952237700861,9.2645653736101,9.2645653736101,10.469333200694637,14.639939720775033,17.195956574017917,18.305025933775674,18.812013862442782,9.828538706589473,9.759256590303016,9.759256590303016,9.759256590303016,9.56611126816523,8.794464995280928,7.829048007994885,5.271181275174527,10.519616545547995,9.2645653736101,9.2645653736101,9.355408597671751,9.26773729248852,9.2645653736101,9.357732213694524,9.2645653736101,9.2645653736101,9.2645653736101,9.34236575068085,10.633562412192715,14.651243257313084,17.295295301310478,18.27814920455562,18.634597434024073,9.63598053922013,9.329364458188353,9.441915742828094,9.282435469214303,9.250754553778785,8.695202200801873,7.687951578256846,5.173139233591195,10.54909753233705,9.2645653736101,9.2645653736101,9.322270822541363,9.2645653736101,9.2645653736101,9.2645653736101,9.2645653736101,9.349614349988318,9.466016977650813,9.413530255367004,10.780817704579,14.961694376437265,17.498204601733104,18.353375426878273,18.790001865420532,9.605713589378034,9.707351931136834,9.66012611054445,9.492618779563847,9.158654996437189,8.920843874674349,8.183459139627429,5.245971772666931,10.810046234860362,9.33821122510224,9.2645653736101,9.320988076083426,9.346313146674428,9.39881085757855
8.937389497812616,9.24826512186359,9.157182787439217,9.013303268581723,8.928403962861276,10.380573998384246,14.449475574165282,16.850521923634894,17.682416593236,18.126651584162623,9.371832293075489,9.666215839368093,9.639184660295369,9.590690525750183,9.225973500313446,8.56597454861782,7.830599072340658,5.255018355850993,10.177595663680819,8.928403962861276,8.928403962861276,8.928403962861276,8.928403962861276,8.928403962861276,8.928403962861276,8.928403962861276,8.928403962861276,8.928403962861276,8.936607171966486,10.365914847298317,14.610866319720591,17.199312512130398,18.048662378591963,18.35922326986411,9.569776477513491,9.576527035992523,9.749900400676767,9.740466915137535,9.742439747806966,9.052214425139308,8.257650955620868,5.717513153452731,10.324483066620369,9.404969810980269,9.352512682756648,9.176126066088695,9.2060651867931,9.173924870721253,9.022730103873347,9.014624649432061,8.98846610458352,8.928403962861276,8.928403962861276,10.25631060312679,13.976961294619667,14.785870710777594,15.599793706356433,15.958841127336658,16.446927626112625,16.54742484868757,16.37040071453973,8.418049557516653,7.502208755633024,7.715427263038112,7.442441095158438,5.200881162044205,10.301188429001,8.928403962861276,8.928403962861276,8.928403962861276,8.928403962861276,8.928403962861276,8.928403962861276,8.928403962861276,8.928403962861276,8.928403962861276,8.928403962861276,10.2161956199955,13.46954181497821,15.061720874360073,15.32178299473621,15.771117548432475,16.33045135034189,16.77179406916244,17.61698268778743,8.928067159232947,8.986240361738066,8.88346537593651,7.898098021798476,5.410388735457275,10.388699424838684,8.952002091115288,8.928403962861276,9.16992709584109,9.261837110164034,9.339067000533063,9.321636040589688,9.150899727352032,9.158777861511783,8.947108826167291,9.04218800224232,10.253221694604083,14.138889868906592,16.75706264012733,17.767877117034388,18.315537958017675,9.68530875281495,9.777868105424137,9.681618885564394,9.384974601257568,9.086660861725328,8.548430141602713,7.803254348669511,5.087778434304621,9.33836528291503,8.928403962861276,8.928403962861276,8.928403962861276,8.928403962861276,8.928403962861276,8.928403962861276,8.928403962861276,8.928403962861276,8.928403962861276,8.928403962861276,10.139034220557356,14.145755264207073,16.79015180264978,17.797217636380246,18.323138539803224,9.681618885564394,9.71085160382124,9.658384915186316,9.543452300206436,9.262879969912559,8.847515194091368,7.798840344411851,5.578200278106608,9.443261525385108,9.106042026775048,9.065235074250811,9.141583698412388,9.137782884550422,9.212055564466318,9.25361607051435,9.142525962664525,9.145837097027487,9.106801558377725,8.962588058319248,10.245644339864082,14.269656692649178,16.876854756983768,17.68523153803517,18.07816332324618,9.245532115335655,9.645909652470655,9.494785920755547,9.262650196651602,9.088532222654113,8.741776516823194,8.062162907206053,5.355553572191207,10.70255235308153,9.116904475618876,8.928403962861276,8.928403962861276,8.928403962861276,8.928403962861276
8.75223751792461,8.699580413542254,8.71514352341596,8.691158600813504,8.691158600813504,9.885798804481563,14.06504472031068,16.543377561211038,17.55477226151819,18.143213465082212,9.60246942941859,9.653228619683732,9.653228619683732,9.708822414399823,9.332590433945605,8.632469654424316,7.899890692753285,5.460150706378775,10.388802741745758,8.691158600813504,8.691158600813504,8.780564774520863,8.924443100414228,8.859743131907175,8.691158600813504,8.797143703961794,8.994980019524954,8.915810553515406,8.990428875278809,10.339513911592872,14.517638201370296,17.190200569500796,18.105241442622944,18.320915280438086,9.653228619683732,9.682477955503295,9.750641114456974,9.645152049045642,9.72622560449298,9.178483392266726,8.280832443274937,5.650440625490446,10.199656960321189,8.746199248210841,8.691158600813504,8.691158600813504,8.762519150000271,8.691158600813504,8.691158600813504,8.691158600813504,8.691158600813504,8.691158600813504,8.691158600813504,9.95100408008914,13.75843077997633,14.52067734407247,15.155415703711391,15.459717778203764,16.01175831461326,16.161603815167357,16.038765372575124,9.891759894791797,7.37768231666606,7.41707034256911,7.288226018379538,5.090250109490843,9.94267779571899,8.691158600813504,8.691158600813504,8.717628775599978,8.77715507987117,8.695616480001455,8.872036912212506,8.697888833607962,8.809870320803345,8.782772667893397,8.808814539487164,10.162173577002362,13.42154652953408,14.71230328918839,14.960229324093191,15.55766827729307,16.110150703440404,16.47917926773554,17.387765558723462,8.893232271414302,8.872572284686663,8.737738646736108,7.76908385044837,5.255352074208038,10.100018160498475,8.691158600813504,8.691158600813504,8.863864649143395,8.839377959359119,8.737689117319817,8.809825216620101,9.005448037872686,8.941877265224441,8.691158600813504,8.793705105594915,10.2534125880096,14.009613450188645,16.608711649403325,17.6253169662025,18.117505608979776,9.653228619683732,9.544331204730845,9.626222084578853,9.2025632278318,9.027242187119235,8.349014648918146,7.4790154586834365,4.8557899647072675,9.756379772134549,8.865256288956202,8.691158600813504,8.691158600813504,8.691158600813504,8.691158600813504,8.691158600813504,8.691158600813504,8.691158600813504,8.691158600813504,8.691158600813504,9.842507059616807,13.970979743877143,16.74191091036701,17.89797156510843,18.189892671659617,9.653228619683732,9.529356224150225,9.583278191988075,9.471268052741426,9.201064945439436,8.866784566031289,7.9967705049346085,5.576146329515746,10.433326441252351,9.057379036377482,9.026818268635097,9.0772433609988,8.996666558165492,9.020658819075617,9.055297357401708,9.05965037408351,8.898615961412997,8.844412168778474,8.704279616293038,9.955192970406726,13.904382127215719,16.49015631515546,17.26553356376623,17.60738705993876,9.11923881876317,9.459289484636846,9.407407510673968,9.143081301779569,8.96420399067577,8.655090036134503,7.874003894322116,5.120022652606981,10.343115773258075,9.37340334376728,8.691158600813504,8.691158600813504,8.691158600813504,8.691158600813504
8.81340455880741,8.628451879292403,8.628451879292403,8.628451879292403,8.628451879292403,9.752773435472632,13.912808098977326,16.540756832037022,17.76104246954276,17.98752678363061,9.940842299806022,9.940842299806022,9.940842299806022,9.940842299806022,9.696232113787739,9.165000269670038,8.392219199786387,5.79736746978027,10.758212888844595,9.107842301290988,9.083048656564179,9.142859292551623,9.230632779584045,9.185750842550835,9.024542417147677,9.116963782124225,9.281972003653632,9.07277957486398,9.055977030226817,10.334700063688093,14.658788287302034,17.297419570185443,18.303675590697893,18.569294179098424,9.940842299806022,9.940842299806022,9.940842299806022,9.94624892573516,9.699489760172648,9.340714171514714,8.347944892396765,5.540920980286083,9.041249116137939,8.628451879292403,8.628451879292403,8.628451879292403,8.628451879292403,8.628451879292403,8.628451879292403,8.628451879292403,8.628451879292403,8.628451879292403,8.628451879292403,10.05156672116079,13.9283866446518,14.600541756971982,15.17364227576067,15.555324940070495,16.17445125647449,16.35041736463893,14.988928200872031,7.221185629409252,7.758515020891731,7.690228717074288,7.534467745662367,5.449073250129789,10.192714554585038,8.739028299983056,8.746996069582975,9.112607276074035,9.215309165800505,9.032777857826572,9.066468121904666,8.808363136237343,8.836269883009402,8.807088865624168,8.781507659480809,10.015684724219092,13.561115260879571,14.890478566564198,15.050145031758944,15.684091467758632,16.254282711510744,16.656118178782698,13.88606485499787,8.931431108301767,9.182269868492046,8.979030369904327,8.272362023393175,5.4804970540653235,10.059521751572667,8.64896451802606,8.628451879292403,8.628451879292403,8.628451879292403,8.628451879292403,8.628451879292403,8.628451879292403,8.774163915674203,8.628451879292403,8.652694109746113,10.134288786841836,14.040869527420346,16.77551873691825,17.59499337487877,18.035947629765747,9.63929623852508,9.60570856580181,9.809974865225302,9.464541834525575,9.366426242782772,8.700703082127058,7.845091219073724,5.137295553700884,9.937647272745366,8.934232257812646,8.628451879292403,8.628451879292403,8.628451879292403,8.628451879292403,8.628451879292403,8.628451879292403,8.628451879292403,8.628451879292403,8.628451879292403,9.892654830662396,14.000244553014486,16.86113615340708,17.938954414615566,18.569294179098424,9.940842299806022,9.967935875110376,9.940842299806022,10.028922995528823,9.741977649266124,9.236050879781978,8.382058694800614,5.928632451736821,10.627065318033345,9.244322814696334,9.170210403342917,8.907257119714947,8.78146063743425,8.803045302912786,8.735323057147124,8.775922673532602,8.628451879292403,8.628451879292403,8.628451879292403,9.810952122219854,13.849913246312868,16.370173771470814,17.07526412878246,17.414575068623734,9.129927867883321,9.455417542635212,9.408642440768167,9.283104831884293,9.007331783176584,8.595422284505068,7.821463828468746,5.1064294616027635,10.019631946820907,8.7891531442879,8.628451879292403,8.628451879292403,8.628451879292403,8.628451879292403
8.82734693122483,8.65068901238807,8.65068901238807,8.662188869846766,8.699494399117729,10.261453472167673,14.324863693402712,17.041724567174512,18.26677707751377,18.59390263833246,9.943213625944386,9.943213625944386,9.993564656581704,9.995385785309743,9.813688111957678,9.289758222537438,8.24741404553674,5.41709580842184,10.369939458472677,9.168290640723216,8.985000077935473,8.941341874867092,8.80527532918502,8.743063536242586,8.782628632292791,8.748086751741466,8.749369030926283,8.65068901238807,8.694616066257588,10.252660298451323,14.491218503156606,17.026861203996432,17.982212925175105,18.44154709097457,9.797474665595903,10.167614795082011,9.94514139787357,9.797408499274038,9.788118675006668,9.195227011224995,8.382881392224858,5.451573311094256,9.12054346794288,8.65068901238807,8.65068901238807,8.65068901238807,8.65068901238807,8.65068901238807,8.65068901238807,8.65068901238807,8.65068901238807,8.65068901238807,8.654604495390934,10.265884655653526,14.03107120548265,14.774635855074616,15.41855866098551,15.79063050102981,16.419858259690002,16.58024852193306,9.277821164426811,7.275371210049522,7.787516979063703,7.805721658642413,7.886513878291756,5.6500296427007175,10.143071820543554,9.154370424583597,8.923745192895717,9.028147517728646,9.10381904717797,8.841327895190348,8.79478718000198,8.743809604739763,8.691735679385474,8.784931558295789,8.761177760057546,9.86081133694076,13.488836704158516,14.896432579026943,15.054178977354479,15.784668324165843,16.208970848588336,16.64389387096335,17.62232561735211,8.912477112462915,9.047613342904267,8.749889483110563,7.928780146430686,5.200862588640953,9.871124317545334,8.652267665260009,8.65068901238807,8.65068901238807,8.65068901238807,8.65068901238807,8.65068901238807,8.65068901238807,8.65068901238807,8.65068901238807,8.65068901238807,9.91507499917061,13.980577612594342,16.757747149934787,17.416494203350496,18.04011538217638,9.83192488616515,9.695202284100809,9.674470996959142,9.359967526527832,9.336170254730472,8.824168738778832,8.081748518960655,5.469792433494301,10.371131301183755,8.681066627158849,8.894670801882201,8.910543653169585,9.069839009933506,8.861568570721996,8.882605950286191,8.65068901238807,8.713684558778521,8.913427322831984,8.708748131179695,10.123277060036624,14.174207307184883,16.729381174878796,17.582838937855218,18.321748229667215,9.781901774732791,9.86186679785088,10.024532030855074,9.780598218317127,9.70649454130601,9.097969003414661,8.202018213155922,5.403949130064849,8.743094357033677,9.101513000440624,8.772741877325826,8.65068901238807,8.65068901238807,8.65068901238807,8.65068901238807,8.691062985186852,8.65068901238807,8.65068901238807,8.653481470312698,9.957150128712573,14.076421087336925,16.67327211223044,17.472065129160637,17.79862469804045,9.244992343078689,9.442351653697777,9.463011841121032,9.44666238868508,9.028709335562779,8.429694130092821,7.806634604247414,4.850126570376263,9.269658500528354,8.65068901238807,8.65068901238807,8.884696842299915,8.859120840793146,9.018744532147787
8.983645097880167,8.911346080077065,8.93189602517323,9.196442623942607,9.133297677803514,10.718141308788548,14.715193780439519,17.138850599751393,18.252939993412088,18.605947932219387,9.817698635327476,9.694601852142323,9.694601852142323,9.694601852142323,9.403151926760701,8.984058572275076,7.993183167488896,5.200078883245207,10.421409095550302,9.15972066419315,8.911346080077065,8.911346080077065,8.911346080077065,8.911346080077065,8.929572108712124,8.911346080077065,8.911346080077065,8.911346080077065,8.911346080077065,10.33647580937911,14.476531207294048,16.814037946906524,17.82060514858749,18.29078930738153,9.390339040965532,9.556242474634232,9.637832611769724,9.595914395708318,9.240276602706784,8.878688268743192,7.985004489175977,5.301361523275469,9.483714964705815,8.911346080077065,8.945024372134512,8.911346080077065,8.955586593746924,9.010256258037451,9.00648480122395,9.219864129715507,9.178481303968791,9.100278176766059,9.06997549628986,10.65394046236499,14.172944472374695,14.869897455677808,15.609304586205162,15.982487345975947,16.553170589285948,16.62962619194736,16.43968100955088,8.904399190214821,7.5256394202777175,7.859027527908386,7.579830012964157,5.393953448055715,10.389623091323937,9.263359406104867,8.982292407345327,8.911346080077065,8.911346080077065,8.911346080077065,8.93702955796079,8.911346080077065,8.926337130872527,9.042928854461488,9.026132863847005,10.1309522605461,13.687508717530065,14.821984422801908,15.194927955446644,15.82416174893554,16.3888776044902,16.786571899188235,17.689099570456374,8.882951018764604,8.865155063403131,8.51048131762557,7.731456786253013,5.042554177018094,10.111355860725553,8.981894769895964,9.019852131533638,8.911346080077065,8.911346080077065,8.911346080077065,8.911346080077065,8.911346080077065,8.911346080077065,8.911346080077065,8.911346080077065,10.242883830284526,14.089459983816518,16.855081000793056,17.538153032352316,18.022519199249324,9.611212982663568,9.386360589444408,9.534466706935948,9.306040370795033,9.171128651207084,8.989492961397698,7.732711748278697,5.1684719145066556,10.532465232689779,8.911346080077065,9.060029151803642,9.17180694299395,9.29366349507411,9.245119023932533,9.333279384356159,9.04787258378272,9.21129489415794,9.343697032283643,9.098764769049108,10.526385309951836,14.526116518679093,17.052363637408305,17.8559639579355,18.35125425241212,9.491876913132751,9.455806952881234,9.525474972746792,9.415823663606236,9.180908982102203,8.668056167240252,7.757672809165913,5.073181378954947,10.33146836380529,9.023118923484121,8.911346080077065,8.911346080077065,8.911346080077065,8.911346080077065,8.911346080077065,8.911346080077065,8.911346080077065,8.911346080077065,8.911346080077065,10.12473437772037,14.28704425463418,16.850543775204315,17.688979379050053,18.09821667150161,9.502594585314645,9.368954793572778,9.410964579299598,9.452554071510475,9.03277783280698,8.720011920819905,7.814427948986529,5.055927410253211,10.198388018221847,8.911346080077065,9.022948134673873,9.10367022528054,9.062184507311283,9.197527705313703
9.264106163050327,9.264106163050327,9.272457225465953,9.470820037291189,9.398225489487412,10.957585944091205,14.896563704851285,17.26872373056699,18.261858246337745,18.731313993972414,9.494599152974422,9.570770713878286,9.569078151971228,9.367186378474486,9.088707747454954,8.819674157263245,8.089517567992887,5.138481433768029,10.613966498145501,9.370996856177536,9.264106163050327,9.264106163050327,9.264106163050327,9.264106163050327,9.264106163050327,9.264106163050327,9.264106163050327,9.264106163050327,9.264106163050327,10.556596236646019,14.76344060184119,17.190976552545735,18.012377359456927,18.438272599096003,9.28046944410072,9.39482242889154,9.454863024832187,9.417492757404577,9.2578343631498,8.804290238942318,8.031656900141238,5.313697516552506,10.6136856880347,9.264106163050327,9.430342004985597,9.264106163050327,9.27885545808063,9.442080356075534,9.383618265218118,9.576380661705413,9.52784076578899,9.395821320317916,9.26559154864427,10.891899054043519,14.253008540831413,15.00105130733945,15.813769106233343,16.185929641175658,16.716751168879753,16.771051772266034,16.605149329943018,12.150520426475797,7.354925369119937,7.532325910094032,7.685985800348813,5.515151219010688,10.84954436092189,9.694547060925382,9.433254429402936,9.3311041450231,9.309482238905522,9.335378013584798,9.357834764667706,9.264106163050327,9.264106163050327,9.280989398548122,9.326781501927174,10.49318634722254,13.98049124177304,15.211054485540087,15.537783395852113,16.057642347833955,16.61833899083047,17.045881155385516,17.857752388094685,8.782455230556433,8.800605986401667,8.519702890230471,7.799944798859814,5.078877987564959,10.460993158013935,9.264106163050327,9.288965697257398,9.264106163050327,9.264106163050327,9.264106163050327,9.264106163050327,9.264106163050327,9.264106163050327,9.264106163050327,9.264106163050327,10.535899005493032,14.359516721100098,17.096764118601527,17.868164467611912,18.313052682017947,9.570770713878286,9.464751404492814,9.577100614327748,9.462323365034221,9.190695583756154,8.678194455662828,7.903569025882912,5.234144729114407,10.910926541784992,9.511299460098853,9.38425976800108,9.484926110352074,9.532081743628593,9.550988917286915,9.670267575549111,9.3658620885636,9.52753182475165,9.570403820298065,9.434497966102345,10.729865772871367,14.636819058674279,17.25491283613832,18.07169860232551,18.49496800358974,9.375431409990275,9.388382380729768,9.46897814745685,9.328637896516083,8.973364708680549,8.441901518282297,7.525848450925265,4.9750595374586535,10.548638714171458,9.264106163050327,9.264106163050327,9.264106163050327,9.264106163050327,9.264106163050327,9.264106163050327,9.264106163050327,9.264106163050327,9.264106163050327,9.264106163050327,10.41543546119576,14.567775995778701,17.223510022569158,18.049454562405764,18.506498759851063,9.339864082371173,9.581966772509347,9.48289155337262,9.318725598560585,9.119842770091124,8.872337068072458,7.94927929304547,5.4077730003662445,10.886186728914998,9.41599225535002,9.592703515954605,9.56476850759201,9.62067018497977,9.664922449929369
9.07505652248658,9.105262573720854,9.07505652248658,9.249693902364047,9.294281172642831,10.86779716757937,14.996216162273367,17.536802394276442,18.337615588030438,18.56003065684265,9.536100499844022,9.624580471167599,9.776489359031244,9.580685906157555,9.426054197038436,8.750249526042868,7.792439245440873,5.059669963323412,10.368483999327985,9.07505652248658,9.07505652248658,9.07505652248658,9.07505652248658,9.07505652248658,9.07505652248658,9.07505652248658,9.07505652248658,9.07505652248658,9.07505652248658,10.384515157720665,14.580518463755919,16.95264081473821,18.1513634974714,18.682397406629406,9.62240465762476,9.70646471586896,9.85703579778912,9.674517002297573,9.444957958407135,9.036041584340932,8.236976688032021,5.475888491401334,9.857574630562093,9.310144643688803,9.573240163069745,9.44869209162848,9.338796217351357,9.421741959070163,9.248846364479105,9.395961297109071,9.305071691078334,9.25072109223562,9.115662777696775,10.849673510392574,14.389395305646307,15.29752898493428,16.040541295046918,16.355242841600724,16.875670243378362,16.90711973714334,16.73699714848073,8.325753690702914,7.637290549550538,7.6807852256913485,7.7942676295607844,5.516059603374233,10.174773976476299,9.308324340452907,9.187745538305675,9.07505652248658,9.07505652248658,9.07505652248658,9.187614018460437,9.080312657427605,9.083087798433274,9.234004757580838,9.269131846064196,10.452693761481449,13.806158213407393,14.992709647314845,15.248797881994557,15.84321286612522,16.407469953961474,16.891077781392685,17.81313129785788,9.029992952219889,8.897249866710315,8.599493312106237,7.6647082514823826,4.919475316412317,9.818139086663935,9.07505652248658,9.07505652248658,9.07505652248658,9.07505652248658,9.07505652248658,9.07505652248658,9.07505652248658,9.07505652248658,9.07505652248658,9.07505652248658,10.227224353553613,14.314137136897696,17.078145218389317,18.068216253707085,18.5734222989404,9.798667710387447,9.79187065019411,9.79187065019411,9.850272695822932,9.669724249844846,9.075904031242423,8.106842520482424,5.48102372649849,10.56425943564619,9.747300978622205,9.385516750098379,9.489780488997715,9.31950436628196,9.298415429944077,9.396852881648604,9.124157612765163,9.186811393572151,9.118043836794795,9.201758201755585,10.418494589188118,14.354247279043086,16.9953621665914,18.038634994692806,18.23628092430316,9.207163975906758,9.029419562014823,9.167075221542966,9.261704738665209,9.097721407711276,8.532076910043626,7.638924221965915,5.004682359245558,10.05069885865484,9.07505652248658,9.07505652248658,9.07505652248658,9.07505652248658,9.07505652248658,9.07505652248658,9.13182333111678,9.290124791700999,9.415845908540444,9.388839454628348,10.748041481590166,14.941824909189211,17.533428365818516,18.387226237914653,18.8149428549642,9.79187065019411,9.749221669821424,9.89060563422854,9.546319097691729,9.158954512444454,8.9489179946358,7.8396679426141525,5.047655849649808,10.625126547020656,9.384612106592101,9.189372838767712,9.07505652248658,9.121942704396604,9.26567765816655
8.974803122697875,9.1645117663181,9.161297035973284,9.183464413838811,9.157460566311492,10.64496823484767,14.76358834637261,17.181733576559523,17.924494247155202,18.1565925835313,9.126760118822196,9.473040613858954,9.42409528021068,9.5625467526939,9.155026692309585,8.535187577875428,7.666215122541745,5.0218000927986095,9.917828154451124,8.974803122697875,8.974803122697875,8.974803122697875,8.974803122697875,8.974803122697875,8.974803122697875,8.974803122697875,8.974803122697875,8.974803122697875,8.974803122697875,10.368454523221336,14.666354433906267,17.19360561127764,18.074504477857985,18.451203251856743,9.635174040213577,9.669855851316282,9.669855851316282,9.642833552917713,9.639608191322592,9.282492790987392,8.505159170928628,5.587266685046218,10.663347900209233,9.54009508749666,9.680602301381123,9.431809816758175,9.206508375877652,9.252659160125566,9.08208241457452,9.135555363986912,9.032491071668218,8.974803122697875,8.974803122697875,10.271835595755686,13.84736789985098,14.713304244765025,15.562435994852315,15.939640820238704,16.41609396538049,16.48248237430233,16.3298075928421,7.300712542871021,7.468479289217385,7.639004059861305,7.559129922697885,5.345320654556214,10.383184480269286,8.974803122697875,8.974803122697875,8.974803122697875,8.974803122697875,8.974803122697875,8.974803122697875,8.974803122697875,8.974803122697875,9.008552378859644,9.021389362219605,10.25465679379519,13.585186018853449,15.022338530374718,15.366035030564131,15.785938374058487,16.342616226085173,16.808442292086617,17.553540136232257,8.838707945644703,8.913276750175546,8.85010248252909,7.820250709612685,5.212876266181263,10.276688328851579,8.974803122697875,8.974803122697875,8.974803122697875,9.09853171435314,9.163261677459941,9.179538228845235,9.018472821430173,9.09214776874952,8.974803122697875,8.992450284709692,10.270208940255966,14.24039576480998,16.80346996256369,17.86399401702161,18.359383743417105,9.86104962061127,9.624236874915438,9.683197004183068,9.625911687607562,9.210296061723003,8.549761825198166,7.846306760273442,5.208928143168392,10.317732525780317,9.119273391137078,9.016296004354594,9.095450386257845,9.005595953832543,8.974803122697875,9.080343079067646,8.979153367307974,9.020721981736047,8.974803122697875,9.002363533933377,10.285545669056003,14.332059077434074,17.009900312041214,17.966704004925223,18.174838675533998,9.536278371285746,9.355809466769372,9.38331895046008,9.594505736737325,8.99393757536738,8.613800758017574,7.695166429745946,5.221363667811458,10.244030002839013,8.974803122697875,8.974803122697875,8.974803122697875,8.974803122697875,8.974803122697875,8.974803122697875,8.974803122697875,8.982435581152519,9.082823489151634,8.988027842087096,10.38355018597026,14.525250246531208,17.139976844291418,18.00331203896355,18.443230348844033,9.640246657824713,9.669855851316282,9.669855851316282,9.510183357603337,9.190043055219457,9.034943492224173,8.176043451797883,5.489320710820535,10.823296593998393,9.386178052185166,9.125901194575876,9.009707655128661,9.038018542949544,9.02376118090923
8.77371222336165,8.964683789033536,8.905797250268169,8.847807052360958,8.817559609517074,10.317005225968385,14.390283880719085,16.79752048567679,17.54999724718322,17.822693574065084,8.961172938981232,9.276181821763036,9.45989999080669,9.212626993477642,8.950499734164934,8.370809679425026,7.686661376357827,5.06228361144963,9.996500697145374,8.77371222336165,8.77371222336165,8.77371222336165,8.77371222336165,8.77371222336165,8.77371222336165,8.77371222336165,8.77371222336165,8.77371222336165,8.77371222336165,10.113390010476165,14.37542619966814,16.861151795744608,17.86952138998893,18.25267281545511,9.597018860407028,9.595910748042401,9.650837104799315,9.613991112212583,9.692860820246088,9.215160169763697,8.239504117655834,5.6274318287342435,10.423126834246176,9.215579148637383,9.303746862629424,9.238373770801553,9.111024489489946,9.142910156685522,8.919524695183318,8.971032115722414,8.895451766735071,8.833702424566114,8.77371222336165,10.216773413265196,13.792644822116635,14.757070224098328,15.513592803957849,15.820825874881148,16.296546682898857,16.39188519567414,16.218691720765463,7.563170802960254,7.526835401065563,7.643944351932801,7.4666924011050835,5.178374203601714,10.098830789076906,8.77371222336165,8.77371222336165,8.77371222336165,8.77371222336165,8.77371222336165,8.77371222336165,8.77371222336165,8.77371222336165,8.819845963274725,8.85178102464368,10.161677761563688,13.405941223369455,14.87028467205998,15.159319039865158,15.633331076479472,16.123102933390694,16.611568184289425,17.407366040607343,9.016190813507361,8.913515477143681,8.770103614429686,7.732181472547355,5.28693806032695,10.075987334598643,8.77371222336165,8.77371222336165,8.77371222336165,8.93781965153911,8.998166377181112,9.061529055582914,8.899622938141873,8.995984834901746,8.77371222336165,8.77371222336165,10.015202107002121,13.977454490504963,16.63614514995908,17.712409927965012,18.20128654975715,9.67210800421767,9.652668999798781,9.676702836003583,9.6859548779801,9.393404651766645,8.801537954837782,7.9256102903227275,5.417526294797625,10.121972990878813,9.172269165155095,8.88108296618949,8.906938166225235,8.77371222336165,8.77371222336165,8.77371222336165,8.77371222336165,8.77371222336165,8.77371222336165,8.77371222336165,9.873877362602764,13.897889606280359,16.593096192815537,17.68206686566073,17.883869891682295,9.533340017773114,9.294870530526255,9.428504729841997,9.150792708378667,9.146185372258548,8.562592515964587,7.531752865437559,5.1970590723211405,10.03439903179866,8.77371222336165,8.77371222336165,8.988050033348674,9.036604564214013,8.96055663143561,9.010490189727722,8.909051548231137,9.03402107229771,9.105234875673128,8.955098667422106,10.312652173969026,14.342667268298923,16.96358027148422,17.774749590961914,18.159715075766446,10.044221902083795,9.698615090045699,9.541038473612735,9.272455280321067,9.011327968718492,8.849266823063795,7.985958688057959,5.178591683598509,10.519470328990778,9.199890095641017,8.783958257801471,8.77371222336165,8.77371222336165,8.77371222336165
9.138527070536968,9.39886559367278,9.424488306586223,9.331570828028651,9.176992370766678,10.747647110171195,14.984939985651616,17.37206726753582,18.131252847294505,18.418610427802975,9.448573038276844,9.93483091561216,9.831460798190523,9.738426247442309,9.335098090720901,8.750850788087993,7.959734120361012,5.320459248289762,9.90930259890842,9.138527070536968,9.138527070536968,9.138527070536968,9.138527070536968,9.138527070536968,9.138527070536968,9.138527070536968,9.138527070536968,9.138527070536968,9.138527070536968,10.555645394714961,14.929542026748951,17.400304122827812,18.432421920252374,18.753705598039787,9.713311446407463,9.834736713882887,9.971195631388069,9.742964698223233,9.742609617469402,9.346864386260902,8.450184402831674,5.6977338607232335,9.860143850962233,9.65525036714891,9.831794916292795,9.691669314917235,9.58793889453117,9.585738268230644,9.409172373340608,9.452266699605701,9.447528904980926,9.317251731887676,9.138527070536968,10.676867351149081,14.378273402926887,15.234378945736244,16.071446818191973,16.463059462412666,16.931402948795203,17.020365069831694,16.819445526700644,7.294423172744757,7.729507632266017,7.99269740463843,7.606193633629662,5.232396480853298,10.409898635966146,9.138527070536968,9.138527070536968,9.138527070536968,9.138527070536968,9.138527070536968,9.138527070536968,9.138527070536968,9.138527070536968,9.138527070536968,9.138527070536968,10.573460499008558,13.840107777593687,15.298185982789892,15.593816620071276,16.044150875997822,16.661913254788995,17.169309661608985,16.31077728174349,9.09525218617373,9.046146694499873,8.92391137879916,8.054483984846158,5.2980622455507556,8.570441340051307,9.138527070536968,9.191881206587777,9.302007801262844,9.37215912673336,9.507660481764963,9.548557157197175,9.37267868773901,9.394159752983152,9.220288162527012,9.268506789271525,10.59561453741315,14.590211860475907,17.297330025658592,18.379262400114847,18.804882754441323,9.93688027147957,9.92200017581529,9.92200017581529,9.837361169012125,9.399975556880204,8.803052244606098,8.154289904706015,5.2034286244461905,10.394835303290561,9.276610253629247,9.138527070536968,9.138527070536968,9.138527070536968,9.138527070536968,9.138527070536968,9.138527070536968,9.138527070536968,9.138527070536968,9.138527070536968,10.356836622457784,14.491668511847877,17.24476663399537,18.31893573614781,18.629251951081997,9.774138432486867,9.546517892841383,9.723311484974378,9.586323662036568,9.364395912761811,8.96371064262409,8.003180896475866,5.597449765390632,10.083200953162923,9.183998116267745,9.283450437919344,9.414684343988101,9.419043792192799,9.296472747639644,9.395427875116138,9.298377194781898,9.340403383605858,9.420387705585492,9.270996229985874,10.604812096008946,14.748623540166617,17.423021467156786,18.26314804642712,18.68505560852968,9.730515785143679,9.87675976195482,9.702396617913578,9.780835519263418,9.329294591175747,9.351469150667135,8.214578816896397,5.386514582118147,11.059586267134767,9.885838723237079,9.168970117270447,9.138527070536968,9.138527070536968,9.138527070536968
8.797339002904641,8.940228251116054,8.90977190200428,8.797339002904641,8.797339002904641,10.213833544889399,14.336504423050613,16.70878406657181,17.56135031081604,17.983248175379654,9.196580330969221,9.459665231219137,9.615024612977729,9.42885659184763,9.136155782328553,8.623988914877735,7.753646698183886,5.19107154982251,10.101200536347143,8.797339002904641,8.797339002904641,8.797339002904641,8.797339002904641,8.797339002904641,8.797339002904641,8.797339002904641,8.797339002904641,8.797339002904641,8.797339002904641,10.18368843009392,14.479416433080601,16.977022091222338,17.92804362242615,18.303533390600627,9.739406161715488,9.67167257455358,9.759730186017551,9.64044195430488,9.609292040781325,9.136943825851949,8.272179336578414,5.70487606448071,9.084017999020716,9.225992596839635,9.191363646985652,9.055611908786842,9.059757406121019,9.018649868025044,8.849382455384584,8.893375195852421,8.797339002904641,8.797339002904641,8.797339002904641,10.137398943766923,13.851875526936961,14.73980169337436,15.523928058217649,15.84165429377487,16.344329213631305,16.46104670306174,16.219229754317784,12.64037688249432,7.57091861039256,7.663918114119088,7.456059096457181,5.25863979659187,10.227827226314911,8.797339002904641,8.797339002904641,8.797339002904641,8.797339002904641,8.797339002904641,8.797339002904641,8.797339002904641,8.797339002904641,8.797339002904641,8.812589396580423,10.167078265462985,13.389340673308809,14.8208122216935,15.13595180670977,15.660157551405497,16.14360351751914,16.655437497726503,17.461838342233648,8.864104941391457,8.908335109154844,8.797471629408822,7.895994391578689,5.266438481339302,10.137832742414586,8.797339002904641,8.797339002904641,8.839606511018212,8.954362043379696,8.98007961966044,9.02253704979407,8.90799621893935,8.975488397818769,8.797339002904641,8.797339002904641,10.00336308819239,13.965718703998963,16.644963494232293,17.687309873228983,18.206072525790177,9.67167257455358,9.667384741541861,9.893730905890697,9.600432748266659,9.26368336111577,8.630944365396083,7.815255906254384,5.340497397352244,10.047678718612945,9.02089261423942,8.823251480071775,8.827055890158428,8.797339002904641,8.797339002904641,8.797339002904641,8.797339002904641,8.797339002904641,8.797339002904641,8.797339002904641,9.990558317711695,13.97585489220077,16.6279303398901,17.638115665392466,17.98730138241184,9.608711365152493,9.307526713075065,9.396977316658159,9.246160778133223,9.124222716539016,8.712207519679566,7.743042551121813,5.334566377703379,9.697659203914966,8.865548246625073,8.834462553946787,8.98258482486559,9.03629706002943,8.99986561194079,9.051061544724774,9.002060654715837,9.035997202118702,9.068775319777409,8.956292699570312,10.24206634265636,14.233467876485744,16.853452024350347,17.745395079793614,18.093590410000115,9.482196242973641,9.69478103137637,9.473826379099329,9.406187769553695,8.997395556830751,8.634368059972124,8.036501546604796,5.316841876290478,10.453373411031006,9.038888862830065,8.797339002904641,8.797339002904641,8.797339002904641,8.797339002904641
9.232034133621648,9.379324481711281,9.38073169602779,9.232034133621648,9.232034133621648,10.411371802568182,14.486154048116708,16.734379865564907,17.57040376964568,18.10925077373833,8.90756101235163,9.334184042525585,9.523110247237211,9.380369049308245,9.013684469262603,8.399999224406399,7.76518663484532,5.312656104343166,10.722133336657881,9.232034133621648,9.232034133621648,9.232034133621648,9.281230112947677,9.267757803738919,9.248944112875236,9.23440451234701,9.460986431668475,9.24345871134328,9.232034133621648,10.578221076609639,14.957362926125036,17.524910135197644,18.44501892056404,18.734092793449527,9.607010025080314,9.583181576478939,9.635825843226478,9.599684567256377,9.599925392430007,9.405140685525733,8.590192964631541,5.616925660348122,10.440911040087792,9.445109031033047,9.444448661403044,9.371619560445048,9.408733415372902,9.40318248147248,9.253663182163299,9.25349393703679,9.316793317972913,9.28553506100755,9.232034133621648,10.588291261257337,14.301546699905902,15.064505243539102,15.817465526274614,16.15474149291127,16.6028000929784,16.733671516919397,16.544606042403245,11.459625704069724,7.472203627368778,7.769325426690066,7.193840411505492,5.108972841728369,10.40630741062904,9.232034133621648,9.232034133621648,9.232034133621648,9.232034133621648,9.232034133621648,9.232034133621648,9.232034133621648,9.232034133621648,9.232034133621648,9.232034133621648,10.64022121168478,13.816308392413713,15.230525316976621,15.60017728687438,16.071763263109847,16.570331821002146,17.09610073764293,17.850521273087793,8.916373051661418,9.059928811189115,8.757905168059628,7.919231189726834,5.319375100718526,10.762817249417056,9.248953213038453,9.273207623968503,9.499905991799189,9.634421582256154,9.649405075985655,9.69019837875107,9.618968399216957,9.58873291552784,9.340612114275752,9.393329769458337,10.618178015050992,14.497023417381042,17.09082537414624,18.1991434262,18.59232162607088,9.707187209929247,9.57810470094316,9.614982385927945,9.516824519740123,9.219951811798854,8.57082547676086,7.825974145243599,5.002355842192022,10.319631268501446,9.44198881900669,9.232034133621648,9.232034133621648,9.232034133621648,9.232034133621648,9.232034133621648,9.232034133621648,9.232034133621648,9.232034133621648,9.232034133621648,10.266064193114882,14.319251404360354,17.077810327431436,18.210502793920572,18.553565900219322,9.614982385927945,9.513031942904341,9.572439168742342,9.458862859921473,9.148500990101496,8.85403178247149,7.831341011218303,5.538831368376007,10.829826830698016,9.415409698067043,9.503047157706897,9.703646758895962,9.681464980096445,9.636262407596902,9.596858794897651,9.460893804767318,9.45782166130297,9.49166187522879,9.295958264828135,10.583226940955397,14.503577934742436,17.09012046408639,17.924331660427885,18.284485110543557,11.48750733746444,9.518812022250335,9.36945912436917,9.175248028640764,9.032410186000035,8.901273558476328,8.12468808111807,5.418144124240262,11.099472264793674,10.07156224303653,9.253439445751962,9.232034133621648,9.232034133621648,9.232034133621648
9.09099887150683,9.19693394492815,9.16799814161898,9.09099887150683,9.09099887150683,10.491836307598097,14.63753415792769,17.115698142117413,17.981764087554108,18.361859855468296,9.23991677253451,9.546854452119522,9.590018607673215,9.493734747317463,9.177756924524495,8.630575796369474,7.776094751181581,5.264312475092603,9.830291158850399,9.09099887150683,9.09099887150683,9.101125435040895,9.09099887150683,9.09099887150683,9.09099887150683,9.09099887150683,9.226832613721845,9.09099887150683,9.270609364809882,10.58147896978195,14.875626909961866,17.4396565619522,18.41961471149084,18.786686721593277,9.87771757578925,9.751088804862228,9.751088804862228,9.88659662049096,9.751088804862228,9.3796008272581,8.427623812147125,5.76440657371984,10.793272832787887,9.504896733975874,9.427487383753002,9.330441629496791,9.250232462675998,9.14814053262203,9.09099887150683,9.09099887150683,9.09099887150683,9.09099887150683,9.09099887150683,10.365507949180824,14.208383088030864,15.1101475442028,15.8417481886408,16.126074467212415,16.64590188160603,16.778207405559538,16.214004763197327,7.146414164878342,7.619234840568268,7.7392765985738174,7.524211205077412,5.21444515489631,10.283259117509825,9.09099887150683,9.09099887150683,9.09099887150683,9.09099887150683,9.09099887150683,9.09099887150683,9.09099887150683,9.09099887150683,9.09099887150683,9.09099887150683,10.459354504628347,13.664369193024168,15.121638069548132,15.403483743052785,15.942987447028635,16.423711621426868,16.982276113399692,17.801005976579166,8.875573544247768,9.160978099100374,8.827463561471264,8.131582417157404,5.356322295300218,9.542234586978143,9.09099887150683,9.09099887150683,9.267021372713478,9.392632608577308,9.413470228759229,9.418459336982007,9.373301321727956,9.40902288107957,9.094811006402702,9.098979155240034,10.377340516719668,14.399693651113537,16.982358645245878,18.070311459145483,18.60791751186931,9.762648846462005,9.656772340980627,9.751088804862228,9.591533793250365,9.221046621478013,8.614044198875723,7.740837960186475,5.068738667721386,10.272818801164233,9.285477938235326,9.09099887150683,9.09099887150683,9.09099887150683,9.09099887150683,9.09099887150683,9.09099887150683,9.09099887150683,9.09099887150683,9.09099887150683,10.287258895544056,14.39866200303625,17.045071224141246,18.169288647495684,18.478634280874612,9.723492364097345,9.662660178547295,9.536845431534191,9.486876581947376,9.237666326700563,8.850904570992952,7.873875389810715,5.427747548935824,10.528231518019716,9.238392630009848,9.214576325795763,9.358570549604666,9.370584454721039,9.368627483704572,9.420131914590128,9.370703294040927,9.320142239935905,9.354811935993506,9.25437460235758,10.580686489695537,14.523582089176756,17.052272999535987,17.973859629046444,18.2970636380619,9.475474517737254,9.645277747164004,9.481642088221104,9.334096070812596,9.17650694836208,8.747618274700804,8.06946558168961,5.25690546491671,10.682105342030349,9.358295582698995,9.09099887150683,9.09099887150683,9.09099887150683,9.09099887150683
