0,1,2,3,4,5,6,7,8,9,10,11,12,13,14,15,16,17,18,19,20,21,22,23,24,25,26,27,28,29,30,31,32,33,34,35,36,37,38,39,40,41,42,43,44,45,46,47,48,49,50,51,52,53,54,55,56,57,58,59,60,61,62,63,64,65,66,67,68,69,70,71,72,73,74,75,76,77,78,79,80,81,82,83,84,85,86,87,88,89,90,91,92,93,94,95,96,97,98,99,100,101,102,103,104,105,106,107,108,109,110,111,112,113,114,115,116,117,118,119,120,121,122,123,124,125,126,127,128,129,130,131,132,133,134,135,136,137,138,139,140,141,142,143,144,145,146,147,148,149,150,151,152,153,154,155,156,157,158,159,160,161,162,163,164,165,166,167
2.8781256773811914,3.6838259696211826,2.637126601043063,3.6838259696211826,3.6838259696211826,3.6838259696211826,3.555352308243529,3.6838259696211826,0.8514145079870037,0.0,0.0,0.0,0.0,0.0,0.0,0.0,0.0,0.0,0.0,0.0,1.5459590346837655,0.6596091881317407,0.33127039226172106,0.4325309918575928,0.6930290083796368,0.12596767620124175,0.06338912026257948,0.03155369541959785,0.018511501312830525,0.00830960725598029,0.0,0.0,4.440892098500626e-16,1.7108996875084088,0.0,0.0,0.04384851936109446,0.0,0.2860301362864279,0.0,0.0,0.0,0.0,0.0,0.9774703599992267,-4.440892098500626e-16,2.086887287786987,0.9089553520138887,0.4524577752246892,0.6754162685132583,0.37222941020286426,1.4713055228463916,0.0,0.0,1.4196680983855208,0.0,0.0,1.6158852647623334,1.5170561312767554,0.0,0.0,0.0,0.0,2.1204569984828017,0.0,0.0,0.0,0.0,1.3610983195294253,0.0,1.5193758305241367,0.0,0.0,0.0,0.0,0.0,0.4945357252344502,0.0,0.0,0.26826897996701815,0.0,0.0,0.0,0.0,0.0,0.0,0.0,0.0,2.235321573691298,0.0,0.0,0.4291973840704779,0.2212750957874463,0.10817893571830739,0.33622403305918747,0.7365122606297234,0.34043233380218485,0.653171175491361,3.089077994094229,0.13760344780775274,3.6838259696211826,0.0,0.0,0.0,0.0,0.0,0.4204896181809983,4.440892098500626e-16,1.4442471463277355,0.0,2.5078371316323604,0.0,2.1588195279035776,0.0,0.0,4.440892098500626e-16,0.0,0.0,0.8447237231818234,2.615586906806439,3.3389195027872307,0.0,1.1951916241114482,0.0,0.0,0.0,2.2532234735228536,0.0,0.0,0.0,1.5024941329614094,0.8413967144583925,0.0,0.0,-8.881784197001252e-16,2.5041463965089092,1.7582856391515973,0.0,0.0,0.0,0.0,1.8504167382030694,0.8224074392013643,0.464203310126992,0.2092411781805569,3.29232847577314,2.1225368467623467,1.141453148703305,0.16667437700879298,0.4649307103776561,4.392505087998488,0.0,2.1213680607936096,0.0,0.0,0.2712845389780095,-8.881784197001252e-16,0.7115021661326839,0.0,0.0,0.0,0.0,2.158819527903578,4.506557444265686,0.0,2.9550432339494286,0.0,0.0
3.928511563902262,6.430462375316506,3.928511563902262,6.876784726877956,8.161448782427666,8.150899831865683,9.483346759683853,8.714012360228445,7.176596828519101,5.689978046176729,8.548064476026685,10.732898747075538,3.6746780107896146,7.7752962504788234,3.32924495673457,9.653691611591682,6.4015733651674,6.0296085243368625,3.0057193893195135,2.693854725844754,1.6598142833205551,0.9163204173283217,5.330480005546955,4.101568012465868,5.474325130601229,4.763921271199129,6.384140128151612,7.285646361022792,8.77193088613279,9.217651278577218,7.061437321622008,8.611005357482266,8.418792982569455,7.476002177495679,8.596726203837905,10.175548976707688,9.430351060939804,11.008124735403829,10.032761386095718,4.131690934602303,11.03869284520867,7.880245388968236,3.928511563902262,4.003224053993705,1.6318095238970702,2.193427481991421,3.928511563902262,3.505719774629567,4.748980897385824,5.383027735903815,6.369124155817344,6.886357399519007,7.956427793949397,8.723769441686592,7.50752900901997,9.475907142388749,5.877064367641389,8.035093460692611,6.548785217700975,6.710644637302421,6.543283657144259,0.0,5.45444132935969,3.8104949420949614,10.786356552693778,10.547465409337693,6.141728203551346,4.062589782564681,3.928511563902262,3.928511563902262,3.928511563902262,3.928511563902262,3.9285115639022616,4.914687354404329,5.933017206171529,7.881024163144621,9.20189252326983,4.870164414109661,6.4678924123701,10.088470170038875,11.4780074486544,11.230294784389775,5.6832431757839,7.989410750861177,7.138282002044365,9.780085423184207,7.244663342357461,6.108562061464239,12.578828729545695,7.851915803238494,5.483435288788392,3.6248340434749977,3.928511563902262,3.928511563902262,3.928511563902262,3.928511563902262,4.106309344236936,4.630414597517849,4.376976295455287,6.134386831267223,7.1689043358366025,7.861026232561959,8.438402156525715,6.168983091328868,10.359647251325232,8.03813886590648,6.725670039805623,8.151667494913752,6.42318031289201,8.297111844402481,7.100434383454017,1.8953501020475745,7.017954965183774,6.100644729568844,3.9285115639022616,3.9285115639022616,3.9285115639022625,3.928511563902262,3.928511563902262,3.928511563902262,3.928511563902262,3.9285115639022616,3.928511563902262,4.443479533578285,5.3970527546524885,6.970557698090307,7.162230282440994,8.123631918964271,8.671685361302373,7.020457113421547,7.892648223438317,2.6644861250088887,7.90339440793688,8.405622573012966,7.106543592614511,2.84598477115894,7.845676115952926,6.61618922295967,0.9994727860560939,3.3086667099346343,2.4111047461796056,3.928511563902262,4.029386120293016,3.928511563902262,3.928511563902262,5.831627787602047,6.231088800674481,6.230290480340015,9.202126077120457,9.775142119646567,9.474089634495996,9.287770242710781,10.891514437364226,12.771523603783457,7.652936409922841,8.31597033149917,10.463315611184612,2.293434201900588,2.128094906884577,7.611230845240074,5.742541608394922,4.440892098500626e-16,4.0620653631319,3.9285115639022625,3.928511563902262,4.056896437788315,5.336208518836042,4.544347804024731
4.090119540255687,4.090119540255688,4.090119540255688,4.2665708516071605,6.071109263946152,7.834874069152381,8.263908851446441,10.210333012561819,6.955837546841314,10.757939453830668,10.54891723662622,10.54891723662622,10.487563657694203,11.231941987548474,10.54891723662622,9.779100782087335,9.377221870732878,4.352926014186676,5.134422146447112,4.397668478274214,4.090119540255688,4.090119540255688,4.364503235546,4.090119540255688,4.090119540255688,4.090119540255688,4.090119540255688,4.104956849008142,5.819664935452382,6.6846170732476535,4.090119540255689,9.061792543645595,10.762038619485772,8.595381255755948,11.634668129218998,10.54891723662622,10.54891723662622,8.648301131990298,12.8048403563979,10.54891723662622,10.147654419724818,8.679284167392755,0.27679128007180753,2.050994829515295,3.735251840244916,4.234685144564517,4.090119540255688,4.090119540255688,4.090119540255688,4.910768143557301,4.090119540255687,5.9383456472344385,6.0934212853566345,6.868078283126659,8.786595541520253,7.081795036966053,9.134488262416959,11.500150254658937,7.5830539499430625,8.916418691374226,9.006364615909842,4.195952259852733,7.704263560695995,8.428861789994816,9.748138453261248,7.908452934299019,0.0,1.1775126279723471,0.6405146904046867,3.469267443881655,1.433057137974512,4.090119540255688,4.090119540255688,4.090119540255688,4.131689084605143,5.2957489931224115,6.209268937293526,7.241685097908409,10.191190278435425,11.499347322437574,12.125201865149254,12.84663803795533,8.053451049963973,8.022658567836467,9.296381395254713,7.243117136828059,11.531791417238649,9.378469670614752,11.707698269041263,7.704626357792099,1.0269958179517735,4.090119540255688,4.489769189696725,5.309734758300829,4.267124675207183,4.090119540255688,4.501814281006725,4.199079960347751,4.5858054164990625,5.392230778143515,5.5774770852102495,7.656563965124264,9.343528381821109,11.978912896038368,13.171704236065782,9.75182875219743,9.80846402113,11.295488899445122,7.1803019525225995,8.628604541303806,8.020135964804275,10.190377976585895,7.410002956024057,4.5885913368902855,5.869148388796976,4.855429797067513,4.090119540255688,4.8392777811172465,4.090119540255688,4.090119540255688,4.090119540255688,4.795866310566366,4.419346744402105,4.476716196601622,4.570675260697196,5.656912559148656,6.755335470116229,8.673936668565855,9.50228654001236,6.907652434496168,11.990922300431038,10.259691241765516,10.569160242921505,10.811880972639925,11.15738865381353,12.205288907063336,9.827704009773138,7.330608025622813,5.650297205325718,6.024365970497069,4.090119540255688,4.256636333767847,4.566683824577793,4.090119540255688,4.090119540255688,4.090119540255688,4.353073397916401,5.257213200830174,7.415816071896412,6.980941655558587,9.974862606842251,6.319470055082988,12.728611983574478,10.23999032223088,12.704129502836665,11.59371038519282,10.54891723662622,4.352726371697923,8.65994232009505,8.46670775188681,6.764820191357913,4.440892098500626e-16,2.78609491705612,0.02853560213677262,0.0,4.671029645353883,4.290266940795464,4.239495507101353
4.03584273507164,3.3090422756580935,3.3090422756580935,4.0598301650364075,6.100282245949796,6.160124370879126,7.831570561306541,9.135971762116245,10.497213594763526,8.877282656129422,9.68988156876827,10.126585784649157,10.993044575699047,9.857106069103242,11.11740663169206,11.023261794789601,7.113103524639659,6.6406103595906645,5.202327204028708,1.8848243642842268,3.0592198588653456,3.3090422756580935,3.3090422756580935,3.3090422756580935,3.5777763940620044,3.9271643505324265,3.9307613726782322,4.71621765599824,6.176151043702626,6.7336947605896285,6.051661847459162,11.362557100164402,12.934313575348286,10.186456915728744,10.594584998798632,10.527248953850268,10.47733282904819,9.568753719198007,9.999100385555156,10.309425905583868,9.578866740611907,7.124198391498558,5.736488415720764,3.834290953360601,3.3090422756580935,3.441651422097703,3.3090422756580935,3.3090422756580935,3.3090422756580935,3.3090422756580935,3.5025167089899476,5.063727206128943,5.623734103907656,5.828368909463175,8.652228872699816,10.663521310714021,10.746763187561694,9.370933931986148,10.634763431377687,5.252823561027332,9.497467260616437,8.612049796842234,8.661453805775793,8.80840694872628,10.058491876507833,6.789103916745412,0.3882984601837421,1.0168460564307988,4.626220488431809,4.332273971320228,4.674381087110953,4.525441561082931,3.3090422756580935,3.3090422756580935,3.3090422756580935,3.3090422756580935,3.3090422756580935,4.779348009196214,5.10632363561597,10.253801346568117,11.298289442181144,11.522675101860445,11.057827561351056,8.034984170282149,9.213903555430377,8.98543693756304,9.84302304951513,9.753360527177822,8.627682435528078,8.38658599723256,4.244097989939443,3.3090422756580935,3.3090422756580935,3.744563323873484,3.3090422756580935,3.3090422756580935,3.3090422756580935,3.3090422756580935,3.3090422756580935,4.263310869294861,5.532276902437313,7.34680898752071,9.350269638768006,10.211815667866196,12.171023378067483,12.336718432189123,8.92139226389759,9.163240994058084,7.597536309394094,9.806722126926983,10.238383164296524,9.87111842120955,8.845742093666592,7.073588954376397,3.5985483403374374,3.840752138008323,3.3090422756580935,3.9931651758289073,3.3090422756580935,3.3090422756580935,3.5253317370383996,3.3090422756580935,3.3090422756580935,3.3090422756580935,3.6945759786766996,3.960842533714279,5.727772023511983,9.182213533602518,11.709961595511887,10.236839675456807,10.585746485752288,11.284260065258305,10.455597174978136,10.31447610669423,9.15007906086814,11.150212397747989,8.283791123561713,6.85559437574364,4.60817546946396,4.946637656115975,3.3090422756580935,3.3090422756580935,3.3090422756580935,3.3090422756580935,3.3090422756580935,3.3090422756580935,3.3090422756580935,4.1549414183786695,4.58828584147507,7.030315205865949,9.119654361759155,11.26380875873799,12.735856571894516,9.924161795993282,11.79255087854634,9.455586389928015,10.97539217288086,9.233278147162926,9.898132976024234,12.2022817016003,7.283523204687634,5.576204857939553,2.0512677221951297,1.3390394048447183,3.3090422756580935,4.110228619885986,3.3090422756580935,4.246247748367496
4.020055404993984,3.908190875874445,3.7421815760351422,5.152136402240202,5.99211940575897,7.086709027393992,7.0996581483771966,8.32608468783042,10.518692273541777,9.060907079159628,10.516920823361438,11.543554326919427,10.863370748881,10.199563287620602,10.586554946465792,9.254969613162066,6.910187391294694,4.376310841737256,5.626667770093429,4.404011822284278,4.825245382272748,3.8213174666778333,3.699580595339165,3.699580595339165,4.3830093758748365,4.312782010280077,4.622816679668184,5.138808697905857,7.0091491689268945,7.620978353933396,8.22177827740717,12.133215552680797,13.218640963094483,10.771396776590315,10.357638637879784,10.331963653652268,10.054554278261769,9.40887860237224,9.424569411975657,10.140031150544752,8.65435012876415,6.974150105177718,6.916194408624127,4.9149823380490805,3.9226841596742807,3.879382476466357,3.699580595339165,3.699580595339165,3.699580595339165,4.22447201659811,4.071568297819521,4.943982530954395,5.828376794831013,6.475688123230713,8.239712874631374,10.275585413388137,10.740604624361803,10.612536262629618,8.275214454683624,8.374835024180818,7.646834369974859,7.185846401972424,7.689959309105065,9.002069160437163,9.84601634346734,6.501000694637254,3.699580595339165,4.663374654908471,3.699580595339165,3.699580595339165,4.713674220609735,4.3484703037778605,3.699580595339165,3.699580595339165,3.699580595339165,3.699580595339165,3.699580595339165,4.9369365543961985,7.859399956444948,10.40231461211019,11.17064944627007,11.558471524427423,11.786945576111863,11.948524765628587,8.988910330514564,10.297078174107956,10.67498790601281,10.331963653652268,9.982866172052393,8.878598612721607,5.283429077623966,3.699580595339165,3.699580595339165,4.20292559718118,3.699580595339165,3.8781879528487653,3.841580220647033,3.699580595339165,4.003388538538029,5.118042038565253,6.18525126210478,7.846046541081876,10.206534519805471,12.674025949678331,13.597064197648582,13.803448318783369,10.403095313057948,9.97555768135106,10.029712204463927,9.899528167947132,9.802965067512845,9.709445762774983,8.964456637870235,6.017502909553794,4.683776862526969,3.699580595339165,3.699580595339165,3.699580595339165,3.699580595339165,4.500894365610343,4.299232144182538,3.8385659874243974,3.699580595339165,3.699580595339165,3.699580595339165,3.8204199285357796,4.94477703253372,8.066855011207442,10.701185768366466,9.517022778263408,9.702189402260164,9.408942033173652,10.327490677060215,9.240473546101919,11.364924964386297,8.589472119748097,8.322530802732,6.163619623919958,6.322632062757958,4.598128087718006,4.211633052746968,3.841416678489754,3.699580595339165,3.699580595339165,3.699580595339165,3.699580595339165,3.699580595339165,3.699580595339165,4.9510915534183635,6.28512967913147,8.684623289891693,10.966454611533498,12.549912193806692,12.12026938018318,10.294051939258386,10.17108651378223,10.590638030259603,9.464600194150135,8.686055060308274,9.654822580689105,5.148027830861692,4.068607301844683,5.12551367973296,3.699580595339165,3.699580595339165,4.293291510922231,3.845246851978841,5.086668733104235
4.004872965831983,4.706564846975677,3.6968557265706776,4.2461195093799615,5.609862148519918,7.152804276744013,7.965909283421858,9.992470954037543,12.422801893086445,12.755828980233838,10.391083881331653,10.624017880150328,10.014746809067557,10.102375956325027,10.228695324626985,9.873282122201537,7.542156524279664,4.768729809801618,4.6329076771354405,4.366569980589012,3.6588966992451173,3.6588966992451173,3.6588966992451173,3.6588966992451173,3.6588966992451173,3.6588966992451173,3.7898428305741656,4.69058853667968,5.848862052464874,6.028072960941186,6.54481075354202,10.991878814958099,12.852649801617481,9.91851583313532,10.278168949284805,10.650443539070128,9.67072353915501,10.07459940518353,9.863381411917276,9.876984184744295,8.638957378896817,6.274791714227095,1.2607994633112558,3.6588966992451173,3.6588966992451173,3.6588966992451173,4.170063454277675,4.289908658991793,4.288861674923719,4.718420963156328,4.196014478751051,5.202158725289252,6.472053354385346,6.910972363540346,8.254278742319485,10.806814984120974,11.173272337021661,11.314128952364037,11.993290914689194,12.095529390873752,8.01099493591813,6.948069384307474,7.356598850115838,9.47112030594539,7.765040508890128,6.134738052735763,4.546159470948186,4.992226322826525,5.011653844405593,3.818209181377021,3.6588966992451173,3.6588966992451173,3.6588966992451173,3.6588966992451173,3.6588966992451173,3.6588966992451173,4.215784997303871,5.325540496404205,8.258883660600187,11.239998748719241,11.0573652742148,11.25715059834231,11.513645475612755,7.6325644112688265,8.044043109498078,8.848133595797446,9.024232032026731,9.757919075836984,8.822136668076826,8.668290822643643,5.3332810636459875,3.9451289898653603,3.6588966992451173,4.328761960208753,4.464777372626972,3.8097449343499514,3.6588966992451173,3.6588966992451173,3.6588966992451173,4.434159775754422,5.715925772693933,7.585605588479021,10.432685657751147,12.355964616510281,12.776607023977958,12.761147257306186,8.814460920537881,9.25976142159522,8.699927357062034,8.799860124141949,8.899170874776186,9.618075534117793,8.34753263259116,5.035344735280519,4.222960478827247,3.6588966992451173,3.6588966992451173,3.6588966992451173,3.6588966992451173,4.3521646689774816,3.8980493133667498,3.6588966992451173,3.6588966992451173,3.976268588444494,3.6708624415906215,4.25957108884119,5.638384306283767,8.92519892286101,11.936334238157693,10.371475043030772,11.136517177882654,10.391083881331653,11.28196665418207,10.308031373853131,11.157635256283896,9.589504740556764,8.443167501007807,8.134526265293898,4.521801310828515,4.905850969471144,4.38905774443102,4.212746471240961,3.682397885755155,3.6588966992451173,3.6588966992451173,3.6588966992451173,3.6588966992451173,4.13557739314502,5.211429568501719,6.541682382024087,9.356787843535564,11.49922189297375,13.25894976219528,13.476948321362762,11.057081488621309,10.391083881331653,10.391083881331653,10.073962638113006,9.973185833303166,10.391083881331653,7.675516735441086,5.420728328482402,5.803081670536638,3.6588966992451173,4.119481082456706,4.447743820164848,3.6588966992451173,5.543454395928646
4.72647516270884,6.139124695168784,5.34333522496497,5.662801234232889,7.183584865857599,8.98464680150185,10.097356706716415,12.442561924641959,15.107673745035633,11.705039430547068,11.73075501906813,11.37657143221657,10.25890331913601,10.21627235534467,10.53397555877834,9.996891606513643,8.53558136179992,5.210363981724297,4.846835705117205,5.421769968905386,4.638524944884437,4.638524944884437,4.638524944884437,4.638524944884437,4.638524944884437,4.638524944884437,5.008346484928608,5.3344626713240775,5.810204071177662,5.838504343800492,7.148732401051319,12.582750916744404,10.603806396733804,10.789457283884586,10.760758774765177,10.907905036947149,10.837148632349637,10.875472972058555,10.774320941696445,10.95211489439109,10.303184824709238,7.737993013006844,3.7737924052276846,5.150378670458372,4.638524944884437,4.638524944884437,5.024860889445777,5.6114166072573735,5.709326791220844,5.7411099369865575,4.733194166631037,5.173588345520274,6.185499545209842,7.269766353726478,9.213080559595443,11.323002227642956,12.334132938262197,12.76359654063614,13.786510534118143,9.504393483615276,8.347494706478347,7.2896750176148934,7.38416032002051,10.314937450546362,8.84132329062102,5.408375026432092,5.063858610204131,4.848250613905632,4.781261333628391,5.215488818193849,4.638524944884437,4.921930375671082,4.638524944884437,4.638524944884437,4.638524944884437,4.840726836582241,5.313748645664607,6.224902546096645,8.602107137809014,12.242507183127142,12.917044353583126,13.422914513269038,13.07377076651313,8.619630427738146,9.3727186963958,9.394272271952422,10.01081388314022,10.92679565876891,8.570844529068427,7.202801362744682,2.6818491761371033,4.822694131622827,4.638524944884437,4.638524944884437,4.896824742798035,4.638524944884437,4.638524944884437,4.638524944884437,4.638524944884437,4.638524944884437,4.692007941476043,7.082087551414528,12.066518086361093,14.81668897539371,15.6098550597671,11.30793067634263,11.139137977388527,11.202720373711804,10.766870458510475,10.465758292703095,10.135226960193915,10.618733497343497,9.573883332226767,4.719823888639055,5.128083111858126,4.990375486750601,4.638524944884437,4.638524944884437,4.638524944884437,5.306583369484018,5.4671528485305,4.9083675556898445,5.062131149700198,6.0168526230485515,5.9563681953429235,5.8944922288593276,8.006883524356123,11.842213257849783,14.335601208455987,11.368184056620699,11.37657143221657,11.37657143221657,11.179642037465548,10.90692789989212,11.363835423772745,10.014190607131837,9.679738692285651,7.914523310915184,7.4392101607047,5.09136541548831,5.702662035018566,4.65263210683023,5.195431189945389,4.638524944884437,4.638524944884437,4.638524944884437,4.638524944884437,4.638524944884437,4.774521054428538,6.396413832631685,10.375070788825067,14.082349796596258,15.716021916226264,11.150145517856455,10.673162947123553,11.068890570576784,11.08828612984283,11.029413128728452,10.843926534777706,11.37657143221657,8.881325497203164,6.2766536539490225,6.066817966120361,4.638524944884437,4.932053805447436,5.393792724502256,6.0716988478892935,6.7580350669516385
6.680858323835107,6.892648044860288,5.891662348571018,5.891662348571018,7.477746493823561,10.037566510014585,11.423108560338482,12.613072169110778,14.746214263371371,10.693383083548323,11.703526315503343,11.54555464428887,9.809771285634332,10.683908101830424,10.710225518373338,10.320168315819014,9.152062212520155,5.991096002886533,2.7718830076157754,7.571721913458292,5.891662348571018,5.891662348571018,5.891662348571018,5.891662348571018,6.1022574208111084,5.891662348571018,6.20064848122249,6.526659037460096,7.325782719844648,8.324845767819205,11.092209842028556,16.377243538153948,17.462119691941467,11.382278740117384,12.03091102513819,11.963787396125257,12.12761295538516,11.941392343541924,11.815104332258368,10.888211683360156,9.725986168978503,5.838232197719512,0.7402162984063103,5.891662348571018,5.891662348571018,5.891662348571018,5.99640931419437,5.891662348571018,7.286409266763509,7.140761138933059,5.891662348571018,5.891662348571018,6.466795633914962,6.8538875971881446,9.782272978418106,12.308765251767763,13.501575198572649,14.255298890737256,9.869290327484798,10.229874418921902,9.05954804119273,8.58805073744197,8.382005322977042,10.699209853889748,10.103302831265562,5.7899763872823105,4.8342155204106545,5.891662348571018,5.891662348571018,5.891662348571018,5.891662348571018,6.369707899517566,5.891662348571018,5.891662348571018,5.891662348571018,6.690412667066042,7.305625963176979,8.42112071398527,10.625412539970686,14.057802605267467,14.584557352484016,15.185304076823895,10.464278580784786,9.547155621724192,10.197358680057006,10.557851843100568,11.0219379823998,10.980395579384801,9.54059819425045,7.819496285376269,6.230847704090267,5.891662348571018,5.891662348571018,5.9891311872745705,6.56694852881279,5.891662348571018,6.603111177002418,5.891662348571018,5.891662348571018,5.891662348571018,6.6789303373020275,8.92673985322649,13.85142352443715,16.62591483192716,17.492718359613676,12.65813886692534,11.841119249760562,12.079033610096946,11.745632624354382,11.264274139985279,11.042446144333697,10.754346757000944,8.920821269354638,5.109617964258037,6.207952895471233,6.266899641349178,5.891662348571018,5.891662348571018,5.891662348571018,6.233561978318679,5.891662348571018,5.891662348571018,5.891662348571018,6.258921407090717,6.425471284446923,6.493602965448389,9.178314781909418,14.154217946576548,16.496845964756297,11.908424511409965,11.978997213193516,11.941392343541924,11.941392343541924,11.941392343541924,12.154014276729821,10.290925548046149,10.279715766974185,7.936697937238948,5.168471080273326,5.891662348571018,5.898361901590281,5.891662348571018,6.007370277964668,5.891662348571018,5.891662348571018,5.891662348571018,5.891662348571018,6.365421621565979,7.137041646316449,8.558176623474896,11.83629342358715,15.012400607483677,16.599516986227535,11.22254999370372,11.155637205895754,11.563333686000231,11.720585126112784,11.34266133045693,10.785802488641869,11.941392343541924,10.083759128920647,7.349779333753584,5.5564957759724996,5.891662348571018,6.7353396466536335,7.281511629353589,6.709096609286614,7.517826371135095
6.672151455811566,7.378564012930479,6.230800757385709,6.230800757385709,7.099636137421929,10.045111198088481,12.306118677138208,14.836747934348313,17.201146905502288,11.832954773060482,12.37583221982589,12.37583221982589,10.474689929218577,10.59568421427086,10.832258399744433,10.213110384506365,8.741743207077493,5.862066051752335,3.292477241626114,7.059796384840543,6.230800757385709,6.230800757385709,6.230800757385709,6.230800757385709,6.252039610644843,6.230800757385709,6.70983273156019,6.963238317437803,7.450275530694119,7.80405568341257,9.954928193717134,15.981379282331822,13.30164005966775,12.070312359708536,12.27465369897143,12.429698743091448,12.43293689274975,12.37583221982589,12.362390479801746,12.40796587180944,11.710348243246827,7.7316435449681595,1.9886101632292645,6.426840734351405,7.2864879960692095,6.276989755000574,6.45556307261667,6.230800757385709,7.123883478991582,7.324146957691065,6.230800757385709,6.685799541062521,8.43085323425993,9.441513700166812,11.133520536156967,13.717529610540286,14.429265423896997,14.979168862727981,10.113412127461716,10.353429373575542,9.55893742768575,9.416056938943209,9.13779724786497,10.205192008915727,9.133237645121461,5.912400451657296,2.96099549885398,6.230800757385709,6.230800757385709,6.230800757385709,6.36445767416627,6.305946345493343,6.230800757385709,6.230800757385709,6.434460962539346,7.339326188529035,8.030566199827295,9.14773051748698,11.078706713613894,14.000484540480636,14.168512496848681,14.966290107711302,9.18910751163268,9.884404198303464,10.606446631115661,10.989938320248031,10.398689939557261,11.200533516262825,8.517561502611628,8.50504749048562,3.721738350656087,6.230800757385709,6.252371325814472,6.251822877773067,6.7469143843072565,6.230800757385709,6.7381788186094225,6.230800757385709,6.230800757385709,6.230800757385709,6.744158635754891,8.713974690286827,13.919506758851323,16.445932846001,17.077356244417498,11.181423034206741,11.567250712401536,11.334033957534599,10.804973894657616,10.01634235656103,10.378977311757085,11.110066629009413,10.784115765561946,7.621415447016236,5.973282415816605,6.40157902208513,6.230800757385709,6.230800757385709,6.230800757385709,6.230800757385709,6.230800757385709,6.230800757385709,6.344281415935576,6.667335707647053,7.022850645411067,8.047910546411776,11.439598802686348,15.585326768385656,17.186908648481154,11.401637403950494,11.65975645202267,11.814393299526843,12.004788493973573,12.176317138487674,11.667589212758429,10.132631045109038,9.905279968447935,8.922895044430364,4.124844524843602,7.644858773231074,6.230800757385709,6.230800757385709,6.230800757385709,6.230800757385709,6.230800757385709,6.230800757385709,6.230800757385709,6.8766212396140824,7.962162889667816,9.410754506280389,12.941155119948526,16.836693408031838,18.452307001165156,12.37583221982589,12.267299995508388,11.796958774363931,11.649098362652287,11.229957182000001,10.569125862858181,12.37583221982589,10.219499649089089,7.4327262080487415,2.3541274184766374,6.230800757385709,6.230800757385709,7.240902632466291,6.618769840599214,6.481150229967366
6.4804302650015275,7.1009152344713415,6.4804302650015275,6.4804302650015275,7.906529509012866,10.37664969012883,12.856330100301907,16.46782011771695,18.47884402747003,12.23602396883962,12.810286498417168,12.749542672673462,11.152967949665081,11.699488445739108,11.862730564863114,10.87446593123701,9.7189624709045,7.348907600329991,3.303777353235899,7.617583618809156,6.583423606339885,7.673124861111247,6.4804302650015275,6.4804302650015275,6.592145677938605,6.4804302650015275,6.8234905777528265,7.459455266298172,8.17098934649277,8.644394471760652,11.006911801735178,17.04657214110542,15.353540421538035,12.113200746404344,12.224982917362949,12.837969639347802,12.762927366346805,12.749542672673462,12.749542672673462,12.582777123464773,10.69322605805004,6.830987370571937,1.5604106796389818,6.4804302650015275,6.825071046250907,6.616679796359013,7.00363368424702,6.4804302650015275,6.99975418408499,6.4804302650015275,6.4804302650015275,6.4804302650015275,8.022301438763385,8.850802061752848,13.087084960443343,15.384861596757645,15.101103002126912,15.335116450521632,10.102106574180146,10.636544657878124,9.570160607929443,8.783388608908293,10.09808154230812,8.010618356287978,7.837338687004147,6.973191918767062,1.5349882998152087,6.4804302650015275,6.4804302650015275,6.896457914868259,7.565887252269073,7.248937679280705,7.3363342245256264,6.4804302650015275,6.833906490199216,7.475569718545009,7.884158346939453,8.569124160834216,10.160341136586029,14.268219851512287,14.751045663330753,14.538710823879924,9.044776647465053,9.84982316928471,10.98925527407205,11.330655706786334,10.657651370383043,11.466611095627657,9.506215068870237,8.621927701034515,3.1692130048554743,6.781546228098785,7.790392241971591,6.628251137857957,7.126424678069297,7.356822750154548,7.303617443712313,6.4804302650015275,6.4804302650015275,6.4804302650015275,6.8239593607819184,8.607165024973675,13.936341605112371,16.491854485880815,17.351707621828712,11.648092727281513,11.95143086517315,11.616437001470215,11.113118104431056,10.446406816347283,10.465933408828972,11.560157200292505,11.291381424225616,6.636583428965761,3.814893835823537,6.4804302650015275,6.4804302650015275,6.668553037063263,6.4804302650015275,6.5470733533372565,6.4804302650015275,6.4804302650015275,6.4804302650015275,6.724647319850738,7.1862320359191125,8.228169857028504,12.193214230146086,16.56374632928695,18.140990436052487,11.646306887170686,12.11978325606001,12.687733235219062,12.839674148242015,12.716577525296747,11.59112442774618,10.591015962089962,9.454403229828754,8.514542919100894,2.773048494204396,6.4804302650015275,6.4804302650015275,6.4804302650015275,6.4804302650015275,6.4804302650015275,6.4804302650015275,6.4804302650015275,6.4804302650015275,7.017006491957759,7.859352077885135,9.282196818277486,12.98694188641591,17.62372450771376,19.22997293767499,12.836967855300243,12.765225410936305,12.749542672673462,12.834520102738095,12.766457855158542,10.303735849742932,12.003320787566809,9.821639739220688,5.93187893933675,1.7314115790321385,6.4804302650015275,6.4804302650015275,8.58168640611593,7.4505844855136285,7.400302827312403
7.222204032514765,8.249024919501815,7.8407901576530215,7.109388025182172,8.282467647260338,10.873786565643348,13.386550129411376,17.049585978990645,18.34688602214726,11.882388737242655,12.460936374690979,12.744701470305547,11.079767572130242,12.017444040850899,11.879886270993056,10.816104919356174,8.677413260615285,6.591358976655776,1.6907199795469223,7.326175964375258,6.821364751446387,7.764904805509028,6.821364751446387,6.821364751446387,6.821364751446387,6.821364751446387,7.0128281669366,7.561679271686599,8.248567610567953,8.617907726846717,10.742722772008207,16.42651268746564,12.1767546411274,11.891511292776782,11.749455314105223,12.198377207851369,12.72317267381236,12.707860475550568,12.672293569912574,12.179312845973667,10.017060768293241,6.843374639674226,2.13184661975406,6.821364751446387,6.821364751446387,6.821364751446387,6.821364751446387,6.821364751446387,6.963484959037236,6.821364751446387,6.821364751446387,6.933417180678699,8.546951937775491,9.266601869742452,12.253314352983818,15.547672095407627,15.306059973932165,15.992440728301215,10.379876610448923,10.713852441937883,9.999331060521811,9.406607243002016,9.45167089185424,10.764531179198519,10.191336573838033,7.70013790917283,1.3550642210833181,6.821364751446387,6.821364751446387,6.821364751446387,7.194893552452688,7.274243374824197,7.731501559701937,6.821364751446387,7.002300664374635,7.678114102847004,8.182859607204424,9.076756172770654,11.105073541393056,15.219688234423831,15.37633974110116,16.14429229011084,9.259197493468228,10.069057389377523,11.05710711577642,11.39692410488042,10.825960185986546,11.638315792662683,9.449721724945105,8.001123089928099,2.4628576566525315,6.821364751446387,7.135872934799364,6.821364751446387,6.821364751446387,7.747136223107413,7.911552418885569,6.821364751446387,6.821364751446387,6.821364751446387,7.291499165261881,8.519263254703827,13.090572591665275,16.505710641611493,17.172735582322773,11.310320410709867,11.7504756065474,11.376632843548414,10.79181608775984,11.006581749414927,11.034480169451903,11.343590710841477,10.930203094804233,5.81783889399775,3.2356266145030386,7.947680676789027,6.821364751446387,7.558232459454148,6.821364751446387,6.821364751446387,6.821364751446387,6.821364751446387,6.882921611074568,7.430062588709992,8.042323175015472,9.59116755947775,13.529933428064787,17.221967398097767,18.682556460457462,12.2342617999367,12.674646402258974,12.789755286102192,12.707860475550568,12.80635193622506,12.271635850564143,11.344020083371117,10.000822760040046,8.478666903976062,4.4743910861511305,8.206485152473252,6.821364751446387,6.822770029608622,6.821364751446387,7.1046869035442235,7.083477000404601,6.821364751446387,6.821364751446387,7.349844021385556,7.9233163361556205,9.113096042572078,12.202604757117783,16.87273334723494,19.262232554373153,12.922725053447738,12.707860475550568,12.804418934870556,12.744783795855444,12.668555986824586,10.917214418373577,12.707860475550568,11.722761803930398,7.061304546710443,2.693149940274713,6.821364751446387,6.821364751446387,7.993944245136171,8.374187155547622,7.354208149892481
7.264063117083993,8.46026556542095,7.400142616358864,7.264063117083993,8.085129990329092,10.807389075893402,14.39455049095878,18.462638156212307,19.38616939971295,11.998025566107625,12.63571581713849,12.998208986844627,11.275454166720598,12.450161161840892,13.144773241075788,11.643891790748167,9.411678280858697,7.910137814817701,1.746002534201038,7.34463137862604,7.264063117083993,7.264063117083993,7.264063117083993,7.293547297505317,7.264063117083993,7.264063117083993,7.469157785989163,7.590749608797337,8.518111381625609,9.757318395561697,12.949955219896573,18.458690935911363,20.0,12.931957111368662,12.649349300445264,13.144773241075788,13.144773241075788,13.188546641256458,12.081570100824612,11.859073672886506,10.193087186357445,7.972100868553418,2.5436385546414972,7.822452145603396,7.264063117083993,7.264063117083993,7.410917262444838,7.264063117083993,8.741145292228374,8.906658730657837,8.337167508456774,8.750441689425344,8.98780513402803,9.272229661321576,13.099362757667258,15.670615203310383,15.857057508132552,16.48025648932348,10.792634222315026,10.981062673120302,10.50966643047132,9.813273081195337,9.759701105905782,11.04028459465859,10.320012177758025,8.100823498986816,2.156867570315855,8.096038906934929,7.264063117083993,7.393969428823523,7.493602782047649,7.308827645029743,7.264063117083993,7.264063117083993,7.264063117083993,7.759870135131327,8.322476198161905,9.412901290724747,12.08268831896473,16.02528368115699,15.894962732062627,16.92874192265084,9.226179372876283,10.052142208217825,11.114697257511267,11.75104414312821,11.516664894453799,12.20588011817049,9.913213439898781,7.821278348674057,1.8781063000306322,7.264063117083993,7.531793710335181,7.264063117083993,7.264063117083993,7.66245660364552,7.468446010226405,7.264063117083993,7.264063117083993,7.264063117083993,7.830308635930708,8.776562447188981,13.010296842029907,16.505105994583715,18.045056251818345,11.704666189841678,12.469029932136086,12.301830164648306,11.96605653208087,11.317928261118897,10.61589919190971,10.704643071814612,10.989260420411913,5.6450084433973835,0.30355513465949147,7.669955382029868,7.264063117083993,7.7375236913208445,7.509551935830392,7.264063117083993,7.264063117083993,7.264063117083993,7.336653839164847,7.628452129293066,8.081835220942322,10.512745494533712,14.655129709984328,18.06690229065345,19.544799392855296,12.41603316693222,12.930505305251621,13.302796251715323,13.144773241075788,13.145559183382334,13.140790763745555,12.20228860441428,10.73450399940746,8.932423709958515,5.770971683051326,9.348690405499667,7.591575847485034,7.625361091670663,7.264063117083993,7.264063117083993,7.264063117083993,7.264063117083993,7.264063117083993,7.4621417595815025,8.259701449263073,10.189331589659547,13.678454371006687,17.860542114753347,19.330866682603865,12.959043497777772,13.144773241075788,12.944933265124964,13.144773241075788,12.733861183133182,10.764968423179125,12.034561511932909,10.291269863994595,5.757856389973481,0.9617978334504703,7.264063117083993,7.264063117083993,7.828952709346086,9.229130097615759,7.754806589140616
7.215597312477183,7.971839875755283,7.4467524187762,7.157927528195382,7.157927528195382,10.311585958975593,14.27347826514931,17.981914930180125,19.23040619374276,12.64445226297299,13.070124461908348,13.28685831124873,11.640709775141449,12.743846967342266,12.853507680710539,11.516891197151155,9.746479865215617,8.255388519864297,2.4388608752255445,7.157927528195382,7.157927528195382,8.105792660522702,7.157927528195382,7.587794273927661,7.157927528195382,7.432456180394061,7.41776224202774,7.679522450910835,8.629330801451754,9.574004401144023,12.270226440422743,17.78448201207823,18.418916050299245,12.577662185782332,12.31765632939796,12.535323543121699,13.070124461908348,13.13507304066213,12.61902906751017,12.701097569807406,11.030435317889221,8.092497437174456,2.843299556494219,8.705027111687693,7.701870093337318,7.4498107112047505,7.157927528195382,7.157927528195382,8.88988622478042,8.900012188334559,7.87550528319872,7.775098258384944,7.702838878423662,8.660543530988893,12.280792561647912,15.174939093347861,15.379412197065914,14.852842258813178,11.109270296057927,11.08068423957071,10.58858522026143,9.756226436228527,9.356899646819343,10.619686466134478,10.217123431858052,7.632142090593144,1.712274494968386,7.229358861538034,7.157927528195382,7.157927528195382,7.469770473920875,7.593987837687184,7.157927528195382,7.157927528195382,7.157927528195382,7.478181526708258,8.08558435966147,9.636638253451931,12.608557334702883,16.02364488231276,16.286824891824985,17.271029129856743,9.480267492527211,10.280037435961615,11.34540064252694,11.787504229477952,11.77199535662075,12.514403978625682,10.375932398558483,7.935715611872866,1.9562494125412757,7.157927528195382,7.336408469363795,7.471061635549243,7.157927528195382,7.757954263168232,7.527431226206218,7.157927528195382,7.157927528195382,7.247165235621642,8.085890327670846,8.954337188181576,13.464431461384613,16.83316261583345,18.305661414266623,11.729149977764209,12.239499415221339,12.442366917240275,12.234290752940758,11.871658480978839,11.39325975070532,12.374690143438539,11.390757814517066,5.446284320686224,2.2181426269028357,7.336811963458912,7.157927528195382,7.396910940922738,7.157927528195382,7.157927528195382,7.157927528195382,7.157927528195382,7.157927528195382,7.157927528195382,7.157927528195382,8.71261330705196,13.364801967306317,17.561138219394806,18.907799445360197,12.06505908739,12.55160392366904,13.070124461908348,13.070124461908348,13.070124461908348,12.716001645239691,11.81311676491457,10.173231034725102,8.071441530990286,4.101079637050486,8.450066267641883,7.157927528195382,7.360837244451132,7.157927528195382,7.291295862453483,7.708736893835488,7.157927528195382,7.157927528195382,7.728021447867647,8.406028882175091,10.04020226741945,13.189783202181632,17.76195606684297,19.64136232470323,12.528856731038077,12.658447669248115,12.55071737600597,12.679281757634671,12.837325459219038,11.229997407187003,12.335200821630927,11.04552503781377,5.742956433763434,1.5269797950726522,7.157927528195382,7.157927528195382,7.70400753599226,8.53357284465825,7.157927528195382
7.158178693900644,7.434780098630553,7.555171247640544,7.104032299303768,8.207821564618527,10.706070114354738,14.172455674114865,18.024598847244327,19.134485253343392,12.53892500486655,13.32405600422814,13.472163837962244,11.349144343935818,12.367373015357156,12.723913147713631,10.981199780900067,8.63042961450026,7.653595336149449,3.0735058246180476,7.780716481654902,7.104032299303768,7.612924849240584,7.104032299303768,7.460181751797175,7.104032299303768,7.9057945881210285,8.048927354945814,8.51742314402337,9.57215746121664,10.249498403332908,13.193691681624385,18.898729274935974,19.788888038597776,13.098037867890325,12.88112124585031,12.746505614848527,13.452181550258523,12.716195632482416,12.491039129014318,12.876947627347938,10.9456858898355,8.204254067239166,3.0667612015212797,8.999408133591817,8.023026107257643,7.417181796273803,7.104032299303768,7.104032299303768,8.296711990359205,7.716489769534563,7.175610382300707,7.544188182258239,7.957879357617575,9.115512732914505,11.974537389033394,14.74730785983672,15.897245728274363,14.46325994997876,11.779649479525045,11.43658936392042,10.561534446435852,10.50889027161065,11.384978278110628,11.342773814327817,10.959074555573489,8.110835943211427,1.9721342566343003,7.104032299303768,7.104032299303768,7.104032299303768,7.3787522228535565,7.719914062314197,7.104032299303768,7.104032299303768,7.104032299303768,7.302048114059459,8.001346208189405,10.24216006772281,13.375397855028282,16.379484299535797,16.525065321917705,17.22523969761587,9.306995564319754,10.047969942626542,10.973596192966374,11.724653958996099,10.767369732409982,12.431057018646772,10.48922679915604,8.139482792638068,2.044746631608737,7.104032299303768,7.405538582451771,7.104032299303768,7.104032299303768,7.16871687825193,7.25062354247234,7.104032299303768,7.104032299303768,7.104032299303768,7.88023364251363,8.97809994986519,13.922467460290957,17.050543578878905,18.370472007989385,11.524084249364746,12.141605438302902,12.698224860203045,12.727847828999947,12.587462203366902,12.169739847283447,13.177922877978709,11.757852415953874,5.6255394954786535,1.6349121142254226,7.483224466953824,7.104032299303768,7.153254677632027,7.104032299303768,7.104032299303768,7.104032299303768,7.104032299303768,7.104032299303768,7.104032299303768,7.104032299303768,8.519593083036458,13.866472506600712,18.027536160276448,19.25654719207224,12.830296513078022,12.891384073694715,13.34205055507272,13.27942204245223,13.27942204245223,12.873059448813283,11.451814159439925,9.86019575182897,6.2632240300310595,1.538607169533408,8.228553426315646,7.104032299303768,7.4106922123427035,7.104032299303768,7.437603804491793,8.54645018430868,7.262130343590821,7.562005585925607,8.303163532089387,9.339048903387019,11.34490324671688,14.040559158607753,18.42503036153053,20.0,12.718335098159006,12.966160198305204,13.339570483025888,12.926448990061216,13.354133158447642,13.27942204245223,12.910670133878144,11.461236619588128,8.127610548400591,2.731555102759887,7.104032299303768,7.104032299303768,8.05690384971305,8.518772083860341,7.168689298893007
7.232006357844905,8.129786551540773,7.839109690202104,7.232006357844905,8.057978244679882,10.557585530797414,14.436036219610685,18.269687789239264,19.319588812480873,12.62868735741624,13.365818859912752,12.987794225894948,11.702886307318009,12.925731446496187,13.433803242634454,11.311636367661807,9.13747121987596,8.028885296331577,2.106029416900047,7.950219342798469,7.232006357844905,7.232006357844905,7.232006357844905,7.797120537441037,7.232006357844905,7.455779529579699,7.678575626309508,8.04527101490931,8.90635169289988,9.60186404864268,12.8164582306377,18.009799049745066,16.80318850668379,13.288154128289111,12.928180039297043,12.729835214540078,13.499686271938666,13.085693898490252,12.52960256324271,13.07554160675643,11.116500016205373,8.966517905007985,2.7329399826722223,7.972027422699979,7.723778406987246,7.232006357844905,7.232006357844905,7.232006357844905,8.044758055536175,7.232006357844905,7.232006357844905,7.540681212018294,8.016529926254957,9.078408876150585,12.86186609497506,15.157479097046409,15.798551599988954,16.777171188201905,10.81003596688538,10.560629414557953,10.174973646272203,10.068248470128497,9.760988205756593,10.924402664119205,10.339871718287348,7.802611762686342,1.7202227198644071,7.483001532839727,7.232006357844905,7.232006357844905,7.77523643946267,7.827017411141493,7.232006357844905,7.232006357844905,7.232006357844905,7.232006357844905,7.232006357844905,8.837629449717404,13.609844335760656,16.683918877482387,17.459174746341986,18.107040532908616,9.814014394584474,10.500174043276076,11.406767803682076,11.979049329404464,11.237831072427687,13.226627604318988,11.41636949423153,8.66347764851848,2.567925267269162,7.232006357844905,7.608424628627195,7.232006357844905,7.232006357844905,8.123480304074675,8.086352654960873,7.232006357844905,7.232006357844905,7.232006357844905,8.26024738379819,9.40124338579277,15.100229427956979,17.965457740545293,19.38090051926773,12.330526587163181,12.779302197629686,13.073450133768912,13.02113343062019,12.197789148601165,12.058521229287964,12.678263430195859,11.589469176700522,6.094082660591786,1.4182560546391945,7.648245814898126,7.232006357844905,7.232006357844905,7.232006357844905,7.232006357844905,7.232006357844905,7.232006357844905,7.232006357844905,7.232006357844905,7.232006357844905,8.754999451651951,14.01611216286903,18.206283808747816,19.402354932448272,12.671366053352642,13.277967686420508,13.481641759337391,13.433803242634454,13.433803242634454,12.59150413164537,11.94206362973674,10.16546673249701,7.371813718102142,2.3545932209288787,8.954805184703606,7.232006357844905,7.540711288953245,7.232006357844905,7.793891145407046,7.979734174366778,7.232006357844905,7.357382711773397,8.236735528105617,9.106282437904127,11.163231307862656,14.00507027447015,18.60064096943608,19.985082055884494,12.720113708590054,13.116295229682445,13.297675843632323,12.496487043056709,12.71762908352104,12.866838705978587,12.941029302339032,11.799766305165253,8.22742402483666,2.555610438907835,7.232006357844905,7.232006357844905,8.144465396962408,9.1516266452344,8.430769692514838
7.348830171643088,7.692695894125181,7.782167764049099,6.965362051785717,7.675934028757418,10.155802171287732,14.111307858766802,17.951298401178743,19.500237145585455,13.278631572775652,13.591551860426803,13.170491447128269,12.316744647149996,13.310571513871396,13.310571513871396,11.872185902911667,9.652787552363417,9.120294401022475,3.508202246327075,7.425896630815635,6.965362051785717,6.965362051785717,6.965362051785717,7.399214939232232,6.965362051785717,7.609999370529147,8.226893168590122,7.887956863983949,7.9752838034260485,9.046224580255267,12.411746206088488,17.911402109105133,18.631603963596095,12.401610103348139,12.438094709009114,12.811213727830566,13.310571513871396,13.310571513871396,13.310571513871396,12.58060257012531,10.581491095761844,6.9209773791836415,1.8390492026785383,6.965362051785717,7.064671981035188,6.965362051785717,6.965362051785717,6.965362051785717,7.336960138158105,6.965362051785717,6.965362051785717,6.965362051785717,7.5030712860792494,8.598867362822617,13.300649985254555,15.240825067088288,15.81156569527582,13.891794198084334,10.748227058029391,10.604521228050086,10.079372676505109,9.81876571132203,9.802388131067511,11.248722539355954,9.852442278946604,6.9984972163318,1.1530705538222683,7.323864791379639,6.965362051785717,6.965362051785717,6.965362051785717,7.161413666315466,6.965362051785717,6.965362051785717,7.3995365523608605,7.659887735245842,7.6669037211841555,9.497459799470796,13.90787223291473,16.967748926085946,17.44030819653304,18.35059215799166,10.724684463397216,11.010580860313992,11.649297591766123,11.959147395428388,11.198226254688791,12.560060697840177,10.185534394261982,7.1034772074277495,1.3923299911058238,6.965362051785717,6.965362051785717,6.965362051785717,6.965362051785717,7.071582993955723,6.965362051785717,6.965362051785717,6.965362051785717,6.965362051785717,6.965362051785717,7.914544144312818,14.590735349638283,17.462154484809112,18.811265924201976,12.137512012446203,12.557145108160253,13.133257574552959,13.172828666993594,12.31991263330061,11.383306179380352,12.334605880644919,11.347044049627723,5.95701654822751,2.3035078694747475,8.661834115993699,7.1461469598542,7.6150953469155604,7.401329622410866,7.16753011729133,7.0510232573656495,7.412572197904843,7.555455350823235,6.965362051785717,7.302270349091894,8.963051835184155,14.402330947554315,18.783146444416644,19.30934796824877,12.861155694735366,13.371994001915741,13.455477374154672,13.310571513871396,13.44716532176121,12.889486326315339,12.830499011655915,10.680827736126526,8.156526873994066,4.380422875305929,8.475516678658067,7.076888470106006,7.350618084775829,6.965362051785717,6.965362051785717,6.965362051785717,6.965362051785717,6.965362051785717,7.111510277118664,7.579448007567674,9.51377013706346,12.979848476066326,17.498811439468746,19.516210960651993,12.47547679021407,12.639836673181994,13.10483352280371,12.629249918723978,12.365060253893226,11.211756963032336,10.301748301618447,9.77628456166208,5.290460508105783,1.0825990791918987,6.965362051785717,6.965362051785717,7.3328553807728145,8.798808978885038,7.129535240116022
7.543795007194576,7.927197901166512,7.832279058963062,7.094648892286083,7.9433486986334305,10.508234224223777,15.186061759089863,18.58875489565134,19.19662654158896,12.431376226991167,13.383982498567413,13.383982498567413,12.794811405124015,13.46264282598689,13.48945342975989,11.726645855557086,9.620420292724594,8.131938291369483,2.3190510234256276,7.235832902620454,7.035729803093932,7.352636701623385,7.035729803093932,7.372642264978278,7.035729803093932,7.035729803093932,7.336480968093671,7.781042328271875,8.261935952600604,9.4976632187884,13.17566780058985,18.319464050963738,20.0,12.864763737058496,12.944774925983701,12.52908221736385,13.383982498567413,13.360049564718436,11.906029511786409,11.899649582076862,10.144061766498291,8.105630971319764,1.3418803380177329,7.035729803093932,7.720917044825693,7.035729803093932,7.11051958065416,7.035729803093932,8.873924773501878,7.489730710269082,7.035729803093932,7.796600598766451,8.670580326072969,9.587566572458627,14.24819786172955,15.402572829940873,15.420400891573863,15.187458873524374,10.484280226779784,10.895484090405953,10.280132579140636,10.113611743564192,9.99043362240353,8.130512716546763,9.597692919930765,7.815074570924685,1.9519599496607671,7.815699571921235,7.1742739671578875,7.035729803093932,7.728579808653136,8.002797043447544,7.035729803093932,7.035729803093932,7.035729803093932,7.152386916271161,7.313190330300313,8.514066450331558,12.402287077283912,15.648456964570595,16.57551297849598,17.60088818358028,10.383818530107803,10.697492739006085,11.500286873030008,12.18675652218462,12.076816153136205,12.384470379341705,10.577325695297107,7.722018917919271,2.339699349305832,7.035729803093932,7.170164520373352,7.035729803093932,7.035729803093932,8.457430564408044,7.058155333558351,7.18767049144413,7.14178445282328,7.035729803093932,7.035729803093932,7.9102853545340395,14.357351261991635,17.496937692659987,17.517712271718974,11.879923679087826,12.802342328118275,13.087651203856904,12.680266880592859,12.256279421023596,11.486132367300144,11.86564798717256,10.992538053961677,6.133630606709215,1.8838324950964322,7.669143081037319,7.035729803093932,7.134768363081269,7.035729803093932,7.035729803093932,7.035729803093932,7.035729803093932,7.622935649883338,7.141420380797696,7.527736349566506,9.046040197540963,13.859240102180737,18.17655316653924,19.190805377917226,12.788722443213116,13.383982498567413,13.383982498567413,13.383982498567413,13.383982498567413,13.486462924704426,12.865326946809386,10.678532881655416,7.835562822609938,3.624186938438071,7.625286262817626,7.035729803093932,7.035729803093932,7.035729803093932,7.035729803093932,7.035729803093932,7.035729803093932,7.035729803093932,7.2222318558131295,7.194459273001446,9.383795330105176,12.68450063408861,17.594600337607883,19.803518962959604,12.662111933916002,13.323201529746749,13.477168501618422,12.933535730396217,13.262724345874334,12.78782831900816,11.478125375416738,11.093164330955684,6.320470655081855,1.8724093644638757,7.035729803093932,7.035729803093932,7.6373501000083,8.922222004009507,7.135377742470024
7.287755038173957,7.102871451397895,7.102871451397895,7.102871451397895,7.187828013069686,9.5291832865071,14.111463769799775,17.76329999490823,17.90192195744658,12.749187135553932,13.677344630522114,13.53853651463292,12.245750019595746,12.943856618525341,13.658535249808397,11.106958864264124,9.425815770343338,8.041933140686153,3.55473457215587,8.13926275461795,7.280661156675198,7.729450460126454,7.102871451397895,7.915628914546515,7.102871451397895,7.220073919332716,7.650181350136464,8.392083922102112,9.29049127657517,10.506350912469708,14.51103791491334,19.29367316688342,19.732526259128903,13.349134205937247,13.53853651463292,13.448634915574392,13.53853651463292,13.08042266205284,11.913323794728251,12.24921752525362,10.814638534485377,8.327087741238499,2.4831613361777607,7.26781410671735,7.474888831961184,7.102871451397895,7.102871451397895,7.102871451397895,8.302473876247532,7.68548492742018,7.102871451397895,7.414603851446251,8.592462496089478,9.368886197078774,13.073387232200325,15.587352639469085,15.694591122570369,14.885587701692328,10.606371122864457,10.769777226121821,9.994764353303523,9.689951689291988,10.238396466377134,10.571748518663599,9.48507451458676,7.344495732443163,1.69279419765665,7.102871451397895,7.102871451397895,7.102871451397895,7.102871451397895,7.277442093722565,7.102871451397895,7.102871451397895,7.102871451397895,7.102871451397895,7.102871451397895,8.429540770367868,13.157835560591419,15.47337039449141,16.917235877023863,17.898836939357047,10.589122943547114,10.688764020375222,11.3524057164763,11.891326596830039,11.49988199799877,12.127068848519441,11.028481740625951,8.280785547750835,2.748471717445657,7.102871451397895,7.5103775056168525,7.558271317946708,7.102871451397895,7.939243882898909,7.102871451397895,7.102871451397895,7.395135798350248,7.102871451397895,7.7156559890931,9.024435668061509,15.342121633674418,18.314334819436127,19.54536136986951,13.018721714750038,13.629491271503621,13.557489486384174,13.680097032434215,13.53853651463292,13.046306454429113,13.209611713471363,12.43800485302275,6.711530838839817,1.6076092984074155,7.3949039991879895,7.102871451397895,7.598675182889812,7.352631820892688,7.102871451397895,7.102871451397895,7.102871451397895,7.3189597143010365,7.102871451397895,7.102871451397895,8.450015354334454,13.659386811824808,17.465488304645,18.269248369327507,11.371118722797156,12.558985936795121,12.719124053815404,12.91533205989643,12.887989162898172,12.364003341532943,12.004707446740396,9.613209125979386,6.967280761084497,2.6107899664515957,7.532821928547825,7.102871451397895,7.410581409717374,7.102871451397895,7.102871451397895,7.981199026917893,7.102871451397895,7.813512708755345,8.528397060873631,8.789207734208897,11.54042856147535,15.187865645998771,19.017283834707126,19.83911029223488,12.980506963774454,13.676780007716708,13.53853651463292,13.283140369752443,13.57196321318802,13.53853651463292,12.29610383875576,11.67188543893625,7.211687925563568,1.7284263238261255,7.102871451397895,7.102871451397895,7.452841332312843,7.659814935424318,7.102871451397895
6.904899603464985,7.224912777114932,7.19246919420082,6.856604827584736,7.200158501002145,9.908551115598376,15.495674588320638,18.298325981834786,19.366669351626054,13.094975869982564,13.191756983284277,13.155303563781095,12.784999073553667,13.359402115931253,13.687641015772241,12.043396495635518,9.922957743122163,7.844831411026574,2.0118213408060663,7.0207630302368065,6.871766323909684,7.45546057880036,6.856604827584736,7.317199959823456,6.856604827584736,7.079127652426776,8.1679821709648,8.090684952753561,7.891408820785109,9.414103381719684,13.597276170024927,18.195980425664704,19.599691176332648,13.176512882452547,13.705214602077708,13.725982233824322,13.699888295790982,13.434296868746495,12.446823075601948,12.868070509594803,10.9984518429817,8.624987426004486,1.471682504704704,6.856604827584736,7.17202218222189,6.856604827584736,6.856604827584736,6.856604827584736,8.32498039853462,7.20414447439697,6.856604827584736,7.161649605691946,7.779533559996874,8.77528703747283,13.86099381140847,15.775798096636226,15.923774790275909,16.50952508804298,11.125954618353619,10.97671529828225,10.173026609254098,9.781335486521437,10.832694040334156,12.127486448770957,9.935094529505355,7.987641726961939,2.0426467291202886,6.991974594766904,7.117365533568121,6.883408052398758,6.998371192027534,7.066441129898224,6.856604827584736,6.856604827584736,6.856604827584736,6.856604827584736,6.856604827584736,8.24827681098261,12.879750580405233,15.471656869059986,16.441297532229214,17.651856177063316,10.809777946870481,10.987539140173316,11.805129850264533,12.397801022072297,12.133846523786431,12.335494953495248,11.336264288944017,7.983788987901512,2.235899802053489,6.856604827584736,6.856604827584736,6.856604827584736,6.856604827584736,7.852984365637398,6.856604827584736,6.856604827584736,6.973774374381995,6.856604827584736,7.0694234075452185,8.297025299764922,14.850628436530242,17.620224157933116,19.047498683753822,12.286883964360618,13.281698324991892,13.770115764727754,13.687641015772241,12.858145432238889,11.742606336526883,12.343056404517739,12.209624071148738,6.4211081593904575,2.2108243679977764,7.996605660171368,6.856604827584736,7.617550711337588,7.526268652109112,6.9361277273493736,6.948786103157096,6.856604827584736,7.134408576991981,6.856604827584736,6.856604827584736,7.897319836120998,12.652143550151662,17.484859642765883,18.855355297974643,12.493250826398844,13.438201512395445,13.380260059836203,13.593912435410816,13.636272842335359,12.921182774329875,12.91416260060842,10.807928249540138,7.975844906524709,3.336124147899114,7.469139426209452,6.856604827584736,6.856604827584736,6.856604827584736,6.856604827584736,7.338892515189517,6.856604827584736,7.048546342226661,7.7949126835038856,7.645475215845516,10.213839220067538,14.260798808384024,18.279955555373554,19.616702718392705,12.917922129600784,13.031224324571289,13.232091642156094,13.029392961698013,13.108625729822805,12.973070417549138,11.458402777461522,11.041064724387434,6.740244246545869,1.3275800644139495,6.92887678532879,6.856604827584736,7.052852841503974,8.24809344937373,7.0381003904589035
7.422683127746626,7.966790196203533,7.422683127746626,7.422683127746626,7.422683127746626,8.899433960545398,14.640705580055744,18.65401756673426,19.832219471899997,12.58109239943833,13.459309672914209,13.459309672914209,13.425114304933732,13.459309672914209,13.459309672914209,13.085562523820643,10.758163605672964,8.230527843954809,2.791092921387199,8.135869694581364,7.422683127746626,7.788466767287599,7.422683127746626,8.079188916700128,7.422683127746626,7.608515348044747,7.569444883834443,7.745886314015556,7.429489359750306,8.727353542858182,12.989003523134139,17.904057190865675,16.918902060600598,12.866842933437216,13.459309672914209,13.373714956511229,13.459309672914209,13.478413367346484,13.259769430424159,12.931991914137814,11.075048972078239,8.826961920923845,1.4414719429677683,7.422683127746626,7.999717026339574,7.422683127746626,7.422683127746626,7.422683127746626,8.001780330720461,7.422683127746626,7.422683127746626,7.724083206999663,8.737770494853619,9.954735005638165,14.257283448256146,16.040832013905952,15.918944078794773,17.005925979105236,10.858648325973924,11.020623031650473,10.430484505250982,9.796467917981374,10.32117767414421,9.890169750776288,9.419688042068337,7.244287939349683,2.0764352016317624,7.422683127746626,7.625953531659555,7.422683127746626,7.422683127746626,7.933212300300298,7.422683127746626,7.422683127746626,7.422683127746626,7.65816752375076,7.61240915754914,9.613390223998712,13.65628290873476,15.975385489100148,16.88909855733648,17.93233525599046,10.839187569145475,11.08653618705277,11.807221482818205,12.644981781505129,11.748474403553116,11.924973746749874,11.063382096013868,7.691533434269505,2.3643668184857085,7.422683127746626,7.760978855834377,7.902822846692144,7.422683127746626,9.855207632236732,8.949111206169285,9.049092144524899,7.455289564332234,7.422683127746626,7.422683127746626,8.235499704226577,15.230659712083707,18.00529072259796,19.376297544320185,11.837629344045379,12.628624042094259,13.240595714540827,13.334832811968166,12.787620436614215,12.344905472101098,12.796363566211518,11.838445219452678,5.980166577281928,2.2027049625511257,8.253013398434021,7.422683127746626,7.966150712738396,7.514463746105409,7.422683127746626,7.422683127746626,7.422683127746626,8.045552507608575,7.422683127746626,7.423367787203771,8.478894611976916,13.432774763478005,18.38340043852033,19.77239021317277,12.803071393722359,13.383222668144459,13.459309672914209,13.360112770305019,13.41548344528316,12.756859466161714,12.677629197295257,10.477585096011207,6.971556680178525,2.602895521213123,8.494867559171643,7.422683127746626,7.594304916356251,7.422683127746626,7.777694373996541,7.856427554157013,7.422683127746626,7.422683127746626,8.264152915602429,7.540050204567541,10.137838666214689,14.741975212469765,18.29244838094729,20.0,12.702640988141162,13.098571742305552,13.40915036444706,12.698315324231467,12.806012420235373,12.365286535189918,11.3216559379863,10.805674628729433,6.218875469491068,1.4471062820501466,7.902524614949113,7.422683127746626,7.422683127746626,7.6293783832801925,7.422683127746626
7.271982673395976,7.2480477043148825,7.312176884173848,6.836035419612181,6.836035419612181,8.85247873266959,14.22802575267977,18.10979015242857,19.407270272138664,12.890510735902998,13.52191990280007,13.589617776309225,12.961572995911053,13.624598178351528,13.602132180299913,12.253802615233916,10.367865253578458,7.715355640739378,2.21215234442072,7.068561886933815,6.852830972603831,8.01421627397327,6.836035419612181,7.116358198838306,6.836035419612181,6.896346877855683,6.948282323180565,7.56886158092854,7.291285471556763,9.150692945875095,14.146310234297433,18.173021375706245,19.91398490020563,13.495259081449236,13.602132180299913,13.679129901162584,13.679820851848849,13.602132180299913,12.702772242350571,13.034615314697774,11.073704131317584,8.336246023898397,1.6674489736429536,7.202275329082698,7.970809617318521,6.950464204137273,7.364959816876537,6.836035419612181,9.324873314919481,7.950592242196178,6.914140211053992,7.624174966526467,7.997521811404264,9.012549006932286,14.032259563423352,15.380924779095665,15.387234037594041,14.273473386498969,11.180201449934595,11.057725486413249,10.007182915993786,9.783566573818511,10.91330084389727,10.481927387015292,9.681056932849906,7.445478019203729,1.6232896367185534,6.836035419612181,7.412523544801108,6.836035419612181,6.836035419612181,6.836035419612181,6.836035419612181,6.836035419612181,6.931864326449126,6.9518082253754745,6.836035419612181,8.931525869269251,13.387047483310749,15.38109503664959,16.45889832052988,17.303529019805758,11.228761419464847,11.280858383976984,12.11439143168085,12.941845009912468,12.225809030367309,12.440866237692266,11.083290039489155,7.797340237091449,2.480831533833888,6.836035419612181,7.168642570804956,7.3243901273859855,6.836035419612181,7.696278939270719,6.836035419612181,6.836035419612181,6.836035419612181,6.836035419612181,7.320143113509548,8.049538635786172,13.990544030460496,16.505211618199016,16.8686107754091,11.613717504502887,12.676062428479263,13.273065437024993,12.865708855345545,12.578409992299115,11.706362962339465,12.98828883837295,13.29188481178306,7.557220283929654,2.6873993607226856,7.706275489936998,6.836035419612181,7.652165257720155,7.673852523058066,7.331785588540902,6.836035419612181,6.836035419612181,7.080006792261966,6.836035419612181,6.836035419612181,7.8137817847382305,12.193570001167153,16.83551694806897,14.065019045700602,12.099365853439327,13.040778431498353,13.739855322873062,13.076482251307079,12.884021490847614,12.504387683103504,12.095600193825705,10.178819485259774,7.983437509900852,3.4083495779396515,8.115611031995002,6.836035419612181,7.263784873518178,6.836035419612181,6.836035419612181,6.836035419612181,6.836035419612181,6.836035419612181,7.347588681874454,6.836035419612181,8.970164199632444,13.511193616382435,17.16848883553352,19.987934730114514,13.284458006737836,13.312410425423536,13.615038630927044,13.19297084820334,13.473230549605464,12.499737632683763,11.164389387676328,11.344514386094039,7.80338869828705,1.3636367674390084,6.836035419612181,6.836035419612181,6.863225044255394,7.2836883362754685,6.836035419612181
7.126081253624638,7.00468104421092,7.402785278663882,6.731598712454882,6.819396031172894,9.292178673530069,15.033036625306796,18.09502666765946,19.606024754893784,12.856696884241813,13.419101700875961,13.377975918446154,12.989415095286876,13.44074760918176,13.472439913942056,11.610819643113333,10.364913638991434,7.301674941649291,1.5219082694276715,6.731598712454882,6.731598712454882,6.890663664852852,6.731598712454882,6.840811521039729,6.731598712454882,6.731598712454882,6.731598712454882,6.731598712454882,6.731598712454882,8.207223205929662,13.229398584153424,17.395311797548235,19.395312984096932,12.961832690137564,13.48093073738666,13.023631971355107,13.025043500183726,12.983894629600822,12.441516902452163,12.455376329393944,10.793937153045208,8.232065281048744,2.030813911701702,7.272203577661247,7.83086173989744,6.731598712454882,6.99343122392638,6.731598712454882,8.423362209027443,7.195132842203647,6.731598712454882,6.995887482614936,7.5670597261917765,8.789000381030949,13.597692461894782,15.122884082272407,15.173222484171482,16.411896108534986,10.733780158475167,10.64470650891337,9.568720277783699,9.407079332623423,10.967226604130536,10.422241216850662,9.742539228471495,7.405367472545642,2.0889400099672053,6.731598712454882,7.310057501304952,6.731598712454882,6.807528981576627,6.731598712454882,6.731598712454882,6.731598712454882,6.731598712454882,6.801912419105711,6.853750461474641,8.637255364591622,12.57271443984623,14.889555155628557,15.972080778067678,16.853301433670147,11.0893754614326,11.095945474399356,11.736058435754915,12.793546825207152,12.016325695459468,12.285670240817982,11.196519151714357,7.987365941479399,3.1464343092733027,6.731598712454882,7.1569340974369835,7.217638961562435,6.731598712454882,7.564102108853566,6.79550853417483,7.35105912000951,6.731598712454882,6.796438838539949,7.437538603064221,8.163313557546575,14.78708900978695,17.40111838790495,18.87617414331712,12.396632909196038,13.209568052921869,13.395282757311099,13.39460648409947,13.305733238258354,11.907108052700762,12.288505830830347,12.09708305268057,6.433804881207477,1.9434238554264092,7.205344860050771,6.731598712454882,6.8414898503220805,6.98195150628092,6.731598712454882,6.731598712454882,6.731598712454882,6.825909806344579,6.731598712454882,6.731598712454882,7.519495691555885,12.077424721694678,16.57555392479328,18.06485743583492,11.677991506948725,13.146083134215194,13.377975918446154,12.976323362564278,12.657756177279875,12.555131518034967,12.187921524214481,10.271919740020554,7.637851963706416,3.3335108226695493,7.692860130227293,6.731598712454882,6.860537242877222,6.731598712454882,6.917391064563831,7.353629355560071,6.731598712454882,6.998277184198461,7.703337030899757,7.059882874195864,9.87752974838126,14.725288133790404,17.981692900289197,19.866740587490114,13.189289375429015,13.073811692743197,13.438164384047855,13.192193093034273,12.997873100868519,12.640276601997048,11.30371138130963,10.905573282023733,7.385310734390951,1.855489258347202,6.731598712454882,6.731598712454882,6.7419416018540925,7.43590235980523,6.731598712454882
7.423179801198195,7.152414893590755,7.234503952002619,7.140496909948518,7.140496909948518,9.673490315584612,15.345023704207545,18.339976373095553,19.942418404886578,13.054365212775044,13.781319859932362,13.814678361445132,13.799531759982937,13.781319859932362,13.781319859932362,13.099035434300653,11.202516777729532,8.120092756628315,2.6255597797221646,7.33178270109498,7.140496909948518,7.680406042442042,7.140496909948518,7.51331205208049,7.140496909948518,7.140496909948518,7.140496909948518,7.205333767934326,7.168071362252202,8.830187816935084,14.348617617091772,19.487996384148843,19.94991938996354,13.811654929354262,13.938709296886877,13.648752449051138,13.793720291427974,13.781319859932362,13.781319859932362,13.719210665181018,12.259457713045947,8.92880667871165,2.3284623734967753,7.617425771799505,8.112653952829232,7.140496909948518,7.1624925131455495,7.140496909948518,7.79008916481495,7.140496909948518,7.140496909948518,7.140496909948518,8.050981759196876,9.469490882508545,14.282097339616822,15.517779610852738,15.304991280271786,14.742731980713973,10.85300847112327,11.46435841893053,10.11823273021653,10.035119553110876,9.776040318282961,7.458386812261377,9.886097166298937,7.696609553016922,2.0087495721837683,7.237192699958866,7.697195007306934,7.140496909948518,7.160642189211174,7.263017864301173,7.140496909948518,7.140496909948518,7.140496909948518,7.2230678914693955,7.3356205792258375,9.195903744460205,12.826824881097377,15.284129405424213,17.10606017781043,17.787578208622563,11.615836475310406,11.529228550506444,12.433910872382377,13.659952732488813,12.667998723443437,13.119450450861143,11.222434135079785,7.193855742044898,2.744722399989614,7.140496909948518,7.140496909948518,7.140496909948518,7.140496909948518,7.363167102886578,7.140496909948518,7.366364932503526,7.140496909948518,7.152634985672181,7.933668932019458,9.097276206199844,15.670913181538612,18.064055345142474,19.558549886237,12.62049949467386,13.580141630508853,13.781319859932362,13.489047432966965,12.509727925317444,11.245732624040963,12.771816519657591,11.483819268433695,6.785674107567627,2.4698291078936756,8.252087908078671,7.224956617287817,8.02816487934331,8.440851855714119,7.6278904392203755,7.561996707992618,7.251059219840534,8.039744792923454,7.140496909948518,7.497571104408084,8.76800613092669,13.51191695677551,18.425580128007162,19.56595780641213,12.547047985165054,13.518754473320648,13.755083446214206,13.539351026060265,13.543061863920705,13.260893717437664,12.638294968812454,10.70526936893252,8.422146045081933,3.1566870472200574,7.773166666125988,7.140496909948518,7.140496909948518,7.140496909948518,7.257912878015039,7.72327871695413,7.140496909948518,7.140496909948518,7.148473361176623,7.140496909948518,9.022901203254907,14.827781951184775,18.21411840796599,19.848005918734568,12.748904716325937,12.61623469048755,12.661697052419607,12.334588226854017,12.317872192797683,11.629239031113851,10.986869334412527,10.51732539396622,7.007743914181241,1.56133579260565,7.140496909948518,7.140496909948518,7.266109780700489,7.780675055887715,7.140496909948518
7.355784476633557,7.5063694477173275,8.077986911247002,7.128165003172065,7.128165003172065,9.056668271487041,14.72446544638901,18.379902832495134,19.682474392666347,13.554253122718025,13.679272292626976,13.826041930374805,13.848677732155984,13.852861828277591,13.818721939319534,12.460916751983637,10.470905759749256,7.549130277249051,2.3575606722048663,7.128165003172065,7.128165003172065,7.128165003172065,7.128165003172065,7.128165003172065,7.128165003172065,7.128165003172065,7.128165003172065,7.274850979327038,7.128165003172065,8.746605224956731,14.010528654765501,17.972275224446648,17.93284532349982,13.387977414076532,13.679272292626976,13.299815019258958,13.679272292626976,13.811698651558734,13.43209587028682,13.491724276836116,12.205459277555462,8.98978172464524,2.659306963607099,7.128165003172065,7.568647014601715,7.128165003172065,7.248178290942578,7.128165003172065,8.041144589027711,7.128165003172065,7.128165003172065,7.209001525006116,7.7813303798104405,9.292857716641349,14.131778265151649,15.657069647247003,15.487891425631346,16.611597648720625,11.086811648391995,11.106115016217023,9.817983955104387,9.536237135023724,10.773439173673875,10.528845350870192,9.351788257611025,7.326610991811953,1.9881105189971477,7.436238804014895,7.611258230849517,7.128165003172065,7.287244067609972,7.309049738955803,7.128165003172065,7.128165003172065,7.438752267613717,7.449672480394415,7.128165003172065,8.770433775101882,13.423538311162499,15.41461282457933,16.744187217610797,16.61342839477877,11.20342192771481,11.405355944113591,11.917145913467051,12.953189702287059,12.287099388822881,12.631655079502945,10.731826410545498,7.504499577882722,2.966338749494051,7.128165003172065,7.411605097556029,7.128165003172065,7.128165003172065,7.705658528054792,7.128165003172065,7.5867466227784774,7.128165003172065,7.128165003172065,7.4162169106187665,8.918777201200122,15.598089806978408,18.007482773593534,19.210392829069853,12.439201818548666,13.24027987133696,13.70133792895021,13.679272292626976,13.723466112910724,11.995996346616687,12.300106793455958,11.800859489756487,6.264740269727701,1.6999973585194923,7.128165003172065,7.128165003172065,7.459967423050475,7.901813155246666,7.4049099170519215,7.128165003172065,7.128165003172065,7.128165003172065,7.128165003172065,7.128165003172065,8.355191426696061,13.028482148808212,17.150116455429945,18.057262503002335,12.16316960439262,13.322647158393016,13.679272292626976,13.679272292626976,13.440797630401008,13.656206093016836,12.360795603480046,10.461455096847846,7.492791556648732,3.3061763026708393,7.281870464564087,7.128165003172065,7.128165003172065,7.128165003172065,7.128165003172065,7.509944392709485,7.128165003172065,7.128165003172065,7.894460396446851,7.128165003172065,10.144550026919218,14.96270202695057,17.89663048301751,19.8826594567999,13.226880439580402,12.989119206999497,13.407866003304845,12.68258914629027,13.084089129925081,12.636784434813915,11.980264050615565,11.094374817977844,7.741144992533586,2.0257538840046903,7.128165003172065,7.128165003172065,7.390008155340639,8.034524165758555,7.128165003172065
6.827840915536717,6.773659695956598,7.100530018231747,6.65671412538214,6.65671412538214,8.75271522178963,14.995071968051697,17.91331639609773,19.595061707794134,12.90104032730227,13.553641853810117,13.591415733147738,13.564596181604646,13.600159860212758,13.591415733147738,11.616428357893575,10.324587614742596,7.370865163369124,1.9531465288986092,6.900536929812226,6.65671412538214,6.829743918098087,6.892405536826971,6.883344996575421,6.65671412538214,6.85579619278033,7.224577178170447,7.42658825435333,7.317644509555014,8.3109365062197,13.06464510689942,17.476347110015613,19.243033423308244,13.05075694054366,13.591415733147738,13.448478038670416,13.770574376715462,13.351452603727715,13.342445346853662,12.572768533078294,11.049748101866625,9.048489437830595,2.896461187052727,7.383052760715629,7.125449655763589,6.65671412538214,7.0399863347733715,6.65671412538214,7.608464211563347,6.65671412538214,6.65671412538214,6.65671412538214,7.1467195384295605,8.57537695228887,13.247719370923857,14.910051575527806,15.361401150966579,13.978340510087099,10.409055511218872,10.690430730753416,9.57883460651742,9.628528410463485,10.887164689949236,11.266887286795003,10.311040930126405,7.850130859176452,2.0023001565606915,6.893202129597971,7.034759292803821,6.65671412538214,6.65671412538214,6.65671412538214,6.65671412538214,6.65671412538214,6.65671412538214,6.65671412538214,6.65671412538214,8.345214450613799,12.707292364535292,14.672828243223673,16.207518873765355,16.724917650462505,10.833984109975884,10.876188489144024,11.55216023015862,12.665337574296347,12.083824474574453,12.546570366734981,11.223144164690957,7.615500963235347,2.9522232331293012,6.65671412538214,6.9966224835111674,6.65671412538214,6.65671412538214,6.65671412538214,6.65671412538214,6.65671412538214,6.65671412538214,6.828518624444099,7.151618586502807,8.644754294144931,15.161274444780407,17.78525882977674,19.042721201587028,13.21304999013424,13.758535106104892,13.722517257109349,13.591415733147738,13.53970202197024,12.303711018414752,12.263814717192902,11.888003179091292,6.4209698057804,1.1935605279019033,6.65671412538214,6.65671412538214,6.65671412538214,6.867480481674428,6.65671412538214,6.65671412538214,6.65671412538214,6.65671412538214,6.65671412538214,6.861519073623992,8.299083157180535,12.65710636174671,16.960536961983234,19.137754572334583,12.48937811458011,13.289164750195265,13.596274282007332,13.438313121723978,13.297631612328916,13.632494223657698,12.78371753028485,10.987404647350797,7.824727704701894,2.8862514621831274,7.283617142776353,6.65671412538214,6.65671412538214,7.0269675896997486,6.694487093344317,7.375725707192658,6.65671412538214,7.241608304273158,8.386532466529598,7.331366127624697,9.94212822703133,14.194681799363996,17.676914516861462,19.547718363901364,12.842231902691395,12.958889815123669,12.988047923352267,12.357811955323301,12.838426808944103,12.78887147796354,11.856421792111412,11.456840182148111,7.342395414686743,1.1833881047019197,6.862990843703914,6.65671412538214,6.65671412538214,7.378106878070898,6.65671412538214
6.970745235133639,6.866469769111719,7.306935252998282,6.866469769111719,6.866469769111719,8.361637468674205,14.818776624512061,17.70534671815205,19.08783393264659,12.425866249281675,13.623438590503929,13.701451601224289,13.600672992899053,13.493277942566907,13.236788943980054,11.374841172348,10.0000550653822,7.220904554067135,1.9991572649262264,6.944508117997209,6.866469769111719,6.866469769111719,6.893185785582254,6.866469769111719,6.866469769111719,7.161205810698012,7.483105000221565,7.510552234972869,7.04333937208003,8.623718625249204,14.352179105717056,18.64078972502429,19.698695748044084,13.592690391556786,13.600672992899053,13.680707243079679,13.600672992899053,13.714421436153383,13.725115187948278,13.004818245802204,11.841508836465582,8.43315421337422,1.9319069012871064,7.1556978096918735,7.767697921484959,6.866469769111719,6.866469769111719,6.866469769111719,7.3779671911329405,6.866469769111719,6.866469769111719,6.866469769111719,7.603844328179632,9.078865930511272,13.311004529568255,15.179981431282568,15.313693043752824,16.731505023580095,10.568328617145983,10.646908641103515,9.359616745736476,9.515846098870314,10.306757817164202,9.460793530596352,8.982593413002586,7.022312992367707,1.995128478539472,7.363616677707681,7.192919262306108,6.866469769111719,7.143105118261692,6.956985796574194,6.866469769111719,6.866469769111719,7.158153967438325,7.416660554935825,7.138153434933134,9.022621706643388,13.35677255183706,15.526642938765958,16.461600358332014,17.18101781369751,11.341311650057037,11.496596887602538,11.99263493352451,13.191065117799338,12.36656866216045,12.66924567125832,11.149671470255091,7.21683340306268,2.78338015641972,6.866469769111719,7.1586987331641305,7.002390337693734,6.866469769111719,7.047981331368238,6.866469769111719,6.866469769111719,6.866469769111719,6.866469769111719,7.0618367321937425,8.960754316916805,14.813837253132107,17.611400571675716,18.788135072578754,12.603908172689318,13.678368080349928,13.600672992899053,13.600672992899053,13.311829612046418,11.583284721413854,12.354113493356758,11.12247702790867,6.479481238567945,1.510269765512596,7.289721831524602,6.866469769111719,6.866469769111719,7.204719023713145,6.866469769111719,6.901076072643231,6.866469769111719,7.067965194609684,6.866469769111719,6.9185771275828145,8.439626924430474,13.067981864097789,17.358866799243927,19.778891256538984,12.906977072822347,13.600672992899053,13.600672992899053,13.495862337111351,12.889838761783988,13.550307293823842,11.988354941098203,10.763546702828181,7.264467977539325,3.1241904989962204,7.627878619845375,6.866469769111719,6.866469769111719,6.9449910706477285,6.866469769111719,6.884691959707495,6.866469769111719,6.893864057417387,8.034860518180162,6.981680018818304,9.687362355597617,13.938226871147506,17.182259749846217,19.650737551533197,12.914732873164114,13.290637252516664,13.577139290632447,13.075293257931646,13.751506493644277,13.641291769018999,12.548853597188424,11.840162027712996,8.049350208375023,2.064137803742025,7.202341500305091,6.866469769111719,6.866469769111719,7.35388866765185,7.126878578001482
7.073692146289188,6.922370182622289,7.156744324717668,6.922370182622289,6.922370182622289,9.038512593578014,14.923984263930937,17.596844907603398,18.935218952857277,12.642047301653532,13.232001469696732,13.248159262530834,12.96324000528997,13.057820348551184,13.232001469696732,11.955612839156949,10.104558771939766,7.197676037111488,1.9286190422726313,7.232363259582279,6.922370182622289,6.922370182622289,6.922370182622289,6.922370182622289,6.922370182622289,6.941717604867631,7.5882054259524745,7.366582803522936,7.242913844712772,8.924049801342532,14.406876543340465,18.028337309922865,19.08244269262118,12.213200161392407,13.284254617283352,12.693834970865437,13.02778156023396,13.081976885275777,12.519189739764016,11.751667393378224,10.679426047956204,8.630758402437213,2.0036356157834314,7.399131889536623,7.950692344311456,7.379829570429015,7.176437734857827,6.922370182622289,7.296344746929613,6.922370182622289,6.922370182622289,6.922370182622289,8.0667545973264,9.27310904731403,13.717579140691296,14.984197495029914,15.739829930834361,16.526850601402607,10.23670357154464,10.483648327824456,9.14990576138972,9.834207672062663,10.201281193838561,10.256291477447267,9.482258112304834,7.322874854919166,2.1434353793993335,6.922370182622289,7.292845433544075,6.922370182622289,7.057594368147827,7.362716947042105,6.922370182622289,6.922370182622289,6.922370182622289,7.06782982283074,6.922370182622289,9.218698988017454,13.318492775963982,15.137131341324046,16.07558498350037,16.84169199455729,10.844336724512264,10.815323482640823,11.053087421896295,12.207052332607446,11.47921108531182,12.108868540019579,10.912439471184523,7.354956347091816,2.67545582399535,6.922370182622289,7.269874873779873,6.922370182622289,6.922370182622289,7.1666307353368675,6.922370182622289,7.351723168128693,6.922370182622289,6.932556048500218,7.222831906778489,8.598911287903507,14.513591651667152,17.604525158624302,18.473251617343347,12.436936675148596,13.04381550377483,13.184844980808789,13.317049483095428,13.183424521398019,11.844367722469686,12.257305213517167,11.99698556296313,7.382430376503551,2.4071172724640304,7.039864595816179,6.922370182622289,6.922370182622289,7.033453690040959,6.922370182622289,6.922370182622289,6.930200087332985,7.1196626444734274,6.922370182622289,7.022490768574784,8.706564738667259,13.340002289823868,17.99267911428135,19.334865680939522,12.179943522986326,12.762368990970492,12.871950071482365,12.597179663716787,12.260980973312286,12.905750116435312,11.347897400525255,10.525485899800819,7.265737435524972,2.3457306911465845,7.339258829752952,6.922370182622289,7.153179648752199,6.978952537194075,6.922370182622289,7.609529252905426,6.922370182622289,7.0780739037968265,8.219139713424617,6.948991336132363,9.403649259662586,14.312733133645239,17.645626883999466,19.58433660727684,12.896097998984857,13.110892003043642,12.940438225399676,12.418650312194213,13.232001469696732,12.872152647380993,11.699757195241524,10.616186366333624,7.109760902453443,1.5557864353681792,6.922370182622289,6.922370182622289,6.922370182622289,7.045584511662699,7.092289772001112
7.337809971707413,7.143813927804524,7.318851317976732,7.006441804927466,7.2975654034424595,9.455409857272032,15.569477078710605,18.536194786298346,19.56810006815722,13.235906993361727,13.846479189866274,13.67767087328,13.665222570717596,13.759556424204817,13.665222570717596,12.572804464415684,10.749454451693412,7.694133138676517,2.2229604638004536,7.203045454048273,7.006441804927466,7.006441804927466,7.006441804927466,7.006441804927466,7.006441804927466,7.006441804927466,7.299853822265275,7.321479489590762,7.517118503464232,9.180720183737304,15.145489216086135,18.660599898240704,19.962540739282495,13.130635553144685,13.70022240267423,13.665222570717596,13.684068296753292,13.84229512632371,13.367362111167747,12.59533355521736,10.963971303798088,8.72425627104261,1.9154287424674459,7.127115744996991,7.550792515426808,7.291869733485574,7.095283850880219,7.006441804927466,7.2328669320381875,7.006441804927466,7.006441804927466,7.247009027431924,8.231038335395311,9.592187794566374,14.064050278261,15.465236809086736,15.96041291013412,16.703796497120763,10.275166980073593,11.025362320354638,10.15549417551381,10.035339531932609,10.17938947700824,9.993408167851536,10.194634581728433,7.280494449477694,1.8148211474708749,7.127217049769919,7.448951030830633,7.098062096097561,7.546056797280521,7.555965524025078,7.006441804927466,7.006441804927466,7.006441804927466,7.006441804927466,7.006441804927466,8.601580548797052,12.831926039560834,15.51670167001067,16.84245065989802,17.454336375443603,11.420694459597968,11.090444171781481,11.620594878175803,12.868420926059445,12.040805045581694,12.267978271859443,11.341112452923177,7.372507283916154,2.76787710654132,7.006441804927466,7.404789073175577,7.006441804927466,7.006441804927466,7.1129227935891075,7.006441804927466,7.101020093653197,7.006441804927466,7.006441804927466,7.036203620005887,8.691157894317726,14.622615677423521,17.586894739864377,18.962772793066808,12.88109960019321,13.665222570717596,13.665222570717596,13.887987311866215,13.665222570717596,12.569422179575836,12.950702987555882,11.82567124824676,7.067435545376696,1.7432745243236358,7.260423662923584,7.006441804927466,7.006441804927466,7.337291331995562,7.006441804927466,7.006441804927466,7.006441804927466,7.006441804927466,7.006441804927466,7.163024418073734,8.839558288947492,13.678113099231094,18.3914953248303,19.503281706602483,12.487327391889695,13.23685101130603,13.34248673045292,12.897851642523232,12.872986043964744,13.193347178326556,11.738868458955857,10.745875643849667,7.730885795205492,2.3252200738991036,7.225619160964828,7.006441804927466,7.3708582357962085,7.120828536617283,7.150183503582522,7.9454301454296985,7.006441804927466,7.355458128569015,8.46196953953138,7.006441804927466,9.428949661466463,14.363859462928026,17.838969522783405,19.784402354013373,12.905873758772973,13.665222570717596,13.446373431710787,12.51364739123204,12.928596979316707,12.365278095492444,11.730291804938128,10.898681746639546,7.0978751852205235,1.0831359709458932,7.141280697598288,7.068143538609168,7.220700279716534,7.270471823724949,7.006441804927466
7.0471951552252,7.28132697939971,7.017892866444631,6.994574664432924,6.994574664432924,9.330700059366613,15.785285159696311,18.71672605890584,19.440226027144835,13.813718826493513,13.780372217168056,13.822004508346945,13.702331205203098,13.605566165606369,13.656176586531068,12.555821091445564,10.514640600162306,7.2266913164799185,1.8020917204184244,6.994574664432924,6.994574664432924,7.0409656764906705,7.224443357668444,6.994574664432924,6.994574664432924,7.072390684801394,7.224175838108115,7.088382511600411,7.4671900560700575,9.169970106337288,14.336581544178703,18.47033111157354,19.538838372407778,12.932996215672988,13.686246458117193,13.232981953921943,13.686246458117193,13.686246458117193,13.105390776114213,12.590713121363686,11.2009973904502,8.725396994065004,2.082475859608241,6.994574664432924,7.109800697615319,7.198269574270252,7.111235320330876,6.994574664432924,7.516893324319295,6.994574664432924,6.994574664432924,6.994574664432924,7.591318775165863,8.739555147817072,13.169515914087842,15.130842683078487,16.56356956342846,12.964198705572283,10.84684819505596,11.301836002146096,10.172156012179967,10.02801951179526,10.861404685346045,11.004636549926603,9.887697523212644,7.546949862662401,2.1833552509912746,7.209253681668484,7.429927033706376,6.994574664432924,6.994574664432924,7.641132528432679,6.994574664432924,6.994574664432924,6.994574664432924,6.994574664432924,6.994574664432924,9.18319527001039,13.622163700806105,15.471158970725082,16.49997669184342,17.258543267353105,11.329723295785028,11.063264636354283,11.351356537547117,12.582953575542163,11.636787417033705,12.184499429231943,11.014087456614323,7.502588046527031,2.847539006009242,7.123850751505032,7.683572847109219,6.994574664432924,6.994574664432924,6.994574664432924,6.994574664432924,7.795740530601065,6.994574664432924,7.162607896360696,7.5273699756123325,9.260644502554008,14.806381581784619,17.948807566522945,18.91128981796415,12.819462233333308,13.348870183416432,13.557868384926122,13.748068664243668,13.648465349640546,12.085705722185544,12.458009551455081,12.011251930908138,7.411423410515531,1.3789533583290288,7.103186994103463,6.994574664432924,6.994574664432924,7.417318332584051,7.059325767741234,6.994574664432924,6.994574664432924,7.1945185390934,6.994574664432924,7.436725609702652,9.321550859812227,13.452568026163206,18.057960033838256,19.66115063695702,12.434829894320037,13.404904489909173,13.512273394609878,13.283921512298654,12.997600634442502,13.510931500570521,11.904854161071064,10.805094137725336,6.826690481894089,1.6759509424960102,7.401944854789735,6.994574664432924,7.141695076056095,6.994574664432924,7.510802831352148,8.40556888180056,7.416950932936304,7.5343136046196895,8.625075334624189,7.531947940415441,10.120162875251026,14.8339356376313,17.823432819118608,19.72846086906449,12.574955010910111,13.455378760066523,13.624905910545316,15.161329438628584,13.735796296045972,13.18810270524962,11.852556957592283,10.90258012366187,6.798809304740172,1.1469680215996965,7.006289747233564,7.0487421494122575,6.999359170447942,6.994574664432924,6.994574664432924
6.985060275632787,7.097295859837527,7.030116696642709,6.983655583187384,7.122782526701023,9.484390277118964,15.587347424397361,18.37850207901069,19.113612854203666,12.816657521072006,13.720261864809949,13.583186495728395,13.298233096079128,13.079854022131888,13.11150733447314,12.383990062501056,10.149652627085826,7.185483582733214,2.0063922802348064,7.1366832133608415,7.1511949614749355,7.111134408085136,6.9889804099425055,6.983655583187384,6.983655583187384,7.1496544045044645,7.3841574349953,7.241874487597665,7.2431953842689465,8.97901654656109,14.385430227293375,18.752763962210345,19.223547069781528,13.233516780787573,13.613091647804907,13.260282921044084,13.583186495728395,13.583186495728395,13.364132197862157,12.26415195276008,10.831957491404742,8.244223150638819,2.0541592024745565,7.146775341605831,7.240761714126236,7.29786959681697,7.0138870845578305,6.983655583187384,7.101386318166383,6.983655583187384,6.983655583187384,6.983655583187384,7.701057922926719,8.676650121922743,14.365183225175432,15.118336404487025,16.18540798455839,16.313672265365405,10.43753847401881,10.805530652148034,10.049445025552725,10.001916224395742,11.00037386892938,11.623782218067722,10.290334432532338,7.5446762816566535,2.5730032865740253,6.990093082211308,7.554503668108014,6.983655583187384,7.0449727866909155,7.6961298104645355,6.983655583187384,6.983655583187384,7.031296061441881,7.034768171727406,7.023941919635231,9.747531677245698,13.492117888286812,15.342170704772666,16.129565994911843,16.92418148518249,10.977763637889153,10.793316260194972,11.15416641126591,12.851320007181602,11.657084876787549,12.12612776365792,10.671249927639133,6.766660937132401,2.0197186241124565,6.983655583187384,7.0081861382441115,6.983655583187384,7.036651603193917,7.0819322892225,6.983655583187384,7.267817527701977,6.983655583187384,6.983655583187384,7.278085343705267,9.143976826532729,15.273339155705923,18.069103792327393,19.34987645617335,12.880101089048587,13.633132225055363,13.583186495728395,13.709168529752434,13.607745579651548,12.554142814308651,12.636687561768182,11.694922806243566,7.069298919464913,2.011644436347909,7.366139521912116,6.983655583187384,6.983655583187384,7.152709610573215,6.983655583187384,6.983655583187384,6.983655583187384,7.009984002890551,6.983655583187384,6.983655583187384,9.063340598388065,13.519377422748185,18.431840720506695,19.323881954533846,12.07723394148483,13.058375741213949,13.356990217970154,13.288629246063548,12.912072866791041,13.264144813242684,11.827147001904047,10.849472832248454,7.349083699414779,2.1536874112274664,7.425307839461796,7.159890544085894,7.074200611020492,6.983655583187384,7.117877387234885,7.565361242412858,6.983655583187384,7.026701462232855,8.214812242922907,7.207668607310097,9.780079656118236,14.454366217469891,17.99922459367889,19.315684409345558,12.31984655262565,13.346652829506935,13.201909246511786,12.592175703301054,13.63199121014684,13.334103354749772,12.345236376619521,11.230184867990873,7.455533478904109,1.656447035150996,7.093895805821536,7.007726931329773,7.259419227804157,7.151276986203106,6.983655583187384
6.997359612118549,6.943405385502655,7.065008794628501,7.069640878626847,7.0237072709019,9.059004164767323,15.118351893513694,18.184682465030434,19.339766380693664,13.211432166625977,13.61913718514602,13.563004683030615,13.543092537395264,13.297829428881533,13.268722324605855,12.291736520445713,10.525252459451536,7.495208581178717,2.4190043327478854,6.922941949265454,6.805327375979931,6.805327375979931,6.805327375979931,6.805327375979931,6.805327375979931,6.805327375979931,6.805327375979931,6.805327375979931,6.805327375979931,8.449787982500409,14.233341863499477,18.46118004071308,19.512348011701786,13.280194727685979,13.6370921479401,13.250495315724711,13.563004683030615,13.687705061952931,13.598778040162708,12.843630744494495,11.374017912911306,8.650598653689139,2.0565301684028316,7.346577273746496,7.373702226510131,7.078157259903035,7.084540326928342,6.805327375979931,7.749159319951475,7.328305812596832,6.805327375979931,6.851047056071458,7.949992197372332,8.982636951197295,13.193708941719159,15.46880759689924,15.284785773373358,14.755198579010475,10.076991143007467,11.03889287140528,10.24113073236682,10.050624303691002,10.641319507383281,10.92321408214277,10.757797333315462,7.41769308783191,2.00802804268422,6.805327375979931,6.986592190709128,6.805327375979931,6.805327375979931,6.805327375979931,6.805327375979931,6.805327375979931,6.805327375979931,7.0599920046781355,6.805327375979931,8.049644276791696,12.239269542065026,14.882342320342318,16.057960863559586,16.615301262084564,11.034897035355035,10.758270326586398,11.45815380481527,13.069398304532509,12.6667291647556,12.967553541353771,10.976449220879868,7.402046783182033,3.297329063447132,7.636911177434283,7.525037029329603,6.805327375979931,6.9517588200103555,6.805327375979931,6.805327375979931,6.8850324972605375,6.805327375979931,6.805327375979931,7.386189810007356,8.847384564955476,14.274477408889805,17.148801411541847,18.219325604850646,12.50544676884125,13.215148109860284,13.211092508450836,13.07562640165778,13.488381108081324,11.468969041217456,12.056277228102209,11.190435060400809,6.396641981642033,1.6033010182863459,6.837523383757299,6.805327375979931,6.897808029171285,7.1372206887606335,7.022417894596461,6.805327375979931,6.805327375979931,6.898700118518393,6.805327375979931,7.265821006862286,9.124738255380842,13.604413619071078,18.329107162765034,19.49394409733785,12.994017405281548,13.563004683030615,13.563004683030615,13.679471080169161,13.563004683030615,13.370017503039461,12.009678031831044,10.870527616806113,7.669575467620318,2.521222549007551,6.8264193572713925,6.805327375979931,7.162230162997194,6.805327375979931,7.0442999529790375,6.851149169379711,6.805327375979931,6.805327375979931,7.608390945597224,6.805327375979931,8.848109715969844,13.185048358868624,17.254052594557102,19.362599340838393,12.659656930492856,13.555582596672847,13.376348913856987,12.153118707596223,13.200071388152239,12.201508996802538,12.17197505922403,11.602157227504588,7.279770014374812,1.7384165721748024,6.805327375979931,6.834143640411276,7.1806212700221375,7.949501285495548,7.078153318864914
7.217994719751608,7.2492610399826765,7.205051602614526,7.167992866266222,7.167992866266222,8.721864720006282,14.95190017574668,18.40954042307953,19.4158340488325,13.479249356743752,13.604630228351738,13.589200074914885,13.589200074914885,13.301336659518393,13.423434977919653,12.29293732322288,11.087442270629968,8.108654652818313,2.6459161083650833,7.601918799757438,7.167992866266222,7.167992866266222,7.310726583152053,7.167992866266222,7.167992866266222,7.167992866266222,7.167992866266222,7.167992866266222,7.167992866266222,8.81557407672358,14.715092965760096,18.46879770916804,19.326149837688163,13.226694068479201,13.589200074914885,13.678609629024633,13.589200074914885,13.589200074914885,13.67682050601523,12.991532443331778,11.322966458475934,8.288615587027577,1.71677512098737,7.468269812307065,7.408787706299341,7.167992866266222,7.199518025553124,7.167992866266222,8.012198902114513,8.094086203867898,7.167992866266222,7.167992866266222,8.422052651542147,9.49530801551703,14.200083736360348,15.76354736666734,15.634635898356805,17.24873301896749,10.618880021687309,11.187635325070788,10.213873988502012,9.82390476049798,10.689073578378887,10.820548591494026,10.678840257959632,7.651025561473354,1.9914512835159295,7.167992866266222,7.3750274593625145,7.167992866266222,7.167992866266222,7.167992866266222,7.167992866266222,7.167992866266222,7.167992866266222,7.1888225507473384,7.167992866266222,7.9969602526115535,11.723015537744816,14.629156576769919,16.511141383216025,13.803854413610031,10.87908581894992,10.886685842973474,11.734068509072637,12.977940988274094,12.989139328945608,13.21217589517045,11.347487198133916,7.674284936441126,3.6575937976414163,8.007773275684041,7.946988621484144,7.167992866266222,7.167992866266222,7.167992866266222,7.167992866266222,7.784055485371475,7.167992866266222,7.283524031035184,8.057535476501656,9.492888606920053,14.952305975447747,17.893917229261803,18.901277323115906,12.595691439519749,13.258396370498373,12.848594561002535,12.847746375171774,12.750925184165428,11.449103315379384,11.850281127550057,11.277297052271033,6.329390774166851,1.2009882109480639,7.171873123412812,7.167992866266222,7.174411295245657,7.401963477618839,7.167992866266222,7.167992866266222,7.167992866266222,7.435469796000208,7.167992866266222,7.277148530966241,9.145019040624046,13.330459836850956,17.911322067538293,19.396813089149532,12.965512456003935,13.589200074914885,13.589200074914885,13.731103359749058,13.150060820616972,13.589200074914885,11.944074979927052,10.862692825368935,7.1041733706870085,2.6306291834487556,7.580432525690139,7.503679784874926,8.095648755461353,7.27520878207081,7.7613853251004405,7.533204446808153,7.167992866266222,7.354794223493919,8.387565549302437,7.378207337409272,9.781417864234616,13.612842160170718,17.799642101903395,19.622822400769767,12.349607534969657,13.430292463462209,13.296710018122843,12.48535846969897,12.908408302968555,11.926179441300075,12.035114386601808,10.94393157708516,7.025406642807247,1.658917379002752,7.167992866266222,7.167992866266222,7.4491164815311794,8.041313916944317,7.349074452408
6.912630718944876,6.912630718944876,7.1063741077574205,6.98341551766486,7.143582374245737,8.975858789841048,14.773950729458946,17.85991851903658,18.87721756061225,12.610097891312359,13.609638823417708,13.742399046080969,13.420841831569726,12.997963055992136,12.891087509233188,12.363662955962754,10.600216434440103,7.582674171065903,2.096996475907577,6.912630718944876,6.912630718944876,6.912630718944876,7.0120566444675045,6.912630718944876,6.912630718944876,6.912630718944876,6.912630718944876,6.912630718944876,6.912630718944876,8.480025909121093,14.338764800268876,18.986432510217043,19.850206195773463,13.02287199631401,13.186980942601705,12.550112058374634,13.346257108855205,13.46075522885222,13.018047807385368,12.147369347409585,10.821736191102197,7.598242359118947,1.7469680270450947,6.962378102398372,7.10190197674663,7.296452646195473,7.597321006345437,6.9130018703443845,8.08318573489127,7.322941024634656,7.006158513352073,7.404062367251786,8.536419346193883,9.797629634380314,13.656550293908543,15.39107941992425,16.765269859962213,17.276547395580476,10.264915139180708,10.697989537617797,9.926168964850788,10.050622058045708,10.813456937632003,11.350148384193291,11.239107328124227,7.648172633859614,2.1992127279234013,6.912630718944876,6.912630718944876,6.912630718944876,6.912630718944876,6.938369017314943,6.912630718944876,6.912630718944876,6.935050732131259,7.067505218487145,7.00472152471742,9.132877156606085,12.891474443818172,15.160406592300433,15.620096040248491,16.36587342249062,10.2663145311755,10.438612756172478,11.018540037832619,12.35475839602489,11.808909781001447,12.456205044104797,10.773716977808437,6.580022087356038,2.088617546705259,7.91913370540038,7.717245557932456,6.912630718944876,7.10181085724663,7.12089522437543,7.062735343471396,7.383660229512563,6.912630718944876,7.115004268418864,7.705904040210683,9.793552939922117,15.484503801727097,18.208788190238863,19.09865721317429,12.291473013707538,12.834498687065132,12.812379528791745,13.268714012946818,13.136814723324141,11.318573671109226,11.67971546901928,11.00941283434793,6.953147608895607,1.809638253022489,6.917946658673462,6.912630718944876,6.912630718944876,7.156690988085922,6.912630718944876,6.912630718944876,7.06168817168449,7.131543360835906,6.912630718944876,6.9582185674696335,8.958538859506046,13.525714734131695,18.429897083029974,19.74831757217742,12.811361559399666,13.4647991628742,13.39136508769776,13.405655128002184,13.07802377967148,13.515980093319971,11.973065370649856,10.811419513930572,7.862240036478837,3.112397274221807,7.689104534685158,6.912630718944876,7.373060312126702,6.912630718944876,6.940689704536611,7.152743898070733,6.912630718944876,6.912630718944876,7.231180978633041,6.912630718944876,8.283699011533463,12.742551061179881,17.054451040366448,19.538801327668384,12.283887231600595,13.279682071176019,13.050419096051778,12.203438980401556,13.261253750753482,12.721492404603056,11.683470740531959,11.082069195485337,6.965572776309849,2.036181449355681,7.027052325089374,6.925100492766331,7.351686567560375,7.556421396588355,7.023729825127057
6.801324014516587,6.801324014516587,6.801324014516587,6.801324014516587,6.801324014516587,8.833017857741721,14.60779530443396,18.09049908362497,19.158895054186665,13.410134837647574,13.764637380708908,13.80036542285019,13.862516134562732,13.346348918485692,13.329870016793778,12.74520845699404,10.656742551086197,7.41568915923943,2.0083847877140832,6.969418135987018,6.873952063058175,6.801324014516587,7.035614732926789,7.038248743737091,6.829624350100842,7.164752743146084,7.253390837343458,7.252265711483007,7.183706770709904,8.807090429108438,14.580833305599217,18.906752000360658,19.85915530237588,13.208140346426786,13.80588676701939,13.474159221714203,13.855015706021959,13.764637380708908,13.492273690977058,12.641718493963005,11.29886864577798,7.9483312934020764,1.7437922774339227,6.801324014516587,6.801324014516587,6.932429738698554,6.801324014516587,6.801324014516587,7.113044077376564,6.801324014516587,6.801324014516587,6.801324014516587,8.005407333343344,9.551490968567286,13.739075484935839,15.503843037366234,15.789297446719374,12.080429169298505,10.500816166868704,11.171174994726682,10.246171602698327,10.098718684809691,10.51673710012869,10.702086405799655,10.35631681973761,7.6354734904732044,2.068706681901357,6.910840931165382,7.114261502323188,6.801324014516587,6.956965963716857,7.050925254063923,6.801324014516587,6.801324014516587,6.914103088534362,7.282603651949074,6.842297681236928,8.742262217398455,13.257958909222257,15.468062988947587,16.147211971554533,16.992739697115386,10.919056553990323,11.061956870730738,11.849783920866939,12.909432184269267,12.172803037005194,12.494888559504986,11.10663351174436,7.161580446352616,2.2859396753432435,6.801324014516587,7.184288562616416,6.801324014516587,7.1471872527792,6.801324014516587,6.801324014516587,7.196849955471882,6.801324014516587,6.801324014516587,6.801324014516587,8.404774505878816,14.65495234332339,17.68364471177367,19.003046611419716,13.104418325348833,13.296718808545133,13.627325999181515,13.764637380708908,13.764637380708908,12.271208630719572,12.818721887280839,12.004351871903081,7.742054993188395,2.481153907679537,7.61708882291823,6.801324014516587,6.801324014516587,7.152722634086085,6.833596646383384,6.8824847546339925,6.801324014516587,7.297379453713645,6.801324014516587,6.995908024995986,8.845726826580524,13.377219994230163,17.977959833399435,19.137478384449203,12.659405460182745,13.482456913396575,13.82962765765691,13.83489561672016,13.287494588318703,13.67589319945546,12.093259825067593,11.135847026268575,7.490049511607736,2.2452893475535842,6.801324014516587,6.801324014516587,6.846212034204261,6.801324014516587,6.844544753767083,7.032676135132116,6.801324014516587,6.801324014516587,7.9127670482149615,6.898345378324719,8.845092424194894,13.493189078497892,17.571178480380755,19.831528477288792,12.858207846563879,13.390419718072822,13.549033136934451,12.686277211022121,13.516640130297517,12.831030079958506,12.278344905133881,11.528733637983043,7.274991820387947,1.4597012281381005,6.801324014516587,7.054779561347974,6.962302696879389,6.801324014516587,6.801324014516587
7.578745817676257,7.702612199510487,7.729611415960172,7.286745758839822,7.717329327783542,9.95026253162851,15.735587858673602,18.822511858000944,19.939518922042982,13.348473228557031,13.761365474271289,13.761365474271289,13.858547201997645,13.528121315450468,13.295112430738804,12.670980842953647,10.735156556264412,7.3111896647828285,1.721044399714936,7.254081186991156,7.254081186991156,7.254081186991156,7.417951454772553,7.254081186991156,7.254081186991156,7.362616797529229,7.662171893926255,7.559854173833358,7.254081186991156,8.951252305202928,14.80278648474037,18.931663828611427,19.882489279940962,13.152824350412534,13.707060578715936,13.307888809179675,13.761365474271289,13.818285665739042,13.229068820669104,12.19769687440296,10.688005338908766,7.266213373540544,1.4278071927468792,7.254081186991156,7.254081186991156,7.254081186991156,7.254081186991156,7.254081186991156,8.06971016834532,7.589165496714525,7.254081186991156,7.254081186991156,7.951813912818368,9.321961181303848,14.600439517783581,15.958964992339508,16.731200030450637,15.390141156485779,10.801614852668243,11.441275838051101,10.45999149019066,10.472400073838749,11.047391335732586,11.289463323670306,11.447398438600889,8.160104960891603,2.404963898531968,7.5793587429882185,7.67775007050474,7.753149829301803,7.805701869197522,8.049197163776308,7.521005956613821,7.254081186991156,7.392426468265664,7.5797846020185355,7.3136882761095965,9.811507437294132,13.94440847486586,16.148645793130605,16.53643209311248,17.214385315153848,10.53762440574284,10.9199493528826,11.464873890738133,12.452202941433889,12.106472636897438,12.457335191252481,10.834864903408775,7.151846308740096,2.157834012219537,7.254081186991156,7.332245774152615,7.254081186991156,7.254081186991156,7.254081186991156,7.483114294546165,7.561095506511832,7.254081186991156,7.254081186991156,7.409706748073303,9.004093070036499,15.348141958831526,18.46610470921935,19.129229881209522,13.428938975862003,13.229238851878119,13.63159307494053,13.761365474271289,13.747610027658244,12.243233300094676,12.484239926157343,11.220369477463,7.02028370531139,1.871168495212486,7.969305763616511,7.254081186991156,7.254081186991156,7.635371791052318,7.254081186991156,7.598942465428599,7.254081186991156,7.615000995818817,7.260948298425851,7.590558932889201,9.700273284141776,14.03407438301583,18.604491720270033,19.663050849946785,12.3406452030884,13.475868346103338,13.603198344253787,13.460205639207214,12.88197097880579,13.42791128045718,12.119457952351869,11.098384831702782,7.881610892782633,2.4122792205724233,7.254081186991156,7.254081186991156,7.513645418771663,7.254081186991156,7.254081186991156,7.645812693834242,7.254081186991156,7.254081186991156,8.216648092425828,7.519562024334069,9.73057381803161,14.28590322667975,18.63830206668564,19.53664491366012,12.865050986105164,13.472853569869592,13.873569876265584,12.910256852924393,13.882953150993059,13.1955292918489,12.324159173185262,11.690519583134693,7.7729894068972065,1.949078710527958,7.30617891573644,7.449319737775597,7.254081186991156,7.333241547091688,7.254081186991156
6.828789371756037,6.888224682987434,6.757137377152237,6.774881158195952,6.8055518061308184,8.836091559035346,14.330818226786711,17.789813901378086,18.894996278167778,13.063705959721343,13.307164365393135,13.320168600959159,13.322232203717865,13.590977154041378,13.13446069139043,12.466604300525143,10.465256214478698,7.734045453792176,2.662450024782752,7.182354033314885,6.699158968296413,6.702156848940887,6.699158968296413,6.699158968296413,6.699158968296413,6.699158968296413,6.699158968296413,6.777174655368564,6.699158968296413,8.230760792168434,14.06299446859514,17.793169798591904,19.566573098502136,12.771808735130222,13.307164365393135,13.227028141520904,13.307164365393135,13.43748354985114,13.327842785834811,12.514443700800946,11.204159768578865,7.9711370933537795,2.1296017048190605,6.772550431662556,6.699158968296413,6.904561184278936,6.950787359670715,6.699158968296413,7.448382503489463,6.8579064002941745,6.699158968296413,6.699158968296413,7.445901570613627,9.03356223568735,13.1990765925627,14.965044728095172,15.410385217019993,16.57380046113275,10.036071967036047,10.994108046634677,9.955954779215135,9.922243518666429,10.346550757221133,10.628876028117183,10.300014750264914,7.194395607506458,1.9345464725011996,6.7603416304051525,6.699158968296413,6.699158968296413,6.699158968296413,6.800613487578044,6.699158968296413,6.699158968296413,6.699158968296413,6.699158968296413,6.699158968296413,7.764772136328313,12.413150608538261,14.494668659010376,15.723693240332395,16.758590549807543,10.790827334787734,11.145285529270437,11.724131102786147,12.457127736616423,12.11651963620586,12.809034286003476,11.178985383878018,7.132751321153228,2.4514531708619285,6.699158968296413,7.240027270472997,6.840195436609764,6.971305546048104,6.699158968296413,6.809696955878626,7.48672309376836,6.699158968296413,6.699158968296413,6.9417995177841805,8.231905136461801,14.206586576371144,17.137757758502772,18.53201447210671,12.506099564972693,12.989285932663483,13.346129152610189,12.963880113434614,13.005445759720006,11.69720547592371,11.77922004548526,10.8674953034666,6.432958710335375,1.762566086407949,7.0803506412202175,6.699158968296413,6.8253579747865984,7.091247987431659,6.817121065466168,6.699158968296413,6.699158968296413,6.902142217715989,6.699158968296413,6.699158968296413,8.619011766602545,13.192580936634423,17.534543625862728,19.09664279028573,12.82579692130809,13.307164365393135,13.307164365393135,13.307164365393135,13.307164365393135,13.542346743708547,11.92521683847348,11.051945178597338,7.73948738485034,2.3881311341939924,6.765771019594302,6.699158968296413,6.859696185702582,6.699158968296413,7.06125539967894,7.204223878482039,6.699158968296413,6.699158968296413,7.394956784428049,6.877550365929339,8.981929325990414,12.973182910076904,17.11944824980891,19.11226980208119,11.936446522414204,12.694066294711382,12.76033316885996,11.88482199470902,12.269685291457817,11.443470246777245,11.253245539552074,10.489914184621988,6.418457594025956,1.5225834945595464,6.777963808756456,6.847566354314322,6.844734939972792,7.094893639124539,6.75581893230618
7.140792523348489,6.709306560073542,6.709306560073542,6.709306560073542,6.73062002212432,8.717363787827022,14.045070973185886,17.5322128464746,18.817398147407395,12.990622714222217,13.558034652179147,13.571726872276987,13.576325491301347,12.978077525775731,12.941168019294663,11.875337182951737,10.914120019240723,7.86356351285319,2.4986748253268076,6.863130928193835,6.709306560073542,6.934635816195877,7.441499495685438,7.063550360984975,6.709306560073542,6.709306560073542,7.045191785651409,7.227707515221664,7.216402818006211,8.889177955960514,14.697928845934616,18.34532826410448,19.9639235450825,13.18453547521879,13.73162579331357,13.667316206548167,13.667316206548167,13.655805981954359,13.006277228916197,12.067561840568468,10.989281921342384,7.625105845142876,1.781193249212009,6.709306560073542,6.709306560073542,6.709306560073542,6.709306560073542,6.709306560073542,7.596127552668354,6.709306560073542,6.709306560073542,6.709306560073542,7.186653652323757,8.990764024537196,13.68443915687065,15.06929429996051,15.48671761744157,15.456461072668946,10.35529700986759,10.94168759377426,9.845193101505263,10.044147307508982,10.32346709327991,10.634555371784662,11.069076108650442,8.463518733215276,2.391610056429273,6.709306560073542,6.709306560073542,6.709306560073542,6.709306560073542,7.018376937139098,6.764817759678421,6.709306560073542,6.709306560073542,6.867118212698022,6.709306560073542,8.134162140494778,12.770396099829206,14.774846732443454,15.935549207686325,16.890135045661598,10.70249826761981,11.561303333446416,12.25129028404218,12.633894830032265,12.23214776265707,12.865858223317154,10.988397049911026,7.744954209316716,3.067307977668965,7.252071380005257,7.0844035539627015,6.803416107437489,7.069762007797068,6.709306560073542,6.883831122436549,7.379257828266873,6.709306560073542,6.709306560073542,6.7709754368868165,8.348058139732473,14.296998639343812,17.554338347402158,19.072840151231063,13.242538696207793,13.325915093850648,13.434247352852424,13.667316206548167,13.791040112109583,12.710729061360578,13.140199771379386,11.986405218397271,7.365298775937656,1.9339516719638339,6.862253260242368,6.709306560073542,6.709306560073542,6.709306560073542,6.709306560073542,6.709306560073542,6.709306560073542,6.709306560073542,6.709306560073542,6.709306560073542,8.689100822835096,13.153796979138743,17.35792320463184,18.704334882542305,12.164247672788209,13.475098066015658,13.769925326465863,13.479507688126146,13.22854826209743,13.540530887397198,12.524462395713352,11.390879137181761,8.079090545760124,2.795349921114135,7.075159222740518,6.709306560073542,7.1902222141667975,6.709306560073542,6.746892519530778,7.080843902195744,6.709306560073542,6.709306560073542,7.829476030008918,7.302839975227773,9.640772302210648,13.38807353000404,17.875417164949507,19.43302103644493,13.062550430440261,13.531466608157467,13.667316206548167,13.162585141040223,13.737200217022878,12.760738469480954,12.504096027056352,11.743713913849652,7.662037097897577,1.3245424816857518,7.059814798858792,7.102288724225335,6.8212267385493535,6.795660522641856,6.709306560073542
7.201159813708036,6.953776913282357,6.831748183965596,6.831748183965596,6.831748183965596,9.195118016880997,14.888491314129496,18.185323305627584,19.43797743252108,13.418894987143291,13.76106435861425,13.764501922240932,13.86250399140515,13.771575846604815,13.454874759894404,12.505724000240246,11.25001802935955,7.846539302039452,2.558909793213823,6.911043635447814,6.947408084003498,7.223881897347833,7.358100837398261,7.321813387309824,6.831748183965596,7.06223663640935,7.531382812099132,7.556930257605659,7.479078091640658,9.143161788819556,15.140662422169179,19.20837066891766,19.881582980413288,13.450222674146891,13.93525214897191,13.579105313161113,13.774798849123053,13.348702809544204,13.131119468244624,12.643606826743792,11.744589246836881,7.633962283842896,1.5357611890200606,6.831748183965596,6.831748183965596,7.015934771822497,6.904770823565195,6.831748183965596,7.061003020486699,6.831748183965596,6.831748183965596,6.831748183965596,7.89368602741826,9.187050710094272,13.994459342675562,15.349920264612331,15.974218505595863,13.111473277370926,10.422540034444138,10.851427823274788,9.823611681411382,10.06033121439424,10.339305477232777,10.61789150870387,10.30346530906876,7.4800261667694254,1.9624394329842896,6.851440208748174,6.831748183965596,6.977001024878043,6.894388641420955,6.854807430667364,6.831748183965596,6.831748183965596,6.8778146957141475,7.220106819366449,6.831748183965596,8.321335719561642,13.360660864707915,15.337654644594163,16.216653562437497,17.30277856222998,11.121440867940539,11.904019528843746,12.43453087820143,12.697144444947957,12.039427024158385,12.289332675297562,10.825942663479116,7.118878422734916,1.9615547157159958,6.831748183965596,7.119826055930084,6.831748183965596,7.028740150070783,6.831748183965596,6.995431648671893,7.219740230791695,6.831748183965596,6.831748183965596,6.9576523148325835,8.113772868677104,14.628392747384746,18.039324369047822,19.585092693084043,13.456173933224573,13.626649235541496,13.76106435861425,13.76106435861425,13.76106435861425,12.491319927715578,12.828864393309491,11.722482756475342,7.056422515533943,1.5400975421844705,6.831748183965596,6.831748183965596,7.220510215464161,7.55400185518023,7.056241572659582,6.923108505800377,6.831748183965596,6.898346321626262,6.831748183965596,6.916603416917029,9.311049205792846,13.93937232207638,18.50022017435132,18.924952619109288,12.796703875910344,13.595400567150474,13.862515118760511,13.76106435861425,13.37133359207204,13.35084933405855,12.441077258837105,11.352571401803637,8.139485241694949,2.979730090571102,7.570874567243305,7.228428651712348,7.1449015141610195,6.831748183965596,6.831748183965596,6.831748183965596,6.831748183965596,6.831748183965596,7.440328843686632,6.831748183965596,9.212359521869086,13.111579948150005,17.067576234913574,19.597854724421452,13.075464809662172,13.409798929129645,13.448244295419872,12.91180655559162,13.408506181064846,12.640624494632911,12.458822009189374,11.677621304845461,7.9200922791363,1.7540105249127358,7.6341172224315175,7.353980291593459,6.9357696272664855,6.871559518633614,6.831748183965596
7.325651337727907,7.135979359421867,7.135979359421867,7.135979359421867,7.135979359421867,9.142098670798143,14.997645633177573,18.201044471974367,19.371567440749086,13.696387750399161,13.5074390163806,13.5074390163806,13.5074390163806,13.558032585865279,13.26764621424711,12.57390158110453,11.150207196327132,7.903034891980973,2.8250345956755036,7.54973994146556,7.34252273869859,7.306870526992383,7.539310093797892,7.59620825049302,7.23901100164329,7.497731496057222,7.849142749249443,7.935715808655211,7.831522549282539,9.439177791407342,15.32806600905857,19.248218608355497,19.70258000824051,13.34630347043445,13.531641694786396,13.5074390163806,13.517415571009783,13.62748267878115,13.365190050173588,12.860974575417357,11.50184279701755,8.089265759188956,2.0087014879296015,7.135979359421867,7.135979359421867,7.2958522474006635,7.135979359421867,7.135979359421867,7.16667443220504,7.135979359421867,7.135979359421867,7.135979359421867,7.877601035998077,9.332789259283638,14.520742642450443,15.526028718432029,16.41481594110742,13.522745839344921,10.142676786610114,10.72893331396691,9.934194458440865,10.039078855722538,10.398385731321417,10.407716355102421,10.064406155322766,7.094232694196013,1.8570547212533461,7.135979359421867,7.135979359421867,7.278616435279478,7.165953157773764,7.135979359421867,7.135979359421867,7.135979359421867,7.135979359421867,7.347378736167258,7.135979359421867,8.23957130606859,13.058194541711542,15.063586238445968,16.059758513325782,17.143487687270934,10.682084994858176,11.35407330849686,11.995297013010783,12.70405583904739,12.450806493485016,12.42554517406679,11.000119077836857,7.081934698451355,2.0014142713021816,7.135979359421867,7.497467723169769,7.135979359421867,7.237108083046417,7.135979359421867,7.135979359421867,7.135979359421867,7.135979359421867,7.135979359421867,7.281661950395884,8.301490607622052,14.475257367976454,17.858736704461954,19.412287155839962,13.142237251683563,13.260658734807512,13.372004067498999,13.403462742294382,13.13429326975148,11.759876511283407,12.111525119819028,11.481653066664341,6.843985589296935,2.1064185207678503,7.661743031965669,7.2915299346409475,7.439385959862914,7.624579434824984,7.465918885682014,7.144471367015385,7.135979359421867,7.497752932007251,7.135979359421867,7.204503298583615,9.358284151738513,14.092567088479713,18.83324518428466,19.392824109156045,12.643475630222067,13.471426620330938,13.545486979537435,13.46572083336908,13.128172048039755,13.230552598109657,12.057550001474176,10.833488418214378,7.612786597822435,2.552502938495226,7.258289669866119,7.135979359421867,7.135979359421867,7.135979359421867,7.135979359421867,7.135979359421867,7.135979359421867,7.135979359421867,7.645450804198836,7.135979359421867,9.358824780487616,13.755826629679202,17.113150484151166,19.548737278502834,12.855173382617199,13.23054725817658,12.993320801083842,11.83865533849251,12.649530833233232,11.865808062757708,11.122687361550268,10.503243555464138,6.806497704785103,0.8864862294290274,7.247349384928262,7.189384261368282,7.613475260475751,7.602881774992364,7.135979359421867
7.247020334003496,7.780592625635903,7.691776334006943,7.527804675603165,7.500271770419845,9.887832857262723,15.546999155311957,18.822499415182513,19.750835179639978,13.335554408973064,13.67811991362705,13.753723716595207,13.67811991362705,13.275677580979956,13.044071384033398,12.214998588033025,10.561965950441513,7.300895399480049,2.1488932678306303,7.247020334003496,7.421075929503821,7.247020334003496,7.247020334003496,7.247020334003496,7.247020334003496,7.247020334003496,7.247020334003496,7.247020334003496,7.247020334003496,8.228315682436984,14.407798541165368,18.780633998674517,15.448479283598482,12.978381912375447,13.555274504971042,13.297394219114352,13.506925082862333,13.193601086395244,12.710719882897816,12.332282639220002,10.804824623169988,7.800111406242535,2.4379955079139957,7.713892879018905,7.603101034772821,7.721352890068394,7.363326321003409,7.247020334003496,7.570107081911718,7.247020334003496,7.247020334003496,7.247020334003496,7.848560845211741,9.190566509889017,14.06925129181879,15.678011306412603,16.342541533060327,16.371339530331188,10.340704884309607,10.837505246912285,9.9830794348759,10.194754367321712,10.872534516056406,11.363603691751718,10.97492220466176,7.901748222448055,2.8867895902254457,7.247020334003496,7.247020334003496,7.247020334003496,7.332679302986493,7.563518146030196,7.264944660981288,7.247020334003496,7.571939065855206,7.8408624668246825,7.571004653662742,9.728341771053719,13.887542616897441,15.74179306586559,16.025703545671163,16.887725442667367,10.370479084539397,11.047516319999442,11.705492514918324,12.420663826382203,12.340841430673366,12.21073914398436,10.699202837778152,7.124683338803735,2.0957073675989983,7.247020334003496,7.38541606370251,7.320148966949365,7.401408535000681,7.247020334003496,7.501259736283062,7.690597745610623,7.247020334003496,7.507783755536098,7.811237452589219,8.939446163074884,15.34588519823985,18.529573574902066,19.84517580004346,13.233748579279558,13.644489635132866,13.67811991362705,13.780509474921194,13.772034964923458,12.496300564734193,12.516773863001976,11.515954711163525,7.290712558791749,2.3350077193696275,8.02730873079645,7.34375334605489,7.480140634758257,7.247020334003496,7.247020334003496,7.247020334003496,7.247020334003496,7.6640159148941125,7.247020334003496,7.247020334003496,8.833432111348507,13.483530463614212,18.191784535470628,19.280106003193296,12.52642656060638,13.172806431643764,13.783754612209943,13.29470375817314,12.9404322135219,13.075519003188562,12.06421477573482,10.920112033148996,7.292387142840889,2.236186464528576,7.690257417383256,7.503458290262136,7.744948453964557,7.247020334003496,7.315991653067874,7.576495866681233,7.247020334003496,7.247020334003496,8.391452902294365,7.5585205847360255,9.751079304253572,14.44582236076998,18.090317297396666,19.710255551660975,13.377364853351786,13.686416836599728,13.674727535716402,12.61876369522175,13.892454001986334,12.98258623896534,12.183376472238841,11.682989853544058,7.513040809354766,1.5036164621084889,7.247020334003496,7.354971387861202,7.450843617648047,7.407520124747456,7.247020334003496
6.726305163788849,6.726305163788849,6.726305163788849,6.726305163788849,6.726305163788849,8.937985055415552,14.601302455232815,17.95495893166683,19.166948852465623,13.427456574098464,13.70411463986881,13.670162165836402,13.623979526368602,13.449934552780725,13.334926259673706,12.611493841913834,11.527151972766198,7.917595127343242,2.4271314171952136,6.761522863917655,6.726305163788849,6.900823865520953,6.999440886613586,7.016122474275115,6.897005544100301,7.002947329136282,7.1643177849672925,7.1333705164662975,6.809446190603522,8.614165941099639,14.494502127733398,18.6511777926977,19.957535725436784,13.270113049937317,13.623979526368602,13.487634294213498,13.688319779751483,13.428922901348528,13.045455488641808,12.509585318434036,10.968141654311838,7.913264451573548,2.2080764088350255,6.762144185556186,6.726305163788849,6.941977872146178,7.082063265672651,6.726305163788849,7.193515638702846,6.726305163788849,6.726305163788849,6.726305163788849,7.155430023051373,8.524642841741231,13.589502955106829,14.97639192270872,15.629308898357404,14.84088178360032,10.215165198634995,10.526826060505233,9.942108498665283,10.073357289580823,10.434442100329905,11.101134733911666,10.558343440586492,7.209012767607409,2.4006264946608735,6.726305163788849,6.726305163788849,6.726305163788849,6.726305163788849,6.780494185750263,6.726305163788849,6.726305163788849,6.726305163788849,6.983564144446569,6.746779391711981,8.241937740466883,13.057142881657825,15.07082063097857,15.699224991066785,16.708164442428313,10.676605948540947,11.430754135936933,12.40674791867798,12.937649948798372,12.450760238224653,12.29218113581681,10.810181209773887,7.352592082830722,2.1618141862095643,6.86126787663064,6.8876135991132195,6.726305163788849,6.7954973624833315,6.726305163788849,6.726305163788849,6.8803036551272685,6.726305163788849,6.774373238825729,7.3690072300354235,8.722026809111942,14.797950703074678,18.095313266817435,19.31137806686099,13.161341059064783,13.245230138455042,13.526498321173335,13.660524597927282,13.554235242427199,12.426621242353107,12.357705544922194,11.056672425564008,7.115881162664671,1.7874994167805909,6.829628790186922,6.726305163788849,6.726305163788849,6.726305163788849,6.726305163788849,6.726305163788849,6.726305163788849,6.976610894503715,6.726305163788849,6.726305163788849,8.771153140764163,13.642366758206645,18.339379693961703,19.265881203679164,12.656071461710825,13.701846379719134,13.623979526368602,13.58327783296365,13.374538936043413,13.318751061381965,12.41286830393561,11.212437892302319,7.906079411406615,3.039558864875765,7.1030064538914885,6.769777427927814,6.977988998281777,6.726305163788849,6.752226893380701,6.726305163788849,6.726305163788849,6.726305163788849,7.380548576377823,6.741783441964353,9.140593159275179,13.282578389210105,16.888401922104087,19.624563963251283,13.160196652255795,13.35716507365965,13.373020770597345,12.402154026173124,13.136597008553187,12.270534127283321,11.642324659785528,11.131570460116079,7.147759203681889,1.5083269644726762,7.155067644641056,6.977503187897524,6.9987584072741535,7.286121695226009,6.726305163788849
6.757439406629095,6.864115344448796,6.852834402288335,6.944307692283491,6.934321498501256,9.018906107658637,14.656570158943165,18.1659440599512,19.136412402694482,13.500975731295874,13.479536585265082,13.519316165746735,13.583799618834083,13.054287857001032,12.64926743737365,12.079308381906198,10.710673591645639,7.131253120449008,2.0025250095989677,6.589642597871553,6.589642597871553,6.589642597871553,6.620507663771613,6.589642597871553,6.589642597871553,6.589642597871553,6.589642597871553,6.701372192097735,6.589642597871553,8.197832465217004,13.956022505872276,18.0188906929525,19.29004757466646,12.892392183269077,12.992305456342041,12.896878122102457,13.07912470238782,12.982738860661284,12.831886011763338,12.23668253556602,10.977134247355263,7.817083304830878,2.1285317857557016,7.595036506955484,7.432875499265794,7.028679801627589,6.958172306238728,6.954163878946922,7.626207082052455,7.225450421702149,6.886046977959326,6.909790224766525,7.808865728161262,8.840132007975631,13.326769169953298,14.953656059547123,15.632737322813819,16.62186723588355,10.412313016990742,10.3472635119468,9.864166860928295,10.156931041689571,10.822327260617964,11.579501575508429,11.953533211255264,7.682603204587293,1.8238935210466687,6.589642597871553,6.589642597871553,6.589642597871553,6.589642597871553,6.589642597871553,6.589642597871553,6.589642597871553,6.589642597871553,6.859927900015802,6.589642597871553,8.050706587488463,12.831474285462107,14.615732758652445,14.92974720305363,16.03059104321124,10.159902573950754,11.02438807281757,11.664117069806082,12.272492847259292,12.56542282998794,12.139080335343142,10.496831615782396,7.467898143546751,2.175425338443551,6.63998292098608,6.907298798270027,6.787400398304768,6.792067749278667,6.589642597871553,6.623373645346966,6.589642597871553,6.589642597871553,6.94837075369861,7.074500456632799,8.073109691388506,14.242908697719434,17.791058364306103,18.681361575845973,12.69859093656397,12.931696930955821,13.459911848885275,13.479536585265082,12.98577507172012,11.801166448218213,11.920860398627923,11.151647775604928,6.600772655379564,2.2590530763025054,7.038718520495288,6.762665250911349,6.716386131250026,6.589642597871553,6.589642597871553,6.589642597871553,6.589642597871553,6.849054052375287,6.589642597871553,6.7629741747409655,8.945776324996299,13.58298151533199,18.36735596931768,19.242081224726345,13.053192288471719,13.500534958090189,13.576564267643892,13.549264807108237,13.495876645883971,13.265359843815608,12.187268438816393,10.886420918877885,7.277032279881117,2.828598377336386,7.152794871264599,6.829685201141794,7.039653677920347,6.590460201544151,6.589642597871553,6.589642597871553,6.589642597871553,6.589642597871553,7.228751869378028,6.735633411516109,9.046653212175638,12.989562138484118,16.589060248276894,19.313774049601246,13.066491384991306,13.202059990391202,13.585606745762288,12.156393483052147,13.163246790316496,12.735100055427829,12.546445187047475,11.489837337835407,7.629136296532165,1.5325391818719218,6.750997400736063,6.589642597871553,6.589642597871553,6.810792791601314,6.589642597871553
7.1284904295464315,6.960366355510113,6.98226837608715,7.016455731036906,6.960366355510113,9.112853925891628,14.690660917592012,18.454240253522816,19.659452679406346,13.63520165106691,13.610985692632182,13.658904119154018,13.676244477584243,13.610985692632182,13.361533943261454,12.540940071111233,11.197138262741165,7.413327788259797,2.1028130204466575,6.990605524822491,6.960366355510113,6.960366355510113,7.425171891992827,7.2632419759413525,7.323083309247195,7.03504150080818,7.161185692199792,7.4599266851758035,6.960366355510113,8.647331777439465,14.716884666605477,18.59014148220708,19.222698582216953,13.31178264996154,13.520911478030913,13.430011482643318,13.610985692632182,13.559287004169033,13.082745836869096,12.256093886585225,10.733379497676529,8.063253586455804,2.2953250404725436,7.245670151514525,6.960366355510113,7.028672208192155,7.560000459089764,6.960366355510113,6.960366355510113,6.960366355510113,6.987944938728887,7.182349601941248,7.915621012332671,9.246745416231516,14.059661083832712,15.42933275188707,16.445927324535603,15.495718661945695,10.405995575493582,10.897154977064044,10.124090740914605,10.265646920992841,10.687290796356928,11.692721372898102,11.647943734097986,7.855177728356426,2.2494927222091894,6.989898597483776,6.960366355510113,6.960366355510113,7.0507737017393906,7.212969311325139,6.960366355510113,6.960366355510113,7.384145159549896,7.546091199750969,7.092008222751684,8.45685324324475,13.353503647909191,15.28615273728062,15.356721751262057,16.4650872762882,10.052549348612656,10.612727049664738,11.457642223995219,12.431767587852493,12.310832154186597,11.981614211924764,10.349014813626408,6.960996984523072,1.3235158202726933,6.960366355510113,6.960366355510113,6.960366355510113,6.960366355510113,6.960366355510113,6.960366355510113,7.061138589049005,6.960366355510113,7.229032412257243,7.748874386875001,8.54400954513488,14.920444855202643,18.357780114494492,19.39389160120121,13.045736837979211,13.367006013150572,13.610985692632182,13.725280595088336,13.217583214586115,12.308568156785068,12.12113455162094,11.77224851819394,7.588945601847538,2.471098498895429,7.399149339915243,7.244736319869345,6.9620890535687,6.960366355510113,6.960366355510113,6.960366355510113,6.960366355510113,6.960366355510113,6.960366355510113,6.960366355510113,8.378058986182577,13.028284620981857,18.374980829956172,19.166900082353862,12.977585287367779,13.676897072112776,13.610985692632182,13.682484867642449,13.334230459620194,13.215031785150828,12.405801071131727,11.342332041397784,7.970684238558528,2.693572047293806,8.080044746150605,7.772830918199231,7.780079889656122,7.436804299716528,7.854353705884764,7.532022676406229,7.012454102463434,6.960366355510113,7.590660276028161,6.960366355510113,8.927479344208386,13.229320923822904,16.85075989786229,19.525334046177456,12.688469346900122,13.114850104655652,12.886521769377614,11.588617502570177,12.909288662972616,12.51758094460014,11.235662395457403,10.870703154037546,6.471968766837996,1.3569813031375435,6.960366355510113,6.960366355510113,6.960366355510113,7.369426751848514,6.960366355510113
6.870851624582621,6.955616923456825,6.9354882605624795,7.225922813746618,6.849406442807075,9.069749333379232,14.9784474568017,18.099166166220297,19.33135196418029,13.564742854771247,13.470567799044602,13.484739977777451,13.303433581805166,12.809370315849737,12.573786120257816,11.806705057726735,10.544030079517032,7.243748933602518,1.9822056260358678,6.735300763048607,6.735300763048607,6.735300763048607,6.735300763048607,6.796685118155942,6.735300763048607,6.735300763048607,6.735300763048607,7.090842908176015,6.735300763048607,8.276307817112885,14.39767811180319,18.132121541850662,19.531013606868317,12.969148286249718,13.092628751840873,13.213439338188124,13.388971429113756,13.382637200517001,12.901574890443145,12.148678253770395,10.83345447355962,7.929291773746301,2.4955995141092857,7.713401879479224,7.130142263869712,7.308867768713234,7.203333286761736,6.762279288485467,7.2117800839471515,6.735300763048607,6.830943112315685,6.933310220958867,7.880826247744811,9.102452997223507,14.041559327893092,14.982761483681028,15.58994731823039,16.450670752592227,10.20878238086694,10.558885835967603,9.843952559544853,9.912687942586986,10.155945163825672,10.34144504731335,10.450347885059086,7.7271033101128905,1.8115723339518202,6.735300763048607,6.735300763048607,6.735300763048607,6.735300763048607,6.774686481578002,6.735300763048607,6.735300763048607,6.736067691124132,6.879709611236782,6.735300763048607,8.4826462453996,12.949548491537477,15.143118351043597,15.59780939736725,16.602082417374753,10.508552486162142,11.256080435436694,11.940067805142167,12.454842093497046,12.361822610835544,12.174184656367796,10.730193702980996,7.407407455017739,2.0368772653932288,6.822999186702923,7.016259491558178,6.889184582821166,7.0370629989699385,6.735300763048607,6.874608433026389,6.985369647990672,6.735300763048607,7.043779679080179,7.234716367000991,7.917626952470992,14.130036622885509,17.565311562443807,18.65879734154599,12.469516850480751,12.883256356332941,13.386765356980444,13.640016707515073,13.205039891790358,12.508217966055048,12.335869534238165,11.497800160624546,7.188500098444876,1.9581453725353815,6.944861864960279,6.735300763048607,6.735300763048607,6.735300763048607,6.735300763048607,6.735300763048607,6.735300763048607,6.859103970565963,6.735300763048607,6.8016032834309526,9.109234160915312,13.653687925148688,18.37229794283588,19.080842131976585,12.880728491305556,13.470567799044602,13.248462457611403,13.381216939703645,13.525569756223474,12.998307510924295,12.082947910928878,11.197488582590639,7.541881523546478,2.3464054712263347,7.1821037862574455,6.778620180780537,7.244791813711444,6.735300763048607,6.784441216561002,6.894042780874411,6.735300763048607,6.735300763048607,7.529893900881742,6.930860296495396,8.936669271927311,13.000087561315851,16.809112350528363,19.156528293111837,12.874463455673776,13.148373501214033,13.317036525996894,11.92096902282716,12.927295882543822,12.459364876562605,11.855466951946399,11.197852742694922,7.217389450548677,2.0362203076717194,7.052153762872842,6.778631572043584,6.735300763048607,7.042856685682736,6.735300763048607
7.040006440838453,7.073888231257746,7.081493960774178,7.456592128065401,6.993670422039026,8.838097424021221,14.760857253657406,18.09398541617888,19.305577261362153,13.576552823083185,13.527652798467724,13.527652798467724,13.565932040572152,13.337981817231285,13.278255180642713,12.276594064382337,10.932778182314182,7.370131877611713,2.243267095681679,7.063651912300552,6.993670422039026,6.993670422039026,6.993670422039026,6.993670422039026,6.993670422039026,6.993670422039026,6.993670422039026,7.02273873772606,6.993670422039026,8.21383153831167,14.218004381951374,18.346376060212048,18.078536093902386,13.43470251287664,13.527652798467724,13.527652798467724,13.527652798467724,13.527652798467724,12.983714632236858,12.416532940547336,10.82608219306122,7.942448190092906,2.5158485719558117,7.530324072874061,7.00866498342911,7.699044133061423,7.721464717417254,7.040077496990014,7.636208724686268,6.993670422039026,7.0724844439117325,6.993670422039026,7.430595857058614,9.071119269816446,14.169539450298977,15.197013417646088,15.98700139868034,16.767570055317044,10.238000115503798,10.581733816712912,10.274089756030685,10.066068821210223,10.315501916716581,11.330966688927838,11.237241487170008,7.65148378065189,2.3174678099238357,6.993670422039026,6.993670422039026,6.993670422039026,6.993670422039026,6.993670422039026,6.993670422039026,6.993670422039026,6.993670422039026,7.090490979817057,6.993670422039026,8.049582673862666,12.68102454758677,15.025715883751117,15.657494370063565,16.77396410106885,10.445273630906193,11.158995885398218,12.070711358879306,12.777378052321627,13.080353295149422,12.727394834994545,11.267443900476591,7.608315241930851,2.4982138273126235,6.993670422039026,7.187771638775053,7.181799243250279,7.447761864203737,6.993670422039026,7.080136183546161,6.993670422039026,6.993670422039026,7.053178991476989,7.272286833330192,8.132682087196564,14.131475123457736,17.813752049087018,19.32864017317032,13.001040491258752,13.429434558714739,13.527652798467724,13.527652798467724,13.286465801239032,12.146340563587525,11.85681285029377,11.11093491552661,6.79597321008866,1.7852601068049294,6.993670422039026,6.993670422039026,6.993670422039026,6.993670422039026,7.047525693506602,6.993670422039026,6.993670422039026,7.074003432933255,6.993670422039026,6.993670422039026,9.08364047239901,13.588297308443007,18.34399744293994,19.512277489686426,13.376308010537475,13.59752781924927,13.527652798467724,13.54998686905435,13.527652798467724,12.854729877524392,12.126307768290742,11.536830413662436,7.808189355523877,2.8769105791976477,7.482814166135302,7.007021016211934,7.522764958208831,6.993670422039026,7.358539275199343,6.993670422039026,6.993670422039026,6.993670422039026,7.670055541368551,7.03803390191335,8.740775895177471,12.861886138692963,16.40146376683646,19.03955512458246,12.423701079977693,12.904230112423358,13.106646336095972,12.303893508614557,13.087985665706354,12.911028926266889,11.781858991650433,10.44936001474858,6.848856674497759,1.7060737192635136,6.993670422039026,7.10166584470806,7.319536704790898,7.551281757213112,7.389491586791414
6.886019959036234,6.7415253610893515,6.7415253610893515,6.7415253610893515,6.7415253610893515,8.875734555181765,14.961178321164919,17.84774908830787,19.377391172770647,13.586810525718281,13.695551706249903,13.655575334360753,13.830774774544247,13.784806025171427,13.73875444989412,12.637539883764296,11.25681163252744,7.726722635194579,2.5134279098947925,7.152257185031727,6.8970724522719875,6.754779465304648,6.86476129076385,7.352178839373825,6.937727919390623,7.062261234252338,7.212088993983206,7.361134822636198,7.008411509268031,8.961700239514224,14.631134223309203,18.255395687520362,19.229487448032593,13.345206845057012,13.695551706249903,13.789776429635566,13.695551706249903,13.695551706249903,13.26029828762236,12.607213848844452,11.56851631908675,7.287857919318791,0.7548273382398152,6.7415253610893515,6.7415253610893515,6.7415253610893515,6.7415253610893515,6.7415253610893515,6.933208014906737,6.7415253610893515,6.7415253610893515,6.7415253610893515,7.150246541559982,9.015306650567277,14.509581134211022,15.560500584467688,16.48938205244047,17.088624316530783,10.812047847690616,11.139103403538137,10.491366082258338,10.486589483193221,10.61173063601805,10.888514033703114,10.364967350966532,7.487942524063726,2.170818669803178,7.439613182717618,7.070496867463261,7.0039106352090466,7.042162758640197,7.075292024339496,6.916762615577183,6.7415253610893515,6.7415253610893515,6.828896388729919,6.7415253610893515,8.595692005907594,13.514454604094801,15.651525810828772,15.439555652647874,16.735509425384805,10.359429446300156,11.031750990969476,11.949054289502746,12.750216522702907,12.83652914239551,12.373122275782347,10.421241082700215,7.383609474576721,2.1505292375131617,6.821049323122356,6.7415253610893515,6.9950573550172574,6.7415253610893515,6.7415253610893515,7.307171374281633,6.778453977141463,6.7415253610893515,6.7415253610893515,6.7415253610893515,7.793986530862607,14.365060107952882,17.95834065266252,19.164510003149935,13.21900095041555,13.554105242856371,13.632362194726376,13.539732832028522,13.282550710042525,12.300487591055875,12.10340737994076,11.097307896622091,7.096692461921435,1.8368374276587252,6.965596675651941,6.7415253610893515,7.246066516638053,7.1133698127521745,7.185257982607961,6.9173520995699915,6.819964946042285,7.172974685162194,6.7415253610893515,6.757511275146339,9.429949507436488,14.170311004730985,18.765218423728182,19.350712251734898,12.654823992396494,13.695551706249903,13.525282362039693,13.41803525455682,13.009817232398209,12.448386840971006,12.15248808576192,11.360927584555032,7.89126353980811,2.466552577419974,6.855990866899248,6.7415253610893515,6.949366325225771,6.7415253610893515,6.7415253610893515,6.7415253610893515,6.7415253610893515,6.7415253610893515,7.658163480202687,7.120850606455257,9.155511800945238,13.032119760550735,16.916370502060552,19.584015059062803,13.160364321782408,13.60232568522777,13.825056033141612,13.294308309307908,13.69665087672756,13.114925585425613,12.141938429197483,11.147760058770023,7.527242430390821,1.6714223213757875,7.034699566804651,6.917784442252616,6.839333939039819,7.163765490106822,6.843356093321712
6.830484362115082,6.676916315991187,6.676916315991187,6.823516539535192,6.676916315991187,8.462983124191918,14.26462629619993,17.812846726782304,19.069592514529063,13.434621193899597,13.596324530998453,13.566775454313376,13.351383732375613,13.284116499469189,13.468358395262403,12.516581305068222,11.295102857140476,7.618754288607948,2.0237427049731185,6.783093747882842,6.676916315991187,6.676916315991187,6.676916315991187,6.806028981277339,6.676916315991187,6.857768173417409,6.676916315991187,6.770516521599967,6.676916315991187,8.153084101548911,14.195869822148818,18.002961082443903,19.10965636217938,13.084067401609554,13.369510270091041,13.449260243439138,13.568211474611223,13.626846295043203,12.90693503724107,12.504846280294563,10.983177180078977,7.662255528292008,2.2015481172226967,6.695480683259805,6.676916315991187,6.68116088221479,6.793351129502095,6.676916315991187,7.0925866802038025,6.753087640487589,7.025515518894311,6.861311848466635,7.462077676065713,9.356758053768953,14.250004416517097,14.848893384103794,16.07154032092335,14.016026991632678,10.734805560053916,10.861886206984353,10.400358452480587,10.319041848134416,10.872617723554734,11.4248334266304,11.23844090455814,7.794156497438958,2.087711406978432,6.92934499150479,6.710673060460404,6.676916315991187,6.90268338032128,6.830788816141218,6.8233108410148775,6.676916315991187,6.676916315991187,6.816835481919495,6.676916315991187,8.790935098052667,13.264265974422647,15.358452386715223,15.011975618544431,16.152609190729954,10.048273891671588,10.639315745631157,11.685281975262908,12.091081533455029,12.364705386212066,12.005121991802293,10.687373806117613,7.317113829436357,2.133890371007721,6.676916315991187,6.770008036879357,6.676916315991187,6.767494421177189,6.676916315991187,6.857442896838357,6.676916315991187,6.676916315991187,7.05803458496943,7.127516563261111,8.168987477959284,14.221845047188745,17.709765790453943,18.753728538038004,12.710446146183251,13.170182378370587,13.513832798710196,13.624300688070976,13.027631791438514,12.292007199580702,11.86537638084174,10.982003630491008,6.883254308229033,1.7977858583842454,7.0006458096856745,6.847337438991111,6.676916315991187,6.722798962962835,6.776027574118546,6.676916315991187,6.676916315991187,7.037871227581476,6.676916315991187,6.676916315991187,8.912938680964267,13.979499642384694,18.615618002883153,19.00705207792524,12.400069043231124,13.435256063827524,13.400085864200518,13.14138646676813,13.063262674154585,12.867574487321798,12.007741175091434,11.364486838028988,7.254077214834503,2.3377242838296914,6.9125349748595495,6.676916315991187,7.13095066720664,6.676916315991187,6.676916315991187,7.048678435786109,6.759237925164629,6.676916315991187,7.7556576798828525,6.96570298834306,9.203689445673989,13.310697437176135,17.36730312529972,19.44403942960559,13.07141945439796,13.363001569857854,13.341975981671593,12.308229627623252,13.566775454313376,13.213390517235787,12.003686407727429,11.026937370527797,7.225205102470789,1.7219563915391611,7.069421691164748,6.743136481800667,6.676916315991187,6.825635335374781,6.676916315991187
6.544809918422815,6.5111883938429305,6.5695608018728615,6.6709125365268,6.5111883938429305,8.820284392206258,14.125330855211919,17.542559023341653,18.773654920363807,13.185438132480181,13.460757814913183,13.650265584006807,13.533285072197392,13.30206633015544,13.319040172613091,12.418690636470654,10.868616838437017,7.744647980544804,2.5524141273039156,6.901704656117123,6.5111883938429305,6.5111883938429305,6.686022548106562,6.80536859785327,6.5111883938429305,6.5111883938429305,6.5111883938429305,6.590099385670628,6.5111883938429305,7.833128794501425,13.7467488067796,17.697215739757567,19.275700944871318,12.88618413598466,13.42007225483822,13.460757814913183,13.460757814913183,13.460757814913183,12.987734245170447,12.57841555171066,10.897400224729628,7.616752389368907,2.284320242878954,7.181786729153916,7.162035475620195,7.2292812326224105,6.797362761368597,6.5111883938429305,6.97577477782825,6.5111883938429305,6.513949440379372,6.5111883938429305,7.007646685170835,8.63574272306101,13.753021373372114,14.877294289931168,15.931528360149274,16.38659993737378,10.446291324199983,10.969947155492191,10.38465254506726,10.122500762742511,10.40523759708698,10.709987039105151,10.438335539959489,7.466493851721279,2.606931588702939,6.7543199508827785,6.994694824021239,6.5111883938429305,6.708835970285864,6.828206490905054,6.738526008504256,6.5111883938429305,6.5111883938429305,6.664367781623144,6.610697040549922,8.723325179163009,13.195615816718675,15.095344205580604,14.982030426481867,16.267772589891344,10.258478581378899,10.74496995654782,11.6990700188894,12.074225342850417,12.301460260079686,12.193289375820804,10.474478362504549,7.0708369412078556,2.087610933843866,6.5111883938429305,6.5111883938429305,6.51232553723493,6.571680139894622,6.5111883938429305,6.669014439261996,6.5111883938429305,6.5111883938429305,6.5111883938429305,6.5111883938429305,8.158035789370699,13.683009806036559,17.101905202789887,18.235085516932735,12.41254385397124,12.775834140589266,13.071621198365676,13.20185117010148,12.974182054534964,12.284202182850102,12.13256268223453,10.958903524154747,7.090488255297195,1.5763915414500034,6.5111883938429305,6.5111883938429305,6.677834885016106,6.5111883938429305,6.5111883938429305,6.5111883938429305,6.5111883938429305,6.63903491262794,6.5111883938429305,6.5111883938429305,8.768336139800637,13.384704254203625,18.12897098828611,19.235607225536306,12.890796694866774,13.605105983201758,13.460757814913183,13.449825462642501,13.443854751301819,13.14978071513183,12.235476642769092,11.491300276653863,7.2973417438810735,2.2701546164251583,6.5111883938429305,6.5111883938429305,7.227445415733885,6.5111883938429305,6.870915986043753,7.236872668922248,7.102802224418308,6.618534589641043,7.898064260444144,7.066000439175021,8.971206693016534,12.766168853440409,16.751706157143033,19.12022585829368,13.00231992632655,13.439625048652045,13.460757814913183,12.755232072929687,13.460757814913183,12.839095758737965,11.928284268656876,10.48020970894244,7.18776927745931,1.5024876067719013,6.6726540803819905,6.670741942452647,6.5111883938429305,6.5111883938429305,6.5111883938429305
7.006300860644594,7.177068116693255,7.113795984816496,7.072132152508208,6.769388512288474,9.159898277708635,14.703480532494769,17.98912709962108,19.429705469350125,13.034880586899526,13.187614433718043,13.357174418027942,13.560815782684855,13.19352074190429,13.198826867803113,12.170990903179268,10.737036588011291,7.331012101365021,2.2323406079603365,6.828345146662946,6.769388512288474,6.769388512288474,6.769388512288474,6.790424602301805,6.769388512288474,6.769388512288474,6.769388512288474,7.289883322008433,6.769388512288474,8.45170893235143,14.209251518599359,18.351835576890704,19.629471344598542,13.156179298192125,13.492738304756747,13.5309006617201,13.501076126382072,13.492738304756747,13.492738304756747,12.735688576595162,11.442475540083079,7.619756361380117,2.1731744832933733,7.120953128048776,6.769388512288474,6.807514889232916,6.769388512288474,6.769388512288474,7.065171040307643,6.769388512288474,6.769388512288474,6.769388512288474,7.176945722959351,8.743939528869024,13.638650423207554,15.116009441980506,15.8428257565,15.193987086217902,10.460718495980448,10.950389134951713,10.212887018100336,10.017277997014574,10.249758545119967,10.786462959794967,10.354086109969439,7.157780986569538,2.1431598894526394,6.9803464525742696,6.769388512288474,6.769388512288474,6.809062981475426,6.860559730334536,6.861281526646184,6.769388512288474,6.769388512288474,6.769388512288474,6.769388512288474,8.149883471325628,13.013380595806023,15.032627692904923,15.168972000313172,16.682742526618,10.505200450294923,11.181012506224215,12.441205171222009,13.066052931192218,12.853445888618833,12.682795575485422,10.782139419993943,7.789207595769199,2.722373381810428,7.3912468970944945,7.131279640684582,7.142813553682652,7.37592727302344,6.8802279761258,6.808888815443402,6.769388512288474,6.769388512288474,6.903618599887496,6.829229799524018,8.489050732789707,14.18188598868689,17.543731727886744,18.819126911166457,12.61303949970619,13.166380213548594,13.318795446523039,13.201073081840365,13.21539503223548,12.025720073699858,12.157523739354446,10.957779203261163,6.8712997502576485,1.6673004218842218,6.769388512288474,6.785629683266057,7.042974245529091,7.086632919774732,7.3325687775781585,6.8461031454466985,6.883208401773374,7.321496391998861,6.769388512288474,6.769388512288474,9.149410315925682,13.759986192712772,17.857912974577175,18.97896357741542,12.724437400662067,13.550293657215148,13.492738304756747,13.597429957753592,13.311708572875974,12.941121859763559,12.243260233386971,11.662020304506877,7.143312891141634,2.3520695880318727,6.769388512288474,6.769388512288474,6.769388512288474,6.769388512288474,6.769388512288474,6.788628807258195,6.769388512288474,6.769388512288474,7.822844197414448,6.954101968841375,9.258953260677867,13.186637848072401,17.135947774655854,19.28980164052087,12.818220225723389,13.292477828136002,13.492738304756747,12.43237854670776,13.01852184961196,12.400938433423619,11.88424281956217,10.432863190074894,7.159550292291684,1.7255106006023548,6.914011913867187,6.985943590909035,7.079814910227319,7.121170169585941,6.860557820288586
6.641619707609048,6.641619707609048,6.641619707609048,6.694037671715477,6.641619707609048,9.161019614984173,14.385064346617032,17.531101117995544,18.934491767574556,13.25210873375184,13.490765307540904,13.492344798314557,13.536748601054777,13.00253650189935,13.164257227596813,11.967070906859584,10.547364652431217,7.4016827089389565,2.134559993431155,6.641619707609048,6.641619707609048,6.910621049929628,6.960051199285014,7.168816381770337,6.641619707609048,6.72627601787088,6.667323252508904,7.044120779009238,6.641619707609048,8.18482652941965,14.268257747555705,18.198720509088357,19.32587343370714,13.24503708826826,13.694274661872987,13.49955253382192,13.49955253382192,13.49955253382192,13.144514930442218,12.605165787978658,11.085753059470889,7.606055450212151,2.2055347612003002,6.749416092947811,6.652000920553033,6.692536975223423,6.641619707609048,6.641619707609048,7.120613855553166,6.641619707609048,6.778993256291983,6.641619707609048,7.388917528143031,9.002879868681863,13.690743913391703,14.781346788433051,15.592827055938375,16.363797922341917,10.325305777295279,10.52840984139229,9.985511449385381,9.745275292071764,10.395324581565681,10.901902082618903,10.39667214042241,7.052539081108427,2.01539632968662,6.641619707609048,6.641619707609048,6.641619707609048,6.641619707609048,6.641619707609048,6.657150691746331,6.641619707609048,6.641619707609048,6.65688692199663,6.662584700618429,7.818189192402876,12.542210864807334,14.890190709307802,15.172522205345047,16.55766451432246,10.444829882694394,11.13505257146225,12.250418772871424,12.640644604599593,12.622114641386306,12.183000618876097,10.680694452438521,7.8535253402896,2.1212682107953347,7.167270525080909,7.008450006404584,6.810571096843465,7.034232003317697,7.158835173514458,6.723273820250741,6.641619707609048,6.641619707609048,6.9763529241627955,6.922117086097896,8.33853152422385,14.21651723669965,17.65550589512032,18.632663940447905,12.576619715421543,13.145605458550502,13.242814096099195,13.165300288457143,13.167166118867614,12.292864595538962,12.251764655950423,11.270851411089842,6.831083128814487,1.8005620291685076,6.925061852821151,6.641619707609048,6.641619707609048,6.652355413015501,7.167935908790783,6.690572255188857,6.644052977263818,7.084584064408357,6.793803588281847,6.641619707609048,8.728940525314027,13.51306579376724,17.97930028595893,18.91278188275725,12.689751541718314,13.395455160908224,13.36169807651139,13.144835895267683,13.318595994910014,13.015935701576138,12.161592230738638,11.715780585456336,7.113919544892592,2.4266649058405605,6.6907532480066205,6.641619707609048,6.643668562398858,6.641619707609048,6.641619707609048,6.641619707609048,6.641619707609048,6.641619707609048,7.47255919236674,6.751558587256008,9.218449707232436,13.528575153311124,17.140439863508895,19.477803742502633,13.066276950370098,13.238806204016804,13.502535506204504,12.481819107237813,13.161434012316628,12.351038779566418,12.201983592176193,11.193247721793277,7.451869103602497,2.0488204145715945,7.225326423004152,7.11215768402935,7.126448623459652,6.907393705089392,6.6840922194733325
6.969737853516964,7.222704251297848,7.486061468703199,7.632798123958915,7.213037412734008,9.848488269920768,15.016099487951013,18.140803544461946,19.342278920917735,13.247237855947889,13.351074043971318,13.430577548152378,13.455406507069394,12.942114691317911,13.069434678285159,11.868083965997581,10.751934997177687,7.414197791570564,1.9133266992837805,6.786860957135943,6.786860957135943,6.786860957135943,6.786860957135943,6.786860957135943,6.786860957135943,6.786860957135943,6.786860957135943,6.965326111105129,6.786860957135943,8.127684874301071,14.303959157805194,18.26784365762606,19.367426632160303,12.842326526433094,13.544618925939002,13.439765673555096,13.413084833003724,13.449265294866514,13.150778031527603,12.583536420372383,10.757622599089355,7.819454624398206,2.749985590921568,7.333157907895633,7.167810557220172,7.435018380498546,6.872091651233154,6.786860957135943,7.5805728514825095,6.823084044599748,6.911377604807345,6.786860957135943,7.229155622594618,8.651272534396478,13.88608662356414,15.101835154965523,16.134992355018767,16.740205675833558,10.14082515170269,10.829118528075083,10.183498311304762,9.760593036886569,10.355270250624741,10.697566906829293,10.239902335514532,7.167229618686743,1.969263025419965,6.844759654802906,6.851457716312688,6.786860957135943,6.85550034780625,6.854152171051688,6.786860957135943,6.786860957135943,6.786860957135943,6.824627894612188,6.786860957135943,8.221259164057326,12.797544497615489,15.215403993787332,15.268064284492315,16.57473312469514,10.399575153308868,10.7759361755217,11.826547670022498,12.45703272581177,12.491970815239222,12.195855716160366,10.663386676449829,7.314823909958363,2.263377557716187,6.786860957135943,7.068666525115572,7.072478755845067,7.071966937361802,6.8548381267422345,6.786860957135943,6.786860957135943,6.786860957135943,7.096860962922483,6.897920321402784,8.404117922186915,14.634996737066121,17.69032413045526,18.737495453235287,12.681975189723193,13.034781069149833,12.906575311001086,12.884117951958356,12.744930232818293,12.080706556948908,11.779276688536594,10.945152170386347,6.679660565899663,1.8120723658503073,6.845114974653975,6.925528239112403,6.934034679293262,6.9785892202808535,7.3344559171448545,6.786860957135943,6.962597628406829,7.2708046455538105,6.8133164213165145,6.786860957135943,8.957771807688871,13.715455545281934,17.987281384335542,18.99268616027933,12.92443463399887,13.413084833003724,13.413084833003724,13.413084833003724,13.468588399475532,12.80328461478727,12.194706804788582,11.400581178425865,6.801287447941501,2.385210500481132,6.786860957135943,6.786860957135943,7.004665530048557,6.786860957135943,6.786860957135943,7.008795954676463,6.786860957135943,6.786860957135943,7.561093418764116,6.786860957135943,8.914917965119361,13.031412216055163,16.74828870870697,19.166566334046824,12.909892423648332,13.217387484548064,13.451788543344742,12.600251324171573,13.205809031773882,12.601615770515737,12.102831518124622,10.905162220345755,7.520141595356885,1.854142013405024,7.084564877383058,6.787610821431399,6.787509686938562,6.904855579274966,6.786860957135943
7.090004278783617,7.144330280848918,7.090004278783617,7.097703190656248,7.090004278783617,10.060467057902535,15.153648995480234,18.113556842356537,19.490863033715904,13.284810086620872,13.386645405593113,13.481611752543234,13.56647112146844,13.345237190996997,13.058428096244633,12.062427097077217,11.176391756965927,7.446983332820633,2.101991156300502,7.276633958302005,7.146591024527718,7.313708706052259,7.090004278783617,7.25609668611525,7.090004278783617,7.090004278783617,7.090004278783617,7.722797686139652,7.090004278783617,8.697936101789619,14.895139064500157,19.04459755304799,19.975536321260627,13.142621295234973,13.501763417307856,13.507119412147294,13.501763417307856,13.501763417307856,13.482807363722317,12.602050955777699,11.202936248169522,7.698795986066501,2.083075953587123,7.090004278783617,7.090004278783617,7.38025430257998,7.090004278783617,7.090004278783617,7.83932036977283,7.090004278783617,7.326184820254858,7.090004278783617,7.662096766146966,9.139321571039543,14.306421633371706,15.671104236826864,16.55673431417197,14.454043665532188,10.569443119327442,10.847769544629116,10.212531705341119,9.890829796201263,10.56310041138945,11.121211137599166,10.61549987293787,7.023615486537972,1.8129891566721936,7.218011451780639,7.221762273361956,7.090004278783617,7.090004278783617,7.090004278783617,7.090004278783617,7.090004278783617,7.090004278783617,7.090004278783617,7.14634345782945,8.536984048263266,13.2191296185417,15.410752997092173,15.575901009396036,16.96464053706518,10.227323337731745,10.71977766222053,11.92338352983795,12.403153599170786,12.599060911007717,12.589861929439458,10.611401968657338,7.056936517218652,2.0964024462277764,7.206926579933605,7.647524634177154,7.431713118121903,7.313820971162079,7.2534414050164555,7.2899714255537384,7.108717947107633,7.090004278783617,7.16467279922509,7.191300000937688,8.642881332172264,14.509277846290104,17.901055487207366,19.310577338862117,12.629999489369197,13.07905349050684,12.991949413390445,12.856637696113031,13.210281062095545,12.22175816879539,12.177065702608314,10.888939856372296,6.555844078361755,1.2437517538319545,7.090004278783617,7.090004278783617,7.142685033652587,7.704574926181157,7.856124474972151,7.5310411326768385,7.689355308208337,7.771053274298559,7.470873522253786,7.274869353979507,9.809709254066679,14.602736337103797,18.8290928044232,19.78387821312744,13.079221377036774,13.628629487294818,13.501763417307856,13.4957027109132,13.684144658656946,13.009899896347925,12.173226473384785,11.62602781784415,6.538057641612012,2.1302773365602294,7.233237558193946,7.090004278783617,7.090004278783617,7.090004278783617,7.090004278783617,7.090004278783617,7.090004278783617,7.090004278783617,7.748209688455631,7.090004278783617,9.234437078778825,13.405632949513551,17.192178978787737,19.06464753832438,12.342482268710592,13.02972199825436,13.367115300323487,12.650997312708974,12.981767523977704,11.935284480143137,12.005787249871057,11.159048531982892,7.652701300079676,2.126558705691406,7.377276561078382,7.42856013842917,7.427629625646164,7.379440279937808,7.090004278783617
7.171807254255259,7.348546162419176,7.4292074425079715,7.570115062598269,7.171807254255259,9.883318662493249,14.6591501092945,18.1194504431297,19.577250548001892,13.330285444716408,13.43941360771987,13.280412784076402,13.534976550048393,12.901289314052224,13.082405060404623,11.8913303475969,10.844168718994888,7.40874870924515,1.707834299192744,7.171807254255259,7.171807254255259,7.171807254255259,7.171807254255259,7.699718686233355,7.171807254255259,7.305291653270739,7.171807254255259,7.407543697451407,7.171807254255259,8.850721562730666,15.462529400461325,19.040433576058547,19.545420090641336,13.174763727647846,13.467824591464886,13.199673489852938,13.085075859855811,12.98246039563683,12.587750294639871,12.354548763370444,10.971274219809448,7.5177445403110585,2.2545388593779783,7.665831963381016,7.171807254255259,7.614063394228273,7.182856823968046,7.223305894502043,7.629708348795032,7.171807254255259,7.49918345372704,7.23934152372255,8.16952911658168,9.586815424353947,14.67063137399636,15.712049003483251,16.57978119803722,17.229281584771385,10.363245446527447,10.939589519122217,10.320158290280803,10.09444286669142,10.567181014074448,10.991477653300922,10.654438123342414,7.791292538801259,2.2260692906355133,7.334246624519428,7.171807254255259,7.171807254255259,7.171807254255259,7.171807254255259,7.171807254255259,7.171807254255259,7.171807254255259,7.203529613353349,7.171807254255259,8.503392266848838,12.918515647984421,15.272958475768355,15.508092071030305,16.974904368739594,10.21830802212563,10.771714689342666,11.876269742397609,12.511861813865295,12.883756615257855,12.52474311246468,11.133531871809682,8.026626802719717,2.8364136373277375,7.171807254255259,7.225035241375032,7.171807254255259,7.362747352177538,7.4864320182493485,7.171807254255259,7.171807254255259,7.171807254255259,7.171807254255259,7.171807254255259,8.32351703947608,14.755910184887036,17.849264241521542,19.502081563657278,12.783913035118935,13.286905976002554,13.221304041153493,13.278489444355328,13.531383248100692,12.615862689299545,12.303260632302543,11.467898213012608,7.229812861332776,1.7649462991816525,7.209259273393727,7.171807254255259,7.171807254255259,7.171807254255259,7.454354971662857,7.171807254255259,7.276823087568793,7.387743533911165,7.247914169825409,7.171807254255259,9.358343934202637,14.173017561690477,18.578356359724026,19.68561510029737,13.04444327994439,13.510812783636762,13.43585481177143,13.219419982448406,13.056096632443404,12.478220970419255,12.079620028540086,11.471081765953869,7.080880959008802,2.4604975577127774,7.255437399987703,7.171807254255259,7.209453503423205,7.171807254255259,7.171807254255259,7.318054363049184,7.211265796937443,7.171807254255259,8.121582938037578,7.383463628151459,9.605128713984927,13.880976128073915,17.493696149701545,19.590574355569565,12.495566832732026,13.253367823316259,13.590850247563292,12.303588039521237,13.297545037386433,12.614439064648662,12.222238322442752,11.195788132511781,7.583939453270867,1.9051122056816092,7.371544829983346,7.273891064729389,7.319302790530705,7.184640378081705,7.171807254255259
6.950674134782154,6.950674134782154,6.950674134782154,6.950674134782154,6.950674134782154,9.321677549220748,14.15337592924261,17.62114492030031,19.12397541267115,13.028598737722335,13.34831437306723,13.284406377728109,13.339415483148189,13.130226265779948,13.248732470382993,12.144793658816958,10.848870763997214,7.479604382581828,2.3286617749711955,7.087224149448184,6.950674134782154,7.099945356744387,7.043685606533176,7.224967474773541,6.950674134782154,6.950674134782154,6.952793321488649,7.0640367173757,6.950674134782154,8.38028989864172,14.475700555270823,18.138266463207366,19.14745877941052,12.668091337844944,13.006079595250629,13.149339823449587,13.252596901268339,13.310270182786637,12.893890874426223,12.626817328686007,11.011059354593216,7.752178372517963,2.6225885375715783,7.329259599763522,7.126113516819274,7.176957765622524,6.950674134782154,6.950674134782154,7.454894085648128,6.950674134782154,7.021621013823255,6.950674134782154,7.411758872135247,8.789067563412729,13.821810061590373,14.78529363095436,15.75212260738385,16.58909515462145,10.198413657361177,10.76678158062868,9.699718379027226,9.59448335402513,10.023358205324266,10.132606926992647,9.436416235382397,7.044169668391138,1.7189973594116936,6.950674134782154,6.950674134782154,6.950674134782154,7.050091318739565,7.094606314713885,7.13736398221341,6.950674134782154,6.950674134782154,7.150412158510823,7.2554288412647985,8.753985328668108,13.468281695529637,15.509742520754841,15.654269648670912,17.06410257549466,10.569786424567615,11.068187030087191,12.161797579604144,12.610867061247541,12.699203053739474,12.314778236820219,10.790185682474545,7.455323181677688,2.0718577085003926,7.004791983170849,7.043844414392247,6.950674134782154,6.950674134782154,6.974659614699879,7.00227530667811,6.950674134782154,6.950674134782154,7.2178400751228295,6.9604428718782385,8.439155602185112,14.783114563440922,17.77171357624237,19.04022383962202,12.473673699068913,13.01804229582948,12.931516212399869,12.809083023737946,12.946949589892556,12.114649417760816,11.82173350735086,10.834683922346738,7.10633031660422,2.032769288000688,7.120847618452126,7.389839082103931,7.114212231183741,6.961895451585142,7.289636370833639,6.950674134782154,6.950674134782154,6.950674134782154,6.950674134782154,6.950674134782154,8.750116929563132,13.470873693169619,18.14897176581698,19.296578621943123,12.60833801268725,13.229431639940904,13.284406377728109,13.061795382590764,13.078034935563785,12.763118895383908,11.838983862413654,11.25166894886756,6.865529103747664,2.3175539051389484,7.160916489255158,6.950674134782154,6.950674134782154,6.950674134782154,6.950674134782154,7.243084932540598,7.217853239002702,6.950674134782154,8.058957215501392,7.404238337666069,9.679656494397092,13.906051766467563,17.779550142805046,19.463731786994533,12.579842193563493,12.882991251264873,13.280787795411102,12.46794335328594,12.968101944552451,12.068983171557162,11.747216773216802,10.653917948901734,7.081225115084955,1.5288944531158997,6.950674134782154,6.950674134782154,6.950674134782154,6.950674134782154,6.950674134782154
7.2947651428302605,7.475582051359077,7.5872352991669665,7.573604736118796,7.274568008171045,9.960098099297916,15.117547600166741,18.67024164232936,19.933342623939186,13.488580036745333,13.677406633503143,13.925845025657658,13.859779721558438,13.892543585211412,13.745798400265185,12.518686304009242,11.227459160479501,7.433696907186511,1.892868002578556,7.274568008171045,7.274568008171045,7.274568008171045,7.274568008171045,7.274568008171045,7.274568008171045,7.301101695204728,7.579129379964601,7.81026081505537,7.274568008171045,8.882718664398883,15.198171536934645,19.20897343961677,19.746155721231965,13.34187904461059,13.643864200954475,13.810462771128904,13.859779721558438,13.877218389498331,13.404917636412273,13.129693273562985,11.304084775901394,8.251350839604203,2.5946038840382406,7.736865368330143,7.459696938370523,8.06233628902002,7.678910640526304,7.318486967322074,7.821354557643209,7.274568008171045,7.274568008171045,7.274568008171045,7.572071635963531,9.214244279996903,14.850223425583918,15.784719247783846,16.746044555043575,11.100917893596401,10.540263262117202,11.13578194647647,10.300437994379461,10.182846610599656,10.849564254898699,10.845430032384398,10.267676490252907,7.586294852646583,2.0374646519176554,7.274568008171045,7.488440255763035,7.4848269659282005,7.678974921996459,7.600882952308809,7.570188679389174,7.274568008171045,7.373350040385836,7.66716778416916,7.606791426234238,9.26247675813798,14.044059233664335,16.1098097977182,16.045526262295333,17.434932909968992,10.7564401796526,11.229631613004852,12.11195405317872,12.524531012781546,12.389984267422228,11.935378585782653,10.810054823458627,7.330615485817032,1.763825397272265,7.274568008171045,7.274568008171045,7.274568008171045,7.274568008171045,7.274568008171045,7.296962949529118,7.274568008171045,7.274568008171045,7.41531799237804,7.3418287308485795,8.620228869425324,15.345828294043327,18.36987400397504,19.898756468690653,13.123067056688058,13.674604477721426,13.611831066346019,13.614094923501176,13.702156806622325,12.750196166448125,12.635976111473004,11.6825938595764,7.561489036722788,2.172843596595079,7.849917680392477,7.709368853300118,7.485557554524738,7.433074806229711,7.667660298983462,7.274568008171045,7.3023570167982,7.3987034783221155,7.274568008171045,7.274568008171045,9.421505501081622,14.311051313133875,18.96477448519834,19.47193167399048,13.366196189813914,13.849841651377405,13.879719880925537,13.933920423248713,13.468130053816505,13.30530912969961,12.462211134284725,11.73084835139134,7.133468927013478,2.0869143990871404,7.274568008171045,7.274568008171045,7.274568008171045,7.274568008171045,7.274568008171045,7.3866454104185495,7.377784842246078,7.274568008171045,8.35970190527056,7.665906834720068,9.813855431269232,14.25439605202952,18.156344281100324,19.860506786330355,12.962999881835112,13.34097726383518,13.767271405935642,13.203249161389534,13.545112992866336,12.992210151864429,12.209278466940635,11.113107311484155,7.272257617676672,1.788429415568891,7.286395747047815,7.274568008171045,7.274568008171045,7.274568008171045,7.274568008171045
7.095566830427626,7.095566830427626,7.095566830427626,7.095566830427626,7.095566830427626,9.350973415573385,14.481534423973741,18.229906886575403,19.40369873022203,13.453034301374744,13.607468195783852,13.65157492682021,13.681624556227344,13.60781317192432,13.607468195783852,12.71178356430236,11.292016601652676,7.825960126913422,2.401052959970736,7.569304124041149,7.305328307083383,7.299348300447746,7.3410899309242215,7.714335202170891,7.486533285213326,7.546660921782631,7.459742685161328,7.4362269254786,7.095566830427626,8.634211061160453,14.654060008063375,18.53202172066036,18.629458143635166,13.069344650065796,13.624488419258338,13.351376621773841,13.321133017387414,13.514937467854022,12.821665640088902,12.436068509483057,10.697680996814638,7.476473894978924,1.758165855489578,7.095566830427626,7.095566830427626,7.095566830427626,7.2548666277676555,7.382986069913391,7.903315131794071,7.155209904374608,7.582359738521361,7.209170278912643,7.688773826831591,9.160762689792662,14.532301622582779,15.428558057221483,16.393935355213266,16.638505785694814,10.56634405357401,11.181453933715659,10.535659618513323,10.232291782720914,10.759346394719458,11.246779590803381,11.053140172152611,7.924602923366584,2.791264131290732,7.223842301839133,7.2097248468683075,7.095566830427626,7.377254605022418,7.486300255150055,7.219838006910264,7.095566830427626,7.095566830427626,7.329944838535513,7.23772718297261,8.88514059092355,13.712895532273366,15.574734465185802,15.336875706741925,16.55766084815999,10.06605197801907,10.54769921530736,11.601276947532018,12.211680514513244,12.332881649216139,12.094907719072514,10.863169100153527,7.418891289376905,1.8842268514209801,7.095566830427626,7.095566830427626,7.095566830427626,7.095566830427626,7.095566830427626,7.095566830427626,7.095566830427626,7.095566830427626,7.495625310255382,7.40860954267003,9.06194942674827,15.05361902188865,18.40123452277397,19.734978769598033,13.359266694275057,13.781355638327536,13.578757999813654,13.514259511459484,13.473430099169244,11.935093197507454,11.64515883228269,10.373267249374955,6.688139927146186,1.6098911326894012,7.274048494637809,7.138356817384093,7.095566830427626,7.095566830427626,7.1003192344871815,7.095566830427626,7.253058553741819,7.263917592476613,7.095566830427626,7.095566830427626,8.853831529327115,14.200707699771538,18.64237973000228,19.758850943110403,13.288959317077,13.887087498848127,13.784719886255285,13.325334206047707,13.29078251954384,13.069029334828068,12.611296356697892,11.630035807600702,7.584232869832656,2.6836309834172085,7.80800720459376,7.431772690405811,7.573143772103474,7.2347088936475465,7.095566830427626,7.095566830427626,7.095566830427626,7.095566830427626,7.852207537954478,7.095566830427626,9.374207075560202,13.64355973581864,17.320878559289014,19.425226916323986,12.54512824220151,13.02195214780695,13.298287334598708,12.620937425248457,13.318317477535597,13.180929805757872,12.33427990780346,11.241585185323194,7.321059539747283,2.097518756346598,7.55237358002721,7.323522546213114,7.095566830427626,7.095566830427626,7.256761334027151
7.406192285619149,7.328664105776059,7.6931745717562885,7.778115821713073,7.328664105776059,10.03426829200518,15.15199903100736,18.53232232618378,19.77442244463773,13.165293313993958,13.496087380816157,13.364223533891444,13.523788806329405,13.660406418099146,13.463248430815238,12.559903993970943,10.899891779107133,7.562675968690749,2.0796585432370445,7.500068637055067,7.447317763549868,7.328664105776059,7.328664105776059,7.332546441979829,7.328664105776059,7.328664105776059,7.328664105776059,7.328664105776059,7.328664105776059,8.51806680394644,14.352924856005693,18.398693504026514,19.248755768639114,12.741203816650394,13.105189114904245,13.514671690742189,13.501336236522144,13.523788806329405,13.138506448650915,12.838755694229011,11.372375870414299,8.142293341006061,2.6538777343799262,7.6830424909248825,7.598389666692739,7.879393555093584,7.5987724542308746,7.595258799154252,8.004030295947338,7.421341361898058,7.81458285893555,7.328664105776059,8.069209169432128,9.392234946435302,14.677585920069077,15.685251997373268,16.676478866353722,16.8313537549373,10.661240066033734,11.01821453549427,10.212221770464033,10.13263457566961,10.491731034240784,10.641138775856644,10.112955967871928,7.440885940959595,2.2342001828814313,7.328664105776059,7.328664105776059,7.328664105776059,7.328664105776059,7.494937681958805,7.460244626678,7.328664105776059,7.328664105776059,7.44244334361341,7.328664105776059,9.205722197089207,13.406973520688243,15.95640784760393,16.17538126231213,17.052432452926464,10.38679545811135,11.07709946707172,11.77616973159028,12.125577470927698,12.377081075452146,12.171871487463953,10.686530372529534,7.162031816007525,1.4079290404103733,7.328664105776059,7.373489493788466,7.328664105776059,7.328664105776059,7.328664105776059,7.328664105776059,7.328664105776059,7.328664105776059,7.5017176261193885,7.542651760661079,8.692670417337064,15.138846213403243,18.419642733462894,19.77242175251948,12.911042586689904,13.31688322470028,12.925278390737173,12.932545123317666,13.085573552063947,12.024274094107215,11.794611244193515,10.648768437829906,6.898994208505356,1.9392631318417572,7.874669569954292,7.687968651161639,7.671519669110293,7.596661278686578,7.838015975446513,7.328664105776059,7.637689976561921,7.500307690341255,7.457345456939971,7.328664105776059,9.402192661950902,14.31920569726341,18.802756734252547,19.514002268423653,13.214268986426909,13.523788806329405,13.714725437687271,13.375256359444398,13.266936856839381,12.838746827342105,12.144154405076408,11.37574353715696,7.016939925967785,2.2498538761262963,7.53771184667361,7.328664105776059,7.328664105776059,7.328664105776059,7.328664105776059,7.328664105776059,7.328664105776059,7.328664105776059,8.020430258220506,7.411101417402643,9.794761988504874,14.033506540345638,17.83246861566031,19.388958497233535,12.630863714306566,12.946519001200832,13.612742054794516,12.971747403407083,13.29904546648728,12.976661272782652,12.085466898887441,11.282486475509488,7.7105797829587015,2.0127250883378545,7.43828432023414,7.328664105776059,7.328664105776059,7.328664105776059,7.328664105776059
7.360975576591109,7.202938895799837,7.214320262722815,7.235250762125896,7.202938895799837,9.499606921398456,14.764653232076551,18.460766137182542,19.77942448544235,13.511221255782518,13.703151868927806,13.600926059738926,13.63419517932615,13.632554933395705,13.53660845950492,12.293851185665948,10.935220217506105,7.192798932075839,2.0094013090879845,7.202938895799837,7.202938895799837,7.284133654272287,7.202938895799837,7.5698757381126995,7.3181484011743825,7.569201912388022,7.663790141488873,7.743202876909766,7.202938895799837,8.88755276020997,14.8961955251665,18.927485022220235,19.71727643348659,13.448797400212438,13.68622521871645,13.66140572107027,13.600926059738926,13.600926059738926,12.925436269326783,12.44452208635825,10.747404685612008,7.733699968221414,1.7951508365145954,7.202938895799837,7.202938895799837,7.202938895799837,7.203827855296,7.202938895799837,7.354503880524684,7.202938895799837,7.202938895799837,7.202938895799837,7.376627799817912,8.923016392022427,14.322874056303007,15.371698110304212,16.26825568945664,16.029944573629272,10.164106633952366,10.675811247039498,10.027600289228307,9.840288020737129,10.42775531282776,10.694691135514752,10.670064714594691,7.954094825793243,2.556427007183339,7.702208898616475,7.5419705167168365,7.5936977245791635,7.847808557249513,7.7248276357176,7.596244622669425,7.202938895799837,7.365799872882199,7.54355980098678,7.368998303042063,9.125499527599928,13.821340994159144,16.041423018465736,16.072561174519432,17.030133650241122,10.484693822159025,11.176336280410176,12.02536715063415,12.138236918154671,12.353185854972411,12.38556191689161,10.76659425322323,7.171542945308645,1.5917052905292104,7.202938895799837,7.202938895799837,7.202938895799837,7.202938895799837,7.202938895799837,7.202938895799837,7.202938895799837,7.202938895799837,7.562443996190856,7.483425757130016,8.470765481120411,14.037493383011817,18.003526514283248,19.469913159896688,13.121252560915803,13.600926059738926,13.765911781091992,13.553256569959805,13.600926059738926,12.542677869728239,12.448119923568806,11.02550141378103,7.044101874074351,2.015986446627518,7.877586496339174,7.415491872705662,7.256642689521658,7.202938895799837,7.289224714413323,7.202938895799837,7.202938895799837,7.202938895799837,7.202938895799837,7.202938895799837,8.595758506357747,13.919900432572636,18.416266380293727,19.692857817442302,13.139392273532772,13.692957566487873,13.659034490331589,13.546331735831606,13.505311505231884,13.179964293736349,12.563422210260496,11.725049557685939,7.556157946753361,2.907336864993015,8.006659463125047,7.539209903542231,7.575936369579959,7.470946225024943,7.202938895799837,7.2103670910038264,7.202938895799837,7.202938895799837,8.168691116238575,7.273541736075995,9.286934774772769,13.803260029213984,17.346671125188436,19.413087038446648,12.362453530057179,12.835135597517954,12.930714463769279,12.42750803692625,12.887947407337752,12.672011064269727,12.012490944896305,11.007412747391388,7.074206384331363,1.8898973870695903,7.225057951022866,7.211846123015938,7.500218402148762,7.570184049228924,7.839805033742364
6.974839944148003,7.141491474134688,7.224484660256828,7.238974456109246,6.974839944148003,9.777895589586056,15.107720854410754,18.117562444942614,19.62733307025857,13.585484805673275,13.931288481769029,13.479695098920686,13.756593652677441,13.299943005395335,13.184582585083403,12.002625695394302,10.848573290009213,7.377620384818911,1.971842856834524,6.974839944148003,6.974839944148003,6.974839944148003,6.974839944148003,7.030285130273075,6.974839944148003,6.974839944148003,7.040009739528305,7.46510717001291,6.974839944148003,8.9946555875803,15.464127444326827,19.345373534890935,19.410618748124058,13.812532040934634,13.869165958170328,13.729135381929256,13.453641621497901,13.855158825442365,13.268232083818248,13.105519987848067,11.395033112794257,7.663926863221912,2.110674446134795,7.233837634243539,7.313807584803333,7.022769873301303,6.974839944148003,6.974839944148003,7.11324540800035,6.974839944148003,6.974839944148003,6.974839944148003,7.592476637829857,8.933648627619243,14.123829032113989,15.118573175684116,15.97272939106277,16.64389248185563,10.214854038852886,10.862180934589896,10.265135916438364,10.285557270622093,10.877486136578163,11.238099869218024,10.782719150871733,7.245986189887546,1.8873604890287614,6.974839944148003,6.974839944148003,6.974839944148003,6.974839944148003,6.998372456701592,6.974839944148003,6.974839944148003,6.974839944148003,6.974839944148003,6.9952879451978,8.568772590342622,13.051952100808316,15.538399803768261,15.585756055414802,16.780577525436907,10.57522952735626,11.132281204528875,12.114520360426647,12.728757336304747,12.699776724184566,12.396989287134325,11.0551341292717,7.8234715698527735,2.347277131682184,7.46247776375283,7.508397168552576,7.548734697334048,7.2965393510297485,7.412554045057629,7.105140044834769,6.974839944148003,6.974839944148003,7.202470984922975,6.974839944148003,8.751664489726231,14.901943896009731,18.319080597861223,19.38984405194282,12.711348234192835,13.273819131470983,12.979294609715534,13.060414583155788,13.077340203224178,12.257314577411396,11.876839504026105,10.726320318279305,6.974544978364826,1.3690559615386786,6.974839944148003,6.974839944148003,7.060662691000075,6.974839944148003,7.26562775593213,7.092082503960094,7.400069518419739,7.255365030644901,7.7401505342576105,7.304219149975846,9.621301426298489,14.56986319157771,18.55866432479646,19.920558807363353,13.382160302107136,13.695782917452952,13.735852874670126,13.085092098762622,13.357550899452303,12.659646057597028,12.21819130148697,11.803536887684725,7.439564200614873,2.3030672287093203,7.074827688648292,6.974839944148003,6.974839944148003,6.974839944148003,6.974839944148003,6.974839944148003,6.974839944148003,6.974839944148003,7.839659499878193,7.306185796469579,9.695370723086342,13.85151364625166,17.818124419219632,19.591891188176096,12.94154985428327,13.599338157070804,13.942636107298418,13.54714828779973,13.605642691236156,12.79563209266365,12.308877646622681,11.392680178289638,7.634908936820664,2.1882968872642166,7.383228634592493,7.159953644882274,7.181415734701579,6.974839944148003,6.974839944148003
7.516121700452123,7.423377249919993,7.223153128165559,7.366223466851112,7.217327088304365,9.708604548441748,15.074780749974067,18.32034025786054,19.669768784603058,13.52324690129032,13.691056271295698,13.997843121647236,13.691056271295698,13.445494421351288,13.32133233083057,12.381837799752903,11.34314778935981,7.1252531256353695,2.1486585136568,7.476712120447866,7.217327088304365,7.2795281439980934,7.327305659306928,7.759119315569462,7.217327088304365,7.295968298290767,7.320536520030757,7.857421019314312,7.217327088304365,9.022225250545688,15.115572668599498,19.23108612487883,19.489483788275336,13.816132225105509,13.61627911164611,13.691056271295698,13.82590454786457,13.701710738069961,13.563663269792011,13.10903031505933,11.691717916605022,7.404192454451055,1.7822035326898258,7.217327088304365,7.217327088304365,7.217327088304365,7.217327088304365,7.217327088304365,7.477030737182783,7.217327088304365,7.217327088304365,7.217327088304365,7.754540098935704,9.449166166993825,14.37635981022639,15.8001615515984,16.859841539501172,13.536032184048699,10.919644163796878,11.530597541859558,10.632233609770422,10.605687671884379,10.641401937650805,10.814780852630248,10.679181280504363,7.4070370111495665,2.0669311763991414,7.535569868059223,7.384058200523143,7.351895098361104,7.225580011485165,7.217327088304365,7.30414543077714,7.217327088304365,7.217327088304365,7.217327088304365,7.217327088304365,8.936209034756128,13.458085876924475,15.618317744308925,16.100677061337457,16.963680707233014,10.61988177406496,11.109273759843392,12.054786548621903,12.330205293328465,12.276365734265875,12.450109267497117,10.813853003159844,7.522446508532343,2.416431737211127,7.681857282008367,7.5452449633284555,7.594319259459067,7.232374346321932,7.288734265219372,7.337864078288667,7.358030778401213,7.217327088304365,7.446454292297283,7.324919068483013,8.613304158233968,14.635065786309593,18.407412035030898,19.784264296161577,13.254066373040112,13.691056271295698,13.77668807660985,13.369165134698546,13.691056271295698,12.700100600279052,12.376438828729537,10.995474844700903,7.153774092205853,1.8879803278332103,7.217327088304365,7.217327088304365,7.351553173182476,7.217327088304365,7.2701659021068,7.217327088304365,7.217327088304365,7.217327088304365,7.223209537659527,7.217327088304365,9.120350228344245,14.039539027761888,18.160083435655157,19.3557353975753,12.936893366926276,13.504136804951159,13.691056271295698,13.302545342143766,13.297723988544902,12.888065798577825,12.511709815328194,11.909194335349222,7.404743909116289,2.4303263223422644,7.9469074900492505,7.217327088304365,7.622955212651749,7.459956562619298,7.314169438657797,7.628908964423337,7.518811913082177,7.217327088304365,8.379107444238832,7.634342432968914,9.739519807313169,14.105602399685022,17.974944416262343,19.68489999382051,12.632654218547415,13.030677159834609,13.286038636817779,12.476529876305202,12.862316288571808,12.171695827078564,11.990607682594362,10.83194565980746,7.190971308177693,1.679211279743563,7.217327088304365,7.217327088304365,7.433420792010586,7.331298594626795,7.4226484147764085
6.6658357270504744,6.776086105710949,6.846174324841204,6.955377769041781,6.710263477213789,9.566544646966795,15.030939678263309,18.166825522069182,19.34823376845936,13.546278153382922,14.047832586371985,13.984890648655497,14.035225067779512,13.818655222964571,13.677633854453507,12.585744713262487,11.302043856726929,7.28304611725399,1.839535503026707,6.752852981229274,6.6658357270504744,6.6658357270504744,6.6658357270504744,6.686319717243229,6.6658357270504744,6.6658357270504744,6.6658357270504744,6.6658357270504744,6.6658357270504744,7.747805094302393,13.817639079455489,18.1332558576195,15.866482121367625,13.561338865412383,13.698247642873179,14.05794263254072,14.100914236834715,14.035225067779512,13.699960249542618,13.62352571157148,11.875943070146668,8.141255112249386,2.3587963815733874,6.766095380636328,7.209820697345212,6.836199285352919,6.711378513261022,6.6658357270504744,6.96905646303273,6.6658357270504744,6.860556125239597,6.6658357270504744,7.415614021495463,8.618246173328435,13.627006920203309,14.68068597308344,15.83231921206998,12.004218122069084,10.235436534448736,10.873354690793025,10.034169965944052,10.15340217276611,10.667599851602676,10.745707480614227,10.378573574844602,7.583667158359731,1.8501653111738838,6.6658357270504744,6.6658357270504744,6.6658357270504744,6.7715625917532245,7.191469241042567,6.914881741806433,6.6658357270504744,6.8029610573424835,7.161065764479794,7.212730164469114,9.250084178127164,14.304697867539707,15.852600047777058,16.08126327051476,15.026420512802357,10.988819847200986,11.685186532456445,12.61985647157589,13.27912974916886,12.61883167993537,12.24561176666795,10.64553723487048,6.962364134278862,0.9993497240578647,6.6658357270504744,6.6658357270504744,6.8309003282921035,6.6658357270504744,6.6658357270504744,6.6658357270504744,6.819752791225312,6.6658357270504744,7.1960854045302405,6.891962329051449,8.267451001708299,14.812228228060828,18.524252768732705,19.915011525564125,14.016379776933768,14.035225067779512,14.09717221716751,13.774403865828074,13.652899598178967,12.44976531962279,11.943094110950497,10.894602595182917,7.506026343795548,1.98581237952444,7.211251327389496,7.102720664129452,7.2538430273870675,6.826093428074603,7.0775655847542085,6.762924643929381,6.8288742211052735,6.6695032785619235,6.691095481571857,6.6658357270504744,8.448414983826185,13.545141126288492,17.850081248687474,19.350562764318305,13.125564794388396,13.6581649354627,13.96367118746216,13.586230626325204,13.39308811613469,13.392677756547654,12.874917052826111,12.173512674514678,7.359043828750488,2.2643591392965616,6.7003930083010665,6.6658357270504744,6.695451264326377,6.6658357270504744,6.6658357270504744,7.108695983673011,6.975588150323574,6.6658357270504744,7.8518270926264435,7.000070108903915,9.322107162046494,13.778927888946503,17.707875304696422,19.66346762127438,13.566727454852357,14.013566410168808,14.035225067779512,14.17335621409421,14.035225067779512,13.551005579962997,12.547638358962558,11.340523318840468,7.208933185811448,2.233816557636059,6.742131830684343,6.6658357270504744,6.799775733040245,6.6658357270504744,6.726623648331268
7.114853732485935,7.114853732485935,7.114853732485935,7.114853732485935,7.114853732485935,9.041150508880865,14.60609234288796,17.833949310299992,19.361673453575847,13.379948520053805,13.505336104859628,13.459297748213938,13.459297748213938,13.459297748213938,13.380886334710757,12.67042569218909,11.533804953077558,7.650274804197641,2.498474596566077,7.370573637677141,7.114853732485935,7.167708092113831,7.344963235063886,7.57880178434209,7.114853732485935,7.213624157557891,7.114853732485935,7.266430984663611,7.114853732485935,8.782147199454707,14.857252585595813,19.054363864713352,19.99393399823175,13.367778589903272,13.32305907225948,13.126763126669037,12.789163793533314,13.344156731413987,13.019081536202442,12.76303895666106,11.280455177711529,7.582527267187129,2.2083369132251867,7.174219496114321,7.114853732485935,7.114853732485935,7.209227549675929,7.228064618018809,7.564706486204657,7.114853732485935,7.362190314707303,7.114853732485935,7.755380641786746,9.058162538959287,14.323704235905904,15.447586455112704,16.291851492765264,17.219050954216897,10.673419964791549,11.282697853599798,10.30923206536597,10.110967473742912,10.44246410930902,10.65293431812753,10.606688863517201,7.641486092788309,2.0002086450245575,7.259752088690197,7.114853732485935,7.114853732485935,7.114853732485935,7.243297638161211,7.114853732485935,7.114853732485935,7.145170005214048,7.274660077635331,7.217141087870942,8.41524586692432,12.7578116778814,15.318841911248642,15.561838593692036,16.597138643004854,10.293483921206146,10.791792449710131,11.875060043339248,12.42220378412165,12.739936145291576,12.198130493642164,11.084055497624322,7.668468563665227,2.3414325881804796,7.475118913215015,7.19651721285449,7.114853732485935,7.114853732485935,7.261814187888042,7.114853732485935,7.114853732485935,7.114853732485935,7.463847814033679,7.114853732485935,8.26485286647796,14.239704441820745,17.9245803926267,19.255714837600088,12.874353304587045,13.35000744338418,13.166572019615549,12.902709637666367,13.215632802631756,12.56766674632922,11.914615124156795,10.6081053334992,6.610317374107195,1.4945564707548522,7.114853732485935,7.114853732485935,7.114853732485935,7.114853732485935,7.393866829834287,7.123565471088955,7.33085159135448,7.398691882233125,7.802144871940869,7.51898762055988,9.767027677406396,14.594222449248718,18.49482224496363,19.759864422603354,13.300636997016747,13.459297748213938,13.499735202249166,12.667835927602122,12.829825158706665,12.534065601200377,11.706758456187961,11.040863764346486,7.189887233222322,2.406466835790337,7.684439756352322,7.114853732485935,7.220318421377345,7.114853732485935,7.114853732485935,7.114853732485935,7.114853732485935,7.114853732485935,7.887595260328867,7.18711931120718,9.48938740754454,13.851198876004013,17.647647494940863,19.639946888722566,12.836789853136603,12.972467650489508,13.09201214432283,12.724681615178696,13.135560355641124,12.409556877304766,12.123711692007502,11.44587050844654,7.491626631139606,2.222609505664747,7.354586515073204,7.114853732485935,7.114853732485935,7.114853732485935,7.114853732485935
7.286927567153846,7.384651511215493,7.5350482209470675,7.683220300376668,7.239028005952932,9.857051628151142,15.15020827926102,18.11831765006979,19.523599784910697,13.183242012027042,13.46933381922244,13.505037700687556,13.535626372031158,13.198485860829834,12.866714735377906,12.102472916682508,10.897578408898102,6.981530599991836,1.7649999197447808,7.20530154079754,7.20530154079754,7.20530154079754,7.20530154079754,7.20530154079754,7.20530154079754,7.20530154079754,7.20530154079754,7.394276848855465,7.20530154079754,9.15394170517382,15.291983295279053,19.041283898816186,19.883512754155433,13.360961550292041,13.46933381922244,13.46933381922244,13.425121703611328,13.563323859845092,13.199584576664769,13.215608348844189,11.287272029195993,7.663917702704281,2.36067086931373,7.298709494841607,7.594111978589956,7.541055457858068,7.321991404650556,7.20530154079754,7.209964204942091,7.20530154079754,7.212181559553168,7.20530154079754,7.589651729183891,9.091832594207128,14.164538219627127,15.341039716421257,16.180175555000936,16.7973198820714,9.990484194183852,10.736691095155,9.856912544741348,9.887986648412486,10.206107171748501,10.559877154609437,10.388554604490238,7.4387607392205375,1.8006034182408288,7.213521214956113,7.20530154079754,7.20530154079754,7.20530154079754,7.36942170887717,7.2541514075840245,7.20530154079754,7.20530154079754,7.352721665028588,7.335621583623588,9.041976549546696,13.71058287629674,15.721355433850583,16.101172590833304,17.03206362245962,10.62443952819241,11.286632735160158,12.274471329814391,12.37903150291596,12.230194343999138,12.157344191170449,10.76596084839542,7.200255815279939,1.9129924903179272,7.381281712254839,7.348763563737398,7.452103889577312,7.289776802975077,7.559367092329038,7.227572204837504,7.271403425485835,7.20530154079754,7.541757235878016,7.268866341892696,8.435022257825178,14.695305189381173,18.10025547144225,19.476715032058447,12.913643995320975,13.456798414393933,13.299948509614765,12.78891281215733,13.19160915691353,12.3217006582399,11.976341226686962,10.826328484619959,7.000258372241142,1.7300155879875672,7.236977615903657,7.263751330483035,7.208653025088003,7.20530154079754,7.227120585141483,7.20530154079754,7.220397194448865,7.20530154079754,7.320560000276535,7.20530154079754,9.408943130380349,14.257216672760068,18.402483456441672,19.673249005212615,13.166448312474595,13.46933381922244,13.488677742044054,13.102919187353425,13.196467110637206,12.856404217886437,11.985670114393733,11.28058611323823,7.431374342999699,2.245635472482217,7.531494096120815,7.20530154079754,7.244259277885417,7.220825506845425,7.218857934229435,7.438163239311671,7.21212832156667,7.20530154079754,7.998263988386032,7.4360367806596335,9.527457210650086,13.837591752195335,17.637453289397925,19.326365173300037,12.690316378592067,12.987070184788948,13.30376920070235,12.937999918357809,13.164460089590612,12.128756962569172,11.931476352997386,10.961930428644655,7.3822926225959495,1.9991218837780138,7.469633312011032,7.20530154079754,7.372809345824818,7.20530154079754,7.228489217865072
6.878725235870899,6.862977041263848,6.862977041263848,6.912162382329121,6.862977041263848,9.015241043595605,14.58119246559262,17.825288534501336,19.215933968228068,13.293716592331123,13.284917909233778,13.253611611784935,13.284917909233778,13.05557568350519,12.950879422677325,12.281141356319203,10.848472211248094,7.283340573629725,2.2628644492558907,7.252758003616303,6.862977041263848,6.908575507602524,7.174824759740332,7.448471209475081,6.862977041263848,6.940560983479001,6.862977041263848,7.340513884370064,6.862977041263848,8.71882656424736,14.614126791864681,18.493430454970813,19.546135588557817,13.275433216021458,13.204588623241387,13.142705315574338,12.914585211656199,13.193045630842631,12.844308825422694,12.529196589977458,10.764317532626821,6.909011701967654,1.752634466280258,6.862977041263848,6.862977041263848,6.862977041263848,6.862977041263848,6.862977041263848,7.158671710750124,6.862977041263848,7.027449623137076,6.862977041263848,7.508114146373698,8.862063802506627,14.017977636253914,15.279528144358881,16.125342963332848,17.026985076141187,10.624894601197052,11.283853520565904,10.43604370686236,10.370065544117878,10.508874584101068,10.790551285016546,10.347337858436834,7.449007700549816,2.1468497770988932,7.261977107800174,6.862977041263848,6.862977041263848,6.862977041263848,6.875013670646367,6.862977041263848,6.862977041263848,6.862977041263848,6.866179204108838,6.862977041263848,8.2819510475417,12.758862440719867,15.042561264185359,15.125711094277122,15.896370528197862,9.952195863217568,10.481069023727837,11.37510548631875,11.79722263667851,12.224731703948839,11.714580377829781,10.601034054173468,7.373504266324499,2.282254898096261,7.435465636685601,7.077423911839913,7.240258393639145,6.956147023525032,7.025860988493795,6.862977041263848,6.92440701892054,6.862977041263848,7.185026590345125,6.862977041263848,8.419244713647716,14.20497765125097,17.859527817728974,19.200807394974195,13.069265853896555,13.446823207718854,13.284917909233778,13.129769041217898,13.444950088894391,12.658694563590963,12.354946703812766,10.515842009011337,6.48382748578815,1.6066871580918625,6.862977041263848,6.862977041263848,6.989793092760407,6.86465267963619,6.953952629129922,6.862977041263848,6.8708466968240955,6.877736372668177,7.350744196571032,6.965170072377459,9.00292689805227,13.810240841673942,17.172783925900028,18.622560221676338,12.38821352701639,12.6966927246512,12.870353355622983,12.660420019471399,12.885244010007225,12.606504995638826,11.815989311343058,11.568482779931195,7.533674081265617,3.133756472095752,7.740895642379549,6.951312402486089,7.254272972132901,6.862977041263848,6.862977041263848,6.862977041263848,6.862977041263848,6.862977041263848,7.58463219392749,6.988067345585064,9.008289455541593,13.346446232624036,16.78402552956002,18.84310032269729,12.344715426968076,12.675189441225442,13.109601573251702,12.439243643400822,12.812702821267756,11.918625933117344,11.745419422672398,10.748211449813452,7.2683235879601025,1.8820562833963506,6.927020471379264,6.862977041263848,7.135161724420988,7.040522329350034,7.257111901832583
6.697282097680335,6.697282097680335,6.697282097680335,6.697282097680335,6.697282097680335,8.919085994557417,14.482700079550602,17.640011594904962,19.041010055717443,13.296821910484773,13.791591285653263,13.702529834868159,13.833535667809535,13.575879644576567,13.458100006856775,12.525181028134243,11.395720095285984,7.562309005979952,2.14679158927916,7.152027675666773,6.852278051528727,7.011651625317325,6.77477567189553,7.138192909178157,6.697282097680335,6.931276127120552,6.774997364245563,7.003901096392366,6.796921323692361,8.658164052519306,14.506388644764908,18.56024260436104,19.447845890339448,13.437021483185154,13.72576118809333,13.882897651702844,13.572352168602198,13.702529834868159,13.200648981934217,12.994953600683754,11.354281156406952,7.735975330085046,2.1229590216605967,6.697282097680335,6.697282097680335,6.697282097680335,6.697282097680335,6.697282097680335,6.8748691553846335,6.697282097680335,6.7062829193926605,6.697282097680335,7.09215675458085,8.586671204772982,14.215266926506086,15.000629763903007,15.949845044574275,16.961092121431992,10.787544681630532,11.361651432939254,10.32842677905763,10.193081328358836,10.39141164164617,10.677705680857313,10.560698892108517,7.780651453621763,1.9736910621331931,6.991820547830313,6.742701515696224,6.763470025640564,6.697282097680335,7.044188665751054,6.853037027514559,6.697282097680335,6.849593139203828,7.0863012537016274,6.93522437446064,8.62194841471994,13.507809527180275,15.167602949408902,15.587559622541729,16.467179329532073,10.617170648895181,11.156038700428503,12.221917181838583,12.614860918019312,12.589553585177963,12.353823371630137,10.830038931696617,7.294720673395002,2.002216157383813,6.697282097680335,6.697282097680335,6.697282097680335,6.697282097680335,6.697282097680335,6.697282097680335,6.697282097680335,6.697282097680335,7.224756804100513,6.911262892334187,8.477208782053188,14.543403048830292,18.078201047304248,19.50663688433412,13.591984830670238,13.928064085560019,13.772785023541422,13.62782746541804,13.815321740550692,12.911956571226545,12.264031013008415,10.854328613446496,7.2355541609178795,1.9996899076979897,6.977100645410412,7.007620811231627,6.867828572857157,6.697282097680335,6.697282097680335,6.697282097680335,6.697282097680335,6.697282097680335,6.697282097680335,6.697282097680335,8.69204097129746,13.773817887023288,17.8874502725319,19.176517730830064,13.082774923752762,13.225774999733588,13.35544220698497,13.180643592675814,13.349778970493588,13.364915540977517,12.527176310330441,11.46147633082464,7.559322738876852,2.698919568386096,7.257694069924625,6.866454851080063,6.770904325205988,6.837149092777491,6.750811229106793,6.807822635361878,6.697282097680335,6.697282097680335,7.679180946045467,6.7964493022415775,9.15838958896076,13.760033043426299,17.462657714878528,19.322428969027083,12.911539234262845,12.96270239177524,13.21875133834495,12.804574440074024,13.20734702093996,12.451732918178465,12.333792560632912,11.195672942136056,7.3055277032845245,1.9356017784171953,6.697282097680335,6.697282097680335,6.784286391117521,6.697282097680335,6.697282097680335
6.958468229996952,7.070623511742323,7.043849677681931,7.0230639461518365,6.958468229996952,9.146962781199592,14.802719256401284,17.796524001107652,19.272948540417474,13.262265002116827,13.636851784589448,13.532684517197792,13.544729473014021,13.206721043858963,12.981602085995766,12.218535562617811,10.866338774077999,7.072689834316683,1.933172053635833,6.958468229996952,6.958468229996952,7.015428240126899,6.958468229996952,7.2797483403797845,7.117302081834657,7.281734090268168,7.132487388175921,7.496388286719585,6.958468229996952,8.905114229160628,15.08874427166501,18.694129431607408,19.647105096658535,13.36782194592927,13.182385843355313,13.252514690119657,13.393065690873017,13.52609882030306,12.930318381295447,12.594890507533002,11.37856734183237,7.982023071705492,2.6842533106784585,7.220107710317749,7.074101214437209,7.145243333865962,7.18005718764161,6.958468229996952,6.958468229996952,6.958468229996952,6.958468229996952,6.958468229996952,7.210027469274908,8.810901678165816,14.583996237532308,15.595167636540445,16.142369213114826,15.749834976542186,10.202731958790897,11.03942778390993,10.458542403004653,10.234989940044269,10.466957509127798,10.797993829849666,11.001730825671373,8.001322357907362,2.2867917200213297,7.119187307845422,7.195308736899219,7.3265600264695365,7.218023957210664,7.3056668644563905,7.016136999001238,6.958468229996952,7.142247530742866,7.364103174100965,7.247484284338422,8.777909277730327,13.347631590693801,15.111940786590107,15.412982476113541,16.228389420976015,10.082504191243416,10.73500984254575,11.690540197076238,12.168907216634208,11.934964257570444,11.846277534385617,10.631616016156967,7.484404985827827,1.5565817953559546,6.958468229996952,6.958468229996952,6.958468229996952,7.0727656181033405,7.0431330291451815,6.958468229996952,6.958468229996952,6.958468229996952,7.091548912983019,6.958468229996952,7.960353723206828,14.342516306653394,17.58797637815564,19.324339331115986,13.210125676546262,13.607101796051127,13.532684517197792,13.539909085652141,13.532684517197792,13.066304072719815,12.474000512474793,11.29556675713433,7.410978657365572,2.117112313805435,7.395074737075943,7.1382430355408735,6.958468229996952,7.01837365527824,7.07465102056023,6.958468229996952,6.958468229996952,6.958468229996952,6.9594926257809036,6.958468229996952,9.155210780482108,13.956569952079175,18.11496106029777,19.39358687288939,12.938910843163741,13.24688857941646,13.361221765460192,12.75909550542443,13.056093116026064,12.719424770427347,12.00280587662619,10.680965734335349,7.265662332629225,2.3743754043367886,7.303803618591384,7.097632321626976,6.958468229996952,7.166984395125676,7.083576346100387,7.268754688165116,7.119635556620668,6.958468229996952,7.9062246903133815,6.99969237146494,9.120651135158258,14.034290134257795,17.72782253488207,19.529240266399302,12.795079222210143,13.015830827469355,13.363470868274172,13.107657510411281,13.208772990144935,12.46040831298238,11.993251571066423,10.79315739117205,7.218245052931569,1.7640974489639316,6.958468229996952,6.958468229996952,6.958468229996952,6.958468229996952,6.958468229996952
6.61183295517829,6.61183295517829,6.703146626707863,6.766158884738593,6.61183295517829,8.770328577932167,14.388113266841291,17.600664713233694,19.1640521138483,13.460489791212854,13.74997543398051,13.858303207690208,13.649492598625711,13.68772811926275,13.491520322679591,12.986574604438188,11.368864943797771,7.60661283656146,2.2061838235726485,6.900007533857709,6.7733154555961885,6.947276922469389,6.767443567602933,7.055297140823314,6.694511361211977,6.794739709768785,6.61183295517829,6.626426321997986,6.61183295517829,8.17992992740956,13.877208035984921,18.108379110165544,19.10178691936963,13.275251600488515,13.155560130985393,13.321707227678832,13.300043105128898,13.4514249590897,12.964561601622004,12.816239106235408,11.218151996871512,7.641970773350047,2.1290638002007265,6.61183295517829,6.61183295517829,6.61183295517829,7.0530778149457385,7.003553811720767,7.297529904315299,6.9525367746306,7.137147125989168,6.76861427395271,7.2913336294495705,8.633506725708218,14.163405987829373,15.152719083330728,16.08406915921136,12.317769794487774,10.97146081653427,11.394583471851508,10.438538872008648,10.435340521528241,10.430679079638452,10.683989963728976,10.851194808517402,8.149566373159104,2.1695714043295893,6.95005346968751,6.658519215229186,6.621052289928924,6.7138041808321915,6.79948591760171,6.6561816924262915,6.61183295517829,6.61183295517829,6.817760779232506,6.651270024152418,8.16178144928398,12.905337135411614,14.760873775519284,15.208653051496132,16.03684530527235,10.264374149752415,10.936210825358245,11.900139534270673,12.35499356735222,12.553434636967621,12.234337660951464,11.081740960061602,7.641537434070662,2.0355815460886726,6.61183295517829,6.61183295517829,6.61183295517829,6.61183295517829,6.766118333201514,6.61183295517829,6.61183295517829,6.61183295517829,6.892974168485185,6.671871755862575,8.041593507055897,13.72039669127615,17.349465865060573,18.947667688239704,13.403544205576093,13.713060483563893,13.649492598625711,13.53045626920236,13.649492598625711,12.710358254772153,11.868943810036907,10.737152817947196,6.853685910105595,1.7312851181292992,6.7068329775337485,6.70431217195292,6.61183295517829,6.61183295517829,6.638477806607238,6.61183295517829,6.61183295517829,6.61183295517829,6.61183295517829,6.61183295517829,8.611426756994671,13.674026275579575,17.999793941526075,19.458881263322844,13.606842372778827,13.649492598625711,13.697431845380192,13.394739020894917,13.3551008295635,13.015997350793132,12.400840041935234,11.45308370591422,7.727431752128054,2.5497301679052717,7.472155653671767,7.053397752590007,6.972956825284976,6.913914270356463,6.726191060975707,6.621183936235505,6.61183295517829,6.61183295517829,7.269723906021178,6.61183295517829,8.720200064426859,13.318101036253982,16.905622656020704,18.951791690576115,12.660992288152697,12.770457867675104,12.977016620087994,12.76931952865738,13.2203029654904,12.92869749576176,12.192239884299568,11.02572567361103,7.294314171252896,1.973696751240172,6.61183295517829,6.61183295517829,6.638691878044359,6.61183295517829,6.78511493591984
7.075240235400614,7.075240235400614,7.161453738052983,7.144999183921556,7.075240235400614,9.442239643056482,15.255046462380585,18.14433131207327,19.74142194863469,13.496193609783688,13.962845943653274,13.719217749968937,13.964061342161774,13.406024603758091,13.34607260871928,12.494569686013405,11.280560928238415,7.662887135989996,2.192334168736583,7.075240235400614,7.075240235400614,7.075240235400614,7.075240235400614,7.2061067587414644,7.075240235400614,7.098456876636961,7.075240235400614,7.444751200720451,7.088520664253313,9.32052821301516,15.460446711250217,19.31689815756888,19.8225501773283,13.795950595145483,13.874852132873215,13.879274835513076,13.743101467031503,14.036425752430578,13.674106702455324,13.463150276192204,11.692139580169487,8.28396479934955,2.519335158334691,7.408763259857972,7.4992626183733995,7.364208262670458,7.1947902849569605,7.075240235400614,7.167136422302865,7.075240235400614,7.075240235400614,7.075240235400614,7.447947744746283,9.05374200154256,14.537314487125535,15.415218891571321,16.17887860915266,14.22658286191929,10.426303323085664,11.145899472781986,10.574868940203721,10.54480443582492,10.639918926423169,10.955838432371461,10.874420795935812,7.775218870257822,1.5603886526737487,7.075240235400614,7.075240235400614,7.075240235400614,7.075240235400614,7.09284553185727,7.075240235400614,7.075240235400614,7.075240235400614,7.298551268665974,7.297984714156802,8.89261810199911,13.707800870279476,15.772419129878088,16.401996638331877,16.921542648026083,10.976874769140693,11.58394868324219,12.673688432726518,13.021816322532342,13.366154290566016,12.810834950634135,11.34435393492127,7.615231359892602,2.2623656342623155,7.339448238940641,7.075240235400614,7.27375457389971,7.164409761692255,7.301547656453163,7.075240235400614,7.075240235400614,7.075240235400614,7.384772443627386,7.173904569231538,8.709848824103613,14.969681091359337,18.341130252309355,19.46841601409583,13.0559950355226,13.832135181189923,13.646138681611319,13.374019461077157,13.388533259479964,12.857170397636386,12.244912021515841,11.01157639151499,7.097287218110617,1.8551054450189979,7.18606819597359,7.216599642659923,7.148529720465143,7.21281027621938,7.290953029914439,7.075240235400614,7.3369038151756865,7.388238090641944,7.840935845700368,7.528300435539823,9.977428712544562,14.959570912619103,19.074863907399646,20.0,13.735852956273984,14.04837275375888,13.773487322641563,13.294475576174152,13.554367972546467,14.364692204572787,12.466542388782448,11.111689817108848,7.4566255078813,2.231101814970626,7.137204352003714,7.075240235400614,7.075240235400614,7.075240235400614,7.075240235400614,7.075240235400614,7.075240235400614,7.075240235400614,7.567380733072104,7.075240235400614,9.328210717127039,14.115644798215094,17.99678079354885,19.572815665547296,13.30849130474314,13.604461412924104,13.941219082874241,13.785448426432689,13.832120200681418,12.725085589642896,12.747386864458617,12.071121477843178,7.727206781508614,2.4189287162021538,7.311507613983106,7.075240235400614,7.075240235400614,7.075240235400614,7.075240235400614
6.771034780993154,6.650146254849602,6.650146254849602,6.74179534865476,6.650146254849602,8.824473547529474,14.424702184363976,17.357483431044596,18.984109656423243,12.970107248886112,13.221627806937104,13.417495054789192,13.221627806937104,13.025728471679322,12.904773058058126,12.006624163710109,10.600473249910902,7.440815011750585,2.172936545390674,6.903541066025054,6.694480363553741,6.894004502630323,6.838632211583805,7.14333274725724,6.660696399951755,6.8991882328932626,6.6796995116090585,6.985478817190697,6.650146254849602,8.592436060654116,14.059532413637054,17.785393064747943,18.982650149989134,13.20105719619365,13.286507340749473,13.32567237328771,13.247349892079503,13.23654226953936,12.5477125320434,12.182927339685726,10.556537492649644,7.050675413294851,2.00624044569068,6.650146254849602,6.650146254849602,6.650146254849602,6.673524905917926,6.650146254849602,6.792285494140553,6.650146254849602,6.83486516105261,6.650146254849602,7.159261325272644,8.480406726744553,13.86353614571653,14.841411761133433,15.735889035353743,16.56121628172989,10.606043951546775,10.853299640662392,10.012854051180433,10.052945558104009,10.144874761692197,10.48335573927789,10.562772054232395,7.705029981390718,2.0744076459966254,7.08461755996062,6.6943509722402155,6.650146254849602,6.650146254849602,6.736660872793619,6.650146254849602,6.650146254849602,6.650146254849602,6.912319579548896,6.892207702052693,8.56662261674166,12.898809091368692,14.676416607740451,15.215306259577435,15.84289875466716,9.90906596377989,10.520353281698057,11.580444517989047,12.06422895977257,12.356789861543394,11.77295024858938,10.273940996166447,7.1469342094789505,2.2717064992264047,6.966457062742312,6.650146254849602,6.650146254849602,6.650146254849602,6.650146254849602,6.650146254849602,6.650146254849602,6.650146254849602,7.124234697740468,7.015525085884961,8.630151535234905,13.972312718931285,17.70752855410228,18.62258865178159,12.895933272058446,13.325117210189003,13.221627806937104,12.902058995105806,13.121055883426243,12.604723345618003,11.645709973298622,10.332977232176795,6.861785866859419,1.9464309674801779,6.779589679532829,6.847579249043402,6.832112258654458,6.650146254849602,6.67450457596971,6.650146254849602,6.747959266140702,6.650146254849602,6.943573615429675,6.650146254849602,8.742149937380137,13.676137726174051,17.396418838649144,18.765657321634492,12.672695391086116,12.926775429807453,12.888996676144282,12.572094313563639,12.890246207912803,12.459949068741768,11.937558700165608,10.992846423769052,7.575513333204816,2.427811328204182,7.024667860337308,6.650146254849602,6.899743551646346,6.779810166862482,6.650146254849602,6.695282126706227,6.650146254849602,6.650146254849602,7.3576580064648445,6.686138441047446,9.001402057390331,13.345444460565613,16.829916775128396,18.690986072366265,12.398001415792232,12.961500636525926,13.031729087206681,12.99731903790103,13.037926225776054,12.474917409804213,11.909971111140601,10.913727305000762,7.196796966043654,1.8581991447362343,6.650146254849602,6.650146254849602,6.719746714198216,6.650146254849602,6.7401895073929055
7.268273783806279,7.284996365828741,7.261730344164801,7.568757157426054,7.212977240129881,9.403355062728268,14.917471138959595,18.140673189014176,19.85110164035161,13.273274769592943,13.591747516153212,13.593015476011846,13.508353487417997,13.405457656220962,12.996814016998869,12.193103732026948,10.734076787698347,7.28258593925227,1.9711005624683315,7.090141710846303,7.090141710846303,7.090141710846303,7.090141710846303,7.090141710846303,7.090141710846303,7.090141710846303,7.090141710846303,7.090141710846303,7.090141710846303,8.764237792832422,14.29455460636513,18.295152109023878,19.63914310947481,13.20222417662545,13.389577804387098,13.306674442063338,13.067777713319659,13.378711356779451,12.765059002176509,12.597337165715615,11.172863294161086,7.142558847051524,2.2681720888077153,7.724180027607216,7.9701033530583425,7.617991973957844,7.670621548916261,7.591206041714786,7.488501741900838,7.090141710846303,7.368746782276667,7.090141710846303,7.673527373561785,8.97630351071558,13.94239587375619,14.872168777175043,15.835610276708405,16.766294621939043,10.151378455190455,10.715615260046023,9.992921797738116,10.01108603758742,10.124174871221994,10.910984604533782,11.026442683004445,7.858955276933256,1.700730295496359,7.113073842469321,7.090141710846303,7.090141710846303,7.173592053998973,7.513745263186954,7.169784298501381,7.090141710846303,7.196694351284896,7.578988534601683,7.519466382231791,9.04957634696976,13.548422735130064,15.42048073786454,15.999097333635294,16.753945068485713,10.571689826953365,11.196199525610112,12.336217214506755,12.717485467755528,12.79218969412874,12.373600380138903,11.35561892103718,7.644090364534829,1.98260635335082,7.211279584142607,7.090141710846303,7.19268183337939,7.168011385158238,7.205204496364107,7.090141710846303,7.126603786539816,7.090141710846303,7.394036147395078,7.090141710846303,8.454427589661073,14.30180105186519,17.97459029427704,19.242857549573547,12.98655788649521,13.595490511571382,13.232436195965276,13.14583351359354,12.89727603644941,12.090727328437884,11.60052576732931,10.87417276616816,7.031892654334779,1.201538227535127,7.090141710846303,7.090141710846303,7.090141710846303,7.090141710846303,7.090141710846303,7.090141710846303,7.336180476200048,7.090141710846303,7.364128456495102,7.303214433041278,9.989585257237753,14.810813928286633,18.72380754097391,19.976139624307592,13.521161272954329,13.508353487417997,13.508353487417997,12.912591801594099,12.700049529274235,12.581718778461436,12.174126669698095,11.22557639283711,7.495698807442094,2.087514968352652,7.362302050293857,7.170681272583436,7.114733253327565,7.358976787292478,7.304835900705724,7.416555458076014,7.15423282258779,7.090141710846303,8.153413866811263,7.700540008839411,10.154100906845347,14.213801828033667,17.80002503250178,19.636539597294902,12.95471138813082,13.20924601119843,13.304562505780375,13.403920130352942,13.397139693319225,13.21541834355984,12.476131142679886,11.078166718264006,7.203432209894486,1.8840767779447067,7.0914960916392795,7.090141710846303,7.090141710846303,7.090141710846303,7.090141710846303
6.976893951503089,6.886972247200844,6.886972247200844,7.049175063792577,6.886972247200844,8.932688629568194,14.794398693532449,17.937430991182904,19.168296088871607,13.1770060602514,13.56654796293884,13.712036985877004,13.545061752069211,13.389170004667925,13.212083314311263,12.432088118150327,10.998337933438162,7.473722010925601,2.3151435441984844,7.107229331451636,7.145400318851488,7.148771024461887,6.887699718743499,7.2153798316767945,6.886972247200844,6.9470680723878235,6.886972247200844,6.886972247200844,6.886972247200844,8.756183052348531,14.588489278675137,18.629472444455914,19.825975978627174,13.531746151705187,13.545061752069211,13.615061756312349,13.561068452710622,13.746376754615449,13.365055900249928,12.85748240158583,11.325941619249347,7.436605914519283,2.0617836451994687,6.886972247200844,6.886972247200844,6.886972247200844,6.886972247200844,6.886972247200844,6.886972247200844,6.886972247200844,6.954877000287293,6.886972247200844,7.240426509870161,8.563691064696684,14.051678354304768,15.115628974235669,16.155803985416185,16.432188500300498,10.82848995533371,11.480312079587616,10.580171729075992,10.327590299336988,10.36019991640503,10.810873642607119,10.496794417707918,7.711643022603438,2.2872601055250734,7.3565965298296545,7.163510989583213,7.013025904339377,6.886972247200844,7.047099547164413,7.0248387009842395,6.886972247200844,6.996460069912995,7.28076076259851,7.159377289092015,8.611980299731119,13.327307837600198,15.276961443813217,15.501626373862223,16.291270620732984,10.420362701217195,10.892877215973131,11.879504024295215,12.181804536547538,12.188095054378904,11.817967914445838,10.568294823906822,7.018400009561491,1.8581273085058063,7.061694820279874,6.886972247200844,6.886972247200844,6.886972247200844,7.320844005602994,6.924658951592398,6.886972247200844,6.886972247200844,7.190653847482827,6.964964417297435,8.274482853122082,13.826099505647136,17.88875998118199,18.892716527078424,13.000220371081946,13.614057832443478,13.601454786566094,13.303752523402327,13.545061752069211,13.143641572247788,12.605633486192666,10.946636136814648,7.355720677721225,1.9048711907160358,7.25040127652177,7.496823292457816,7.2249074533554385,7.031356855089099,6.886972247200844,6.886972247200844,6.886972247200844,6.886972247200844,6.886972247200844,6.886972247200844,8.283324834007107,13.517914363528885,17.30587367254104,19.00223336388068,12.697926791082079,12.811611389400051,13.04366921052608,12.793462193002595,13.095593028012997,12.567729140763474,12.451053490978918,11.141708681395937,7.454177625554745,2.396000716929786,7.486877968800252,7.264208577409299,7.516884492163467,7.362104867450683,7.1732677973440335,7.354271567715528,7.180136719183426,6.886972247200844,7.784878004728465,7.128260182048557,9.507105044107469,13.956977171554545,17.612915609049914,19.502077358068085,13.154022317882742,13.631561124951169,13.601503185819354,12.883205153367541,13.232728452873994,12.5770238694525,12.012365668898315,10.704300561699295,6.889521101045141,1.3270502880736237,6.886972247200844,6.886972247200844,6.886972247200844,6.886972247200844,6.886972247200844
6.837161344031886,6.837161344031886,6.837161344031886,6.837161344031886,6.837161344031886,8.710814666685955,14.54698751675441,17.734033755644965,18.912766043701037,13.304704164982097,13.817778428542189,13.77581261667016,14.063430954798747,14.004636309548461,13.4606004077934,12.860969961295789,11.602994222949228,8.05997158732065,2.4468128115797048,7.372946680394255,7.160705938300285,7.170779879913433,7.019547218831075,7.317955478551266,7.369888563649347,7.181946101632539,6.837161344031886,7.203994991645533,6.9429705060619185,8.915919648685016,15.112716269757378,18.85540167854959,18.8940312470478,13.306381097160406,13.225970676223419,13.473998577259282,13.659642384771495,13.553797333685477,13.109224255047717,12.838498084978783,11.621826253723185,7.459731125540497,2.1042466777590545,6.837161344031886,6.837161344031886,6.837161344031886,6.959584724996117,6.837161344031886,7.197039263021287,7.1213339972423135,7.014268036493162,6.837161344031886,7.38921110111373,8.830387463610887,14.369114159837963,15.348360228349293,16.215345689842806,13.291751984043799,10.863101615433086,11.54784398215916,11.059034113371462,10.465858856740146,10.430862261829912,11.003645325994363,10.92947227620743,7.8528050160199045,2.4198648327785346,7.024357490963815,6.978708965436224,6.864546940013603,6.927923008557198,7.1798749679359375,6.961482541742465,6.837161344031886,6.837161344031886,6.937129130564754,6.837161344031886,8.237804642236291,13.405968533681719,15.37126759938202,15.62633581656364,15.777669106877836,10.497942885270524,11.04354203075477,12.264019018199583,12.527009301273518,12.905125885135565,12.753936907025084,11.365167041904256,7.689017230812289,2.358610352324668,6.936620499212009,6.837161344031886,6.837161344031886,6.837161344031886,6.922902888366984,6.837161344031886,6.837161344031886,6.837161344031886,7.009855104466799,6.837161344031886,8.606333024511487,14.173649891391749,17.823143313709203,19.126965079853353,13.238096122494571,13.811611866894022,13.808485198081627,13.615792237129057,13.5318877249503,13.14590599761459,12.314521403299997,10.856266285105884,7.0267010128446,1.9070630896059884,6.9091157140614445,6.985257166405884,6.837161344031886,6.837161344031886,6.837161344031886,6.837161344031886,6.837161344031886,6.837161344031886,6.866430761744226,6.837161344031886,8.899385360842466,14.316155373863147,18.359671878020627,19.977883074959493,13.291685507413222,13.575925100018713,13.761618235370907,13.528911726018249,13.754598145612894,13.67116365173416,12.91801126009202,11.669254036516074,7.829947465300211,2.6236664799883864,7.876283235039981,7.398287177524801,7.229317043139544,7.183297855504303,6.964783461719745,7.130750559008377,6.837161344031886,6.837161344031886,7.296751691969443,6.837161344031886,9.008147008120044,13.589571614683113,17.515308947828032,19.45921663199308,12.76807022275025,13.130825726952443,13.15755151405387,12.912839053820907,12.809615665467815,12.410867207730139,12.313276732215428,11.1869771765379,7.238654282299023,1.7941906524143243,6.837161344031886,6.837161344031886,6.837161344031886,6.837161344031886,6.837161344031886
7.039306408218733,7.039306408218733,7.039306408218733,7.039306408218733,7.039306408218733,9.047110757947951,14.84476432923029,17.9638969780409,19.5352780753528,13.21616015631264,13.674047809384039,13.716814342815935,13.788566983276018,13.61848371080604,13.41519457878148,12.957511264025696,11.494355680158863,7.751315843927398,2.762535250833442,7.39544530487038,7.320563191054654,7.23355585173559,7.039306408218733,7.122021254549444,7.2502169860503285,7.039306408218733,7.039306408218733,7.039306408218733,7.039306408218733,8.773989086265837,15.313386831498208,18.88256321957965,19.317660176073073,13.341952358761347,13.3543564898409,13.629407430875007,13.788754396752166,13.696800729123462,13.327234996355138,13.204245133884282,11.679099976181302,8.112002503179005,2.83194750079013,7.130938036898113,7.665808459160523,7.350616958508039,7.166690923442121,7.039306408218733,7.039306408218733,7.039306408218733,7.039306408218733,7.039306408218733,7.039306408218733,8.558440592678057,14.243230521983794,15.366839387481443,16.23390076137714,10.481548505557171,10.316967622924379,11.071893793949794,10.354451677836716,10.406606996117862,10.431196850645073,10.466171262947375,10.11309758734469,7.146811389548611,2.342658998229845,7.039306408218733,7.039306408218733,7.039306408218733,7.069923111375893,7.039306408218733,7.039306408218733,7.039306408218733,7.075049514321594,7.275981342373117,7.1983622332299255,8.433120743862917,13.466645971554865,15.492708774833577,15.953628364660808,15.785288683001024,10.505070772336984,11.296297050682611,12.471906891689803,12.816504705398339,12.724017150944285,12.504951742181307,11.150060756551545,7.784312154134001,2.0151563888437263,7.039306408218733,7.039306408218733,7.039306408218733,7.039306408218733,7.114767682063784,7.039306408218733,7.039306408218733,7.039306408218733,7.148460257552243,7.248452940857882,9.304344714262971,15.5189309525877,18.30536233487222,19.299357534131637,13.244909763066717,13.644839336932776,13.579417151058108,13.223224894968427,13.528311402253062,12.7795445738357,12.431865765630544,11.062353613918356,7.272370183446683,2.473845019293297,7.425757922905498,7.7457728365872915,7.364051820738932,7.282935872776702,7.101874004243071,7.039306408218733,7.10963593043933,7.039306408218733,7.039306408218733,7.039306408218733,8.246496274896352,13.47743583573284,17.690320923363792,19.312319063762814,12.725796548409834,13.180508818255236,13.385376458832,13.189861454238775,13.101388654190869,13.026672259440852,12.201550397597135,11.33915575882921,7.695627006795544,2.75947241129726,8.052768760546165,7.542508322382211,7.326052540058576,7.17084898630449,7.336977929568184,7.382746166136873,7.039306408218733,7.039306408218733,7.444556210960534,7.039306408218733,8.99488177590415,13.381748074726179,17.49201921894428,19.751589084809336,13.440847538131509,13.674047809384039,13.674047809384039,13.518516789140792,13.487599184598944,12.996357782103122,12.431371742925695,10.861144033059363,6.925050249249482,1.1515200031824908,7.039306408218733,7.039306408218733,7.039306408218733,7.039306408218733,7.039306408218733
6.768416705543549,6.768416705543549,6.912993308477692,6.898385958141141,6.776970259689786,8.990162967966167,14.644343300546247,17.674507663809486,19.21569732684095,13.043878034509548,13.466578857744613,13.416742747458766,13.579626559021083,13.12182412258533,12.885213690087719,12.244801466329447,10.904758671352768,7.690347683447833,2.270429835131173,7.0266688580560785,6.815443459000884,6.816933024164848,6.768416705543549,6.768416705543549,6.768416705543549,6.768416705543549,6.768416705543549,6.768416705543549,6.768416705543549,8.16987539270134,14.358581517622167,18.55157658289253,19.309294124830494,13.24278379505025,13.332072109905665,13.620046634496736,13.662202127048864,13.607445946598581,13.547422428104158,13.22460120409164,11.759780103663209,7.930148082260311,2.8923772838402497,7.472889362549942,7.63813153846542,7.41560046881527,7.2540075125522865,6.768607321320007,6.768416705543549,6.768416705543549,6.768416705543549,6.768416705543549,7.04544539732812,8.487918726307017,13.842856167407593,14.924940245807562,15.541316391853865,16.509094947675386,9.988457706898444,10.972417154385267,10.419497850201207,10.164092944967448,10.185716301519825,10.918132075680871,10.667850376410415,7.226788817670073,2.3443471485758773,6.780214977285868,6.768416705543549,6.768416705543549,6.768416705543549,6.829396250544549,6.773784730113463,6.768416705543549,6.884065012055762,7.184317716916839,7.217040749520186,8.895707994278153,13.697924234002684,15.574233429633093,15.750527526479326,16.22337606341862,10.409671021159857,11.163146763116677,12.247666647017871,12.1969222232393,12.155366534902956,12.236110475069705,10.836077443394796,6.685211322016637,1.7826256339782693,6.768416705543549,6.768416705543549,6.768416705543549,6.768416705543549,6.939371132422496,6.768416705543549,6.768416705543549,6.768416705543549,6.900772651802905,6.768416705543549,8.38681567329866,14.096418048764512,17.57886468032997,18.77718795897276,12.880271528190546,13.539720276105047,13.535473308041027,13.247544737713216,13.16170886070653,12.72043505248426,12.265708704069485,10.763298057397533,7.0754949321772225,1.9767417116445696,7.2138612905099935,7.18594665216152,6.985636181594762,6.937332939844601,6.886442346928077,6.808969579634425,7.0968662036079815,6.976116496849056,6.993876519822755,6.768416705543549,8.624121387970273,13.809639648365987,17.653557735393044,19.268926478888638,13.066557834225828,13.240065800241982,13.682010592678044,13.155176849759192,13.183091513596958,12.963463434307704,12.444330326158587,11.347502056743902,7.497457554379211,2.169358388406831,7.106781461619085,6.947992752791456,7.02304199832216,6.976886674632679,7.122258901140136,7.118988560696183,6.898797947229112,6.768416705543549,7.723078083249096,6.885944712269632,9.15873489999159,13.573909043252709,17.492616504992085,19.72632848907056,13.146078057793714,13.502557889079434,13.65306489914516,13.470379468636521,13.203172374993075,12.40246335578048,12.220527169376053,10.753073840185687,6.873994861392003,1.686849407985162,6.768416705543549,6.768416705543549,6.768416705543549,6.768416705543549,6.768416705543549
7.025606333657027,6.866442210349619,7.452011266515226,7.348683951574746,7.224528774311087,9.426803467886304,15.073798058138433,18.131302982347897,19.674415478926043,13.439564732775878,13.801862201434142,13.817832844674804,13.68363491137057,13.367684755294949,13.059883760049685,12.481378118113172,11.011092426721948,7.23348014830889,1.9153150393160145,6.944007462409488,6.792867672049481,6.789763390538553,6.789763390538553,6.789763390538553,6.899067945642059,6.789763390538553,6.789763390538553,6.789763390538553,6.789763390538553,8.401935812460762,14.183948236767375,18.57130033441947,19.44260361018931,13.301029569760338,13.350283983114629,13.69702162915986,13.687029104830897,13.952389568559747,13.444696690201953,13.17684304048765,11.544203049865509,7.8459445250531195,2.466443413410065,7.081513887628747,7.282357198693167,7.167311103351659,7.1046776782090975,7.136312237040751,7.112137038792487,7.220412754307476,7.451788036139247,6.8690119808234895,7.492558321011114,9.121367513478024,14.470839477834705,15.612730135638644,16.432934522717787,17.22261589674644,10.770437910031177,11.341745928204329,10.471321014118134,10.260373450789992,10.341504966964383,10.844949123333592,10.360954613293229,7.306083393969192,2.0490759007390933,6.9824007967526285,6.789763390538553,6.789763390538553,6.789763390538553,6.789763390538553,6.789763390538553,6.789763390538553,6.789763390538553,6.828542873733166,6.804182820782313,8.435992237645767,13.385180480485442,15.24819910514582,15.437507421693315,16.177480796159124,10.09980215013227,10.959326940425672,12.199104172921093,12.695107724140689,12.792412849146908,12.326912618309612,10.683193005112104,7.070961105554733,2.0458729943917637,6.935239359033591,6.789763390538553,6.789763390538553,6.789763390538553,7.115401490388505,6.789763390538553,6.789763390538553,6.789763390538553,6.811299548695595,7.096155962943123,8.883317002113372,14.433415765446146,17.658212566823323,18.628545845555742,12.592337108702655,13.323554970325663,13.245620054755593,13.132984140801327,12.85672925624171,12.4635229453864,11.660344735055016,10.394806639666118,6.97419857735962,2.011313016616485,6.922778945841048,7.335166705928481,7.317544382944094,7.106357530050044,7.0209905901133896,6.794701917266063,7.07100653664155,6.868255766294008,6.995274715460367,6.789763390538553,8.645895363189577,14.232284076973995,18.095152894430043,19.790991748345785,13.484680394064695,13.662322792775207,13.695987817213283,13.646851692700608,13.652134611347464,13.050852462194145,12.38072595406003,11.57574963785039,7.62444166358638,2.56566171668998,6.999104241212636,6.789763390538553,6.986321910070236,6.789763390538553,6.789763390538553,6.789763390538553,6.789763390538553,6.789763390538553,6.997181996607074,6.789763390538553,8.629210190436131,13.112494956860058,17.18664984919328,19.423721557374584,13.035960955653332,13.350659235358918,13.794192255772622,13.098856864356694,13.314106207708278,12.781859049030357,12.129528718299008,11.472235796872022,7.321395110052878,1.9236652180229348,6.789763390538553,6.789763390538553,6.789763390538553,6.789763390538553,6.939267634128814
6.852854596602405,6.852854596602405,6.852854596602405,6.852854596602405,6.852854596602405,8.358022356475814,14.442823240479985,17.705248541210008,18.899427202077945,13.350879613260407,13.657319976258819,13.692930062382862,13.657319976258819,13.672059896581237,13.529582699746816,12.86747760074404,11.390546639654561,7.877135645198225,2.3727670045732907,7.5289526285995985,7.059779190661626,7.2221558688425045,6.918181842642645,7.225233854724979,7.166468150294348,7.2073528874967305,7.116003386814625,7.9205559940262,7.3216577227904756,9.771229678867938,15.634704359919539,19.276562521945138,19.832415696354335,13.38683818918333,13.239143507284032,13.225928588623432,13.627910349768806,13.776865559905211,12.854296669828235,12.721058672914547,10.890761264019893,7.5561591327778865,1.8788258234962645,6.852854596602405,6.852854596602405,6.852854596602405,6.852854596602405,6.852854596602405,6.852854596602405,6.852854596602405,6.852854596602405,6.852854596602405,7.599204255207442,9.305971797353454,14.216845004118873,15.257179607694283,16.071034526449825,16.820736604073147,10.319902081674558,11.061926136793067,10.626132695182422,10.666099777949606,10.709807085094583,10.950028238838094,10.423228141527785,7.498587802666803,2.3260060378075296,7.042722057054355,6.93245508764989,6.982782761755413,6.884279785403901,6.90228140857979,6.852854596602405,6.852854596602405,6.852854596602405,6.852854596602405,6.852854596602405,7.780664389894436,12.981270710492034,15.153443271829346,15.63658804779869,16.28316843357015,10.422747775489267,10.962623875205454,12.191699441743138,12.374965502111369,12.684055256165845,12.08590505460017,11.298487012443656,7.593630194474128,2.016882406698389,7.052376288138624,6.989044431488408,6.944039127050387,7.106357448759859,7.122239159909481,6.852854596602405,6.852854596602405,6.852854596602405,6.852854596602405,6.852854596602405,8.211212330639682,14.734093973561396,18.0681449999226,19.15695892413536,13.132188100871975,13.657319976258819,13.657319976258819,13.744920073947961,13.543889849693453,13.172662096742155,12.449110926065265,10.714255476737172,6.934508757030815,1.6728373496599371,6.852854596602405,7.0600035094780464,6.852854596602405,6.852854596602405,6.852854596602405,6.852854596602405,6.867898304752419,6.852854596602405,7.387991274539491,7.255188099216893,9.88091338882322,15.359356243482964,18.632594433624714,19.768437037619865,12.724617099809457,13.148325369432792,13.419680087859641,13.295766683060744,13.498504899861864,12.901890218916947,12.602366666640917,11.090988426235088,6.949980395678656,2.2437382733333404,7.190077438615869,7.142103916461948,6.852854596602405,6.852854596602405,6.852854596602405,6.852854596602405,6.852854596602405,6.852854596602405,7.219035909037701,6.852854596602405,8.966576257926551,13.73611466991684,17.37233235082117,19.196489506287197,12.649582289044067,12.82331515596996,13.164052616548243,13.00933541603013,13.220151348831592,12.261952607203629,11.730696386868857,10.779768179777955,7.011593432928882,2.3645260319175847,7.43043708551013,7.073092886365696,7.137620185762573,7.271460880128914,6.889454508619769
7.03231144904632,7.03231144904632,7.1588953846855565,7.03231144904632,7.03231144904632,9.152744905091078,15.18224818759783,18.125213711386863,19.715363170125922,13.363302798105824,13.737238782058826,13.737238782058826,13.952444453142215,13.536621798865143,13.266279535741406,12.396049875954631,10.63282245464376,7.219278428042882,2.041012089834744,7.03231144904632,7.03231144904632,7.072427383127037,7.067270330046966,7.482171159429701,7.03231144904632,7.03231144904632,7.03231144904632,7.03231144904632,7.03231144904632,8.894541240374531,14.673468419726456,18.697144497776748,19.722754163501804,13.816274528964277,13.744781348443588,13.822989530503744,13.820145190500593,13.740693387486367,13.303047895134783,13.258436251613116,11.516862398565953,7.624427349422556,2.0624824853909782,7.03231144904632,7.070404862366869,7.03231144904632,7.03878206722063,7.09383412380086,7.03231144904632,7.03231144904632,7.061083657482964,7.03231144904632,7.171449020051485,8.577732348014926,14.137867932997729,15.07574972567022,15.977347890466111,13.213624036043973,10.288852221279875,10.645899419952954,10.104236946931405,10.034322321990524,10.421133978362546,10.618543344979777,10.893704991120991,7.843596554487384,1.7332769871388125,7.137065220387386,7.093718979595545,7.185625779310742,7.198896737488185,7.358464600718495,7.439464915718604,7.20846575828953,7.373455378334132,7.529444150261617,7.574577403532354,8.902774102229795,13.412502836081483,15.542131861888345,16.16055020210429,17.07144915287834,10.67079936761613,11.406677488704101,12.580318935242634,12.574332610737084,12.751035316307606,12.071685733150826,11.160532518769553,7.265745511787994,1.6562948949574976,7.03231144904632,7.03231144904632,7.132148997809633,7.03231144904632,7.274108446235867,7.03231144904632,7.176458074446323,7.105572563780756,7.412426011385977,7.383822860230337,8.862198921883078,14.418870559768369,18.27317555047339,19.332273793272936,13.08384771795,13.786391789808654,13.921839102305357,13.493629261552005,13.483603015905151,13.119911215875213,12.325614630863631,10.93511478440042,7.212180426334939,1.8345413810251814,7.363911305443938,7.549385744891803,7.123066090255529,7.183954473964388,7.0353427353954565,7.03231144904632,7.133358293429059,7.12721522213747,7.03231144904632,7.03231144904632,8.708387552465709,14.070386264154495,18.355103364841113,19.84511564400703,13.199504878940758,13.469106891087556,13.462911039282726,13.299383750645633,13.094090070622423,12.571023505955026,12.194338364156978,11.018274897641035,7.51207324363167,2.251013944700092,7.084949596918714,7.03231144904632,7.046421143202882,7.172225143170514,7.145131558134162,7.178650803929549,7.266188316042241,7.03231144904632,8.013442633440183,7.394678476794278,9.768091300259607,14.37599556582748,18.043780454174765,19.80912120953278,13.25595513716947,13.382942020028587,13.65964571203201,13.158651125345633,13.483939544035888,12.960223986303818,12.376609696513773,10.831858606330291,7.379489563566889,1.9744877152305005,7.254300009482228,7.03231144904632,7.03231144904632,7.03231144904632,7.03231144904632
6.915587247670581,6.915587247670581,6.915587247670581,6.915587247670581,6.915587247670581,9.137237041482273,14.892838708562955,17.713957461909764,19.556537907166977,13.23421749966345,13.693618088550656,13.614326350365056,13.74581934163534,13.570830236356366,13.237421211198859,12.229003505326768,10.70632761428598,7.408712761966075,2.087048669476988,6.915587247670581,6.915587247670581,6.915587247670581,6.915587247670581,7.337956379565933,6.915587247670581,6.915587247670581,6.915587247670581,6.915587247670581,7.037553496266122,9.30306664425489,14.661052451111985,18.628341203059684,19.68071175381624,13.618416113156215,13.675048924945287,13.725710134857511,13.823891781340556,13.71499363048434,13.557475443304458,13.185671346899257,11.197922867397711,7.610055645059804,1.981555749129881,6.915587247670581,6.915587247670581,6.926135714387079,6.915587247670581,6.915587247670581,6.915587247670581,6.915587247670581,6.986696832562157,6.915587247670581,7.13605679783257,8.628741560839591,13.989615211776378,15.110182296837834,15.898179293325049,13.483620968134005,10.503150150922863,10.935099234362571,10.232982817171013,10.038574034896726,10.120075993527134,10.724061341349778,10.763511006804716,7.56642564987258,1.677588489706584,6.949012064917652,7.139504738612197,7.032762839854464,6.974984073737906,7.196825654141656,7.1058549647017,6.915587247670581,7.124622401007465,7.329642720744196,7.349639341965934,8.842748355336962,13.153568628336181,15.296947805559201,15.983495559712651,16.786333660625168,10.573211284386018,11.339122546509694,12.57518989322284,12.816233925820816,13.195678749966337,12.27704213733909,10.969221034350513,7.181558415721821,1.968017558860058,7.031278572188249,6.915587247670581,7.271758386530483,6.915587247670581,7.002559764149306,6.915587247670581,6.973798226770055,6.9433734149511555,7.1599432091072455,7.108213370700117,8.855261332002616,14.398105473559777,18.10376752117414,19.082328550622147,12.811061412505321,13.462508175195627,13.52668925951158,13.051303363112707,13.11198795211217,12.798995148255615,11.900020145472512,10.50800342595206,6.880314662179732,1.8057264019208095,6.921758023736203,7.267203717798889,6.976208846247223,6.915587247670581,6.915587247670581,6.915587247670581,7.098022131412058,7.14836885784347,7.154753889218446,6.915587247670581,8.992555951654925,14.26633538990875,18.295269621646312,19.830461735261096,13.201262603725132,13.503999548710782,13.711013858388915,13.452251162518467,13.41512333234703,12.831592603147543,12.393215814053972,11.307554572758363,7.611440024968467,2.4738619438628757,7.2482739860759295,6.915587247670581,6.974425118177626,7.0088899954623205,7.050545650151041,6.915587247670581,6.926203853103641,6.915587247670581,7.616311607950557,6.960097399802495,9.313866795661333,13.80380805749354,17.557404868053226,19.430723253849884,12.995759277611638,13.01637241854944,13.350761838750424,13.036860156496756,12.988950173383266,12.324148382179633,12.160324953632804,10.856311301131596,7.173798260348692,1.932221478774489,7.286522806371161,6.915587247670581,6.915587247670581,6.915587247670581,6.915587247670581
7.0131116022861,6.997572132347805,6.997572132347805,6.997572132347805,6.997572132347805,9.417651876169709,15.37769308220664,18.338801530354075,19.7273115954492,13.569628919433272,13.943128032813592,14.175045301555866,13.966828170967537,13.679247530613772,13.627340236181043,12.60334672699581,10.836914686964343,7.5020085626060995,1.8591056304018723,6.997572132347805,6.997572132347805,7.069367757379573,7.138023294648375,7.3314994696035685,6.997572132347805,6.997572132347805,6.997572132347805,6.997572132347805,6.997572132347805,9.040997378981405,14.715211464647387,18.808989800727215,19.768806342869787,13.782633284679404,13.943128032813592,13.943128032813592,13.916920076588031,13.704933617552548,13.21322959556138,13.121930168034144,11.133353390942904,7.451510913840703,1.7639172763620083,6.997572132347805,7.058986875051443,7.109172493336532,7.0454393884674555,7.135778248897659,6.997572132347805,6.997572132347805,7.33102700335609,6.997572132347805,7.451750258541057,8.794739826258768,14.255894488879814,15.23476643258687,16.224378361018925,11.385116669766727,10.492070008343074,11.169431404183154,10.26597350873843,10.48305090361858,10.75673307300806,10.895042579220071,11.231373723559601,8.061771337392909,2.0742419303444577,7.16655511891253,7.0638871281319435,6.997572132347805,7.134738028437553,7.266088579745508,7.186117070700441,6.997572132347805,7.288440399015644,7.560501226286829,7.559236329842392,9.493337686268733,14.439354337834706,16.03169939494305,16.272259927214563,16.89833712699977,10.645616136784795,11.525848392337393,12.574265861672718,12.75798239501615,12.724541775927923,12.157707356409267,10.97441066012647,7.197305664339786,1.5519115306394446,6.997572132347805,6.997572132347805,7.07133327618319,6.997572132347805,7.194138244872259,6.997572132347805,7.077993616667927,7.098548209861119,7.33780753809068,7.5024049148884515,9.204615307692592,14.840493556834943,18.644639694770596,19.486029362450196,13.304010953309474,14.226486962331071,14.14036031760068,13.593164762075844,13.842723395260192,13.24447386745927,12.438232862936406,11.076458814274261,7.407172637543162,1.9403671439629853,7.267369837982816,7.381860756407675,7.129933556773097,7.020867793326706,6.997572132347805,6.997572132347805,7.097077752161802,6.997572132347805,6.997572132347805,6.997572132347805,8.439175004832741,13.887818765375936,18.1101062586195,19.826043000971918,13.342285600202409,13.783788783664255,13.746985099954488,13.416070949102807,13.412088436775774,12.8878354007677,12.628274694372449,11.521794247339717,7.544989278385943,2.2127509997734256,7.463536670819016,7.164017872318016,7.1858476724822635,7.349862725280422,7.270085220350827,7.492061456915127,7.40855811203778,7.038689993081521,8.050596967959558,7.331383430729683,9.694087015779436,14.298062413120459,18.01410876302367,19.357657278985865,13.69552873974871,13.894512971047702,13.943128032813592,13.540523628247294,13.510595779455835,12.760721618853772,12.625968753545617,11.324295088589633,7.524179155541863,2.0746494902767916,6.997572132347805,6.997572132347805,6.997572132347805,6.997572132347805,6.997572132347805
6.958463175981066,6.958463175981066,6.958463175981066,7.000559552595091,6.958463175981066,8.89863549949415,14.837397844612724,18.05070782909754,19.978070367742582,13.505774304586515,13.898895773164211,13.836368172460284,13.940126592805177,13.513163006956928,13.23160385328452,12.474259190681241,11.197489070231422,7.772410300410049,1.8953697567877918,7.038940922360536,6.958463175981066,6.958463175981066,6.9950029340752415,7.155304001348923,7.0018614638228085,7.2883515635331655,7.134663761565519,7.542896634040238,7.002501803436068,9.310015816209507,15.027009986219435,19.09553073826102,19.972253573363595,13.839922971863624,13.737742152870702,13.768102980295497,13.850357042848021,13.722759989602913,13.215344056260326,12.996697475495354,11.343216297847341,7.624461059416586,2.333048082879114,6.958463175981066,6.958463175981066,7.151777657470881,7.125793738338807,6.99587829620479,6.958463175981066,6.958463175981066,7.074275151677143,6.99810309003132,7.490582943761448,8.791362658024354,14.272091452827585,15.238311687678433,16.010244716124355,11.933898322477729,10.430982200599692,11.102258521384588,10.424573082135808,10.244336997123707,10.228250905798406,10.949654625303529,10.673221641515774,7.614790618122873,2.2207499303138176,7.054266351093373,7.116895801351104,7.143788285025292,7.051285280091761,7.125110547748647,6.979352188774851,6.958463175981066,6.99274300296362,7.140182946751545,7.201297598206979,9.067808370077268,13.667719829931032,16.028730333458213,16.28107898826915,16.85380538401091,10.843807451008104,11.47405949845894,12.441114359923068,12.448846406034423,12.598441063753231,12.423183509240175,11.173782142078169,7.5031662247478526,1.9020040178301763,6.958463175981066,6.958463175981066,6.958463175981066,6.958463175981066,7.156616438283187,6.958463175981066,7.041801308913059,6.958463175981066,6.958463175981066,6.958463175981066,8.86004578265499,14.327123148839204,18.2802384032052,19.274917671923056,13.195810821545411,13.850357042848021,13.875694915604372,13.835732648869008,13.746765823902104,13.230909352404625,12.512197139260081,11.160107900947631,7.307749566546661,1.888241995977658,6.970026438572263,7.160231683104273,6.958463175981066,6.958463175981066,6.958463175981066,6.958463175981066,6.958463175981066,6.958463175981066,7.108115349823245,6.975212516104028,9.223107121112655,14.696175059027091,18.61379185209638,19.52359263172859,13.276256113663027,13.59584710962604,13.768669988481909,13.561991888642316,13.619361950825466,12.920900830716388,12.61458148259534,11.20424410674285,8.03724778154544,2.5604231098614214,7.673533345055747,7.354928127947825,7.370119508711987,7.326605154316921,7.043202698386968,7.098140333795472,6.958463175981066,6.958463175981066,7.255215375205614,6.958463175981066,8.731796446354886,13.615434724169042,17.343102140249304,19.309508858592665,12.637100539196567,13.014744728109477,13.285204652178926,13.05879956834922,12.963948906630726,12.325942491655548,12.448117463345856,11.23316776564511,7.4268163590094805,2.0875735294760096,6.958463175981066,6.958463175981066,6.958463175981066,7.195198364035638,7.16161514275943
6.588579851928254,6.588579851928254,6.588579851928254,6.588579851928254,6.588579851928254,8.533905780916264,14.354333395665222,17.570879136942125,19.619589721575068,13.686679791352448,13.962912827860505,13.759947156617688,13.759947156617688,13.369576322262187,13.350649564656319,12.630098731461787,11.201049802967232,7.543813382734638,2.1863805237075273,6.861709148949419,6.614079755906363,6.958520068734437,6.588579851928254,6.783340940501059,6.71410463937413,7.0366058613276445,6.804797471640544,7.35163391738178,6.884194131039052,9.062686885611683,14.907621809617055,19.147974158336385,19.840434973299594,13.759947156617688,13.813569468075755,13.759947156617688,13.826924779381537,13.745829798266525,13.335588205871638,13.200862010446116,11.454904016519665,8.129693186110657,2.5884325805387545,6.588579851928254,6.588579851928254,6.6205228561719665,6.64417822759144,6.588579851928254,6.588579851928254,6.588579851928254,6.604346391749207,6.588579851928254,6.715361042644428,8.502084723731162,14.48412976456886,15.65575076482805,16.294935016662624,12.562626935700802,10.984850144415011,11.686061671462493,10.984313590022321,10.761585804223795,10.943850533163658,11.102560511397865,10.990148185230023,7.882654743726607,2.545735219488297,7.145754681218308,7.157808525155277,7.02403173044453,6.758547319644871,6.588579851928254,6.588579851928254,6.588579851928254,6.686134756416363,6.797456171570619,6.778068895942667,8.15773985664631,12.950059756851633,14.812474603454461,15.082103599563204,15.782802889204703,10.030894476242446,10.716790756479417,12.031991640098916,12.621623669621126,12.568044499781148,12.048471717540776,10.68865388147622,6.977227767194039,1.6226687747300446,6.588579851928254,6.588579851928254,6.588579851928254,6.588579851928254,6.598234942374399,6.588579851928254,6.588579851928254,6.588579851928254,6.588579851928254,6.588579851928254,7.9883093096801785,14.081276144289653,17.63474310371656,18.938705419313113,13.139794681534047,13.770114085832713,13.759947156617688,13.774833187616425,13.759947156617688,13.254055601964856,12.461715103593802,11.098680403497303,7.130653954294976,1.9157225756884322,6.727702428416314,6.778347826131578,6.588579851928254,6.588579851928254,6.588579851928254,6.588579851928254,6.77589440406656,6.713497338921473,7.251072548871809,7.031040738876188,9.486392991574865,14.7675939851025,18.446350552023663,19.575215139945506,12.985790526551982,13.369480363920987,13.41223211261659,13.37659314752544,13.534943710107802,12.870428096509793,12.248034093915036,11.20409181779897,7.223638945516048,2.2439788376436955,6.986712009135624,6.834450265014954,6.588579851928254,6.82791622986832,6.824575372556488,6.755624511612773,6.588579851928254,6.588579851928254,7.005157052793075,6.588579851928254,8.452005336701546,13.214619364011991,17.000188636805724,18.793930527457793,12.531192395976301,12.598074539636361,13.096500071872333,12.963411798604362,13.107703375353895,12.174668611048217,12.393429277520788,10.96690330227013,7.620334310207631,2.2442418951243503,6.676212628054362,6.588579851928254,6.588579851928254,6.65831942174851,6.588579851928254
6.860355866953977,7.044936434067818,7.141351044700135,7.212104791711189,6.964222639115115,9.029041482757115,14.863328224964455,17.990355309421545,19.76524293120187,13.39374990237471,13.731397677216421,13.650441178565558,13.650441178565558,13.010453890235977,12.977815948551436,12.324104361019334,10.809557271475418,7.242245306760086,1.6568954498672352,6.860355866953977,6.860355866953977,6.860355866953977,6.860355866953977,6.892523759506732,6.860355866953977,6.966897319615927,6.860355866953977,7.172247717128368,6.860355866953977,8.959964321441422,14.446238860406847,18.693319977224846,19.699173758877745,13.625509123745806,13.536380872165521,13.399453503117929,13.538325620528772,13.134152454032309,12.557395584012362,12.85392812565597,11.232636362048414,7.9149312786922685,2.3469481854269056,6.938779446863855,7.047360236936599,7.018631124874298,6.899215940046254,6.906729505191306,6.860355866953977,6.860355866953977,6.914327560695256,6.860355866953977,7.352723929233292,8.727337013747034,14.252708086935565,15.334082163478469,16.08891409723645,13.510165360212188,10.485633657525932,11.088026859655754,10.486883414229466,10.397765030716403,10.523180582385288,11.035882013582363,10.967791305074266,7.806174047674132,2.232238841695243,7.102885887122271,6.94449455984042,6.963419535751851,7.010254959694353,6.8990386196240605,6.860355866953977,6.860355866953977,6.860355866953977,7.035868683645019,7.080601408764036,8.688593187997785,13.356924978461127,15.2478821651794,15.589136360154079,16.06763442612867,10.142996551703211,10.959816387779691,11.96229929332782,12.106381115588807,12.212366960871092,11.997956930394565,10.689144433887947,7.224099293951482,1.6529171057577152,6.860355866953977,6.860355866953977,6.860355866953977,6.943182505675456,7.203014666471709,6.860355866953977,7.13499087592904,7.0151771651048005,6.87569545647384,6.860355866953977,8.611359795779746,14.437952855567755,18.309379513801794,19.42503180949935,13.269979795728913,13.795518602670171,13.650441178565558,13.638401899932008,13.650441178565558,13.092835524364792,12.511467978202761,10.969671269690878,7.078736212200462,1.7852977196141697,6.910394220478377,6.993705070573567,6.860355866953977,6.86668237179634,6.860355866953977,6.860355866953977,6.860355866953977,6.860355866953977,6.860355866953977,6.860355866953977,8.652446468242879,14.097927241436263,18.011583721858386,19.391367067136596,12.6438640801116,13.13122582801049,13.40814372697142,13.271987833822283,13.368957034797145,12.847324009687364,12.514191975564039,11.337359505558066,7.504325566207597,2.2307105435162806,7.4380439361626856,7.3049421013970575,7.161267402972012,7.254267031782526,7.050244020269661,7.0967143533113495,6.990318362383752,6.860355866953977,7.421585224419873,6.860355866953977,9.082028303175527,13.897691345628083,17.327001389810164,19.00039928401645,12.473819541487654,12.919217524109534,13.277766970914959,13.09455024354626,13.071959002876678,12.105672444122307,12.40136146978764,10.919469503726926,7.334981720807902,2.1139015947332416,6.871137299501156,6.860355866953977,7.078943129736867,6.906178067663841,7.032667508452157
6.626518643847213,6.626518643847213,6.626518643847213,6.626518643847213,6.626518643847213,8.379953509967336,14.324328869797117,17.365595652068308,19.080470779558112,12.91077023069202,13.547414839620757,13.497781384439826,13.490033316578241,12.765439308150668,12.94289145590321,12.241749119365952,10.778431634006907,7.281007308170799,1.9023113484630934,6.626518643847213,6.626518643847213,6.626518643847213,6.832415282366027,7.047223389434601,6.917968976435462,6.720399483061241,6.626518643847213,6.660979027651007,6.626518643847213,8.42624119646675,14.032771516050172,18.004533888879614,19.015243529815884,13.202417076051795,13.177919819481078,13.386062827560828,13.521723009988593,13.174708255008438,12.727300841839696,12.858949449329003,11.138123484545776,7.648085498404382,2.385493243451599,6.663426246496737,6.95823640709876,6.633527645895607,6.626518643847213,6.626518643847213,6.626518643847213,6.626518643847213,6.8323691708427186,6.626518643847213,7.1253632546045145,8.478971768842856,13.647109886748433,14.725330434204494,15.536710616539013,15.31458321350931,10.295653802490149,10.582388738875746,10.070224160564532,10.07277610256862,10.33830445174259,10.807035499899285,10.273280326326471,7.5635932685898855,1.9258110916309477,6.626518643847213,6.626518643847213,6.626518643847213,6.626518643847213,6.626518643847213,6.692870247074538,6.6433194505976445,6.901237084442484,7.05789108580474,7.075909731724436,8.718074310254512,13.388497069921579,15.351263302233725,15.734472384359275,16.116295595510472,10.404971985223403,11.112410446511321,12.120231172734284,12.391932514099073,12.519773019141422,12.116268309026859,11.131956628760793,7.41272888968895,1.9743641137650194,6.626518643847213,6.626518643847213,6.78584092663737,6.657182933111123,6.839384561837114,6.626518643847213,6.899733990198032,6.977836051999713,6.875571804511885,6.856043271357722,8.571080066959365,14.161297109402975,17.617900937763782,18.523449234607597,12.8525710343541,13.603668793600555,13.557467454735024,13.557467454735024,13.302759723321326,13.043344879123017,12.306447599452856,11.050604641495282,7.497628234474722,2.3319620578580937,7.084409908718815,7.007363007864517,6.724360149779329,6.651838289375005,6.626518643847213,6.626518643847213,6.626518643847213,6.626518643847213,6.626518643847213,6.626518643847213,7.7853179924165925,13.181103700851562,17.49629500222637,19.202095301120252,12.71669468642372,13.095941127109079,13.308215988883303,13.092491985122578,13.070218654705014,12.598828378369214,12.376194754688244,11.092078951633916,7.60630476150504,2.233675724717281,7.0225590022895075,6.64894296046295,6.85087903327468,6.7111395265478135,6.74116984549811,6.983332565780287,6.980556556116662,6.626518643847213,7.458572697857067,6.863865790779273,9.113259257009759,13.691533718202745,17.36468089641643,19.359127815967103,13.06802146334684,13.543590967054785,13.698377004641147,13.342133004577557,13.246715366416145,12.38788341224576,12.44047902178808,11.139870894004325,7.2331046577400455,1.8968936831509549,6.626518643847213,6.626518643847213,6.628983236585625,6.626518643847213,6.626518643847213
6.658463647453028,6.562621792096477,6.562621792096477,6.562621792096477,6.562621792096477,8.529267074444931,14.144058743159707,17.149521069615513,18.913958537124444,12.960984592921582,13.403987209271577,13.468979790018574,13.439834347153305,12.978048695391461,13.223314837336842,12.090910248405681,10.8593227741144,7.38721337268823,2.055152878368909,6.880384035865385,6.562621792096477,6.562621792096477,6.582876927519648,6.735423303193632,6.562621792096477,6.562621792096477,6.562621792096477,6.6360107625273566,6.562621792096477,8.55302150939761,14.163439371607836,17.91847403297372,18.962129252698702,13.123579388546384,13.361737609740045,13.288816167532769,13.386290230135609,13.093279702860189,12.748878993736804,12.978287817815568,11.19433334887519,7.568247064098026,2.331458251385389,6.582712064516228,6.642487494880141,6.562621792096477,6.562621792096477,6.562621792096477,6.562621792096477,6.562621792096477,6.562621792096477,6.562621792096477,6.8890891365603855,8.301929071313836,12.991736363662614,14.04816891496308,15.205754144408456,16.038794832682697,9.865816633707826,10.410018529113099,9.98402210289429,10.138401708828438,10.40091646320509,10.518996066178998,10.64769752977235,7.669348726404655,1.9725746218900146,6.562621792096477,6.562621792096477,6.562621792096477,6.654587247490408,6.772473570350362,6.67175461754491,6.562621792096477,6.612798091539943,6.745839069487348,6.865918853217529,8.902116575354034,13.758551792907497,15.288837917166942,15.640498582578903,16.112213823539488,10.470690504110474,11.169362087525998,12.299321095749624,12.12011523577031,12.070024808707936,11.915355584992778,11.129780606480018,7.324053588113285,1.8177172406834585,6.922334489270347,6.704497477195594,6.718642782730491,6.562621792096477,6.562621792096477,6.562621792096477,6.649330980093984,6.65309619975832,6.782328996916934,6.840237924753611,8.828624179070435,14.522644040394725,17.81945170797646,18.861185620443187,12.924666639591324,13.470426631093188,13.55837530705824,13.482891982673774,13.240595789672952,12.578945130201992,12.02563367472934,10.833034711179579,7.084209630152955,1.838110584761796,6.562621792096477,6.677072646232846,6.562621792096477,6.562621792096477,6.562621792096477,6.562621792096477,6.562621792096477,6.562621792096477,6.562621792096477,6.562621792096477,8.355760382545787,13.721395880780186,17.54130338597495,18.927199439927925,12.62249320012577,12.95370486897548,12.979971176479122,12.91763416548293,12.702629585420798,12.34825974141121,12.049827943829078,10.662572381135059,7.177032890717753,1.9746075769734424,6.6731692677811605,6.562621792096477,6.562621792096477,6.968179868531991,6.562621792096477,6.710706643775585,6.708015377420891,6.562621792096477,7.063222317846092,6.618436720424187,8.860377212418971,13.745124982881762,17.495690689948017,19.34560877697781,13.292853100656544,13.386290230135609,13.386290230135609,13.308371519843568,13.171006475231653,12.982790173579007,12.390421943264275,10.835962294917021,6.9484180719969455,2.1710973484299485,7.027590416077988,6.892808153692153,6.811665460781417,6.562621792096477,6.562621792096477
6.6732144487953935,6.6732144487953935,6.6732144487953935,6.6732144487953935,6.6732144487953935,8.415188337792296,14.260475352316664,17.480478528871323,19.387098920758458,13.435934958551018,13.838044964607414,13.73064190574052,13.761359931100861,13.73064190574052,13.70924312699739,12.795896522993006,11.41811906588304,7.839602905917902,2.3778070786187153,7.117841786221596,6.739042620443434,6.6732144487953935,7.052165889990382,7.730506094703606,7.534039809717514,7.233436781462953,7.074602856807252,7.327273783311341,7.112967642966846,9.382614469990735,14.828191661056916,18.643773097526505,19.510407942070216,13.622984157906158,13.86489786189669,13.607255135475594,13.753919698277656,13.73064190574052,13.225133762043695,13.158933392857687,11.314279735054148,8.161013872685206,2.1108771583962342,6.6732144487953935,6.6732144487953935,6.6732144487953935,6.6732144487953935,6.6732144487953935,6.6732144487953935,6.6732144487953935,6.6732144487953935,6.6732144487953935,6.975112176147369,8.720180089850588,14.220176023865474,15.316665418320014,16.203022307846908,16.780303743540287,10.83612840805647,11.66373102487075,10.861171783309157,10.39352833544787,10.360715832000249,10.838302736013127,10.411948147546143,7.5202306665614636,2.4384023620889588,6.972586869688276,6.989958006275403,7.133060990352023,6.7144041817875335,6.733270706957435,6.935875476398516,6.6732144487953935,6.7497203649976605,6.898232579038947,6.858425677674685,8.862486863266033,13.687783928983801,15.637802968118345,15.732534747886296,16.179425909765943,10.227901815224705,10.91512233836846,12.009357350482885,12.05452588133068,12.565931333706224,12.222209322602799,10.893681350437259,7.18685706835482,1.862721900711867,6.6732144487953935,6.6732144487953935,6.6732144487953935,6.6732144487953935,6.6732144487953935,6.6732144487953935,6.6732144487953935,6.6732144487953935,6.6732144487953935,6.901708877956769,8.695456127346205,14.49256825366865,17.918755925150172,19.097229544693526,13.253944250447002,13.73064190574052,13.751356704940745,13.509932269542118,13.532894399847251,13.153646464042376,12.53862648330738,10.83175172668319,7.366004569420605,2.307959827582959,6.962610962888257,7.142898739308291,6.6732144487953935,6.6732144487953935,6.6732144487953935,6.6732144487953935,6.8385232755804095,6.874149636193168,6.974395069930977,6.6732144487953935,8.592223931767073,13.933905196717092,17.989512382991734,19.546748621190194,13.013722082233953,13.190695886251213,13.428323338658545,13.348052401769559,13.557230640598343,13.046363548003278,12.592435023453469,11.110538194076772,7.587435080737257,2.231879863818328,7.025368920446888,6.736679998553779,6.6732144487953935,7.002629090767058,6.735843634650343,6.6732144487953935,6.6732144487953935,6.6732144487953935,6.838263865175158,6.6732144487953935,8.588626201260555,13.328977420581403,17.11243217119263,19.168877251061375,12.983805103465585,13.610544313582821,13.35259126415809,13.010820897972371,13.219544223129695,12.58607665069809,12.461995871477082,11.1882945129334,7.001367707940765,2.181535779823065,6.906779209441695,6.6732144487953935,6.6732144487953935,6.942617077897443,6.6732144487953935
6.943978539681321,6.943978539681321,6.943978539681321,6.943978539681321,6.943978539681321,8.601609461480756,14.243784447774802,17.431456244176793,19.22643738938814,12.937815743975294,13.38690194225392,13.38690194225392,13.38690194225392,13.250833018769809,13.149094993439782,12.230139134662698,10.97949686888152,7.583207689255507,2.452361354869542,7.4545084862753885,7.174222688447382,7.287562580147141,7.425026282962344,7.398371464738162,7.182904423837885,7.402232058474541,7.109746165052985,7.220058617774051,7.4326775026905105,9.46159353285755,14.947559220781681,18.556014938619004,19.411551993801353,13.394334175948428,13.38690194225392,13.38690194225392,13.421981243235424,13.143244632745812,12.615378843403885,12.735356038073972,10.951733189074291,7.473383389575236,2.0594358100318817,6.943978539681321,6.943978539681321,6.943978539681321,6.943978539681321,6.943978539681321,6.943978539681321,6.943978539681321,6.943978539681321,6.943978539681321,7.336818276497199,8.704284408750038,14.014340514568065,15.046207855985802,15.938635217491697,16.882151101113337,10.22806782804515,10.639941359700131,10.095667909835827,10.158653430325625,10.385855794236571,10.455277823267476,10.256611077191987,7.728653853876353,2.281333959874347,7.201093843147718,7.1201275979880885,7.031002954224666,6.980860991464754,6.988610106191234,6.973039764579556,6.943978539681321,7.0056224665618325,7.124265868418617,7.045038044933079,8.652386395237121,13.288942067965097,15.413366662745904,15.696496352664525,16.32166627942425,10.340621333521772,11.002465040263935,12.158723882549747,12.156833285328888,12.121214865931995,12.143963016309387,10.893119149495835,7.3807707679752586,2.2591017083711016,7.133579931690489,6.943978539681321,6.943978539681321,6.943978539681321,7.050800010882008,6.943978539681321,6.943978539681321,7.071087265647313,6.946451198777819,7.165022927435386,9.143766424473707,14.630544994961529,18.09369521168388,19.03699326272649,13.078335666535368,13.62239371070372,13.38690194225392,13.277316994492308,13.415855444271372,12.89717520643767,12.267945193324621,10.781223740436083,7.094625172920319,2.0562667357098574,6.943978539681321,6.985032176158597,6.943978539681321,6.943978539681321,6.943978539681321,6.943978539681321,7.07062292518409,7.0368974748885815,6.971511071593906,6.943978539681321,8.419350119540024,13.815448996933071,17.558099956433267,19.191528322235776,12.41304998595984,12.653003832079712,12.8919196828205,13.175278960016719,13.153931993784411,12.639812796645929,12.125285861603109,11.209352617428735,7.409116370847084,2.4482267390984473,7.612666857604613,7.252721760221066,7.0723367110307915,7.113798409568031,7.126251371483003,7.146437564498902,7.187094783583615,6.943978539681321,7.530004729962723,7.045319362144232,9.285940283044539,13.735038454252411,17.298377294741258,19.141119629267774,12.485554768270887,12.800770326589719,12.767777069042682,12.820243707470773,12.863132682072225,12.270412153094753,12.06183434322545,10.832255665079785,7.0940738091396955,1.7616328125812728,6.943978539681321,6.943978539681321,7.025462037475957,7.058523916274995,6.943978539681321
6.801049399791795,6.801049399791795,6.801049399791795,6.801049399791795,6.801049399791795,8.455297556731413,14.434291288259775,17.705498421659012,19.469807645126252,13.236959528002942,13.679947162636891,13.615282930551572,13.676965737453456,13.512941987941904,13.643799045885594,13.04032172034689,11.428795813165731,7.8777486881226295,2.5883377051027145,7.089213569900799,6.961198046806108,7.136533058284427,7.265645775485823,7.178910811192084,7.1191412991757455,7.298847461574592,7.051886450201505,7.153632233988684,7.18498567651924,8.999530991213945,14.576640050593124,18.752004919849558,19.46867393198493,13.617438338425732,13.643892232209419,13.653089147145936,13.627601490426702,13.615282930551572,13.206311131084453,13.008170821525797,11.441810047255489,7.778342065485321,2.1039243528983653,6.801049399791795,6.801049399791795,6.801049399791795,6.801049399791795,6.849156050894496,6.97592264836574,6.993953313057128,7.174904977419928,6.801049399791795,7.192895116127068,8.777127838679835,14.232141389440525,15.144937094285712,16.139361768374215,16.257767984578443,10.642571024631302,11.025728908806716,10.391481970528279,10.305551461768193,10.332640470112711,10.418598162259253,9.920597825601384,7.307066855817806,2.1962463945198523,7.041199991615489,6.801049399791795,6.939053614306918,6.801049399791795,6.801049399791795,6.801049399791795,6.801049399791795,6.801049399791795,6.801049399791795,6.801049399791795,8.33090895706429,13.236281923058641,15.357666963200451,15.683313687149838,16.374936322276916,10.364971376182991,11.129229102729976,12.176633415579357,12.370349589623004,12.681718909880379,12.13390614507789,11.020136911937227,7.434862212253804,2.2082006776129903,6.955573735068535,6.896796627817903,6.801049399791795,6.801049399791795,6.801049399791795,6.801049399791795,6.801049399791795,6.801049399791795,6.801049399791795,7.017951771295012,8.695260887060934,14.270580513743898,17.672928311985586,18.78718248859461,13.003413920991463,13.615282930551572,13.609677664504968,13.443322911882849,13.327742601923495,12.833439614637037,11.985922901470245,10.8419671951035,7.0648984196206115,2.114601858575469,6.801049399791795,6.907692969411202,6.801049399791795,6.918153491830968,6.801049399791795,6.801049399791795,6.801049399791795,6.801049399791795,6.8797058971404015,6.801049399791795,8.490901688089142,14.108237174190887,18.011135149240786,19.617200538446596,12.971823675943964,13.28913305545858,13.65809928415954,13.463225785748916,13.567420272248903,12.929482970188682,12.411603447870597,11.318277284980454,7.8820388293659365,2.435213798722201,7.395200550529166,6.995653705246025,6.801049399791795,6.801049399791795,6.801049399791795,6.806433294551475,6.801049399791795,6.801049399791795,7.267798471134712,6.801049399791795,9.088296591355455,13.643705315458014,17.27867611807128,19.170224150415713,12.521808896173516,12.999283912308629,13.135932201132663,12.978733135427259,13.258176131055158,12.1632155107271,12.014267404831628,11.044636668885362,7.359572668626126,2.0726153114363504,6.8228873006441715,6.801049399791795,7.097966675289594,7.041553059670998,6.801213811528892
7.136640673336508,7.156546463350709,7.136640673336508,7.136640673336508,7.136640673336508,9.270508221622466,15.167168680716754,18.41021838120256,19.982022207039478,13.557139975154977,13.97300862350885,13.958769081982457,13.893064930900714,13.264638885421094,13.49903297194058,12.729148988443978,11.120837004208889,7.423286574368494,2.4182212657065616,7.161530916637222,7.136640673336508,7.136640673336508,7.227266342580913,7.2163544668429145,7.136640673336508,7.161706593013812,7.136640673336508,7.3625105396064745,7.136640673336508,9.352691274256404,15.231677849999215,19.112831553769343,19.614093264748107,13.929820461279474,13.854010747450369,13.732177640976683,13.831285601508187,13.720004419675135,13.241200251168074,13.02336079170029,11.471746407665904,7.6833587169861834,2.0292210028967315,7.136640673336508,7.136640673336508,7.136640673336508,7.136640673336508,7.136640673336508,7.136640673336508,7.136640673336508,7.165689080375947,7.157428348971335,7.666192700335575,8.964782377079645,14.535935300913884,15.54431430185344,16.5606529703852,12.858778389711084,10.62883480223517,10.992506447849925,10.291755986850298,10.272988546292494,10.707002643219528,11.026220326961434,10.617785839283485,7.419210696939612,2.0300167536313163,7.136640673336508,7.136640673336508,7.136640673336508,7.136640673336508,7.147349564154261,7.136640673336508,7.136640673336508,7.136640673336508,7.1541206660280325,7.296531449317603,8.983690194399909,13.791317672263183,15.776727527048203,16.2509019495587,16.9258834101951,10.985724900754562,11.371566945567665,12.46325163791316,12.593049042855569,12.652118762446332,12.531194470118615,11.370679618346301,7.569227553706602,2.1025616521462,7.225457228852083,7.297624615472679,7.226927407486263,7.136640673336508,7.150622956841333,7.136640673336508,7.140376610922435,7.136640673336508,7.136640673336508,7.421070542653634,9.203983578767136,14.982723685335792,18.41292079346224,19.443053471124266,13.297752287477467,13.831285601508187,13.900570904430053,13.756195653962804,13.561492853962518,13.072630979922234,12.29403594749654,11.062122672261744,7.411902312350812,2.3094000655289206,7.321672003759972,7.660307142396769,7.587376430455453,7.6301566552814,7.440500803329354,7.252602410738189,7.394653365320934,7.373257713910899,7.346030915547152,7.136640673336508,8.7961073958274,14.538448923543466,18.328293574645606,19.923061410763964,12.802096047587797,13.289404092857582,13.57362741639462,13.477443708823085,13.60822611929645,12.913254075323158,12.511599920213754,11.143439822062373,7.443961329827491,1.9264740613922298,7.136640673336508,7.136640673336508,7.136640673336508,7.136640673336508,7.136640673336508,7.136640673336508,7.136640673336508,7.136640673336508,7.76934943585452,7.217915433503361,9.487138551299994,14.197488256312207,17.953188365449954,19.740036827344124,12.979730355654777,13.510339932702975,13.544999730208032,13.514096763901074,13.541787008860872,12.665528326161233,12.375734866024468,11.149491807540814,7.364627553729179,1.948923373337197,7.136640673336508,7.136640673336508,7.346252320852976,7.182636401889532,7.158362095062129
6.977325950566501,6.977325950566501,6.977325950566501,7.069484839933863,6.977325950566501,9.02451817761505,14.458619684872943,17.77481519085634,19.474853186764793,13.020055891842429,13.50439408434361,13.462588975915903,13.42422372804461,13.200128074819274,13.025489679753662,11.90372367105993,10.867061654055933,7.423550038868676,2.106448951430729,6.977325950566501,6.977325950566501,6.977325950566501,6.977325950566501,7.175273853080607,7.1268782831621,7.180705733567573,7.02971033961602,7.2895625828315875,6.986047056102543,9.013939251013234,14.779868351247508,18.74254077930407,19.494882303776333,13.383374271302888,13.364619417557115,13.46591878682855,13.597652258212213,13.661943308466304,13.698498174665309,13.214678678417188,11.706435505791312,7.914058294118081,2.739747380022558,7.572860204727548,7.293467044055517,7.13094417750318,7.095233776139305,6.9876993685619455,7.2148421367520905,6.977325950566501,7.0897939049153385,6.977325950566501,7.316697709609701,9.231491819869822,14.361160205862012,15.276888956004806,16.167559564098532,17.077051088842865,10.606054970727333,11.147913290342533,10.58688493233519,10.140574595018084,10.342285072600054,10.717187795444582,10.756933746879954,7.448104470919674,2.090862919694755,7.068559456957343,7.228588834257985,7.012609681976478,6.977325950566501,6.977325950566501,6.977325950566501,6.977325950566501,7.040070709445981,7.00480938244418,7.10540820961112,8.61614316780714,13.259397792649072,15.259627345703818,15.789793122950273,16.520067184435554,10.440657855955342,11.046288408524552,12.015846787971094,12.193737622132659,12.553336970984486,12.155454260737732,11.037469015784088,7.283217991453669,2.1981238826005858,7.074146398201571,6.977325950566501,6.977325950566501,7.03040389007092,7.169338278003962,6.977325950566501,7.072027765548972,7.195281596473116,6.977325950566501,6.977325950566501,8.453691686857827,13.949452350684364,17.358374391807963,18.78449235086062,12.736511366287969,13.39118844965546,13.440391273753306,13.1457253023325,13.075214281648407,12.620309461916477,11.995246905819563,10.665759007506763,6.888436623699981,1.842290770480909,7.2448232555471055,6.977325950566501,6.977325950566501,7.066304400171438,7.000918980871431,7.174733542708717,7.287838707759162,7.403627673095087,7.599924830952621,7.073639264560524,9.157568601529109,14.876847981444055,18.70362851996815,19.863811826629945,13.246397059329515,13.636809351242167,13.575931207926448,13.316784526558427,13.49757828912679,12.8172910415705,12.326493424475169,11.414529694884772,7.518299066512902,2.0915835988461646,7.018268489279437,6.977325950566501,6.977325950566501,6.977325950566501,6.977325950566501,6.977325950566501,6.977325950566501,6.977325950566501,7.2778547370439854,6.977325950566501,9.099351530785412,14.011445095235693,17.643608503069736,19.3571672305795,12.598434667651214,12.91957633520063,13.197286232641694,13.144103177076262,13.074152272725996,12.635925991594625,12.814192036936442,11.433546104318546,7.582216750343434,2.402008260041964,7.114182190561944,6.977325950566501,6.977325950566501,6.977325950566501,6.977325950566501
6.749901947304186,6.650955838557347,6.662958171031691,6.647327418934437,6.647327418934437,8.882255946841727,14.620122526289205,17.755129899603514,19.50906598459008,13.633196758746665,13.633196758746665,13.756143030133513,13.681673623592742,13.139849472179602,13.139319294592081,12.190672455515845,10.733072762764598,7.0683687122866425,1.8248102025875994,6.647327418934437,6.647327418934437,6.657101114653847,6.647327418934437,6.647327418934437,6.647327418934437,6.840631254688518,6.869398020416039,7.281373217144308,6.93826391951394,9.280545633332505,15.193226233009156,18.917254558080394,19.57793967958698,13.633196758746665,13.699182775831027,13.690462051337986,13.633196758746665,13.685082322504243,13.171663286025963,13.040389257954777,11.480009882431284,8.042856013654456,2.306799911128685,6.647327418934437,6.647327418934437,6.773252340794618,6.647327418934437,6.647327418934437,6.647327418934437,6.647327418934437,6.647327418934437,6.647327418934437,6.764101809118895,8.376272340326468,13.959352894190225,14.981332174614082,15.886374798421567,14.129619834884515,10.216951135569259,10.742853238630692,11.09838938491892,10.384917563159298,10.60621179975469,10.906087256451741,10.315027303248103,7.123974780342184,1.8990613134464138,6.647327418934437,6.66376251989411,6.772463863062081,6.647327418934437,6.647327418934437,6.647327418934437,6.647327418934437,6.647327418934437,6.647327418934437,6.695182456055551,8.360691715605833,13.31119931211277,15.25074706756029,15.569613658687548,16.336507467187356,10.667450219183722,11.32253348697547,12.092804973158227,12.144441098466178,12.01378273942867,12.110870000363434,10.727086777198107,7.267981040158028,1.5291101588255145,6.723613769581885,6.916415290423654,6.710405942263129,6.71611254032969,6.82294799728731,6.647327418934437,6.647327418934437,6.647327418934437,6.647327418934437,6.647327418934437,8.463725770321734,14.473156168307634,17.61755234339636,18.568348514365734,12.764190589179274,13.61893478367805,13.782475657374382,13.637267867217954,13.122778783936184,12.77724178749145,12.557712522114167,11.44323721091513,7.732307200681987,2.459877908239771,7.066631040052746,7.203862935747976,7.322993769722081,7.361857519736255,7.031749699342369,6.962485346006103,7.209402544134372,7.287796225316839,7.384323777020125,7.0238396805720305,9.526582783657268,14.801664280384646,18.09949999979171,19.261174476843713,12.611080520158087,13.039758784902045,13.27435595108804,13.025981651569174,13.149331361985414,12.667046611739769,12.12344996747806,10.752223272533714,6.275124990902002,1.2413347505804775,6.647327418934437,6.647327418934437,6.647327418934437,6.647327418934437,6.647327418934437,6.647327418934437,6.647327418934437,6.647327418934437,6.9789919305347645,6.647327418934437,8.96274111282314,13.585247254506514,17.60530074530454,19.10668205667491,13.097365640173884,13.21305559905913,13.682878248407734,13.640276760746987,13.637392244793258,12.674579294971442,12.523591407567178,10.80924931058707,7.137867160128686,2.3056192442332173,6.8932095654563215,6.797774303002227,7.127174905848571,6.736615500756446,6.647327418934437
6.894395158557222,6.894395158557222,6.894395158557222,6.894395158557222,6.894395158557222,9.052572888539096,14.608278712207184,18.136405880186054,19.770352645619276,13.757358969485074,13.661375991802448,13.629565058521594,13.748267886402116,13.685670914005279,13.668022923512176,12.91867932500469,11.258816538062598,7.484735633224603,2.092329832701511,7.163918784877527,7.157594770857676,7.30241790083452,7.073902397043372,7.024808653563776,7.003155739737828,7.093315665914476,7.055476582606223,7.165596893822891,6.894395158557222,8.766758650440586,14.596175794759983,18.735872366328252,19.4333450251668,13.384012640042043,13.473119381272591,13.461280152472677,13.53597988708364,13.149135777890436,12.770143373431234,12.480244461623197,11.06531814321302,7.271334991077975,1.6940846054844978,6.894395158557222,6.894395158557222,6.924551081711557,7.1970508311111665,7.277927299476069,7.044118952587489,6.894395158557222,7.364556091034047,7.09350690651122,7.590266707352561,9.331656716829531,14.739471640215367,15.630348074979384,16.583280192052392,17.3117274808028,10.825690833556799,11.336888903171857,10.712565356483356,10.406379742501775,10.641427437320983,10.917325467688354,11.257400034694033,8.116199899450725,2.7903833961686857,7.3537048563668685,7.368479404696725,7.467548888312243,7.491639567578497,7.409267091529408,7.182366254462561,7.029524677651697,7.200928575031224,7.2702031392473145,7.289051165600627,8.89700027516439,13.58310481869096,14.998599830842867,15.280295275045733,16.055245127933116,9.791486870307432,10.560874320472237,11.868870633223732,12.055444894915517,12.054713748070135,11.806124981347768,10.569044480276673,6.901262578132418,1.5432673948988749,6.894395158557222,6.894395158557222,6.894395158557222,6.894395158557222,6.894395158557222,6.894395158557222,6.894395158557222,6.894395158557222,6.894395158557222,6.894395158557222,8.495044173062551,13.894523413122009,17.571990573811405,19.130898821106648,13.336605078587564,13.629565058521594,13.629565058521594,13.580980350646051,13.642599515403802,12.95432657525107,12.0161010707802,10.815358916246188,6.999195636144235,1.928690638658797,7.0795608389505364,7.251189056244153,6.894395158557222,6.894395158557222,6.894395158557222,6.894395158557222,6.894395158557222,6.894395158557222,6.894395158557222,6.894395158557222,8.524157628060223,14.280404033250079,18.1689264794832,19.78138148457797,13.181092581731255,13.552491620008487,13.629565058521594,13.629565058521594,13.629565058521594,13.065208243894578,12.387014302597946,11.36012505734392,7.6603587302557985,2.404642457247382,7.488721022313267,7.500822467311959,7.052752095899537,7.309585577075402,7.048789457706877,7.050952129146609,6.9248095725858505,6.894395158557222,7.35546499084895,6.894395158557222,9.058915993615464,13.589239140723706,17.286917231182883,19.143578532176313,12.498419959813978,12.550745702381718,12.80730888475882,12.776216269096203,12.790260199765292,12.200336265264596,11.73065312293432,10.469992767591425,7.055178985116437,1.896460264039997,6.894395158557222,6.894395158557222,6.894395158557222,6.962046297519092,6.894395158557222
7.221797212609939,7.221797212609939,7.221797212609939,7.221797212609939,7.221797212609939,9.352265246947843,14.856362171567724,18.170858218908656,19.499710935256463,13.298879118969927,13.414486055857747,13.376449997181975,13.376449997181975,13.609738443772107,13.420999606206461,12.321169956066443,10.878882069610464,7.290861946776299,2.137055912935534,7.3807572158310135,7.221797212609939,7.731282148519403,7.644719594391849,7.543185268421855,7.221797212609939,7.239420550275338,7.221797212609939,7.221797212609939,7.221797212609939,9.264078047530294,14.717282209727902,18.496124135545262,19.60784055854242,13.346385791027801,13.376449997181975,13.471741865602052,13.376449997181975,13.159812735725243,12.674548218304052,12.551339925627316,10.737029024392386,7.317078284277799,1.6332387730964941,7.221797212609939,7.221797212609939,7.221797212609939,7.221797212609939,7.221797212609939,7.221797212609939,7.221797212609939,7.421003899865085,7.221797212609939,7.620092387610129,9.02417649479341,14.305736630455668,15.278090050627599,16.371152079440165,16.080932487318577,10.365427099236648,10.71632983221708,10.119062850411803,9.916740904205382,10.194760039094739,10.569909217145701,10.55646706200954,7.518607452379211,1.9938056810276485,7.2782372793592,7.221797212609939,7.291715511692032,7.440972192229641,7.437293157730965,7.323061055046697,7.221797212609939,7.367943880658087,7.468188476560429,7.502216182069927,9.209947256370057,13.775819723243409,15.514367084154191,15.955444601734644,16.742968271944083,10.226274313081017,11.119556234420548,12.01883234985589,12.29214998651853,12.103954334996283,11.742924794581237,10.649955252400524,7.349102970929405,1.823008664525806,7.221797212609939,7.221797212609939,7.221797212609939,7.221797212609939,7.221797212609939,7.221797212609939,7.261674697583999,7.508815721158857,7.428444065697554,7.495019117548603,9.211850806659227,14.698796045537453,18.197500747270084,19.352662765579147,13.284808501794654,13.517154922513768,13.52355333933253,13.213966930991154,13.596777656003566,12.843709490933167,11.946538639678666,10.738220188426741,7.063164358622118,2.1586259899013616,7.267320069632692,7.486292111855728,7.407108854799432,7.221797212609939,7.221797212609939,7.221797212609939,7.221797212609939,7.221797212609939,7.221797212609939,7.221797212609939,8.258411201687737,13.902020124299458,17.822500144355715,19.591147606662943,12.684827850191901,12.895357659952152,13.25389682692064,13.132050086023522,13.31817706924808,12.727924725007519,12.223389306887979,11.027960873551491,7.522818783322623,2.400546141261032,8.011369043133135,7.682813422846261,7.558770960148132,7.6201566199745985,7.433956014816948,7.615688259910989,7.4479541356358245,7.221797212609939,7.7610089266608835,7.244912342690753,9.425497318130194,13.83594520287975,17.668928484063137,19.540955980444743,12.581572912515488,12.717148677152496,12.715636685690981,12.748303915309403,12.689074997893028,12.088375121320729,11.69706451771156,10.50942263856963,7.0704074980558245,1.627627884210107,7.221797212609939,7.221797212609939,7.38627810964352,7.3709280694700565,7.307709918587728
6.747055015367289,6.9037803789627,6.811980983403101,6.959195240893115,6.931086589494158,9.012887508698254,14.250501263847378,17.537046556527493,19.067900729253953,12.876237197212841,13.65170959719364,13.25880601447171,13.214569553115616,12.951879456241407,12.665121853551685,11.455281589098066,10.51482790988985,7.147661065743004,1.7123191334511705,6.722866260301929,6.722866260301929,6.722866260301929,6.722866260301929,6.722866260301929,6.735196705847823,6.722866260301929,6.722866260301929,6.92977897209626,6.722866260301929,8.824027086208133,14.35690902100228,18.173529205968368,19.065182540347976,13.074766789174596,13.214951439055369,13.251737476571542,13.430501646153356,13.392996891646526,13.37167197391801,13.053820177417895,11.728152968095733,7.965672227888368,3.0933929797328177,7.692385767131842,7.326279097666738,7.176177465854661,6.931644670910372,7.039800744163986,7.048506553740435,6.732679164733218,7.060876026659482,6.722866260301929,7.110620546936332,8.644633832716535,13.804135527934697,14.684061612625609,15.661020869023071,16.514698916047784,10.364228430951197,10.567729298375939,10.014889273406501,9.875531894869445,10.53477339014608,10.495068445656736,10.45815636475093,7.509977402255149,1.729142943090905,6.722866260301929,6.722866260301929,6.722866260301929,6.722866260301929,6.722866260301929,6.722866260301929,6.722866260301929,6.722866260301929,6.722866260301929,6.794860892214739,8.578588896286169,13.240569037366535,15.250579153756242,15.625605857505883,16.282835238077514,10.18886766958406,10.928122991663022,12.122612709921139,12.380111653513826,12.637266629581603,12.449850857528894,11.382648264194204,7.3175458010414705,2.0572057975968674,6.850341284060537,6.726571706480482,6.9815706008382925,6.8864822347779535,6.969238602213364,6.722866260301929,6.722866260301929,6.960026939765646,6.751239185633335,6.725853783172044,8.33611959228591,13.582927374920814,17.048915619621624,18.339075807982002,12.48804118484149,13.08946392677147,13.06980815851333,12.89613084842445,12.914791231954977,12.358080332840169,11.87654205552798,10.71135644428995,7.031009174328252,1.599388845146784,6.952440699775635,6.722866260301929,6.722866260301929,6.857089011669995,6.851825426425447,7.0599066548454585,7.153008332224982,7.164044762339359,7.271212927029186,6.967950799097985,8.876076075175947,14.545550208851946,18.251541468046543,19.86057303022205,13.149969481180392,13.397267896264813,13.448434799265838,13.191605626315763,13.247125887360015,12.684764796382966,12.09814118513143,11.022302175176119,7.386811014990386,1.9006372691606732,6.722866260301929,6.722866260301929,6.722866260301929,6.722866260301929,6.722866260301929,6.827730256896734,6.741079719130441,6.722866260301929,7.144782323871485,6.722866260301929,8.788302661267853,13.5403349338949,17.641166578165542,19.25684491781328,12.631148900967512,13.193049613157278,13.120916373813778,13.032776479496519,13.33122578324902,12.462914570436704,12.759970694745478,11.483783351785624,7.741822838529694,2.422616523234413,6.887194947756727,6.722866260301929,6.722866260301929,6.722866260301929,6.722866260301929
7.072349507431285,7.072349507431285,7.072349507431285,7.072349507431285,7.072349507431285,9.086500736218706,14.705956934104577,18.209145098612414,19.64590030157784,13.41612977109957,13.72573812818802,13.821095878861454,13.776360122060526,13.723891248089705,13.380538382996262,12.382927528549471,11.23534342833904,7.634424616328408,2.3934309011298223,7.407238828169539,7.265195171809665,7.532528511709693,7.4992200576890164,7.584998948607393,7.518473095044002,7.522706438075318,7.510148742314695,7.633583082224711,7.42287545364738,9.587533701701176,15.047621556686229,19.095630636865067,19.909500439247836,13.756441644600256,13.7791413564483,13.655621964569539,13.653787991389589,13.18810327868321,13.151800687732049,12.815738322865375,11.075274870878884,7.489296150821238,1.9893543489998697,7.072349507431285,7.072349507431285,7.072349507431285,7.072349507431285,7.072349507431285,7.167415443847101,7.072349507431285,7.072349507431285,7.072349507431285,7.307920581169726,8.750475049460418,14.392091483934788,15.451417951294221,16.37538950870136,12.420332230318387,10.630538010756492,10.940685616098952,10.539506028004189,10.248922850092477,10.496774125708304,10.955605609611736,10.852169006909694,8.137361903649825,2.5447824302794086,7.505916626294874,7.48965974650673,7.301029582367522,7.3174081407955045,7.330940288184412,7.255780414865873,7.106523566935619,7.269121966469354,7.335866176953227,7.334019524654504,9.237714769733117,14.003519029938767,15.788554083454732,16.03539771179009,16.846559468438777,10.3157473939201,11.166966582326182,12.07622094935348,12.13354529034567,12.327762395696176,12.009109964683809,10.930611033724173,7.2580633807223425,1.7992066272697707,7.072349507431285,7.072349507431285,7.072349507431285,7.072349507431285,7.072349507431285,7.072349507431285,7.072349507431285,7.186442864463597,7.114173318970528,7.0995436098000875,9.060951902887146,14.663950604605576,18.51517894341876,19.57851119430282,13.66587650863013,13.723891248089705,13.754531177004367,13.658982340048233,13.723891248089705,13.326856070183576,12.55985753973245,11.011529574666051,7.088578698411468,1.7726739352218037,7.075183494978981,7.072349507431285,7.072349507431285,7.072349507431285,7.072349507431285,7.072349507431285,7.081017985759228,7.240266643913885,7.241388643674344,7.072349507431285,8.664690381362922,14.562009671662459,18.068477228890373,19.73391304236324,12.864069920048781,13.190277855406432,13.3829112979218,13.335746612101318,13.625334144234705,12.863637579567031,12.28777409110125,11.324732033696822,7.754367443906291,2.37272427426062,7.719961981763736,7.5105733905426355,7.273399328538022,7.48715894370518,7.278790970419832,7.324790915579475,7.298474995562144,7.072349507431285,7.444499179460056,7.072349507431285,9.241379035058532,14.02353076940098,17.904024150357728,19.725152155978467,12.992548399748982,13.04661104369023,12.871957535505151,13.00364040905923,13.03935135158549,12.719742972968751,12.506817729017081,10.858912715773057,7.725136918739409,2.1186697038759523,7.297479633612979,7.148162099739243,7.179209887332873,7.210603129787591,7.072349507431285
6.981870287954067,6.981870287954067,6.981870287954067,6.981870287954067,6.981870287954067,8.682223568017344,14.2821465770349,17.87192114353808,19.37889819885166,13.160819591860218,13.790637999802223,13.739142294805761,13.739142294805761,13.931203098753436,13.605114293754848,12.533927852801382,11.457113074683834,7.828509495752263,2.548352927116604,7.440027666938281,7.2587430031165,6.981870287954067,7.394799870281753,7.342764112037613,7.369134509206164,7.374951581591617,7.194698599259915,7.304681158824515,7.313232005461537,9.366884092302453,14.72590115626362,18.74403139244393,19.784666508219704,13.70551839418468,13.819727621396025,13.739142294805761,13.739142294805761,13.76617649288707,13.434199827965989,13.375602243783677,11.551491508776962,7.610473744358841,2.155573169878991,6.981870287954067,6.981870287954067,6.981870287954067,6.981870287954067,6.981870287954067,6.981870287954067,6.981870287954067,6.981870287954067,6.981870287954067,7.201243432676645,9.00553013940034,14.291441281534505,15.516186067821799,16.506809122056133,14.074274268977979,10.964579595876177,11.304312968922973,10.883373736791192,10.186025715282344,10.604743957504951,10.812600181604573,10.552024698733456,7.455328338468165,2.3340775953155055,7.29557204132114,7.316758388710249,7.14099731800299,7.06864264987998,7.145516714519043,7.138657161179582,6.981870287954067,7.006772316304396,7.008470288891259,7.014983747562073,8.840097501974506,13.294224719522322,15.177738443281864,15.91213065250462,16.803491995100046,10.518580078200753,11.25469398739561,12.341752671750958,12.737650384884342,12.777459071258745,12.367809782100997,11.097313114831875,7.413863310482879,2.1457887881751256,7.424752567354665,6.981870287954067,6.981870287954067,6.981870287954067,7.00932109215611,6.981870287954067,6.981870287954067,7.13312788683048,7.0920790988470825,7.044789909728695,8.851356787627816,14.353495513090635,18.292245697177528,19.389752120740454,13.432513678488924,13.76229800923685,13.739142294805761,13.418354389096745,13.434370414268752,13.072973216610105,12.412916005551319,10.859545389741301,7.117021567599942,1.9004343852614771,6.981870287954067,6.981870287954067,6.981870287954067,6.981870287954067,6.981870287954067,6.981870287954067,7.008577874072197,6.981870287954067,6.981870287954067,6.981870287954067,8.37161859931849,14.411627133672923,18.012820674585132,19.71577514116867,12.829509679460175,13.118752041325118,13.552509540316027,13.464690416377877,13.581267439567316,13.403202058229716,12.596529783572175,11.708171033588389,7.830469163405791,2.5306476975441896,7.521720135052023,7.256835439037753,7.087092535947109,7.230027689171244,6.981870287954067,7.124828268481103,7.124335843635339,6.981870287954067,7.5060016432598164,6.981870287954067,9.425858992352445,14.377980303384351,18.155909169960594,19.691146221536457,12.849819235866681,13.271494183137836,13.13608294536071,13.163559324771587,13.151305874249331,12.42190681820602,12.196052651031952,10.904271344010061,7.422206433781731,2.0872710619531634,7.078752432403573,6.995884716466483,7.093557934444326,7.02281847713959,6.981870287954067
6.97118925545512,7.1912341535987006,7.363784139749385,7.106438424330546,6.993086221257986,9.257108417178415,14.902368259980477,18.359047834466384,19.74251803292963,13.461712166335463,13.461712166335463,13.461712166335463,13.461712166335463,13.370382802517963,13.153605248211305,12.469531024074074,10.773236565519714,6.987864758854326,1.76652287210563,6.8690587458686725,6.849643944364494,6.859646922059699,6.849643944364494,6.849643944364494,6.958224791367183,6.849643944364494,6.849643944364494,7.056600310324231,6.849643944364494,9.120375947518552,14.882846340669971,18.680951686521663,19.496601225779557,13.285851206904265,13.330950428118035,13.205776835366603,13.531663159489035,13.19178991115174,12.729315228059907,12.548186570683914,11.162948376970022,7.748772393133569,2.1318914753105913,6.849643944364494,6.849643944364494,7.379878540001334,7.249897651513616,7.10049208221093,7.047123142647446,6.849643944364494,7.044981689199036,6.849643944364494,7.354483044459312,8.83812694688967,14.205101950277545,15.131222444272439,15.960011767773192,16.53467352373323,10.249855754280345,10.816410577919184,10.312918855316484,10.020837884351748,10.31409995951809,10.722733691987536,10.313057667155395,7.240499336638289,2.209119570808669,6.849643944364494,6.849643944364494,6.893430403801151,6.849643944364494,6.849643944364494,6.849643944364494,6.849643944364494,6.849643944364494,6.849643944364494,6.849643944364494,8.348692049308744,13.387491794092597,15.20631162531786,15.62365463447911,16.469774575948943,10.307129633437915,10.998411032509662,12.137859252201608,12.317639115681907,12.138687703483328,11.887605420551045,10.67075170461327,7.2348601611701735,1.7769209219348472,6.849643944364494,6.856255359680513,6.962903271885874,6.977723040450823,7.272071288167377,6.849643944364494,6.849643944364494,6.849643944364494,6.849643944364494,6.849643944364494,8.3054145498985,14.139087693498531,17.324528132370727,18.567107523861054,13.10437762185957,13.510011588012354,13.542161122778214,13.599368149366022,13.455025126650556,12.891545346338331,12.1612016655516,10.929683701971982,7.014375124934918,1.9395179287297029,6.906950466286235,7.324662720956841,7.284870010518463,7.216717409515757,7.122410210801376,6.987854198442365,7.076801845979004,7.013751131692941,7.359109821579911,7.207705923463298,9.427843769517317,15.022721333839065,18.144024284089557,19.76111079553806,12.558818638813861,13.150291416450004,13.408962062787936,13.03775593650191,13.186139373253766,12.78244966042493,12.117446282607576,10.698803731781975,6.787486121383371,1.4706669011459863,6.849643944364494,6.849643944364494,6.849643944364494,6.849643944364494,6.849643944364494,6.849643944364494,6.849643944364494,6.849643944364494,7.190094672889255,6.849643944364494,8.97252850098862,13.397085858588927,17.56628620101746,19.358685645966656,12.630343189296553,12.903125302749729,12.899300906911767,13.224052295837442,13.084107411677389,12.091678838335751,11.701532959253184,10.25227493170415,6.873121824546759,2.004747852323596,6.855832003631347,6.909804634277496,7.025581731735434,6.976326998553562,6.849643944364494
7.033853325710964,6.988633986084463,6.988633986084463,6.988633986084463,6.988633986084463,8.81607657707859,14.497422895005986,17.930266065935076,19.45381126391113,13.143448630073197,13.597453632520784,13.599416824631003,13.737236621057693,13.550091933422065,13.273795933837105,12.73849514162311,11.572040107481222,7.675063086281987,2.4006067539215725,7.394309110351313,7.109722211375388,7.167091935517135,7.207500164987743,7.307511625797519,7.286792329855416,7.217299017408874,7.143053556600325,7.5647304760993475,6.988633986084463,9.60188714974773,15.149929361649455,19.024610738465167,19.83709521699799,13.576401357523654,13.58860166395971,13.611939027023233,13.704503052812987,13.597453632520784,13.51810193342523,13.301035877376547,11.616843339642932,7.844108480487946,2.294211436757906,6.988633986084463,6.988633986084463,6.988633986084463,6.988633986084463,6.988633986084463,6.988633986084463,6.988633986084463,6.988633986084463,6.988633986084463,7.032035894265241,9.097640620374175,14.157596292019662,15.112103040766598,16.062940785514638,16.573914632690904,10.16851126040917,10.864398807722408,10.5422523166693,10.200130605836481,10.407041096264367,10.497139580149899,9.870605479786253,6.9317164238849385,2.093307803395365,7.19632943776953,7.149604546220464,7.03367289451696,6.988633986084463,7.043877843760755,6.988633986084463,6.988633986084463,6.988633986084463,6.988633986084463,6.988633986084463,8.325956969331463,13.161950015332762,15.250891404095022,15.954199838633144,16.876234240523456,10.65340738002444,11.350819635174009,12.268548813021429,12.586077516042453,12.474426094566802,12.178242848459131,11.246126089115307,7.701520627266252,2.350568716948081,7.287730805074761,7.126339002431929,7.073868577864593,7.118234288495767,7.132617116464729,6.988633986084463,6.988633986084463,7.073075835532712,6.988633986084463,7.073951651182438,8.917986871054685,14.759389942621777,18.058509385961155,19.243778412726872,12.995323636290319,13.48855707513172,13.671164961899533,13.14701638241469,13.056716033885357,12.631089247251689,12.093063115461458,10.693195041679848,6.938733434749916,2.0906748717172015,6.988633986084463,7.031940309295257,6.988633986084463,7.163200153193914,7.0636013236324136,6.988633986084463,7.120714178996846,7.10868941754761,7.374230542700325,7.46424134371196,9.718576997439962,15.317314397630234,18.367012080055606,20.0,12.556077317920483,13.294639901983622,13.591124661408035,13.285822849024163,13.32721815574732,13.101128651589928,12.17276973513804,11.116929748047264,7.208018111922171,1.9762313608483788,7.071944518776148,6.988633986084463,6.988633986084463,6.988633986084463,6.988633986084463,6.988633986084463,6.988633986084463,6.988633986084463,7.111557321228384,6.988633986084463,8.984752896607246,13.689604984732437,17.71388641326741,19.458986123759367,12.722210569577278,13.112750405097195,12.929050579962924,13.53075703011541,13.387505070361463,12.395377049994254,12.297498515178146,11.269953982888032,7.4755174372707875,2.1627206259016285,7.36270508228402,7.420496910058454,7.470063770203699,7.3117359546644325,7.067715833625493
7.081670373030884,7.099030515824887,7.189552971738979,7.260102469168196,7.2178875381284,9.235053230157002,14.727910935017986,18.34163970729145,19.957069567471766,13.540072973348714,13.713008151550435,13.947581598085856,13.660212482976275,13.082853803144124,12.826801390299233,12.136830259683352,10.86990831136618,7.259325423774833,1.7345219862431294,6.896353176900874,6.896353176900874,6.896353176900874,6.896353176900874,7.024573557165928,7.13268098067837,7.0488688376476665,7.08223394204737,7.442373751517978,7.000168188646615,9.412602604138732,14.664220688603734,18.830359075213742,19.57012651640695,13.88068576772545,13.713008151550435,13.809221216869462,13.713008151550435,13.85441566180511,13.21409468243363,12.992677661909774,11.381330862647934,7.926536063533309,2.57247657314844,7.234061897382638,7.015184248056782,7.207275511070595,7.115987700641909,6.904634913507624,6.98571738405583,6.896353176900874,7.041994797543662,6.896353176900874,7.086188835640401,8.957188571240753,14.202779041910143,15.209026412352362,16.16766507430544,16.12064380786626,10.426800491528182,10.89504209999119,10.41725078877889,9.830920809634089,10.180781728719333,10.561027535587941,10.372483252951366,7.328831309360125,2.008550779467761,6.896353176900874,6.896353176900874,7.014111873075448,6.896353176900874,6.896353176900874,6.896353176900874,6.896353176900874,6.902013847599551,6.896353176900874,6.9040371686688005,8.85641025244425,13.255864985841015,15.406618858893943,16.06045945317226,16.834722363285106,10.640656282105859,11.369653851924292,12.788738831392891,12.662690410635173,12.870852952508828,12.379865413417935,11.19822915311701,7.407894752558835,1.9885293669208723,6.896353176900874,6.896353176900874,7.053095247676758,6.896353176900874,7.046412673913743,6.896353176900874,6.896353176900874,6.896353176900874,6.896353176900874,6.896353176900874,8.352660265904964,14.04555513801574,17.68083357978834,19.093146526051157,13.156233840262425,13.628521840616306,13.713008151550435,13.401028767880247,13.549933572286081,12.965754051561976,12.102575562204144,10.786976617211394,7.190302291832311,2.0122268919017876,7.07705648376049,6.896353176900874,6.896353176900874,6.975807877041056,6.928070025833127,6.896353176900874,6.968975726584761,6.896353176900874,7.097031868779836,6.933566969311188,8.950136397964116,14.80364741807469,18.240481725248888,19.928833292256225,12.874764832585553,13.483631066366224,13.713008151550435,13.528609513658768,13.62961186215665,13.277789789063542,12.207028567597865,11.264426239521926,7.805602150163791,2.2123806967229886,7.278986552237335,7.100913046809888,6.896353176900874,6.896353176900874,6.896353176900874,7.09678507745291,6.896353176900874,6.896353176900874,7.401462175998678,6.896353176900874,8.949134520194779,13.563952106049989,17.519303828789006,19.367009191063172,12.660812128706793,13.059363723427238,12.936407132331611,13.219555691752563,13.150641457967886,12.20236692003269,12.362835688427095,11.154282212856815,7.416897547159342,1.9760047709355644,6.896353176900874,6.896353176900874,6.896353176900874,6.896353176900874,6.896353176900874
6.971742875088912,6.971742875088912,6.971742875088912,6.971742875088912,6.971742875088912,8.804407072723176,14.390543476567764,17.819550434227317,19.500976180465557,13.280124939083208,13.595106920098294,13.789453109320311,13.670024796201117,13.457316528003005,13.160434641243514,12.416341159523578,11.324471299351929,7.658729229843126,2.4837101808462503,7.283969636067706,7.1040813567266845,7.211878188636163,7.227511813334152,7.461253763136367,7.422457774246277,7.410229365172561,7.314925161057601,7.551839001652435,7.205921593579683,9.580645918560439,14.800953701484463,18.94963390815574,19.877593671358436,13.608289902637765,13.595106920098294,13.595106920098294,13.607478927484555,13.633622713897417,13.409605018516064,13.28753105172425,11.507782950392867,7.819269679324679,2.3378874644741763,6.971742875088912,6.971742875088912,6.971742875088912,6.971742875088912,6.971742875088912,6.971742875088912,6.971742875088912,6.971742875088912,6.971742875088912,6.971742875088912,8.779983275585128,13.994901543578571,15.343748596935496,16.215269058896638,13.34225976945963,10.568104925084912,10.932205207469455,10.487267566874346,10.053109286595431,10.288338171710635,10.515723168483467,10.072372967333406,7.34774761266651,2.3416062783961684,7.3066283285752425,7.271747253834659,7.129209838411644,7.19972564685088,7.1547219614249675,6.971742875088912,6.971742875088912,7.143147135366767,7.016720832489108,6.971742875088912,8.892634955560034,13.313285514340517,15.555862595921905,15.956265226583202,16.734695614012672,10.409646721033814,11.196784765864363,12.299594201632043,12.547977842618184,12.532502240737259,12.344173722060782,10.96384054995778,7.104497119870141,2.2776615780584084,6.971742875088912,6.971742875088912,6.971742875088912,6.971742875088912,6.990356696529638,6.971742875088912,6.971742875088912,7.0491059342150715,6.971742875088912,7.03348000766651,8.870003003992613,14.741171493695623,17.88776008981018,19.20475058017418,13.071623370298179,13.67508669467629,13.595106920098294,13.058724177954385,13.31043003080044,12.897233209601449,12.183791393759579,10.779627258565553,7.148604142746898,1.999371877721428,7.028685630590662,6.971742875088912,6.971742875088912,6.971742875088912,6.971742875088912,6.971742875088912,7.052634370875898,7.069773034432631,7.207789863541664,6.971742875088912,8.896897907096802,14.743667314773083,18.076777209520337,19.929720966323366,12.764437700987154,13.418624175633193,13.548496736619718,13.237635653295385,13.44426481237442,12.940632889015921,12.152814056673007,12.373087161668197,7.803519265596564,2.559338712775101,7.4716582172530295,7.240961797172242,7.078529274240347,6.971742875088912,6.971742875088912,7.126894265451365,6.971742875088912,6.971742875088912,7.325491073729355,6.971742875088912,8.920028617713957,13.564781625133605,17.441161269601825,19.422496383215247,12.852547509923651,13.020119815729661,12.638561613210662,12.941263585053802,12.825280632733916,12.254625047008018,12.279976950901123,10.91822698877264,7.305242864068336,1.8856614996173977,6.972671920175052,6.971742875088912,6.971742875088912,7.006855350123792,6.971742875088912
7.021038494020562,7.348509707647069,7.471161598340062,7.223138204515602,7.101616392195536,9.168892417443143,14.780086924882015,18.1314617595979,19.191819572481258,13.241750565790934,13.319804744328032,13.440379789055308,13.38029976063307,12.774632628117864,12.472298276129326,11.75150728233777,10.518877287151469,6.993411886177389,1.5222689533408023,6.87793338081151,6.87793338081151,6.87793338081151,6.87793338081151,6.87793338081151,6.87793338081151,6.87793338081151,6.87793338081151,7.077727524973446,6.87793338081151,9.385234212222041,14.743002527885235,18.493592647146027,19.578681483914785,13.4676069947189,13.298747602738526,13.02677365413247,13.220980979851914,13.143284307110436,12.77217493805491,12.42644838958268,10.959850062286659,7.8880599962835145,2.5164974229520825,7.231294113781131,7.280776568795777,7.3671110626787915,6.9790474794586945,6.87793338081151,6.9388558756229965,6.87793338081151,7.04056799123886,6.87793338081151,7.001503835493987,8.746169557325143,13.513485992661344,14.508609255918014,15.461053264005212,16.0547593492011,9.739165592112625,10.373360468278353,10.051827476026512,9.603703483159036,9.963264391814182,10.315293055363142,9.624345176950417,6.708773313215206,1.5695108693380646,6.87793338081151,6.87793338081151,6.87793338081151,6.87793338081151,6.87793338081151,6.87793338081151,6.87793338081151,6.87793338081151,6.87793338081151,6.87793338081151,8.591830558882561,13.138121510689986,15.366419485668079,16.05339358762616,16.768977218389544,10.619926968701114,11.404416447109968,12.426075981339281,12.562392485324636,12.791705858948738,12.554286849186848,11.357558446757432,7.842835564234064,2.3249011894467646,7.1110185588981984,7.310654985389889,7.490300870875811,7.265291055868746,7.347844841810605,6.952290215161443,6.87793338081151,6.87793338081151,6.87793338081151,6.912140050675857,8.408950915248996,14.009157394389012,17.187503736366164,18.34337078461395,12.40411149523154,13.131710773568,13.364780928064613,12.885763535804397,12.84499952302955,12.225193413820207,11.95237885677509,10.57257871465917,7.006754697207332,1.993335064739285,6.943646065984059,7.010127389066226,7.231632973520727,7.2206794862849595,7.1857587692716205,7.049786683357853,7.0768555120143875,7.040209875849151,7.228881599185164,7.168057516626697,9.28325708327732,14.98197745350793,18.117312628491003,19.649348159223873,12.76799971710961,13.285399471803977,13.335801015253002,13.263532283236417,13.124420842456171,12.761100837497231,11.881331654557592,10.723013381901762,7.033369459985149,1.7920182721494322,6.87793338081151,6.87793338081151,6.87793338081151,6.87793338081151,6.87793338081151,6.87793338081151,6.87793338081151,6.87793338081151,7.076691838988437,6.87793338081151,8.999328155117825,13.348342390875612,17.445145922957046,19.248149713735714,12.827586856996481,13.287130207083075,13.12519004208493,13.450358816444991,13.182906455718781,12.119465035106114,12.221363818811371,11.232956849264205,7.563454441008626,2.088490838502366,6.98527013137859,7.17312100818664,7.055279357552247,7.035999240854084,7.131844785193227
7.217071587821433,7.217071587821433,7.217071587821433,7.217071587821433,7.217071587821433,9.273930934397589,15.006261018271303,18.480681995438143,19.831085505961997,13.613822401259855,13.585800000246852,13.585800000246852,13.585800000246852,13.64027768340273,13.518882476229733,12.811437995070543,11.418851904909664,7.5233291854914075,2.0512923336371967,7.406510869659537,7.217071587821433,7.411735144575089,7.449062007831864,7.474870504905089,7.361082797021393,7.2857708232053575,7.217071587821433,7.318411761274132,7.217071587821433,9.44861820891341,14.80987638218747,18.876590772193516,19.896113508201136,13.527609929759123,13.90014289787055,13.60934963785773,13.700013299552639,13.520663714862524,12.91048503250692,12.574875474121173,10.878607281474858,7.49615948553624,1.810509458539004,7.217071587821433,7.217071587821433,7.217071587821433,7.380204410475813,7.217071587821433,7.442548416444622,7.2670085988094435,7.636730560900783,7.217071587821433,7.388595621167597,9.429627931130984,14.54971777555814,15.717199686249156,16.601741540074585,17.18868151860135,10.482152328490935,11.186515868138207,10.655721837465299,10.260359385798463,10.439783187650589,10.87582450177165,10.816701079290947,7.716157801485349,2.495669177601202,7.501096694965198,7.266707564290361,7.3184369655765025,7.453627579945491,7.411005889970944,7.217071587821433,7.217071587821433,7.247689551653116,7.217071587821433,7.217071587821433,8.945122691212292,13.44053776880147,15.550684476583216,16.002532633508523,16.6784217329876,10.384715028931804,10.931576013727925,11.975534573939479,12.296751969560892,12.32298873733023,11.964015708934085,11.023821788917179,7.080537088995499,1.7790516549612476,7.217071587821433,7.232571727669113,7.217800639981381,7.242971640282187,7.4312441856091285,7.264468683318502,7.238712265014634,7.440830474999479,7.26730796316391,7.395443802199365,8.939758527357476,14.512112551532207,18.348511848469762,19.48601906176109,13.364378997411329,13.753789444501654,13.731873867321092,13.307089420494934,13.140722140698914,12.578399622680806,11.84578831039581,10.4257681362212,6.7745601755419464,1.7092220561429983,7.221748251187478,7.4202090537208365,7.217071587821433,7.217071587821433,7.217071587821433,7.217071587821433,7.217071587821433,7.217071587821433,7.300981923352554,7.217071587821433,8.85824700371286,14.867117883424472,18.359622795709363,19.823469455909798,12.951350417861228,13.492633561808649,13.679454208019033,13.516021024755325,13.628110974389365,13.537113695336512,12.561792720414955,11.402906590275528,7.9297002725049435,2.642065795454705,7.977375007656957,7.785166542276223,7.606636067148263,7.653382709444383,7.217071587821433,7.326481693027258,7.217071587821433,7.217071587821433,7.458539584689096,7.217071587821433,9.119499416331832,13.74411255765157,17.55752998459907,19.287620510817927,12.295878220412032,12.797518300329054,12.436305617978283,12.592020068170937,12.604259844246046,12.03029697031981,11.943440843147595,10.691766287878707,7.289740098472864,1.8249408169373842,7.217071587821433,7.309861024556096,7.217071587821433,7.49001469724559,7.4623654257114485
7.141203733127048,7.342705199458472,7.4040413026116,7.219846169605168,7.141052495017533,9.267749293089622,15.071819437045107,18.461085309129917,19.836631396960385,13.16220356573985,13.517895783428044,13.830515702985725,13.572776013006376,13.095803410925896,12.972805749485751,12.399065611157049,11.03707459402761,7.57491835359729,2.1608014460610043,7.314584983403659,7.141052495017533,7.141052495017533,7.141052495017533,7.141052495017533,7.171294799556257,7.141052495017533,7.141052495017533,7.234441772000391,7.141052495017533,9.71076406223503,15.119015543886139,18.836488769532885,19.799646989934985,13.228730972203913,13.539882675487158,13.50969120963484,13.724702803304513,13.458569774172737,13.103669019704716,13.004832099512601,11.366484489961348,8.106468101481328,2.6163477147024072,7.410103302346728,7.461467046787785,7.316365507928607,7.141052495017533,7.141052495017533,7.141052495017533,7.141052495017533,7.141052495017533,7.141052495017533,7.141052495017533,8.731120690579683,13.796876242929356,14.91045788409426,16.03450287097788,14.777217927232469,10.135255347172633,10.73537512600188,10.308308801541116,10.128658318182003,10.384607007273765,10.578427387590816,10.072163593510878,7.204466979551406,1.9410510974312392,7.141052495017533,7.141052495017533,7.141052495017533,7.141052495017533,7.28891494743139,7.141052495017533,7.141052495017533,7.141052495017533,7.141052495017533,7.141052495017533,9.278897760737856,13.70011371188519,15.737176314690176,16.512668894415476,17.264377312972243,10.869027069100756,11.666738868799175,12.646787996248001,12.709194218952227,12.922905307544356,12.726487105481139,11.599339232055854,8.005453821932804,2.348002020547085,7.340721157930507,7.276914269908446,7.45377103125077,7.19409514608541,7.291475104922172,7.141052495017533,7.141052495017533,7.141052495017533,7.141052495017533,7.255330219318187,8.97435124639714,14.869480639233114,18.470007846306267,19.227536815176297,13.136201175859762,13.747718940705496,13.747239003510863,13.442076963079238,13.455317109593016,12.783932286523223,12.325643654836123,11.030250714990556,7.133968910920516,1.9664508690392983,7.141052495017533,7.141052495017533,7.247772864279145,7.424001972128431,7.330751662414559,7.2100550103049015,7.322190757134287,7.315655511982773,7.373801554497986,7.354096425235163,9.692132427004449,15.402596304613729,18.663922303067373,19.841688602040083,12.80006879168276,13.411447059898636,13.360408543860089,12.998296485960752,13.12628845225336,12.867910178685111,12.119621026105603,11.00689024059504,7.166002349148395,1.7997530967258728,7.141052495017533,7.141052495017533,7.141052495017533,7.141052495017533,7.141052495017533,7.141052495017533,7.141052495017533,7.141052495017533,7.578563587671863,7.141052495017533,9.624809073986412,14.444592969258553,18.471926187708902,19.642212982540286,13.662943552783089,13.93689014456408,13.579074104023377,13.757686049762597,13.724702803304513,12.854242916504377,12.677704932580511,11.49097380323588,7.622037502664672,2.1497500261731357,7.340576873297292,7.526166842972309,7.434383205472615,7.141052495017533,7.141052495017533
7.322366259696773,7.4421796866094825,7.324697805764721,7.281324038655936,7.281324038655936,9.476163780291575,15.18405975388544,18.60339566287185,20.0,13.223265611200867,13.517835080755948,13.685674058416003,13.602939219498504,13.000252628558012,12.819659204983665,12.022726879224374,10.726286358853729,7.3879884721730775,2.125180861250351,7.343559355924145,7.281324038655936,7.281324038655936,7.281324038655936,7.292592418967562,7.281324038655936,7.314934223143564,7.3452654551010905,7.721179760310409,7.281324038655936,10.013313719432727,15.329306298319988,19.261422078844767,20.0,13.508115299373333,13.687478505700984,13.735754020292113,13.735754020292113,13.557890699366496,13.22877638010976,13.061635766122158,11.470278641147054,8.092327698725287,2.7039478993555828,7.457802350091349,7.471726589846949,7.381651184893616,7.281324038655936,7.281324038655936,7.281324038655936,7.281324038655936,7.486368842428742,7.281324038655936,7.326881062125549,9.058337011443427,14.610230780396481,15.790853457629588,16.575146154240453,15.036826180856039,10.76806700859061,11.302551264060318,10.5656284430615,10.041207970471419,10.348004125940244,10.78087580151281,10.2611917085796,7.2752816297005225,1.9693521936938487,7.281324038655936,7.281324038655936,7.281324038655936,7.281324038655936,7.281324038655936,7.281324038655936,7.292942931215239,7.613913853149829,7.513291611418374,7.5757552989291215,9.937491728729782,14.395368921696122,16.31800995998658,16.61975382680041,17.130661297730448,10.476163742208879,11.325588841307107,12.512931558140071,12.769173160412588,13.219160653132791,12.845147740847151,11.178278963198167,7.4777441690207915,2.2110463062100143,7.281324038655936,7.281324038655936,7.322023576408788,7.281324038655936,7.281324038655936,7.281324038655936,7.281324038655936,7.281324038655936,7.281324038655936,7.37630492647761,9.134194411558836,15.00114086944587,18.433536915950434,19.207050414306284,12.950689275682274,13.540189267992378,13.820614525747157,13.232788292933847,13.51174548052651,13.280712116046505,12.679037634740698,11.419159364525383,7.842483222720057,2.6108790515296456,7.8743734663780725,7.684228400972507,7.775118375921576,7.704829208255809,7.467798140680384,7.339232653206677,7.465459686706825,7.281324038655936,7.281324038655936,7.281324038655936,8.802215000072614,14.701530573242142,18.210586155627748,19.32157279188303,12.799451376786983,13.379996822376167,13.128870257926664,13.115545878348566,13.244846113008848,13.071514128284417,11.978187978702504,10.964457502031484,7.295285402264597,1.92715606361461,7.281324038655936,7.281324038655936,7.281324038655936,7.281324038655936,7.301848858977516,7.589960716027932,7.449955122826073,7.305690268533381,7.78467871260875,7.281324038655936,9.494123720844563,14.335377599188448,18.222919274457574,19.551757969109342,13.430049884147985,13.752312390151197,13.199251889188277,13.384574520101848,13.485062587659275,12.547989297398027,12.658217353288773,11.63429272641742,7.617866924768851,1.9424640067059362,7.281324038655936,7.281324038655936,7.281324038655936,7.281324038655936,7.281324038655936
6.833630732425703,6.857808766902588,6.856615391690493,6.8631511043089235,6.833630732425703,8.834152540159867,14.468438084962754,17.93109480332237,19.37418849711377,13.075273861196795,13.154796083361266,13.419290293344782,13.611455043931999,13.26652981285995,13.02695168830187,12.382078653959363,11.100929979103409,7.878904303143107,2.2844090729182778,6.911080839955386,6.844093059201557,6.833630732425703,6.833630732425703,6.833630732425703,6.833630732425703,6.833630732425703,6.833630732425703,6.954070275363533,6.833630732425703,9.181656691072394,14.526993519740625,18.492415619127083,19.296326275911984,13.315836636373463,13.383005065071348,13.420538277987182,13.90340479588537,13.622998160006967,13.461212649499403,13.475349626680817,11.878865556650098,7.771502444852504,2.497120267126694,7.214264178176515,7.151377585734621,7.131453472773703,6.901016407216431,6.833630732425703,7.092502209164643,6.971436746528968,7.211772570730132,6.833630732425703,6.935814412050829,8.842130676205542,13.835509232257536,14.89501240997274,15.906270309129326,15.089203938249476,10.41290996303452,10.89649786424823,10.463865374572034,10.16959296321688,10.586945210542066,10.808413873624431,10.453279579693522,7.152357840535993,1.755892114049063,6.833630732425703,6.833630732425703,6.833630732425703,6.833630732425703,6.833630732425703,6.833630732425703,6.833630732425703,6.833630732425703,6.833630732425703,6.833630732425703,9.08862754098242,13.678344003219259,15.602885901174421,16.096033489227086,16.75545710280246,10.702500651359736,11.464311381596833,12.408914632552127,12.596322468182588,12.971174967275696,12.493995108862173,11.491943973791962,7.634654014504153,2.1164444850683926,7.120849461143471,6.855625081053086,7.032808231724818,6.894785086860962,6.884518970591026,6.85293583090731,6.833630732425703,6.9246798750380645,6.833630732425703,6.967561230988701,8.620736275643159,14.355685175548903,17.888877013298032,18.780839743252173,12.923835194330433,13.455369300126051,13.730411008431384,13.126959971003306,13.292142985681172,12.679039416062627,12.284330986647914,10.928937455629317,7.2443316686348,2.1387423908884426,6.926005881595792,6.833630732425703,6.833630732425703,6.944980041085404,6.934987115720607,7.082381460532304,7.072922845632791,7.020400730462626,7.027854274498734,7.100700647256458,9.094410533630803,15.03473638688634,18.471815766595338,19.71387376668292,13.359223406579147,13.638101637861558,13.541556358171169,13.266032082487362,13.172680416927829,12.991438324518246,12.138578038490342,11.055495290114024,7.277757425135654,1.7826776101944133,6.833630732425703,6.833630732425703,6.833630732425703,6.833630732425703,6.833630732425703,6.833630732425703,6.833630732425703,6.833630732425703,7.144399018434165,6.833630732425703,9.208825605870604,14.174002021832532,17.919106934748015,19.620482399615497,13.434491256517397,13.730411008431384,13.722207848816396,14.015907749717853,13.817798243592689,12.805250852149419,12.59648123705912,11.55557693299361,7.48719894595078,2.2881271263903393,7.001717459697509,6.920183247878043,6.833630732425703,6.833630732425703,6.833630732425703
7.2186777455046975,7.180088441713487,7.431729231021918,7.179409691052664,7.165261593951147,9.54063206308096,15.15974976106461,18.534126059081853,19.536678100611695,13.604177043851331,13.701074072907259,13.604177043851331,13.604177043851331,13.604177043851331,13.604177043851331,12.859423135283047,11.143791496058554,7.384986944676384,2.038781498109979,7.365385091540249,7.431926931785591,7.235879536406548,7.094102901137276,7.082627235891693,7.246771829826796,7.082627235891693,7.082627235891693,7.082627235891693,7.082627235891693,8.715956851914799,14.30978709677148,18.63915346216397,19.501947367202998,13.33613068423505,13.290988221052244,13.345375848109214,13.604177043851331,13.49560612951671,13.07821647463334,12.791671878667621,11.11978562634911,7.345942088075447,1.6994262367839896,7.082627235891693,7.082627235891693,7.239708119895824,7.3244273822661565,7.236934075624827,7.478068698690254,7.599983578360896,8.119295744432165,7.377559424493597,7.548254801051511,9.678719939625624,14.769502947913951,15.936165511373062,16.85457470388926,17.374177849019155,10.846513606393692,11.357018434035103,10.834779732851613,10.236804248508655,10.574259358036308,10.892563836107946,10.894320195161123,7.566130123639453,2.445404279567245,7.325116370187749,7.082627235891693,7.082627235891693,7.129422210984765,7.082627235891693,7.082627235891693,7.082627235891693,7.082627235891693,7.082627235891693,7.082627235891693,8.644236630143865,13.37421133561202,15.278797954322243,15.794779412398295,16.476087158515206,10.164010299706389,10.804560657505327,11.835382722656979,12.32448863451956,12.087570445223948,11.773334752181817,10.593152551839912,7.058866591678081,1.8671670993402114,7.082627235891693,7.3676283693160025,7.082627235891693,7.088800354815225,7.358136908197391,7.133552134833127,7.082627235891693,7.259554722321335,7.113625762860829,7.194643292552311,8.776162486577418,14.142693107465071,18.007570828298107,19.148104658784835,13.253942716456882,13.783524664770987,13.604177043851331,13.39410676833263,12.954105714317672,12.367635951969627,11.761968791703287,10.65874497864427,6.63901078232947,1.9396853509241856,7.275769048334752,7.6040782292711615,7.415167116879635,7.271051926358141,7.276313371598588,7.082627235891693,7.082627235891693,7.082627235891693,7.130222896543664,7.082627235891693,8.668814570148195,14.681682251646032,18.460889709126857,20.0,13.19798280832014,13.604177043851331,13.749444389245566,13.585225340191506,13.57366729730885,13.191346056369248,12.739749613256873,11.240294908111407,7.704603037417971,2.360005277697592,7.416791192417358,7.276916356393815,7.19577304016159,7.27426444973893,7.082627235891693,7.082627235891693,7.082627235891693,7.082627235891693,7.336411565702638,7.082627235891693,9.243129967269343,14.112598398855162,18.05643884869701,19.457968905809263,12.664988441871385,13.009107661541702,12.955071951184511,13.111030331416712,12.87732323830199,12.236864542455418,11.369727233087835,10.795252127327203,7.138927241564667,1.7258241793069076,7.082627235891693,7.082627235891693,7.082627235891693,7.213764164412378,7.404745027941664
7.0054834184863015,6.961499399241725,6.961499399241725,6.961499399241725,6.961499399241725,9.002530450050024,14.670726910632467,18.037901383591315,19.48967232776047,13.418804410663006,13.605540115441695,13.555309636860532,13.52190793346371,13.402940532302356,12.955474064237114,12.521355876084979,11.146155758408227,7.4165593582297396,2.069971163914303,7.0627206329391985,7.282684049969982,7.205469696819414,7.080271705648435,7.088646675649081,7.315384358828626,7.268596425479274,7.4321667289617785,7.646309542093979,6.961499399241725,9.360922284849442,14.880552754884455,18.97516942812244,19.590778660570944,13.331947601269505,13.534668571602994,13.42202425489665,13.52190793346371,13.5901349212679,13.383872585246046,13.057911808864676,11.516965717228937,7.931724792699385,2.12487629222907,6.961499399241725,6.961499399241725,7.034459951294761,6.961499399241725,6.961499399241725,6.961499399241725,6.961499399241725,7.384095290745823,6.961499399241725,7.146597625598638,9.21077981987873,14.230066040742166,15.304605031502494,16.083263307293798,16.629075665991735,10.515142996218062,10.762831163832512,10.311423200432015,9.99192966404563,10.166712570603645,10.430736573888318,10.154029849987724,7.165328521957053,2.342439500865292,7.106098261619247,7.093903303076454,7.0346893500844985,6.989801034161537,6.961499399241725,6.961499399241725,6.961499399241725,7.036223208922334,6.961499399241725,6.961499399241725,8.860478297073632,13.684136816608966,15.645360461675718,16.05637539152945,16.598350534108143,10.33505924502223,11.15835194142626,12.02082541739293,12.3241379680762,12.461326135236046,11.934021801921688,10.629738260929333,7.073498886800956,1.6790538650518434,6.961499399241725,6.961499399241725,6.961499399241725,6.961499399241725,6.961499399241725,6.961499399241725,6.961499399241725,6.961499399241725,6.961499399241725,6.961499399241725,8.412799657795748,14.175151375696037,17.635495003489662,18.9192561680812,13.004358148386334,13.621667132599327,13.52190793346371,13.396468467154861,13.298326245075884,12.704733228115064,12.026555151761048,10.62220648511872,7.08371413601999,2.3178856612427707,7.241833182970217,7.362673453477737,7.150543546721889,7.241724377220144,7.004450670575192,7.101477593726446,7.2171949268346935,7.148882294485009,7.293194433561877,7.171245402237292,9.030536244150309,14.814747037240274,18.338107731602133,19.883410027658766,12.99557062328852,13.536986834844296,13.601237107794814,13.266565180158919,13.186478343264431,12.885835966284803,12.057291253685888,10.85476568293355,7.193482614264845,2.247898018602328,7.109153587528938,6.961499399241725,6.961499399241725,6.961499399241725,6.961499399241725,6.961499399241725,6.961499399241725,6.961499399241725,7.265363282765066,6.961499399241725,9.115526228961537,13.964544547949082,17.627306363336015,19.177489287556426,12.524154369482714,12.901105845846907,13.020157067734246,13.247376760801323,12.927803553040757,12.183523058461425,12.253938048713772,10.880578231179227,7.3061266460311245,1.9053555192625773,6.961499399241725,6.961499399241725,6.961499399241725,6.961499399241725,6.961499399241725
6.638074713644032,6.599623784213765,6.599623784213765,6.599623784213765,6.599623784213765,8.76569492999512,14.346758141630346,17.754113445535477,19.2815554351777,13.635544747997788,13.700535116413144,13.665788998404077,13.822182596586856,13.438352320168887,12.962191162130262,12.29712290973988,11.108188491708987,7.313096990317021,1.7661396008793022,6.599623784213765,6.684913567778047,6.606728343150582,6.599623784213765,6.599623784213765,6.687751898993235,6.832893597786702,6.904059281559415,6.969504419316879,6.599623784213765,8.811378047303366,14.277712462642919,18.513258329362188,19.34014073371121,13.470813635921578,13.486360321658337,13.739098665726418,13.665788998404077,13.677778098461054,13.500065032851074,13.291037167707886,12.009269194485283,7.985048146503304,2.609122072644076,6.993968906975878,6.989176381689946,7.07257367292927,6.757877562168042,6.599623784213765,6.669084626350437,6.599623784213765,6.890959420566088,6.599623784213765,6.623623625145217,8.581265764571093,13.777249806208655,14.729491423471393,15.642670744748465,16.16923955237008,10.210190107689769,10.495341372294256,10.1955489355112,10.043798641829698,10.381042190640127,10.582490448822613,10.469071643717179,7.683911413545896,1.877877906233415,6.599623784213765,6.599623784213765,6.599623784213765,6.599623784213765,6.657176851231141,6.620261134545035,6.797646882778689,6.979811818132108,6.843894632151712,6.9293758845822495,8.930577063808588,13.604655157808057,15.503583198851548,15.94729816914165,16.48591571898989,10.48282313518827,11.145881555058127,12.21272632512759,12.485822731971249,12.618120234925957,12.05890041106893,10.814482496622048,6.963740483859841,1.4926634491295132,6.599623784213765,6.599623784213765,6.599623784213765,6.599623784213765,6.599623784213765,6.599623784213765,6.599623784213765,6.634386710698507,6.599623784213765,6.599623784213765,8.065616435046543,13.625689140401224,17.584310241132357,18.859066679982483,13.25042995120708,13.760078650203916,13.665788998404077,13.362503751348513,13.587839348838761,12.998254305271253,12.201111735118841,10.938324213134452,7.392879180343464,1.9284650536598917,6.818246916790106,6.807133526193289,6.599623784213765,6.785972831021525,6.599623784213765,6.756494771063224,6.894268354865472,6.776796070879696,6.814640164658338,6.631883259090399,8.246777342487096,14.043070701588805,17.81759171287343,19.697262939084897,13.072316763826944,13.326323617086528,13.513931660227064,13.399676111212885,13.177400335075898,12.873843317112932,11.896900542964554,10.724851649060309,7.353810368001808,2.0602672613793707,6.70084778908213,6.748181275363057,6.599623784213765,6.6536895316865134,6.7911545558508015,6.915133370384164,6.907164223370875,6.6727709492979335,7.3361632254729505,6.854618925023247,8.883143897644619,13.792401148431304,17.60676071660898,19.22271111149356,12.99590678802564,13.490113537068998,13.338316650177395,13.435182914487603,13.084999221673653,12.471192698227846,12.472720673186316,11.15376665672465,7.523704378910117,1.968205050668581,6.599623784213765,6.599623784213765,6.599623784213765,6.599623784213765,6.599623784213765
6.994729953117418,6.934883126172367,6.863402177062971,6.950634998984941,7.0157222305926865,9.103224280250652,14.560988185904765,18.088766465605207,19.41755678980442,13.072269509736138,13.218831260840588,13.269556039571006,13.522728412815448,12.968360673202298,12.606993545445807,11.967996362285398,10.75310296991821,7.470353913366151,1.973046812463393,6.863402177062971,7.117847977280287,6.863402177062971,6.863402177062971,6.958048322785402,6.9199838892958105,7.038327352601452,7.0535572238597775,7.114281534415598,6.863402177062971,9.127121932211544,14.339483990104348,18.55003869968605,19.35012260514341,13.256894145440542,13.419255457902276,13.43452616454723,13.49675385952711,13.447574399943178,13.40208949859095,12.979747990493289,11.411921432111967,7.732434471911374,2.543418026082679,7.317978012894493,7.164586703967843,7.310719035234976,7.083356348862429,6.989660225930283,7.4062615007087125,7.168838962694112,7.389188092291429,6.8652153058780305,6.977322052917244,8.883849770637779,13.90322134142951,14.969917590815415,15.924682279288325,16.6226334246015,10.412753948858704,10.645143830813822,10.227671636110273,9.819429949619574,10.237387623992165,10.393759905356166,10.278781889880545,6.880196900227085,1.5264762202903621,6.863402177062971,6.863402177062971,6.863402177062971,6.863402177062971,6.863402177062971,6.863402177062971,6.863402177062971,6.863402177062971,6.863402177062971,6.863402177062971,8.585701519376041,12.954210893506236,15.254028308534055,16.058925449052083,16.63500115432442,10.479776944579474,11.083592257095304,12.207697872920525,12.590398553286569,12.92608460252561,12.434078509797603,10.913259859833762,7.333154781721028,2.0553243108551915,7.254825242900691,7.049744558572907,6.863402177062971,6.936194492265031,7.011119248941149,6.923184380015223,6.890595251887738,7.12215150938379,6.933828302302285,7.026760509524187,8.372800630573744,13.636642662092562,17.401293023658077,18.57069914047271,12.746453572127951,13.379819600124089,13.388088265050966,13.050825966425874,12.986803473849468,12.919404166766988,12.01779389167981,10.938915872656557,7.187813518260338,1.8103112089730538,7.020356822894966,6.863402177062971,6.863402177062971,6.92891788077182,6.863402177062971,6.993662004064302,7.06978260518394,6.902104384236549,7.007051444123014,6.863402177062971,8.207412503585173,14.202761663630737,17.771133028495647,19.241086048635985,12.717170846688553,13.039089047026469,13.447574399943178,13.367010077894848,13.447574399943178,12.81972852774993,12.18052573827327,10.962251459064131,7.508402225589497,2.2195399882875595,7.347994254474506,7.26072997219015,6.9564254089320965,6.863402177062971,6.97816376789944,7.046019260916612,6.991084358385579,6.863402177062971,7.3457153319501,6.863402177062971,9.005525226973763,13.911798598446037,17.678603493873847,18.985343510576126,12.281046605710207,12.974530780333435,12.859437953961777,12.914088410732251,13.096840202310515,12.07722513741578,12.147145692627696,11.1743303707549,7.529404350836436,2.058404399097119,6.863402177062971,6.863402177062971,6.863402177062971,6.863402177062971,6.863402177062971
6.513076706682115,6.631849113421262,6.513076706682115,6.513076706682115,6.541760785706,8.6683796480012,14.02566470930878,17.34300474694842,18.66629762238931,12.930695725388693,13.013838113810372,13.191049194368025,13.44034354292241,13.34561225918859,12.90562737701145,12.05592399891117,10.684379393444921,7.377516869846056,1.9068935612848796,6.513076706682115,6.513076706682115,6.513076706682115,6.513076706682115,6.513076706682115,6.513076706682115,6.513076706682115,6.513076706682115,6.513076706682115,6.513076706682115,8.432946752930313,13.629313556324226,17.757903493861036,19.16681424872548,13.020744440596237,13.041428865211246,13.105569163427162,13.143095878011636,13.161550821064797,12.99397324330139,12.917755899377223,11.372654907983389,7.2490371485480365,1.9834475899711685,7.028007447371236,6.909532481195461,6.513076706682115,6.513076706682115,6.513076706682115,6.768068302736322,6.521075457016332,7.105478961159029,6.708560300419403,6.97542812257485,8.953845842944816,13.579309789557078,14.492569045192823,15.642994809287726,16.37038033279215,10.579379114385462,10.819981540824163,10.298665642868881,10.187729162071998,10.60179424219499,11.03445549492515,10.98036777914852,7.932616320053915,2.1000896954514743,6.780015699603907,6.755344456414301,6.572958242513015,6.5626510882117985,6.934588709511417,6.939321640812947,6.862073533919087,6.84753259798179,6.769792473567026,6.875645753857439,8.921942856317862,13.194513916169214,14.860597347206815,15.18461609835961,15.810841694495556,9.960704051393213,10.533480753588286,11.878582603881501,11.841116663149606,12.17705491359146,11.809966670262279,10.868478520886512,7.284365967625607,1.6858501451958283,6.6390032571169,6.513076706682115,6.513076706682115,6.513076706682115,6.513076706682115,6.624898486977022,6.513076706682115,6.840336565493539,6.70645280193256,6.76871993966121,8.378147975068266,13.180560628761373,16.9225891355507,18.224680857481623,12.724989072391878,13.391749849274438,13.389337854598258,13.005153631100942,13.371321889827287,12.483941070056096,12.045411797231795,11.029102360037784,7.465063316461471,1.6799954323692676,6.808720321213138,6.513076706682115,6.513076706682115,6.513076706682115,6.513076706682115,6.537994310216764,6.639382064399736,6.575371016876956,6.513076706682115,6.513076706682115,7.946046696417238,13.824735120494516,17.408985321119545,19.431425249395957,13.030498135496577,13.03283975412359,13.29594316007097,13.107999115260078,13.159517908494713,12.715059032240644,12.407567696766039,11.067518374833853,7.296439480216447,1.8879345925672186,6.513076706682115,7.160526811590101,6.669619343690711,6.966622837190544,7.0277649544566865,7.077889817001998,7.004063080208836,6.716061006068312,7.464507400831184,6.95874272154236,9.12434086328659,14.05751063877937,17.877208400575338,19.344159945035116,13.16717560524129,13.523959139685989,13.482538544687019,13.565412884621008,13.324803634106432,12.9070702632427,11.759702529992847,11.819308775089564,7.534496602989338,2.389153906639217,6.812015171087707,6.567274978063973,6.513076706682115,6.513076706682115,6.513076706682115
6.869712849977961,7.121924939131087,7.30702494968985,7.185129004705463,7.104836781615914,8.957509198737428,14.638541449761284,18.21895778512612,19.444294763078364,13.21488194279596,13.465750042669432,13.465750042669432,13.619143098286283,13.130581830504887,12.88784107338793,12.421948369679688,10.821121896581786,6.919124084537544,1.7640218468475333,6.769408369675555,6.769408369675555,6.868481578819812,6.971322492757152,6.929676031280861,7.058432281054253,6.856268191617755,6.890671447805952,7.144412881583175,6.769408369675555,9.489740792144065,15.124311907644454,18.629342042297694,19.566800449392037,13.553461353552855,13.627400809695233,13.465750042669432,13.504332820906937,13.422183761331928,12.902322881800716,12.361575965683075,10.82692719944967,7.359411601543156,1.5257318251376295,6.769408369675555,6.769408369675555,6.769408369675555,6.769408369675555,6.769408369675555,6.769408369675555,6.769408369675555,6.856667445524771,6.769408369675555,7.0033893686564594,8.6500920175306,13.529976231927515,14.768224977895173,15.597862457027926,16.17292051563679,10.066807174082259,10.55749047662399,10.22315970142898,9.811542836684353,9.976771530353494,10.417970304943951,9.70203267194541,6.94236157490754,2.0909820294865225,6.769408369675555,6.769408369675555,6.769408369675555,6.84031473989184,6.883266865483196,6.769408369675555,6.769408369675555,6.769408369675555,6.769408369675555,6.769408369675555,8.705883424405915,13.396849458640016,15.211371431785903,15.796063353233642,16.709342795234168,10.8982216472541,11.45189231227638,12.414062579570045,12.5931852713201,12.531479647171857,12.268227101442864,11.078636693165873,7.723352982824655,2.485481196101565,6.917040615793878,7.008583883209218,6.769408369675555,6.769408369675555,6.9589717569940435,6.769408369675555,6.769408369675555,6.769408369675555,6.769408369675555,6.960527236972527,8.688542992999752,14.383304682435345,17.81016592851043,19.197934986754504,13.362083482287115,13.500045522751252,13.465750042669432,13.548129188863436,13.13071586825329,12.596865187134274,11.884054046364856,10.741397838357605,7.295856934813381,2.2591502665156007,6.820667374363822,7.278909879832368,7.393801098366953,7.0500119313784175,7.0408702760198345,6.832078090154123,6.857921290405518,6.769408369675555,6.769408369675555,6.769408369675555,8.819884535976547,14.299787928482246,17.740927003936715,19.349761229876215,12.409545514753923,12.86577445783281,13.251675468972207,13.105186091599213,13.332100762949535,12.697609403552885,11.935974812272038,11.044023737079165,7.142088469441176,1.829855948749127,6.9611056259093145,6.769408369675555,6.769408369675555,6.769408369675555,6.769408369675555,6.769408369675555,6.769408369675555,6.769408369675555,7.0391504593408385,6.769408369675555,9.229802269547765,14.07352177510025,17.60564117949229,18.952982205478257,12.454355771458502,12.798335085852822,13.068739060730824,13.304690301764868,12.927316394224748,11.971279713104629,11.553676951524926,10.663708569953469,6.749963630324341,1.9153940210121791,6.769408369675555,7.011422503743998,7.142077755389987,7.005593667586237,6.979881996891847
6.712029187763249,6.919438392397675,7.123610338138651,7.01054873489026,6.945419051602531,8.599653243112455,14.397533703274842,18.090837095597955,19.36416183821057,13.376877964830557,13.63022613525831,13.63022613525831,13.63022613525831,13.414657925238433,12.894926458137508,12.472544784091907,10.94387127123572,7.348670370386596,1.995559077173032,6.731335091859483,6.611010004802916,6.723568514001957,6.8373246896666835,6.884419228166419,6.732850264087238,6.6405695729124306,6.611010004802916,6.967330275049303,6.740341023729578,9.314478393857472,14.685838075012857,18.436030700620883,19.503166759605097,13.7173590460412,13.667373293191382,13.63022613525831,13.808744599328518,13.649921873072762,13.11226146260711,12.621232733768906,11.14451160175722,7.682768472713229,1.7462047141340193,6.611010004802916,6.611010004802916,6.611010004802916,6.611010004802916,6.611010004802916,6.611010004802916,6.611010004802916,6.611010004802916,6.611010004802916,6.611010004802916,8.139130252601325,13.425112415997042,14.726022229827466,15.581228493686433,13.302354590978112,10.427982948901695,10.777955443960153,10.385679385256198,9.873097026818876,10.323431280052718,10.801032292246113,9.792818896341013,7.179195572394162,2.118141070474256,6.611010004802916,6.611010004802916,6.611010004802916,6.619209249636069,6.698248279984108,6.611010004802916,6.611010004802916,6.611010004802916,6.611010004802916,6.611010004802916,8.487575994046612,13.093247858242037,15.132605089030497,15.662172812489635,16.620222305285395,11.024415262080245,11.463869443128782,12.651389863376442,12.772926223304834,12.96138284864575,12.385631982813173,11.196304651353309,7.704227504823153,2.384610142820836,6.732453191472592,6.719153036061159,6.611010004802916,6.65613974473184,6.833708028397704,6.729283922378504,6.611010004802916,6.648390380124489,6.614037810430967,6.922695149486013,8.657379883246564,14.514707293029536,18.10742762217329,19.31580469003874,13.764073139845927,13.734198834386769,13.662183653617575,13.616068820920043,13.23987146117561,12.778839080323033,12.146843276993254,11.049667558081094,7.007102596943316,2.211962157547792,6.670642644263879,6.914785026323933,7.116333652427686,6.7574433271441725,6.844058929502679,6.611010004802916,6.611010004802916,6.611010004802916,6.611010004802916,6.611010004802916,8.728418103515676,14.260008872605788,17.584022140723548,19.24795422152762,12.449075859279604,12.987578630546171,13.390122926133024,13.416465799851508,13.63022613525831,13.225843938731904,12.3662573249381,11.785045990079654,7.847437684151634,1.9201696399867907,6.973936100992402,6.611010004802916,6.611010004802916,6.611010004802916,6.611010004802916,6.611010004802916,6.611010004802916,6.611010004802916,6.611010004802916,6.611010004802916,8.92332713727112,13.711065630401478,17.23238356986535,18.582416648441747,12.209631029003658,12.400186572872286,12.752161085759445,13.098346875176464,12.887606510806634,12.261982381382433,11.814919006016407,10.794047924320227,7.054966118900445,2.1595093026940866,6.735095450762663,7.032193813054465,7.196583246484905,7.141538979114723,7.073623872056489
7.103500187716057,7.103500187716057,7.103500187716057,7.103500187716057,7.103500187716057,8.619201612393367,14.413453442817175,18.146593996177742,19.695371412276742,13.458798130331978,13.979447092929489,13.772323160773096,13.861693135320381,13.566835225334282,13.364171166733737,12.986177192253791,11.717485672000867,8.009839026535062,2.4490002103873456,7.335146693746738,7.297932624810683,7.296676194580079,7.247271176385811,7.451433059485201,7.587591996719875,7.569063229405132,7.471831362557753,7.7636155683923995,7.290382807434556,9.64010009493594,15.292866152864658,19.28815195430956,19.97242385695632,13.617718121355894,13.71121660031844,13.772323160773096,13.781356730451824,13.932980889412008,13.767331861324175,13.103109499296648,11.470335702464409,8.105160649898922,2.573485076682035,7.103500187716057,7.103500187716057,7.131145244202459,7.103500187716057,7.103500187716057,7.118640713272091,7.103500187716057,7.124020239693718,7.103500187716057,7.103500187716057,8.926528787278222,14.357470905392894,15.426759780614589,16.32692223916235,13.152641837582763,10.32134454527139,10.638705615382637,10.395728246453322,10.034605300072355,10.54149621607089,10.638617779678656,9.967809268044684,6.946626201397153,2.0134884258957224,7.103500187716057,7.10409918412025,7.103500187716057,7.103500187716057,7.103500187716057,7.103500187716057,7.103500187716057,7.149704897670121,7.103500187716057,7.103500187716057,8.787913990439307,13.682336953289235,15.730901166829469,16.296923473122305,17.175519393212205,10.698290237564573,11.674132255238279,12.781904744251959,12.691073333269712,12.74273848643414,12.442763379226914,11.243825045907375,7.442886436368266,2.0525129209708397,7.103500187716057,7.2281091916303355,7.117358527478755,7.109108743683579,7.138183593042962,7.214540063236411,7.103500187716057,7.103500187716057,7.103500187716057,7.103500187716057,8.902542457265126,15.178925185123735,18.484910038396702,19.420814240414895,13.152815477911215,13.772323160773096,13.772323160773096,13.50914851107388,13.340029883690654,13.088740563198659,12.409803765783614,11.065701241056443,7.406377421123541,2.4137040073686475,7.104804024599978,7.265415559883834,7.161108609170221,7.1321144126885585,7.103500187716057,7.103500187716057,7.103500187716057,7.176678565124808,7.178928021085875,7.103500187716057,9.005682096099664,14.66563221163016,18.361319456634305,19.89673105779418,13.201126844845222,13.3219985363008,13.840954002687294,13.763008471678953,13.709229214904067,12.977817203381422,12.692678804349766,11.574158255404312,7.804420656637701,2.734415763318443,7.462240493793907,7.103500187716057,7.103500187716057,7.103500187716057,7.103500187716057,7.103500187716057,7.103500187716057,7.103500187716057,7.111718161852082,7.103500187716057,8.987346598117218,14.027018210916317,17.751160119538188,19.359813575341676,12.81922049079641,12.830655458963768,13.241777021608467,13.258049646796609,12.834902766743191,12.084124213834361,12.114003950182097,11.172707240437772,7.375551749875252,2.0233446948700746,7.230235410815139,7.163803349053516,7.3702853876467325,7.414117045722153,7.2257657945629665
6.367060395369932,6.367060395369932,6.367060395369932,6.367060395369932,6.367060395369932,7.815309188016463,13.62228882770166,17.229188877249545,18.879686429000042,13.532556648708796,13.686977575117787,13.783284959271995,13.686977575117787,13.686977575117787,13.858931820358238,13.275745339070815,11.899731256204836,8.066416767040385,2.849231945897706,7.0382689209812055,7.043449298202432,6.924835077961001,6.759682255713954,6.9436239900170085,7.202738351536363,6.944592761347749,6.97364238945932,6.9830155070240645,6.552165088667577,8.773829388439466,14.691287812658317,18.529412979716355,19.168412102050933,13.521069770960795,13.624298186295405,13.686977575117787,13.695776794133172,14.777209970024055,13.686977575117787,13.340161517749623,11.638932592973818,8.019548088754698,2.2743275923196147,6.367060395369932,6.367060395369932,6.367060395369932,6.367060395369932,6.367060395369932,6.367060395369932,6.367060395369932,6.450558235498902,6.367060395369932,6.367060395369932,8.545593389376334,13.97546328822923,15.331793731327952,16.02802990340131,16.469061929986015,10.672457331950625,11.004903757133798,10.870543760843395,10.163639865474314,10.4417078301759,10.65927416766104,10.103207298007103,7.266880069682071,2.5930259888771316,6.950100889206555,7.054899257548427,6.6163804277475275,6.510056907403281,6.401734199948137,6.367060395369932,6.367060395369932,6.50609667217914,6.367060395369932,6.367060395369932,7.750300042806899,12.63096531618825,14.596982104623777,15.147028847321558,16.066331246733498,10.362959485943462,10.99625701411525,12.125612892445439,12.170939802442499,12.257437388482742,11.884282172222527,10.73715263903167,7.315304363435553,1.8201265386804901,6.367060395369932,6.367060395369932,6.367060395369932,6.367060395369932,6.420721047283404,6.367060395369932,6.367060395369932,6.367060395369932,6.367060395369932,6.367060395369932,8.201275742282187,14.468042107683726,17.692767373954407,18.534961286091406,13.02033469664698,13.685032690189376,13.686977575117787,13.371463233277376,13.125095753750452,12.782345840834873,11.890993004194467,10.70329348754705,6.724355611811974,2.041412487997717,6.367060395369932,6.371028992620295,6.367060395369932,6.459809389851904,6.367060395369932,6.371583129821479,6.631009690649155,6.898467110868852,7.0557923627394405,6.6887728851964585,8.951407824738496,14.363682388802822,17.800415612611495,19.66785186204567,13.252637358172588,13.506043284646498,13.686977575117787,13.349467433176795,13.344322356458116,13.013986210294096,12.279615929449083,11.104734928935171,7.395472257110722,2.8218942701382446,6.734756840121244,6.547328905702569,6.367060395369932,6.367060395369932,6.367060395369932,6.367060395369932,6.367060395369932,6.367060395369932,6.395342552635696,6.367060395369932,8.380378922679872,13.499098641573454,16.945096990437477,18.682054630106528,12.884613020975216,12.842065250198143,13.383001286156142,13.48324428651121,12.900338517785688,12.16617858025464,12.035818403536359,10.92996843325999,7.314284438187967,2.056623502193882,6.367060395369932,6.367060395369932,6.367060395369932,6.440270291870149,6.367060395369932
6.958967757868893,6.935192604617473,6.935192604617473,6.935192604617473,6.935192604617473,8.627186927855153,14.276990093594026,17.89902728430637,19.294980768293634,13.246175957638535,13.531649226563426,13.531649226563426,13.531649226563426,13.630194670161869,13.278705735984238,12.569895022595363,11.372794117684874,7.6197297338573495,2.1107605570858152,6.935192604617473,6.935192604617473,6.935192604617473,7.209378331266355,7.349283505437413,7.406428167708376,7.275765845106024,7.1402342340850815,7.403425334830826,6.978048240591696,9.389213955493123,14.533838895135117,18.505871635089562,19.61471068060901,13.448010574025925,13.603070912616893,13.531649226563426,13.507614062031266,13.211606492933099,12.743014659829322,12.59648042043334,10.82460816621435,7.404218565392613,2.006992918295328,6.935192604617473,6.935192604617473,6.935192604617473,6.935192604617473,6.935192604617473,6.935192604617473,6.935192604617473,7.073607124739914,6.935192604617473,6.935192604617473,8.821703393431553,14.056749751212337,15.287870399457704,16.330844102364978,17.06921322883354,10.775260116207575,10.987614974691118,10.597658948041436,10.25545819345975,10.772306839621097,11.07862038957802,10.553825421637768,7.807547539102458,2.2555842499035843,7.255752941161846,7.022714075304069,6.956184659224135,6.942164365020769,7.241800195449406,7.026915288983682,6.935192604617473,7.006224682120103,6.935192604617473,6.957566681184734,8.840242530449846,13.173629652897988,15.165141042202649,15.664148965700125,16.35572695004893,9.992095364818903,10.854281168268717,12.001722951692486,12.113512414881782,12.422824818682049,12.225674289466928,11.290890358138256,7.634345768790211,2.261014227211277,7.161999567684871,6.935192604617473,6.935192604617473,6.935192604617473,7.011506470017231,7.017028458331716,6.935192604617473,7.0881579266436505,6.935192604617473,7.1444032362082,8.982002818064586,14.459414572745686,18.21265956532926,19.191334363818136,13.12618890569221,13.531649226563426,13.531649226563426,13.352099288565881,13.309559717009094,13.000130086061196,12.160093854223742,10.916720647827269,7.125481008187111,1.8297055325053537,6.935192604617473,6.939476136719236,6.945674870176012,6.939260233594883,6.935192604617473,6.935192604617473,6.9822123026013,6.935192604617473,6.935192604617473,6.935192604617473,8.496231172591848,14.105033815800184,17.706487065773423,19.454632332325644,12.755437243760465,12.853540612942378,13.281523358251922,13.123536165553073,13.150380673755112,12.736490168219902,12.376358264338657,11.437909013563084,7.612718259642776,2.1510317630400837,7.269257800051998,6.935192604617473,6.935192604617473,7.032204839916334,6.944760797947694,7.005877261075733,7.189869218082107,6.935192604617473,7.564461743745444,7.034762306437673,9.342205045104116,14.147663164329806,17.97627856145034,19.534707654350964,13.188722649756972,13.121743206802906,13.194320197532809,13.2577354582045,13.078870368286728,12.551543289387958,12.169378041436149,10.837176621546721,7.176118583181158,2.194629321631327,7.355456026046963,7.35069249638506,7.283043287635417,7.079015540852866,6.935192604617473
7.207607947126498,7.445415864954653,7.540904222083428,7.461289010650556,7.477113513386905,9.598500634128367,15.30360905336666,18.855647052845292,19.643102247574525,13.744960602644715,13.907370172220181,13.905745504558938,14.089992677513065,13.363977108816439,13.05998254456835,12.523705847614885,10.892245883981438,7.120297364007922,1.9311992616362794,7.048732011771105,7.048732011771105,7.048732011771105,7.048732011771105,7.097995104304664,7.048732011771105,7.048732011771105,7.048732011771105,7.115915398536894,7.048732011771105,9.253592316011197,15.111418492646656,18.702558179194412,19.955809686727264,13.59062653300305,13.769484448373612,13.841514004655988,14.085595026995321,13.58704470761483,13.282543059328406,12.780150743521224,11.03393927544327,7.580166556744931,2.1273595414854736,7.170304236457976,7.390647311492014,7.189005045569423,7.048732011771105,7.048732011771105,7.155907992547861,7.048732011771105,7.3557716563689715,7.048732011771105,7.048732011771105,8.794127186196992,13.847167356296305,14.925416932633478,16.023308525677535,11.304363180377846,10.296638338551482,10.959932437995183,10.558464105006458,10.064126302873808,10.413345534792121,11.002371472291724,11.163716953445103,8.06164959325211,2.163373247915745,7.048732011771105,7.048732011771105,7.048732011771105,7.211744619003111,7.4049365305305255,7.409906400875135,7.172097446988204,7.411930600709566,7.305970175892246,7.356884642509541,9.593584949657764,14.309196524370396,16.025502483742482,16.50718941661686,17.258966926339752,10.862613774128798,11.444812928304183,12.827858822658753,12.702881265135,12.680930909474247,12.361217159275341,11.315823217983786,7.5162023761262455,1.9768104185604436,7.048732011771105,7.048732011771105,7.059946001149445,7.048732011771105,7.048732011771105,7.048732011771105,7.048732011771105,7.060533809096247,7.048732011771105,7.120348383223564,9.152659884435844,14.881858535131705,18.891435838370935,19.523927250464006,13.793113739070906,13.920969664785934,14.110501871733431,13.905745504558938,13.617330777767148,13.24105331812008,12.591870559188013,11.143708952876937,7.395847556184659,2.2340528141050386,7.385517939898774,7.364478797931885,7.281913046512584,7.048732011771105,7.048732011771105,7.048732011771105,7.048732011771105,7.048732011771105,7.048732011771105,7.048732011771105,8.230935995922692,14.025221102223808,17.714140700702025,17.50220904358195,13.048789794394924,13.219813259889152,13.455841539557051,13.492338213839075,13.844057122853828,13.15788967815958,12.70735373346353,11.422310959785495,7.601662448123252,2.289961264966113,7.550975335025499,7.2386134046902235,7.523428189854526,7.7081134889952025,7.433352670000221,7.343026682936715,7.525981763920769,7.151675640643245,7.821641701539007,7.469588981114336,9.626219350632716,14.47115157460637,18.380773242484654,19.58064320026284,13.374314869107625,13.763791937374325,13.836520684104585,13.83168057719322,13.331528576785976,12.705082682823138,12.32704804302397,11.077590997153878,7.426624303773489,1.8337703664192697,7.048732011771105,7.048732011771105,7.048732011771105,7.048732011771105,7.252889776599907
7.001752980098172,6.9972391985048965,6.92492171922245,7.066404953334078,7.259230495286883,9.293885943709075,14.69000189755066,18.40076199466438,19.784369653036453,13.592490008944395,13.735088836126716,13.549581274742444,13.650342709605608,13.243486046160863,12.776740159964934,11.953677481664807,10.766185829491198,7.461188423974655,2.199732986480453,6.943757161698352,7.247186065796601,7.163548892448903,7.184623529403178,7.287006748308648,7.03860881738001,7.019520439596494,7.112573223845339,7.516965878377665,7.145343703330973,9.32927715639705,14.932246188060148,18.782014729857345,19.77875963601762,13.538484892071441,13.455961468041664,13.650342709605608,13.777014565675426,13.62611811545862,13.21960961069343,13.040014185563674,11.310473673217862,7.840060495846112,2.579754174336883,7.344567481366302,7.040055440546671,6.957194820291565,7.083055663276612,6.92492171922245,7.147288721943937,6.92492171922245,7.486343976016531,7.056003637164984,7.146259742058624,9.475723546712604,14.812596295122656,15.883991611039203,16.616872224214063,16.96364223323202,11.044492721142472,11.23040983402094,10.80187904541495,10.202907082767986,10.438192152619926,10.808048754904709,10.909269738016643,7.674940852299914,2.3408767094990575,7.373820614190842,7.595592756190887,7.262127758887857,6.92492171922245,6.92492171922245,6.92492171922245,6.92492171922245,7.015834876208906,6.92492171922245,6.92492171922245,8.4701246676494,13.158139837332847,15.369675580475908,15.657374593399267,16.30940459313527,10.005007608674632,10.660031538099048,11.863141490174243,12.106686643849883,12.55156407012486,12.049588272164913,10.820247416961937,7.178881296161232,1.8864578443508322,6.92492171922245,6.92492171922245,6.92492171922245,7.236974171425026,7.0676694264661855,6.944056015900773,6.92492171922245,7.052179503469144,6.92492171922245,6.92492171922245,8.54355645561615,14.215562384434627,18.055269653971457,18.78178203344246,12.717474173066208,13.512040815986449,13.55496402908919,13.245943842771432,13.01192300926888,12.9271808775356,12.129118830780474,10.779252292525339,7.114106933684952,1.7438822212070615,7.106884620295533,6.92492171922245,6.92492171922245,6.92492171922245,6.92492171922245,6.92492171922245,7.096743562048506,7.170028541765743,7.209687923353836,6.940711055788294,8.919012426141643,14.676408684251781,18.331236211291184,19.66163575792843,13.526879778820437,13.596484066669555,13.696580296645594,13.604565076445999,13.58899086940763,13.094822327507318,12.365468773628002,11.26570564931505,7.81218899798495,2.6468535783185074,7.687199730896899,7.5860984780358445,7.141544436013384,7.031356632238229,7.180684522193085,6.92492171922245,6.951794290428455,6.92492171922245,7.022444552783801,6.92492171922245,8.785495738893015,13.71209195950215,17.467546040750307,19.157328011103957,12.65108165505568,12.741403663479408,12.837061416968924,12.94347259607271,12.732370539939016,12.403271449436058,12.342876067164646,11.254081304886153,7.576640974511964,2.157985260231963,6.92492171922245,6.92492171922245,6.92492171922245,6.92492171922245,6.92492171922245
7.142765361411148,7.142765361411148,7.142765361411148,7.142765361411148,7.142765361411148,8.894069173607447,14.590778740102433,18.223458274338338,19.660883613694757,13.276483438004728,13.564797000084265,13.811059765350807,13.884532908286921,13.532825599042443,13.344403508921902,12.601443720024536,11.350404961306914,7.6017654504601655,2.145418139813514,7.2151902444095075,7.142765361411148,7.19091997640796,7.330226439193304,7.507644846262596,7.2791503246273646,7.292583681791137,7.246886838702675,7.499502341604343,7.142765361411148,9.41578437376279,15.075404094799701,18.939064800327678,19.76998667133402,13.311317961918405,13.664022414537072,13.695780182717936,13.834713481040247,13.695780182717936,13.571104228139657,13.535189594915929,11.84821120932236,8.046555650350324,2.4878900734823532,7.142765361411148,7.142765361411148,7.142765361411148,7.142765361411148,7.142765361411148,7.142765361411148,7.142765361411148,7.142765361411148,7.142765361411148,7.142765361411148,8.737551368640695,13.74071088649973,15.14102005368744,16.080716275273325,10.275235949854158,10.227900959064364,10.655755225341233,10.304132500745817,10.03455772086214,10.305081894992902,10.597867570538453,10.195683169620741,7.139218005588363,1.6341864807326552,7.142765361411148,7.150718272936223,7.142765361411148,7.142765361411148,7.380146219321586,7.36863568142855,7.179141222395142,7.319863460167714,7.255034700540418,7.1764818164549515,8.92172568925404,13.825826570563837,15.916883318244555,16.540752890403574,17.307588338126198,10.856702809848393,11.445099486381592,12.662924956761385,12.847446401400372,13.077928038950889,12.3142197151629,11.314528119988617,7.486450588619641,2.1108315031199987,7.429292779876857,7.27322426369664,7.142765361411148,7.142765361411148,7.23099713821175,7.142765361411148,7.142765361411148,7.142765361411148,7.142765361411148,7.142765361411148,9.03730198977191,14.720222074218952,18.551827050344926,19.607390186680803,13.30124115831908,13.695780182717936,13.710485755276476,13.602564851431493,13.25828326336911,13.116785420604016,12.495669626870482,10.903515374851905,7.187253228259568,2.193946131270097,7.142765361411148,7.318724064621396,7.211575780918201,7.1484546860291855,7.142765361411148,7.142765361411148,7.177152841451601,7.142765361411148,7.142765361411148,7.142765361411148,8.913098487403865,14.467402386247594,18.16802524222458,19.93985123556842,12.859982630777564,14.324549810092421,13.46194756335616,13.41285988075452,13.451902665669419,12.940823999899507,12.558942769986134,11.307753241081901,7.510864420713264,2.4123843907537643,7.627428726572415,7.189729764187624,7.142765361411148,7.142765361411148,7.148471931045067,7.142765361411148,7.274447690429811,7.142765361411148,7.575818883867033,7.172713372318884,9.44728948715477,14.46794606343466,18.081922612636205,19.6393553032183,12.831521211667834,13.088687659105323,12.997559898065154,13.356769018335301,12.93876112865068,12.372953178008355,12.288639132078933,10.941488030682363,7.089638683217717,1.9542931594264752,7.252613816639411,7.250643497043865,7.311105747221019,7.461887033369466,7.193234328968257
6.729007581511919,6.708396372571364,6.724295814036683,6.708396372571364,6.708396372571364,8.685929919541426,14.412950830544403,18.0238236430163,19.41955528563283,13.588503821760517,13.630691023707863,13.630691023707863,13.630691023707863,13.630691023707863,13.690253988678839,12.980288940151997,11.617987037999798,7.764215290795731,2.3032321442420916,7.105517770368255,6.811985843116379,6.919959510445693,6.811546052424362,6.83223764338379,6.708396372571364,6.708396372571364,6.708396372571364,6.734479601410765,6.708396372571364,8.847690633388678,14.330778572594763,18.083468218142677,19.034869590417227,12.891029396169076,13.228550482509787,13.38962190077103,13.630691023707863,13.420432379873244,12.660430191631804,12.294807881794336,10.913731257309877,7.651622365372839,1.939677119781999,6.708396372571364,6.708396372571364,6.883122863475594,7.059361633145518,6.899410961903932,6.98243482240476,6.7492826890103235,7.3481031373648396,6.708396372571364,6.9009824989235895,8.533651745007205,14.044823729660195,14.587518436207286,15.524390720486721,15.393995470598023,9.975696353507933,10.311515468415879,10.152825621892314,9.821410060451637,10.085892535419735,10.396790482449694,9.743325732875187,7.488089489517573,1.906484667271521,6.708396372571364,6.708396372571364,6.708396372571364,6.708396372571364,6.891809656346573,6.8008594077332205,6.708396372571364,6.826936340065774,6.708396372571364,6.708396372571364,8.532341665356581,13.735428007296285,15.721472197280427,16.149539605999745,16.93463520204843,10.906594674580523,11.450377255020442,12.52492286464369,12.506996912760668,12.412965600472672,12.254837656323474,11.444578185582083,7.698832355040112,1.7197588219901097,6.727993082235181,7.0494752033851595,6.708396372571364,6.708396372571364,6.708396372571364,6.708396372571364,6.708396372571364,6.708396372571364,6.708396372571364,6.708396372571364,8.612898564630033,14.160463343298623,17.736003409149742,19.274426896181033,13.672225421853089,13.85225108930229,13.630691023707863,13.396156299277488,13.094614787616019,12.432828955070685,12.106856601848316,10.88598112983904,7.038368386503769,2.198320986725485,7.078664336562161,7.254663889750144,7.179194009448754,7.00395958339936,6.871600357500386,6.777470576041937,6.860340273681551,6.781109804665215,6.8355291423385625,6.708396372571364,8.664186659603546,14.28180556101006,18.022018373569054,19.71374677197703,12.993031430652358,13.373405192017685,13.506088434127925,13.278299502776083,13.179352203468612,12.689726416203499,12.244412923451218,11.130372857783989,6.832584128924907,1.6795957885552881,6.708396372571364,6.708396372571364,6.708396372571364,6.708396372571364,6.708396372571364,6.708396372571364,6.708396372571364,6.708396372571364,7.062307078115058,6.803660591606348,9.291262276212043,14.023207618538018,17.86238039498206,19.6088429056275,13.50337646769457,13.49707640650104,13.856658883244846,13.630691023707863,13.247258408241278,12.703265124605363,12.158377544653087,10.994604626995079,7.354048639285662,2.1150560515738674,6.742541669090207,6.872868798960564,6.947336062102979,6.7152916061309735,6.708396372571364
7.371149758851279,7.275374609897698,7.189978713858203,7.208453453242196,7.168156916064218,9.269891435970342,14.849618036947746,18.434479549721733,19.765218658216728,13.61896021143948,13.703591891105821,13.734887934366288,13.703591891105821,13.589635539451322,13.299037273118932,12.475858860584784,11.058819388170066,7.21502181067948,1.9182615533929843,6.900444543844431,6.952200880754287,7.21191269371498,6.9232849139286845,7.047676162842411,7.3571528067054075,7.231014529553737,7.239759727565469,7.6149908856807835,7.096666465300261,9.461886684439188,14.870620356897371,18.871076721052752,19.80145330984933,13.606191915636614,13.74819742782607,13.820129308539517,13.77628595155615,13.560792778121984,13.026554362122182,12.679590550546235,11.302585568411184,7.7611295036379415,1.9486447510366305,6.900444543844431,6.900444543844431,7.02661191941512,6.967411798521639,6.900444543844431,6.900444543844431,6.900444543844431,7.586334098983871,6.927082155510796,7.354046014451746,9.28266513142059,14.743732463631915,15.495954162166106,16.34625856533185,14.576390484248588,10.676622012095075,10.911930002022672,10.460535723072645,10.259376389649521,10.308173689218075,10.680736222245049,10.65832068633826,7.689616412261994,2.1210960718970795,7.134017298051265,6.977332215312686,6.900444543844431,6.900444543844431,6.900444543844431,6.900444543844431,6.900444543844431,7.001926913764567,6.989107273442186,7.147313182498237,8.929138943499396,13.901343647236747,15.716146493361238,15.98344599985505,16.675921395065807,10.258301506699295,10.843626925713112,12.194339872544626,12.347104867868397,12.724964789075942,11.927136064659901,10.738518127035487,7.064236077780206,1.5352663823866677,6.900444543844431,6.900444543844431,6.900444543844431,6.900444543844431,6.900444543844431,6.900444543844431,6.900444543844431,6.900444543844431,6.900444543844431,6.900444543844431,8.568574715865374,13.710650782743311,17.580596755714808,19.073329723773824,13.367894646095483,13.827369160509626,13.773096317582917,13.832971073927812,13.8339807398351,13.421764122569476,12.631334441260881,11.307743646056029,7.380029653855452,2.3225714262436363,7.466577615621389,7.551469241164291,7.522709384804227,7.190156316313927,7.090047340721574,7.063021290686251,7.123888189441016,6.900444543844431,6.900444543844431,6.900444543844431,8.244636515099522,14.020111754299924,17.714899538744298,19.631895215661686,12.907241878582656,13.12244272380369,13.096143310028758,12.98162836621104,12.960796038339092,12.538295978975192,12.320732102864952,11.00414156459387,7.0434926544526055,1.777371456697682,6.933093123132011,7.163262689610064,6.961881771611945,7.016854862169436,7.309461518932342,7.425003274974594,7.701674208087314,7.223612606453612,7.839426225817438,7.3367151492343,9.444933639220253,14.18913660869638,18.005449192531934,19.586373257081856,13.206966621235617,13.40706327795789,13.596669801474663,13.703591891105821,13.378734537864798,12.580601006376925,11.683504905896047,10.583220982847527,6.473383166334584,1.5333211032529954,6.900444543844431,6.900444543844431,6.900444543844431,6.900444543844431,6.900444543844431
7.106591100367854,7.063080849369947,7.026196424357438,7.0482073588994165,7.105194769023706,9.391910305843991,14.817727361803058,18.394514486774238,19.707976534722427,13.403050064620585,13.441118723522704,13.616329838717306,13.670757936150343,13.564720487512785,13.12661874409666,12.172348241834616,11.076199703528996,7.565699782780626,2.158417840078761,7.026196424357438,7.026196424357438,7.026196424357438,7.026196424357438,7.046228467403335,7.026196424357438,7.026196424357438,7.026196424357438,7.026196424357438,7.026196424357438,9.042223061739662,14.644546014718907,18.519977949347698,19.51310586138932,13.597459767341412,13.690653383054192,13.559280398846965,13.5069757762015,13.313438596923636,12.963438751403388,12.848131922586216,11.09132764358024,7.615216869562984,2.4142940711369003,7.718679346666999,7.586760563518462,7.026196424357438,7.026196424357438,7.026196424357438,7.026196424357438,7.026196424357438,7.026196424357438,7.026196424357438,7.026196424357438,8.496294479573356,13.752181402723943,15.088727886870078,16.223715382737936,14.597114832064022,10.823885827273765,10.930511503672362,10.565625851380101,10.069866194461634,10.558183922263014,10.934705725793732,11.039767148049574,7.921407577091022,1.948279358057817,7.110761149354706,7.103470005961767,7.026196424357438,7.033863871357565,7.505612720090706,7.531890567804253,7.307752599181509,7.219870454104082,7.125782380624323,7.121861927520383,8.866928425376324,13.523258435045758,15.788021705852348,16.25816114240598,16.94833444976228,10.462971408857925,11.059819384529687,12.396187373088658,12.741175998564568,12.783125103929523,12.66163311501622,11.46069340350554,7.618388811635475,2.154140837640158,7.173772778411785,7.026196424357438,7.112846224775674,7.193904537584747,7.061685791214347,7.248053195595311,7.026196424357438,7.311645856978068,7.060894479068116,7.1696152576002445,9.244330234079085,14.231873216458958,18.35755412879674,19.21225761983749,13.164088035671922,13.670757936150343,13.719704314606327,13.584585031650503,13.369746016169055,13.022782183748514,12.204427704195254,10.851557516895099,7.174433893525614,1.7384017299020482,7.026196424357438,7.026196424357438,7.026196424357438,7.026196424357438,7.026196424357438,7.026196424357438,7.042950210602908,7.026196424357438,7.026196424357438,7.026196424357438,8.805716983070756,14.459883562586077,17.999131792703636,19.744283390482114,13.044511323924198,13.236365559815695,13.454313812995485,13.389756442319383,13.474069250560207,13.075196384907615,12.405782982305885,11.338395819670115,7.8909790585871535,2.252536179123982,7.354656814355067,7.097367409541975,7.264745206732441,7.293927452161239,7.348488776043918,7.196597382290895,7.272701005474876,7.026196424357438,7.5997236600367835,7.094696259968682,9.351432076981366,14.146122643648265,18.21500427220158,19.494912283553433,13.350271688459245,13.373764808532027,13.178410017119655,13.389615089256433,13.141452918504838,12.95047463633423,12.772772743266847,11.3259929532577,7.885969341486192,2.0888996719450086,7.221456897962188,7.092029846656787,7.026196424357438,7.026196424357438,7.026196424357438
7.12790354456845,7.312298137615503,7.579896464420723,7.601306172268975,7.5218903847032985,9.562190274037782,14.828337182176599,18.20475108053936,19.504755836455164,12.991537617301331,13.038774145309057,13.14441491233575,13.123656052302776,12.910722891426387,12.435156105984262,11.658988684486411,10.632696047267707,7.1449106663685775,1.5953293088045977,7.12790354456845,7.12790354456845,7.12790354456845,7.12790354456845,7.12790354456845,7.12790354456845,7.12790354456845,7.12790354456845,7.12790354456845,7.12790354456845,8.838802547430808,14.589634900771054,18.06351541771846,19.600071154439835,12.862179221974813,12.746757713241392,13.169134169520595,13.271111810473158,13.10890125498386,12.842718421406053,12.705724234269903,11.197875693060606,7.502305735144529,2.6354502046215584,8.246668071787862,8.095762967686309,7.7840133141004895,7.682914043854673,7.579510559991142,7.924916656547342,7.5759568455821515,8.10006159969696,7.442257085564044,7.716368455089744,9.50887175726743,13.897181249424115,14.879717543812323,16.015738419197675,16.63989026109004,10.041266129114039,10.246460587299712,10.19703306679902,9.950425058094536,10.347329790495841,10.724026571043016,10.61895264500703,7.375257220203723,1.647174573293945,7.12790354456845,7.12790354456845,7.12790354456845,7.12790354456845,7.12790354456845,7.18739836796214,7.12790354456845,7.12790354456845,7.12790354456845,7.131555149108523,8.891951182899168,13.574365099154178,15.58682067902345,16.01946866330073,16.56652297225228,10.091787294928794,10.673837557539878,11.88651452266426,12.130662531787824,12.160264745578631,11.7880714835121,11.088560946292125,7.167730329485513,1.8757787383001086,7.399401252555723,7.375964827036613,7.561760295831829,7.52727979954814,7.38277694817076,7.4618427028551455,7.201008519608424,7.499144176395824,7.363613305316994,7.312409919909133,8.746482181231583,13.967675639047371,17.82145837751753,18.824539195716575,12.49174285765544,13.154128499328598,13.086097161236967,13.062267760202944,12.628765281122304,12.39865414229267,11.620333543742793,10.285512927306664,6.7050363760538145,1.3670709066780307,7.12790354456845,7.12790354456845,7.12790354456845,7.12790354456845,7.12790354456845,7.12790354456845,7.325344565151618,7.232688455152578,7.149953581880339,7.12790354456845,8.698996388135889,14.608209912851802,18.16227519817667,19.76196877719514,13.217486893489678,13.284653514804777,13.216294549024305,13.192661995938964,13.318389242331405,12.760933277391175,12.196180632263756,11.01742783831507,7.524215894695614,2.2932638493858306,7.764731042101554,7.633241624374243,7.632964475731451,7.324590816103767,7.306246017002353,7.19304191015184,7.224695103283094,7.12790354456845,7.522014074564824,7.12790354456845,9.44690120166345,14.391186549558704,17.697719694963812,19.10881094562433,12.471197164396546,12.927421470601137,12.88970676956433,13.04251470930429,12.918572804258472,12.353564264432515,12.334073957299454,11.215557206722021,7.632051650529741,1.9952947899357019,7.12790354456845,7.12790354456845,7.12790354456845,7.12790354456845,7.12790354456845
7.352469969788781,7.290073612038554,7.393763160395342,7.290073612038554,7.290073612038554,9.454002563837413,14.841578322428443,18.08964145376441,19.61283936545826,13.180529837217424,13.316616351109175,13.28362625314922,13.322780665084123,13.252602743365221,12.984765695061567,12.200582792306474,10.954550242281803,7.240946829474256,1.886792214434896,7.304474829859952,7.290073612038554,7.426284425022662,7.290073612038554,7.290073612038554,7.290073612038554,7.3021027594431045,7.290073612038554,7.290073612038554,7.290073612038554,9.013756523891578,14.538578133164993,18.30436608441436,19.654462445017835,12.694447618077339,12.834875392812886,13.105414408925098,13.256676480258687,13.247128620780668,13.108586400429589,12.867182647828722,11.302149168988686,7.706254222062219,2.1353473966073913,7.449547964913239,7.546391848481998,7.4878525057653045,7.526949184936896,7.340666343596046,7.601940072954575,7.373705003648025,7.74480445286437,7.290073612038554,7.587073446099946,9.190923183690579,14.121841000978108,15.175894758425597,16.105080857027726,16.792940300985677,10.052297184516913,10.39053086836279,10.323259652289723,9.943206395669693,10.017637220481557,10.237659786086134,10.088848576093746,6.979498151488446,1.5093879958763763,7.29452800156048,7.290073612038554,7.290073612038554,7.290073612038554,7.3825770515663125,7.36500836660224,7.290073612038554,7.290073612038554,7.290073612038554,7.403939508859817,8.93488531829834,13.794430411545953,15.72646747351303,16.278285887203037,16.973519993274895,10.342675860356877,10.865307867407939,12.145295173178512,12.26699842580833,12.174479830385184,11.717757545620225,10.73864551786819,7.100286135337072,1.7165206112991245,7.558929109790231,7.502457670199227,7.290073612038554,7.290073612038554,7.290073612038554,7.294332497182461,7.290073612038554,7.590711604843641,7.507042790931507,7.4456588595146265,9.039626887562003,14.141781657619443,17.840549918166964,19.238933095432937,12.814772466102534,13.252602743365221,13.252602743365221,13.03564580818079,12.680093366024817,12.460750882506105,11.659302886088584,10.310487992774403,6.594171905728008,1.6593772322004086,7.351942996624391,7.309892177183211,7.4471197610424,7.367758461519717,7.361210545949828,7.309442517113766,7.444698320833123,7.2963108928744775,7.312925210381101,7.290073612038554,8.77550215143027,14.45928629694026,18.068781334108873,19.7047280029609,12.694143500155976,13.213544769738323,13.218558293406035,13.241780884864736,13.252602743365221,12.638993097470795,12.18873082740541,10.973879461696825,7.383972861802206,2.5131328353981064,7.864483099676458,7.705123284720209,7.546835781655521,7.422643600310177,7.290073612038554,7.290073612038554,7.293762226710111,7.290073612038554,7.700172086977066,7.347519660701902,9.525392073606756,14.449496859539053,17.86539911705078,19.163105833761716,12.2819244677671,12.478285615499711,12.566679385187175,12.95151202547007,12.553365339564863,11.89226776484229,11.54787328978412,10.612117697455176,7.006992236062729,1.8703558602294832,7.290073612038554,7.290073612038554,7.290073612038554,7.337263135694522,7.396929097074451
7.106414135035373,7.26848256827096,7.204756832120735,7.296896997610818,7.215391501485283,9.281591163424425,14.865757259851616,18.489737860690727,19.241961648283635,13.416579975190718,13.245632794652437,13.639603961578793,13.542287620213688,13.186248102209658,13.013350106043903,12.335113810019841,11.015655721146182,7.3355755074532265,1.84212045668811,7.106414135035373,7.106414135035373,7.106414135035373,7.106414135035373,7.129678891795685,7.106414135035373,7.106414135035373,7.106414135035373,7.132368096319923,7.106414135035373,9.039160001055262,14.984672559703242,18.466286117715153,19.829918036138967,13.082656890921502,13.47840294918066,13.527379982743664,13.51664553993491,13.39909551475605,12.955670548490057,12.804002374483124,11.188163889641043,7.377061732719113,2.2695586383747086,7.322473274201115,7.557027928299972,7.223795812292504,7.2322127346258025,7.106414135035373,7.4015582726725375,7.185352219398583,7.630673138239145,7.223858463099468,7.608703605548127,9.463971730730439,14.124212544865246,15.539474746654594,16.625097693486484,15.268825629914959,10.60348065373666,10.958203453251873,10.872281401301255,10.64378253952273,10.760309779544666,11.239853377708116,11.150191521409898,7.6293283302950705,2.163333346784192,7.2670712469676575,7.136529543954886,7.106414135035373,7.106414135035373,7.138850115606007,7.106414135035373,7.106414135035373,7.106414135035373,7.106414135035373,7.106414135035373,8.71364064689081,13.41134603335487,15.30123650988266,15.775053985541366,16.282797279994423,9.94588964737555,10.547644139088675,12.031805099229222,12.275789772307405,12.60219750308972,12.191967453723594,11.05165286534714,7.594168097864366,1.893413770772661,7.376274756387185,7.3572815947033,7.386518265031632,7.561970120934379,7.46694145829628,7.648793714536104,7.106414135035373,7.444866227794975,7.310379532634125,7.351165004555887,9.037379945172987,14.354366386598315,18.503743977457948,19.226582951507968,13.004281545056555,13.698726482200618,13.49207828713664,13.328384936775167,12.893436808247458,12.832507796417117,12.127677642239293,10.60436101962153,6.95890990587122,1.8242262840724845,7.106414135035373,7.106414135035373,7.106414135035373,7.106414135035373,7.175905932102166,7.159882377986026,7.342720418229904,7.157557483836047,7.231329775241619,7.106414135035373,8.835532877131772,14.54687360252085,18.2247379655831,19.767250465490797,13.239677713403495,13.330267525685862,13.466004974030705,13.456909215965133,13.644532344988235,12.843577343313193,12.501800511429568,10.799828282761398,7.285262841227029,2.1334546421267846,7.566710376592768,7.366821451386741,7.443807851236586,7.1461111508919934,7.106414135035373,7.106414135035373,7.198217094761676,7.106414135035373,7.5001709479512195,7.139349898179742,9.488275768774777,14.571964030239611,18.07075041853437,19.565244736315062,12.96436728549267,13.395006981189455,13.4112278275732,13.6559291008929,13.428474121750186,12.789090668778883,12.531346876223251,11.64336694574746,7.39489443059219,2.0473925711178222,7.236342907710211,7.106414135035373,7.106414135035373,7.106414135035373,7.106414135035373
7.2343965707119064,7.28366921161484,7.213553419634007,7.213553419634007,7.213553419634007,9.39414908594948,14.829692520152747,18.455548847659806,19.624975900834407,13.55614871247809,13.391219146355523,13.634331048272037,13.734778850018134,13.105126945767463,13.169028770321798,12.238509556251602,11.133075246462075,7.439399545214892,1.8075811826838275,7.213553419634007,7.213553419634007,7.213553419634007,7.39521496333921,7.570690647075742,7.368902222640045,7.525182044568328,7.594477785499555,8.02297071925465,7.324719474673363,9.83519301112013,15.393689459879838,19.027357273168224,19.616135462227724,13.457630640109294,13.64370107960861,13.620704580905732,13.598512229726392,13.189480063628926,12.638896728688378,12.567193030796474,11.001881544665574,7.832555164531111,2.4182827021874345,7.440796202143598,7.287119512180279,7.213553419634007,7.213553419634007,7.213553419634007,7.364496079379292,7.213553419634007,7.582698573854145,7.213553419634007,7.335592185332559,9.250627918786833,14.760590476013444,15.816318732987778,16.712148860987813,17.44701491598388,10.867708083539991,11.1166226308098,10.773021382921643,10.151316593157967,10.427254901093267,10.931422399634632,10.994728661785514,8.061119760066761,2.5708013471223534,7.433919609220351,7.46434820285658,7.434937129052042,7.213553419634007,7.427179470589731,7.213553419634007,7.311934772786498,7.465620586888173,7.492477972382529,7.562531628471427,9.11816581898635,13.613370864666784,15.830052039426679,16.12517254943208,16.56767959900153,9.973391542245933,10.556353640707522,11.956550956203177,12.26002980673539,12.60961058931463,12.308309498082961,10.920323369565923,7.428879126372277,1.8079108018380485,7.213553419634007,7.213553419634007,7.213553419634007,7.213553419634007,7.36152482156399,7.345730071530598,7.213553419634007,7.214705558736085,7.213553419634007,7.213553419634007,9.070768214002099,14.271166393395081,18.208416208125627,19.144338717575273,12.950331246355464,13.446703694348358,13.682917543775993,13.518289135251509,13.362807293133121,13.063129766607203,12.565859581302583,11.27115841701815,7.525939194020156,2.2196961162990614,7.638436864644404,7.213553419634007,7.213553419634007,7.213553419634007,7.213553419634007,7.213553419634007,7.347609644032038,7.276757549377686,7.375023041264901,7.213553419634007,9.333702230038863,15.015043630934258,18.53568630776352,19.862347542472005,13.51739690666049,13.294941646200387,13.403790157768167,13.17156102054648,13.332963306998629,12.834783765990238,12.298748850757816,10.827368483012073,7.26807045103793,1.9878581832380697,7.5608728193399415,7.49318251897674,7.25329617837419,7.568971791938761,7.62570211614072,7.404977638462152,7.478292027124601,7.213553419634007,7.52716101410773,7.213553419634007,9.31289593232427,14.521705649770832,17.938752757754642,19.541342109002784,13.169296450127533,13.177375441373082,13.201405166078832,13.310057507317214,12.987675034173577,12.721732147595104,12.655609040066015,11.22357737570616,7.393973365789725,1.8374289729099076,7.213553419634007,7.213553419634007,7.213553419634007,7.213553419634007,7.213553419634007
7.047902594276502,7.07307306078198,7.377882654115865,7.213952419940501,7.063953797108548,9.259403734447433,14.88156909151271,18.476046666422576,19.61840843463289,13.71166150138748,13.607612724615429,13.77531106221555,13.639869295321866,13.432383417200132,13.21208528490474,12.424021943168315,10.893116746165358,7.144953987409862,1.938059254957526,6.9448234974148075,6.942643794770901,6.942643794770901,7.01850478409991,7.046452152241621,6.942643794770901,6.942643794770901,6.942643794770901,7.013695332740879,6.942643794770901,8.965596260965034,14.884715399825893,18.385467132984548,19.15290361076584,13.480445991462938,13.598454658518536,13.385550023668845,13.549159681953578,13.4536873526615,13.158091984878793,12.719189564921505,11.340995142806314,7.869706361744915,2.2532304893300084,6.942643794770901,7.072529164073577,6.957245724254938,6.987128895171316,6.942643794770901,7.150591705409778,6.942643794770901,7.391479360451328,6.942643794770901,7.199211569155943,9.166371381324426,14.324693658067682,15.262995154020572,16.306363022644728,16.748869665274007,10.628644838861232,11.073182777399673,10.649651018258304,10.243029388339304,10.337515471797087,10.973767532017177,10.457697132364665,7.416934861594053,2.196518930140772,7.152819070153132,7.091252950535282,7.047508391112845,6.942643794770901,6.995237498761589,6.942643794770901,6.942643794770901,6.942643794770901,6.942643794770901,6.942643794770901,8.586526067944131,13.499008861738137,15.306767050553354,15.827213599528825,16.515235618662857,10.413197169228345,11.23296038759361,12.523755410140156,12.502263395221098,12.453100333165576,12.176565101387846,11.23896734171671,7.408761776975849,1.8551284125234877,6.992780156766532,7.160370362542194,6.942643794770901,7.2013639855019775,6.942643794770901,7.036392756197217,6.942643794770901,6.968515168525605,6.942643794770901,7.036457796162347,8.73548059608585,13.96837790009755,17.56363351559029,18.99949155779056,13.03367405631843,13.677128675656673,13.72090635446927,13.803521434067088,13.392436718946207,12.962122777678877,12.333664000377855,10.768119109065351,7.038981120224592,1.794936779189097,7.200565162617747,6.977121327849125,7.2232387550243615,6.942643794770901,7.015373363841244,6.942643794770901,6.989838368656199,6.942643794770901,7.102165742059659,6.942643794770901,8.847408278578595,14.568904093140304,18.300275347658015,19.65728241424457,13.327663602545721,13.21238051227831,13.205447043226599,13.414219408135075,13.502688224299513,12.894077153159854,12.627142974633124,11.168079791477027,7.430037521203236,2.397981257149239,7.321674100000689,7.076636590308982,7.135924685148138,6.942643794770901,6.942643794770901,6.981202077536333,6.955755648491305,6.942643794770901,7.1687182928791575,6.942643794770901,9.065228341299761,14.222945949617197,17.616446780275766,19.213235647196957,13.029510923034698,13.132769760190724,13.12979499478557,13.686124469086518,13.39023602136052,12.436761362796565,12.106372560499757,10.922030451423856,7.31619119624822,1.8541146109623683,6.942643794770901,6.942643794770901,6.942643794770901,6.942643794770901,7.179120520677261
7.064624783773196,7.189217051418622,7.358710181395302,7.1387328934592995,7.097630090538501,9.206596220749926,14.689960385264648,18.325187771317076,19.741813390159503,13.446638701950079,13.546947006826931,13.539985255385101,13.569522817030032,13.535091328371903,13.361883383819311,12.500087100577426,11.133427533826488,7.457981597408395,2.2256932310761557,7.041502360702131,7.052788344327584,7.031548910922268,7.031548910922268,7.031548910922268,7.031548910922268,7.031548910922268,7.031548910922268,7.031548910922268,7.031548910922268,8.68648028658323,14.582464277682703,18.277568021413757,19.581583678588732,13.130015045747415,13.373812879731226,13.305117111052175,13.512172835739849,13.299370462526594,13.133234244456865,12.619198589802785,11.476727605258176,7.547588723101399,2.5578643194880004,7.577536823480534,7.614389369022612,7.561310558136602,7.479686075863595,7.40981954781159,7.590939587913168,7.278195034305355,7.644849050906422,7.031548910922268,7.325125819116809,9.105036340104917,14.005854113909706,14.87065879426564,16.086827096609696,16.678299012682835,10.231860003515333,10.49227041767383,10.376918770810773,9.946662926429193,10.361818522965915,10.623150357133499,10.513018916764818,7.241138018694328,1.5258405326671762,7.031548910922268,7.031548910922268,7.031548910922268,7.031548910922268,7.160759297606493,7.031548910922268,7.031548910922268,7.031548910922268,7.031548910922268,7.127664610495424,9.116264771261681,14.09772742480275,16.03227401442234,16.25260726008975,16.94919369096516,10.61511567044488,11.19459413864436,12.443199123001065,12.516451572550812,12.55662014264722,12.008048902432234,11.221333187094437,7.322141226859675,2.113628915135003,7.19626271441937,7.257788018420434,7.200631658002145,7.031548910922268,7.031548910922268,7.202303302493656,7.031548910922268,7.142013485055311,7.031548910922268,7.031548910922268,8.733253848743585,13.920574368929888,17.519487105606842,19.154264524747838,13.323429118217755,13.659321493856769,13.641302118784612,13.539985255385101,13.295121801161104,12.666110184906914,12.077479070793945,10.579741263963093,6.904777382058344,1.7059404534302332,7.031548910922268,7.082573386186231,7.183097171073715,7.031548910922268,7.1633488056148575,7.0333741463578265,7.186122685689744,7.031548910922268,7.1303672562665135,7.036594411264484,8.81149292431985,14.391459891115991,18.11969125952345,19.781675813801137,13.381586334725416,13.354894804851515,13.233708872916496,13.457174742743792,13.461567015594303,12.655457177556286,12.288636950207312,10.798648487939873,7.308531202923237,2.096932317575649,7.104059422588408,7.031548910922268,7.033084870803111,7.155980172888419,7.031548910922268,7.31565382272313,7.293420209512506,7.031548910922268,7.532830963641788,7.205129073221861,9.238453353242871,14.253170942968648,17.82651888314213,19.373232248563937,13.073585245234332,13.178277724668726,13.363621465474496,13.587115929688004,12.894746319939724,12.45441000169969,11.941994465882503,10.913228038363975,6.952404395375769,1.9285242105209364,7.303327506348591,7.1272261323093495,7.0501462270073505,7.031548910922268,7.031548910922268
7.211484844468258,7.211484844468258,7.211484844468258,7.211484844468258,7.211484844468258,9.259571784696355,14.776881138287163,18.523954495645967,19.843410060600053,13.4487360453285,13.697045577371327,13.820874870090561,13.67465055758709,13.67465055758709,13.49084596072848,12.560282362233126,11.2311205063881,7.636505680417702,2.2437755006592233,7.294332856990734,7.335823571857355,7.22807524151473,7.211484844468258,7.211484844468258,7.268109421486264,7.265566394696856,7.211484844468258,7.36793443021997,7.211484844468258,9.403055958243492,14.998572758944494,18.801163162363203,19.92243843819268,13.37980322755415,13.439536319888745,13.604894662018252,13.67465055758709,13.479968815694942,13.18724279512619,12.922952778854429,11.37056721737071,7.7380539565839435,2.2779525173461885,7.306358643211123,7.303502832277345,7.310496257832301,7.377118771162723,7.211484844468258,7.495435333989789,7.211484844468258,7.46716209255679,7.211484844468258,7.280342439937808,9.23856736150308,14.259415940277234,15.096946326987418,16.186462140983746,16.833829548789115,10.421467434572959,10.592477636644851,10.266878919459566,9.896278322665028,10.319349441968905,10.646419965695145,10.595227691897243,7.674298832106243,1.7401166151586143,7.211484844468258,7.211484844468258,7.211484844468258,7.211484844468258,7.405917836364157,7.222089653339614,7.211484844468258,7.211484844468258,7.211484844468258,7.289343542351685,9.055924854530687,13.89441783191895,16.008072887070274,16.63525828002548,17.336340608175565,10.719133411920355,11.46391181315019,12.75369007496966,12.787420298597771,12.84919058232701,12.488342820805732,11.52127518391867,7.553381307311643,2.031352163095492,7.366946154584664,7.382788467728842,7.211484844468258,7.225054684013705,7.211484844468258,7.216275383255299,7.211484844468258,7.382000750917051,7.211484844468258,7.27844994303824,9.138998489361864,14.257330984338996,18.016006901424472,19.604567270661303,13.449488747509532,13.726907113358171,13.67465055758709,13.678357288424726,13.334308805604753,12.875148202250811,12.048601735096412,10.493651703259578,6.838195776425303,1.6167344042774026,7.211484844468258,7.211484844468258,7.211484844468258,7.211484844468258,7.211484844468258,7.211484844468258,7.303798550837291,7.229494894370643,7.280308716305305,7.211484844468258,9.064022805463207,14.853564807005434,18.62685905276656,20.0,13.532325009867241,13.639641356746933,13.456881881781495,13.526300807623489,13.517220897869002,12.801323808525243,12.414544920237491,11.105305071054866,7.70854669509993,2.6889839282276204,7.708033698077354,7.572338562913639,7.390563649876552,7.380365969813308,7.255320166866579,7.354234637522684,7.2421660143924775,7.211484844468258,7.4317311884220185,7.211484844468258,9.281284913592643,14.440159939188977,17.74116602086853,19.393974494808894,12.748255240822834,12.814361711257087,12.940808827924231,13.125589066791466,12.842483745990354,12.411443568656178,11.993843521709886,10.972687854132657,7.058279258667411,1.9461517083027962,7.5383718349804125,7.302118991677701,7.234937695076986,7.313986348144182,7.211484844468258
7.0744861082587756,7.0744861082587756,7.0744861082587756,7.0744861082587756,7.0744861082587756,8.765258168917827,14.276002288698484,17.737406963881714,19.44424499873242,13.05435577151079,13.252823499066633,13.725484412783869,13.632313253640373,13.409397333941612,13.302319270289933,12.915322774550155,11.328541254298171,7.857782275316461,2.5281191593326406,7.289939710704123,7.227942101469007,7.0744861082587756,7.232014484204133,7.2397143159817245,7.0744861082587756,7.309560693440717,7.177034630543493,7.1198284355459185,7.0744861082587756,8.751792144507322,14.632294767271494,18.447893630563268,19.79642232941224,12.982111169437392,13.18901113686291,13.723289966684199,13.709553931645937,13.652651805227226,13.60783624007406,13.654739908220117,11.943148131998328,7.903452333755825,2.681379735594103,7.0744861082587756,7.0744861082587756,7.0744861082587756,7.0744861082587756,7.0744861082587756,7.0744861082587756,7.0744861082587756,7.11159921530388,7.0744861082587756,7.091438452009071,8.698765497543528,13.860889951084971,15.378629189522425,16.496352913081225,14.303598075994177,10.662426901663578,10.981421395308708,10.86002374503896,10.160794350953742,10.653693797048483,10.813719693654656,10.609426194617015,7.011849890388343,2.020114866369299,7.136451882201765,7.211958909175506,7.0744861082587756,7.2201944153669455,7.321902749543863,7.249018281491862,7.0744861082587756,7.0744861082587756,7.0744861082587756,7.0744861082587756,8.594107582996614,13.33180564547948,15.557706560410477,15.993828163101611,16.619793548596267,10.226534837511851,11.096268990110712,12.21700545349522,12.388454520626688,12.638452000379022,12.316593680085315,11.015170411947611,7.421447355890825,1.9489951107473231,7.553506730259514,7.562658616348667,7.179587993328685,7.279121642478662,7.253931257879911,7.332821545039156,7.0744861082587756,7.479605002960547,7.316187097971858,7.509957115186937,9.147291711672974,14.443141222266682,18.097634041234436,19.280441268252694,12.907012091484182,13.74673766185434,13.610704055875017,13.573893779364555,12.762333868987483,12.797477868497351,12.26540613587338,10.615170195088664,7.041205815646279,1.8437565569710894,7.0744861082587756,7.0744861082587756,7.0744861082587756,7.0744861082587756,7.0744861082587756,7.0744861082587756,7.0744861082587756,7.0744861082587756,7.115309750403343,7.0744861082587756,8.971086005798233,14.720618439528135,18.24955854398221,19.666521036082557,13.22368409184892,13.243795943996965,13.210256023656777,13.557759528332245,13.694686662107856,12.941782908206836,12.589437016133992,11.536259076191653,7.992947220326609,3.124046469693226,7.990323183825128,7.5163611796045995,7.436322946282623,7.0744861082587756,7.0744861082587756,7.0744861082587756,7.0744861082587756,7.0744861082587756,7.188191734491468,7.0744861082587756,9.078822311984718,14.401276799258039,17.44557750473054,19.0770311900071,12.619997264028822,12.742893657989297,12.89344884386083,13.04604267480651,12.781639439004953,12.465316655753632,12.344866988433107,11.093049312491909,7.36427045288019,1.9017606460249958,7.1892485343878905,7.0744861082587756,7.166657694025169,7.407058303302552,7.262905819364195
7.263763450133012,7.599642417565884,7.717258107476591,7.570682369584667,7.477744062145141,9.54080726577435,15.129544646880568,18.598891823902864,19.55268923498236,13.336051950366086,13.606888261997181,13.484795480299704,13.484795480299704,13.421169467859768,13.108564322450334,12.300057677391447,10.729929911949062,7.388414188919447,1.7159456662044077,7.213296788619278,7.213296788619278,7.213296788619278,7.213296788619278,7.213296788619278,7.213296788619278,7.213296788619278,7.213296788619278,7.213296788619278,7.213296788619278,9.101816795349489,15.03824112981432,18.632262183964457,19.62598478059107,13.039504305255386,13.310944568873287,13.386658425942555,13.471261829287682,13.135464443133925,12.963058901407438,12.598062000213417,11.187824112975303,7.644921737982246,1.974767092004286,7.410147391643374,7.519074775798005,7.492741052233878,7.450431815344647,7.278314204690734,7.567050445385987,7.275342867819854,7.707736406757153,7.213296788619278,7.479119289421632,9.261885494083433,14.192312388457259,15.270686689799193,16.424991058693962,17.178558539503847,10.537821672886462,10.944005618395527,10.513894647290973,10.046762140294248,10.27436548731551,10.922169294037758,10.35905418328921,7.58484454797766,1.862072802803081,7.213296788619278,7.213296788619278,7.213296788619278,7.213296788619278,7.272961990526994,7.213296788619278,7.213296788619278,7.213296788619278,7.213296788619278,7.213296788619278,9.066973752542514,13.855471324560352,15.757266373666576,16.051476597626905,16.789389314167813,10.33281188861198,10.927765201433562,12.110539141592938,12.530179208532399,12.560215948393912,12.067440113527455,11.0292094303621,7.3832423984047555,2.245039396384308,7.440592480125309,7.522082733821886,7.4295579590730405,7.3484650122339215,7.665727171960821,7.51519815799676,7.213296788619278,7.273498648658013,7.213296788619278,7.213296788619278,9.022453482144098,14.492417362181346,18.252748484795863,19.46846466858696,13.03293003726907,13.525545821112603,13.597005791399589,13.579549284621997,12.922995199767147,12.50204086813083,11.782657952660784,10.504576101155342,7.044918130955147,1.6957139343626573,7.213296788619278,7.213296788619278,7.380658321217361,7.213296788619278,7.24914844529451,7.245101179953148,7.323391327600838,7.213296788619278,7.301401103862638,7.407805546772849,9.49334323739805,14.925881605172236,18.481397903093495,19.804217848136275,13.251264045358347,13.292663932300213,13.244793805980347,13.386927684351454,13.426912959951048,12.75276355497139,12.237089790018619,10.927642744698966,7.262856391277192,2.1286328003780164,7.453481217060196,7.213296788619278,7.360256671856883,7.213296788619278,7.213296788619278,7.213296788619278,7.213296788619278,7.213296788619278,7.307207591121838,7.213296788619278,9.257351905858389,14.439846868174207,17.837036006637582,19.3476544486877,12.748060010450716,12.890324863423285,12.93997480070943,13.37827649810083,13.054817185919282,12.609929095672314,11.963215407859876,11.05635790922961,7.144507444241888,2.112194775453896,7.382105836339077,7.416422921022701,7.412849168696689,7.395110213732413,7.359608090640971
7.199482623175719,7.03464964230759,6.978552156836979,6.978552156836979,6.978552156836979,8.974220645413556,14.732187650741698,18.634033052808633,19.992974047509037,13.817624733543731,13.866595417282744,13.866595417282744,13.896121582552666,13.776321895489653,13.535584574387657,12.818401085914358,11.306800474732896,7.531685213228458,2.111966169188282,7.11011068591777,7.060479635396555,7.191175645989168,7.072619103998113,7.120896428730193,7.175733636093596,7.253188953450831,7.296980169565359,7.600142581372061,7.317351195997131,9.493739132968857,15.14094403181197,19.112294259651012,19.92519762830222,13.8532571425151,13.866595417282744,13.866595417282744,14.053669586938351,14.141317037073609,13.867580478868684,13.069905836112332,11.591507098502008,8.206127335166885,2.253364857987163,6.978552156836979,6.978552156836979,6.978552156836979,6.978552156836979,6.978552156836979,6.978552156836979,6.978552156836979,6.978552156836979,6.978552156836979,6.978552156836979,9.009548724948242,14.737112844652987,15.871365414053137,16.693038018609442,15.307359390336774,11.3181378598987,11.609747800812766,11.072328857938814,10.402750923247508,10.660651015380527,11.064905989964599,10.938824506700174,7.931751366280183,2.6549828712370562,7.492582853076981,7.543604047638165,7.659156058106919,6.978552156836979,7.095564616649792,7.0076000252439075,6.978552156836979,7.119425699624552,7.107563681271541,7.095354320622639,8.707583569594824,13.62077991431823,15.745319626663747,15.81522200542651,16.606004494654652,10.334621415929572,10.980637587127157,12.258201810808261,14.033411701390788,12.816159581318383,12.231349213898733,10.861792385298289,7.098360718546325,1.6965307325722585,6.978552156836979,6.978552156836979,6.978552156836979,6.978552156836979,6.978552156836979,6.978552156836979,6.978552156836979,6.981764814788511,6.978552156836979,6.978552156836979,8.953916928174458,14.343472568876148,18.0829171610026,19.261338611526984,13.216274763807931,13.881735428725387,13.999488709659683,13.866595417282744,13.784566556720334,13.379484730459133,12.598676606077683,11.322372358787174,7.540728181163253,2.165662891244025,7.283397246803464,7.1523666532170225,7.36581536443597,7.067526747732643,6.982441212769238,6.978552156836979,6.978552156836979,6.978552156836979,6.978552156836979,6.978552156836979,9.058220864845033,14.829683182504695,18.49078256052624,19.83274623612645,13.42182619024793,13.316961744730348,13.636980979680724,13.7932716782455,13.97622054330349,13.505941443710942,12.852708237958707,11.512697383813425,7.843274234466426,2.5181475927533157,7.648529935713042,7.038879686713256,6.998182988777699,7.045412862627299,7.1493241537310865,7.05013654221731,7.040028075556202,6.978552156836979,6.978552156836979,6.978552156836979,8.596368430400847,14.060273505720259,17.5546386635518,19.063884537788596,12.6151101738807,12.595344930183002,12.6848011498431,12.986488813968892,12.742176705435291,12.380626642580038,11.919194903504344,10.83324414823954,7.123610705790811,2.0310145972593214,7.134720693432363,7.012335121051556,7.355329749336088,7.405084105339204,7.28517822841195
6.8856666364074455,6.834846410338659,6.834846410338659,6.834846410338659,6.834846410338659,8.52725605079437,14.16163903699857,17.98834985806327,19.478432291938287,13.314367941230243,13.82078369756935,13.74751774758152,13.762259071859306,13.642225261151651,13.515733479299039,12.697241235510052,11.518350983979955,7.654275473509588,2.5007879366534302,7.123037291156912,7.022735354911408,7.167712973369923,7.252752520054097,7.300035276417768,7.305229349029248,7.30842722205238,7.311516215186219,7.534202322232719,7.021797277332779,9.202978881092703,15.009139609850592,18.777314635833665,19.876762657945708,13.424182784077821,13.567341299211943,13.810764605500793,13.916126709031516,13.780310360753031,13.167758865691157,12.902751321444201,11.398398113407637,7.58433013127083,2.0995114209544448,6.834846410338659,6.834846410338659,6.834846410338659,6.834846410338659,6.834846410338659,6.834846410338659,6.834846410338659,6.834846410338659,6.834846410338659,6.834846410338659,8.878638699119094,14.203918439804255,15.187290462085983,16.249641887035033,15.509816277568756,10.666260719365962,10.931793265029173,10.750180380566057,10.321796617296451,10.716273435299675,10.755358269713277,10.770235774725764,7.918049040735626,2.5727627481820927,7.062105575162416,7.194307168003742,7.185227629992067,7.06905893373672,7.175586587226771,7.063902144549231,7.09853286316588,7.220742293523665,7.1654355604833135,7.089086534106646,8.625892114491005,12.95768434831616,15.252822430223311,15.76220331827344,16.41309979255436,10.302908076533777,10.851973141636252,12.07793979995971,12.1501344388766,12.376539874747158,12.206925851630471,10.955115225423192,7.520590088490615,2.0443197877737136,6.834846410338659,6.834846410338659,6.834846410338659,6.834846410338659,6.834846410338659,6.834846410338659,6.834846410338659,7.013420081184582,6.834846410338659,6.8453724222887935,8.930318031558002,14.404345933020231,18.287972563908756,19.572960111533682,13.804682799395419,13.74751774758152,13.948798345672929,13.74751774758152,13.52812159542125,13.493164349441207,12.496809645214517,11.275247454005529,7.269772751015275,2.4156249713960163,6.929222023428422,6.92016747760206,6.856127921907752,6.834846410338659,6.834846410338659,6.834846410338659,6.834846410338659,6.834846410338659,6.834846410338659,6.834846410338659,8.499507862489141,14.17795278838835,18.04943649487861,19.453665446001473,13.134147676078653,13.111337132937072,13.2827270152086,13.293508070361309,13.371264700405955,13.070101228583896,12.356932071391592,11.197972329846861,7.664806705742582,2.565599380136482,7.477413470661741,7.181227036656252,7.0599067237763595,7.177715685833329,7.109472065589585,7.059976527769353,7.374719352088468,6.834846410338659,7.210580511946365,6.834846410338659,8.91927455845951,14.151293911110985,17.699503290875025,19.254557212403636,13.150288185068536,13.150900202719972,13.092960942422199,13.331926135522927,12.793589797261662,12.251001769279886,12.11205782028299,10.753209761192307,7.044524022685778,1.591358041077819,6.834846410338659,6.834846410338659,6.924299382337756,6.916522818052972,6.834846410338659
6.580447642008499,6.557786090074996,6.557786090074996,6.557786090074996,6.557786090074996,8.451972767520646,14.112921266283935,17.914720553161793,19.35243376319061,13.286277797921356,13.661765634366235,13.791083140867096,13.791083140867096,13.511387041122434,13.413299735007442,12.50343737523906,11.10770763733915,7.5076698556174675,2.0208149248613854,6.557786090074996,6.557786090074996,6.557786090074996,6.730602476625056,6.911378154415065,6.578961700085524,6.6329000612566,6.557786090074996,6.7400824398208234,6.557786090074996,8.569987679657366,14.49891537237539,18.07341255388431,19.336395475124135,13.544245480335187,13.612505833055447,13.743726172295643,13.890977386474777,13.791083140867096,13.217765512775726,12.875666665645118,11.409375150898525,7.735796285991197,2.3595163032375632,6.683877481624618,6.864136318985034,6.557786090074996,6.557786090074996,6.557786090074996,6.557786090074996,6.557786090074996,6.64285771653133,6.557786090074996,6.557786090074996,8.332700792597514,13.368617205843467,14.569146485892041,15.673219573067257,14.3777001935294,10.366177458456793,11.008817133886835,10.481218874319607,10.423901860400957,10.609210419175437,10.896126838822429,10.485144877707297,7.587909610769235,2.187133001044811,6.557786090074996,6.557786090074996,6.557786090074996,6.76993629385179,6.881707044062831,6.833646843702086,6.657384785787019,6.751779525157654,6.747476802893396,6.718463970515753,8.307042490936556,12.769542634577737,15.166465238219224,15.851758246286156,16.382761131166113,10.667785393858477,11.244756045996152,12.54544982074315,12.484485874476793,12.670892852414688,12.389185020329148,11.224054480383622,7.66056075969464,2.0877893789067947,6.557786090074996,6.564113943159702,6.557786090074996,6.662115211488293,6.557786090074996,6.557786090074996,6.557786090074996,6.890226485521852,6.628410485250549,6.702223826977323,8.563951435546652,13.85954409885992,17.668926452080516,19.03215463332724,13.39830743072929,13.946209046036204,13.791083140867096,13.850459380327777,13.360541705310908,13.167187076779102,12.580108957568218,11.571147130752902,7.419265533637087,2.4149718494696026,6.773465450872671,6.562082390365726,6.589697287545632,6.557786090074996,6.557786090074996,6.557786090074996,6.557786090074996,6.557786090074996,6.557786090074996,6.557786090074996,8.101761897931354,13.943061402219145,17.841353461531583,19.354110668918434,13.187603249775266,13.230015988613797,13.394998007954669,13.447669288060627,13.481112049154188,12.960080999266511,12.493088236458018,11.150095539673002,7.5829093383323585,2.5533351633918167,7.049284333232354,6.654099304129714,6.869239219150974,6.714465495669392,6.78856202074089,6.775686015191546,7.0294729559024836,6.557786090074996,7.028474775712964,6.650823892126901,8.818036972338783,14.213104053332344,17.799730030926593,19.218899458448536,13.176909841950042,13.506294744438284,13.506402089165112,13.67693189350842,13.191841974846346,12.420919639215636,12.413107442495695,11.23546222740812,7.22906907755935,1.647591429006243,6.557786090074996,6.557786090074996,6.566891832029296,6.557786090074996,6.753926981729879
7.10757215395883,7.273311782461896,7.286712598248963,7.310112572709527,7.165219183290898,9.324345700349944,14.994173572110487,18.557487328629424,19.72802694401865,13.333902333710471,13.559884256881242,13.65482381918311,13.65482381918311,13.420791546529195,13.314971122404936,12.359774418312353,11.015575772370616,7.640652015149726,2.1825282719060057,7.23950087138887,7.10757215395883,7.10757215395883,7.10757215395883,7.10757215395883,7.10757215395883,7.10757215395883,7.10757215395883,7.10757215395883,7.10757215395883,8.898651447436334,14.752216822894049,18.34677585195513,19.643935671989777,13.22549273793612,13.365819680319419,13.336859424429658,13.49336251005428,13.264078042512264,13.046634060121153,12.787520248611381,11.420384283465005,7.642840393160407,2.57658165818051,7.596333491939461,7.855067992119743,7.746993145944507,7.603239356422923,7.688803454839387,7.756775555291517,7.359180225215459,7.7702238819612255,7.232838360291449,7.480839724790043,9.140449080977286,14.078342810765113,14.934838482135493,16.056573880362667,14.681867795291101,10.09013133144025,10.4293320383364,10.293995590301755,10.017594223758818,10.67813278876052,10.721751861322481,10.235335983268827,7.435585916221643,1.7999995709982899,7.10757215395883,7.10757215395883,7.10757215395883,7.10757215395883,7.10757215395883,7.10757215395883,7.10757215395883,7.10757215395883,7.10757215395883,7.10757215395883,9.214161350638104,14.3959718824582,16.152017241146,16.33410742961459,17.048088358657616,10.675868531613855,11.328753674604652,12.50809464459499,12.67549264555116,12.857741955133921,12.324675372248796,11.276435483623986,7.462753069851895,2.4391465316940613,7.543359926024848,7.562372163650188,7.5092056038504085,7.364786865444559,7.10757215395883,7.417422412285126,7.10757215395883,7.368175195094261,7.10757215395883,7.204962443566857,8.914649287423007,14.374433073066292,18.12177163677829,19.403282776032324,13.26700965064477,13.725657010162628,13.73170060981947,13.381389024620487,12.986591683350476,12.57490939215431,12.154157886466555,10.845523844547271,6.909604389139954,1.6460176829786826,7.10757215395883,7.10757215395883,7.10757215395883,7.10757215395883,7.139004977490593,7.15067566464764,7.465601448507457,7.312409983313027,7.10872594607885,7.10757215395883,8.775595412773882,14.714077080341367,18.53126783253812,19.83254098923429,13.617856893450776,13.65482381918311,13.704719415437038,13.65482381918311,13.639213830257,13.086324064255058,12.314889147788085,11.256802900477842,7.301918456733938,2.4042080335110114,7.183524658385793,7.10757215395883,7.10757215395883,7.10757215395883,7.10757215395883,7.10757215395883,7.316190710124082,7.10757215395883,7.265056995509574,7.10757215395883,9.01406077340247,14.381697049555967,17.791134960350416,19.385578206779673,13.241065984661862,13.60416719728519,13.49062452521765,13.65482381918311,13.28999151561644,12.951825942212729,12.587573800212953,11.435771378206999,7.236344892832517,2.3095429626264643,7.409122301782018,7.302451112240227,7.2204951957590975,7.10757215395883,7.10757215395883
6.690775582731032,6.598376003453473,6.598376003453473,6.598376003453473,6.598376003453473,8.326930054043453,14.37510172008042,18.111299729162965,19.70125055300815,13.858713647215392,13.994296507073805,14.173803766837747,14.09443476664734,13.898263221120766,13.572245903049323,12.892578272855527,11.45483942630785,7.648944259129929,2.094153871035446,6.651584841808194,6.736222835156248,6.598376003453473,6.645976341221269,6.710075412252811,6.709973648994005,6.630527719290587,6.827386397475278,7.066897122835475,6.9124576666655155,9.062155210263976,14.826076445108011,18.755446143157737,19.593693953018477,13.859814692310676,13.994296507073805,14.142305267736065,13.994296507073805,14.087621691076455,13.757525100583482,13.370613752862946,11.65922324773343,8.316761643861941,2.288769548633825,6.598376003453473,6.598376003453473,6.868524507644767,6.6605413119036045,6.598376003453473,6.598376003453473,6.598376003453473,6.598376003453473,6.598376003453473,6.598376003453473,8.475097358865929,14.25113321772712,15.376555618246769,16.366177452264164,15.641026456219572,10.922744369760062,11.377795532350547,10.995542635435063,10.695401236167514,10.947886567685881,11.06237106796843,10.739320850935677,7.231622777281823,1.9710789707977234,6.697491749281002,6.95534681389279,6.783584717419033,6.598376003453473,6.598376003453473,6.598376003453473,6.598376003453473,6.6847948016978265,6.714293113547501,6.599852456964059,7.866447345849286,12.703389956659603,15.158983268542944,15.606822517424188,14.574543222812776,10.376948808901627,11.07374353498417,12.232284865713387,12.69464749125779,12.698817691587385,12.549479075961106,10.942746641611732,7.317031925155934,2.0099838878513165,6.598376003453473,6.635886920746563,6.598376003453473,6.816855985501471,6.654262122625825,6.689118645407952,6.598376003453473,6.837106144144555,6.598376003453473,6.598376003453473,8.545698539100794,14.20144355305195,18.04679933970607,19.137020828054414,13.230755098496529,13.798831808283186,13.9549563731033,13.632097713478931,13.30387450232432,13.212609541676201,12.690574341223725,11.368624612060177,7.3372902778479725,2.2002534471610944,6.8721253213157585,6.772759702896293,6.9037180169560575,6.665119772292014,6.598376003453473,6.598376003453473,6.6691931699492155,6.598376003453473,6.659077839464454,6.801845279233687,9.039241168937233,14.741453622409708,18.29246585596618,19.544178963040093,13.607665962237837,13.609499597023278,14.019089407910721,13.994296507073805,13.98606285848626,13.230843158783097,12.794492671492147,11.545070071866457,7.922262520876387,2.6322936361215663,7.038135134893273,6.598376003453473,6.598376003453473,6.598376003453473,6.598376003453473,6.598376003453473,6.598376003453473,6.598376003453473,6.598376003453473,6.598376003453473,8.32067901648686,13.800048388190003,17.336193176459837,19.051241908006062,13.067293276350455,13.378148335252016,13.432400048829829,13.56395636681606,13.5445095962376,12.75936683057734,12.285802305058874,11.163876582127772,7.660452989296624,2.0484510540340075,6.920115560421984,6.598376003453473,6.999470309828449,6.872236781278529,6.875041996029107
6.473760218315992,6.4845795319795005,6.388578784433875,6.388578784433875,6.388578784433875,8.438874950175475,14.208265030751397,17.73841480621251,18.94707799700275,13.316822563481795,13.543842437234698,13.543842437234698,13.543842437234698,13.242400046518991,12.964433063960477,12.229970205237919,10.988149486077269,7.3155429576756905,1.716048316844509,6.388578784433875,6.388578784433875,6.388578784433875,6.456465694064553,6.6467523837430855,6.388578784433875,6.388578784433875,6.492638012460365,6.728455215242531,6.5221240176158535,8.576202876487248,14.344564689363425,17.84849091392485,18.954298272807662,13.246821408958507,13.51811337327447,13.526096090743257,13.543842437234698,13.12362868214082,12.674890019831807,12.308380915091602,10.898709249981092,7.379164658246404,2.0674939021750025,6.388578784433875,6.388578784433875,6.388578784433875,6.388578784433875,6.388578784433875,6.388578784433875,6.388578784433875,6.488021958310125,6.388578784433875,6.5239706612768265,8.172967546668415,13.400112411739904,14.519774239916542,15.580710781484445,16.232049246271828,10.4260750331931,10.860848009456662,10.51867361729448,10.076609324945279,10.482249377991026,10.823688291704423,10.536902746433025,7.674129554761065,2.2371950462793153,6.559932280658206,6.70502837084906,6.443793732625436,6.619366860069835,6.610241917647387,6.466399678320435,6.388578784433875,6.463083792489858,6.422849362587353,6.443004519506722,7.984681942624797,12.353017826689102,14.42214229047039,15.300850824659605,15.869793865665184,10.307864878924955,10.87442154673124,12.02914659710272,12.284705934263034,12.568361990551283,12.325072475325225,10.992230656452337,7.691604270015996,2.485537351455199,6.388578784433875,6.3896961047582534,6.388578784433875,6.636470968114266,6.532359620336362,6.69345147919185,6.388578784433875,6.395484626268976,6.388578784433875,6.388578784433875,8.207194431012867,13.640620089420942,17.37579453689122,18.58107766341545,13.03712422393963,13.581545162760387,13.531213412783435,13.482381292542014,12.953166721257729,12.702723898861677,12.047430589355125,11.145952946839703,7.190446959768016,2.0419311726858607,6.388578784433875,6.46919537573176,6.462754827553531,6.388578784433875,6.388578784433875,6.388578784433875,6.503156615844654,6.388578784433875,6.388578784433875,6.587697728560066,8.617974359736415,14.133733281680652,17.765863801954765,19.026551889239606,12.940300357686763,13.088701696043213,13.355671913627207,13.350864743740372,13.331849359506835,12.808185617430354,12.458411529782097,11.178236113795796,7.564566874532173,2.0456632139612343,7.126322513394097,6.388578784433875,6.40087112437285,6.5015346471624325,6.388578784433875,6.388578784433875,6.517899139102322,6.388578784433875,6.52293694446464,6.388578784433875,8.552862915164384,13.912007685493034,17.187528105650642,18.659003200442797,12.725372024723358,13.352044080293737,13.21824228154439,13.57920590926554,13.063522799168734,12.510493945305377,12.237234219800222,11.005219619966425,7.105425467427026,1.721125979513276,6.425058977682672,6.388578784433875,6.44718292920026,6.388578784433875,6.590596706834069
7.026843624280549,6.979308861426733,7.051350748373228,6.979308861426733,6.979308861426733,9.263904908766868,14.830111190507811,18.372693063020947,19.685427254258833,13.395681239535449,13.699897189179833,13.699897189179833,13.945239082491344,13.97487207130193,13.41384682272103,12.527601374270642,11.302275409054628,7.598728936045315,2.3528516651839184,7.170583312827193,7.112224559958558,7.016285532315934,7.193294425732793,7.140150847174714,6.979308861426733,6.979308861426733,6.979308861426733,6.979308861426733,6.979308861426733,8.722220667204295,14.579064235396363,18.40384794458525,19.72214945061863,13.244475702894276,13.250689737672996,13.282397442208472,13.654032360853458,13.090386432629865,12.92901777811891,12.620863507742213,11.37799824823708,7.223711857793669,1.7667336933109385,6.979308861426733,6.979308861426733,6.979308861426733,6.979308861426733,6.979308861426733,7.431258635377242,7.028083903439096,7.340242294189951,6.997113211138355,7.149620747541169,8.887334067810942,14.064589377036281,15.029556979896729,16.18592300083018,16.832557662132537,10.477760744231311,10.950844105419135,10.666679692601312,10.09001789766291,10.236944688685275,10.727855684577113,10.559406246110774,8.022514696653403,2.144349269072927,7.152545983346055,7.039154806077115,6.979308861426733,7.377911882128595,7.510657222178351,7.333466334049972,7.0323111720763745,7.085450820855209,6.979308861426733,6.979308861426733,9.153974182821523,13.978071357181975,15.74501116020091,16.131482595121305,16.970922637538504,10.628355453127327,11.513291665281882,12.4669262268552,12.51472029322123,12.644103158121146,12.305916483234776,11.34790213488099,7.576160366950505,1.829284245513923,6.985782994106271,6.979308861426733,6.979308861426733,6.979308861426733,6.979308861426733,7.049477672684076,6.979308861426733,7.0909986484270355,7.161195121247374,7.193005867656815,8.913289800398235,14.302788301677445,17.855675382308984,19.466634999975028,13.63549617105984,13.872402208237258,13.699897189179833,13.738012351571216,13.209999839673428,12.979166144755386,12.2141719806326,10.78532956111295,7.045413828861042,1.8547933353833566,6.979308861426733,6.979308861426733,6.979308861426733,6.979308861426733,6.979308861426733,6.979308861426733,6.979308861426733,6.979308861426733,6.979308861426733,7.126309654313461,8.927074853555991,14.708333353969449,18.511169909545156,19.636338731455734,13.299481163602973,13.335525582510883,13.409819462464299,13.547176781228575,13.709552768337609,13.104985228879254,12.603890127714545,11.192495519753216,7.70683218691864,2.2819730848602937,7.531217163718109,7.1733707001419456,7.137413577304356,7.324146939124985,6.979308861426733,6.995492611006661,7.24441539284604,6.979308861426733,7.286134031381406,7.0141293594128715,9.32067603082059,14.471270288638326,17.867618644903263,19.472444132348585,12.965858521429787,12.99612088378067,12.91710312831365,13.357240722450811,12.987518053523036,12.493715857528208,11.946003844965,10.856379794721494,7.030355233793588,1.8293183628023788,7.051380961740929,7.020394958611963,6.9980204287468775,7.030508219980501,7.112004492320847
6.765785049006876,6.765785049006876,6.765785049006876,6.765785049006876,6.765785049006876,8.47005010136118,13.981821960182511,17.62362771116164,19.11670518295608,12.905571921110873,13.424794349979267,13.457886054720854,13.446292388137184,13.609441145007464,13.284037067743109,12.351215861702018,11.31396128057683,7.610264940550819,2.4385788650326963,7.233144397650881,7.035400241065136,6.7983728486548385,6.809343698882147,6.901843493503997,6.765785049006876,6.765785049006876,6.765785049006876,7.049451755230984,6.765785049006876,8.804283006306,14.484314565125239,18.127195326449062,19.13040616981762,12.970049363130894,13.476207369383857,13.40942807077334,13.40942807077334,13.431940766103786,13.12517535403094,12.583258007407784,11.036422863736329,7.749791976729431,2.16904401456703,6.765785049006876,6.7729426097512535,6.765785049006876,6.765785049006876,6.765785049006876,6.765785049006876,6.765785049006876,6.765785049006876,6.765785049006876,6.765785049006876,8.495619562097044,13.272432624520441,14.347830612351345,15.547323158641552,16.142424907539052,10.09518956115377,10.631931450940524,10.038792680163395,9.749018758959725,10.064194095601882,10.558828445617264,10.018867234792323,7.475115640525603,2.159576990198767,6.765785049006876,6.765785049006876,6.765785049006876,6.867146385686668,7.178547259815649,7.06702677565441,6.935209826433655,7.110799178748312,7.038106050095377,7.001158464069922,8.580074013267923,12.856598641587318,15.20343893870433,15.998448652184361,16.7173116663711,10.767292246343109,11.306087607532309,12.395087554914399,12.404149530927663,12.730744067759716,12.42824255087599,11.054262637782461,7.472583933800173,2.2196206156482234,6.765785049006876,6.765785049006876,6.765785049006876,6.765785049006876,6.765785049006876,6.765785049006876,6.765785049006876,6.765785049006876,6.765785049006876,6.765785049006876,8.693487604633294,14.295955168922266,18.19707739296784,19.194970731635088,13.342682671699142,13.40942807077334,13.40942807077334,13.594251915554617,13.018348099279297,12.645883790192913,11.9793342162151,10.793847431521971,7.041404078288499,2.2182595708815587,6.789901996927095,6.876338173719926,6.945481820028887,6.845265429311009,6.765785049006876,6.765785049006876,6.7937534013214105,6.765785049006876,6.765785049006876,6.941022625166917,8.800973652899149,14.225871687825892,17.806922170149495,19.052939086071213,12.56782686136405,12.86465039975439,12.980021782514362,13.01942870447337,12.997301527296157,12.608007459170775,12.312967058791152,10.959950261824305,7.549861153548863,2.3274034148075478,7.011805662251539,6.765785049006876,6.765785049006876,6.8685769187369035,6.885190124607505,6.920459505589743,7.0999760924893875,6.765785049006876,7.075021415782898,6.8529660401231,9.043440837432865,14.099038050964158,17.568652721177372,19.271258900691215,12.823636125790875,13.005155684525345,12.831094884724694,13.010225206639772,12.596512441492406,12.13002515683247,11.935468998566346,10.697200949032604,7.242100117369075,1.6434736169938737,6.832729120246245,6.765785049006876,6.802507891930993,6.8248336887861845,6.765785049006876
6.885347309671935,7.084718408442023,7.143908672185229,7.104600642755741,6.982543349669282,9.024250551929422,14.802285506637359,18.553883066015363,19.856113041159798,13.343431293020533,13.769608378164143,13.788203339340333,13.805573435168089,13.390215102210513,13.121146072207448,12.464503127533993,10.977960633111804,7.22049896907403,1.7870525477782975,6.879401256954119,6.879401256954119,6.879401256954119,6.879401256954119,6.879401256954119,6.879401256954119,6.879401256954119,6.879401256954119,6.879401256954119,6.879401256954119,8.732775011701246,14.80602630229954,18.396436383302046,19.636913354702315,13.397570180538326,13.803287738096973,13.776914294150485,13.80857567686279,13.336505966075325,13.222172413106184,12.58412554888765,11.28336595293914,7.819014220020725,2.516875008923482,7.614250828097272,7.611480306452946,7.281639650176145,7.186115129094006,6.940677254970309,7.041169634568016,6.879401256954119,7.12127854532545,6.904841094942037,7.149611359237165,8.840127659586653,13.962921233680001,15.14418484937088,16.2221421056651,12.056415019112716,10.626233393118971,11.080704967995203,10.568880023450923,10.382623115367108,10.633640388302144,11.052335484658345,10.84606116122645,7.797327827326837,2.158101306357088,6.879401256954119,6.879401256954119,6.879401256954119,6.879401256954119,6.931151176047527,6.879401256954119,6.879401256954119,6.879401256954119,6.879401256954119,6.879401256954119,8.617293168842968,13.105635537773537,15.478443785654036,15.794275230063263,16.48611259411012,10.510486148753259,11.37636226202074,12.256366441832114,12.622277150617496,12.731153595288225,12.54093988752493,11.18254030833638,7.716551980075165,2.0166289155467654,6.9432206627556905,6.879401256954119,7.012229383657208,7.163269460073258,7.261572834422266,7.139559616647654,6.879401256954119,6.970691873750988,6.879401256954119,6.879401256954119,8.560609952038613,14.228286497454405,18.062112439791147,19.15154799760138,13.354286967808559,13.818599796580134,13.71419076043865,13.8858141884964,13.390619957350369,14.446584907911308,13.196637727990126,11.367671050752675,7.225726990353498,2.034087676295903,6.93326776818178,6.879401256954119,6.879401256954119,6.879401256954119,7.016859400021643,6.879401256954119,6.982369979918715,6.879401256954119,6.879401256954119,7.194911368167992,9.126678696594343,14.879532196472727,18.46868245385913,19.817589014221213,13.105719161069992,13.359309514115441,13.718092531897936,13.70833237354463,13.739021284040447,13.073707098981506,12.403755107524127,10.987533153115798,7.561335183287739,1.9770533055577626,6.932450292006979,6.879401256954119,6.957983680744312,6.879401256954119,6.965721392317212,6.879401256954119,7.0891589061084925,6.879401256954119,7.0462812907171015,6.879401256954119,9.114936046066793,14.270029366427377,17.907838768092653,19.659428896037245,13.330995521267855,13.50354903220535,13.581539339902424,13.716326740242183,13.555357687632474,12.77553606724847,12.652913822559716,11.384694399563594,7.723730081677877,2.1464612431363,6.981317572560114,6.879401256954119,6.879401256954119,6.879401256954119,6.9669780787174185
6.768699996151169,6.674949575594971,6.674949575594971,6.674949575594971,6.674949575594971,8.483719638942652,13.979335909396184,17.547931198237965,19.07731618213068,13.165694537078696,13.754589986422754,13.507778501180848,13.507778501180848,13.507778501180848,13.058283974824931,12.33526109799891,11.02743077472096,7.463397175553875,2.22225698587105,6.8775043167562195,6.9047248331605156,6.674949575594971,6.674949575594971,6.674949575594971,6.674949575594971,6.786820622426291,6.840173627628156,7.047711346023528,7.034792490065225,8.874907581092081,14.412945555798451,18.323031960935204,19.370349964570494,13.392021183016034,13.568132406474158,13.521595348349148,13.677994353505419,13.54505003752944,13.47001968612188,12.827951558714496,11.568324101450758,7.9252457654699295,2.4057681125983628,6.873571224268501,6.674949575594971,6.674949575594971,6.732959431543159,6.674949575594971,6.674949575594971,6.674949575594971,6.674949575594971,6.674949575594971,6.674949575594971,8.680964119012865,13.824064879489422,14.837289808288428,15.927228784945525,16.732906635755466,10.626451132432932,11.067877667495543,10.45148105984217,9.959251791471653,10.261007449898166,10.538931483975533,10.556264243807284,7.774444882346819,2.1361887789217646,6.833470045086622,6.887249012442355,6.985731613377995,6.674949575594971,6.953746560579498,6.93535360032012,6.79490736169829,6.851294485509685,6.770999940180079,7.237131960571512,8.896338433990705,13.22567525855047,15.239117092448108,15.41286899234642,16.183958615621428,10.491658325747476,10.805563563498087,11.928853639001394,12.29563999652835,12.803550594750314,12.368601340969859,10.877080520836204,7.031679576048886,2.0321078829472166,6.674949575594971,6.674949575594971,6.674949575594971,6.674949575594971,6.674949575594971,6.674949575594971,6.674949575594971,6.674949575594971,6.674949575594971,6.674949575594971,8.54267722923295,13.928097669165197,17.57549389333645,18.642229934022193,12.777754346840181,13.399819915474803,13.312631173942842,13.36689024819876,13.074461920766074,12.877542048510357,12.185154429622491,10.945552865821641,7.272098352217568,2.198499317851943,6.921013646052614,6.787131753436022,6.736841599789918,6.704270364696039,6.739113414717351,6.674949575594971,6.75464445276301,6.674949575594971,6.674949575594971,6.940107619751514,8.818386504385991,14.469048369371293,18.041680561678163,19.46303127798894,13.166571866118721,12.992161906366148,13.098102845465988,13.215400821201142,13.281941368142643,12.726681962635084,12.113856023869898,11.023384053576207,7.8240795876589075,2.346337163119716,6.8387890619265965,6.674949575594971,6.674949575594971,6.887380499637637,7.046351336675316,6.917583405284165,7.0500413816493674,6.674949575594971,6.76296437675102,6.674949575594971,8.628174199044526,13.764531422584962,17.393482202323593,19.033346622490598,12.872420849852503,12.990450284899348,12.767498647530592,12.845914732469893,12.718927342308843,12.308958264032906,12.030852506605134,10.955523174944702,7.397254430925739,1.849960125583024,6.826369988143394,6.674949575594971,6.674949575594971,6.674949575594971,6.674949575594971
7.011644752539924,6.917249516802499,6.917249516802499,6.917249516802499,6.917249516802499,8.853756532982283,14.600288518547467,18.246060324125228,19.527221656767324,13.42030960707668,13.430698936953416,13.430698936953416,13.465987357527213,13.430698936953416,13.719728487137914,12.836166465136397,11.115316759847488,7.701579323773356,2.4905084094012606,7.326112500016123,7.387489791795823,7.027812697870078,6.917249516802499,6.917249516802499,6.917249516802499,6.917249516802499,6.917249516802499,6.917249516802499,6.928806897919257,8.612598657762677,14.361772399057292,18.257993855233916,19.351039501056043,13.205326342100982,13.203599628116939,13.335943173962074,13.444517156374214,12.971328836354427,13.127745167248733,12.442628117177614,11.283066805537487,7.210078268716104,1.7397638592942901,6.917249516802499,6.917249516802499,6.925039394009667,7.1488905170400745,7.09386109409864,7.483413743528648,7.223850886228532,7.240924533494561,6.980983524872418,6.966796946372591,8.932874315216685,13.968552662455366,14.890432550311168,15.978767865614506,16.574621474112547,10.079097919062876,10.52273668479287,10.200817983223528,9.967700269905746,10.200707295433133,10.284077270067675,10.331736469497704,7.232187362575346,1.7855173926738939,6.938442902075376,6.917249516802499,6.917249516802499,6.917249516802499,6.917249516802499,6.917249516802499,6.917249516802499,6.917249516802499,6.917249516802499,7.662449832172078,8.646672903746154,13.418212902781292,15.541360361511584,15.876198897557106,16.95728299364917,10.682555701635254,11.288956205940003,12.241079507515629,12.359743172221593,12.49972340406797,12.046227607572797,11.35240119181492,7.3506869182132695,1.7433968738212906,7.230206510220928,7.083896421507168,7.053251004347436,6.917249516802499,6.917249516802499,6.917249516802499,6.917249516802499,7.008142925200851,6.917249516802499,6.917249516802499,8.685230129149279,14.10141216181286,17.699693204695798,19.262776040539542,13.404781113102853,13.472751838303507,13.430698936953416,13.275438149542362,13.073209346858098,12.475522377068526,11.889482633761025,10.327879181125763,6.601236027881683,1.730752270128764,7.037426237095847,7.1159832966700245,7.034118388676528,7.098198126520884,7.2232616446144124,6.939272603500777,7.131629495243615,6.917249516802499,6.917249516802499,7.137382368643729,8.965925681387047,14.436094594110733,18.327509655923865,19.398687168030552,12.972116512659683,13.130157595064293,13.479879299919245,13.384519148780782,13.05013881401975,12.529814602890296,12.0386065425594,10.902073366039566,7.137121153670151,1.9986642938137218,7.018363617945117,6.917249516802499,6.917249516802499,6.917249516802499,6.917249516802499,7.15377721477375,7.663038673520179,7.167742896464003,7.463544438248645,7.016390306468434,9.15747298507197,14.016442890637762,17.55811671196321,19.45516470339769,13.182807786751908,13.411608139523649,13.413925742086873,13.409932959093016,12.972763389768716,12.27297670661844,11.750950564373603,10.580274925111974,6.648399773238486,2.015849970205708,7.098192672896367,7.09628620584496,6.917249516802499,6.917249516802499,6.917249516802499
6.932592611340846,6.899935242402988,6.99868494541927,6.906771151946933,6.899935242402988,8.77927734323063,14.691958606284814,18.419809337229687,18.58826209443105,13.736987980771666,14.022194764058694,14.064275212690378,14.330477269949618,13.972109519870363,13.484912667130258,13.085379707497745,11.384498224041156,7.518271054283484,2.1795621271151853,6.991916943645278,6.955386428929777,6.939480862104402,6.899935242402988,6.909364131787469,7.010575230280818,7.189387044863271,7.097953150377517,7.011554669270525,7.140541665013779,8.989246496349427,14.781726409753144,18.946565520868425,19.093901162551848,14.004949134208982,13.892206801121713,14.000180109774856,14.15301138280875,14.022194764058694,14.152297084792819,13.329015246842555,11.873462539827507,7.8202796824857765,2.291139205709301,6.920491290024983,6.899935242402988,6.913899900689614,7.0785389457889085,6.899935242402988,6.899935242402988,6.899935242402988,7.052325083958159,7.049337873394673,7.224683414214995,9.247499745480681,14.452405067528773,15.372481383159402,16.57529305714474,10.433388196121816,10.957817571843533,11.381506894346346,10.979474138301168,10.405040802334682,10.586594001353392,10.971806990347819,10.611565673361463,7.613510776968334,1.8901431972958902,7.285609325155395,6.899935242402988,6.959181271824989,6.899935242402988,6.9598114559301525,6.911880428084705,6.899935242402988,6.899935242402988,6.899935242402988,7.684701356409563,8.88450785039075,13.48435995688525,15.643560842932393,15.96812320863846,16.83629709332655,10.61159826909104,11.207341224910582,12.305664362477659,12.623600601412189,12.782942290968812,12.364161160250093,11.150368068548909,7.449025467484301,2.1603009752934037,7.096631299517009,6.899935242402988,6.899935242402988,6.899935242402988,6.899935242402988,6.899935242402988,6.899935242402988,7.086055656845006,6.899935242402988,7.058180562014222,8.879496256968219,14.432728947895129,17.73310089382683,19.32093248979294,13.583558210074784,14.323329510570344,14.022194764058694,13.933556110094445,13.895307045986774,13.513406835472543,12.706685444529205,11.395965236749069,7.406438449255042,2.106272943304822,7.0385812826341185,6.899935242402988,6.925616184949844,7.035697866485168,6.899935242402988,6.899935242402988,6.899935242402988,6.899935242402988,6.899935242402988,6.899935242402988,8.63432288011785,14.759912344574396,18.338742921982657,19.827553706220137,13.568944457980898,13.65026487002753,13.567816687980669,13.862258544279943,13.912118149487744,13.132172546886402,12.649662158156612,11.242036453787986,7.830189340927898,2.3512194487354514,7.413103708115083,7.303849874532232,7.303476851928206,7.118552241078314,7.066779200555909,7.176219676032638,7.3573317357303845,6.899935242402988,7.046976302339439,6.899935242402988,8.61036251151462,13.881450746158901,17.764580846507194,19.670957970814555,13.440708823923151,13.601805043921486,13.667431326590243,13.50518270520884,13.360121945564186,12.813291031794126,12.381765361585725,11.342832324473983,7.4259668136883,1.9158046292003539,7.149903273469261,6.899935242402988,6.9755640735628965,6.9822708016336925,7.213583001191494
6.793913701056743,6.877610456025288,6.62908570957756,6.62908570957756,6.62908570957756,8.51133294354624,14.34244591646385,17.961932397538632,19.32512503672689,13.223812708062969,13.565161462433108,13.73250085057059,13.624573688480472,13.367234907164738,12.956768431816318,12.333320457521841,10.888340901039943,7.341205598083323,2.0205311449171135,6.792731858554082,6.642763235978024,6.62908570957756,6.62908570957756,6.722189247645383,6.6489760577510015,7.089229495806783,6.9370286781211545,7.082388281699578,7.068119353973222,8.871324585389766,14.247499094215627,18.312667797558607,19.485763038499588,13.290804101447838,13.527285473354631,13.621594564659624,13.565161462433108,13.522824343777907,13.244338245000678,12.830211980619405,11.125358260242901,7.460736309532804,2.129662839791818,6.62908570957756,6.62908570957756,6.62908570957756,6.62908570957756,6.62908570957756,6.62908570957756,6.62908570957756,6.62908570957756,6.62908570957756,6.765119233117242,8.694786716269093,13.610403159786035,14.776907937143527,15.9825859901919,16.562417418077892,10.507676919988844,10.879179259172135,10.508386905423766,10.13715176015688,10.378607231813497,10.623086667867394,10.420124484185584,7.517890016280738,2.148499011546346,7.0737372370288,6.979367514937945,6.972308852321356,6.62908570957756,6.80210483429738,6.74052708522034,6.6608148480458595,6.62908570957756,6.62908570957756,6.801826997461547,8.454012445148493,12.805015116908116,14.901146786713866,15.506934178525402,16.15733313066314,10.120545829464001,10.862923429170174,11.933401165981374,12.247937933363309,12.26173416451593,12.07750800408459,11.038181479479299,7.445039964891686,1.9596530413460953,6.812398037174276,6.62908570957756,6.678253126960457,6.641822037166204,6.945626409248499,6.8447462191563915,6.697890096833632,7.075737278187148,6.717946904544584,7.0534149733522895,8.907621860716706,13.882864777620979,17.653061116395136,19.074186930190244,13.290264859545825,13.565161462433108,13.486764781160273,13.275884648164068,12.911127284645591,12.84860660775515,12.057983132211612,10.629178258179993,6.938152379803858,1.5932403836989424,6.62908570957756,6.62908570957756,6.62908570957756,6.687234816668859,6.62908570957756,6.62908570957756,6.660565613547074,6.62908570957756,6.62908570957756,6.666435712617137,8.502881407756485,14.439161838739146,18.08046614208565,19.330062830998067,13.117482129988096,13.157365181316068,13.425909150543555,13.348677144906341,13.498389736877225,12.760942075099141,12.336822470867462,11.036629161581601,7.633884924408648,2.2424676945085773,6.808600697925123,6.919114923253783,6.70906320058094,6.808870095555503,6.630131514109674,6.6706343941999,6.638803126185361,6.62908570957756,6.788196164628982,6.62908570957756,8.556668759516525,13.790678333568561,17.374369646773815,19.238592759260086,13.11185464544128,13.344277034144309,13.206820872808633,13.36618375292289,13.09238645967718,12.94893654217117,12.018690707277425,11.575393423757818,8.037928258088504,1.9749626606800885,7.249903578972855,6.871972814111433,6.62908570957756,6.62908570957756,6.62908570957756
6.950282390923498,6.950282390923498,7.064733450246916,6.950282390923498,6.950282390923498,8.814372552390418,14.395883857705574,17.92301500155814,19.312938980206262,13.207203044560826,13.570173502331949,13.39879226010671,13.610425196637372,13.518621232803275,13.419892153311691,12.584224544517445,11.213317438346134,7.445508895661708,2.298705131866727,7.235977042847558,7.202095761240744,7.12888931180397,7.072780899230425,6.950282390923498,6.950282390923498,7.0628181336423355,6.950282390923498,6.950282390923498,6.950282390923498,8.55321463057589,14.404099343396709,18.32265660268274,19.46100366985369,13.032412669979895,13.109549685309702,13.513689206774718,13.505092885075209,13.55768332179523,13.030860496666516,12.93188123822601,11.417448198329879,7.675017657009306,2.233406497326807,6.973202547533205,6.950282390923498,6.950282390923498,7.125877379595765,6.950282390923498,7.055347845470167,7.050956452637297,7.393856333980093,7.195739697309228,7.212899716574791,9.395788415403057,14.59297260276761,15.246653507171187,16.365875380874012,17.050544266579365,10.630043800634061,11.097153026207435,10.7457208546382,10.01857711904274,10.140824930668801,10.424301045258682,10.333458187459188,7.873346195470582,2.472419266552594,7.562329786114101,7.518770948528637,7.684031025646855,7.199818008575765,7.44345347506433,7.243732188456425,6.950282390923498,6.950282390923498,6.950282390923498,7.078557236520634,8.523982783799974,12.73838788543,15.158436449325102,15.554937072087288,16.313494616138218,9.957772641311829,10.716153764206075,11.71247429940345,12.07477601896232,12.181522457019515,11.942514912311001,11.199510191688324,7.276868425808992,1.3797963131475888,6.950282390923498,6.950282390923498,6.950282390923498,6.979551014595604,6.950282390923498,6.950282390923498,6.950282390923498,7.380330536155257,6.990441654734212,7.263637444544828,9.257427795310601,14.23721615242777,17.71434520685488,19.292002612643977,13.01662325671009,13.443417174888156,13.5868391317608,13.61058387782496,13.270601844356282,12.678946348661343,12.332718460737993,10.548364055810229,7.063084619851187,1.1259373747570272,6.958361233591306,6.950282390923498,6.950282390923498,6.950282390923498,6.950282390923498,6.950282390923498,6.950282390923498,6.950282390923498,6.950282390923498,7.084491548440167,9.30310339230823,15.003582674206477,18.423680673790237,19.607108266648098,13.34046457441164,13.152224296826494,13.19544007254392,13.31847433620998,13.585697407981433,12.918604929632643,12.210158145452823,11.142677169716963,7.830893208925605,2.5527546984655696,7.7630535575831265,7.668729371622689,7.274278847003923,7.269024027232051,7.20064742569011,6.950282390923498,6.950282390923498,6.950282390923498,6.950282390923498,6.950282390923498,8.877824823122282,14.103894419906851,17.433754896321698,19.126145753661728,12.536101865236432,12.86360560963982,12.647993785875187,12.659906481617211,12.925007509275675,12.532311068280649,12.064371157269592,10.905555175271724,7.841814097543339,2.228413742425846,7.659422251056688,7.2019000035074,7.254863664439167,6.950282390923498,7.023901989295307
6.906028967594438,6.992531495166322,7.249682724041392,7.001019071810044,6.972774917912103,8.915555053498487,14.744346315145764,18.166126114934873,19.497505494126212,13.018117757124584,13.54986121400844,13.652435126063303,13.42267068081794,12.997750721847252,12.571522047445297,12.089971283285996,10.716925343519566,7.113219566472437,1.7776079461547898,6.886076103209296,6.886076103209296,6.886076103209296,6.898308727300318,6.924525875970413,6.886076103209296,6.886076103209296,6.886076103209296,6.931574350050142,6.886076103209296,8.700027545153738,14.893273448589998,18.289111456745886,19.23786151960725,13.04395709373437,13.167999986407922,13.58791640684765,13.612165913733039,13.13249916287699,13.097255556105686,12.830944671111121,11.4302311924468,7.569838534682981,2.394570809160418,7.306367369427614,7.398745593316522,7.241724971272912,6.984077019899948,6.886076103209296,7.041479349569748,6.900227597998197,6.886076103209296,6.886076103209296,6.9470562073600695,8.718365304529474,13.660957610945381,14.61145478065021,15.780553446364529,16.603985731337804,10.24604210372382,10.816357060343389,10.2737923608512,9.94646575786256,10.465294281498519,10.74277590452741,10.204918082796977,7.629066854063733,2.145202576525546,6.886076103209296,6.936376522277093,6.886076103209296,6.886076103209296,6.970036535827765,7.045412358344217,6.886076103209296,6.886076103209296,6.886076103209296,7.296593279495968,8.545184953372125,13.225624039395921,15.420633289596955,15.90023510924603,16.70505150253878,10.446030130104782,11.274231037012118,12.221693784111732,12.441954671274521,12.725236770345058,12.562579831457201,11.426088286914883,7.645799736892452,2.2243532618951263,6.886076103209296,6.886076103209296,6.886076103209296,6.983874929936105,7.203010034277091,6.983854241575263,6.942235617446027,7.1951387689488175,7.0018700194131,7.405107415653937,8.544597504843024,14.155144220394472,17.53229932676447,18.92324100141643,12.76775266382187,13.490165196582197,13.258889102450897,13.24468786532631,13.10336995081031,12.749084294347984,12.313203353153156,11.11194345583522,7.149159588766236,2.229961882629047,7.115852190260657,6.886076103209296,6.940445115504207,6.976770193606767,6.951198875010884,6.886076103209296,6.886076103209296,6.886076103209296,6.886076103209296,7.095458461951897,9.053997931180586,14.713440124260936,18.32770201127957,19.323378524311764,12.69180276452174,12.941205805149732,13.529047204706679,13.4826067796374,13.367734273565565,12.634082843283295,12.546350093070675,11.066106269218942,7.252921911195111,1.977842214489199,6.918295601332309,6.886076103209296,6.886076103209296,6.886076103209296,6.886076103209296,6.886076103209296,7.016657403771125,6.886076103209296,7.253140909704809,6.966963708729607,9.123448455773406,14.192246020298139,17.611884726118266,19.366939129551724,12.860811131107177,13.320317469207975,13.392209639591849,13.306224879409921,13.385204055114894,12.483534007128286,12.62893901768669,11.217438352795558,7.241436540605849,2.100618694912636,6.992370176411164,6.886076103209296,7.160118016308273,6.886076103209296,7.026961468956263
6.8196317995626625,6.685253668640168,6.650699685516847,6.650699685516847,6.650699685516847,8.74123188655922,14.672143465834136,18.368187573158522,19.847199951885663,14.049448974984951,14.165067278528062,14.161241748117735,14.161241748117735,14.161241748117735,13.9278074072295,12.923396170160576,11.373354814211934,7.758707508578855,2.3868112419754333,6.912074821159393,6.953666391641079,6.821818114107367,6.775873592052986,6.775198858973171,7.038283037059321,6.860806818644956,6.711828128584944,7.115229143790691,6.975706159945923,8.91665932202693,14.994610802040803,18.92805206768394,19.862695620521322,13.915821649472303,14.102624905299592,14.161241748117735,14.18167060405763,13.965422918841812,13.641409235798898,13.375960062875524,12.028348906617294,7.814843913875304,1.9358816909972043,6.650699685516847,6.650699685516847,6.650699685516847,6.650699685516847,6.650699685516847,6.650699685516847,6.650699685516847,6.650699685516847,6.650699685516847,6.650699685516847,8.837330125583717,14.421029231950007,15.493224093226292,16.600015932736145,12.504901158176267,11.369675487869587,11.869904854168789,11.214600196686137,10.480937966012913,10.77943945848518,11.371557302572585,11.474910591539151,8.320383348121437,2.833433052190145,7.406852051680399,7.439980918351951,7.22210907933232,6.888143320758452,7.061172789678627,6.795558177901594,6.7656184405608455,6.660075362796823,6.650699685516847,7.011546778337704,8.459997652399728,13.103161471330989,15.20447505236207,15.512304426323048,16.381555571936516,10.285359698335421,10.959799039777606,12.202310310098273,12.538485935232515,12.67121671263707,12.581820526659783,11.409200180530002,7.491852114062973,2.1397587007637933,6.650699685516847,6.650699685516847,6.650699685516847,6.650699685516847,6.650699685516847,6.650699685516847,6.650699685516847,6.724723285355676,6.650699685516847,6.8909684424074165,8.835583310748781,14.440302858401292,17.990399510070134,19.437568285771036,13.692577953899246,14.27745886779283,14.161241748117735,14.058823280641777,13.914220097654177,13.440432005014301,12.801927232579446,11.409483789993416,7.325446743352381,2.313778924174769,6.850557100890675,6.898014681542566,6.863682690350432,6.800442158651883,6.735520386255866,6.650699685516847,6.650699685516847,6.650699685516847,6.650699685516847,6.734970945675234,8.87174879280792,14.726691863373517,18.655039131660367,19.73945789844018,13.537499286412658,13.402412553869517,13.917838754922835,14.004746129953123,14.018334229824566,13.37599904383501,12.788930912167917,11.470747654470106,8.151861727880624,2.149918418937608,6.876747928391635,6.741979148645369,6.660567986526245,6.765242510308558,6.683938493059262,6.650699685516847,6.802611433416699,6.650699685516847,6.9571471491552455,6.650699685516847,8.660462696828544,14.014595768980858,17.942619756242443,19.176787224835792,13.281003225329906,13.362622821412936,13.474663752826208,13.66597554854592,13.50716664268018,12.88410444241654,12.5981254423886,11.536983353960471,7.749965310642488,1.9928800184995754,6.917787367801127,6.650699685516847,7.011166996989651,6.841209330866307,6.699745236492079
6.7394077219100845,6.8587730189183596,6.875292412081829,6.843644074174803,6.883409734873716,8.953444581129514,14.576591586698271,18.07943632703193,19.492544057662034,13.474720644331091,13.727942387447047,13.731236868028738,13.705638587149407,13.781152061446964,13.104773710532626,12.668267925744964,11.003735343026335,7.4006816018766415,1.9288106257175084,6.7394077219100845,6.7394077219100845,6.7394077219100845,6.7394077219100845,6.828179834943912,6.7394077219100845,6.961270251215425,6.884142562919506,6.947276875939327,6.828099164121621,8.717155045349516,14.565505169186201,18.41955349992953,19.405659171612,13.550950143242686,13.47881520619918,13.615810397321894,13.705638587149407,13.444258587567404,13.39556985709434,13.296651757092587,11.527585203500484,7.467010017612952,2.488675586853147,7.119940057741008,6.934373424741365,6.8939402385167305,6.924567120429604,6.877749349195428,7.239724843025199,7.010092079693754,6.906839911460991,6.867448502108531,6.7394077219100845,8.90620252221607,13.864800449062102,14.903504069251376,16.050968296283894,16.72531178408742,10.548448918491204,10.988632221658397,10.509181221418753,10.064213219454993,10.475596017914496,10.969912422209017,10.89627209510197,7.819396913141045,1.7822701887450356,6.976057417171375,6.844429899887389,6.901309773420466,6.7394077219100845,6.892594363279008,6.783559220352563,6.7394077219100845,6.7394077219100845,6.7394077219100845,7.256671076742058,8.727542792271564,13.713832867995983,15.41388528390721,15.742366252321574,16.622955877739358,10.431595644283345,11.016962997527429,12.161322343889896,12.39660316109287,12.61463552897493,11.796684277511162,10.90943328969103,7.177975117300791,1.358550666204195,6.8782481807990905,6.7394077219100845,6.770100110572957,6.912341610483784,7.068220053385636,6.897351337862597,6.890055019388714,7.0884834917381125,6.7394077219100845,6.74624345083467,8.5868706461992,13.942402920887444,17.70231514160436,19.148476261001385,13.352430275748311,13.603410070382543,13.705638587149407,13.278195147006365,13.25402984478659,12.596983993202388,12.08388741390808,10.408570205696314,6.952483499342348,1.4140495622307347,6.7427792517070415,6.7394077219100845,6.7394077219100845,6.7394077219100845,6.7394077219100845,6.7394077219100845,6.763658953872846,6.749006988130458,6.7394077219100845,6.787299793632763,8.619210659821151,14.6871869952313,18.406245060780673,19.63162716832941,13.705638587149407,13.570679957565167,13.498950545861979,13.705638587149407,13.925087435740187,13.130006726825666,12.371870099668104,11.284976550419604,7.768605377857944,2.612960817750872,7.54868929299804,7.37268317358958,7.041155911541544,6.880638641070523,6.7394077219100845,6.7394077219100845,6.894774262492763,6.7394077219100845,6.848182063216108,6.7394077219100845,8.211408931066636,13.292593116202118,17.034675247123257,18.87007247138666,12.799841269949884,13.184837498670039,13.033893459884162,12.937678739342866,13.097162493577015,12.854904926716788,12.3808864426112,11.248900123803661,7.346407089558684,2.211872513352364,7.215870072413762,6.978359547998146,6.950259705122294,6.7394077219100845,6.7394077219100845
6.493971858373764,6.493971858373764,6.493971858373764,6.493971858373764,6.493971858373764,8.22204334825767,13.921478058292175,17.23902629072755,18.54953983351393,12.806844986244048,13.37925464937269,13.418173180454124,13.46082315770961,13.365120860733256,12.980368664389577,12.146575615018271,10.895435862403804,7.689457628904385,2.736428838161143,6.934159705371864,6.860392064257527,6.5705356981042735,6.585333479192243,6.649345492915309,6.493971858373764,6.493971858373764,6.493971858373764,6.493971858373764,6.493971858373764,8.174598931018634,13.884490362686543,17.622026111283862,18.69225407676741,12.782044047864686,13.070308912286436,13.623177197022953,13.28055766283433,13.001164233891371,13.159739693378521,12.773657631345746,11.546617538930832,7.55405998901475,2.4052564941051533,6.493971858373764,6.543812881927798,6.493971858373764,6.493971858373764,6.493971858373764,6.493971858373764,6.493971858373764,6.493971858373764,6.493971858373764,6.558998187260422,8.41904349970021,13.383843547250077,14.55114895408975,15.48869053313479,16.36774133405005,10.470950370717526,10.938772308628925,10.15160605753696,9.728892955849878,10.205617474566305,10.844120739283644,10.639928735835662,7.608144061441744,1.9871541124425849,6.89016874701725,6.683031727307053,6.493971858373764,6.493971858373764,6.753362814789696,6.799700062645147,6.576477420691633,6.493971858373764,6.493971858373764,6.548075548882997,8.292154567718862,12.68165739534399,14.91327442789294,15.333747857867767,16.04446822018863,10.31445469276233,10.820077505592682,11.992732696663674,12.542365479557246,12.641771245712087,12.362032779671205,11.37435746969542,7.62213162722239,2.2155396176461783,6.7253836241672245,6.493971858373764,6.493971858373764,6.691984080919801,6.580207098439925,6.493971858373764,6.493971858373764,6.648217279234821,6.519065237580211,6.813294080029382,8.337716567612995,13.573056311477938,17.09789186578197,18.515793159103588,12.842627694207977,13.419079168200474,13.386339895117194,13.454549198016798,13.038731994097933,12.693291156979807,12.001861333663998,10.568013450089039,6.989364337312243,2.048740998087077,6.493971858373764,6.493971858373764,6.493971858373764,6.632024739994909,6.840235068715233,6.621721063260084,6.774253119303506,6.792076092873489,6.783038215637066,6.578110547893821,8.24494193695379,13.91774713384383,17.59987594156391,18.926848318721643,12.657746042940174,12.824859702282273,13.181873168406266,13.135199488324949,12.84358374078298,12.295054866520674,11.907243781117588,10.953735664618351,7.589103864722058,2.1574874494750578,6.610151537158857,6.57107891025162,6.493971858373764,6.493971858373764,6.50658562043987,6.60852818408509,6.957902659080273,6.493971858373764,6.896861032904867,6.5596738986894625,8.538655892280833,13.747043776235454,17.44446011869255,19.069968686984573,13.056948752961949,13.361369989084055,13.264271821671914,13.094887618468128,12.949295128558175,12.519238265403478,12.328323605998476,10.899686669666863,6.614999621514537,1.6941855840115787,6.493971858373764,6.493971858373764,6.493971858373764,6.493971858373764,6.493971858373764
6.873020632972716,6.909509324389449,7.395941027943654,7.225258831638163,7.20483437092712,9.152108278003851,14.853817393138097,18.218967387113167,19.5261687685191,13.23091517000521,13.699194863483994,13.699382934664381,13.525751939984577,13.185072241498274,12.878769281246594,12.223114060696313,10.589721013339572,7.1947211317361175,1.8576040133246747,6.858077639231941,6.858077639231941,6.858077639231941,6.858077639231941,7.019911139466392,6.858077639231941,6.886790636428005,6.858077639231941,6.858077639231941,6.858077639231941,8.772217897742843,14.830355343934658,18.476016289617373,19.602712694473155,13.434804677306685,13.564036934039663,13.50378615125223,13.687119416139073,13.497171478086067,13.365457895083724,12.997272025407986,11.868982320525417,7.653724442191304,2.5844743137374255,7.075130198908433,7.42979381821722,7.281347193900342,7.0028255582539165,6.960380951937925,7.131103327176038,6.896511082766855,7.009074911931397,6.858077639231941,6.858077639231941,8.600487836914116,13.879446868148426,14.72368986366058,15.92039958826459,13.386424725341337,10.213083291035172,10.62950019617485,10.20054746405718,10.102295129238554,10.424262129263404,10.697608585818065,10.125588668378942,7.154386480848967,1.3061920131950382,6.858077639231941,6.858077639231941,6.858077639231941,6.858077639231941,6.858077639231941,6.871701458677297,6.858077639231941,6.858077639231941,6.858077639231941,7.1623187376401365,8.809633865896453,13.545326614716766,15.703495354114743,16.090060739994254,16.950310859099744,10.87048563597638,11.294155192198117,12.469816866819556,12.733007008006396,12.893589642121544,12.39241358744343,11.402901198575458,7.533469100808325,2.0459542437789975,7.376115834992895,7.205010485182546,7.103547666798056,7.02197051371723,7.077940429709765,6.895670537456867,6.858077639231941,7.061379469103565,6.858077639231941,6.858077639231941,8.754484099816636,14.086257012281436,17.71412501338586,19.289603371401036,13.380938817427493,13.687119416139073,13.750437738367879,13.467829736324536,13.572300479265444,12.903591070851837,12.327578665012926,11.040722803232883,7.258997719538733,2.211008114657384,7.090003287425066,6.858077639231941,6.858077639231941,6.962000907354582,7.040216644022857,6.891308012969322,6.945331698177373,6.858077639231941,6.858077639231941,6.871853557352438,8.615942449195408,14.508167621629742,18.223929179360997,19.521553698024857,13.132334425208937,13.197319055806286,13.395803798773713,13.621707305512016,13.647504212297845,12.763514666586046,12.241999164619513,10.874294890306894,7.331451059217858,2.2408996696755326,6.964855498144976,6.8680168771950045,6.8913167320016555,6.858077639231941,6.858077639231941,6.858077639231941,7.24039971172095,6.858077639231941,7.294509057597534,6.858077639231941,8.742727377014356,13.982634525280034,17.75963611866988,19.450768616443938,13.135308072985236,13.56201798179045,13.61865395726219,13.78033222542068,13.494605629676393,12.677960054118131,12.686849187109342,11.492457192406004,7.267161503759465,2.1912009379063226,6.858077639231941,6.858077639231941,6.858077639231941,6.858077639231941,6.858077639231941
6.601559549873813,7.079265429287222,6.946403243114103,6.911579009499148,6.860573284756407,8.825719004396898,14.515034295821561,18.043008101478815,19.353847642452482,13.127212926183613,13.81723799008116,13.59437194319491,13.496700664664791,13.188802001550698,12.95589559790085,12.059149671722366,10.79658184777422,7.2550558229676705,2.1022754623657445,6.798612222894112,6.648517151093183,6.601559549873813,6.601559549873813,6.601559549873813,6.601559549873813,6.601559549873813,6.601559549873813,6.601559549873813,6.601559549873813,8.495612510217574,14.51348165510641,18.095506918478833,18.279063168225647,13.247102055462666,13.51105342214186,13.661461518128965,13.67400978923157,13.672344846589656,13.60352316090169,12.881570879570889,11.51150239661743,7.949665780882755,2.402031767926698,7.233080878864761,7.380940463861739,6.937048786563941,6.646884687937066,6.601559549873813,6.601559549873813,6.601559549873813,6.601559549873813,6.601559549873813,6.601559549873813,8.074821100945659,13.196713553207802,14.475640418485016,15.49862933624911,14.526844038736499,10.30347782726313,10.871423067816163,10.478115268751553,10.045778484954182,10.25655058607874,10.682121663273971,10.275678859059882,7.575830976924383,2.003741117869097,6.601559549873813,6.601559549873813,6.601559549873813,6.601559549873813,6.998238723913573,6.986874748873516,6.738747225997272,6.69479297595653,6.601559549873813,6.956781994267292,8.673360530860526,13.194382962066083,15.337171817597802,15.852277694332258,16.820971459066833,10.78194750091387,11.361165208631492,12.52827957815469,12.686708786950064,12.950910369219573,12.660527596260966,11.246471924265345,7.443978155935099,2.7094079607182144,6.644810934540944,6.601559549873813,6.601559549873813,6.601559549873813,6.601559549873813,6.601559549873813,6.601559549873813,6.726901259932059,6.628095850516464,6.841712978998425,8.435252277985015,14.023936075205476,17.60677881817753,18.77269381525414,12.68423108208179,13.41623271540594,13.339794298639946,13.367048383126255,13.317797095060296,13.3036148944897,12.220077901908175,11.132112804042618,7.316533633255549,2.4101209809679647,7.023861319946392,6.710998459662297,6.93120346103692,6.902375283391116,6.836574644957151,6.75307430988771,6.853560982649878,6.601559549873813,6.601559549873813,6.733436359341096,8.576901198242076,14.350693185122903,18.133904008626597,19.25151761635832,13.311858364479951,13.203142354878732,13.788112217477957,13.599820220048498,13.45897516294185,12.694963626876422,12.221250385031944,10.786626997577358,7.084037775224054,1.5166652962500993,6.601559549873813,6.601559549873813,6.601559549873813,6.601559549873813,6.695177315661117,6.626752775546134,6.803415272119535,6.6066809210096356,7.167289307689565,6.734746068836741,9.070188805273425,14.379646470563864,18.06430413782852,19.488389344651537,13.6034848501145,13.67400978923157,13.852870844824809,13.5812523432946,13.541460729123939,12.888655589300729,12.791073954181094,11.23435643648019,7.613855132180455,2.01008035202129,6.655126520520682,6.601559549873813,6.601559549873813,6.601559549873813,6.601559549873813
6.881046649137969,6.874654253785927,6.874654253785927,6.874654253785927,6.885066115205956,8.878809780726625,14.385428114277257,17.86135651819454,19.24389251320457,12.976070865225475,13.419566795760176,13.274479709315063,13.65028620312478,13.185511794124253,12.89415515539998,12.210291929033891,10.825225347934062,7.515320515167196,2.543992020964983,7.113442725857837,7.10230245263822,7.012561654490117,7.015726704471887,7.167276694292982,7.073707607253761,7.244003258835266,7.01841651232452,7.039462963895591,6.9485777277755805,8.894292153586283,14.75632819372831,18.45979691542396,19.548685574483365,13.155973485460176,13.577460248257024,13.528174105606116,13.761476769982242,13.515101856748842,13.551289318604978,12.867272130804276,11.63618893667897,7.650618185353196,2.5731604229318945,6.874654253785927,6.874654253785927,6.874654253785927,6.930321544205537,6.874654253785927,6.925469470485557,6.874654253785927,6.8952054721631555,6.877692946103662,6.874654253785927,8.77967409085166,13.850984971138846,14.839158242351651,15.85999893259284,14.399592165640705,10.755051457313884,10.733676771939729,10.251175665085022,9.822148031228433,10.276974879181184,10.544868233343665,10.433722759899362,7.658246589320893,1.9839584936896681,7.030072161250145,6.874654253785927,6.874654253785927,6.874654253785927,7.037241078211534,6.999526066792454,6.874654253785927,6.874654253785927,6.874654253785927,7.477388287468221,8.813737047740448,13.503637596790107,15.43649287119392,15.872114729384098,16.813982232980496,10.472364122254039,10.959476453579082,12.174614138362774,12.480668912695553,12.527498027985226,12.249620350590423,11.128920009207857,7.312741969657972,1.666898188159722,6.976259799319277,6.874654253785927,6.874654253785927,6.874654253785927,6.874654253785927,6.874654253785927,6.874654253785927,7.005348918730333,6.874654253785927,6.960026196576075,8.42939227052008,14.002363774847778,17.694010709754302,19.240989568293386,13.255475200335857,13.567465126690534,13.711153075899663,13.688443476963615,13.44724450980014,12.959503724693105,12.243031627489929,10.81595030163046,7.1337197639901015,2.1430001653591946,6.874654253785927,6.874654253785927,6.874654253785927,6.901446016195413,6.874654253785927,6.874654253785927,6.874654253785927,6.874654253785927,6.874654253785927,6.874654253785927,8.660799142914428,14.38448469756711,18.148230316019067,19.26355322051764,13.25449752952713,13.219965437229455,13.170314632903029,13.279668118283405,13.554690659733522,12.674627417899568,12.026155241680536,10.96158093914803,7.508175877268071,2.4097291722282375,7.336527711778648,6.958134870214472,6.908562885713086,6.874654253785927,6.874654253785927,6.993839971910855,7.352804376082946,6.941620483880632,7.301889052612329,6.874654253785927,8.57262481632646,13.720703808242428,17.5625211980579,19.30865063933407,13.102955859577804,13.105967553503715,13.18694278640323,13.140773006805862,13.053707275624296,12.511006813112749,12.501429679609151,11.383106903825057,7.637471170696893,2.241905849168738,7.314622300697564,7.028813430928507,7.024915779100758,6.874654253785927,6.874654253785927
6.934287083756884,6.829979924439666,7.005590664305361,6.904919205071468,6.997844159888797,9.229897338645811,14.741736982040905,18.049225502562862,19.30911058359092,13.197860925670145,13.507293972515882,13.55543543800834,13.73476961316112,13.358279044353939,12.976747384294214,12.280265765099774,10.819812440743167,7.460198313370788,1.8419171624443187,6.7447357366646905,6.7447357366646905,6.7447357366646905,6.7447357366646905,6.938998908225933,6.7447357366646905,6.898282025219535,6.7447357366646905,6.89806155767205,6.7447357366646905,8.69364825294288,14.729063183484202,18.324637459184938,19.558168024002306,13.33700410656961,13.351371879231626,13.425484878298692,13.54092154336544,13.236118809624266,12.915740653088193,12.596745582346198,11.273442242780687,7.370937464934252,2.124322474109544,6.950515800394781,7.0246746983266934,6.7447357366646905,6.855673140005376,6.882914269288704,7.024565663023311,6.7447357366646905,6.844947799260196,6.881525981623277,6.89726531436442,8.686489865981232,13.646235115553194,14.647744266631001,15.692932817447435,16.418056547978487,10.3073265233391,10.689096798572416,10.23631506356601,9.935051234302069,10.531371930314549,10.796932366603976,10.69018515048102,7.705771519952847,1.7633363539222766,6.7447357366646905,6.7447357366646905,6.7447357366646905,6.751126337614914,7.028810798034336,6.950594134457454,6.7447357366646905,6.7447357366646905,6.7447357366646905,6.859827140270309,8.70970041194733,13.262207677165602,15.434862063949689,16.03811186461784,16.87911696921728,10.714995113676709,11.34731366697533,12.48407753680706,12.90167160292037,12.846157229802108,12.385509622549137,11.707826291944128,7.911052053761885,1.7452823625387832,7.178226035756672,6.899274817666191,6.9736378635491985,7.070454277124533,7.100444442419807,6.80368395478103,6.747294802374905,7.049454220489501,6.850484120338127,6.7447357366646905,8.555876792251327,14.034302878017112,18.23108782081703,19.281035981920695,13.28453676951922,13.426082991506394,13.747563740485992,13.418531098276786,13.107668082416074,12.813382114511084,11.996507627967205,10.426537911050925,7.0181712762667345,1.4540709345023213,6.7447357366646905,6.7447357366646905,6.7447357366646905,6.7447357366646905,6.8283201194892955,6.831118318285367,6.918061580039527,6.752868709523272,6.745149030443275,6.7447357366646905,8.531777848256732,14.45380218312874,18.281593707725715,19.645964188662816,13.601212660269747,13.668161665819,13.514638833378871,13.789394193152678,13.583509022950802,12.83173634664897,12.341315066214419,11.049589123952089,7.666336121643694,2.368540877677122,6.875595134302611,6.74864331102413,6.7447357366646905,6.7447357366646905,6.7447357366646905,6.7447357366646905,6.882676972157442,6.7447357366646905,7.196642853279336,6.7447357366646905,8.915271023857496,14.254650884458693,17.826502178866676,19.45822844766778,13.19639283211119,13.616677109809192,13.338049376718407,13.445318978667279,13.454301381266372,13.244975452121997,12.754658076917789,11.471289592356321,7.614296918265967,2.217079796072702,7.053449410682061,6.858701088119378,6.7447357366646905,6.7447357366646905,6.7447357366646905
6.789747284261576,6.756966898449583,6.811244383614168,6.760291647492758,6.721985844438951,8.840517275621446,14.433498920686707,18.000633448811683,19.400646700863614,13.63902393206591,13.738078404806965,13.746572852949889,13.738078404806965,13.530265212046833,13.085537393435564,12.259207266282058,11.046670405030929,7.248697119914255,2.0048781267770384,6.745401926460757,6.754372157108397,6.74693333563536,6.7526486244822195,6.835523485818153,6.772358730079185,6.991309350561529,6.791201772405887,6.894602880170501,6.814023366944079,8.930245375976256,15.048108904882511,18.590649174646124,19.560519474618033,13.553472026372562,13.703780735039505,13.844213879746619,13.878250873448852,13.60330086004931,13.605028703799109,13.150173994171961,11.761789496705955,7.780885354613716,2.042191633186579,6.598318476163078,6.598318476163078,6.598318476163078,6.598318476163078,6.598318476163078,6.598318476163078,6.598318476163078,6.598318476163078,6.598318476163078,6.598318476163078,8.494388402233113,13.800148660251246,15.088521770969018,15.993801742814213,14.970204200210183,10.769363493762066,11.258148116569929,10.789894602132117,10.287797538165144,10.342903066157138,10.79922707300092,10.718396561940962,7.913116133468827,2.358459793322552,6.895587858313547,7.008248047221454,6.961632930476224,6.75536133187452,7.025127223483356,6.931687772979033,6.6138213647692154,6.598318476163078,6.598318476163078,6.752651183398729,8.592576280570139,13.07246199789636,15.03635426600196,15.421872848299422,16.393014827420167,10.280165263321853,10.871734893523039,12.083062917676399,12.297035831406738,12.69390044479643,12.273108938471196,11.239515462554717,7.439859369572798,2.084196273706114,6.685078335722895,6.598318476163078,6.598318476163078,6.598318476163078,6.670434065962538,6.598318476163078,6.598318476163078,6.624935558025632,6.598318476163078,6.598318476163078,8.580681208351516,13.943447165960585,17.875892615059843,19.14906371457473,13.23011745334855,13.64827804064991,13.730257401646622,13.698192061381564,13.433487092489637,12.8840863341065,12.243053747564074,10.947645049436916,7.333964330771447,2.1625485311734045,6.708609466630993,6.739430490071242,6.598318476163078,6.598318476163078,6.598318476163078,6.598318476163078,6.598318476163078,6.598318476163078,6.598318476163078,6.612125468441347,8.653953223700197,14.3379395613888,18.18146655131703,19.256533294877,13.27544185800288,13.39480691995041,13.612288107213583,13.723232675360121,13.713558662094375,12.990034650945871,12.3891941843722,11.137194373155157,7.656561521296094,2.2675978737878375,6.954921455432004,6.767000410085477,6.598318476163078,6.8159543253425605,6.822557404683415,6.598318476163078,6.787273989097955,6.598318476163078,6.8735150027461955,6.598318476163078,8.562976986228445,13.773116675665753,17.44737850342061,18.96871864862618,12.822585694813514,13.028619825963087,12.85917451606741,13.28932039129329,12.984620382496097,12.464377363804017,12.351532706014694,11.106354373936362,7.093114309088847,2.060811842355112,6.716030170975138,6.611159528637135,6.787201418225731,6.688073956924546,6.610068918420552
6.492453006178616,6.8002750948443085,6.976611888254669,6.970172307451365,6.902280382481858,8.944803513432873,14.685794051088788,18.160546299674003,19.385320735896755,13.372534485102117,13.409269594538658,13.460058676614825,13.582164513498192,12.98561772740806,12.688238440504497,12.19186126096676,10.949904767783234,7.3073065611217425,1.7747275424041882,6.48609624414446,6.48609624414446,6.48609624414446,6.48609624414446,6.48609624414446,6.48609624414446,6.48609624414446,6.48609624414446,6.48609624414446,6.48609624414446,8.145506850688967,14.428534941270925,17.996977748963516,19.050035207668966,13.236041119840555,13.749477797637354,13.594323269952183,13.540368675395717,13.428198648351469,13.24861572906699,13.054667463275786,11.733862514037138,8.002132790138164,2.6242446689118446,6.935770433007025,7.206854401789252,6.999762671973131,6.890500600440038,6.684636182451474,6.776952185010325,6.64238527539354,6.922897708886483,6.840335877178579,6.752299167936371,8.529699697657863,13.73403033344598,14.845565506843656,15.687348351433851,12.646366925534423,10.587477431387134,10.843455211397764,10.4954304091574,10.311942317141588,10.483272405097326,10.764161732238382,9.862515803403777,7.111138637477461,1.7336866398771678,6.48609624414446,6.48609624414446,6.48609624414446,6.48609624414446,6.48609624414446,6.48609624414446,6.48609624414446,6.48609624414446,6.48609624414446,6.609136834960476,8.303487663494366,13.217758665224725,15.191204965040853,15.5835204888723,16.47534242356335,10.649697386707635,11.183449300862236,12.365419972592786,12.50390317283973,12.578702552964396,12.287539437689224,11.041432227312137,7.4517708698154195,1.591797792577996,6.845666677643792,6.725408409178331,6.709740181188146,6.73279522007417,6.680749371420204,6.630664656914134,6.48609624414446,6.688421781896264,6.48609624414446,6.505906023685944,7.957988501620472,13.618455591549168,17.288795424712852,18.692312077214716,12.948623511810041,13.473091852189802,13.48782584275715,13.531563443342172,13.370911970763732,12.77465824867468,12.12959789573859,10.716833334682807,7.307855315879037,1.9376146460833699,6.857311323569389,6.5851868833289915,6.534792352033215,6.562813707054348,6.841375837725157,6.60475382659055,6.71664096188602,6.628551935296738,6.678650444415807,6.606066562836376,8.429698767288935,14.401238365434946,18.170959086658872,19.241630324698832,13.461115105095741,13.572826248644578,13.360943881228996,13.500725205650216,13.42139697770071,12.643784227203811,12.14397100622845,10.710311650386586,7.008815426855174,1.8956491785289271,6.607251520092912,6.48609624414446,6.48609624414446,6.48609624414446,6.48609624414446,6.48609624414446,6.637358824963991,6.48609624414446,6.877400469569665,6.48609624414446,8.443443310950956,13.897329122835618,17.612244970623642,19.150427291953125,13.229992744043646,13.71039923592842,13.598698430090744,13.698439817370671,13.642096411785962,12.71769302267913,12.805040027994393,11.603796657001093,7.5247369980858,2.2553246043605224,6.605481211424824,6.48609624414446,6.48609624414446,6.48609624414446,6.528196687738396
6.7726244199763475,6.835951438883934,6.959637649727583,6.7726244199763475,6.7726244199763475,8.809627876578709,14.68858917430739,18.144593431956864,19.545118496657185,13.564906624058263,13.67063604966253,13.799645263235876,13.777093379160197,13.524120393414572,13.493212416669511,12.74450291953188,11.19573114827853,7.499306211047905,2.438705787469652,7.033175651603192,6.803795413563547,6.7726244199763475,6.7726244199763475,6.7726244199763475,6.7726244199763475,6.7726244199763475,6.7726244199763475,6.7726244199763475,6.7726244199763475,8.55719045044224,14.54183930762676,18.315767115136758,18.52479090243885,13.274635977711412,13.688662771714595,13.553427153268299,13.67063604966253,13.49178826546875,13.393431354746337,12.830336655643723,11.728385666965249,7.942756476706966,2.6169857700179686,7.014325499306536,6.949950655566444,7.0982526271034665,6.9189469065357425,6.813867874852619,6.7726244199763475,6.7726244199763475,6.7726244199763475,6.808415722681615,6.7726244199763475,8.75946163942157,13.87171135169897,15.224675405348192,16.08598609356364,15.167437395468138,10.815069231082273,11.099826703459799,10.761185246437288,10.358994058216942,10.453768285053318,11.0283823285473,10.828418092111068,7.588615604597771,1.868327237810609,6.7726244199763475,6.7726244199763475,6.7726244199763475,6.7726244199763475,6.869789993332696,6.844862457007507,6.7726244199763475,6.7726244199763475,6.7726244199763475,6.888836826042627,8.617428639617572,13.375547883365236,15.055799552372068,15.666240146506707,16.49855743248432,10.399709890603463,10.790098106712803,12.072774630795504,12.566272109646583,12.689600364319555,12.187216537312299,11.130647135746452,7.2595966406514645,1.86761649937258,6.866347169412799,6.800542547681329,6.7726244199763475,6.815002785005348,6.91410221266861,6.906377795691932,6.7726244199763475,7.003883612922204,6.838209953375888,6.7726244199763475,8.776518954517568,14.216917968478995,17.890345038576463,19.21446561933447,13.256120518236104,13.761162231680766,13.706138499215937,13.526097558960311,13.089570199799546,12.909316338338844,11.92478621733837,10.758797096270325,6.973154907487415,1.9849881587395797,6.7726244199763475,6.852865699790161,6.7726244199763475,6.805387496183902,7.0439254431606635,6.7726244199763475,6.7726244199763475,6.7726244199763475,6.975665524669788,6.942952306081239,8.691296547168271,14.68933067270648,18.30523294886924,19.503255615611398,13.398053904656269,13.557650109783273,13.516243405998818,13.61098451934519,13.611484033416856,12.872243014808399,12.17035826461601,10.853343031154777,7.362479235168727,2.0419712921679154,6.8338230940285225,6.900187659090899,6.7726244199763475,6.773440322850786,6.7726244199763475,6.7726244199763475,6.833210746724219,6.7726244199763475,7.05001932756566,6.7726244199763475,8.601753281977462,13.994052068881633,17.63915878913428,19.039361994639393,13.11417313304118,13.217461189381707,13.134700524029054,13.055475940442692,13.26299593352361,12.616155265229956,12.405846687549667,11.071759940357595,7.429732694863628,2.033752841466348,7.23440365011501,6.9010494472714905,7.12407785520618,6.892486159303754,6.7726244199763475
6.53885677376746,6.563899958793892,6.8379313095712,6.724925516713378,6.551822029435345,8.695448429138771,14.484883023350461,17.85489202429535,19.26592866415919,13.572640889015002,13.836204166844652,13.747909444155972,13.74436482793745,13.536807534480111,13.034851133131307,12.373287671411747,10.922479970645918,7.064522398328037,1.595794874045328,6.370057919927323,6.370057919927323,6.370057919927323,6.370057919927323,6.495617972014193,6.370057919927323,6.370057919927323,6.370057919927323,6.501966630472003,6.398048943246171,8.30684538241544,14.487431641606298,17.97790565980159,19.094902534239637,13.414343110548176,13.544607553417949,13.606039343330396,13.556379040309018,13.277517137879418,13.059329760266015,12.663250139164989,11.35973471441648,7.837120249665361,2.1929066175215817,6.370057919927323,6.667758661604932,6.597483800352521,6.5457577454912155,6.546650447984194,6.462489774819489,6.414545071521789,6.755088262214027,6.810429058147848,6.80486153357205,8.723233775032078,13.81324223820916,14.855645127861948,15.814336025276098,13.7795901228138,10.606649560094127,10.96526087515831,10.594755189005573,10.39585400772855,10.809594198083222,10.959106015320282,10.68868003249009,7.321025091351684,1.5959378293284023,6.370057919927323,6.370057919927323,6.370057919927323,6.370057919927323,6.370057919927323,6.370057919927323,6.370057919927323,6.370057919927323,6.370057919927323,6.423119726015289,8.170623334135543,13.111225708291569,14.980792033036524,15.205967494191782,16.056524393959148,10.38565695502851,10.932506501932702,12.113961872547458,12.321628527603906,12.518374484710186,12.134663031689872,11.136702357294626,7.400936407455394,1.8133918619346974,6.838649823714245,6.575193630963741,6.787819645854353,6.718915097009146,6.587385740222451,6.540150027542491,6.370057919927323,6.539516201092213,6.370057919927323,6.370057919927323,8.013058963243466,13.711248354296703,17.759460975756568,18.849970571040743,13.119020254584589,13.693466971587727,13.833534181852107,13.560851205869486,13.473269171805415,13.024037719560903,12.430263465900266,11.075114432341898,7.512204657688491,1.8998990600521253,6.619039378249085,6.408561891147999,6.4107030458856755,6.370057919927323,6.426503700805278,6.370057919927323,6.370057919927323,6.370057919927323,6.370057919927323,6.370057919927323,7.920698278782344,13.906396652182536,17.72159134300366,19.10563114390805,13.646013026285063,13.707733650643629,13.60662492084777,13.74436482793745,13.823646701699806,12.963878694526771,12.458036806277159,11.084353042645391,7.4124636581597585,2.196401424795511,6.580844819197326,6.418046963939615,6.43523651750129,6.370057919927323,6.370057919927323,6.370057919927323,6.48771528927394,6.370057919927323,6.537916863261947,6.370057919927323,8.159366117610949,13.55359775965939,17.33420956039633,18.856826690032413,13.2115438054185,13.566429073545509,13.542805316186863,13.74436482793745,13.413957074652016,12.812246277718945,12.47439107037709,11.120221125098684,7.249279608474549,2.1251066018801827,6.506461734416,6.4660603287826595,6.595073324415357,6.437905050253173,6.87187371697774
6.716100386036129,6.8289385388369155,6.721519197177353,6.6965995210746865,6.6965995210746865,8.90684736271742,14.404126004504755,17.988139618832264,19.415090785574606,13.489830778323809,13.614068926593102,13.6450455122723,13.61068417988203,13.509135521181292,13.444836162802389,12.561143599382302,11.06291810711165,7.711679177889408,2.2412079510537253,6.6965995210746865,6.6965995210746865,6.6965995210746865,6.6965995210746865,6.6965995210746865,6.6965995210746865,6.85343681607557,6.903703347372385,6.839751519096994,6.6965995210746865,8.759079396727124,14.652078698328031,18.332886987781524,19.56849112689999,13.407848899459164,13.673930859272783,13.686426336102882,13.631840941115854,13.348184502077961,13.071879218429938,12.596727629226532,11.093212989130771,7.786348504611493,2.5828587747437184,6.997607807356217,6.9057344381791,7.149303133689406,7.024311647004409,6.852850224394935,6.905307512606367,6.69815242481769,6.969378393286126,6.827707553200953,6.811792406716718,9.060966683213987,13.717280030492173,14.723189693250404,15.592986965191447,16.39019837153795,10.469712467694665,10.786624045338876,10.252350116196077,10.079346889726214,10.239809659182672,10.602261155017915,11.645541611525546,7.622811719192372,1.6888379608441209,6.699272521352992,6.6965995210746865,6.6965995210746865,6.6965995210746865,6.974257716530214,6.74424137276669,6.6965995210746865,6.728527875095135,6.6965995210746865,6.898088667645951,8.64257820223079,13.389815338861135,15.506312758511719,15.939460695411537,16.69208930869479,10.52184038660676,11.163052367744482,12.3845263521534,12.531927425810645,12.646207187623773,12.18402101043816,11.296563419650901,7.176128470971998,2.2426083944258868,6.704060070810068,6.738425804783823,6.6965995210746865,6.727790490462801,6.7588794946102055,6.6965995210746865,6.6965995210746865,6.888959406803181,6.864744766340521,6.7747235037335685,8.323441702900528,13.498297431115054,17.766331400890152,19.00366595757943,12.820926630375947,13.266023615752312,13.511725781948785,13.390555881585737,13.169962990150598,12.780371602056071,11.777422368157357,10.710691732262106,6.9622032664080225,1.7668137326705136,6.823571192001668,6.6965995210746865,6.6965995210746865,6.6965995210746865,6.6965995210746865,6.6965995210746865,6.732420655480713,6.6965995210746865,6.6965995210746865,6.6965995210746865,8.357725753133467,14.37099576880069,18.095325723243064,19.684651389383134,13.603500129789587,13.476013398077185,13.537868887873225,13.61068417988203,13.766307329585224,13.130405282272497,12.61049590430092,11.298180260822315,7.813726906946104,2.5513817439746447,7.515606187761696,6.965864014984788,6.8808308351650975,6.87828996885859,6.9792399176825075,6.701981876219854,6.6965995210746865,6.6965995210746865,6.913101642311227,6.6965995210746865,8.590067776489642,13.888061617225256,17.382461829908646,18.77168048299136,12.403246987813986,12.792778342305425,12.626092861522366,12.651170476277418,12.692947121015568,12.317109835251408,11.963918872266987,11.03405229890687,7.358301770564586,1.8610776860119616,7.023595152316964,6.701312941649657,6.883967419827191,6.866366880701906,6.990191116364352
6.539529855905412,6.497937256724495,6.67122167227347,6.518404294228165,6.497937256724495,8.65971788945171,14.459584469507842,17.999560474389952,19.335794700499132,13.768979082478332,13.761989702496225,13.737725373039165,13.845677996508607,13.688885703722573,13.395474968835591,12.684184173197348,10.915020359783213,7.335539643395728,2.0179726103368076,6.497937256724495,6.497937256724495,6.497937256724495,6.497937256724495,6.553921103005046,6.497937256724495,6.497937256724495,6.501868338195125,6.497937256724495,6.497937256724495,8.366155276723315,14.48132868347871,18.058066459576406,19.31468353558264,13.43895282552941,13.69332236133048,13.651737981576803,13.883667480380643,13.48713781098791,13.067271970567129,12.890772108912826,11.525173035859794,7.852944113353774,1.8146127098916314,6.497937256724495,6.497937256724495,6.523282805081945,6.497937256724495,6.497937256724495,6.497937256724495,6.497937256724495,6.692412172531133,6.655731217174666,6.652179658822601,8.860868613850776,14.03942777002642,15.38416690807642,16.291064814997014,16.93777384270767,11.002569001909347,11.612378671267017,11.010485426852718,10.569312638193269,10.610461684980352,11.245850978761322,10.979449233606136,7.705239474312368,2.387406624894115,6.978435222074282,6.585370010031803,6.6465451648722755,6.497937256724495,6.497937256724495,6.5924832350998654,6.497937256724495,6.497937256724495,6.497937256724495,6.632792633637099,8.347743147081548,13.235814062629956,14.945199258048973,15.079761798721588,15.848939271235107,9.753034723774695,10.431426427191138,11.825434728697699,11.988190438719363,12.360497614902533,11.895860846767103,10.7213301907376,6.9810052173094075,1.4847775530429446,6.50142760331719,6.497937256724495,6.497937256724495,6.618568480856414,6.497937256724495,6.497937256724495,6.497937256724495,6.589711909707316,6.533890665139522,6.644308051197868,8.343399205312313,13.736465195678068,17.400508196330023,18.85934156124039,13.173188732774792,13.592253425077908,13.704258998477586,13.604799232079358,13.321846725711637,12.986025102696225,12.149075567491572,11.017338240557253,7.41238939424395,2.1449186564311726,7.095342739353221,7.089124461859607,7.00979703380372,6.750143693672843,6.766944100843113,6.524423212321993,6.541411594219538,6.497937256724495,6.497937256724495,6.497937256724495,8.295743272499074,14.076560385462244,17.735586370253603,18.895237484717093,13.321938474482886,13.298381435150363,13.056158896522287,13.371467653420412,13.442435627451129,12.919836959947924,12.430842265209549,10.962433538318678,7.39690310119166,2.088820739754143,6.658982843011049,6.497937256724495,6.613107003296835,6.501366391557819,6.643335759323631,6.497937256724495,6.587301115961701,6.497937256724495,6.830525403665979,6.497937256724495,8.467258111731702,13.895634148884806,17.419457192411773,18.89318640578092,12.93569485612517,13.32264640961387,13.37017736629121,13.73282273989259,13.547529289838046,12.552972299906724,12.118926912591093,11.096729565946935,7.324451266384716,1.9700580508414938,6.739278223492011,6.497937256724495,6.68902658534647,6.5573654514366115,6.941327724391258
6.973659263328807,7.196757521388661,7.332204213148891,7.200261008208379,7.047675600680209,9.18709413872908,14.850439435404821,18.402829343396018,19.76754340852522,13.470435678820836,13.714891525488671,13.611116318708135,13.679468254950681,13.230253354166496,13.041324373110552,12.52566083084291,10.911009011710162,7.249731778462452,1.8420522919380553,6.973619003273306,6.973619003273306,6.973619003273306,6.973619003273306,6.973619003273306,6.973619003273306,6.973619003273306,6.973619003273306,6.973619003273306,6.973619003273306,8.912294211485651,15.05305886354556,18.38458758323592,19.510313902481137,13.334364032299694,13.720529461511038,13.402612634999631,13.45499735608202,13.217850612883574,13.11787743220823,12.553140472710403,11.401077384059926,7.972172731871985,2.34156320590885,7.214962773689866,7.4719178116225775,7.429619451371874,7.0264600725918545,7.0221975265393235,6.973619003273306,6.973619003273306,6.973619003273306,6.997834564666175,7.028594717524532,8.947653289751948,13.66284689847988,15.019633890514829,16.003933632123896,16.60834070695212,10.34927217750083,10.755424401474317,10.265221350900587,10.118632562016996,10.559934845357796,11.022537941915374,10.71141715714526,7.644638564547077,1.9451811021563181,6.973619003273306,6.973619003273306,6.973619003273306,6.973619003273306,7.058082317973677,7.012167043013889,6.973619003273306,6.973619003273306,6.973619003273306,6.973619003273306,8.723015769091528,13.53182424934242,15.4899654479164,15.948584472899414,16.68320209982617,10.481804416925556,11.181959158117072,12.28591349232997,12.534080427838642,12.688740941291575,12.362079237882938,11.422571790385868,7.663873877577683,2.4237595913924936,7.237673501421317,7.272868801376193,7.346829109305265,7.275283948358029,7.129942562025301,7.405936600486682,6.973619003273306,7.242280134043913,7.181727235882499,7.198465480720528,8.708510385467669,14.235643035221464,18.046696802468354,19.161224133176766,12.73208203113704,13.27457308357659,13.075800772477397,13.18429969524951,13.047820176678032,12.707047973827422,12.11313556466133,10.944705620613204,7.069176540704388,2.0772029597431683,7.038289176632074,7.110218329267358,6.973619003273306,6.973619003273306,7.0436357525669235,6.973619003273306,6.982712502459186,6.973619003273306,6.973619003273306,6.973619003273306,8.894969609869516,14.751235413506812,18.57162383462971,19.460540192254904,13.307226088630136,13.450042833987391,13.663603025731101,13.760460841966598,13.839138295690004,12.927633794372348,12.447988472531044,11.076092689987737,7.619867625155406,2.164905452575495,7.401193519741474,6.973619003273306,7.089866972622213,6.99198473803756,6.977690947879202,6.973619003273306,6.973619003273306,6.973619003273306,7.016566899180145,6.973619003273306,8.90115566373746,14.262748092234979,17.7835051574242,19.16050614528521,12.710848522505705,12.983415428841674,12.89183929408813,13.331056042082837,13.070699407661444,12.585032115667639,12.350337116095304,10.998346212041504,7.299257991590038,2.113161247931484,6.973619003273306,7.064994574001431,7.319409628357037,7.118041912722724,7.327301258404949
6.633657845285106,6.624042986841161,6.647379955539363,6.624042986841161,6.624042986841161,8.782302669756076,14.424589637703303,18.046150664575528,19.473410416051912,13.69595856161942,14.041430706283725,14.005919950812416,14.005919950812416,14.031160588708046,13.775089027494765,12.799051821850187,11.397317651700734,7.697429945902012,2.094375244386144,6.624042986841161,6.624042986841161,6.624042986841161,6.811175346179811,6.746875533577919,6.624042986841161,6.708674475937057,6.786665980116579,6.667307580177794,6.624042986841161,8.691221116812283,14.742056686864188,18.352918687742495,19.564195838384087,13.809871674693643,13.703040509346424,13.695684928975604,14.023000478447322,13.371623653353579,13.230731663156456,12.681616619262542,11.52648495769846,7.512047782255954,1.9360095966872162,6.624042986841161,6.624042986841161,6.624042986841161,6.624042986841161,6.733533213284501,6.838286839585664,6.706301453927316,6.766634629356134,6.631107946236315,6.624042986841161,8.611926148860036,13.548168187653358,14.862510889627197,16.012873236623296,13.773877010536436,10.857950453759388,11.166804507444521,10.744460957225256,10.456609825766252,10.59377298999628,11.244454059269595,11.768448603158266,8.252698926979143,2.05641774486277,6.624042986841161,6.716149383089089,6.714456633302101,6.881161312090151,7.067811251044418,6.898506114549512,6.624042986841161,6.624042986841161,6.624042986841161,7.052036167086476,8.618807135264131,13.598540681330022,15.456872003996839,15.702937914406633,16.742846342065217,10.52170817102787,11.450882517866763,12.562334036911162,12.637764882658198,12.99296949814318,12.496742024889603,11.801190130416884,7.787953442702257,1.9470176531711347,6.702920545851698,6.624042986841161,6.8100217843932755,6.734740307767809,6.716988635942515,6.8196371124222805,6.628468095560586,6.909379721833303,6.875772719181023,6.665514704420912,8.557940354679454,14.184446760176378,18.426851829134,19.636108073351778,13.740357703553215,13.879512661722732,14.005919950812416,13.811012204775867,13.308821973619605,13.00270883388692,12.214159510623219,10.890056535365366,7.004542767634088,1.7828752765850981,6.687967809685043,6.655271175934633,6.624042986841161,6.624042986841161,6.624042986841161,6.624042986841161,6.624042986841161,6.624042986841161,6.624042986841161,6.624042986841161,8.586982416616836,14.602627908428907,18.699389814627065,19.80922509265462,14.064967089812388,14.028570135427772,14.023063873760272,14.005919950812416,13.99444621382268,13.41670800189854,12.755336882093776,11.522980180420603,8.138541871776342,2.8714752404596844,7.143433907303615,6.880538903181943,6.868638678606016,6.8724177948120255,6.734071514290954,6.647986502907786,6.781973103561047,6.624042986841161,6.804048088500106,6.624042986841161,8.47008725119532,13.777417109210582,17.493545471098827,18.9404384695575,13.023396904460173,13.475672218479172,13.225660644596504,13.863343264971972,13.339574875278783,12.980003070879961,12.514871155626551,11.32647678473487,7.183273386963836,1.9983734835419393,6.903117231128586,6.880702840543799,6.910315657032853,6.668648036817979,6.825895742094286
7.092443743111554,6.997836216985649,6.911914585370788,6.9521896994912735,6.969161463720944,9.242188591007814,14.945335763713917,18.47573858148269,19.486023704756484,13.884302509584083,13.733321084950735,13.852842204609424,13.733321084950735,13.718852628545344,13.313293313454304,12.677441878958897,11.162404052896434,7.540759259451152,2.095738337671889,7.000202343935951,7.144310981229965,7.058184758344497,6.9132344267309005,6.911914585370788,6.911914585370788,7.047684862162567,7.329069842220879,7.32436501040606,7.20343586317137,9.129646099889124,15.006311841088083,18.804070172400877,19.727136577850356,13.71963298514788,13.84635401473292,13.733321084950735,13.841671618290828,13.447749307808552,13.052235875373313,12.702921068128196,11.314697211770671,7.848904247129335,2.015918307610118,6.911914585370788,6.911914585370788,6.911914585370788,6.911914585370788,6.911914585370788,6.911914585370788,6.911914585370788,6.932051758726472,7.07035709479552,7.045291671250739,9.355038455058187,14.918453933949683,16.176513744079134,16.81495883811914,12.297050100074499,11.282109430220224,11.652279459149446,11.04625627477149,10.407707222376427,10.453481641390313,10.874100940744784,10.769266000817266,7.799208054962646,2.3507720147595483,7.515693405045013,7.029140625491451,7.366423941438828,7.1549314118038785,6.911914585370788,6.911914585370788,6.911914585370788,6.916771108387744,6.911914585370788,6.911914585370788,8.71770436477724,13.514870025990122,15.208591880075868,15.52427656874505,16.319833842925075,9.927351656515027,10.631112090253543,11.86684373372079,12.10297248967839,12.413277538115823,11.868677749051965,10.931021075152017,7.30865608759891,1.6076916085005186,6.911914585370788,6.911914585370788,6.911914585370788,6.911914585370788,6.933411505360672,6.911914585370788,6.911914585370788,6.911914585370788,6.911914585370788,6.911914585370788,8.789465916846092,14.066344951758335,18.112790495470115,19.435139134650214,13.132558029624699,13.75106082604044,13.772314192678135,13.956051804691498,13.302985883478932,12.753966831106668,12.134417845658687,10.648520400139695,7.124768673837705,2.0536429519638455,7.309521476300405,7.22425577483819,7.009587757437489,7.008068798991806,7.057720168865034,7.009311797118998,7.099837167187659,6.911914585370788,7.057713466825412,7.0778044421522495,8.94216846187832,14.813883288738923,18.59423146057378,19.669510381131214,13.334662894691366,13.405627978417934,13.6481321732707,13.786209524750559,13.597885449694596,12.873245729656789,12.355470962716296,11.177334178240056,7.4044092818123515,2.164974242409241,7.219716754553263,7.111219328051158,6.911914585370788,7.000145248697642,6.99409402316726,6.911914585370788,6.916533058079635,6.911914585370788,7.038555763306124,6.911914585370788,8.879624209553764,14.449128619343593,17.776628466563967,19.019958114494653,12.827884613054776,13.086430432823963,12.836895696232201,12.994965568953914,12.820056187124013,12.5784992995367,12.179311761010247,11.166268964423127,7.493575263371068,2.096749774178823,7.269439953919846,6.911914585370788,6.911914585370788,6.931810178336424,6.911914585370788
6.843952470275138,6.843952470275138,6.843952470275138,6.843952470275138,6.843952470275138,8.778801909385022,14.678660205802657,18.17572152941942,19.4965784214276,13.40032137760343,13.726810079101439,13.726810079101439,13.862259547843314,13.451587684942696,13.34545999653487,12.648889315608683,11.006894494061571,7.578853337119233,2.0792023632225285,6.843952470275138,6.843952470275138,6.843952470275138,6.843952470275138,6.843952470275138,6.843952470275138,6.843952470275138,6.843952470275138,6.843952470275138,6.843952470275138,8.686245111511147,14.87171670889856,18.504467730016295,19.312157825527798,13.2856804120251,13.618108921133443,13.726810079101439,13.802545779786715,13.68447654293532,13.368061975996394,12.9324931624739,11.812613533900604,8.233056570475025,2.1514965733933886,6.866267658560767,7.066875620227072,7.105486992437146,6.843952470275138,6.843952470275138,6.843952470275138,6.843952470275138,6.843952470275138,6.9376212792686625,7.035449877122213,9.194626977239503,14.171948862435045,15.171178552284367,16.205179325413635,14.390012862239628,10.60794489372309,11.004009585603642,10.713363028965007,10.223961756754404,10.450853343335622,10.87159619911618,10.667865422467978,7.307571918066831,2.0099707862638287,6.9146402956745705,6.843952470275138,6.843952470275138,6.843952470275138,6.843952470275138,6.891303505340364,6.930365133133465,6.9642671541040935,6.843952470275138,7.232276100981907,8.836199192245996,13.636157707266031,15.538125653590463,15.83977940558625,16.64025886631621,10.30525546619043,11.070624279795926,12.022814352754976,12.281573214383547,12.875022447810858,12.053122173599036,10.469642066485903,6.905109100234043,1.6600751310415744,6.843952470275138,6.867605283267278,6.843952470275138,6.843952470275138,6.843952470275138,6.843952470275138,6.843952470275138,6.9381218018861155,6.843952470275138,6.942170829406806,8.672095069161271,13.9905301749675,17.374607159737863,18.570764170015607,12.72262742160193,13.662487911396223,14.029533867602712,13.665397365303312,13.424745599923043,13.2617702225088,12.749250464216026,11.601027727338804,7.800470864408773,2.726167829360406,7.76436887059875,7.479648308069459,7.543912078060216,7.275897608456341,7.208560645958057,7.016812261893321,7.073745175538001,6.843952470275138,6.843952470275138,6.843952470275138,8.41007925165032,14.347674642060763,18.119055087307185,19.259837564280144,13.032037231541969,13.370763969264948,13.174785294764671,13.470998292125357,13.56989265898533,12.666820532947238,12.290272159796068,11.003020724696707,7.3831372630026415,1.911998853214455,6.843952470275138,6.843952470275138,6.843952470275138,6.843952470275138,7.0063293607842905,6.843952470275138,6.914930647883591,6.843952470275138,7.0705004205681155,6.843952470275138,9.025974377880036,14.566240412286934,18.20169061463062,19.411083349277032,13.439772633214709,13.750468272608437,13.596581744038554,13.710903624508541,13.379262882629705,12.474404878945721,12.207676687560607,11.147307412041693,7.624022385352217,2.156523529897783,6.855978359681985,6.843952470275138,7.068720313004145,6.843952470275138,7.058271519842175
6.795936879273792,6.748660204956003,6.795644117000993,6.864208315933073,6.851366872070538,8.89840113222215,14.29339810189331,17.564946584030125,18.898999583478535,13.098547645951978,13.24119519754207,13.390699162323811,13.504603918650465,13.144976079590776,12.689689440319727,11.825094055409345,10.740527794110996,7.344665894381439,2.1006581636002526,6.628356268579073,6.708036921003423,6.473466690847616,6.452665105263897,6.519834754381382,6.452665105263897,6.452665105263897,6.606112430862738,6.727613106069184,6.6202353393192155,8.456459254196602,14.33582666924142,18.08619802369136,19.281705357672813,13.352325916368962,13.704706946121556,13.594239800692629,13.587825178767932,13.512715903578803,13.29800927286918,12.950243221950764,11.374230432257487,7.667943212211503,2.398271464946463,6.757688989419345,6.480155895730366,6.452665105263897,6.452665105263897,6.452665105263897,6.452665105263897,6.452665105263897,6.452665105263897,6.452665105263897,6.452665105263897,7.737628742309706,13.446499106523795,14.835024828598225,15.85673977315871,15.187104909175938,10.61614432728854,10.95808582620168,10.588824146907749,10.16425791744047,10.385055963372006,10.751928799234209,10.577910956467589,7.717967288567319,2.266926753733688,6.452665105263897,6.634593686671608,6.76413817155091,6.693940105261555,6.673485935609612,6.605611984685819,6.607702222688579,6.615277270195113,6.452665105263897,6.503868128665963,8.602231291937418,13.048231597038868,14.65347433969217,15.060195082757957,15.844689170260203,10.072173589531417,10.6570166002147,11.775364452541906,12.039819718379805,12.422416223652105,11.807123819704728,10.914978646785581,7.189150966096224,1.8124278982916657,6.46348209700259,6.452665105263897,6.452665105263897,6.527065559394401,6.569023803043078,6.531068675461429,6.629083590405799,6.670358889991399,6.655873202132187,6.682623473298517,8.331125367800304,13.559246230071198,17.44800528328343,18.88210198179514,13.09188556563055,13.521640433284304,13.739360990563041,13.521640433284304,13.301206002700484,12.669984705818285,12.220942310789148,10.657403457450606,7.175375624687631,1.9413247962303624,6.53006335036843,6.452665105263897,6.452665105263897,6.452665105263897,6.452665105263897,6.452665105263897,6.452665105263897,6.452665105263897,6.452665105263897,6.452665105263897,8.139807136663883,14.037220434323048,17.8643813381954,19.00079058772402,13.218474924650252,13.251226419432664,13.232770081186851,13.383350254783561,13.199040055480255,12.588105090571078,12.002253803543699,10.956322401968004,7.732024291720132,2.609266732782642,7.025897765910209,6.668046511310208,6.454807830928091,6.6391659563725565,6.624867551742915,6.481407892683292,6.6958916186773765,6.5446309935300935,6.822234406581224,6.452665105263897,8.491954010055512,14.023539389365709,17.348842490384392,18.600733460546728,12.880390663605217,13.149107392489233,12.96863365622312,13.097366372805539,12.876018551013138,12.105518089095925,12.259286586795827,11.005138143471457,7.287762428137911,1.9121016644945041,6.60960628564656,6.452665105263897,6.479036377231924,6.452665105263897,6.452665105263897
6.754658208554041,7.087405563960514,6.925559924363173,7.046487707992306,6.930303863467493,9.066176299640432,14.689801809568628,18.17440514839321,19.58735499860856,13.731899766048992,13.842358353330667,13.957609137012211,13.731899766048992,13.82041326556763,13.430180981684025,12.566212665674508,10.812294991032855,7.2822087976321805,1.8153114565110315,6.666677822733342,6.703850751704376,6.666677822733342,6.733176660285851,6.682233693012108,6.666677822733342,6.73680229309316,6.8817171610648264,6.863417473263864,6.772641193812357,8.836566291202821,14.80761863399432,18.48010602480919,19.687673308803685,13.661815759696943,13.779388864854797,13.902706034134859,13.702598191897899,13.264386859076295,12.91795427702381,12.62493316957726,11.29953174971982,7.680599449074196,1.6868460362042015,6.666677822733342,6.666677822733342,6.666677822733342,6.666677822733342,6.666677822733342,6.666677822733342,6.666677822733342,6.704508660184586,6.755835394616288,6.814568241794994,9.091824345840047,14.384608393857388,15.489381450508628,16.41465910801295,15.00475447474849,11.161091967464799,11.50885028709036,11.123767055372184,10.412979939851677,10.452913785594934,11.175193566229215,11.07262512778758,8.241375469579282,2.7541547832216837,7.361579062901017,7.16997990746102,7.296144307013761,7.097409855053666,6.943821961853785,6.758909317373131,6.819534143802326,6.839347210382427,6.666677822733342,6.835940420004037,8.725671599108049,13.446854978624014,15.040851666318279,15.360891581583221,16.111353937214346,9.876868119433718,10.649486403285595,11.821908249130491,12.083876482780715,12.37757881985644,11.7863314374127,10.711612331757237,7.0019804543253485,1.3149361682390435,6.666677822733342,6.666677822733342,6.666677822733342,6.666677822733342,6.666677822733342,6.666677822733342,6.666677822733342,6.666677822733342,6.666677822733342,6.666677822733342,8.39651887638922,13.799120694852522,17.72194663616616,19.176901136973935,13.295900987325714,13.757295661406813,13.803152680860606,13.747952360374928,13.717498034216984,12.968104289643302,12.39172469180353,10.994853979563397,7.251123198227941,1.8418238620014273,7.185412442280197,6.980026469594835,6.857612112570565,6.666677822733342,6.666677822733342,6.666677822733342,6.721491098676367,6.666677822733342,6.675152314191889,6.686570896222941,8.706075635676225,14.512992678216806,18.157437954184697,19.273574038197093,13.641358893856001,13.649549114173082,13.366393827094285,13.522592687468558,13.607736091642822,12.85300028111858,12.26732724791636,11.043762178327343,7.335011059608561,2.0118449475092235,6.906777535028951,6.855141515574984,6.786675500461909,7.046561371642993,6.9031207230583815,6.666677822733342,6.7129146546790555,6.666677822733342,6.833177981947917,6.666677822733342,8.627697920586488,14.028986479855023,17.48151339122993,18.836423651068056,12.882899181862282,13.183571927400774,13.24561520499503,13.470192102998185,12.952368096886289,12.692469932239854,12.095427294755115,11.040655582106293,7.697730580849124,2.1849406214204024,6.793056256115583,6.666677822733342,6.782076023961439,6.666677822733342,6.822423907432448
6.857971558423597,6.857971558423597,6.857971558423597,6.857971558423597,6.857971558423597,8.512911090550933,14.22879365182478,17.714454569882808,17.63532196625746,13.357746369408243,13.638571998630054,13.519623585816857,13.69352034428669,13.721890270179346,13.519623585816857,13.071211643001476,11.41189007318786,7.528536696089944,2.422190470047438,7.072064243984763,6.961669088550846,7.118155286462165,6.8878493545200925,6.857971558423597,6.892591325414859,6.891235109550741,7.025901633520771,6.934429990521524,6.857971558423597,8.874376866213664,14.765103292422282,18.471389829359296,19.364532515374243,13.192443195747899,13.517983716961552,13.519623585816857,13.651906196848854,13.556213901616285,13.519623585816857,12.837908421730631,11.871610589081273,7.772404583311541,1.999199169741974,6.857971558423597,6.857971558423597,6.857971558423597,6.857971558423597,6.857971558423597,6.857971558423597,6.857971558423597,6.857971558423597,7.018529123611489,7.190000429020525,9.333124336200829,14.535931821351392,15.577929472815867,16.397697093169946,13.603049903696824,11.038409692006597,11.290800061747944,10.629361475065586,10.164548217816776,10.361913126604264,10.669317163887351,10.721568140028324,7.241248278861189,2.097118685849382,7.253504400806763,7.076709162444512,6.95958057252837,6.857971558423597,6.857971558423597,6.857971558423597,6.931623780052239,7.0386647590111675,6.857971558423597,6.950066311296242,8.60221947657619,13.204157658585153,15.19743638343742,15.431017369189505,15.717893468578485,9.93992591211469,10.688619543075832,11.921095964686273,12.036266891099793,12.33250600189762,11.856455962897996,10.45887325947423,6.881471746898342,1.9445970884308748,6.857971558423597,6.857971558423597,6.857971558423597,6.857971558423597,6.857971558423597,6.857971558423597,6.857971558423597,6.857971558423597,6.857971558423597,6.857971558423597,8.637525812739305,14.016849264974397,17.787745828978096,18.97438474847471,12.735153840386099,13.474254109586917,13.558076787512356,13.498493855470434,13.306095738376463,12.972495645768507,12.249460634505164,11.04336359437516,7.373718334631061,2.1406037789762395,7.114580211191126,7.487269267430798,7.445730573420637,7.248229673992112,7.070564489231284,6.952978337627474,6.985419839017017,6.857971558423597,6.857971558423597,6.857971558423597,8.5665104256905,14.27354474617886,17.84388011126832,18.866299259681927,12.843259863195339,13.18513466011436,13.113259248477926,13.42787231898823,13.51651806493349,12.83557221217232,12.298252717466085,11.033859607505638,7.555570201797165,2.0211931607649065,7.052145931500031,6.857971558423597,6.857971558423597,6.857971558423597,6.944581665151465,6.857971558423597,6.863538802385411,6.857971558423597,6.857971558423597,6.857971558423597,8.774683517089862,14.114111619322157,17.711796934755142,18.88506387204785,12.577553176319062,12.78910592864184,12.702762602790093,13.029314079733497,12.650193322866395,12.276711793590465,11.859252608483377,10.402457719109439,6.869156797681966,1.8120314132392135,7.092068226522409,6.857971558423597,7.199405701425784,7.247338423400482,7.1486008418217395
6.936410210265062,6.936410210265062,6.936410210265062,6.936410210265062,6.936410210265062,8.56994913552909,14.252474512442664,17.884902996437752,19.43888256515204,13.365462018042562,13.665184851780786,13.820220517705856,13.728888814140396,13.774655858907916,13.850855854355897,12.918459892556745,11.34756447833362,7.585655208878184,2.481538985071623,7.075143608531968,7.06276811927226,7.1448194136369505,7.061720915889462,7.003484118909097,7.264378263939999,6.968212490586277,7.008222369322817,6.936410210265062,6.936410210265062,8.896253861056172,14.806560202173362,18.44207241530735,19.518455157464725,13.220539780650018,13.51973562739594,13.833845877683833,13.665184851780786,13.551911156232183,13.63284429523712,12.894767336420419,11.705854544964794,7.739585910157744,1.9010687959853838,6.936410210265062,6.936410210265062,6.936410210265062,6.936410210265062,6.936410210265062,6.936410210265062,6.936410210265062,6.936410210265062,6.9910048307238375,7.12680111137984,9.20157257174013,14.281027107520366,15.452980203220527,16.344159190667774,13.589698963179499,10.994923028072831,11.297410303622316,10.679042789440684,10.127205957647785,10.379110211892444,10.69376100670708,10.364205936182794,7.6768907482431485,2.2938723603182467,7.373691819215666,7.233356588191816,7.223173959411296,7.132575467498197,7.301424400819407,7.178628846501889,7.214778209535039,7.2223620980750045,7.06702667509281,7.326621424550046,8.930846240206048,13.630087398868406,15.487208293448749,15.687131845569919,16.545873846955992,10.225726681318076,10.87232728286899,12.129049928362875,12.380786241383742,12.423461773431619,12.07025342526257,10.99197597417682,6.989924514619517,2.0601177223990947,6.936410210265062,6.936410210265062,6.936410210265062,6.936410210265062,6.936410210265062,6.936410210265062,6.936410210265062,6.987610162969306,7.037831687351282,6.936410210265062,8.879832555411854,14.268129365598945,18.080764594724876,19.27730607268736,13.262972967689354,13.831803363429135,13.66690746748447,13.660604870547811,13.40763075152888,13.000548368379812,12.28361780053529,11.040836057082533,7.327262979391219,2.1576700471805372,7.359787344801989,7.4284567737621785,7.277454179593364,6.9607891111254006,6.9536173129740275,6.936410210265062,6.936410210265062,6.936410210265062,6.936410210265062,6.936410210265062,8.348019905750274,14.141983992400565,17.972428449635867,19.130997541846742,13.09368741408329,13.319230373600284,13.0218153654922,13.407426764148221,13.496162122710762,13.092425740434015,12.513917013664235,11.471290419495292,7.761061240975565,2.3936567771553787,7.601373057036175,7.2148630711382244,7.1809635841784845,7.323622455200769,7.457952162415762,7.260489953134426,7.307321594999244,7.0709200256696585,7.286679557272327,6.936410210265062,9.1217265082023,14.404828325287749,18.04628319235661,19.134499113840437,12.764561638404968,13.160907350604065,12.901061858022489,12.934266111080188,12.540488724096981,12.172076760474493,11.705835811269548,10.782781202918166,6.654788073547503,1.7494574486242305,6.936410210265062,6.936410210265062,7.060067870911279,7.106881135428316,7.110088771671089
6.857468492830825,6.8365208463031815,6.8365208463031815,6.8365208463031815,6.8365208463031815,8.770326597251277,14.362869024615769,17.842071548408963,19.264716469062986,12.956539769376494,13.661586689667924,13.378360818624929,13.521918322289467,13.392476922390307,12.974406355015903,12.292863149856206,11.005869158011544,7.5154972972097145,2.2849574036207825,7.0948651261475115,6.9713834455800034,6.95898336719507,6.907344683915503,7.076243316280961,6.961454171837314,7.006189718696403,7.116940217436453,6.959985495526363,6.952010442573725,8.892587059886505,14.786113853939073,18.403473030478597,19.510780494595785,13.14444079927841,13.40868235304184,13.43036747024833,13.526084854241295,13.526084854241295,13.526084854241295,13.077300667493455,11.742504074588302,7.881525480958816,2.3412781743216966,6.8365208463031815,6.8365208463031815,6.8365208463031815,6.8365208463031815,6.8365208463031815,6.8365208463031815,6.8365208463031815,6.8365208463031815,6.8365208463031815,6.8365208463031815,8.879564631993334,14.01267072411666,15.204104563926062,16.150554709629805,16.74911475548809,10.628408714469415,10.863802350472959,10.432814608443511,10.108030275728828,10.439459769802978,10.428498120039857,10.309063616262035,7.171970446381922,2.125003048788233,7.0497541338843375,6.958330582976853,6.898945258235282,6.8365208463031815,6.8365208463031815,6.846496628716918,6.972132472010246,7.047000195739804,6.837824852693243,7.022122238982833,8.802895566463928,13.52098448023171,15.27606592401822,15.661950635182134,16.473706832228768,10.245935565713696,10.983659478791544,12.359003719843484,12.359883800206754,12.4681211249499,12.036323940567582,10.789063829773355,7.153197712760324,1.8338199612402344,6.8365208463031815,6.8365208463031815,6.8365208463031815,6.8365208463031815,6.8365208463031815,6.8365208463031815,6.8365208463031815,6.935899395503416,6.8365208463031815,6.8365208463031815,8.451161522437005,14.184932795043752,18.22336404479006,19.177717540479055,12.960457180126097,13.380884279346526,13.526084854241295,13.624848373923305,13.322123506001832,13.250596135421118,12.117850264877326,10.940510210928414,7.324249020660562,2.0218718486399063,7.036476739712188,6.838919696035073,6.891552143139548,7.009456562325863,7.056263735395956,6.88097718997021,7.020295199000715,6.955140985059976,6.839530053058251,6.8365208463031815,8.349856264618325,14.079678683993638,17.888524993558416,19.119323208189794,13.046759337094327,13.332898627872108,12.888326514362523,13.244214880614159,13.208256685282974,12.707199693748347,12.165444947848822,11.047925493009048,7.405751748562147,2.190815388138014,7.192442837433824,6.983131999461537,6.842781074669609,6.8365208463031815,6.8365208463031815,6.8608309740091995,7.181686686885196,6.926631220096737,7.122125707509531,6.8365208463031815,8.927599674289944,14.251189360226633,17.837607522205932,19.16115541472704,13.003133722531691,13.327012827136555,13.30407513352946,13.584349134014905,12.938091780934645,12.482641101817629,12.324217652589434,11.046908581493382,7.212285351616279,1.7995784006592372,6.907874469578979,6.8365208463031815,6.8365208463031815,6.8365208463031815,6.8365208463031815
6.590214161928287,6.555321652731614,6.555321652731614,6.555321652731614,6.555321652731614,8.47246732870422,14.091170446646311,17.524013344547278,18.884624147997304,12.996055149765372,13.45627267896522,13.45627267896522,13.45627267896522,13.246219734501,13.017806918059557,12.410252379456152,10.994197885898387,7.567939172335065,2.228558440513278,6.626531173336465,6.597082772021552,6.555321652731614,6.7685796645110665,6.901972664294895,6.729502927577677,6.8584387999506715,6.716805372938763,6.650224920575427,6.561540797693012,8.584845449468208,14.495493470659818,18.008964687561882,19.135236280177924,13.077753411941412,13.310348401105253,13.241266234464684,13.428954626075837,13.030075974091865,12.84553002576672,12.391886952492662,11.189932520348307,7.662416127494196,2.0925177037317875,6.555321652731614,6.555321652731614,6.555321652731614,6.555321652731614,6.555321652731614,6.555321652731614,6.555321652731614,6.555321652731614,6.555321652731614,6.555321652731614,8.37783249909606,13.258187201671117,14.47562813890796,15.583835016284693,16.092877725975278,10.1512591164412,10.757813265148926,10.299703706260088,9.890614863396873,10.172648355263817,10.704698466439067,10.6974686637836,7.723201404576151,2.267630867803028,6.609499256037251,6.5721556626257165,6.580581314742824,6.587782677965553,6.854321393533867,6.739209513819096,6.555321652731614,6.644484452871222,6.555321652731614,6.758844755654681,8.401869927482297,13.21183877119854,14.990456883129305,15.368864664320043,16.301857519039146,10.22014212220852,10.997590584271705,12.040684922796718,12.177877158942357,12.722234182749396,12.069692894916772,10.9932618861344,7.291444577906532,1.9620163176147216,6.615085077250888,6.555321652731614,6.555321652731614,6.555321652731614,6.555321652731614,6.6888384198364195,6.555321652731614,6.816478319528483,6.7333457800791345,6.677125238985284,8.575936207498746,14.118555858764186,17.823396919442978,19.039471553682432,13.306681950617854,13.521738575278473,13.45627267896522,13.583949746590617,13.064422982874163,12.705920888732818,12.055414687720123,10.822401745206681,6.994288083885718,2.037033637794212,6.555321652731614,6.555321652731614,6.555321652731614,6.555321652731614,6.555321652731614,6.555321652731614,6.555321652731614,6.555321652731614,6.555321652731614,6.555321652731614,7.769086264417298,13.690406948727553,17.58817785278972,18.796500612377137,13.160668393605,13.415497608719647,13.048915475768199,13.405484373221695,13.32488141132447,12.855646362547496,12.361950199115798,11.517313627114378,8.322717627864872,3.247654301922956,6.7310602703726525,7.176323809769904,7.2500354955535995,6.990865422086143,6.753423456250459,6.7123846889634695,6.762714126144311,6.555321652731614,6.6806371429840725,6.555321652731614,8.378618714836119,13.606494208960795,17.0946220492198,18.30996119778353,12.293945445055046,12.769415679920478,12.661318534940792,12.855564814302557,12.402294097122315,12.475903381697883,11.854207271123203,10.746380920108077,6.857801581851643,2.0268709502063746,6.99731956955898,6.831424389024597,7.0995758895332886,7.092104333576633,7.043399311153289
7.003039929993307,7.003039929993307,7.003039929993307,7.003039929993307,7.003039929993307,8.650370077190066,14.26296431247664,17.837517766217257,19.303487983386372,12.848480807114413,13.364153380331151,13.553220895082266,13.695153381491819,13.441222677946515,13.185203156070873,12.464663350595844,11.34290722540145,7.904378260764785,2.5820118432220847,7.283387104917134,7.201591180595286,7.13701321215821,7.0895944601380245,7.097189979709595,7.003039929993307,7.01932083945298,7.121143732161056,7.003039929993307,7.003039929993307,8.939926486653043,14.762121777924275,18.363389941656585,19.413560074796074,12.92061044307204,13.46096376230551,13.437636859748462,13.59289297025036,13.59289297025036,13.601755846688615,13.164811209196122,11.836231254038962,8.06704665617098,2.5028946003017247,7.003039929993307,7.0904325103047565,7.134251849518195,7.067405271684153,7.019120618887465,7.081069591037146,7.003039929993307,7.003039929993307,7.003039929993307,7.003039929993307,8.643985907231098,13.51618029013769,14.711974476346132,15.829906459631664,13.894049177797562,10.042246013560396,10.445640533915038,10.260949785605428,9.779413287560859,10.212071341722114,10.408491465472062,10.129396810580708,7.084148118153729,1.3195548751157373,7.003039929993307,7.003039929993307,7.003039929993307,7.003039929993307,7.176807074872884,7.1859455182257435,7.234834782441815,7.258814663828987,7.244419139375838,7.9805255417535905,9.58257819308427,14.204441167878628,15.897867618868723,16.347756849257514,17.327701315398237,10.757973971424889,11.485402692881202,12.488731948834504,12.573960289337142,12.55294738432339,12.250723675983657,10.978437095163807,7.143916619992329,1.4769608384652926,7.418862446423171,7.13642358943063,7.003039929993307,7.003039929993307,7.003039929993307,7.003039929993307,7.003039929993307,7.055600562864277,7.003039929993307,7.003039929993307,8.601740481932001,14.462791931205668,18.160048487449018,19.396850519133295,13.21347623345614,13.59289297025036,13.701238998947456,13.593592309945372,13.251261794463225,13.055431956718744,12.369067974630465,10.993959137415398,7.504058574184369,2.1307802738335773,7.40449846911527,7.224569604692582,7.003039929993307,7.003039929993307,7.005984245820778,7.003039929993307,7.1402937608018195,7.227351171684049,7.013288346739204,7.003039929993307,8.34957397182325,14.105301099091012,17.87606868153661,19.178476622345855,12.988364191222516,13.124579801936255,12.78542787859338,13.132551450461799,12.950615373464558,12.769476627915967,12.240425790438872,11.303220469166693,7.585787454492878,2.3781903752622653,7.277707606022832,7.223232269048872,7.059250208043555,7.089869877349919,7.162148792575916,7.415039165351342,7.722355351652808,7.373181673727613,7.562095246137227,7.128051544221184,9.321521363236977,14.790768813859327,18.284871882192316,19.46488317965709,13.403339436936529,13.504327626080206,13.40343347525177,13.646936659250262,12.897334220000088,12.270401101678605,12.004682771135704,10.490187585490869,6.600052492118555,1.5732184592979708,7.003039929993307,7.003039929993307,7.003039929993307,7.003039929993307,7.003039929993307
6.812673795028981,6.747146892499006,6.747146892499006,6.747146892499006,6.747146892499006,8.58361683371947,14.278897190763088,17.754798269917867,19.258346632880684,13.332435943239949,13.575748190440766,13.716598411221655,13.575748190440766,13.58818599916183,13.614689904430742,12.767665359347747,11.411622546743875,7.781902713216934,2.3975662649101976,7.012784084947844,6.865102791831487,6.747146892499006,6.849535275920946,6.912620535470321,6.747146892499006,6.937667972121294,7.105824342438844,6.8272843572230215,6.7707843370975525,8.648642349549023,14.46362435612805,18.273660780013152,19.439201883197807,13.253506138787381,13.47538732251566,13.508164433090835,13.575748190440766,13.488380959211884,13.053928136040389,12.54677523569584,11.020523775450423,7.405638709725328,1.856643346879593,6.747146892499006,6.747146892499006,6.747146892499006,6.747146892499006,6.76773338334767,6.857589830233631,7.000144527784622,6.944313040117583,6.747146892499006,6.747146892499006,8.621398956480961,13.724294113113352,14.707176309002486,15.805034556960074,16.430128336277004,10.272222989024991,10.645101007563147,10.40119538687871,10.01220518113777,10.254968894027062,10.922780021607307,11.302392717511974,7.868862607563058,2.2617296130646656,6.910059791654591,6.8213981461401705,6.8126240306036,6.935942552506781,6.961411823580612,6.828370678216067,6.747146892499006,6.762942242491189,6.747146892499006,7.076860131954145,8.983943719270764,13.698616478795046,15.191865628648376,15.483540185453858,16.50896165949973,10.299955501474058,11.07583835032091,12.144454536418763,12.233899415323283,12.461378672566525,11.897796018709341,11.134244630729652,7.2306221189917395,1.4745751503767806,6.94025268782486,6.761909832958971,6.747146892499006,6.747146892499006,6.747146892499006,6.747146892499006,6.747146892499006,6.747146892499006,6.747146892499006,6.747146892499006,8.511892136138389,14.3756351878131,18.44552202076774,19.670310302194356,13.559628562505965,13.575748190440766,13.575748190440766,13.575748190440766,13.540671957735695,13.372437561803673,12.266053329355593,10.69376165745279,6.977215191536817,1.6998493954445761,6.747146892499006,6.747146892499006,6.747146892499006,6.747146892499006,6.747146892499006,6.747146892499006,6.747146892499006,6.747146892499006,6.747146892499006,6.747146892499006,8.143791155025495,13.843689084320001,17.705911802286675,18.700834561584763,13.224500758165393,13.187191602963846,12.971061871417781,13.266334032048281,13.026741385407721,13.01057952767254,12.35155950965165,11.154560007028152,7.744064553921075,2.7702367105981685,7.628379180717618,7.304591498608485,7.126234786575366,7.390116012953462,7.075560086914702,7.141687146391812,7.29496607761214,6.975539559586543,7.1562679207336695,6.747146892499006,8.870069160276262,14.079053777747404,17.426769788900405,18.77295332868064,12.63909593270067,12.857929935210144,12.941306275537164,13.137319556956841,12.586912940163952,12.167919859720815,11.51933810012768,10.346831357042971,6.722482605449123,1.7556727099210685,6.9487543633619175,6.790281573684195,7.059260366379519,7.079243564717658,6.965671941605296
7.185633923943561,6.857257000426368,6.857257000426368,6.951984369145923,6.894874879133555,9.073206967234135,14.662484754087046,18.125590779943835,19.638279079166576,13.441853993098604,13.692309995076037,13.598217633614262,13.583881740695455,13.801478549476942,13.266126475181624,12.374702696252251,11.188791054913303,7.485300973467145,2.4590003656368205,7.209694612242242,7.275616620126678,7.0615167193108075,6.857257000426368,6.916215051010361,6.904862065402807,6.950610726202679,7.0934197474558465,6.92221616785101,7.00730136771104,8.942223622645175,14.940441062076346,18.45916442066175,19.61941880215353,13.44261338178868,13.716831227201217,13.583881740695455,13.583881740695455,13.705423188333043,13.463419881731067,12.749690571074117,11.267670238776457,7.535807716837712,1.9082416001685687,6.857257000426368,6.857257000426368,6.857257000426368,6.857257000426368,6.857257000426368,6.857257000426368,6.857257000426368,6.857257000426368,6.857257000426368,6.857257000426368,8.817295136241704,14.08742605025202,15.268558387571847,16.238175317206778,13.614051661011874,10.801698593127766,11.083650585287213,10.717815245325538,10.059151496424477,10.366415965627752,10.635740088450893,10.71915838568296,7.547301684918645,2.0421678653324933,7.05940501844429,6.857257000426368,6.949404987009136,6.857257000426368,6.8877251043017935,6.857257000426368,6.857257000426368,6.857257000426368,6.857257000426368,6.969371819566113,8.674526547506924,13.37831841739253,15.33736350221806,15.718828676606527,16.649332432808542,10.290829927997754,11.060921741108013,12.260593750703716,12.38581041627158,12.758105003072588,12.369066635966862,11.108954156044138,7.652486571588009,2.1664504435198064,7.312121162366953,6.979382081215072,6.857257000426368,6.857257000426368,6.857257000426368,6.857257000426368,6.857257000426368,6.919295411785502,6.857257000426368,6.857257000426368,8.618162301172035,14.245729632334847,17.93612167099631,19.35215408676135,13.224270302219525,13.583881740695455,13.762830975726384,13.583881740695455,13.29259757918543,12.740470135141061,12.037602594419182,10.518856113949866,7.0345697925008555,1.926622387124015,6.857257000426368,6.994911609341608,6.935856652283631,7.0716695827580365,7.019506674854534,6.865573549446466,6.979161853029807,6.857257000426368,6.857257000426368,6.857257000426368,8.643180061085584,14.42416385180822,18.28023630709642,19.134699805036327,12.999147464931175,13.385434736086946,13.089174747646554,13.499955370211012,13.338984655500308,12.75837420080559,12.353888829540502,11.212135109152747,7.5753305794682175,2.2880161088484914,7.223105405559762,6.857257000426368,6.857257000426368,6.947254118721802,6.889226572703674,6.857257000426368,7.022659348606868,6.866638002543212,7.109203610798177,6.857257000426368,9.061419496516592,14.367256726803406,17.900009916250067,19.137132840686032,12.765742938725046,13.144353243329533,12.999579930378893,13.11164854815532,12.824367135350965,12.515839250606588,11.992287787814828,10.99857520864546,7.135947821342545,2.151931084132487,7.15598590691795,6.882239641231329,6.9637951682626875,7.034575505049395,6.966442713856633
6.558507020501291,6.508924194131857,6.508924194131857,6.508924194131857,6.508924194131857,8.429352064491441,14.202600160470453,17.76859965147784,19.27173173260334,13.410550587919875,13.814068280554263,13.814917240219245,13.814917240219245,13.814917240219245,13.56440471163034,12.693453050845244,11.527489206172037,8.08161971070174,2.6721851532266427,6.9343266835616095,6.779803055461707,6.786361083601203,6.508924194131857,6.508924194131857,6.508924194131857,6.508924194131857,6.613294665418139,6.632550548682554,6.578614796911585,8.565456726280853,14.604139143041849,18.250575709581362,19.261532688558287,13.383434108067814,13.913708220505455,13.909698659123219,13.941611487758715,13.8307060205822,13.733280091017544,13.186846834181182,11.786884349898303,8.362401665959236,2.485104468559497,6.508924194131857,6.508924194131857,6.508924194131857,6.508924194131857,6.508924194131857,6.508924194131857,6.508924194131857,6.508924194131857,6.508924194131857,6.508924194131857,8.68879693778249,13.870682457893341,15.166688966594457,15.987352995330834,14.302512585906225,10.797958327115902,11.177012666771152,10.807421732539716,10.235226012355023,10.237950441958825,10.434586298406304,9.841958929089637,7.331938452599888,2.09921581144484,6.549345399402812,6.515511608544917,6.7038462286950296,6.5830840322575215,6.569348548327722,6.618928544145411,6.696698262107445,6.706267534121679,6.639520911014329,6.87079031784891,8.483522031553106,13.18850795945239,15.24256916260573,15.750736161605502,16.68342828192345,10.617075571881557,11.430415108301714,12.54438940266636,12.613629433072973,12.88126231498986,12.38433121640708,10.994626297459535,7.445809868284744,1.6918538178250773,6.508924194131857,6.508924194131857,6.508924194131857,6.508924194131857,6.508924194131857,6.508924194131857,6.508924194131857,6.693948612678457,6.552046414806375,6.508924194131857,8.217772129983924,13.789535582912897,17.547339024146517,18.935156691650736,13.360049534374578,13.814917240219245,13.918140566008782,13.814917240219245,13.655961474600034,13.10127028518509,12.318650121971476,10.976492650764868,7.428562042953784,1.9652166684365677,6.9199530388749135,6.830357687441824,6.735838771375548,6.649460419196718,6.561656755553191,6.508924194131857,6.660302770456383,6.5406491210110955,6.541585673386418,6.508924194131857,8.341178627860955,14.092477493393986,17.997145192636598,18.925385009454494,13.259107962199444,13.524427261918428,13.155995261176502,13.624070942844972,13.483512536547353,12.85886853018349,12.336335820986465,11.331354054363748,7.620443299609755,2.2883378396256386,6.832294711197312,6.710354233265519,6.511198619655265,6.586198977255255,6.663467224377353,6.585716908560912,6.769239281958257,6.546443980935753,6.773247960803108,6.508924194131857,8.79778697244462,14.222686167364605,17.798897053915564,19.070279615166072,13.020534730034939,13.297984794436038,13.242707902714066,13.412785385718863,13.006568198878888,12.428160978154558,12.046640480952071,10.783409283816237,7.378668332181601,1.8260284550414956,6.508924194131857,6.508924194131857,6.508924194131857,6.508924194131857,6.508924194131857
6.500437577135151,6.479827914405772,6.479827914405772,6.479827914405772,6.479827914405772,8.531623424478532,14.203952853375604,17.649713615010512,19.16813084751697,13.497495409664703,13.56191004615236,13.821920444098735,13.56191004615236,13.483774661529484,13.23152241110687,12.200131383429662,11.490343443470913,7.818339144932186,2.8566002102216546,7.171549577875943,7.011283272153816,6.916636169477182,6.479827914405772,6.525838751268959,6.6601628422032295,6.479827914405772,6.553110352809081,6.479827914405772,6.479827914405772,8.449443648555071,14.421726339398173,17.957135046671883,19.067258922822834,13.218427839742168,13.506959108229298,13.627505983116498,13.56191004615236,13.47469685923986,13.31203929427814,12.668402094770306,11.412813118342742,7.59305462863101,2.185657526320138,6.479827914405772,6.479827914405772,6.500737172903057,6.5337694503696575,6.479827914405772,6.479827914405772,6.479827914405772,6.479827914405772,6.479827914405772,6.484207721609076,8.566470706660485,13.621185430378087,15.05219951305681,15.824493340758234,16.431856515337795,10.924960583003859,11.08786738512899,10.568524545793698,10.079105682366352,10.264671991880208,10.534891409563572,10.113910955529029,7.486538725064926,2.4308816083499916,6.605854465620327,6.479827914405772,6.530697254914239,6.479827914405772,6.479827914405772,6.479827914405772,6.479827914405772,6.479827914405772,6.479827914405772,6.479827914405772,7.989203720499988,12.38698101140857,14.810063889420292,15.377433807697173,16.22383823127704,10.234445254478976,11.107718557105205,12.321503135912293,12.539528686644008,12.894442049552465,12.757755421445692,11.627238979253008,8.016195460125779,2.882621731234035,6.63055004877697,6.479827914405772,6.479827914405772,6.479827914405772,6.479827914405772,6.479827914405772,6.479827914405772,6.662948223969878,6.622678409954971,6.6453129460033935,8.318244952796896,13.678785419687912,17.486119977470754,18.806553817957713,12.928554286299173,13.462948259197352,13.357559590118491,13.35753015818293,13.01678269644299,12.545013262583593,11.750865047140582,10.42351148780437,6.760953837136672,1.8220584553602026,6.479827914405772,6.479827914405772,6.479827914405772,6.694727099850307,6.699089577989802,6.617674857498619,6.813470796235979,6.6554293301144085,6.843351154449225,6.692326948729575,8.749298291455748,14.41630956707914,18.257380730254447,19.151901547733466,13.117588046256351,13.618317768776567,13.459382764436777,13.56191004615236,13.390914321741178,12.56892279515903,11.788949782409794,11.016731939874463,7.347046127174773,1.9281583487818776,6.627487300945262,6.479827914405772,6.479827914405772,6.479827914405772,6.479827914405772,6.479827914405772,6.479827914405772,6.479827914405772,6.649057387881707,6.479827914405772,8.739459424975948,14.131788771113674,17.728906325136048,18.937593470296434,12.957032855188665,13.318264017893139,13.194269648930737,13.150766347840177,12.803713083466848,12.4392047172415,12.285782024320271,11.154526996819984,7.598173225112541,2.2372427643043618,6.9721746064582675,6.479827914405772,6.479827914405772,6.479827914405772,6.479827914405772
6.999557692899707,6.7339936029379555,6.7339936029379555,6.7339936029379555,6.7339936029379555,8.814312274529492,14.50731815467975,18.02280071726377,19.57673039298667,13.606750921614408,14.080745919459314,13.880383454954059,13.905166594421493,13.733597451962632,13.451949331657458,12.568575840704412,11.213799661730668,7.519160751585713,2.2288008312333294,6.7461275403241725,6.792372534812968,6.960007451574983,6.996273128257598,7.134538181541756,7.056639318612659,7.096766048849529,7.211959694338378,7.07031392622351,7.100715214312954,9.00958351736577,15.053424019448576,18.638890728311388,19.80173599410327,13.673730701199702,13.83178977575893,13.919278141331297,13.83178977575893,13.835721628141433,13.651168400243924,13.228844336300766,11.632278260078394,7.661107697542154,1.892194695829453,6.7339936029379555,6.7339936029379555,6.7339936029379555,6.7339936029379555,6.7339936029379555,6.7339936029379555,6.7339936029379555,6.7339936029379555,6.7339936029379555,6.7339936029379555,8.76747466304225,14.108309505776816,15.646603697454132,16.60705359940598,13.35183987983721,11.231445952292843,11.679635382969574,10.999689577439945,10.378099934862709,10.558489458887312,11.045570870711318,11.190590747966949,7.883315420867716,2.5427734600581284,6.998206385988635,7.035507145730529,7.070534618215888,6.84661989411435,6.939929066210043,6.73724390183761,6.84593195136622,6.766546470488931,6.7339936029379555,6.828338888641573,8.554729437377281,13.2668937434226,15.123357050514562,15.516940066910038,16.356032560398425,10.16903758171656,10.985190578567096,12.119679951819771,12.399414257386336,12.654581691717548,12.515119648938,11.177307521983264,7.476259423703831,1.8733760531284547,6.847344266757089,6.7339936029379555,6.7339936029379555,6.7339936029379555,6.7339936029379555,6.7339936029379555,6.7339936029379555,6.880001271248667,6.8217211689887325,6.7339936029379555,8.557444933057488,14.386782711815734,18.356187326193492,19.404278382692212,13.316882328456641,13.828430369453669,13.865436273725743,13.83178977575893,13.460238635929908,13.146526135662352,12.66961980589864,10.886382814993098,7.328792859203486,1.9801160033417728,6.832730107946373,6.818790494751399,6.7339936029379555,6.758864194085558,6.7339936029379555,6.7339936029379555,6.7339936029379555,6.7339936029379555,6.7339936029379555,6.7339936029379555,8.47770705607096,14.226589283766131,18.149385892894806,19.26517245324097,13.412684875228464,13.598451302625858,13.430262157685585,13.83229643649165,13.408612700027827,13.020134609401412,12.363513072224476,11.38409741313712,7.832428577643598,2.6560714631080096,7.221593314601514,6.857913419080374,6.7339936029379555,6.940464796923271,6.968402970695728,6.903240761528016,7.057621276889276,6.817187115641702,7.058746017680691,6.7339936029379555,8.935377419397161,14.255223696203311,17.898957625467993,19.264948205855767,13.022263310683018,13.426693876480877,13.254008967830007,13.417377399432597,12.965346331473098,12.649733990890338,12.510315206855484,11.142313498464747,7.258099695456771,2.1017705045383486,6.992181953190859,6.7339936029379555,6.775937860293004,6.755935787055244,6.7339936029379555
6.512939472130859,6.60652755236639,6.4514529847904925,6.4514529847904925,6.4514529847904925,8.532304595364351,14.335880376132634,17.811391865098123,19.34553431997315,13.487377480903902,13.777785513508476,13.850483317691037,13.990729238417877,13.864286629997595,13.792927828642798,12.377776207963079,11.50515435508125,7.813012091912323,2.588417307824409,6.71431699025775,6.4577215111156825,6.481446916526593,6.4514529847904925,6.460979496205608,6.493822342813494,6.691536449796118,6.7872105828391645,6.687354951477207,6.535621774148636,8.561926001172814,14.548974650771093,18.19763463058421,19.37172384735429,13.550270287968814,13.96781319972703,13.793828503903699,13.777785513508476,13.61415829077297,13.20831378153576,12.735647464497937,11.258347395146739,7.582366246776877,1.8199097731956064,6.4514529847904925,6.4514529847904925,6.4514529847904925,6.4514529847904925,6.4514529847904925,6.4514529847904925,6.4514529847904925,6.4514529847904925,6.4514529847904925,6.4514529847904925,8.304321396615581,13.453997663791931,14.833326185792153,15.796031729207359,14.686031074664212,10.764990923683449,10.93927221438686,10.664677594320343,10.106204461959289,10.470037025472918,10.970545914858107,11.056424479473876,8.077355131273743,2.500588434433731,6.4514529847904925,6.519720439743115,6.626576561091605,6.60508081933769,6.67822067527,6.627641683446293,6.651040243292696,6.464771941544154,6.4514529847904925,6.4514529847904925,8.25450865438869,12.78208243089657,14.938508866062568,15.525908652102503,16.344260141927144,10.353499265189356,11.329151415192618,12.386104434251884,12.772306680007304,13.022174411328994,12.739248514247594,11.640489809116284,7.982970507821,2.9289619308163983,6.631859007488197,6.5210273600648865,6.5807176339354845,6.4514529847904925,6.4514529847904925,6.4514529847904925,6.4514529847904925,6.556733338916004,6.612455734323136,6.553919941809708,8.51140598321117,14.0305146422418,17.918060953589034,18.99405461878643,13.432121570937642,14.427742205536083,13.475658709540557,13.74113264138235,13.007468824586212,12.651358566917134,12.080676053486222,10.909900094632997,7.017772561671424,1.882369545725141,6.4514529847904925,6.4514529847904925,6.4514529847904925,6.4514529847904925,6.46935773673989,6.4514529847904925,6.4514529847904925,6.4514529847904925,6.5631664172009625,6.476142759125952,8.533168518816264,14.383918461915055,18.34543123846225,19.333436927986334,13.388438536379585,13.777785513508476,13.794170226296059,13.881365157529691,13.722922268211942,12.837486136882239,12.253418996132783,11.0048614142513,7.477238454597103,2.209339180605324,6.892604932567497,6.4514529847904925,6.4514529847904925,6.604744529743053,6.514787833071347,6.4514529847904925,6.4514529847904925,6.4514529847904925,6.7100269369185925,6.4514529847904925,8.757144369214775,14.054298816209771,17.734421377096744,18.98633843556003,12.957845321624143,13.264380114148885,13.021882878224975,13.069262345558313,12.860467978899147,12.847520176032482,12.601642315282648,11.202819171921433,7.743470724938423,2.1568217694724434,6.853420214422161,6.588648668847349,6.4915107624603685,6.462056474924209,6.4514529847904925
6.970068425812063,6.970068425812063,6.970068425812063,6.970068425812063,6.970068425812063,8.610970244922047,14.36394804287055,17.85264252420612,17.077948143382898,13.166633897902233,13.770285943895443,13.627869233213493,13.875053068573184,13.69305166161785,13.428583401900564,12.6249706319395,11.529381200521133,7.816641106278053,2.6380546762935415,7.34841121395274,7.255707998485636,7.158665966405022,6.970068425812063,7.00353662064387,7.000356121448852,6.970068425812063,7.029838640268615,6.9942559678561596,7.218838109289089,8.979952624109847,14.941213317401118,18.699852617146096,19.769121790478827,13.328769728571308,13.608826852258618,13.726983294791191,13.655344030667282,13.627869233213493,13.627869233213493,13.245528337370517,12.05757337902628,7.829846838587624,2.4992513759334143,6.970068425812063,6.970068425812063,7.16264824097654,6.97385123381901,6.970068425812063,6.970068425812063,6.970068425812063,6.970068425812063,6.970068425812063,6.970068425812063,8.97920491640738,14.238928553251231,15.490243589500619,16.45069180050467,15.640475969420574,10.593936181280796,10.775860247865257,10.339539296747484,10.311841103875159,10.38305336694979,10.570409178679721,10.229692916847073,6.805434873642459,1.7624733649269686,6.970068425812063,6.970068425812063,6.970068425812063,6.970068425812063,6.970068425812063,6.970068425812063,7.085187845093579,7.049341231049866,7.014241157049936,7.214011972860535,8.846986557137733,13.666256746463693,15.47250817399199,15.85755773979766,16.756813324992105,10.454573469096854,11.193905614411785,12.333173168883238,12.411246859617465,12.623751412638047,12.113098024192384,10.81149285035276,7.227229298705841,1.7235574729232765,7.1278593734008435,7.071611071386125,6.970068425812063,6.970068425812063,7.040433264454702,6.993188524744257,6.970068425812063,6.975542663580223,6.970068425812063,6.970068425812063,8.72435112195268,14.732805533346504,18.284132820563897,19.243676959136828,12.93622376888645,13.56767084339283,13.343410518847866,13.493266413367426,13.100649109825788,12.605970089990944,12.165343219774002,10.769665767757681,7.300175311953621,2.2341169051763896,7.325454536469097,7.327660396034024,7.172191312362435,7.229730994118305,7.261460037485999,7.039287232836321,7.2643495358288614,7.2341258075810675,7.261551927147967,7.104290132015924,8.746812610617074,14.401339113984095,18.11490963136759,19.346884178322277,12.915391925608342,13.369778079662447,13.138565413753629,13.707620118210873,13.244744781209944,12.867122760646149,12.108007319843074,11.143561576490795,7.7276805415013445,2.1455693869798536,7.283833951748796,6.970744398656874,6.970068425812063,6.970068425812063,6.970068425812063,6.970068425812063,7.143598752533999,6.987713220852948,7.180564998956189,6.970068425812063,9.12480159817529,14.497517637081053,18.112256710828465,19.442345454378195,12.978069468122335,13.17667291962391,13.09225789782749,13.07445425043727,12.760480373576383,12.24455343781735,12.000232795927458,10.775700227857234,6.916660675997039,1.8813028420023912,6.976300270997654,6.970068425812063,6.970068425812063,6.970068425812063,6.970068425812063
6.996833321294757,6.6775708943517715,6.6775708943517715,6.6775708943517715,6.6775708943517715,8.788037785139991,14.464927811958948,17.804893802543738,19.318147096353403,13.174424292016752,13.564060391893365,13.737494289730966,13.525644608632234,13.291475729088527,13.004905505160083,12.154168160184947,11.120087021241348,7.557031066378004,2.3148327069649284,6.923928142755648,7.12319587000525,7.026809522972767,6.888801310738155,6.959773967033674,6.95585546174028,6.8854389898436414,7.069972757204012,6.99525456001933,7.005050823252814,8.732732227399472,14.663107525900955,18.45317025108787,19.45543444671517,13.281830450443449,13.481444143806291,13.688247376134813,13.735252926070538,13.564060391893365,13.636639152550561,12.806006776021114,11.443569145169151,7.812857216871412,2.2397062170218396,6.6775708943517715,6.6775708943517715,6.6775708943517715,6.6775708943517715,6.6775708943517715,6.6775708943517715,6.6775708943517715,6.6775708943517715,6.6775708943517715,6.6850277672777265,8.999899827308695,14.16321725490541,15.661252510826273,16.477822364615736,14.80368915069834,11.045334041361958,11.206689871134532,10.856355649696551,10.196640003464028,10.429937706662576,10.481839761507574,10.516187268369809,7.267131889186085,2.6183580918935796,7.093105470385795,7.061298362420055,6.773786298182526,6.6775708943517715,6.6775708943517715,6.6775708943517715,6.6775708943517715,6.6775708943517715,6.68880261560319,6.897860289828452,8.397403615467185,12.992708971373855,14.853439314762657,15.183756355087695,16.068882163869393,9.91800008670894,10.721185711077375,11.832063453532243,12.042373832758402,12.263006337343814,11.983563005141225,10.695157626225198,7.294063851582817,1.790879434927756,6.6775708943517715,6.6775708943517715,6.6775708943517715,6.6775708943517715,6.6775708943517715,6.6775708943517715,6.6775708943517715,6.817039122214735,6.748027992418729,6.6775708943517715,8.252611034909568,13.969420316471833,17.664955442978478,18.983430302418903,13.111631629808848,13.792755786801303,13.564060391893365,13.564060391893365,13.465583811177133,13.236635661288988,12.4379333918645,10.938803528366016,7.281951997701282,2.103068100822128,6.781706936022893,6.781014320455031,6.7637511793432,6.865112817397992,6.7229194527297205,6.6775708943517715,6.758276449182293,6.767932542022164,6.774323028507311,6.6775708943517715,8.45337354247058,14.10063839995631,17.810201480317737,18.704881917573637,12.948053654037949,13.326788958277866,13.047613238470747,13.382216845065058,13.063297769897343,12.668111524649273,11.933423741494682,11.15976401685297,7.573871849828221,2.310167559614054,7.061457178406761,6.836904511019666,6.6775708943517715,6.6775708943517715,6.6775708943517715,6.6775708943517715,6.881042924928751,6.7023253193621795,6.876076173487017,6.6775708943517715,8.83984686466983,14.140811820914422,17.629700820432706,18.98027884347556,12.804527255788605,13.186509466025242,13.086149485401085,13.174345270956133,12.906144300455779,12.402205280519484,12.364567846854555,10.825840342780813,7.288894509105461,2.1404484340874066,6.693750721451829,6.6775708943517715,6.6775708943517715,6.726842404668622,6.6775708943517715
6.7913814363031015,6.7913814363031015,6.7913814363031015,6.7913814363031015,6.7913814363031015,8.378117441282862,14.070286420669543,17.472400045984223,19.021026431666307,12.904833470342604,13.606988436478275,13.626940278212974,13.50602033982687,13.532788877911193,13.241516825954491,12.477354149770376,11.276644390334706,7.953845481250135,2.3743532315136124,7.113323086447186,6.8213356339008095,6.844479600799719,6.82107118432338,6.7913814363031015,6.7913814363031015,6.7913814363031015,6.7913814363031015,6.7913814363031015,6.7913814363031015,8.351812657916442,14.332549559583065,17.90468776024285,18.576645462490653,12.922444320136949,13.030198670474789,13.357096831720723,13.46466718809797,13.172026561195775,13.132689638954831,12.713812323069035,11.625922311880716,7.967883478406286,2.4247057563621297,7.112459046760506,7.009573217928247,6.84143853128698,6.957730987669031,7.013985641642356,7.042290450722699,7.0467493644310135,6.7913814363031015,6.7913814363031015,6.7913814363031015,8.793127078755619,13.394568644024517,14.634945437563747,15.589056167302369,16.176560085591632,10.061967507098759,10.489475631403671,10.240536581119148,9.630283558998643,10.006709460565908,10.330089592814495,10.231720638808,7.577761540751156,2.032009836566728,6.7913814363031015,6.7913814363031015,6.7913814363031015,6.7913814363031015,7.129294613266034,7.248400569632911,7.2809216287396925,7.126084740798144,7.103451409127798,7.278786510347802,8.907344944303171,13.59530841389629,15.5086312949022,16.09248605052941,17.090347286157,10.84562907597276,11.56538152671344,12.551141619534622,12.775269419239963,12.946239737972192,12.482708031748423,11.131207588028902,7.373826153852522,1.6766906217982125,6.7913814363031015,6.7913814363031015,6.7913814363031015,6.7913814363031015,6.7913814363031015,6.7913814363031015,6.7913814363031015,6.7913814363031015,6.7913814363031015,6.7913814363031015,8.497642109480669,13.88857856764643,17.833322600306563,19.018811012375338,13.056046302231522,13.485758752568705,13.527024325229915,13.50602033982687,13.293051839490412,12.978396910895945,12.149795713367489,10.880221995934866,7.386899826217761,1.9134560360704007,7.119364068746192,6.940375377245636,6.812425756071934,6.7913814363031015,6.795325186536664,6.7913814363031015,6.7913814363031015,6.7913814363031015,6.7913814363031015,6.7913814363031015,8.484604181798343,14.186504966011023,17.89645963503463,19.112319899941266,13.018952519495544,13.296879767625539,13.085505405147341,13.562822139960097,13.182107062610704,12.671748337316176,12.018528095269676,10.758126755006726,7.275205910368616,2.25976430527169,7.248241879760915,7.129534107175578,7.035377781032339,7.044088013518133,7.199003089177208,7.266558685908663,7.201927380252122,7.02285320552629,7.257868277078407,6.908439065663375,9.105940136779907,14.293199301457339,17.886280137602093,19.155729076695287,12.852416304716073,12.963694230625306,12.81259168668801,13.121064672309517,12.870641225381323,12.313809192838436,12.16716559499613,10.58297745081862,7.372314884143284,1.8118134942063833,6.7913814363031015,6.7913814363031015,6.7913814363031015,6.7913814363031015,6.7913814363031015
6.74521162371616,6.8599718928858815,6.81254546557679,6.817969485937781,6.74521162371616,8.716309008077227,14.795024095138654,18.04899757631583,19.512705035975326,13.502654059044021,13.758427786705798,13.758427786705798,13.807030236157788,13.501842193505135,13.393344929886837,12.689100567065047,11.021396156321662,7.205891799413384,1.5291877600543804,6.74521162371616,6.74521162371616,6.74521162371616,6.74521162371616,6.74521162371616,6.74521162371616,6.74521162371616,6.74521162371616,6.74521162371616,6.74521162371616,8.54494776972177,14.851842381867627,18.27916309672228,19.451296018653746,13.359217919977972,13.61553090919278,13.758427786705798,13.758427786705798,13.472346872457566,13.275882030878902,12.970631851528168,11.628365694715097,7.942307696257134,1.8790634275113869,7.006134854578179,6.9663814279318945,6.849562485073102,6.749617685651153,6.74521162371616,6.74521162371616,6.74521162371616,6.74521162371616,6.74521162371616,6.78668642057226,9.106303585889052,14.197395110773408,15.430271976337533,16.308720330206075,16.202860323576388,10.960733736715406,11.297423218505486,10.720280473018295,10.436735442319403,10.50220568400577,11.212091890479059,10.426632483262342,7.850848829827682,2.379716090293699,6.949071470563414,6.99316704523516,7.394054511139329,7.303397627746297,7.2116269919441764,7.013437544097145,7.103968342311788,6.891826595647563,6.839477515951053,6.9594458205461045,8.569381642177419,13.353050439968364,15.205343398689998,15.462423491809801,16.26371755729959,10.047452733491362,10.86325579738505,11.929380459776723,12.2382407276583,12.69738000000474,12.115329993571379,10.766252239502172,7.15384996370145,1.3215360676917765,6.74521162371616,6.74521162371616,6.74521162371616,6.74521162371616,6.74521162371616,6.754402720679235,6.887477067026294,6.74521162371616,6.74521162371616,6.74521162371616,8.550014958777096,14.034652973205903,17.94558886851544,18.854979960276133,13.084508242045576,13.291687108466716,13.272037002861495,13.48109943901971,13.240580582826974,12.885850648456834,12.55819298181863,11.196162104526683,7.589371541738683,2.0413625016026558,7.572549044089129,7.191910089021933,7.26395105962156,6.864139930606065,6.964403479509475,6.74521162371616,6.768751162725597,6.74521162371616,6.74521162371616,6.74521162371616,8.765621638902513,14.501300163898083,18.117618255808075,19.240306926289016,13.331818688139888,13.772445457570853,13.629278840991734,13.856646534075223,13.716092689150823,13.195754012808475,12.534238805635745,10.915208883843944,7.142234546031981,1.7425157284144974,7.1775174659089975,7.0245318096959455,6.74521162371616,7.013531185406459,7.01040360667866,6.873147127723589,6.74521162371616,6.74521162371616,6.750623753117238,6.74521162371616,8.669128344357715,13.884936767173404,17.640465197016237,18.962951516418297,12.718441972518866,13.111954019282878,13.17109227329418,13.435758798838457,13.177658543364743,12.790595760583045,12.20542659869571,11.369067322521873,7.6113476757902525,2.1325946684059103,6.74521162371616,6.74521162371616,6.8956252447983815,6.807744490511928,7.207523739453864
7.1922676872123885,7.45139103759526,7.4841821761002985,7.550843541314529,7.400945501956776,9.478450602414771,15.018283897167535,18.270838684870654,19.54715714153013,13.081001092423898,13.418111591342338,13.471745743864277,13.177165959369342,13.105761426880251,12.661372544400585,11.88880555522554,10.519070840366599,7.0556919141272,1.9046535967723182,7.0423832508574415,7.0423832508574415,7.0423832508574415,7.0423832508574415,7.0423832508574415,7.0423832508574415,7.0423832508574415,7.0423832508574415,7.0423832508574415,7.0423832508574415,8.913490689905247,14.991439571396239,18.430230669976748,19.508091737146643,13.329369223205532,13.279971497501295,13.180296694710448,13.44057017297144,13.440524165930036,13.18417937689341,12.281392665450554,11.390691422074976,7.530904015187199,2.567422439022411,7.602646776659476,7.794217565100212,7.692871243328623,7.067223534244864,7.341555691907572,7.224803119271312,7.413152246543979,7.109688658241255,7.0423832508574415,7.0423832508574415,8.81017948439389,13.702060146345389,14.717885585511658,15.892936973132134,16.450826524889443,10.017004641507476,10.447228111019026,10.175937458242458,9.82767021660522,10.266283038529254,10.654424913610551,10.598592394413084,6.996806115336348,1.6560779722031014,7.0423832508574415,7.0423832508574415,7.0423832508574415,7.0423832508574415,7.0423832508574415,7.0423832508574415,7.0423832508574415,7.0423832508574415,7.0423832508574415,7.0768527598556625,8.839786820087934,13.62159078307403,15.565328654982487,15.977041938947366,16.872494006201258,10.52739656007223,11.277118156387731,12.223707131613109,12.385099558308218,12.464139748298173,12.000740133236071,10.923543325955885,7.28996922985308,2.2343408883770284,7.257309995026551,7.472025092475542,7.572104784644006,7.273734470660031,7.358435418035672,7.382569095442815,7.0423832508574415,7.178956048724533,7.130675891084078,7.079383968609282,8.740084211158997,14.390050017197499,18.268773428974157,19.248063203046993,12.727249486456722,13.235224019684958,13.10470320776815,13.177367811375357,12.835426966177517,12.395357822776681,11.866182609588076,10.817788378325695,6.8703510009050515,1.758289938624166,7.0423832508574415,7.0423832508574415,7.0423832508574415,7.0423832508574415,7.0423832508574415,7.0423832508574415,7.108653279685821,7.0423832508574415,7.090527978602322,7.196934317351241,8.993535959559736,14.70062497530501,18.306836231176643,19.4679717469273,13.407622786961438,13.499753969423097,13.499996723394906,13.424736253708518,13.348536884483451,12.824266102464088,12.037986279743102,11.141589037040024,7.623530061994997,2.392877817650517,7.250677330894016,7.0423832508574415,7.172068528333559,7.0423832508574415,7.0423832508574415,7.0423832508574415,7.0423832508574415,7.0423832508574415,7.0423832508574415,7.0423832508574415,8.97011879031874,14.223146774012974,17.683471426034266,19.21658585455554,12.752793525195163,13.075357054997266,12.988802423160493,13.139322849907629,12.963630511936783,12.664131553440154,12.403739147781152,11.235789655040572,7.590503134467047,2.19389168730986,7.32295918680778,7.082846182878428,7.1311826029385745,7.071427212188978,7.112708774919229
7.063736183892255,7.2392029664954975,7.063736183892255,7.150717161885682,7.063736183892255,9.128418084525435,14.837527351934671,18.190216373399572,19.813122272587794,13.517360715021148,13.69271614422947,13.69271614422947,13.69271614422947,13.621871104612428,13.256764098862297,12.56708495755896,10.868770380689792,7.39285387548224,1.5821111774345207,7.063736183892255,7.063736183892255,7.063736183892255,7.170388302751769,7.183073102035074,7.179489542688575,7.256348175724796,7.423746606569777,7.365809889175362,7.348769504145131,9.118651835789,15.005915313016978,18.834263597812708,19.888981827110303,13.425982876164348,13.498435024687987,13.547248217867722,13.55476892651886,13.338974106637473,13.303041420590235,12.786811439332366,11.584729835882712,7.715454435383243,2.0809875470924335,7.121684990500868,7.063736183892255,7.187856605157171,7.096315187896888,7.304363218915838,7.125523341513713,7.4189156647590515,7.356389024697752,7.375457541190225,7.447356076760228,9.745557064561423,14.843331807049143,15.810144931622531,16.727809534402702,13.349627538533303,11.118900288594554,11.136284593232027,11.081459774531462,10.243678227991161,10.46926771858788,10.838965839681393,10.783175186272222,7.480726404614313,2.620854671880788,7.53257565114393,7.548074533840437,7.5064231101775745,7.124657406913537,7.063736183892255,7.063736183892255,7.063736183892255,7.06783978348668,7.063736183892255,7.225485636099046,8.98836846574974,13.952897215579311,15.471763643427247,15.692830788960977,16.397557095046018,9.870421677252876,10.563582994540834,11.913197545775718,12.30029075696421,12.174992325656039,11.705346055736117,10.473484507597993,6.803006252015911,1.1729694231122425,7.063736183892255,7.063736183892255,7.063736183892255,7.063736183892255,7.167611099093276,7.256037273781578,7.063736183892255,7.063736183892255,7.063736183892255,7.063736183892255,8.592027709993236,14.301904770027463,18.182914283986022,19.247668610971786,13.03147598641144,13.647485764670854,13.65331038387054,13.669482000781958,13.55091366611223,13.28288600624791,12.37711500941853,11.201223159049377,7.47178566225038,1.8965826524300575,7.466984267759836,7.204253711367727,7.103953887962331,7.063736183892255,7.063736183892255,7.063736183892255,7.204213107931007,7.178683850122024,7.212264881652921,7.165772008254754,8.9274535168776,14.607251591797937,18.043078496374555,19.318967429700706,13.39655426872703,13.819096936385801,13.201097879239148,13.69271614422947,13.394697528655964,13.265339788357533,12.441550011005617,11.25957213395078,7.545618625120247,2.3192270898350764,7.438128129616374,7.466919281857348,7.572206951811343,7.203306416866085,7.093745541253481,7.123550096104122,7.09240333242134,7.063736183892255,7.16047254563214,7.063736183892255,8.849523075534423,14.214230728095972,17.750134698278806,19.279125460448306,13.020972538875597,12.989252421392754,13.05190097958966,13.292431295776696,12.851119121600295,12.522698937830222,12.008061448056738,10.78240217792916,7.472160274862521,1.776479114877127,7.063736183892255,7.063736183892255,7.063736183892255,7.063736183892255,7.063736183892255
7.199608351930819,7.398996853746647,7.393110157101669,7.510686912435607,7.387331972374022,9.407913717350912,14.941321714165845,18.23116585875881,19.64855391359268,12.911933469147684,13.260193034172762,13.282234829339902,13.451023566053037,13.06114677841669,12.735163063601803,11.896840919360598,10.973065589079342,7.296251077754383,2.0469733460564874,7.335303702476878,7.199608351930819,7.199608351930819,7.199608351930819,7.199608351930819,7.199608351930819,7.199608351930819,7.199608351930819,7.199608351930819,7.199608351930819,8.70094649687601,14.871768669792774,18.283356197743153,19.374045878011174,12.884134565279943,12.994542284078449,13.065856386008058,13.03473821285934,12.94373275175512,13.021889283785278,12.545595483598033,11.41025152011483,7.73687345920426,2.6010392435434238,7.983023466002542,8.08209255050541,7.842660056558348,7.521010967849049,7.507250818184924,7.553858483564062,7.502755959081241,7.275468763804096,7.199608351930819,7.371363650114348,9.227993770874221,13.619559511955739,15.004727812980889,16.071838999362427,16.641662529684467,10.005433677452364,10.276094904827522,10.09038643808271,9.712787318588672,10.238961705553633,10.723979073812824,10.443044770328362,7.1370558093912315,1.6647038846701967,7.199608351930819,7.199608351930819,7.199608351930819,7.199608351930819,7.282493537830428,7.289962491963627,7.199608351930819,7.199608351930819,7.199608351930819,7.199608351930819,9.126368117647484,13.829044413777952,15.741426899496599,16.13414460565065,17.096270561927938,10.527541801200096,11.182355330401919,12.248431814942881,12.463420472437386,12.645900455513026,12.686750680184364,11.269243128611873,7.647163284927973,2.006478989148753,7.643271305175093,7.459340211182048,7.679515583314266,7.410556617318951,7.300756033621052,7.5037747931458965,7.3463861933014725,7.353849157816421,7.388078029240786,7.207426800289019,8.887880485979665,14.40427976384456,18.167776530874868,19.17114699843502,12.529049118931784,13.141531338045553,12.971040505899014,13.283763865185088,12.540696929892391,12.104893104496947,11.70810854681961,10.349797953189178,7.005789393647712,1.5971055522136473,7.199608351930819,7.199608351930819,7.199608351930819,7.199608351930819,7.410717887790385,7.199608351930819,7.345228899228227,7.2983646286204795,7.199608351930819,7.35172439065503,9.201612896591431,14.965099700010281,18.55107616128957,19.68326894236516,13.351936508039543,13.424125720481372,13.337435949765556,13.581213553465982,13.460842092252847,12.710400805794153,11.907942213500935,10.752462060297487,7.148948795392286,2.1864623687855302,7.547476445489648,7.199608351930819,7.199608351930819,7.199608351930819,7.199608351930819,7.199608351930819,7.199608351930819,7.199608351930819,7.337219207350591,7.199608351930819,9.398531180013189,14.587817639399365,18.17099175795251,19.454330192977878,13.075049529446579,13.302235805542361,13.106824466445099,13.35694060451112,13.028929000308992,12.62942793329241,12.471257288958224,11.30269155277801,7.16546257222077,2.235228798891183,7.199608351930819,7.216484101355662,7.199608351930819,7.199608351930819,7.199608351930819
6.644487721834311,7.110204096552339,7.2153756983288835,7.298451269428788,7.0738277824928515,9.072301355577842,15.014360828847598,18.241795368282546,19.614151319946025,13.425713221497093,13.707296939112913,13.984883447257802,13.650601980701728,13.449544796296454,13.16786075890303,12.35569807654032,11.01461048297656,7.300973148232152,1.7668027690434571,6.644487721834311,6.644487721834311,6.644487721834311,6.644487721834311,6.644487721834311,6.644487721834311,6.644487721834311,6.644487721834311,6.644487721834311,6.644487721834311,8.375203418848965,14.789285695683688,18.30387529162369,19.394355617232325,13.585817437642712,13.919507053998503,13.636122444181678,13.608036653389647,13.450886130929716,13.742166230474684,13.1897637161536,11.815601529748843,8.100826244508022,2.038432460576625,7.123001360924808,7.4151363813922115,7.087032946983409,6.644716029934422,6.644487721834311,6.644487721834311,6.683671397196454,6.644487721834311,6.644487721834311,6.724454834146244,8.500236220448276,13.53408110150508,14.675556992419795,15.817465270920023,9.980809644665005,10.436167379070696,10.810406849478692,10.3677017226581,10.214668822205066,10.676538283092045,11.14388136136954,10.1776709279301,7.099481934304317,1.8282761486882528,6.644487721834311,6.644487721834311,6.644487721834311,6.713119621713737,6.725649128831382,6.956403956633626,6.644487721834311,6.644487721834311,6.644487721834311,6.644487721834311,8.610823694169692,13.645049813514301,15.40851524619369,15.926349907900207,16.796184510679844,10.972303950625568,11.60339420579377,12.683527385917358,12.90416930383667,13.097878780210552,12.613932864538281,11.421026972434134,7.771717067160585,2.005075806073378,7.172095471571351,7.097052100410719,7.004109633054123,6.9574168473317375,6.7962998728541,6.737766645957942,6.644487721834311,6.644487721834311,6.644487721834311,6.644487721834311,8.519384902270629,14.41106169604764,18.04132408272894,18.97892508542935,13.02183786073542,13.58684308707156,13.45220087392369,13.549204606912118,13.391145663677616,12.89755344244679,12.313771390662017,11.016799978045727,7.4118872525950685,1.928059255389038,6.900478722674245,6.68949801663935,6.914493474935671,6.770409786072081,7.039972693937988,6.7315487447416595,6.8795996621811195,6.67022539613408,6.644487721834311,6.644487721834311,8.658757212755402,14.530712949572912,18.17860714113025,19.227467599216347,13.675511533512449,13.836150078545632,13.618503385898284,13.839668354998485,13.675209969955576,12.991709566672073,12.303899369121444,10.92521912777326,6.938195566605918,1.6744993641617907,6.926198484365704,6.644487721834311,6.644487721834311,6.644487721834311,6.644487721834311,6.644487721834311,6.644487721834311,6.644487721834311,6.824469675551851,6.644487721834311,8.956269070177319,14.419972856287066,18.041192378464388,19.431555887010532,13.614983927631874,14.066911139932175,13.972261025761185,13.968755173327269,13.897049651186487,13.358992172405669,12.991455269758752,11.851032823016187,7.93305691315684,2.43855204285429,6.644487721834311,6.644487721834311,6.644487721834311,6.644487721834311,6.790386123585244
7.0825458772486884,7.060432246966144,7.060432246966144,7.060432246966144,7.060432246966144,8.93355986819839,14.763938007533284,18.085074372743087,19.561129945759532,13.304795939327967,13.571288281913427,13.59528575517441,13.59528575517441,13.519120883516646,13.151154224567053,12.616236575397108,11.241230839560496,7.585018741232582,2.1554583317324876,7.192650158410861,7.060432246966144,7.316950165787395,7.103811433795511,7.234883622693227,7.391155326180301,7.355535976048009,7.390922251511338,7.344976913589608,7.335376840452552,9.196781292041234,15.1930887422949,18.791144150354334,19.84933515596544,13.178075295039829,13.405787236835756,13.490749627248055,13.64670738679769,13.462337776073651,13.330439190093475,12.841501735527302,11.548844299027804,7.714247656479465,2.1096911193920156,7.060432246966144,7.060432246966144,7.060555317684436,7.060432246966144,7.060432246966144,7.060432246966144,7.060432246966144,7.060432246966144,7.060432246966144,7.180493962165896,9.038590748922907,14.09155091289516,15.182837913742478,16.106516979849175,15.474484799187994,10.234530950537218,10.541981375968254,10.264445252862004,9.992696319771195,10.260341159250514,10.536051171570485,10.370261644677425,7.099357580743204,1.8931102541720464,7.060432246966144,7.060432246966144,7.060432246966144,7.060432246966144,7.060432246966144,7.060432246966144,7.099136974941388,7.0772922263228,7.060432246966144,7.107397805690047,8.754561763803002,13.452227399806123,15.71174663267599,16.128001582016005,17.09846089171976,10.58743253805455,11.435687297091487,12.50021160696178,12.522854606468304,12.677689927798387,12.21218643258695,11.136781577613895,7.761831647904062,2.2214675900437517,7.310449550188635,7.368280632653402,7.069633327873279,7.060432246966144,7.223209022933958,7.138210813778738,7.064272559840729,7.147942972690817,7.236143958012036,7.120214582749287,8.91907500176562,14.53591906341851,18.192169194995113,19.450571442538788,13.225818342511056,13.655204768635285,13.62737005714906,13.573292258119762,13.243627232558218,12.860013169947209,12.193746285983083,10.924439227753592,6.9974205864545125,2.0002968904830447,7.060432246966144,7.093265134226415,7.1779366741911055,7.060432246966144,7.060432246966144,7.060432246966144,7.075574402198091,7.060432246966144,7.060432246966144,7.060432246966144,8.907289182542414,14.657688372172972,18.35189087965888,19.422557913443356,13.093085104087482,13.439257610158228,13.31663083201916,13.59528575517441,13.456596501742117,12.831497900613964,11.9024598763165,11.110391001468225,7.519428431399691,2.7118216876087082,7.513740902739998,7.060432246966144,7.136456372316857,7.060432246966144,7.060432246966144,7.060432246966144,7.060432246966144,7.060432246966144,7.072059948171858,7.060432246966144,9.057606643644283,14.422582175368909,17.940929895768114,19.301671877662976,12.890534390521893,13.297384092239794,13.00447742828565,13.239600450444469,12.798456843278592,12.479578940633463,12.142805745643882,10.889921117990594,7.094665699532254,1.9001043175108574,7.3352480466926275,7.070654004492929,7.235513714383052,7.281816767730007,7.0623740294103134
7.474788557687486,7.586838825696683,7.4657026878059645,7.799537188345845,7.651132228635365,9.684366545931626,15.296174484492848,18.718566259569663,19.85517160680612,13.384656100391465,13.554009220305025,13.476861789216393,13.215004530166638,13.288947108213966,12.75902274338375,12.004551489651867,11.075025628773606,7.531521837705063,2.000042532891875,7.522396569717153,7.535756459903098,7.453019891240727,7.453019891240727,7.453019891240727,7.453019891240727,7.453019891240727,7.453019891240727,7.453019891240727,7.453019891240727,9.288443635929998,15.427271498534857,19.02939738457788,19.742304764619814,13.357694831894468,13.521878460741876,13.589342041559151,13.618757292758627,13.456882299729388,13.462496575773185,12.794994215006968,11.63259782465485,7.87901326035205,2.9348534976378633,8.322244940249094,8.28207790604561,8.103791383291574,7.713219623420625,7.686443985108049,7.544351226364236,7.613215493214022,7.453019891240727,7.453019891240727,7.453019891240727,9.309753262733405,14.43281710668158,15.644584356184122,16.83234435997121,14.880724936978488,10.677166250519713,10.754560970960833,10.509241418749443,10.217472068936841,10.709641285196394,10.552632311153578,9.455892845237821,6.888417886119441,1.726599691308754,7.453019891240727,7.453019891240727,7.453019891240727,7.453019891240727,7.453019891240727,7.453019891240727,7.453019891240727,7.4882725428079615,7.468877001732264,7.5649527611802165,9.424450872434655,14.223829466684307,16.205974822789806,16.672027098286954,17.51972274156453,10.616698094094197,11.43762170116073,12.526561604388178,12.57651514815633,12.747833675308685,12.423935409317476,11.223460022813825,7.592599521367947,2.1204439350562536,7.636257527919894,7.536169991305944,7.650241850016798,7.599125340359378,7.613970818391984,7.685054842261611,7.589234933490207,7.4897577247840275,7.453019891240727,7.453019891240727,8.867674444224654,14.675146204346365,18.499857207072363,19.60153855151342,12.921433458096642,13.529910595952256,13.295877493256597,13.513048296197487,13.33932656950689,12.702946010944409,12.276858189489836,10.828197261335546,7.202844854923603,1.7372166572774412,7.453019891240727,7.453019891240727,7.453019891240727,7.453019891240727,7.6143531992266364,7.453019891240727,7.571598232639496,7.582385258387638,7.605559099569353,7.565701389493356,9.389374926777874,15.207338340321954,18.81461797118484,19.354077839144193,13.57828179617229,13.568621721596365,13.521188608522754,13.618757292758627,13.514012758375225,12.888489753612577,12.31946115938888,10.970210646781435,7.742846227041643,2.2458325821098417,7.776478563679388,7.721373259278432,7.502592469153402,7.453019891240727,7.453019891240727,7.56592010301043,7.483189571673164,7.453019891240727,7.593798390262945,7.453019891240727,9.512872013921793,14.875267195317434,18.433284688539267,19.831624968539813,12.893912176459146,13.251107531364974,13.200607557501483,13.227059812728202,12.982136625348094,12.563828911096465,12.517445290559346,11.3564742339448,7.377534527602656,1.916898005066252,7.453019891240727,7.453019891240727,7.453019891240727,7.453019891240727,7.453019891240727
7.182924932786464,7.643353278737985,7.626969672400445,7.856029206569255,7.735143543650276,9.814236932126528,15.296512597358017,18.515181123492603,19.881628491669627,13.38165722519634,13.67261818206769,13.820064682765615,13.695033344778313,13.524945130620209,12.936287492412927,12.027199422877864,10.637896706202715,7.166105558896521,1.6627531438204493,7.110217329153517,7.110217329153517,7.110217329153517,7.110217329153517,7.110217329153517,7.110217329153517,7.110217329153517,7.110217329153517,7.110217329153517,7.110217329153517,8.812310535421698,14.92990069519021,18.534902631853097,19.699204457564544,13.290280406579198,13.362122692369256,13.354197356083162,13.399369895452429,13.291146764464473,13.329436904382048,12.939505193431977,11.417328649217698,7.71483040782419,2.304745748971977,8.115576317242637,7.905306550159519,7.49896904270799,7.275165737434712,7.469061030397788,7.385383847919064,7.565057268175217,7.182677444590436,7.110217329153517,7.110217329153517,8.999602112737335,13.816896229016848,14.970836701927398,16.05449277195676,14.298305997405748,10.551201512141187,10.738400484094658,10.348475408136462,9.953432133118929,10.15759390000208,10.785759041650572,10.651268313340683,7.737270153885035,1.988510765782472,7.110217329153517,7.110217329153517,7.331517335454516,7.3949467591621,7.488234452654401,7.340446297341986,7.233011013314152,7.238225356452327,7.113846543812904,7.293513484786249,9.292270806939149,14.14830858554032,15.847231636886875,16.334006787449695,17.202703314075237,10.61792949527531,11.588342851465697,12.723842567668726,12.626866331915362,12.979961327752813,12.531739913970544,11.550834408720824,7.612052167527695,1.5153055845081755,7.2477136794161225,7.110217329153517,7.314921341287649,7.339786838998992,7.185634293359189,7.175922715737421,7.110217329153517,7.1344439797837085,7.1709254030642855,7.110217329153517,8.912624016267426,14.387720023933323,18.27103358445773,19.384378034415533,13.085982408074795,13.489611948038739,13.215188475919987,13.319152496938592,13.208688377779483,12.517148299620551,11.86899309099192,10.461266763236623,6.930688215719079,1.5227988399498158,7.130267699379938,7.110217329153517,7.110217329153517,7.110217329153517,7.110217329153517,7.110217329153517,7.200043044908012,7.110217329153517,7.110217329153517,7.110217329153517,9.247901494566023,15.063957974785719,18.8233819340316,19.946171369531474,13.718890909528907,13.762058717634593,13.466149567532883,13.695033344778313,13.522311527975763,13.385548640750454,12.390919052605831,11.133535107501391,7.717500374985442,2.349753642576656,7.721160588119604,7.396233075362155,7.313674564018108,7.365370873868214,7.351555920528744,7.24408135266027,7.110217329153517,7.110217329153517,7.359704919616609,7.110217329153517,9.09923429954683,14.356532939975494,18.057218476265888,19.522122485089866,12.99229788221689,13.335251320940483,13.228127450631172,13.372656883817609,13.01318015154132,13.139309645987943,12.653942591531159,11.469380257244094,7.595274339823836,2.2175046039807746,7.129607832893145,7.110217329153517,7.110217329153517,7.110217329153517,7.110217329153517
7.426430751300881,7.426430751300881,7.426430751300881,7.426430751300881,7.426430751300881,9.121640749530599,14.963988953463424,18.34115565156229,19.91037370181162,13.298424705307697,13.45211405309467,13.453733703879799,13.573930594423983,13.423898171198152,13.423898171198152,12.83903757172688,11.35546268113828,7.48356312284862,2.188170047323715,7.592046922882462,7.426430751300881,7.459820187764297,7.426430751300881,7.426430751300881,7.426430751300881,7.426430751300881,7.426430751300881,7.426430751300881,7.426430751300881,9.166092387443857,15.278658774325118,18.824783423100833,19.774284397586353,13.109361971492351,13.275294515693835,13.096543315813893,13.294525692938507,13.00439815284148,12.854087565902047,12.269222554383848,11.1651125434916,7.390147670353116,1.8164645961576809,7.426430751300881,7.426430751300881,7.572424966188633,7.476042556210081,7.605424940989588,7.470766620884839,7.68093589644454,7.544829897132474,7.605234260799684,7.7742833759103664,9.622102186299973,14.422967294898674,15.312194483947586,16.320584539746058,16.908800870521617,10.053624564464677,10.625749377792248,10.177243835126886,9.857385494438512,10.136569696953718,10.486249150498848,10.10259914772454,6.965982906119122,1.5759369855853684,7.426430751300881,7.426430751300881,7.426430751300881,7.426430751300881,7.63945867946368,7.516227218544095,7.426430751300881,7.426430751300881,7.426430751300881,7.598574306346261,9.190738689629358,14.111033907289404,16.007461363760658,16.428385607611283,17.449449670052555,10.561720209938636,11.294901892704738,12.578425554471133,12.478855189831105,12.409311327311496,12.030632047676367,11.014915122738802,7.515453684884177,1.9709058165232,7.718591658384272,7.6230410300995715,7.61832848397429,7.426430751300881,7.545336927409271,7.582488409507675,7.426430751300881,7.426430751300881,7.4619023674304366,7.475875229717708,9.384002488588521,14.909644349222305,18.454967271062664,19.623169829562777,13.049201246399807,13.423898171198152,13.289281657712536,13.348810391848042,13.120308504628728,12.5730551456499,12.080810300460572,10.679358835358995,7.024301733134002,1.7218366887941785,7.426430751300881,7.701834905330751,7.667059449422449,7.426430751300881,7.426430751300881,7.426430751300881,7.426430751300881,7.426430751300881,7.426430751300881,7.426430751300881,9.076236960865765,14.78328914372829,18.214696429599616,19.534310960767108,12.898339760889643,13.21305438884553,13.08080545021194,13.453828103737271,13.40929371734076,12.986572130493307,12.439622568795638,11.282388627321021,7.767213141787209,2.5996087581213843,7.997305386410463,7.617475548931283,7.8254453262500965,7.492703544101351,7.426430751300881,7.426430751300881,7.426430751300881,7.426430751300881,7.4426861749802145,7.426430751300881,9.425849514120216,14.573188679063243,18.208945119009435,19.50533517310533,12.57949567912798,12.762117794524753,12.811779288810776,12.939247748801963,12.75444379095897,12.269428202242777,11.423579865956583,10.328327334022104,6.791228837757896,1.7468237453040993,7.431508855303999,7.621939505698053,7.776464271205897,7.796061624004254,7.817525172272531
6.963443835979888,6.961191375116319,6.961191375116319,6.961191375116319,6.961191375116319,8.745175825369792,14.644943538095601,18.014432972289573,19.39802019818929,13.088411335759423,13.31812446693316,13.744215697521408,13.41489652950821,13.257319465291777,12.854401707140601,12.483525171589271,11.30508194709697,7.42275067835765,1.8283324383076798,6.961191375116319,6.961191375116319,7.015282995806359,6.961191375116319,6.961191375116319,6.961191375116319,6.961191375116319,7.183312363181928,7.399151911277589,7.244567327946945,8.948391120777782,14.991721843574915,18.74920614331349,19.639315156814934,13.145446265826175,13.534913727627396,13.592922059134438,13.618540112463887,13.652632813841729,13.380664803589008,12.849508091344203,11.575011228444772,8.109371156065787,2.594461001690095,7.178148849080535,7.051505070014545,7.30359737869228,7.2432924255783,7.025414512310161,6.961191375116319,6.961191375116319,7.175833597616928,7.088281372543213,7.220391022704805,9.400682142907556,14.439038171851852,15.352511770177223,16.195977495367647,16.344825546212643,10.389900409886904,10.819168598269885,10.480247655656855,10.084764243417151,10.456023023044265,10.676555879184766,9.451956525242279,7.092601969602356,1.9644294538004683,6.961191375116319,6.961191375116319,7.244797020012886,6.961191375116319,7.0086689175689605,6.961191375116319,7.228350845286213,7.2749599025927045,7.236175971903028,7.375267379775297,9.01223862839818,13.840554631361481,15.707096365093342,15.934802627669782,16.695341820143536,10.28729989886676,10.969961816693802,12.344437816783081,12.329539773347458,12.4656786255055,11.78401760285542,10.32539321658176,7.2430503890030495,1.4444295956573978,6.961191375116319,6.961191375116319,6.961191375116319,6.961191375116319,6.961191375116319,6.961191375116319,7.054049152705219,6.961191375116319,6.961191375116319,6.961191375116319,8.293701486141138,13.997444439914755,17.824151527737502,18.89567514286457,12.753585119721905,13.640426439742466,13.540878779220266,13.668672342061647,13.534826042260717,13.208038886987364,12.440759109534616,11.53755319216748,7.745148231349875,2.0913189160917582,7.403543252911275,7.197156019449826,7.314308492944484,7.0656015090851705,7.135485117597147,6.9804982186880435,7.030192168046813,7.01136121645827,6.961191375116319,6.961191375116319,8.501625671451222,14.253425107137337,18.075046561457768,19.112910363958786,13.230696034627801,13.366106873056,13.1904696391718,13.519840282302212,13.249235481780795,12.777581661552649,12.102905788427016,10.790562342022355,7.002069985897172,2.013640664786534,7.394529155900221,7.3847375694754875,7.058280682134296,6.9811969160261915,7.121729469444461,7.242413306540207,7.16400075967762,7.018925205071544,7.127543828370266,6.961191375116319,8.862938177886095,14.145104435363304,17.870065634886814,19.244290174670112,12.944288571866757,13.349526248561764,13.35322481745424,13.32267375502941,12.960795690414997,12.253980795466807,12.018733359172783,10.818238661771922,7.103912164391377,1.6439042929809513,6.961191375116319,6.961191375116319,6.961191375116319,6.961191375116319,7.077902997833623
7.106069532126873,7.316818187844283,7.266047504375581,7.57113571320543,7.455569489324305,9.431100144376988,15.02071800079109,18.362122903080472,19.768307332560664,13.098094355925854,13.349116898653516,13.39372123188348,13.520084109707662,13.105698642421748,12.726240323274935,12.191444786375607,10.77509868276785,7.2886365277709455,1.9729800062573213,7.058596186130483,7.05665247144687,7.051280776928159,7.051280776928159,7.051280776928159,7.051280776928159,7.051280776928159,7.051280776928159,7.051280776928159,7.051280776928159,8.652586332591243,14.891487722228355,18.53431527075164,19.451687296535166,13.453438616511084,13.738705761165198,13.541786125695364,13.642354534659772,13.560638415221886,13.69113771853076,12.953532643215105,11.911283149660337,7.823512571392469,2.7906033584447023,8.148168081519152,8.126395958408981,7.6420626396192155,7.335468357782653,7.237328197186718,7.175663824532815,7.3266662773978695,7.051280776928159,7.062023090930463,7.134009182895197,9.0039043277479,14.063998177274195,15.048423191519621,16.200352191714703,14.373217526138859,10.53463500596053,10.76112045172604,10.359777192119227,10.094435591170834,10.516135213976236,10.801698123090363,10.536605520751918,7.222455318284909,2.04886820054951,7.051280776928159,7.051280776928159,7.051280776928159,7.051280776928159,7.051280776928159,7.051280776928159,7.091474241073234,7.099575654522501,7.051280776928159,7.236192704142466,9.075519890942322,13.865133471661153,15.67289450470599,16.167644913779103,16.893583160519064,10.672171407486118,11.296980930507114,12.457944581098946,12.68124897480584,12.84187396721554,12.459960176574866,11.104207681019663,7.40421548617106,1.9767226056305944,7.213527431618693,7.051280776928159,7.161398518067934,7.251274167029713,7.117180378405701,7.1390996277504515,7.051280776928159,7.116454268972417,7.069417643194255,7.051280776928159,8.620542095362065,14.496792162486631,18.396845103978148,19.26842787975238,12.829057541973917,13.438536886302149,13.4805775646034,13.705996466265386,13.628350005232894,13.08628903696147,12.501802477531038,11.311771731132506,7.501538960636339,1.9076181152154026,7.272979791539079,7.051280776928159,7.051280776928159,7.051280776928159,7.277948859810413,7.111916443359428,7.295575391548843,7.28135733543696,7.1508171521802835,7.114379963118167,8.760537673201748,14.476864082947085,18.232146447762272,19.531917553539287,13.45295278141296,13.518529482177215,13.374348484770067,13.625378399167104,13.360021409543604,13.006438295233943,12.098338726606789,11.047965577978283,7.335626122549121,1.918037024053737,7.244668178620287,7.103352355272681,7.153734131989785,7.051280776928159,7.132459852523063,7.311641330642485,7.280204078717204,7.1832985703570245,7.423471244378538,7.1832530093449245,9.284031040236297,14.729248746360085,18.37549593039828,19.890181504163074,13.368060128777904,13.841501681185864,13.890041842548666,13.76863914942382,13.41677438917953,13.085978283712892,12.98354070238231,11.523633553360543,7.873912878282347,2.0684644350307617,7.051280776928159,7.051280776928159,7.051280776928159,7.051280776928159,7.051280776928159
7.18963415234625,7.3083298820349665,6.99993112637988,7.041836832306845,7.016011667914183,9.287033919159198,14.876245675905176,18.24019267784893,19.743786859715936,13.442334902710867,13.710223281482115,13.775052949400788,13.636008249634036,13.596446697732283,13.236784280464196,12.296089101744705,10.856045834850692,7.317936161593868,2.298521288875337,7.025625307899431,7.127430571318968,7.112251949859158,6.850514134664035,6.950149100518792,7.3040194101723275,7.177776151182107,7.2803473481912375,7.130200946711965,7.243664676401101,9.135344525719196,15.11046144193555,18.896342249740826,19.85435638750482,13.540895273739151,13.636008249634036,13.636008249634036,13.636008249634036,13.636008249634036,13.81544978888793,12.779743642085041,11.402288498398809,7.323451614931418,1.679205106704362,6.850514134664035,6.850514134664035,6.850514134664035,6.850514134664035,6.850514134664035,6.850514134664035,6.850514134664035,6.850514134664035,6.850514134664035,6.850514134664035,8.758968275021212,13.899195227422464,15.091441011784449,15.983021440001385,14.434843451474663,10.592387081041103,10.562112647876724,10.265940281128964,10.02696575009839,10.408878220725464,10.727113900675185,10.636998784652725,7.3728273576747485,2.610051819242364,7.180335562110482,7.426391448377585,7.078519021515133,7.00220129298811,6.850514134664035,6.863209389935066,6.850514134664035,6.850514134664035,6.850514134664035,6.850514134664035,8.460677119971164,13.271771365419912,15.359020962829039,15.773561817974619,16.60782412059904,10.377576600355704,11.175178125166457,12.383101094442344,12.406964329425069,12.395049810061131,12.316454216856974,11.267724990526805,7.712061061480687,2.37167744592411,7.138514612795418,7.005889488257533,6.8970670275881805,6.917755209807189,7.117009394109038,6.9398618270721055,6.850514134664035,6.99597324405467,7.06391970146504,7.027015854794344,8.971611514896962,14.590715712045995,18.250538419896337,19.43438237295026,13.284027386814493,13.636008249634036,13.381558640374749,13.323505719541437,13.142128906786562,12.754906158331325,12.01356896382991,10.466591108096436,6.8499036993222076,1.6515838488713226,6.850514134664035,6.850514134664035,6.850514134664035,6.850514134664035,6.850514134664035,6.850514134664035,6.850514134664035,6.850514134664035,6.850514134664035,6.850514134664035,8.641197781729952,14.454558951949732,18.318177904453417,19.292725023098278,13.28425139448342,13.688849069324734,13.669490457752968,13.636008249634036,13.687825262957393,13.05200659431564,12.443497086349227,11.600862049168187,8.10561214610422,2.636570178047793,7.451682699453267,6.859933167169396,6.850514134664035,6.850514134664035,6.850514134664035,6.850514134664035,6.850514134664035,6.850514134664035,6.850514134664035,6.850514134664035,8.707822523656331,14.223520301612915,17.67237732568664,18.98281685301945,12.556560596434391,12.821610844596272,12.715761443695992,12.905284644426446,12.791602584549747,12.81589970428632,12.154140207343527,11.050700861748739,7.62584400840587,2.258443025328667,7.236260245316993,7.304782803857457,7.2219565193482005,7.2097787442122785,6.850514134664035
6.773207774247163,6.690021746068132,6.690021746068132,6.690021746068132,6.690021746068132,8.562105851136728,14.307307245569124,17.816771136550937,19.305155548694696,13.1414149282622,13.52003877069337,13.564612952529373,13.508414543939972,13.371565696926922,13.011842414768044,12.26242687443154,11.178343898829882,7.883838664792998,2.210299027336389,6.873684024555702,6.853820049905545,7.0452682165378615,6.836097980269675,6.825316952246975,6.876164696909405,7.006091926402879,7.127582565629047,7.1246095082879854,7.03136319172857,8.776167394592564,14.746914868692539,18.47962401080699,19.415223401961025,13.27704867268117,13.552204163776597,13.564612952529373,13.564612952529373,13.564612952529373,13.445461445185888,12.714316216225882,11.598879486703991,7.748444247316197,2.4381113715681204,6.690021746068132,6.690021746068132,6.690021746068132,6.690021746068132,6.690021746068132,6.690021746068132,6.690021746068132,6.690021746068132,6.690021746068132,6.9042824366129665,9.070537212466641,14.292340844089626,15.473857834185068,16.268031159043634,16.872612008350636,10.759548605555853,11.065178628672623,10.655908065476481,10.16898458975822,10.420044462286844,10.542499432624322,10.561771170815954,7.296828787033163,2.3818096326128644,6.845649814448211,6.820675374801477,6.804478869899636,6.690021746068132,6.690021746068132,6.690021746068132,6.690021746068132,6.690021746068132,6.690021746068132,6.791605660469748,8.489762651764423,13.155276758739703,15.027429587492907,15.34009486298023,16.180583908694132,10.004870757692345,11.004495686660658,11.961771264957747,12.173901204193708,12.48326757557552,11.916822962321206,10.644655528380826,7.173871970175355,1.8738183674624977,6.690021746068132,6.690021746068132,6.690021746068132,6.690021746068132,6.746861539110706,6.705139743910735,6.8606385511252075,6.799610655891299,6.791311159268359,6.690021746068132,8.2450889515144,13.942735375355213,17.853064518648782,18.859876200306374,12.832341071681038,13.518837318983655,13.460469080876152,13.564612952529373,13.385330043889963,13.108343025314921,12.36873028680929,11.298975790864512,7.375629676931177,2.0041677102055493,6.750095392728427,6.690021746068132,6.726224119815995,6.690021746068132,6.690021746068132,6.690021746068132,6.738403068434992,6.846122441376247,6.901973775599266,6.699188171759539,8.392427478099384,14.01184229556799,17.778217958000432,18.9431256462973,13.025472412732888,13.372656736080513,13.19064291631699,13.606375477151369,13.54525885179394,12.866284303375682,11.886751682326974,11.043066082830524,7.5215150216565805,2.302238987502822,7.132353859029241,6.964753922662164,6.732448868613503,6.690021746068132,6.690021746068132,6.860007000676519,6.880420461610805,6.690021746068132,6.810714811561953,6.690021746068132,8.641381855386475,14.080519894880457,17.62076471994071,18.931785429823236,12.751442784217598,13.073532098149363,12.968640794401013,12.837789440994523,12.6122126444894,12.15623907954672,12.128967904466847,10.72849078710249,7.239994088037259,1.8812310569842259,6.718331507831625,6.690021746068132,6.690021746068132,6.690021746068132,6.690021746068132
7.159627233477222,6.988057183920641,6.988057183920641,6.988057183920641,6.988057183920641,8.786822238185017,14.401991937636344,17.789091885025073,19.306107962663894,13.142205885788735,13.684921279746556,13.779520372471929,13.739133547611248,13.647347274193178,13.515650482324261,12.527911288635357,11.38629023955554,7.98851197288876,2.666054059949536,7.29660765752332,7.400573743696389,7.4316887885063245,7.378297341166876,7.237327018831293,7.242242770377697,7.349948061171047,7.401259122190516,7.362427582872755,7.201961163156259,8.922080090156493,14.85083640465929,18.64243747617319,19.525755792844087,13.35447166797387,13.435967822403915,13.536608900128478,13.676361653400145,13.687620165302105,13.398604653508777,12.86193168546743,11.67834845761646,7.707647883613699,1.977407807224925,6.988057183920641,6.988057183920641,6.988057183920641,6.988057183920641,6.988057183920641,6.988057183920641,7.006325334801396,6.988057183920641,6.988057183920641,6.988057183920641,9.021697853710757,14.300448749089162,15.559391988608521,16.379505899471145,16.147605647342804,10.73550354883167,11.09728485833062,10.715286925484884,10.347178387013434,10.374237855124196,10.897017051880738,10.941446745771888,8.053304401445589,2.55557278907388,7.362025029136645,7.7661860822917665,7.078173245605401,7.1637230830152605,7.211101085234632,7.149574473266511,7.306639674879228,7.2143212609218565,7.08369531893216,7.273968153354088,8.960406378270736,13.440593155313948,15.406894587320949,15.745111308838144,16.588793169983774,10.239415137018051,10.83840031033543,12.003513449513294,12.225950099568035,12.385371510646102,12.04145750691689,11.013544841841796,7.251237561981903,2.036236676205654,6.988057183920641,6.988057183920641,6.988057183920641,6.988057183920641,6.988057183920641,6.988057183920641,7.06299816958587,7.130868993863653,7.224606056400514,6.98851810235605,8.986440694662118,14.807073048250718,18.80829652973524,19.78330587858976,13.252124307004742,13.669030281820765,13.743776793008337,13.647347274193178,13.290981774891007,13.04335601458484,12.342087273511224,10.882809176267948,7.085247401779244,1.7130416863870972,6.988057183920641,6.988057183920641,6.988057183920641,6.988057183920641,6.988057183920641,6.988057183920641,6.988057183920641,6.988057183920641,6.988057183920641,6.988057183920641,8.362426479328928,14.153846385792164,17.87343233265537,19.246225374459925,13.34469133716758,13.492623723985371,13.411442617715363,13.595984652373481,13.487747769974398,13.183506943315361,12.330493237844097,11.86766873247526,8.55926815730935,3.517507835201337,7.889154250355249,7.685393374597464,7.809181444669312,7.419929165883085,7.141906531274217,7.239360632047305,7.039833433963272,6.988057183920641,6.988057183920641,6.988057183920641,8.83865171805358,14.188507289445868,17.6570933049549,19.076724526350638,12.69723367872209,12.963491631839378,12.53538790381014,12.752731634684272,12.409706763224222,12.457870635242207,11.914612827607412,10.468254234436277,7.036484752589921,1.7684246766983522,7.107053908734574,7.057160886210631,7.135583010979029,7.414065394695706,7.076930504569097
7.124919097481339,7.107936031640447,7.238203522376238,7.387937351154418,7.054098337474649,9.152017198271064,14.957626617621365,18.26510733252582,19.555002477709483,13.176995619101596,13.630956947679799,13.76657694993213,13.76657694993213,13.56182134491254,13.244068354319667,12.566173481040234,11.309310382753202,7.454058733763022,2.101434515535675,7.135086453863023,7.054098337474649,7.065286050179887,7.141445167182344,7.2250135091110606,7.325332649400303,7.282486197037274,7.20797182509175,7.062988966339501,7.147123642952628,9.03254750422081,15.1096584790031,18.876314309441824,19.964187338881594,13.386131147324578,13.697043379479366,13.696325396541601,13.76657694993213,13.608343357071968,13.559120087962686,13.069152999641382,11.625006675285562,7.850927443963261,1.7845322321550636,7.054098337474649,7.054098337474649,7.054098337474649,7.054098337474649,7.054098337474649,7.054098337474649,7.054098337474649,7.054098337474649,7.054098337474649,7.098075407826675,8.94725482369806,14.0482302492007,15.082193785391766,16.187876842374116,16.771866932361306,10.315341864292973,10.654739158291443,10.413459737623086,10.023074633270442,10.37427824379578,10.910520417041804,11.1001042467239,7.607376066365711,2.3525328120806264,7.0569670895869825,7.054098337474649,7.117386892334737,7.054098337474649,7.065200815348276,7.155099817977245,7.159083033462476,7.27669315170392,7.098884113037076,7.341573269599051,9.271791727362896,14.14546893497996,15.71488691456533,16.10466795347474,17.09220137932241,10.5617817445108,11.325642561170625,12.467823931090424,12.531300024063098,13.009409038604293,12.217209377116527,10.898861880361995,7.305148170982869,1.6805661538881167,7.148863418179823,7.054098337474649,7.054098337474649,7.054098337474649,7.054098337474649,7.054098337474649,7.054098337474649,7.054098337474649,7.054098337474649,7.054098337474649,8.905746794100015,14.82670263405798,18.514393470173463,19.346599024073267,13.400771617832481,13.76657694993213,13.789111851096152,13.76657694993213,13.778830093608226,13.5470527513497,12.68602229733229,11.611677116952881,7.722593554284117,2.371181954304733,7.330358529964655,7.349042702523093,7.663597797111161,7.21461019276533,7.157184840428513,7.054098337474649,7.152413843807068,7.054098337474649,7.054098337474649,7.054098337474649,8.612094747055052,14.194873546065523,17.96413462887842,18.966765389665436,13.078484659330668,13.115639763122418,13.085541569402324,13.292143671280455,13.208011661461095,13.178792129507212,12.094502180181149,11.000137764521854,7.17552457418833,2.378836532889754,7.3919980831546805,7.054098337474649,7.469324589129446,7.264141322701425,7.216321505097492,7.416919270924488,7.444957325196123,7.2729624097903045,7.472287114941901,7.101697221471733,9.18418960343633,14.579254532731014,18.26219929648989,19.713581205826433,13.23535245173117,13.643470933711475,13.556360571825884,13.81948106827881,13.212242427206368,12.640338706087151,12.161813908195201,10.75106994567112,7.180585105972113,1.7306067902173718,7.054098337474649,7.054098337474649,7.15695611157834,7.054098337474649,7.105284059090822
6.969753019573313,7.0671196177556075,6.9015949640180825,7.059652234047296,7.0038147951196015,9.022370252581787,14.849457125701845,18.344861778771783,19.67892261496243,13.535684260839188,13.766580209133922,13.962681029593774,13.646977129670063,13.382442397716918,13.051898547808289,12.412813845214021,11.313806542968003,7.489912341466463,2.2525179465821843,6.923278649831881,6.94759301767732,7.088259266041857,6.9015949640180825,7.006643594565904,7.033823120291426,7.075243255743884,7.218590706853289,7.18553579212687,7.206064814422572,9.123733652020759,15.241368494354719,18.95180825462182,19.75783254477247,13.614618847671391,13.928887952909333,13.91689293412379,13.824210695637976,13.696663249970598,13.527889254335996,12.937280637860168,11.625746066106048,7.858353311667994,2.4028965470091666,6.9015949640180825,6.9015949640180825,7.138830499981658,6.996323412785028,6.992290613588956,7.028055158617532,6.965134880492905,6.9015949640180825,6.9015949640180825,6.992005153534507,8.956138988020092,14.077806326839038,14.954199078525646,15.937485213531213,14.830329788838316,10.323695674153258,10.53544977198396,10.400312545545502,10.178368233378794,10.573019670148417,10.820197892951978,10.00615903524158,7.166377899960269,1.9104091581964118,6.9015949640180825,6.9015949640180825,6.907468035555071,6.9015949640180825,6.9015949640180825,6.9015949640180825,6.9015949640180825,6.9015949640180825,6.9015949640180825,6.9015949640180825,8.809018345171676,13.714316747565562,15.66447519319385,16.118263054226524,16.930198585723737,10.680384099990478,11.489517214483081,12.642332117368968,12.695257637144808,12.690398200195661,12.424839056450216,11.39979407576702,7.758942919277895,2.3192964533958356,7.116058327119178,7.167873627184784,7.033017054844512,6.908422058197805,7.166885512072982,7.130210667220764,7.019584828028397,7.024248183404639,6.95018533280646,6.9015949640180825,8.533670879236016,14.351350290861147,18.23693264358288,19.498259240585313,13.179195188647782,13.889850974403949,13.843558909117684,13.698600443802126,13.510886608027953,12.931040841814097,12.263487537223282,10.945129492387794,7.10180988966178,1.7543772178721386,6.9015949640180825,6.9015949640180825,6.9015949640180825,6.9015949640180825,6.9015949640180825,6.9015949640180825,6.954476348981245,7.022776284826934,7.084662150060766,7.160325441234829,9.040158281563755,14.831742225581019,18.564839161001494,19.715382331265715,13.63461701623423,13.861602649030358,13.824210695637976,13.949167462266942,13.74705339024399,13.187409516723715,12.300859475219472,11.319234498344215,7.871026226882168,2.6437696101446413,7.4441831496380635,7.256862026843145,6.9015949640180825,6.9015949640180825,6.9015949640180825,6.9015949640180825,6.9015949640180825,6.9015949640180825,6.9015949640180825,6.9015949640180825,8.600364606595646,14.126431457586058,17.67331635693949,19.142420382164985,12.876824811891064,13.13868880346523,13.051631263237047,13.129603520952916,13.082821415101415,12.761262305235352,12.731066653806867,11.450662099584829,7.648040510915399,2.256044729974249,7.119738820301812,7.07371398705962,7.030030719351563,7.03264461264466,6.9015949640180825
7.174018701260038,7.1198361110941555,7.1198361110941555,7.1198361110941555,7.1198361110941555,9.050848927367824,14.758028584190413,18.083415976919454,19.577149939957703,13.141247201814355,13.48323616740078,13.477931310326936,13.415209160860119,13.415209160860119,13.03165297337071,12.357941834580839,11.041993289271938,7.677175000174068,2.3775105589969416,7.432285839287192,7.473971393858819,7.351447141115045,7.260239266254327,7.2252633788539695,7.301024861147867,7.282003367765227,7.451139764655581,7.332989621797665,7.190110528036237,8.977320702411479,14.811618364399529,18.55104558048906,19.69493551118903,12.949348291904395,13.258741715450991,13.415209160860119,13.521866358436492,13.415209160860119,13.372356527303465,12.691873702735814,11.381463192597122,7.677304495602015,2.103376378579267,7.1198361110941555,7.1198361110941555,7.1198361110941555,7.1198361110941555,7.1198361110941555,7.1198361110941555,7.239305708384593,7.1198361110941555,7.1198361110941555,7.284605394675448,9.498435137538273,14.729563311351496,15.937658628378992,16.776129191152165,17.447534293790884,10.834999576109592,11.117933945237814,10.631615085732252,10.123211079947502,10.435082569862793,10.753650577611317,11.202427478761482,7.839744260157586,2.9023704379058035,7.779740940454223,7.758539513644322,7.623134063264675,7.282308968244542,7.1198361110941555,7.1198361110941555,7.373269714017735,7.293895049540032,7.139199837033189,7.180510475039678,8.784540423727488,13.436605115056864,15.147174187508378,15.412685881002812,16.186155446715716,9.710742866733698,10.29299116374751,11.62589129820567,11.748207972015942,12.106982834780302,11.570632454121588,10.329696405029503,6.852698470297756,1.562549033498566,7.1198361110941555,7.1198361110941555,7.1198361110941555,7.1198361110941555,7.1198361110941555,7.1198361110941555,7.1198361110941555,7.1522994278161764,7.160980830279495,7.1198361110941555,8.74431150646912,14.332759854779837,18.259414666306313,19.121068286340048,12.649901589365193,13.062304226124931,13.13124135145784,13.17014666221898,13.032428443404056,12.921019784903823,12.13319560969548,10.74680672609222,7.1639005291998465,1.9916243631464712,7.336076661406454,7.183924304760362,7.1241848334013556,7.167924732846766,7.141860035481908,7.1198361110941555,7.243951135523467,7.2461278205400745,7.397416000000834,7.288839223196557,9.146939913076267,14.557315586735761,18.236538658815974,19.333745829919277,13.040366159729567,13.104232423596603,13.300530750496517,13.632510306734993,13.14515939018975,12.67972900812446,11.836256675869222,11.040403856823149,7.63736830465125,2.2113372623550007,7.415516543975001,7.356776783488964,7.1198361110941555,7.1198361110941555,7.289896056121506,7.300040142939459,7.301187731460555,7.160863137862687,7.286278101272815,7.1198361110941555,9.064764518907353,14.325844038470844,17.843893967491518,19.225675505323892,12.598665469959437,12.931971993579651,12.842568535874474,13.147635040280983,12.651976986314287,12.544973838543543,11.98772655802404,10.798198303184385,7.238867850051914,1.898776588444208,7.1198361110941555,7.1198361110941555,7.1198361110941555,7.1198361110941555,7.1198361110941555
6.745520997038757,6.8442637785162335,6.783604793355129,6.9861787811080935,6.92018009529806,8.941175777167008,14.765138534745649,18.007941141972402,19.32155830490627,13.134725721457134,13.575144602841831,13.623782593927231,13.623782593927231,13.707246732827093,13.107249174942881,12.409065651086845,11.024611794625857,7.84558320824407,2.3881555296060655,7.259038395276479,6.917149965343887,6.745520997038757,6.745520997038757,6.745520997038757,6.745520997038757,6.745520997038757,6.745520997038757,6.745520997038757,6.745520997038757,8.177922969262527,14.261401253458702,17.87993429071792,18.870875998133076,12.991088762159958,13.497654158502494,13.516213136697017,13.749159510340542,13.397568349793804,13.476670860606065,12.906727899253791,11.714645506065398,7.903215290314117,2.4193285548628767,7.096586299170764,7.157032326652523,6.788055639305001,6.745520997038757,6.745520997038757,6.745520997038757,6.8091211429424305,6.745520997038757,6.745520997038757,6.745520997038757,8.552251309483355,13.552260707661953,14.592246944622886,15.683303234631637,15.11380087903769,10.182392965552792,10.629539896216437,10.210014557170318,9.892198059390758,10.483459399587888,10.822425025135722,11.425843340237794,7.5122147046008,2.0976991510727667,6.745520997038757,6.771865780420143,6.745520997038757,6.747131629058315,6.792509733417761,6.987597187862988,6.870257658800622,6.921021014218245,6.769723413985305,6.94331777460042,8.787573808375189,13.621323146987304,15.424979276268559,15.889870153496076,16.778167995626607,10.588142131414152,11.270811357328087,12.461707658493813,12.657796260821401,12.855420730315148,12.018289574078356,10.889578921982311,7.322153133068117,1.50237035255823,6.819531403493485,6.745520997038757,6.797709077903144,6.760249233376546,6.745520997038757,6.824156533683318,6.745520997038757,6.789662312626039,6.848502174312211,6.802838688391525,8.713277563586313,14.507934380538222,18.451749817975145,19.29016481059343,13.16031766020756,13.55179193575832,13.396109112616353,13.337586149821947,13.145900946189283,12.774965035045751,12.064099144688203,10.755356234115213,7.301774848890132,1.8656097443512965,6.894115668975948,6.817650818686404,6.872693476451376,6.745520997038757,6.787104587361894,6.745520997038757,6.900353410534599,7.01115195158119,6.856408811812224,6.745520997038757,8.420065595168328,14.163210913434918,17.88693326970091,19.109687136045668,13.210242577588602,13.217939257800538,13.24239142802165,13.417558356247477,13.217558410701916,12.679077155083128,12.033619658044744,10.980531738816826,7.446704943434235,2.3209618729327577,6.946585984743778,6.745520997038757,6.914173480829911,6.745520997038757,6.7999405150546774,7.029764533960159,6.973809852959282,6.826267281282544,7.096276556387863,6.82440202374409,8.887762174595474,14.292772822672045,17.91438268222695,19.392380436476213,13.181573638146848,13.64906129094324,13.369256550020987,13.585059620057551,13.307216638859561,12.85780731799713,12.487941616737924,10.947878340306794,7.43631488239614,2.0149345084147874,6.745520997038757,6.745520997038757,6.745520997038757,6.745520997038757,6.745520997038757
6.72011327091293,6.795127588892389,6.78811654374277,7.074730653336147,6.886285790987074,8.814318980451207,14.594846341465786,17.95130111182662,19.390038034789804,13.373412810214067,13.563150480901802,13.669771289136051,13.495945726729019,13.233674778436328,12.91972384621023,12.276195079696302,11.0133078380183,7.309365713997631,2.0891807734962695,6.838610154361459,6.72011327091293,6.72011327091293,6.72011327091293,6.72011327091293,6.72011327091293,6.72011327091293,6.72011327091293,6.72011327091293,6.72011327091293,8.541709265113504,14.631047914369635,18.27027028553985,19.424233614749777,13.508808462219973,13.657300171117829,13.589164104761391,13.669771289136051,13.458125997047535,13.37060066132519,12.86851552059062,11.6451842083926,7.961016861310937,2.424769840232026,7.041809366746174,7.285843307244411,7.158110209381552,6.8813037054450605,6.807907187776171,6.72011327091293,6.72011327091293,6.72011327091293,6.72011327091293,6.72011327091293,8.4357028857594,13.41450730121499,14.344056484388421,15.496712903491943,16.22216289679038,9.974237713929673,10.2549007331899,10.047776665652789,9.987950647572372,10.447021934774272,10.701152986397906,10.070939239324174,6.842642367892835,1.3971278465377048,6.72011327091293,6.72011327091293,6.72011327091293,6.72011327091293,6.72011327091293,6.730117824622984,6.72011327091293,6.72011327091293,6.72011327091293,6.843778926797569,8.572870190029018,13.544409603013426,15.488983067968572,16.11814539996105,16.916645475865494,10.891492246198723,11.680998539880823,12.838355179819189,12.927142633545454,13.034791107769642,12.573543402656801,11.363958174865836,7.761849420175473,2.0694261561647695,7.3837267188268045,7.243578433267875,7.016811197214359,6.874945453338383,6.9558430565229274,6.949125943929972,6.72011327091293,6.724293662026749,6.72011327091293,6.72011327091293,8.422586323651876,14.149731825119108,17.80110422341323,19.164530044103778,13.069397644668312,13.62674510335735,13.582068447821351,13.542288239468398,13.37611575830677,12.728596493204819,12.283567955241868,10.746647374464436,7.0282447490877775,1.9587946019352906,6.73105064800707,6.72011327091293,6.72011327091293,6.81180902534097,6.949685546297463,6.875785849905015,6.965039754016958,6.907337004408489,6.919675857228876,6.869421181391175,8.784907392193084,14.422247840542699,18.1225030766385,19.3590893605493,13.374504210067542,13.561904300787523,13.6038277339291,13.882640806850585,13.525633118647377,13.050500523024708,11.96042656986973,10.72773168413112,7.110392066167815,1.8475681332002127,6.7606291646991385,6.72011327091293,6.72011327091293,6.72011327091293,6.72011327091293,6.72011327091293,6.72011327091293,6.72011327091293,6.805206415061537,6.72011327091293,8.831761830549686,14.291611420286737,17.939563364324812,19.363166528986,12.991194881567969,13.374505767094599,13.577567541877427,13.61427486696174,13.226148638378422,12.703084756090437,12.572580179744582,11.237191153671798,7.3861034993103685,2.2149939141211368,6.871441789484696,6.8976188465228745,6.777541693653288,6.72011327091293,6.72011327091293
7.165759042456001,7.165759042456001,7.165759042456001,7.165759042456001,7.165759042456001,8.97926214515161,14.742559547253222,18.238149862934456,19.783146033937758,13.404590701502572,13.662036282092364,13.577647843978456,13.577647843978456,13.577647843978456,13.19128972030171,12.403943806389623,11.076286746758532,7.456777002757496,2.1099869260987956,7.165759042456001,7.2841863194029415,7.376292573943267,7.3297990659845205,7.433598713820531,7.349961131916616,7.3233946920516635,7.38337685337385,7.4029964415152065,7.334005507057822,9.155652756748314,15.14480543811687,18.730260222029493,19.78696616689273,13.230515471103894,13.585462858635399,13.533194305416284,13.761231937652797,13.369789158968384,13.113801626591396,12.605478276232212,11.35975463424158,7.643353863991298,2.154132823376483,7.165759042456001,7.165759042456001,7.165759042456001,7.216827926966431,7.1808653165397756,7.2495636923452595,7.339274648213492,7.365279996597544,7.356584924838398,7.6222609570442685,9.83646648115976,14.853823284844353,16.12871862577383,16.93365632677415,15.499069697434267,11.011661633096464,11.182359293756,10.752724161374818,10.330774465537965,10.548186335326577,10.999795846244162,10.929616533315029,7.769364327600701,2.8403702129203556,7.740285965844847,7.824163553074362,7.54101786452157,7.165759042456001,7.165759042456001,7.165759042456001,7.165759042456001,7.165759042456001,7.165759042456001,7.165759042456001,8.895499730129975,13.614440032226646,15.07382739107329,15.288799326631372,15.991515497005096,9.43688032066983,10.328985123409746,11.533515050489251,11.802538572597035,12.062118567426738,11.757786629345237,10.701730988373395,7.421175022479535,2.0765587744660787,7.165759042456001,7.165759042456001,7.165759042456001,7.261750095526849,7.274701582070928,7.446997637058025,7.4783130463676954,7.412798623193576,7.285814410323994,7.165759042456001,8.785391052942511,14.606088017436957,18.352066456019166,19.235078875760188,12.717009889103501,13.473607543882341,13.37882773573607,13.668506093255234,13.20247677939232,12.748293837230346,12.344303115236693,10.93654067272625,7.124003418479794,1.7539194665494817,7.165759042456001,7.165759042456001,7.165759042456001,7.165759042456001,7.165759042456001,7.165759042456001,7.165759042456001,7.165759042456001,7.218666130031326,7.279507657103129,9.03276557894165,14.657490936756712,18.325918267795387,19.649079716606824,13.322280874247927,13.735366738926947,13.491243903535516,13.638397646443693,13.497691523949593,13.316974546251346,12.204383196995124,11.17610549277242,7.771080558178707,2.418928954076743,7.736545221090364,7.646845999939842,7.260658008069522,7.165759042456001,7.165759042456001,7.165759042456001,7.165759042456001,7.165759042456001,7.165759042456001,7.165759042456001,8.92120665250327,14.212940983899212,17.753807077673272,19.16344611239742,12.53206407790912,12.89240203640283,12.755299868349294,12.950308528919843,12.718241629817726,12.481404273354974,12.185362157637481,10.990069752508091,7.112044986623006,2.1607206534349355,7.322116315950674,7.165759042456001,7.239781591196766,7.348340425774813,7.344671910231069
7.067998830803298,7.343040677137418,7.2577973404269756,7.3672202526181145,7.378345826982427,9.392510975643642,15.108525199525705,18.431523809271397,19.77768976686221,13.324069449722833,13.717900019175614,13.727258578932343,13.523704761759731,13.322350882530046,13.01196619039791,12.056344117956169,10.711743384288136,7.218497779867551,1.9439477688027313,6.943362046798837,6.943362046798837,6.943362046798837,6.943362046798837,7.078079761823994,6.943362046798837,6.959664497944424,6.943362046798837,6.943362046798837,6.943362046798837,8.806849259440707,14.859454893005594,18.421358075143388,18.81011626693033,13.596223353998019,13.637016443702883,13.505202276260734,13.58906923738943,13.245646318523937,13.048507766752875,12.493508839677617,11.169716075251971,7.306545705711391,2.00441647396446,7.212779012481395,7.350791108289894,6.982004950789673,6.943362046798837,6.943362046798837,6.943362046798837,7.0986520852261625,6.943362046798837,6.943362046798837,6.943362046798837,8.709290700915446,13.688062308729346,14.774568312431155,15.983987060126491,13.230720682673944,10.424159168612317,10.688306219605156,10.445891678313115,10.181249708354137,10.655284387556108,11.129375995445837,11.00771502623009,8.02047407593132,2.404015269301663,6.943362046798837,6.943362046798837,6.943362046798837,6.964015286072999,7.234463750106062,7.157219167277885,7.106436529687661,6.943362046798837,6.943362046798837,7.056647285312269,8.791595134282721,13.446111371396697,15.501350378261211,15.97839926165394,16.732522913155925,10.42632292654457,11.256340142010734,12.382533590751326,12.549178959609332,12.751339718354094,12.40413270690335,11.470872192944952,7.968274946641948,2.2982871675132306,7.195396165656842,7.055812552675771,7.272626938570076,7.087713353896233,7.036042866644818,7.133398905324847,6.943362046798837,7.1163113860887215,7.189556719845347,7.080909413395619,8.886047996381016,14.507674009025845,18.56050800564745,19.53358039097195,13.413732085539953,13.596047438557477,13.462857662751075,13.501254587325072,13.28867760430069,12.958152573729283,12.28032794470023,11.303186827356747,7.1529523465040645,1.8185464759591308,6.943362046798837,6.943362046798837,6.943362046798837,6.943362046798837,6.943362046798837,6.943362046798837,6.943362046798837,6.943362046798837,6.943362046798837,6.943362046798837,8.710805495141088,14.419139155810715,18.267382638322882,19.5642756377658,13.265942597070763,13.611590049501174,13.580583607283705,13.729891906627799,13.73974003690561,13.167888024331958,12.44550651082561,11.136289221575861,7.585486346772815,2.336404987849269,7.322193843314902,6.943362046798837,7.166079097226371,7.0870908847671785,7.02309860320439,7.012290656883745,6.954625976051735,6.943362046798837,7.2052982838529545,7.004585159102664,9.090601888641938,14.543081403389259,18.1624731132218,19.520166564849568,13.051970342819365,13.610785523183674,13.35101330984443,13.528270749872272,13.341489418021204,13.011278763520794,12.702615912042766,11.632796037626587,7.915452066804521,2.207585120411822,7.085217390787874,7.1274774695368635,6.952020607728335,6.943362046798837,6.943362046798837
6.970019324955375,7.104705181342914,7.14539779793476,7.080484194559532,7.072351972757028,8.856007747052415,14.638434685364913,18.0630607187549,19.43956826653685,13.20815423637469,13.567703309735007,13.611241523049648,13.515555562610318,13.28845299954761,13.140076966087735,12.328404634447644,11.123399624874557,7.450741906911639,2.2181928812260074,7.203058678157233,6.970019324955375,6.970019324955375,6.970019324955375,6.970019324955375,7.001568663132163,6.970019324955375,6.970019324955375,6.970019324955375,6.970019324955375,8.920874566446216,14.935255178133822,18.613148681910623,19.48200209145996,13.01852060370601,13.30724411899853,13.357883783911888,13.457275272047724,13.236320608183357,13.189744466228133,12.791449335337829,11.498344441995055,8.157148788419837,2.426108733888943,7.126124355378303,7.198621385860919,7.43892014564145,7.1588488207362335,7.11983615611329,7.050926215798367,7.079972736597178,6.970019324955375,6.980112654877241,7.12233098353096,8.97154759823784,13.812098718939644,14.541560587490636,15.47493106722784,15.972437654361398,9.628808704957827,10.07489171545886,9.911881239859476,9.684180838436987,10.002032916789362,10.311341466263006,9.812721553252741,7.3799577072080496,1.817673356940139,6.970019324955375,6.970019324955375,6.979297578423184,6.970019324955375,7.050008626646019,7.117593087822305,7.109492725358388,7.13925583001878,6.983327332492468,7.1944089179823285,8.94881852297385,13.844731525884987,15.577848992184883,16.06411616747995,16.949435930448868,10.592396135411002,11.479128336197789,12.517830412423558,12.535850134730183,12.424799164121717,12.257323113280624,10.833085350456868,7.214700932470137,1.9821757871190089,6.970019324955375,6.970019324955375,6.970019324955375,6.970019324955375,6.970019324955375,7.023246430474123,6.970019324955375,6.970019324955375,6.970019324955375,6.990065783608798,8.713636704629035,14.392717777720453,17.695543449138803,18.95333405610947,12.596019862489356,13.219157168415396,13.211040703962054,13.256475509325545,13.146064175631912,12.681910227254997,12.049354617424807,11.258204291756522,7.166398214551183,1.992366050118752,7.176648391998147,7.075236951444076,7.0172925030076545,6.970019324955375,6.970019324955375,6.970019324955375,6.970019324955375,6.970019324955375,6.970019324955375,7.019597430676873,9.108552201408337,14.745889701745135,18.48380660142943,19.480490531673397,13.420654635105215,13.470109057852579,13.447959882852448,13.489236721321907,13.366752941361666,12.740054625704408,11.832474732814857,10.826597624592399,7.280538666902294,2.492686108307167,7.450616392254533,7.138697286567063,7.468343903119707,6.988483821719144,6.970019324955375,6.970019324955375,6.970019324955375,6.970019324955375,6.970019324955375,6.970019324955375,8.6529915993572,13.900285368147,17.65070801300162,19.009105788106673,12.480845438922543,12.720896409430884,12.814679849954338,13.076111351230916,12.93145427563565,12.338655100255565,12.059764495770047,10.79262195122943,7.571939253010976,1.9021705540354774,6.970019324955375,6.970019324955375,7.156192736824046,7.049086213366691,7.103350707191084
7.266665444422818,7.419281422359068,7.425610085986836,7.614718155399217,7.374995575362538,9.382632491391899,14.943007951035288,18.145154974580016,19.54777237508811,13.35500134450528,13.576133132975789,13.76159293908241,13.628705281285615,13.301696165470236,12.98169612162988,12.074768576532447,10.76385595015647,7.217131554501649,1.988080480697237,7.022506223903362,7.248525235007871,7.166020732609754,7.022506223903362,7.022506223903362,7.022506223903362,7.022506223903362,7.127661618694881,7.066993844276584,7.166044167615207,9.021486329728745,15.003505821664051,18.72442063126388,19.663338358823072,13.414489506375418,13.651047487405293,13.51932817197234,13.625406938999236,13.592418575944906,13.557729256769823,12.8427896589818,11.561096692007924,7.822398753787444,2.3422915884794486,7.4785581473804115,7.314726044517511,7.230685084574381,7.106118484867429,7.052669096180477,7.0226187523347186,7.145871577554938,7.022506223903362,7.022506223903362,7.022506223903362,9.148406884821792,14.398653179543683,15.521564092726468,16.52356896415536,15.79586573039313,10.83404979956863,10.964900719444264,10.489135096887255,10.061903634027976,10.322274625647278,10.702506781018728,10.864002768549886,7.4395783474638995,2.3576683496830384,7.377348722644998,7.283285055326616,7.32332401467547,7.022506223903362,7.022506223903362,7.022506223903362,7.067373956024514,7.057969649956948,7.022506223903362,7.0537706929562,8.841387908770546,13.65211007014351,15.233533329843524,15.557221665678679,16.31204056441831,9.885502691257715,10.666341718982915,11.79721002867245,12.117229573998756,12.376567568890879,11.745713375660937,10.601237373353637,6.616670551592812,1.1531692427019395,7.022506223903362,7.022506223903362,7.022506223903362,7.0793267179221395,7.1304933906091845,7.074617645500971,7.035585381257051,7.25456474905327,7.022506223903362,7.022506223903362,8.660524920759443,14.27973345652784,18.00019411188406,19.32455394814819,13.238278563964972,13.557729256769823,13.598131086783964,13.442768433468267,13.354473413957686,12.900722922611626,12.166463412148659,10.65791157080055,7.103827278267401,1.809843045695048,7.242585269229169,7.022506223903362,7.022506223903362,7.022506223903362,7.0871741113213975,7.022506223903362,7.022506223903362,7.022506223903362,7.0335107771967325,7.213090850178715,9.057086729348685,14.60299349743575,18.30330004810238,19.555778257813042,13.536078982328874,13.401280392780075,13.284399856905393,13.326793440103138,13.330108970724918,13.054566260077305,11.996597119846472,10.828323668570484,7.518303480172867,2.3133091873706952,7.503127427299939,7.529057755768921,7.310255312162576,7.142355518633351,7.191261698170487,7.167093035628661,7.166622769818805,7.022506223903362,7.044104258271607,7.022506223903362,8.760387640784943,13.963540281919467,17.686715357390053,19.207043557874073,12.776066844435533,13.258205231387292,13.211793827827035,13.2943666654889,12.934277301356127,12.706149644825622,12.386528494592019,11.442422130592236,7.283560091489073,2.051852710541918,7.022506223903362,7.022506223903362,7.022506223903362,7.022506223903362,7.022506223903362
6.800645391387685,6.759576153703045,6.759576153703045,6.759576153703045,6.759576153703045,8.467985205238142,14.224356462239745,17.819154897199194,19.16246239963928,13.093064776198386,13.423260900451162,13.634968647405245,13.490305198576845,13.394326310283013,13.184890669855575,12.2520098819752,11.118142306721214,7.572284220506157,2.0494926493786254,6.759576153703045,6.759576153703045,6.759576153703045,6.923153936747842,7.054362267747976,6.88175139092329,7.128596658706903,7.166289209342448,7.121240854215529,6.97908867671963,8.880544372562188,14.75807413177494,18.377503646026824,19.400643458077738,13.454211303695905,13.54111841420651,13.517919393362675,13.67308867243401,13.458341849618133,13.192573971158705,12.85369370647014,11.417773700608997,7.692252353972695,1.874538223573858,6.759576153703045,6.759576153703045,6.759576153703045,6.759576153703045,6.759576153703045,6.759576153703045,6.759576153703045,6.759576153703045,6.759576153703045,6.759576153703045,8.704308674201242,13.776343048782616,14.963896874935859,15.904510682710924,16.704453478736088,10.598684954590361,11.05130500108903,10.562017951617419,10.021217369662043,10.26799682144126,10.866660317805938,10.534038640961896,8.204275077935646,2.531442669338046,6.941358429610978,6.958638900412389,7.155119082125685,6.8487820555444365,7.2511219127740585,7.159092086626379,7.377034296832183,7.234825116156005,7.133344020082855,7.279527173142145,9.151710182205731,13.647083676383263,15.359441688182155,15.79179456035785,16.4132671741081,10.099702649257875,11.051896813571222,12.185126150448479,12.41343858865189,12.88231309426596,12.373171483497845,11.256764262625802,7.394159678027552,2.043971156164608,6.759576153703045,6.759576153703045,6.759576153703045,6.759576153703045,6.759576153703045,6.759576153703045,6.759576153703045,6.759576153703045,6.759576153703045,6.759576153703045,8.464364306172733,14.115669990979388,18.158850246008807,18.947762850238323,12.851594904616277,13.532988676773602,13.590149507423025,13.736948228569782,13.641656741863741,13.356919183078297,12.785107291704254,12.012034736182287,7.877848072600604,2.4873221059201627,7.368841783461386,6.963887879586554,6.969586363731924,6.76659763123091,6.7802329549652915,6.759576153703045,6.759576153703045,6.759576153703045,6.759576153703045,6.759576153703045,8.029629628190872,13.64126171081788,17.524352176329625,18.989887538228764,12.800192401417837,13.064581200255727,13.036089534339911,13.273958415183499,13.306671180886331,12.93147955673549,12.296240682106328,11.097190180021082,7.4832479125938836,2.115249438848489,7.155594567098624,6.9601243452174995,6.851581222437305,7.285731859791918,7.4534065872280415,7.377664490168398,7.32214481893022,7.17906637796068,7.3499999145556725,7.073630234152741,9.142672605602012,14.538754828653616,18.204898627437824,19.475457234665278,13.137787343498909,13.465538819510662,13.297214490148793,13.260155393084974,13.01685802766268,12.469114670125062,12.057220590845443,10.982523525207393,7.186430366177957,1.9134288017319034,6.759576153703045,6.759576153703045,6.759576153703045,6.759576153703045,6.759576153703045
