0,1,2,3,4,5,6,7,8,9,10,11,12,13,14,15,16,17,18,19,20,21,22,23,24,25,26,27,28,29,30,31,32,33,34,35,36,37,38,39,40,41,42,43,44,45,46,47,48,49,50,51,52,53,54,55,56,57,58,59,60,61,62,63,64,65,66,67,68,69,70,71,72,73,74,75,76,77,78,79,80,81,82,83,84,85,86,87,88,89,90,91,92,93,94,95,96,97,98,99,100,101,102,103,104,105,106,107,108,109,110,111,112,113,114,115,116,117,118,119,120,121,122,123,124,125,126,127,128,129,130,131,132,133,134,135,136,137,138,139,140,141,142,143,144,145,146,147,148,149,150,151,152,153,154,155,156,157,158,159,160,161,162,163,164,165,166,167
0.0,0.0,0.0,0.0,0.0,0.0,0.0,0.0,0.0,0.0,0.0,0.0,0.0,0.0,0.0,0.0,0.0,0.0,0.0,0.0,0.0,0.0,0.0,0.0,0.0,0.0,0.0,0.0,0.0,0.0,0.0,0.0,0.0,0.0,0.0,0.0,0.0,0.0,0.0,0.0,0.0,0.0,0.0,0.0,0.0,0.0,0.0,0.0,0.0,0.0,0.0,0.0,0.0,0.0,0.0,0.0,0.0,0.0,0.0,0.0,0.0,0.0,0.0,0.0,0.0,0.0,0.0,0.0,0.0,0.0,0.0,0.0,0.0,0.0,0.0,0.0,0.0,0.0,0.0,0.0,0.0,0.0,0.0,0.0,0.0,0.0,0.0,0.0,0.0,0.0,0.0,0.0,0.0,0.0,0.0,0.0,0.0,0.0,0.0,0.0,0.0,0.0,0.0,0.0,0.0,0.0,0.0,0.0,0.0,0.0,0.0,0.0,0.0,0.0,0.0,0.0,0.0,0.0,0.0,0.0,0.0,0.0,0.0,0.0,0.0,0.0,0.0,0.0,0.0,0.0,0.0,0.0,0.0,0.0,0.0,0.0,0.0,0.0,0.0,0.0,0.0,0.0,0.0,0.0,0.0,0.0,0.0,0.0,0.0,0.0,0.0,0.0,0.0,0.0,0.0,0.0,0.0,0.0,0.0,0.0,0.0,0.0,0.0,0.0,0.0,0.0,0.0,0.0
0.0,3.301897670753766,3.7260298280861512,0.7150021701771712,0.7306754226422935,0.0,0.0,0.0,0.0,0.0,0.0,0.0,0.0,0.0,0.0,0.0,0.0,0.609674094050757,3.1602715967262105,1.9665753011914173,1.46526600791175,0.0,0.0,0.0,0.7391281686343046,0.0,0.0,2.399940890947945,0.6400032972384642,0.0,0.6427035029683523,0.0,0.0,0.0,0.0,0.0,0.0,0.0,0.0,0.0,0.0,0.0,1.603409497060626,0.0,3.6780302430768264,0.0,3.7260298280861512,0.9498799095320215,1.9111107493881814,0.0,0.0,3.251966157305887,0.0,0.0,0.0,0.0,0.0,0.0,0.0,0.0,0.0,0.0,0.0,0.0,0.0,0.0,3.7260298280861512,0.0,0.0,0.0,3.716071035682347,0.0,2.266076758598955,0.763881556852112,0.0,0.0,0.0,0.0,0.6939724261717871,0.0,0.0,0.0,0.0,0.0,0.0,0.0,0.0,0.0,0.0,0.0,3.7260298280861512,0.0,0.0,0.0,0.38336951606795433,0.0,0.0,0.533973596767849,0.0,3.7260298280861512,3.7260298280861512,1.3651901417171608,0.0,0.0,0.0,0.0,0.0,0.0,0.0,0.0,0.0,0.0,0.0,0.36330515629551585,0.0,0.0,3.7260298280861512,2.500530365853544,0.0,0.0,0.0,2.3531178097426206,0.0,3.2367828553856217,3.0200629358211435,0.0,0.0,0.0,0.0,0.0,0.0,0.0,0.0,0.0,0.0,0.0,0.0,0.0,2.212896326365526,0.0,1.713976759079692,3.7260298280861512,1.1868355826780816,1.7273074093978036,0.4021271151221471,0.0,0.6253040209203236,0.0,0.0,0.0,0.0,0.0,0.0,0.0,0.0,0.0,0.0,0.0,0.0,0.0,0.0,0.0,0.15709990110623728,0.8257913450994023,0.0,0.0,0.0,0.0
3.727254191326709,0.0,0.0,0.5077794203395043,0.0,2.8297736187708744,0.0,0.0,0.0,0.0,0.0,0.0,0.0,0.0,0.0,0.0,0.0,0.0,0.0,2.161500725426065,0.0,0.0,0.6903042656623333,3.561221122722937,3.6197748930684903,0.0,1.984130885274956,0.15478847579912214,0.0,0.0,0.0,0.0,0.0,0.0,0.0,0.0,0.0,0.0,0.0,0.0,0.0,0.0,0.27974731358154425,0.0,2.9547300604916935,0.0,0.0,2.0387760495207305,0.0,0.0,3.857924257333999,0.0,0.0,3.857924257333999,2.080891494951347,0.0,0.0,0.0,0.0,0.0,0.0,0.0,0.0,0.0,0.0,1.3849535719236332,0.0,1.183179910719577,3.061567594513818,0.0,0.0,0.8178676996055625,0.0,0.0,1.6793540285682642,3.1922027260162924,2.190862999786769,0.0,2.018689404170193,0.0,0.0,0.0,0.0,0.0,0.0,0.0,0.0,0.0,0.0,0.0,0.0,3.462655986703365,0.0,0.0,0.0,0.0,0.0,3.316695383645475,0.0,3.857924257333999,0.0,1.4346251391979132,0.0,0.0,0.0,0.0,0.0,0.0,0.0,0.0,0.0,0.0,0.0,0.0,0.07135747567130757,1.271323955013533,3.5684752934204833,0.0,0.0,0.25850481979955137,2.6158680073285763,0.0,3.857924257333999,1.5067704005453382,1.2080937538303742,0.0,0.0,0.0,0.0,0.0,0.0,0.0,0.0,0.0,0.0,0.0,0.0,0.0,2.2706904621229427,1.6994318994092765,3.7168195897253935,3.857924257333999,0.0,0.0,1.935413332000784,0.0,0.6783980000515453,0.0,0.0,0.0,0.0,0.0,0.0,0.0,0.0,0.0,0.0,0.0,0.0,0.0,0.0,0.0,1.496783606439384,0.0,0.0,0.0,1.6099880526880899,1.7297394422251422
0.0,4.040802306047917,2.6922576766803212,0.3484921617474038,0.0,1.1907447853727358,0.0,0.0,0.0,0.0,0.0,0.0,0.0,0.0,0.0,0.0,0.0,1.5784140312749244,0.0,1.685095092786395,0.0,2.6283993470974814,0.8026704977437342,4.040802306047917,1.250135260264683,0.8029952871492645,0.6601460410514859,0.4363850849985058,0.0,1.8966986058376527,0.0,0.0,0.0,0.0,0.0,0.0,0.0,0.0,0.0,0.0,0.0,0.0,0.0,0.9299834659551831,3.9923365339720287,3.2095437852052253,3.938181088278258,0.5178281929206993,0.339901815730262,0.16124777885257321,0.7070030815240688,0.2555426563115567,0.6505623170763056,0.5685470830340713,0.0,0.604318505184072,0.0,0.0,0.0,0.0,0.0,0.0,0.0,0.0,0.0,0.0,0.0,2.6771313296514654,0.0,0.0,3.416332038615193,4.040802306047917,2.8770813403959736,0.0,0.0,0.8357329528560112,0.706587252382694,0.0,0.0,0.15881751183322962,0.07122040132816743,0.0,0.0,0.0,0.0,0.0,0.0,0.0,0.0,0.0,0.4930938987069231,4.013534647365969,2.997222211609842,2.8759222460673737,1.821576943653496,0.0,1.0094656660455772,0.0,0.6266789337627744,0.7152635331465239,0.22888751781826688,0.12849203031413503,1.0818097769395827,0.0,0.0,0.0,0.0,0.0,0.0,0.0,0.0,0.0,0.0,0.1766105149439845,1.4933980942473086,1.8161737680370014,0.37063191711638005,4.040802306047917,2.5666404095165603,0.3149196962478004,2.4482164003592417,0.5523574143024292,0.03389478343894359,0.34939762455469514,1.0286426934536714,0.0,0.0,0.0,0.0,0.0,0.0,0.0,0.0,0.0,0.0,0.0,0.0,0.0,3.899790716259298,0.0,0.0,0.0,2.152281484393568,1.0887406279068133,2.7685801451125664,2.381566961140924,0.10002227437131897,0.4708959873388827,0.8147244368702473,0.0,0.7806590022126942,0.0,0.0,0.0,0.0,0.0,0.0,0.0,0.0,0.0,0.0,0.0,2.6295589967992425,3.0020429437124134,1.6689322274838359,2.477431345072864,2.7837438858822194,0.0
3.684743258115106,2.550309246781151,0.0,0.037810933949144795,0.9593744573041398,0.0,0.0,0.0,0.0,0.0,0.0,0.0,0.0,0.0,0.0,0.0,0.0,0.423279093429656,3.095594051019444,2.3986630585390825,2.487283499284957,3.6494090180277707,0.5615767265778587,0.43629646887662815,0.2588203754289836,0.46152560107008056,0.1649587713679176,0.47679588079273894,0.7948608341611489,0.0,0.0,0.0,0.0,0.0,0.0,0.0,0.0,0.0,0.0,0.0,0.0,0.0,2.4033252917003796,2.8702061243760446,3.637295538369896,2.6804026843967796,0.3619001277610213,0.7675511264195658,0.0,0.8070116032227159,0.0,0.8222624953355717,0.0,0.0,0.0,0.5545045509191352,0.0,0.0,0.0,0.0,0.0,0.0,0.0,0.0,0.0,0.29167549301013374,3.3367475260835158,3.2831952121411137,3.390622934793107,1.6853248946285804,0.3184160667564822,0.7152235133616697,0.32407602642505323,0.0,0.8343485696512152,0.4376576267880386,0.36834963973579576,0.2271866106762428,1.203637945833555,0.013162462205926675,0.0,0.0,0.0,0.0,0.0,0.0,0.0,0.0,0.0,1.976191498115238,3.444968108733302,3.1202629873840695,2.498779697636758,0.855861856256219,0.2017414555020462,0.0,0.08617346538039561,0.20632639413059095,0.3899806233368922,0.0,0.0,1.0989226523192948,0.0,0.0,0.0,0.0,0.0,0.0,0.0,0.0,0.0,0.0,0.0,1.7165663106467646,3.0425301825730138,3.324356870520668,1.7321462816114146,1.9528893374923697,1.4151344784389481,0.0,0.5568301404904393,0.0,0.552596847919699,0.646839990308628,0.18652158039216893,0.9083814507312091,0.0,0.0,0.0,0.0,0.0,0.0,0.0,0.0,0.0,0.0,0.0,1.2107332867899327,2.2015433489849867,0.2672491839662029,3.292403134334072,1.7994460386758222,3.684743258115106,0.6974313759593647,0.43970246007046354,0.12869109480326932,0.5527532594657641,0.2546623158757735,0.4298124663340704,0.0,0.0,0.0,0.0,0.0,0.0,0.0,0.0,0.0,0.0,0.0,0.0,1.2566014954715872,2.49438279160967,3.641486983502918,3.684743258115106,1.6532855262106592,0.24986216878146084,0.7109350094072469
2.940454069746179,3.2730193415528803,0.4156912501409581,0.2681600551355867,0.23748903246033298,0.6148299697928145,0.0,0.0,0.0,0.0,0.0,0.0,0.0,0.0,0.0,0.0,0.0,0.17632968287035747,0.755219251777197,3.3834878771992796,3.1099774683991046,3.5054735606207803,1.7533583470263772,0.25296510445656967,0.7370553693319865,0.32274028957280376,0.2932126099258488,0.6613095110865921,0.28353125889231656,0.7032063270426867,0.0,0.0,0.0,0.0,0.0,0.0,0.0,0.0,0.0,0.0,0.0,1.3336041454932095,2.4409406655520627,3.5703737876910893,2.503806712601415,2.131109949032005,1.0582958693248123,0.0,0.6907000653781411,0.4264569510458798,0.2705313420219755,0.14837423272781736,0.74544662822507,0.8561506315949237,0.7908555052954375,0.0,0.0,0.0,0.0,0.0,0.0,0.0,0.0,0.0,0.0,0.41340958161835656,3.470178844017514,1.1051824521031506,2.850208374187971,3.6178144999954664,1.072868220853248,0.43668901179464864,0.2773942513021831,0.5866377123734096,0.0,0.7601769640587017,0.19782806451950652,0.1989625892484017,0.0,0.005397273081667819,0.07634348349014708,0.0,0.0,0.0,0.0,0.0,0.0,0.0,0.0,0.6162137174933613,3.157675724549616,2.5662011178129145,3.2375074482444006,3.1398777323012985,0.5545120760494362,0.0,0.37683437399204855,0.5587303419886965,0.3120179902886587,0.6313410318112331,0.0,0.43966601699585794,0.0,0.0,0.0,0.0,0.0,0.0,0.0,0.0,0.0,0.0,0.0,1.8996035324908203,1.2839778698481499,1.4302667374988514,2.7122625899191415,1.3433056928125635,2.950715444738651,1.5452378523511188,0.0,1.0383173059435746,0.42083222222725064,0.41570627497107215,0.1641050143216263,0.0,0.0,0.0,0.0,0.0,0.0,0.0,0.0,0.0,0.0,0.0,0.0,0.0,2.964226782489847,3.6178144999954664,2.878525605167144,2.918458584158126,0.038668071239653545,0.7992306866248899,0.2434086367170087,0.5242373507978064,0.008271176636126087,0.41068671197015716,0.1845739521507488,0.22373268030138915,1.224454650576006,0.0,0.0,0.0,0.0,0.0,0.0,0.0,0.0,0.0,0.0,1.9495785934366119,1.6095085298624352,3.280223652226336,3.6178144999954664,2.201573743026369,0.0,0.7665144310545776
5.669771868565048,1.0118487720727425,0.27080985688426984,0.8685260912975075,0.6045560126599042,0.9793369343433038,0.06988056301972025,0.0,0.0,0.0,0.0,0.0,0.0,0.0,0.0,0.0,0.0,0.9723136072876546,5.187798663317527,5.875051437274275,0.9364663573984349,0.6102882399909547,0.7849983849325272,0.7006374842225866,0.23086833490587544,1.2061525380054645,0.47201602744948445,0.7079266385160035,0.6516681817941069,0.8289778370774578,0.0,0.0,0.0,0.0,0.0,0.0,0.0,0.0,0.0,0.0,0.0,0.6599271105817923,5.784117818870034,5.301493378342217,0.6483959770274739,0.7432672602526977,0.8756287732771563,0.8101209974285021,0.6973728305212124,0.8335742333791194,0.32802336495412293,1.016106017456555,0.9584022396933247,0.4732760367374954,0.7527467749053821,0.0,0.0,0.0,0.0,0.0,0.0,0.0,0.0,0.0,0.0,0.48631184595297644,6.342786740979549,4.978349662703671,0.765088290454382,0.7224242731126947,0.8994654419272233,1.023023674656634,0.690599924376373,0.9394929237599638,0.7563273543707526,0.7114604774165553,0.584996796385813,0.11432748909630774,1.1990687462799965,0.0,0.0,0.0,0.0,0.0,0.0,0.0,0.0,0.0,0.0,0.671091280389251,5.876246274245008,5.432615893812045,0.6163565368091194,0.8630255148694117,0.4817959370096354,0.8375928402660457,0.6493565754816106,0.6673212731580592,0.8004324536880605,0.7947846774743502,0.7332142745203243,0.6962953501773217,0.0,0.0,0.0,0.0,0.0,0.0,0.0,0.0,0.0,0.0,0.0,1.5354156672374728,5.0081069585754605,5.203984195996516,0.8589849115864407,0.7270277709930044,0.6810395103248583,0.48924016477118587,0.8593582684123904,0.7453435955289892,0.5732002869700563,0.7979221867690093,0.47020113461800717,0.20534683343549856,0.0,0.0,0.0,0.0,0.0,0.0,0.0,0.0,0.0,0.0,0.0,0.21982639152524186,6.391798853783532,4.7591884949171375,0.544581751300461,1.2300293460358882,0.7698156662485018,0.5223520044686352,0.5159592930422001,0.7627230396231773,1.0696649313921174,0.7506284524545361,0.7850014533423314,0.6562679917934825,0.32701122390306225,0.0,0.0,0.0,0.0,0.0,0.0,0.0,0.0,0.0,0.0,0.42896762819553824,6.391798853783532,5.063253306564988,0.45907690206981694,0.8578552331434925,0.39579233082623316,1.1154356541587258
5.753164069893797,0.8141751688095016,0.7292221307051201,1.0878534901294885,0.7513948254689299,0.7727917189168657,0.0782267130350182,0.0,0.0,0.0,0.0,0.0,0.0,0.0,0.0,0.0,0.0,0.049932008283880336,5.716789147348066,5.646754948985143,0.8374176755091783,0.693426654571413,0.8000363170158629,0.8633666095750113,0.8605237537923048,0.824993832136666,0.623435852256489,0.7497406288829325,0.815678978204192,0.9847586836678155,0.0,0.0,0.0,0.0,0.0,0.0,0.0,0.0,0.0,0.0,0.0,0.9014694140681832,5.780018498571753,5.44785522127056,0.651495689876829,0.6581466659878379,0.9582495676832403,0.28566659138132583,1.0909940076397164,0.9095520191291755,0.4351775707919335,0.8086729718991329,0.961295250165022,0.0,0.05459987087389706,0.07833654997538152,0.0,0.0,0.0,0.0,0.0,0.0,0.0,0.0,0.0,0.8492549531567012,6.405925424233599,4.990259821814115,0.728075974709211,0.7556998915652933,0.556992414222224,0.987637819330155,0.6815496869121392,0.9364212482878371,0.5767317305648016,0.919095927261629,0.7002952696278455,0.3622944008291773,1.3610031498464878,0.0,0.0,0.0,0.0,0.0,0.0,0.0,0.0,0.0,0.0,1.487439373511636,6.205013002380859,4.558660499358801,0.8737227925247251,0.7239458446034729,1.0770637173580764,0.8023149022556977,0.7597480788484,0.7984948449824257,0.4912308451061519,1.0904005783178556,0.6777357941205899,1.2091443504704764,0.0,0.0,0.0,0.0,0.0,0.0,0.0,0.0,0.0,0.0,0.0,1.7367320833205828,5.39833358639417,5.138854446900479,0.604300785408879,0.7576115539270847,0.9813567457107693,0.7146573466460326,0.9019171044710831,0.7905709882014859,0.6487908488145685,0.7841681255788822,0.8292783810801125,0.10773547975453379,0.0,0.0,0.0,0.0,0.0,0.0,0.0,0.0,0.0,0.0,0.0,1.0964549793495004,6.465050196028677,4.281728616139536,1.214531288277842,0.981087649391368,0.7880664134703681,0.9372860543127952,0.7635885065477132,0.6833032728367854,0.8643186800011965,0.9725403779957157,0.9470301900149477,1.0184485476225078,0.542598308301228,0.0,0.0,0.0,0.0,0.0,0.0,0.0,0.0,0.0,0.0,1.4993744774294882,6.267260266741761,4.88566741099466,0.8355913102560112,0.852036093153649,0.951168318643703,0.9701335172354063
5.793152123669347,1.119213916283909,0.7731758979360561,0.9991760012323166,0.8599105362267536,0.7183252099890932,0.028328768545009098,0.0,0.0,0.0,0.0,0.0,0.0,0.0,0.0,0.0,0.0,1.2498862070739376,5.645788156660027,5.5257713597992915,0.9654519280024209,0.7622194756271524,0.7779990189189129,0.8885454419297835,0.704026925865641,0.7782873525555138,0.7324003179721489,0.8836557219896973,0.5784144592449739,1.0705778993085127,0.0,0.0,0.0,0.0,0.0,0.0,0.0,0.0,0.0,0.0,0.0,0.8982603876737567,7.067211794721074,4.391465960127657,0.9467414438938451,0.8148705051405142,0.8014003624076789,0.7446167475886128,0.7662613269266326,0.785612125236643,0.7758564971132285,0.8788514613290906,0.7119706581378754,0.4596724306861422,1.1164096610501573,0.10004178099767676,0.0,0.0,0.0,0.0,0.0,0.0,0.0,0.0,0.0,1.2650381458572095,6.631203246207104,4.732749113602631,0.7612143278666241,0.7428612539985767,0.7735404374520004,1.0203237802497156,0.7196579749438852,1.0133140196222523,0.6535316605608423,0.8395318770632028,0.8465113201310255,0.7765239423036733,1.0975769072679324,0.10053220408655923,0.0,0.0,0.0,0.0,0.0,0.0,0.0,0.0,0.0,1.1275047955364843,6.514406659051061,4.825126554472205,0.7691478822263874,0.9258179462144733,0.8800366319271227,0.6402910057645708,1.0623276104640975,1.0318276572085017,0.9925112866450669,0.6512873154378797,1.1276007712553728,0.7264069570453541,1.2836674518978188,0.0,0.0,0.0,0.0,0.0,0.0,0.0,0.0,0.0,0.0,1.6156794977972564,7.132841437885307,4.026780476373978,0.8450966808004811,0.6563329500664429,0.6435077744001559,0.8091439556189324,0.835027241912879,0.8210286649507867,0.7699139955887567,0.7959618967381831,0.9271285339249014,0.8039324805201078,0.0,0.0,0.0,0.0,0.0,0.0,0.0,0.0,0.0,0.0,0.0,1.2655602691965058,6.975799973019414,4.151600915642627,1.090860144639014,1.012065280167943,1.1018699581885998,0.9081142194811823,0.6906271551535348,0.9349880592633135,0.6484891876128548,0.8864361257724853,1.1952357345342421,0.9600473874914711,0.3365652114110791,0.0,0.0,0.0,0.0,0.0,0.0,0.0,0.0,0.0,0.0,0.9093561615086294,6.565515426240636,4.859175167027397,0.7536396611596858,0.7945759087532658,0.7952388190868813,0.8092016415020433
5.750883606715863,0.8057780399636516,0.9186545455665472,0.7448763724871204,0.8480500404184275,0.15794870284219767,0.0,0.0,0.0,0.0,0.0,0.0,0.0,0.0,0.0,0.0,0.0,1.1782098012985012,4.875842991365677,6.188773855038408,0.7119878192220013,0.7226862126327898,0.8716585931687653,0.7330365942595229,0.7340904825056366,1.0167210235918795,0.8454550326455824,0.6823717864656617,0.7767299047835294,0.5221772124139292,0.0,0.0,0.0,0.0,0.0,0.0,0.0,0.0,0.0,0.0,0.0,1.1204514375063805,6.513251058053057,4.5610537472758,0.8701420761554097,0.8310978252327068,0.6693982783983993,0.5477186622058475,0.6953341916739949,0.9995816824743622,0.8191911809776928,0.5829946368902147,0.5688297873579694,0.8529096947992328,0.8400920153064977,0.0,0.0,0.0,0.0,0.0,0.0,0.0,0.0,0.0,0.0,1.3446870005607963,5.708468621684596,5.405305571401941,0.8055621496315983,0.6570190964993932,0.7730198016544622,0.8030618715690238,0.7609016020734803,0.7394622104615942,0.8333723802946065,0.8563129903967969,0.7181470362353375,0.0,1.0492246960712057,0.0,0.0,0.0,0.0,0.0,0.0,0.0,0.0,0.0,0.0,0.6316161378501928,6.700423054040781,4.793150374930848,0.5389854977943225,0.8614112184357222,0.9267503105315067,0.7944882551997859,0.8306811797397249,0.8051174777619563,0.7833522874044498,0.6318135713070157,1.0257931231413586,0.8314093442314303,0.5719320718626311,0.0,0.0,0.0,0.0,0.0,0.0,0.0,0.0,0.0,0.0,1.7732322249990526,6.302638460600641,4.076865899736933,1.19560957305429,0.664113563609794,0.6503027532588618,0.7878406664213966,0.6732424001670992,0.635774923045384,0.7722095848512327,1.0081911306054712,0.8644855629844136,0.49133208731973554,0.0,0.0,0.0,0.0,0.0,0.0,0.0,0.0,0.0,0.0,0.0,0.9386620656364071,6.857995618918679,4.418995748300681,0.9472280348202129,0.9701763423539458,0.5834775445957907,0.7564859135593764,0.7870440406995045,0.7715156607296129,0.8324835008629201,0.8651927991090761,0.8292732299070195,0.9993682581162063,1.084605651284529,0.0,0.0,0.0,0.0,0.0,0.0,0.0,0.0,0.0,0.0,1.5684942498649583,6.251014842177465,4.693037171251065,0.766346776212151,0.7901152188560565,0.8635503455274258,0.8541225715025835
5.880546904306994,0.8115952068870502,0.7422902286146815,0.7961271190411457,0.6153647011335537,0.8248457184261843,0.0,0.0,0.0,0.0,0.0,0.0,0.0,0.0,0.0,0.0,0.0,1.5251088253937866,6.730918304301419,4.482497899520425,0.9243987171495234,0.7065882201181526,0.5185561324890087,0.8849151062265959,0.7574559061436882,0.7292660644087983,0.7789791183238725,0.6539474974957346,0.8291664799796183,0.36095093044052007,0.0,0.0,0.0,0.0,0.0,0.0,0.0,0.0,0.0,0.0,0.0,1.070519738929823,6.637673350324277,5.0926849721038385,0.7044967947713453,0.7245166874361086,0.7552530162087919,0.5936619707706936,0.9349218792755016,0.8148614661834813,0.7155718958475076,0.847353561627214,0.6831437069452737,0.12636237315202842,0.0,0.6327241849134275,0.0,0.0,0.0,0.0,0.0,0.0,0.0,0.0,0.0,0.9016725520044331,6.438696901461937,4.826721759272373,0.729654557179924,0.7567299144895037,0.8224561815088347,0.7367842154068112,0.7277399938314036,0.7362318406967756,0.9404318999112253,0.7407139893146353,0.8911074030605655,0.8127499553118276,0.7932415256686589,0.45290633425174676,0.0,0.0,0.0,0.0,0.0,0.0,0.0,0.0,0.0,1.7678898033106782,6.730918304301419,3.9516551100628776,0.7996656898975303,0.6263570819141713,0.8888339409178381,0.8259672790875632,0.7607574292267708,0.8147106650233306,0.5495008161350313,0.9928290505054211,0.766760137892166,0.9514609932846902,1.0206751820777349,0.0,0.0,0.0,0.0,0.0,0.0,0.0,0.0,0.0,0.0,1.759591388372869,6.269115467476675,4.748543159718352,0.7191715022465353,0.7691490677118954,0.7434450647884588,0.8162337329460237,0.78701513619548,0.8364893261269816,0.6933822178037574,0.6570771399755192,1.1089589394083796,1.0060228165999074,0.886052112999069,0.0,0.0,0.0,0.0,0.0,0.0,0.0,0.0,0.0,0.0,1.600785391017466,5.93913501392501,5.09791874263735,0.5835088892856408,0.7794938867448835,0.8171886391239035,0.8932321747862365,0.7768540251782797,0.7861375006412363,0.6463562114106165,0.6575930982376228,0.9376303429893276,1.035156536941816,1.015906263658433,0.0,0.0,0.0,0.0,0.0,0.0,0.0,0.0,0.0,0.0,1.546929057991176,6.269848035995892,4.621603434422074,0.9187979472398498,0.832333277801334,0.7391333731048864,0.658419495636086
5.956589090089703,0.8231390361942977,0.776623623377426,0.8101545278296776,0.5575175271144378,0.6631221457839049,0.0,0.0,0.0,0.0,0.0,0.0,0.0,0.0,0.0,0.0,0.0,1.3931632551235538,6.757186058039955,4.67080137915155,0.7116225164369077,0.8265607193401383,0.6721538116722945,0.917250549677568,0.7802554381523273,0.6895701425756585,1.092334308705936,0.604418003656693,0.8299083857140825,0.020281399833491545,0.0,0.0,0.0,0.0,0.0,0.0,0.0,0.0,0.0,0.0,0.0,0.8130990776323319,6.878229300466461,4.674042682205312,0.8265892341445105,0.8753190471656064,0.772047826124606,0.6541306688478199,0.8970116083958892,0.6431203611352259,0.6548270142770134,0.8063370370236733,0.8791546450414882,0.0,1.4813531241953615,0.2556422063193608,0.0,0.0,0.0,0.0,0.0,0.0,0.0,0.0,0.0,1.0459341354661056,6.878229300466461,4.419705677009091,0.7424422239133246,1.0388636215084575,0.7395151353918683,0.8907238497094818,0.5676059073921509,0.8683310688260516,0.6448338039869153,0.8257304550998499,0.8617309316576661,0.0,1.502412900147211,0.0,0.0,0.0,0.0,0.0,0.0,0.0,0.0,0.0,0.0,1.43924800222401,6.636475609434113,4.7830957050143645,0.7042116010816031,0.7764214642119264,0.7342664183079071,0.6312559251704914,0.8717705269482908,0.9172123783832651,0.7041822502096989,0.6562238351812375,0.5885630814897833,1.05879767653751,1.173202886989081,0.0,0.0,0.0,0.0,0.0,0.0,0.0,0.0,0.0,0.0,1.6367210571058168,6.769518705639161,4.334725148865319,0.8537625376920911,0.8031225307714215,0.6972128749402453,0.8604759174644375,0.7395988623230602,0.7798881872822365,0.7287442943543865,0.9130172945346101,0.8626833858781338,0.9489082815586604,0.8185755752625052,0.0,0.0,0.0,0.0,0.0,0.0,0.0,0.0,0.0,0.0,1.2429569783046386,5.970285953108154,5.48968198826435,0.6514253283555851,0.714390246799992,0.6328958203807418,0.7622122898208767,0.8136919150109665,0.9441431880600882,0.7728756366541792,0.750134415183027,0.999861227198226,0.8228932406485786,0.0,0.0,0.0,0.0,0.0,0.0,0.0,0.0,0.0,0.0,0.0,1.124916629667101,6.569515340173703,4.838598740659478,0.7114729205956569,0.900452488447666,0.8710295675619304,0.8938227482905645
6.013515577048068,0.7872094535589849,0.45293600177034915,0.9312474711910249,0.6573658786966659,0.17236273964478754,0.0,0.0,0.0,0.0,0.0,0.0,0.0,0.0,0.0,0.0,0.0,0.5996700231319172,6.278194954333377,5.588582533886864,0.7706447855875428,0.7040704594494758,0.7062586584404086,0.7674287170009179,1.0038600330661993,0.7628653959294213,0.8929981034695622,0.6207862069239221,0.7268063638357142,0.0,0.0,0.0,0.0,0.0,0.0,0.0,0.0,0.0,0.0,0.0,0.0,1.1170841823273219,5.176569203989939,6.226546821552673,0.7579285707347873,0.8456974093540364,0.7327874664199127,0.974480036684938,0.8450603533834251,0.8601253129194446,0.813528971282018,0.6921961710394113,1.0722870960328343,0.7384799063767233,0.03286417578614087,0.3769552665914304,0.0,0.0,0.0,0.0,0.0,0.0,0.0,0.0,0.0,1.5277146196276268,6.557958006102329,4.842584435847203,0.8914894744520258,0.7943874297014509,0.865708753998929,0.5216435979731278,1.007214517345753,0.6624116634263979,0.8808464566630134,0.7770820089912553,0.7077620696880546,0.7276233628508932,0.18687219833704471,0.4007624862907555,0.0,0.0,0.0,0.0,0.0,0.0,0.0,0.0,0.0,1.0010726870855977,6.647619016628886,5.028999187540703,0.7972741379092071,0.6461263762391218,1.011762682069172,0.6678382790488621,0.9614986184424198,0.9996311601145601,0.7873551562409664,0.6687258593008707,0.9274146105775609,0.672198397445954,1.1194297338878774,0.0,0.0,0.0,0.0,0.0,0.0,0.0,0.0,0.0,0.0,1.785419244931754,6.791238618494537,4.524491364325695,0.8442688982917823,0.7776271965488322,0.6600702410069496,1.065484276073299,0.8489021142454493,0.6704415332732044,0.9304332665812551,0.7507105230372397,0.7861627865507756,0.5954738173311731,0.0,0.0,0.0,0.0,0.0,0.0,0.0,0.0,0.0,0.0,0.0,1.4115614236688434,5.529543318399866,5.711124519411214,0.7501450328650674,0.6976464996601451,0.7569014224168156,0.8122568722659702,0.6683896471438944,0.7543331690072504,0.748902191724034,0.8127138178648897,0.7132058094851157,0.8015669475031334,0.9358272227174833,0.0,0.0,0.0,0.0,0.0,0.0,0.0,0.0,0.0,0.0,1.7511465548796004,6.515095336351776,4.581669387585289,0.6443623531327544,0.8706270987656373,0.8764387264306205,0.9035850884113291
5.673861331356476,1.0949502107384177,0.6023688026999998,0.5344252848106463,0.7569966575222244,0.9084043723193581,0.0,0.0,0.0,0.0,0.0,0.0,0.0,0.0,0.0,0.0,0.0,1.6672742104602627,4.442565502153618,6.310653502204223,0.8731467213165794,0.7481037540405964,0.5658928834141504,0.918101449863245,0.5272116068264875,1.0214216584606606,0.6209534501561669,0.8966993389162777,0.8016567605956331,0.0,0.0,0.0,0.0,0.0,0.0,0.0,0.0,0.0,0.0,0.0,0.0,1.4061766436270298,5.9950916255481985,5.3001559577071005,1.00870237826306,0.809583850979942,0.7685047363765638,0.7118808978986952,0.6815912704112981,0.755903221279304,0.797468592451605,0.8780736259165297,0.8070560655518694,0.08049505443024874,0.05434990184575916,0.4739702596284925,0.0,0.0,0.0,0.0,0.0,0.0,0.0,0.0,0.0,1.5937763641876828,6.266882948423363,4.637907571914555,0.6990457052173138,0.6898040469388314,0.8163097809422178,0.8111095195689391,0.7161944951097038,0.7119720320413976,0.6951452228388779,0.7649197307164625,0.6960932039115085,0.7131803350911856,0.12195316477201068,0.38950513344836324,0.0,0.0,0.0,0.0,0.0,0.0,0.0,0.0,0.0,1.7417526164140344,6.43334476423941,4.627060131280642,0.7069213813720274,0.7559878426220635,0.8341132460214005,0.7778319353081856,0.6874158013892054,0.4456029939108745,0.7239321164676455,1.0632811397993385,0.6958471170361715,0.7799914780532882,1.1867627149921538,0.0,0.0,0.0,0.0,0.0,0.0,0.0,0.0,0.0,0.0,1.7656350424439178,6.173645856265997,4.615325944851359,0.8033781934526892,0.7323579176850751,0.670328279555503,0.7693990562926744,0.7784458354552908,0.6561995990463161,0.7196668524622474,0.6593287326731514,1.0011854056928478,0.8545885051701618,0.1027275484369558,0.0,0.0,0.0,0.0,0.0,0.0,0.0,0.0,0.0,0.0,1.5982244452588414,5.598444629075347,5.367175298981368,0.8832886327418832,0.6868155367197412,0.5738606900023887,0.7677237305938319,0.9322599031570047,0.7685379646790325,0.8216306106354888,0.6922845605757658,0.9115707752647549,0.6792474169512644,0.6583918049603508,0.0,0.0,0.0,0.0,0.0,0.0,0.0,0.0,0.0,0.0,1.7619617172492195,6.426789705834546,4.3274108499108985,0.865668651441998,0.520852531465198,0.9351787186389364,0.6862998420129864
6.002167459631968,0.8081443041861838,0.7636287607492167,0.7073455877882706,0.725363553356057,0.9473078654918484,0.0,0.0,0.0,0.0,0.0,0.0,0.0,0.0,0.0,0.0,0.0,1.2533243792965894,5.565495223675452,5.6617510790830305,0.724315419601534,0.9342331090739129,0.8714656371176797,0.8685632871605998,0.8243200278702663,0.6168135431855639,0.9341988998471059,0.8058398045998564,0.8144648756033968,0.9570015096951758,0.0,0.0,0.0,0.0,0.0,0.0,0.0,0.0,0.0,0.0,0.0,1.3117458283374503,6.454950218481138,5.010309029378956,0.8865660193992654,0.6927793571815588,0.9889795879248711,0.727729966215924,0.8585719008625539,0.7832755717867724,0.4982012943666021,0.7896857442974861,0.7355781642791528,0.813598610224374,0.0,0.7574333863604199,0.0,0.0,0.0,0.0,0.0,0.0,0.0,0.0,0.0,1.699291551091781,6.209118701969181,4.87837555945028,0.7691304684480138,0.838971170851015,0.8264325845583205,0.7813199470078803,0.6957270368699883,0.6892167759751955,0.7390498875658945,0.6542558798676997,0.6259622381215285,0.11539908663754161,0.0,0.43842017639559927,0.0,0.0,0.0,0.0,0.0,0.0,0.0,0.0,0.0,1.726527451474935,6.497743419981326,4.756630184425491,0.7446567847253001,0.8721287707743695,0.7879664807969037,0.8277840571635143,0.8483829596196505,0.7173852455261063,0.5266398378945338,0.9185146215438722,0.6681543627430719,0.7963211731687856,0.8001969933443113,0.0,0.0,0.0,0.0,0.0,0.0,0.0,0.0,0.0,0.0,2.0456884082797835,6.622144228554593,4.489749505853528,0.802481850542488,0.8177826282959317,0.8480715848259321,0.8722507407024267,0.7786430316538921,0.6927307058333763,0.848438113389874,0.6980937525172828,0.7356504334085887,0.7912834159182194,0.7481686444786658,0.0,0.0,0.0,0.0,0.0,0.0,0.0,0.0,0.0,0.0,1.4608377014746825,6.693845911629603,4.8790812768460885,0.6246792302763432,1.107696041426876,0.5253574019265115,0.7637337877792727,0.9196491236613051,0.4882030017695309,0.8755015515127081,0.7383683920855877,0.8732357096168509,0.8394371415518097,0.42561141678191383,0.0,0.0,0.0,0.0,0.0,0.0,0.0,0.0,0.0,0.0,1.858331225361981,6.595835636582135,4.347272225493717,0.8743699587695013,0.988269533096584,0.7756633520522136,0.703726453270413
6.0482058527543465,0.909214860910444,0.8003732873944479,0.6193844880086038,0.8523595374242624,0.9176189503132565,0.7842908093739762,0.0,0.0,0.0,0.0,0.0,0.0,0.0,0.0,0.0,0.0,1.290778008541,5.632518648253546,5.928021995001795,1.0350342340476257,0.7511034167080477,0.6933935672544582,0.5565891316355102,0.8537071734646263,0.7695347457131594,0.9033183676545109,0.6581996335358832,0.9083109758039639,0.7037076223898834,0.0,0.0,0.0,0.0,0.0,0.0,0.0,0.0,0.0,0.0,0.0,1.4096531134595656,6.669297258916606,4.901651372130504,0.952962460333709,0.567154532897405,0.8438104016755281,1.026052853506171,0.7321530831090794,0.8098793978544606,0.8923598388647884,0.5793932309533313,0.9085436679639741,0.0,0.0,0.6605966071722628,0.0,0.0,0.0,0.0,0.0,0.0,0.0,0.0,0.0,1.744033706802956,6.901933575709004,4.589072280548044,0.7986711708917347,0.9130943912005586,0.8675507953063435,0.8654154470402533,0.8616298018954308,0.8550299255798648,0.9448370364084959,0.9212607854508892,0.8007102145071009,0.6612350854724321,1.2591383749991822,0.664406055111538,0.04675867115165211,0.0,0.0,0.0,0.0,0.0,0.0,0.0,0.0,1.6083279477606507,6.702052782057359,4.847855053108113,0.6734350862397533,0.9328605388069318,0.6245154922523238,0.875629288682136,0.6149538547130018,0.9724776316684568,0.9468860301887393,0.5762571869564546,0.8403980996502487,1.1038250569768358,0.9609876466038346,0.0,0.0,0.0,0.0,0.0,0.0,0.0,0.0,0.0,0.0,2.17303697067355,6.7045556052828,4.286435205891083,0.8695438604154847,0.7671005146375293,0.6011066527821577,1.0375213053798167,0.7277441246301976,0.6387185054664857,0.6423831703851066,0.9140487599954249,0.8991074989299866,0.2103922374863667,0.0,0.0,0.0,0.0,0.0,0.0,0.0,0.0,0.0,0.0,0.0,1.0784464391768673,6.013329412421829,5.8149270969183995,0.7728508017824187,0.8916965187982673,0.5453107674376999,1.0280337965598403,0.6390398846654707,0.8087362454854148,0.9308178250626006,0.922501435620957,0.7382417862438696,0.9686808549027549,0.9758417459058392,0.0,0.0,0.0,0.0,0.0,0.0,0.0,0.0,0.0,0.0,1.912330579781452,6.796968044600005,4.499222504866683,0.8922489380400278,0.7730290179097913,0.7172813384010402,0.912397395890862
6.119708668196603,0.8321484312876061,0.6882366649856376,0.8483543923876389,0.48195559456077885,0.9826629311348469,0.0,0.0,0.0,0.0,0.0,0.0,0.0,0.0,0.0,0.0,0.0,1.716130291428844,6.283118303060107,4.931896245863592,0.8575675162312341,0.8014004849124635,0.8248638750411706,0.6349304584605697,0.677034092976807,0.7259122513152196,0.7406041167333376,0.699611183752991,0.7840246365490237,0.7007108967710747,0.0,0.0,0.0,0.0,0.0,0.0,0.0,0.0,0.0,0.0,0.0,1.4591960951542742,5.1109069313963795,6.34420799378126,0.8609382351871764,0.6028427972965712,0.7588683369094763,0.9707637169693561,0.618379024410832,0.8163693171464171,0.8212919944070346,0.63259211014785,0.7375429018339212,0.003690772893716332,0.4501270894236553,0.8077525425754551,0.0,0.0,0.0,0.0,0.0,0.0,0.0,0.0,0.0,1.3744724648345121,5.602443020276135,6.157491296549232,0.7563365223453011,0.7241303322509572,0.6313058675868005,0.6613389839235669,0.7462718954982471,0.7929461155343793,0.7236580170775546,0.5002253368313738,0.7496765247320472,0.9824012152948693,0.10292354896596835,0.4658889445140595,0.0,0.0,0.0,0.0,0.0,0.0,0.0,0.0,0.0,1.7359503994374332,6.3712817503263,5.085029709378536,1.0093878341824216,0.8355338401941704,0.672634183552992,0.6225887523153799,0.8544412717114491,0.6231127238015228,0.9249263908873088,0.8364507528990854,0.7113510466130445,0.5826933272262562,0.9044452225443695,0.0,0.0,0.0,0.0,0.0,0.0,0.0,0.0,0.0,0.0,2.1141643758666406,6.296367922096766,4.903166343925903,0.6535282328439935,0.865890334625961,0.5191448629577163,0.9931439848775468,0.7189265386645309,0.7249125768658209,0.8816966195917384,0.6175161194873648,0.8010335796787549,0.8862432473453213,0.9493203458457714,0.0,0.0,0.0,0.0,0.0,0.0,0.0,0.0,0.0,0.0,1.5557262130276204,5.535302065012241,6.1091332794130855,0.6818889144988496,0.9857218320844502,0.8767192327220884,0.8304061627499484,0.7644092975917225,0.5887346600636072,0.7824004430457191,0.7499760560718173,0.7233674269948459,1.065018899145607,0.882858158409578,0.0,0.0,0.0,0.0,0.0,0.0,0.0,0.0,0.0,0.0,1.7358255095376103,5.846987232089776,5.573289798386184,1.0569140235857748,0.7970653265522781,0.8369905598632298,0.6866590699272337
5.878459210678025,0.9114007894870898,0.622980795269965,0.693911126490458,0.6407483587489097,0.7514722452039277,0.0,0.0,0.0,0.0,0.0,0.0,0.0,0.0,0.0,0.0,0.0,1.9092762374077514,5.913683488245945,5.226801235093881,0.6814114772977699,0.49478017510568534,0.7812935976585558,0.6899477987339371,0.6894250572950603,0.583066300212921,0.8580004318316942,0.75366100857278,0.5760891527104968,0.0,0.0,0.0,0.0,0.0,0.0,0.0,0.0,0.0,0.0,0.0,0.0,1.6100281663569473,5.095042744058805,5.887064711208111,0.9621003321194084,0.6665412815993558,0.7036480928710951,0.39857186491089724,0.7010558328814689,0.7936027480272856,0.48066600353922384,0.7760051913838864,0.6547486498110571,0.5721734309786117,0.5036018995978898,0.9432575893228712,0.0,0.0,0.0,0.0,0.0,0.0,0.0,0.0,0.0,1.5443060520519936,5.79179954637724,5.502876727117097,0.5799973463232341,0.7385835804140188,0.7798268611557259,0.7489971017595416,0.5347705716222405,0.7875841941915948,0.38204364392726264,0.7298224322847373,0.7434046266442765,0.772736414996834,0.0,0.4714731258953595,0.1672700842888896,0.0,0.0,0.0,0.0,0.0,0.0,0.0,0.0,1.828711986686774,5.885966855138371,5.0850572341729885,0.7457451775487144,0.7778342577229658,0.8154312829091654,0.5735291821314774,0.5498278289929702,0.8506440932920663,0.8498026569774623,0.6271086875732993,0.720094905281722,0.2616184023789766,1.1919633036827326,0.0,0.0,0.0,0.0,0.0,0.0,0.0,0.0,0.0,0.0,2.201683494363327,6.022477680788297,4.59855751027665,0.6984417340337926,0.8406520252765202,0.5019298312293285,0.7894986529200714,0.5216127253621134,0.6613797832740153,0.613921332708533,0.7574917086484176,0.707270041124529,0.6846468781324508,0.7934977303207251,0.0,0.0,0.0,0.0,0.0,0.0,0.0,0.0,0.0,0.0,1.7716927830471594,5.256558694124054,5.906799607464887,0.8276112826983617,0.7647347319943326,0.6848061601492954,0.6068554911073383,0.7354727809896959,0.7493770985849244,0.7491156397633201,0.5968469414853774,1.0189760737444196,0.9975691402434235,0.7276237581363727,0.0,0.0,0.0,0.0,0.0,0.0,0.0,0.0,0.0,0.0,2.1040981531136307,5.471279227321488,5.399209900071542,0.8053494410522425,0.7052498252624664,0.509601122746294,0.5663730763416279
6.023338876041711,0.8292355046323617,0.7333648713774173,0.45035801111800866,0.6995687472949121,0.6827060045543761,0.0,0.0,0.0,0.0,0.0,0.0,0.0,0.0,0.0,0.0,0.0,1.686872038612966,6.003123463015315,5.2841756509051905,0.7102745380318102,0.8659390285729037,0.6947457015636482,0.7017077579366626,0.8035666544266975,0.5959076883601487,0.6309135323147517,0.7705143580420948,0.5347294802849016,0.963137659046352,0.0,0.0,0.0,0.0,0.0,0.0,0.0,0.0,0.0,0.0,0.0,1.3365862934359645,4.434844857971629,5.466380736266619,2.0816167740893707,0.7958104240915254,0.726540917602929,0.678879758243796,0.6568318134258174,0.6050167781406414,0.8316458082563969,0.7687823800788235,0.8223001107777537,0.6755052551987009,0.9711991988779579,0.5582954182061837,0.0,0.0,0.0,0.0,0.0,0.0,0.0,0.0,0.0,1.2898098045680388,6.034607464845443,5.6670669015483295,0.6523436991548809,0.6582669078663014,0.7999350421552541,0.7719459654781383,0.6723583097376991,0.7671630752278261,0.6544438519475592,0.714752018096832,0.8034875923381226,0.6150478736501043,0.0,0.5270702578599327,0.026837848646481532,0.0,0.0,0.0,0.0,0.0,0.0,0.0,0.0,1.8308749218283964,5.42024147979299,5.63052045143034,0.8705563176931297,0.575259938951919,0.646627801980972,0.7482825874756762,0.8179935047802249,0.831014508561014,0.8008216338569796,0.7686959790408006,0.6811644305975496,0.7781655678614356,0.19197729978740163,0.0,0.0,0.0,0.0,0.0,0.0,0.0,0.0,0.0,0.0,1.9876724311606377,5.925529895852228,5.026080546867455,0.725052141265208,0.6040266667618611,0.8316574020516225,0.6352929198752832,0.8303985145388034,0.759691346213287,0.8280810410941222,0.7159834046106333,0.6619866865144309,0.8849045256066763,0.9371036186087324,0.0,0.0,0.0,0.0,0.0,0.0,0.0,0.0,0.0,0.0,1.629610945286997,5.600904348930114,5.6083798325550385,0.9000840916784304,0.5372471211562292,0.6846556047189106,0.6194928546905465,0.6059883486188019,0.8349239595453051,0.6223938741335958,0.6557955427963079,1.0079679502530605,0.7787995238815166,0.3954006037045375,0.0,0.0,0.0,0.0,0.0,0.0,0.0,0.0,0.0,0.0,1.8586282789438826,5.998892723802392,5.348802805992231,0.7632579880729886,0.8111787348193187,0.6215370490142034,0.6243691656056783
6.177242415799895,0.6168568800988482,0.7405122063464457,0.7992922371886995,0.6559927164909164,0.7518651577663821,0.3141364562945855,0.0,0.0,0.0,0.0,0.0,0.0,0.0,0.0,0.0,0.0,1.8570401001123016,5.759719141440671,5.579219402946518,0.7860792725175456,0.6130552524189852,0.7427083412670711,0.9998607366826888,0.7876847836615503,0.7668117707848271,0.6792369058322147,0.7778865903542952,0.7182701989811668,0.3156044875838684,0.5040672412997829,0.0,0.0,0.0,0.0,0.0,0.0,0.0,0.0,0.0,0.0,1.10616570143591,5.4510241293180535,6.124020185922352,1.2171005390743412,0.5076951130228048,0.8288514843622588,0.7036466872798465,0.8013711744482304,0.691833037969967,0.9251095126070469,0.6545715863539472,0.6727574775594238,0.5463531078960289,1.0665730046450463,0.9153302561455678,0.0,0.0,0.0,0.0,0.0,0.0,0.0,0.0,0.0,1.3484109615778,6.191740403943614,5.739595736686312,0.7924131687642194,0.806796586551395,0.7230139331172692,0.8990144087832285,0.6621409395006538,0.7388596924669801,0.7176341617002477,0.5512880177447874,0.7939576564220425,0.6571779497028472,0.0,0.476797799558625,0.0,0.0,0.0,0.0,0.0,0.0,0.0,0.0,0.0,1.4134220089746936,6.367266097879112,5.28278578850541,0.6693107711455085,0.9167119755392017,0.6913159207916707,0.5675382151124463,0.897629046458088,0.8015662216295111,0.7428791526667872,0.7776825031448811,0.5037638822600055,0.3456474363430406,1.2558104683242726,0.0,0.0,0.0,0.0,0.0,0.0,0.0,0.0,0.0,0.0,1.7690681973032334,5.837860098902337,5.5109049603191576,0.8755927545154275,0.4406685772011819,1.0938944129016404,0.7787443809482558,0.83101539677097,0.8318371990383481,0.7795976220838857,0.7628481877136647,0.7137826278514224,0.9446555373582166,0.7478785335658777,0.0,0.0,0.0,0.0,0.0,0.0,0.0,0.0,0.0,0.0,1.5179935619640474,5.869195808652283,5.828134724012966,0.7592583892218363,0.8874046458261009,0.6181490030251049,0.9736371898648689,0.7512866175718381,0.6278159532495412,0.6692367711783956,0.6866356538334021,0.8833820772488241,0.7966753833813811,0.0,0.0,0.0,0.0,0.0,0.0,0.0,0.0,0.0,0.0,0.0,1.791144652145304,6.345241351077339,5.291338947178942,0.7730013938834727,0.6862813271605297,0.5949923316122792,0.5212784666873781
5.890523776972804,1.0427231747326096,0.660248717084165,0.8690412524399972,0.8046503029150417,0.6966976845172311,0.7017087771934372,0.0,0.0,0.0,0.0,0.0,0.0,0.0,0.0,0.0,0.0,1.6140621873272105,5.693821194724631,5.7434480771921885,1.1414626815481446,0.5589145753429372,0.7735419429773697,0.7111565678538303,0.7689008780420205,0.6480434125232308,0.6035955457021304,0.7175546658200257,0.5159169595350642,0.9232120959937089,0.9323080783003967,0.0,0.0,0.0,0.0,0.0,0.0,0.0,0.0,0.0,0.0,1.4827502955883785,4.371424766280659,5.918437424244108,2.2468170428041407,0.6307846159968902,0.5783326055862321,0.5343229557103115,0.7445782060341839,0.8523673852919227,0.7479630232075275,0.6112518011984119,0.7406019705405561,0.21560506660033063,0.4319373878868275,0.7339525207148498,0.0,0.0,0.0,0.0,0.0,0.0,0.0,0.0,0.0,1.7549729831647722,5.6134348711025925,5.946595715217451,0.964692549831601,0.6457963966011729,0.8870825836895939,0.6740073953226691,0.5983255942826673,0.7319327279669043,0.7306093268834472,0.6467017478192512,0.729143015621262,0.7257646659030865,0.0,0.4530574305402659,0.0,0.0,0.0,0.0,0.0,0.0,0.0,0.0,0.0,1.9009970300445111,6.010966765096727,5.637395899356589,0.8125054794773352,0.7519567486315462,0.5014965097879762,0.7853629599601663,0.6849237841827277,0.6897731571802358,0.6006982559439163,0.901391847078415,0.8387005737806165,0.636799498607639,0.9466856185240621,0.0,0.0,0.0,0.0,0.0,0.0,0.0,0.0,0.0,0.0,2.232264405525968,5.927231426115474,5.4029981141550465,0.7812623101009272,0.5741957782833544,0.6026188178822265,0.7653011145666037,0.6849448357006735,0.6147299542059099,0.8017710611190367,0.618881435352919,0.7424822182130104,0.8303240942888435,0.0,0.0,0.0,0.0,0.0,0.0,0.0,0.0,0.0,0.0,0.0,1.7927595957130968,5.922797124507375,5.9361336338125,0.39552395281168734,0.7558911716550591,0.7168920085304707,0.8149620223964286,0.5455571363207582,0.8801560855345302,0.620666779644096,0.7737979765776473,0.9605688627894892,0.8705674092086628,0.01278902330584649,0.0,0.0,0.0,0.0,0.0,0.0,0.0,0.0,0.0,0.0,1.9135571005244927,6.010966765096727,5.467314450070103,0.7482685554479025,0.6797533237230947,0.6225755255101634,0.7094607273000997
5.909834513308611,0.7171081949274167,0.6728188488869732,0.5529397805336794,0.8896167368141396,0.6875779089412438,0.0,0.0,0.0,0.0,0.0,0.0,0.0,0.0,0.0,0.0,0.0,1.8326241130362604,6.060253943217336,5.087185147701478,0.6943870683994763,0.8046825971296699,0.7763727186617575,0.7850030783104841,0.7733156998231241,0.8558091547637922,0.5563764977759074,0.7854573095048443,0.770980594431038,0.0,0.5233248644329862,0.0,0.0,0.0,0.0,0.0,0.0,0.0,0.0,0.0,0.0,1.5969555964301758,5.954633630680427,5.248680907148513,0.8081970711923833,0.8770247704804842,0.7332104826201244,0.7155930410651193,0.7160512882186659,0.7619757300921459,0.7480379269126662,0.7513990507198396,0.6118579523521379,0.9396109259262908,0.8613144854605401,0.6437205930659022,0.0,0.0,0.0,0.0,0.0,0.0,0.0,0.0,0.0,1.779789353482105,5.455435730187304,5.7476678056302575,0.5965789010495045,0.8266572924523956,0.6990960705075133,0.7445910934872327,0.6404122964303881,0.711964076968576,0.770416797156277,0.7163067667900429,0.7787042790822405,0.6260156485624475,0.0,0.24799570962642348,0.0,0.0,0.0,0.0,0.0,0.0,0.0,0.0,0.0,1.91463642651435,6.193107929026225,5.010463970623451,0.7614969586910733,1.0368982492633216,0.7314257859401201,0.7366139514429658,0.7681475404149222,0.793716750315842,0.7518471096321859,0.749151199426623,0.48338751089353804,0.0,1.6702922157658584,0.0,0.0,0.0,0.0,0.0,0.0,0.0,0.0,0.0,0.0,2.0560325226283718,6.451456874165556,4.386264309044921,0.8244536587297341,0.6223992235786336,0.577378148697388,0.8231248239234051,0.77648656145894,0.8087365122543055,0.7644158358275827,0.8525720794740677,0.6640159991549759,0.8162102864134162,1.0172347201133878,0.0,0.0,0.0,0.0,0.0,0.0,0.0,0.0,0.0,0.0,1.5180224876712676,6.369745495294309,5.1609480183707195,0.7899295173438051,0.8607541284582844,0.7156896303690267,0.792430130810604,0.7505340894938889,0.5952188944169058,0.7241343884854992,0.667556277498825,0.9431565257479044,0.6105385428356365,0.16005177495327866,0.0,0.0,0.0,0.0,0.0,0.0,0.0,0.0,0.0,0.0,1.8505595786374536,6.400462008104369,4.82618547782044,0.8019304169950914,0.6426292395503724,0.7568009254838867,0.7944419971157283
5.941987195180947,1.0045912926986746,0.629616159965238,0.730740930877251,0.7369959756425046,0.7563906862233714,0.0,0.0,0.0,0.0,0.0,0.0,0.0,0.0,0.0,0.0,0.0,1.963662158967195,4.478794125284956,6.019806390556611,1.289524386747836,0.76639730097937,0.6195455897812331,0.8101409255606329,0.6227697801644375,0.7484506645305584,0.7781356796724462,0.440976065205535,0.7503059914058297,0.0,0.6954790767308001,0.0,0.0,0.0,0.0,0.0,0.0,0.0,0.0,0.0,0.0,1.6010156162453428,5.52063842774594,5.955073517402352,0.6771234170647639,0.7384202450338656,0.7140389100520093,0.5765990035133504,0.845369112446915,0.7623103560095763,0.6801721337873697,0.4828032712412944,0.8488824213452738,0.4750785313356988,0.0,0.8805422415547444,0.0,0.0,0.0,0.0,0.0,0.0,0.0,0.0,0.0,1.8937720114497072,5.090286964010257,5.679750900159006,1.0384686641724552,0.8870538169612633,0.5678139211278342,0.7517474785667625,0.6127832623111263,0.9021964576412886,0.5047979843453139,0.7812528135704202,0.8294956560346767,0.5732492517812358,0.0,0.7466697712330819,0.0,0.0,0.0,0.0,0.0,0.0,0.0,0.0,0.0,1.9352756840522964,6.056199949338347,4.972512630129074,0.8709147351544027,0.7892230188277665,0.5150274892472061,0.7667190326530939,0.7688479511789471,0.7214689445231196,0.7213706394607426,0.7054603679455349,0.6988787777595843,0.0,1.240555467128796,0.0,0.0,0.0,0.0,0.0,0.0,0.0,0.0,0.0,0.0,2.2683189279783464,5.943934748848222,4.8949483512965335,0.5493792615235991,0.6948398407612375,0.5339053740487502,0.9995798716454758,0.3895968120337152,0.8866411331156278,0.6009207498862535,0.7585009330175844,0.7387855273933006,0.6152375869033277,0.784890992481678,0.0,0.0,0.0,0.0,0.0,0.0,0.0,0.0,0.0,0.0,1.7527369722550288,5.845684706157538,5.5077620648002945,0.7692566923559527,0.8671698196095962,0.7433257703537556,0.6649208936491396,0.5451378789365694,0.7368813646916818,0.7000275198820627,0.6667399550440001,0.6951987508934916,0.8365359246323824,0.32517912214430644,0.0,0.0,0.0,0.0,0.0,0.0,0.0,0.0,0.0,0.0,2.1178378668460436,5.4240386120490935,5.478569426144856,0.7554586967184831,0.7977488345278013,0.5802790187960736,0.7762436237256706
6.06487916596554,0.7616419190066709,0.7511902200243706,0.7950579611356869,0.7289229860024166,0.7468363705505392,0.9305126808195922,0.0,0.0,0.0,0.0,0.0,0.0,0.0,0.0,0.0,0.0,1.4116677814774616,4.5774593675031445,6.157298015294192,1.949495620577174,0.637787909597991,0.6691922827244949,0.6267608172049908,0.5324269266423143,0.6545690494259166,0.8432214326266392,0.6680643083609581,0.6918540557211783,1.0648094744068368,0.9169806281479436,0.0,0.0,0.0,0.0,0.0,0.0,0.0,0.0,0.0,0.0,1.3704177822127848,3.810291091246571,6.143404044980904,2.448378798204233,0.47973652702032055,0.9289571789214015,0.4277508430987086,0.8942364397032434,0.712841026085874,0.6569214326721199,0.6918711613668721,0.6235542332635506,0.14937635900549726,0.0,0.7955274502605725,0.0,0.0,0.0,0.0,0.0,0.0,0.0,0.0,0.0,1.6075677338528123,6.044108104943927,5.7332108905228365,0.7174635559760016,0.7726251106476624,0.8131698549885449,0.818594315781579,0.7195803872147509,0.8309151380582178,0.5709210045174605,0.8643996492705679,0.45527747645427447,0.8208080567002326,1.0599208435378304,0.46031649997399526,0.39703128381292885,0.0,0.0,0.0,0.0,0.0,0.0,0.0,0.0,2.0689582346958,6.283696132753447,4.852285288799669,0.8720308806825493,0.7545656841690745,0.733976995418924,0.8186872122866399,0.5814188158511205,0.8139256780544141,0.7314530441500504,0.6560005590977667,0.6895635891610337,0.7768520465602512,0.8468142106960795,0.0,0.0,0.0,0.0,0.0,0.0,0.0,0.0,0.0,0.0,2.0864380612133506,6.118941691375542,5.194443639825639,0.6621419217068455,0.6899086585510708,0.805476514524195,0.7682577209996787,0.7549340342192336,0.7309882702170754,0.6292471401432692,0.8981448921360397,0.667777654436836,0.5058351474540037,0.0,0.0,0.0,0.0,0.0,0.0,0.0,0.0,0.0,0.0,0.0,1.9284980604868078,6.110529198277201,5.269939692128805,0.7113517676431196,0.8392694118097698,0.8658123129579917,0.6957375203103339,0.5636066955676355,0.8482464907683043,0.7268724989421934,0.7492077371004974,0.8939134388556292,0.9166897581485304,0.0,0.0,0.0,0.0,0.0,0.0,0.0,0.0,0.0,0.0,0.0,2.0555574102120078,5.653691742117365,5.563319741002037,0.8733234583798495,0.7379287695425457,0.6799736490463479,0.656390592601316
6.247653455311495,0.6298456178478719,0.9373740399234738,0.8358792657899022,0.7494275645512217,0.7062499454598399,0.0,0.0,0.0,0.0,0.0,0.0,0.0,0.0,0.0,0.0,0.0,1.8374972572748678,5.9185433299525805,5.686727298668213,0.8629285032295144,0.7733535479837514,0.7335758931265319,0.5088844152460167,0.8826109635644362,0.8625466960523437,0.8809653357325297,0.755412308434663,0.7370315500678273,0.8781351700153867,0.21114534197103815,0.0,0.0,0.0,0.0,0.0,0.0,0.0,0.0,0.0,0.0,1.5829389718303792,4.018264184965018,5.982977769130722,2.399502504479922,0.6506572877785148,0.5738898758250774,0.9507320623476468,0.7050040080077281,0.7425103879480766,0.4652153371174128,0.7402589361712796,0.6208384244413744,0.7110032685601259,0.15807245389539495,0.9354478492815508,0.0,0.0,0.0,0.0,0.0,0.0,0.0,0.0,0.0,1.406562501900046,5.937755243597387,6.061661202968522,0.8973056181002413,0.7412777140346049,0.7454452090824439,0.7798074212105188,0.6314593390672162,0.7163486460460602,0.9111896314829907,0.6871649353356704,0.8196578352936081,0.896620149886277,0.7301489644350323,0.7455122429806208,0.23505234255956786,0.0,0.0,0.0,0.0,0.0,0.0,0.0,0.0,1.4964564771794293,6.247653455311495,5.888577857378529,0.6548457643736527,0.8035784591325221,0.6655988767746842,0.7211650579745909,0.9335701676630392,0.7441850424094005,0.8714716175482305,0.7877006051626048,0.8682146719029608,0.8051146586124014,0.8240805240474588,0.0,0.0,0.0,0.0,0.0,0.0,0.0,0.0,0.0,0.0,2.2299958440675303,6.245556852842997,5.231809593577111,0.7213802529133586,0.860392752156215,0.7528541621684022,0.5621236981260181,0.749250760716763,0.6393465960897328,0.7774041122561902,0.718680564299787,0.570674527880472,0.40480614730647596,0.4822983188543475,0.0,0.0,0.0,0.0,0.0,0.0,0.0,0.0,0.0,0.0,1.8406017262934036,6.206378964602584,5.191004967912965,1.0779294284575571,0.7636173809347949,0.8065504952437463,0.8305429840277752,0.6419182834375434,0.7247467219881947,0.7127197377439807,0.6566880870927003,0.8709716757412035,0.6518215971926575,0.11436302798692566,0.0,0.0,0.0,0.0,0.0,0.0,0.0,0.0,0.0,0.0,1.4317417811348712,5.629042946335517,5.938509194552391,1.243411572841919,0.806907303592916,0.548666818773369,0.5967386943592402
6.191177547837272,0.7975020153264513,0.7764192323835785,0.5253524902320272,0.9522591047016324,0.6210781609891691,0.1466066335664724,0.0,0.0,0.0,0.0,0.0,0.0,0.0,0.0,0.0,0.0,2.004435865674054,6.17368789324401,5.42074850264079,0.47193435643052956,0.8146607574040475,0.7655166515271291,0.8139329962969931,0.8743858061266867,0.8664008542429004,0.4714671923585224,0.8931207385299601,0.70297441067927,0.6722549759140003,0.17072614247703377,0.0,0.0,0.0,0.0,0.0,0.0,0.0,0.0,0.0,0.0,1.7777702298527416,5.052388832820544,6.157074476695385,0.8948026874180927,0.7109081195279521,0.8278052076492688,0.6947817811194057,0.6516249798678989,0.5585655303940614,0.7336358109926626,0.6922601697448337,1.005463042772245,0.7320819875806963,0.5534735652351896,0.8644268619578188,0.0,0.0,0.0,0.0,0.0,0.0,0.0,0.0,0.0,1.8138698366135737,6.027101042710056,5.497854988274706,0.7079765273183847,0.6443583019076095,0.6139876258014546,0.6346934961852471,0.6964053391515617,0.7266965824011109,0.8975379635230392,0.5808685705689869,0.7643238096563049,0.4777038115992629,0.34809088695143475,0.6565537850320133,0.3596033589805391,0.0,0.0,0.0,0.0,0.0,0.0,0.0,0.0,2.0763966677181287,5.781798432904733,5.397169083264397,0.8179818049654056,0.7185081340907333,0.6150486008822678,0.6104537236807205,0.7222414794244891,0.6425907121493926,0.8307980851359565,0.643768428201336,0.6860273175684142,0.7619849810605046,1.0557536453611138,0.0,0.0,0.0,0.0,0.0,0.0,0.0,0.0,0.0,0.0,1.9817623601153986,5.56638532324676,5.705661592295442,0.9547615028827828,0.7057147416148973,0.7463166551436567,0.891893891559277,0.7126520546358219,0.8366547638554508,0.5832738810174374,0.5584453096048776,0.8509256906717969,0.28679647917613443,0.5865127530396954,0.0,0.0,0.0,0.0,0.0,0.0,0.0,0.0,0.0,0.0,1.9285232659567484,6.074953346035803,5.405831681060558,0.634300701204116,0.8665305928177681,0.7699945898106935,0.7839456228097562,0.7194881818464758,0.5410928141005228,0.6375937691001179,0.7023596444615752,0.7840038136816627,0.7508423710429426,0.0,0.0,0.0,0.0,0.0,0.0,0.0,0.0,0.0,0.0,0.0,2.1748618463309217,5.727908333372041,5.486173654177112,0.8535953847623916,0.5834361916876798,0.4457807536174765,0.9133697352824572
6.151557408080985,1.0123598873406061,0.632317703787298,0.7339706112359365,0.7222025509266506,0.7010662416248529,0.0,0.0,0.0,0.0,0.0,0.0,0.0,0.0,0.0,0.0,0.0,1.9757688021795046,5.51223126838744,6.067021000893196,0.7832700336245099,0.6588055745506006,0.5910186549964952,0.7862651730179357,0.7924534417320219,0.46674134650037,0.767016010683634,0.7053302530590226,0.7158770861514718,0.8250439406718081,0.0,0.0,0.0,0.0,0.0,0.0,0.0,0.0,0.0,0.0,0.0,1.363269932207059,4.560088739385373,6.062962015986524,2.10738842218024,0.8307635349105648,0.6094359626213025,0.7999411605438544,0.5496797511102988,0.8803613198266371,0.7780165769968406,0.7651616900951048,0.6208264274027213,0.2638343934090616,0.7082088092823842,1.1636068607949426,0.0,0.0,0.0,0.0,0.0,0.0,0.0,0.0,0.0,1.7356726394207076,5.5335423381454785,5.764283191146232,1.0296113597712602,0.661880035067769,0.8290622262912399,0.5190709007491692,0.9207551529551957,0.7411779667613214,0.7523232227590754,0.7368860463716778,0.6429869709517609,0.7275198933776599,0.6215772283357637,0.898395540970992,0.15948084412972285,0.0,0.0,0.0,0.0,0.0,0.0,0.0,0.0,1.9141108820745072,5.46066547226386,5.989090013456694,1.022310814374039,0.7038341299691209,0.5746230280663955,0.8614382001933159,0.6875324624698974,0.5701317955231211,0.8625278540276177,0.8421071240067947,0.6998512258871347,0.8757683314770944,0.7858466346741797,0.0,0.0,0.0,0.0,0.0,0.0,0.0,0.0,0.0,0.0,2.3383353284341837,6.152891385563998,5.147049967074408,0.8676937072182986,0.6540004082993529,0.7091190938247113,0.772494591097839,0.6249461410690759,0.8163831194758678,0.5438540656575228,0.9776273505474972,0.7014595240453476,0.3766178790130986,0.2098511043985054,0.0,0.0,0.0,0.0,0.0,0.0,0.0,0.0,0.0,0.0,2.09909097210623,6.005163182724593,5.859343536473928,0.4758059012944774,0.7428499406038573,0.8693326717964659,0.5725313645224155,0.8291809787943443,0.7838688553538924,0.6234519170262144,0.8128148042228311,0.9534423059812772,0.9415757153160143,0.7164432308675872,0.0,0.0,0.0,0.0,0.0,0.0,0.0,0.0,0.0,0.0,2.0828423537217926,5.837261446832281,5.669606497185264,0.6425846163096376,0.8646956644880157,0.638277351686461,0.6162962630308253
6.136234568173417,0.9967312245886203,0.894480381531793,0.7972887159160411,0.6776935017430249,0.8186964195185875,0.0,0.0,0.0,0.0,0.0,0.0,0.0,0.0,0.0,0.0,0.0,1.6396748288489027,6.150006243574139,5.766276323028886,0.7858214454631842,0.7455913801694687,0.8820883113219417,0.490607887119213,0.705958653888058,0.8706478515964651,0.6529394276161689,0.7951077396175662,0.5129882865598245,0.7870734052116893,0.0,0.0,0.0,0.0,0.0,0.0,0.0,0.0,0.0,0.0,0.0,1.5975647597681861,6.041777556876015,5.820825352229342,0.7297460445279905,0.7058724033863415,0.6077566229490203,0.7490845472955592,0.7568701278300752,0.6866632274900449,0.7198685748656974,0.6097574280215567,0.7754041724061476,0.6841075468347876,0.43018741965686597,1.1349065215531855,0.0,0.0,0.0,0.0,0.0,0.0,0.0,0.0,0.0,2.107424627592147,6.164827782926718,5.196948173272062,0.8396156405423133,0.7349439897752286,0.6182062312058776,0.8073484954878656,0.6879532176390136,0.6839309670130458,0.6059488533858759,0.769821545746617,0.6767237905165225,0.7707160816713932,0.7417422136225138,0.5792276257757779,0.4385191522851688,0.0,0.0,0.0,0.0,0.0,0.0,0.0,0.0,2.042751840713537,6.305339139667874,5.091661104399917,0.7710643522281146,0.8099880772968973,0.6465026675540411,0.6489362114402627,0.7468502005577896,0.6485517478727285,0.9116894530669462,0.5701854171323352,0.8507999191749295,0.667021806803975,0.8324382841527871,0.0,0.0,0.0,0.0,0.0,0.0,0.0,0.0,0.0,0.0,2.350708329049652,6.0423170570636575,4.859304951459966,0.9479707117622876,0.7205960665182903,0.809241381554644,0.6808697851558002,0.6467060151683665,0.663832493039972,0.5253959467621098,0.945829628536316,0.6701140765757283,0.0,0.21063445363723687,0.0,0.0,0.0,0.0,0.0,0.0,0.0,0.0,0.0,0.0,1.8717565044524385,6.0540540213531475,5.707521325295041,0.6108393507053066,0.8760236557076887,0.6995299219994687,0.950972889664264,0.8287714568785566,0.6163268899970862,0.5334294433121423,0.9772317665144513,0.665231093345416,1.0804686196196716,0.8982377094219721,0.0,0.0,0.0,0.0,0.0,0.0,0.0,0.0,0.0,0.0,2.2274705532620773,5.583796384833285,5.46104336930011,0.7912231517246084,0.5180961410169869,0.8579589668269307,0.7681720354763187
5.885236046887933,1.1559424574822006,0.7426372496912238,0.6267371001828778,0.7349207834136452,0.7007575563337498,0.3261243480860774,0.0,0.0,0.0,0.0,0.0,0.0,0.0,0.0,0.0,0.0,1.7044113492218855,5.297040966763741,5.790702378684504,1.3298171906875986,0.6135377978867375,0.7091623193639661,0.6612279571628761,0.5617238400827721,0.6581487353305203,0.6900955246937461,0.6143780349916319,0.7315682411830857,0.0,0.7852847842431672,0.0,0.0,0.0,0.0,0.0,0.0,0.0,0.0,0.0,0.0,1.453310485297152,4.8292759044490925,5.718639724123775,2.0693994278321943,0.8305972006403781,0.8259723340153576,0.7160160953565151,0.6397467407664417,0.5443253728205927,0.6253259478181995,0.6892339157295906,0.7011658541346659,0.2645497266748582,0.0,0.9404790792717976,0.0,0.0,0.0,0.0,0.0,0.0,0.0,0.0,0.0,1.657148331921384,5.0790024474870465,5.647373808128559,1.8966813049071585,0.8571532558775252,0.6485413703549097,0.6592566354807929,0.6195927134544613,0.6113664790279012,0.9132100520529002,0.6250498659411666,0.6879048633035558,0.674986380632085,0.8892130451435836,0.8647765847175052,0.24147744661369508,0.0,0.0,0.0,0.0,0.0,0.0,0.0,0.0,2.1003975617585486,5.784473755743472,5.4436554038243,0.9673789372734941,0.5841812760955366,0.7508235674328508,0.49881687068412695,0.6774950852168959,0.518455576011284,0.7357603662676694,0.7478913173765044,0.5378926469689546,0.6976886763893874,0.5705364880881216,0.0,0.0,0.0,0.0,0.0,0.0,0.0,0.0,0.0,0.0,2.226542376708772,5.698617775250479,5.816038155698924,0.9019872790421213,0.8563518653796985,0.6436784901030964,0.5466829112443877,0.8580787096814674,0.6999914620220262,0.7141454442976362,0.8219924278764952,0.7050444027785754,0.6178714872462139,0.0,0.0,0.0,0.0,0.0,0.0,0.0,0.0,0.0,0.0,0.0,1.9539315948916318,5.921657262719144,5.739879200785861,0.7697135081806921,0.978187953239339,0.7407792434524755,0.7656291439609676,0.6913271658453976,0.5127117591545864,0.6311994982629687,0.7683879028638649,0.7754690412080952,0.8271455147334316,0.3238255016455386,0.0,0.0,0.0,0.0,0.0,0.0,0.0,0.0,0.0,0.0,1.9990367849589419,5.903873848098821,5.801064099442653,0.6094060137686688,0.6955698292799433,0.5061285689398929,0.7351730559872859
5.743240489098378,1.0788348821838216,0.9413761178785907,0.5943901700849687,0.8213980545261109,0.8912767681788671,0.0,0.0,0.0,0.0,0.0,0.0,0.0,0.0,0.0,0.0,0.0,1.7771904770665392,5.036378499179083,6.032455693160481,1.3611838247064736,0.8702383362120227,0.5234653888099391,0.7816935367657288,0.8676555551446943,0.726293202437218,0.8633474419189741,0.7537055460555898,0.6450895435479325,0.05667575545652781,0.4879148324538744,0.0,0.0,0.0,0.0,0.0,0.0,0.0,0.0,0.0,0.0,1.7421404676602539,5.648534383814468,5.933726685537011,0.8239160385266009,0.6473160206379909,0.6524917046494745,0.5994370659550693,0.8195484118647495,0.8005598524994751,0.726853020561298,0.5775330254117281,0.7138652822427953,0.5881763374803709,0.46005782350084595,1.100746507680069,0.0,0.0,0.0,0.0,0.0,0.0,0.0,0.0,0.0,1.9116600457431556,5.718711773744369,5.7613961311909705,0.6047035403606008,0.7021091296462227,0.7162867737249128,0.693510164491808,0.9734897630271814,0.5720790445155406,0.8435211229369994,0.6512529578218353,0.637918220590342,0.7089529935531375,0.17291611333977208,0.8024115148102098,0.18852356925604674,0.0,0.0,0.0,0.0,0.0,0.0,0.0,0.0,1.8186824450864494,5.565570919276686,6.035803624780132,0.9132163163585076,0.7746977961434812,0.7290557012132827,0.6878356340962181,0.7289327965432166,0.7075704298156557,0.5969527955571883,0.7377714968113315,0.7351188712892286,0.7630662045232532,0.4358146662638891,0.0,0.0,0.0,0.0,0.0,0.0,0.0,0.0,0.0,0.0,2.087014760190543,6.152238196551049,5.276075006532181,0.7577430341398661,0.6568873683693554,0.6452103265334194,0.7799110364082958,0.8132430139054908,0.8028720147689249,0.6366204806995204,0.88481494177886,0.44325296641713513,0.8197447117088477,0.1604625305146712,0.0,0.0,0.0,0.0,0.0,0.0,0.0,0.0,0.0,0.0,1.7710619473618596,5.661260813121858,5.9800534454369405,0.4775683055833453,0.9322562702999484,0.7148192073299013,0.8628224409031474,0.5517892112463696,0.7192917453434114,0.5636077440349827,0.6365791472442082,0.7953953961332292,0.5091636649535092,0.5940438555532426,0.0,0.0,0.0,0.0,0.0,0.0,0.0,0.0,0.0,0.0,1.6213770533454708,5.6021421128263,5.953336192406023,0.8982111934002278,0.6033014355281949,0.6506305915791485,0.7371987806232874
5.810642900212174,1.165272740667634,0.6397968889041639,0.606135920857828,0.6770383119545845,0.5200026110318738,0.44721762261686493,0.0,0.0,0.0,0.0,0.0,0.0,0.0,0.0,0.0,0.0,1.8746094010791534,5.162610666178438,5.810642900212174,1.403013501633569,0.7588408372359093,0.660880556350974,0.5567686606105764,0.6734189115537854,0.437750902202371,0.8474047904513736,0.5240309178303394,0.6493532480109587,0.17197106962676667,0.15928887428971272,0.0,0.0,0.0,0.0,0.0,0.0,0.0,0.0,0.0,0.0,1.7581233057663646,5.52960354891001,5.453676716646399,1.5257048067043282,0.669169059523411,0.7603561233884735,0.5797852418713295,0.7263301200849313,0.5724220452219839,0.7386042591383878,0.48232281591224535,0.6769304695940972,0.580397986082393,0.00625172062553628,1.0859022635520574,0.0,0.0,0.0,0.0,0.0,0.0,0.0,0.0,0.0,1.7178481859710846,5.510245470066031,5.46438959222527,1.26282423968565,0.8256669118117855,0.7547589907672043,0.782143541455192,0.5830166193577266,0.7552950134120966,0.6656152069155319,0.6144350668179582,0.5685511637811405,0.7171787908543469,0.14038974818047031,0.6707191748966395,0.0,0.0,0.0,0.0,0.0,0.0,0.0,0.0,0.0,1.641867217057843,5.75538750003796,5.755751964576119,1.0842928533149148,0.7451596330578574,0.6489619662110979,0.6469932106988866,0.7144060769563092,0.5772755879333216,0.8220864194332519,0.7028984491814708,0.6999969329124534,0.41758964473785043,1.126989019808244,0.0,0.0,0.0,0.0,0.0,0.0,0.0,0.0,0.0,0.0,2.225035976732496,5.7615646223875965,5.558352124713079,0.8690263844048317,0.5555160591415998,0.8471852458127556,0.4886508608858381,0.8409298584666834,0.6686604159710938,0.6304710478314979,0.8053251645217074,0.7508181754606099,0.3216590824500245,0.48564908384713235,0.0,0.0,0.0,0.0,0.0,0.0,0.0,0.0,0.0,0.0,2.025357689436005,5.2637800816284495,5.361040598097758,1.659441306210615,0.7877921159610956,0.6369874802745571,0.7015198671868866,0.6363592526652821,0.6792739478836703,0.6773404710482642,0.7380672836164373,0.6030749834917031,0.9076567062695091,0.7816408786620078,0.0,0.0,0.0,0.0,0.0,0.0,0.0,0.0,0.0,0.0,2.230693741746792,5.250286410870801,5.753058297538887,0.9567974125975954,0.7253247211184985,0.6140926635851442,0.6166083352101388
5.908769749156067,1.150036384843985,0.610877432787156,0.8215891688855806,0.6612133282253202,0.6221061285368581,0.15867098685326475,0.0,0.0,0.0,0.0,0.0,0.0,0.0,0.0,0.0,0.0,1.6854010171395442,5.102286159567736,5.92152683217562,1.2923055563975734,0.7997781404076456,0.6510635738809003,0.8866696789468764,0.6831412228653516,0.7779763386423805,0.6070419150664478,0.7496997585814003,0.6781349895946753,0.0,0.10574977125793339,0.0,0.0,0.0,0.0,0.0,0.0,0.0,0.0,0.0,0.0,1.6438390982400986,5.9851230229559995,5.8744715849811975,0.5021046868758628,0.7209877476260252,0.6054625760398542,0.9475592048364225,0.8088228943701812,0.6995451947543916,0.7624182806843921,0.7505295109523848,0.5046742409094547,0.0,1.468594774309346,0.7087698800946725,0.05170038710825772,0.0,0.0,0.0,0.0,0.0,0.0,0.0,0.0,1.6400252127668091,5.360918432092273,5.907858309187599,1.0782563000580039,0.6519628075892903,0.6738386373110626,0.7208729526262009,0.8285387345415257,0.8374425923976792,0.6676208046890655,0.7141348741760565,0.5429864122425193,0.6701894434940237,0.14091747979865588,0.9475797751023123,0.5011890687991567,0.0,0.0,0.0,0.0,0.0,0.0,0.0,0.0,1.5188011901116443,6.093539289191301,5.669281747640881,0.7486390874273344,0.692402494644592,0.5785143636770476,0.7347534429656227,0.696875002545083,0.6931747527811596,0.8332900349119029,0.6019589617295361,0.6460848138329253,0.0,0.7511995613807805,0.0,0.0,0.0,0.0,0.0,0.0,0.0,0.0,0.0,0.0,2.4158705528683786,5.472774571197278,5.515536188463669,0.7927601768543054,0.6433865186346457,0.9347928455200681,0.6219708742672144,0.7213997480140384,0.5441792269759795,0.6987622782121642,0.7204046311693916,0.8095450097697411,0.386086162268375,1.0965518946616495,0.0,0.0,0.0,0.0,0.0,0.0,0.0,0.0,0.0,0.0,1.8983925976517746,6.033071031800144,5.498196042153732,0.8337290280339308,0.822634121075141,0.704567961952497,0.7231091596959391,0.5834691774339357,0.8436583020452147,0.6629322512373026,0.565463483367408,0.9023711556629642,0.7953497577495805,0.0,0.0,0.0,0.0,0.0,0.0,0.0,0.0,0.0,0.0,0.0,1.9435141138348238,5.497070395768711,5.945543683660294,0.7458315258729227,0.5330038559409875,0.7080182612873526,0.7741559519626205
6.103926287930761,0.8384224117620762,0.6698548541977306,0.6287386940096084,0.6361874648542388,0.49917077847804864,0.002084720625161296,0.0,0.0,0.0,0.0,0.0,0.0,0.0,0.0,0.0,0.0,2.100408839717439,6.146600168734534,5.085085932029232,0.6981346569623913,0.8362598602640949,0.5985993703158832,0.493509224935553,0.9264159350338901,0.8227694397362925,0.5850433532851427,0.7459864598718804,0.6080936673995467,0.004846252493289516,0.7505392300926843,0.0,0.0,0.0,0.0,0.0,0.0,0.0,0.0,0.0,0.0,1.7370851144616193,6.238665185821568,5.58259100419644,0.7926586167437111,0.5085410975096329,0.6909583262160919,0.9075384915859961,0.5777865537218188,0.7688313044903736,0.736474048154478,0.7743482183632386,0.7950754844920681,0.6807816817630863,0.2224823090226808,1.0569879394567838,0.21702536480686857,0.0,0.0,0.0,0.0,0.0,0.0,0.0,0.0,1.9342372454330086,6.379874606338131,4.919179209344504,0.7919495731017873,0.5454745666960322,0.7524632732469946,0.7839210955354279,0.7313637178336223,0.6761832539227074,0.7502524025747037,0.7366768642997569,0.7034472511951193,0.46100968533167863,0.6001370871109328,0.9891315718009293,0.41116389891548516,0.0,0.0,0.0,0.0,0.0,0.0,0.0,0.0,1.8746433030960166,6.3651622901002405,5.341045148713494,0.6284765689974832,0.7807908885690515,0.6184494368042914,0.5697825442459037,0.7516090168526743,0.806027314466063,0.7013097540465408,0.8627450290930848,0.7687836009531307,0.7650825771388675,0.7933263091171139,0.0,0.0,0.0,0.0,0.0,0.0,0.0,0.0,0.0,0.0,2.526776316522417,6.481800871511211,4.601010327555607,0.903925200857385,0.6156243385505554,0.6997364020295466,0.8010166671247049,0.6163324483632067,0.4438866718328985,0.9619175082612242,0.7508850424098326,0.8502101024906837,0.8429686430700479,0.7311283189696757,0.0,0.0,0.0,0.0,0.0,0.0,0.0,0.0,0.0,0.0,1.8465346928912272,6.163301014201799,4.788587362327448,0.8671763791509584,0.7069746476057002,0.5953570441580798,0.7869262953533054,0.6994343043957321,0.6587284703144826,0.766591779728597,0.767017506446616,0.8130780089824509,0.554917071489732,0.7428364776387915,0.0,0.0,0.0,0.0,0.0,0.0,0.0,0.0,0.0,0.0,2.340500624526207,6.0652878678486175,4.800078676636438,0.956856305354003,0.7443348884727204,0.8190750790032093,0.6760219609081282
6.113942266135544,0.6528825124033611,0.8338573244780575,0.8195296136693472,0.48071661120467174,0.7031064178939963,0.0,0.0,0.0,0.0,0.0,0.0,0.0,0.0,0.0,0.0,0.0,1.916478491738172,4.923447000676417,6.031471622675418,1.171606364695937,0.7797205228577728,0.6643697155348324,0.5683672946211161,1.0331301112295876,0.6485156795986186,0.7070720928696375,0.7546176729296498,0.6462442726079367,0.3796419305518892,0.0,0.0,0.0,0.0,0.0,0.0,0.0,0.0,0.0,0.0,0.0,1.4215321702010997,5.820133241092,6.096151289910207,0.8236220775020948,0.7648869259588926,0.7751563176943407,0.7803142715231562,0.5857069511718281,0.8242874534460997,0.5443923696423197,0.5989883923372363,0.4757384169251959,0.8993974804994075,0.9120436873786621,0.6561791377991639,0.0,0.0,0.0,0.0,0.0,0.0,0.0,0.0,0.0,1.536028281253535,5.4403625855239826,5.736590486912167,1.3839355822926,0.6942014853500367,0.44943271218696546,0.9553864286845954,0.5164610477193758,0.8242409319158889,0.5772523087753648,0.7557173531805401,0.6889285513510853,0.6009989956586691,0.1378068671896239,0.9022086050654776,0.029597850395303382,0.0,0.0,0.0,0.0,0.0,0.0,0.0,0.0,1.6239401682715404,6.020082823372454,5.832741048528875,0.712049110827661,0.7190758637771271,0.6595930831359614,0.7927029271160957,0.6911591475272686,0.761688433737967,0.7762261151700908,0.6655477477354952,0.6153265773085091,0.0,1.2128079595253967,0.0,0.0,0.0,0.0,0.0,0.0,0.0,0.0,0.0,0.0,2.276443253132315,5.035930395185552,6.113942266135544,0.7229702597092759,0.7837461265721245,0.6023025038845242,0.6712346803863233,0.7055422099633901,0.7234492018134497,0.7673501184977628,0.7529818886762976,0.6605835883138943,0.3594193936138146,0.0,0.0,0.0,0.0,0.0,0.0,0.0,0.0,0.0,0.0,0.0,1.6164327512454388,5.933727761737775,5.668977717790294,0.8609656050240919,0.7497831542793758,0.711709264081041,0.7142565512155656,0.7210574523543398,0.7837576479144055,0.7295801272525466,0.5088668114450534,0.7635897658179168,0.029319291113229742,0.023278648390121066,0.0,0.0,0.0,0.0,0.0,0.0,0.0,0.0,0.0,0.0,1.8625102473994368,5.895376868496276,5.606094479054575,0.858848094394479,0.6865977825576998,0.8875717200042758,0.7162222143709667
5.9306526671884985,0.8259335818181397,0.6997749945234611,0.7484592656754482,0.622625246131773,0.6132551790206553,0.4502669582330796,0.0,0.0,0.0,0.0,0.0,0.0,0.0,0.0,0.0,0.0,1.7364864729696183,4.891963434844731,5.700372116177555,1.2709772497355283,0.9291399561808843,0.6722074070475292,0.7683192105134448,0.611982517901129,0.5582509374006045,0.8287714259412544,0.7751894448257369,0.7398884355436557,0.6597107956012782,0.0,0.0,0.0,0.0,0.0,0.0,0.0,0.0,0.0,0.0,0.0,1.3651463247131712,5.760818904188261,5.913916753838489,0.8110031109566699,0.8839008134847254,0.567607537254732,0.8719348551409181,0.5699147482962459,0.6860456528340471,0.7295854246151342,0.8035507754633695,0.5710869090387657,0.5958866012977416,0.9458316413372504,0.9060913302260497,0.0,0.0,0.0,0.0,0.0,0.0,0.0,0.0,0.0,1.5128523043916715,4.957627805185691,5.669266666343357,1.9073517997256357,0.4965956109098748,0.7954298090510604,0.504843465310435,0.7709174108462477,0.8068203923687384,0.6477881668186675,0.5556733087150606,0.6759726528068222,0.4315434706642354,1.0194272033175837,0.613400314612635,0.331041094710886,0.0,0.0,0.0,0.0,0.0,0.0,0.0,0.0,1.8852165014046842,5.6769048254337005,5.844463734853362,0.6699769622231957,0.6323474372998246,0.7637619048162048,0.6254043405647586,0.6470444226191092,0.6853414525174817,0.7246787326270372,0.6940425590541908,0.451670999255871,0.9452159923717335,0.6480028487274438,0.0,0.0,0.0,0.0,0.0,0.0,0.0,0.0,0.0,0.0,1.9091615092293868,5.232415431471159,5.773876249933542,0.9578200754300276,0.6983399941761509,0.7432966032114228,0.6237136939936895,0.6860430487222527,0.4944546617957504,0.6882235589815878,0.7725501494819067,0.651960623588952,0.4987341104656015,0.13373961938638246,0.0,0.0,0.0,0.0,0.0,0.0,0.0,0.0,0.0,0.0,1.8654465578405866,5.719480801021411,5.088207266726296,1.1914244486075132,0.7999986709940369,0.7406918124483439,0.6329934242520143,0.664281648112524,0.7579943717412372,0.7147035348334874,0.6543611354725208,0.871675470079331,0.6368175501919945,0.8913507814549463,0.0,0.0,0.0,0.0,0.0,0.0,0.0,0.0,0.0,0.0,2.0620272109321247,5.9972143375539035,5.461431405008839,0.6277201495073876,0.8086781687225534,0.6762373144767256,0.8048404780031974
6.0645877656858165,0.838909933175767,0.6481948630229323,0.6472911046155894,0.8535342072766652,0.3647564781193252,0.7536067580637602,0.0,0.0,0.0,0.0,0.0,0.0,0.0,0.0,0.0,0.0,1.7260908076914796,6.0645877656858165,5.240282619332322,0.7826334409469718,0.6578458656054418,0.8949864199112858,0.6902899198492602,0.6030915126693788,0.4419551492109382,0.6816803402255193,0.7565866311028583,0.6925439665617295,0.0,0.0,0.0,0.0,0.0,0.0,0.0,0.0,0.0,0.0,0.0,0.0,1.2623566550977623,5.2278747045912395,5.898934137827761,1.0517126473065737,0.8552554598927289,0.6210556182084034,0.5813388546536168,0.7862718626968823,0.6325849694272464,0.6596942808430458,0.544979988077843,0.8617986121899657,0.7190227392315989,0.7961313319289649,1.1769832734760275,0.0,0.0,0.0,0.0,0.0,0.0,0.0,0.0,0.0,2.0521336434501736,4.11602410389667,5.9079931943422155,1.7171793252230838,0.6478729372003585,0.7493597673328493,0.5759665525812254,0.9285458242994664,0.7765752107662639,0.5000979848336383,0.8136391045949345,0.7460854747959578,0.8180675757890824,0.8659198633636186,0.7887567423694853,0.21722316567816377,0.0,0.0,0.0,0.0,0.0,0.0,0.0,0.0,1.881112650160552,6.0645877656858165,5.131188723451655,0.8002855167902077,0.695814006151034,0.6910641810681956,0.5822994939735933,0.6606168501050455,0.653262800326327,0.8406132784848546,0.6630425929550494,0.6714133831376955,0.7159742302122738,0.9486720878760518,0.0,0.0,0.0,0.0,0.0,0.0,0.0,0.0,0.0,0.0,1.9559661885922974,5.884583886501202,5.244699272690181,0.6945008348232345,0.7723518788143022,0.6139258323105126,0.6112423628395907,0.7393905262514211,0.45465555752235726,0.6943771724770595,0.9287998377041511,0.6128725613242894,0.546737104752112,0.0,0.0,0.0,0.0,0.0,0.0,0.0,0.0,0.0,0.0,0.0,1.8462491195165267,5.931723592897211,5.263400859741695,0.6646059571147559,0.7725499513820296,0.6170000563690169,0.7463207514475462,0.6422323561259558,0.5260551453481646,0.877308491485124,0.7993260998205328,0.9708644784187584,0.5986942860805179,0.9710043671187685,0.0,0.0,0.0,0.0,0.0,0.0,0.0,0.0,0.0,0.0,2.198440224875076,5.6861912208847025,5.1948427471775185,0.7695677693370852,0.4999800264442616,0.8656817520463421,0.5922002145034022
5.88235603546766,1.3310704230516235,0.7883277819296812,0.6269992772224542,0.7311878579719229,0.49793704319990173,0.958668840075017,0.0,0.0,0.0,0.0,0.0,0.0,0.0,0.0,0.0,0.0,2.1942558515438106,5.631110083537202,5.759120625240805,0.8820566862942782,0.6062322704720594,0.8969790038602748,0.7019351808005284,0.7493519482454183,0.554260747674854,0.6681564556510541,0.7561458130378973,0.6444450857716639,0.48631384241818676,0.31275090434088615,0.0,0.0,0.0,0.0,0.0,0.0,0.0,0.0,0.0,0.0,1.6879062814515118,5.750508032769334,5.299448645173979,1.6337168889346496,0.5338238807101111,0.8157719516569397,0.4514053427797973,0.8384861319736797,0.6625704127766203,0.6057684074791029,0.8415587955955802,0.6002674764460519,0.6754682272599993,0.8354248690945991,1.2248910627362206,0.109146930140789,0.0,0.0,0.0,0.0,0.0,0.0,0.0,0.0,2.160404303525752,5.4777042154418005,5.661462877675103,1.0423910277770942,0.722041223656011,0.366092310175037,0.8046807203337941,0.6182971268671045,0.6864084081551037,0.6613093347844943,0.6127728698461826,0.6034183875097153,0.5643949133565596,0.7761956044576008,0.8213011194672858,0.5185101447087619,0.0,0.0,0.0,0.0,0.0,0.0,0.0,0.0,2.011521202043922,5.974542294330019,5.910761982284007,0.5420201520315178,0.8884085216598774,0.6839933781527584,0.6316642029544786,0.6224011911231317,0.5967221324681125,0.7535497846334003,0.8860030834233715,0.6158551876810338,0.701163922986364,0.7185505183566262,0.0,0.0,0.0,0.0,0.0,0.0,0.0,0.0,0.0,0.0,2.4084091980370745,5.8376189179704125,5.287104130468743,0.6992657804419311,0.807907847854632,0.8128930843421696,0.559578091214381,0.6390794963317568,0.728806159808973,0.7128744722601396,0.6920826650018279,0.692310448309425,0.7264219181751278,0.3802142717971367,0.0,0.0,0.0,0.0,0.0,0.0,0.0,0.0,0.0,0.0,1.9405819252175274,5.021989801728244,5.247634735719595,2.008134587931946,0.7595109861624358,0.5359032422113511,0.811492977888083,0.6977116834882278,0.3583423545626412,0.739659110283333,0.6139086923921757,0.7222077736670329,0.804042179166934,0.1372787598008112,0.0,0.0,0.0,0.0,0.0,0.0,0.0,0.0,0.0,0.0,2.331781035621733,5.0310180544303105,6.050251862116392,0.8299964328752848,0.671993357317289,0.8037192335892721,0.7158120169827111
5.919669701894638,1.240710170520791,0.5891870984232265,0.546426466847535,0.7220341502936882,0.5201281393334964,0.8805092867694527,0.0,0.0,0.0,0.0,0.0,0.0,0.0,0.0,0.0,0.0,1.5833479325953572,5.808211345597483,5.948015487397917,0.9520243099260535,0.8602119833779838,0.7710121493931599,0.48495386780475624,0.8102015219158557,0.9416901355467976,0.6360854724841393,0.7259094897300062,0.6295818556787643,0.29493960152950716,0.10735263354226543,0.0,0.0,0.0,0.0,0.0,0.0,0.0,0.0,0.0,0.0,1.3034738172738203,5.506099097772273,5.772418852403222,1.5527018869157243,0.6494639658423128,0.780592869697299,0.7760816713833129,0.5238415417300305,0.7500967273205331,0.6644642088465817,0.6212397353611074,0.7981366681566344,0.4911732259411231,0.5011965620371122,0.874548541366902,0.0,0.0,0.0,0.0,0.0,0.0,0.0,0.0,0.0,1.2626678906314452,5.546950744067457,5.740328981334228,1.5510332787589187,0.7364590033594364,0.72703241699746,0.6181668103540379,0.7397887935668325,0.6286650272258717,0.7336414581249489,0.48077891467921746,1.0459119008458952,0.5161398962281994,0.596707890161679,0.6021661242467611,0.22060208046312388,0.0,0.0,0.0,0.0,0.0,0.0,0.0,0.0,1.7103329634161746,5.817123938698025,5.409715601189634,1.2434219567790705,0.4020436829637295,0.9780264493803374,0.5076712841350404,0.721653582655646,0.7429029018357028,0.5308742805613897,0.6623469722884261,0.5211250844364058,0.5359550908931732,1.0626632009645334,0.0,0.0,0.0,0.0,0.0,0.0,0.0,0.0,0.0,0.0,2.182375786177902,5.838383761797158,5.427274486107842,0.5894178080951716,0.7057442277239924,0.6853017153259442,0.6962585380510111,0.6051943153339789,0.5565660338294987,0.6520884570054389,0.683622160440941,0.6609750891685234,0.7561119157585261,0.0316937669159838,0.0,0.0,0.0,0.0,0.0,0.0,0.0,0.0,0.0,0.0,1.6957029363552323,5.875108780674695,5.7922707438494045,0.9564319227205286,0.5905192818800249,0.6113589476428092,0.7540454338231898,0.6948527710015971,0.769782541543635,0.8018840419040958,0.6001810836428616,0.7898470476371765,0.8426767467411673,0.0,0.0,0.0,0.0,0.0,0.0,0.0,0.0,0.0,0.0,0.0,1.657823796203692,5.5856936190661,5.194294203033959,1.566797133689982,0.6955347150990208,0.5696002897343596,0.5213285804014549
5.945625877519068,1.1528060357910948,0.6438581999423781,0.6927572849224878,0.4945283133583175,0.5745270523671832,1.1770784754961947,0.0,0.0,0.0,0.0,0.0,0.0,0.0,0.0,0.0,0.0,1.9898120619056794,6.050471038601689,5.453109838718641,0.7183660124133115,0.741389619899322,0.8319042125504522,0.8466831146743068,0.704197385100689,0.8648813086945965,0.7127921904509579,0.5721603735409009,0.6328899700696771,0.7284718344829143,0.0,0.0,0.0,0.0,0.0,0.0,0.0,0.0,0.0,0.0,0.0,1.9669983872433967,5.619144167910441,5.847726510132542,0.57990513057174,0.5275677957171594,0.8685623936258577,0.7488064466392229,0.5758284176791644,0.7775736733729783,0.5190285731637518,0.7658493565837637,0.6825833301483712,0.7280270560114942,0.8316650857933335,1.276363554357735,0.2317489575116518,0.0,0.0,0.0,0.0,0.0,0.0,0.0,0.0,1.7423073156459825,5.621491402271322,5.495061280436511,1.3727188081808988,0.8114939580792075,0.5496373773911307,0.5932068045945789,0.741180392736252,0.47326704323073226,0.8539583216226292,0.8509727602175668,0.665070517818592,0.6240240673354522,0.8123826358584175,0.7293691092645227,0.0,0.0,0.0,0.0,0.0,0.0,0.0,0.0,0.0,2.197588278507795,5.99071083828002,5.143465237167394,0.7111360253566886,0.7266305797270425,0.6424096677386452,0.6239097533267373,0.7552840708654079,0.6459846231236996,0.7397604965048317,0.6192286781283696,0.9531959509074249,0.7932943193211396,0.7989522798222054,0.0,0.0,0.0,0.0,0.0,0.0,0.0,0.0,0.0,0.0,2.040799256945527,6.036463780598719,5.239097569508444,0.710437119161521,0.7758317861294863,0.5396530868142347,0.8212310615998742,0.7777000326670882,0.5862113953866064,0.6581640982342198,0.752494223514583,0.9029948320570287,0.8033499148043012,0.6336910307057667,0.0,0.0,0.0,0.0,0.0,0.0,0.0,0.0,0.0,0.0,2.150451608906245,5.8664462746958534,5.273815778102689,0.9049930341864112,0.6302237377697301,0.6821156249481873,0.6269904130657428,0.6457611615718715,0.6450688321495955,0.6595622734721417,0.7298072164076761,0.563102866741884,0.7982345684692007,0.22341805512482615,0.0,0.0,0.0,0.0,0.0,0.0,0.0,0.0,0.0,0.0,1.962574909501618,5.761568876289938,5.791903510021554,0.7110126984567314,0.7593245891358378,0.5925381951648214,0.6403880335962766
5.892007647504927,1.053476454683218,0.6732710653812566,0.8114727740805446,0.676227311733787,0.2242830172248098,0.5767979058907496,0.0,0.0,0.0,0.0,0.0,0.0,0.0,0.0,0.0,0.0,2.124204115895963,6.033112098624244,5.7937999777541265,0.5595569007903718,0.7882789020405071,0.6802554842607109,0.8636771534749207,0.6350918799984859,0.7730713011383638,0.6147521015761701,0.4732760547534073,0.7968192807217614,0.7705151779772818,0.4895699754560976,0.0,0.0,0.0,0.0,0.0,0.0,0.0,0.0,0.0,0.0,1.7353736628352452,6.036996934877704,5.807015005696757,0.6590096402888419,0.6916863653273995,0.7355596686116268,0.545938618214288,0.791653899675141,0.7208516289243208,0.6895043977583865,0.8593519608967778,0.6035633635405131,0.44269631775219476,0.9853871921762793,1.041256238203232,0.16053948772610893,0.0,0.0,0.0,0.0,0.0,0.0,0.0,0.0,1.8446158860998985,5.7412554711805575,5.983686095097497,0.49019161274627404,0.9556494651603907,0.5928833928484544,0.7195987755983916,0.7753523180006051,0.7352829635096871,0.45300734790511704,0.8010869393102696,0.6242778379183416,0.7726617400020684,0.7182259328814107,0.9045746478962362,0.622572166559026,0.0,0.0,0.0,0.0,0.0,0.0,0.0,0.0,2.1839472024416127,6.08734127836289,5.450923282925902,0.7621163801019504,0.6377203883462247,0.6219796956114412,0.5517852416557402,0.8017958792060751,0.871604541199269,0.7636337398388342,0.6363144332244892,0.5581577035301644,0.893517976584267,0.9199287241219337,0.0,0.0,0.0,0.0,0.0,0.0,0.0,0.0,0.0,0.0,2.5254434110339132,5.550315233798003,5.48965010112745,0.7265476893073346,0.7089721868345449,0.6446587942184986,0.7620023219467805,0.6219721914597983,0.8298826997125701,0.7339895195777169,0.5891389960924228,0.7959444138326895,0.46840888101717115,0.3786418856652496,0.0,0.0,0.0,0.0,0.0,0.0,0.0,0.0,0.0,0.0,1.9709685343945935,5.77081687027624,5.85401224265495,0.803808890653284,0.785409713684518,0.6724969219360319,0.8248489966199732,0.7248069045658858,0.8282851061461507,0.6180878808320119,0.5017780098722835,1.0504139916423647,0.6202519600641694,0.0,0.0,0.0,0.0,0.0,0.0,0.0,0.0,0.0,0.0,0.0,2.234764920025764,6.024746177195915,5.2718436728906335,0.7457697551528919,0.8010860214756265,0.6744926299916262,0.7587794754474828
5.973078674543626,0.8724418290448833,0.734161430692236,0.45535082489156065,0.749893216504961,0.7076092562208416,0.9113302446737226,0.0,0.0,0.0,0.0,0.0,0.0,0.0,0.0,0.0,0.0,2.2909504398405653,5.743059081794064,5.492483285054819,0.8311204227998233,0.6441739052009255,0.5693387595249694,0.542253197854429,0.7489745422839267,0.818375927491224,0.7187604671700828,0.7007914554908309,0.49222023934265424,0.6560005658037003,0.40492367447168814,0.0,0.0,0.0,0.0,0.0,0.0,0.0,0.0,0.0,0.0,2.009451640585894,5.872090512342764,5.534638161230235,0.8119006993683128,0.7007597919420369,0.7287059621481045,0.5228566709805307,0.8430786531228631,0.5505258722724381,0.6247146902278219,0.5832662792994092,0.6527618574955582,0.42782000850130286,0.9356090640783954,1.0938132114825312,0.33491026233047394,0.0,0.0,0.0,0.0,0.0,0.0,0.0,0.0,2.1422288815909107,5.73067866667442,5.561276786766974,0.7793349339214091,0.5365274624511724,0.5713688261126283,0.705504190729257,0.8498796193149875,0.8031352147786388,0.5406981874437448,0.7329597604385296,0.7559726549173028,0.6121815108125089,0.2775232886476147,1.2405719393014014,0.5956772369105628,0.0,0.0,0.0,0.0,0.0,0.0,0.0,0.0,2.1536523242582186,5.5750233789694645,5.58562333813952,0.8777275529387539,0.8087685617754063,0.7233285111832082,0.5229768550284488,0.6280627834293924,0.8702697439324819,0.6616602270270516,0.7579429140832464,0.5733724644291045,0.8181992442573,0.8880044118981093,0.0,0.0,0.0,0.0,0.0,0.0,0.0,0.0,0.0,0.0,2.618348171031516,5.556912151187155,5.23568059765907,0.8110468918558681,0.7284969415621539,0.6305466582365984,0.42872586103853,0.7425067314521308,0.48158579668616064,0.8499072096925256,0.6705125168276879,0.7008690761365214,0.37755768273661494,0.05680755680417227,0.0,0.0,0.0,0.0,0.0,0.0,0.0,0.0,0.0,0.0,2.12483589706809,5.7705842451614755,5.685810614499667,0.6410955980241093,0.6347333115996991,0.9376142185318931,0.5366451998922523,0.645377517079612,0.7211569439459856,0.6844591383294452,0.7572007932604043,0.8250438396689288,0.6949855830311633,0.0,0.0,0.0,0.0,0.0,0.0,0.0,0.0,0.0,0.0,0.0,1.9541990519539278,5.973078674543626,5.73296323713404,0.7093559661941907,0.6479579955696696,0.7618692249593679,0.7030258925203211
5.777628904940877,0.9553071477664425,0.9778460731697292,0.7574581577886945,0.7187675804866684,0.6227236048371493,0.7642962391705848,0.0,0.0,0.0,0.0,0.0,0.0,0.0,0.0,0.0,0.0,2.0884584135859834,5.273826874726813,5.995067970076033,0.7487940934924714,0.7673615875381401,0.6586254542302861,0.6629873643314558,0.6351815190869842,0.6923703659315817,0.676677085223156,0.760833671132922,0.5037959942723876,0.732618186385677,0.22237257706631297,0.0,0.0,0.0,0.0,0.0,0.0,0.0,0.0,0.0,0.0,1.5694012164620519,6.021235711733491,5.638173143663883,0.5907348533332438,0.7878257631953778,0.647059355683496,0.7253310921929772,0.5959172205309156,0.7231963346472758,0.54080994790219,0.8004396999526855,0.32006594432923596,0.7604534169402999,1.0209446387523458,0.7792481819561994,0.08982096351817148,0.0,0.0,0.0,0.0,0.0,0.0,0.0,0.0,1.7199888506582122,5.767703898424531,5.876941207004758,0.6771284420854569,0.6106173008913087,0.7296917862453309,0.655391940904361,0.6155361989604534,0.6788684475759152,0.6398819966159404,0.7461363710260395,0.64498965937437,0.5996521454146925,0.6894341299347628,0.7685778520202025,0.5162583197071611,0.0,0.0,0.0,0.0,0.0,0.0,0.0,0.0,2.0934965238118615,5.27036512999703,5.931015289896406,0.8125277059045023,0.6787040377577896,0.7153522543895405,0.5560037870009383,0.6655185491151212,0.675319970877539,0.7042780359588818,0.6935947288934856,0.6904313749483352,0.6677928191059634,0.8706600748750121,0.0,0.0,0.0,0.0,0.0,0.0,0.0,0.0,0.0,0.0,2.390158110291346,5.839254383261036,5.081295894003925,0.8951058308470577,0.7823574433094608,0.7495230359046812,0.6241618107647212,0.7822493176965847,0.6552882966030222,0.7244067005705042,0.6399003991829193,0.6650118871172663,0.9509195179791522,0.5303582643209914,0.0,0.0,0.0,0.0,0.0,0.0,0.0,0.0,0.0,0.0,2.025969739300524,5.44289832019272,5.901745540118744,0.6511551714693429,0.8349266746045976,0.6768339207997534,0.669801229379528,0.7258788893772579,0.6835958723907161,0.7643720824678069,0.7250809451274397,0.7981425525454837,0.8418847816014341,0.8299226252596288,0.0,0.0,0.0,0.0,0.0,0.0,0.0,0.0,0.0,0.0,2.1458688057137207,5.538345068774876,5.502766578140658,0.7689764319658875,0.7005668758003707,0.8046438127137346,0.7605411905111684
6.017504195128843,0.8393328282323596,0.7560202595010954,0.7284259140972382,0.6221882128274484,0.6991682011593321,1.037955664538207,0.0,0.0,0.0,0.0,0.0,0.0,0.0,0.0,0.0,0.0,1.9684463285808709,5.620533381008072,5.656410340290138,0.8664516833318145,0.539727437009513,0.6690982977775298,0.9027751453290885,0.47010550278841434,0.8551378584633861,0.6529423741289722,0.5760521563629615,0.6109489105057204,0.7961229878834781,0.0,0.0,0.0,0.0,0.0,0.0,0.0,0.0,0.0,0.0,0.0,1.7755585269911691,6.057502538678451,5.458328324650354,0.8593395986096608,0.7710338523760978,0.7822340435377677,0.49175461445358937,0.8789710458407619,0.674148201741773,0.8120199669299161,0.6801227774346839,0.6639542380078993,0.5922992689195273,0.9585897461936129,0.6695904016044828,0.0,0.0,0.0,0.0,0.0,0.0,0.0,0.0,0.0,1.8886176760512878,5.995605610493218,5.5934367070641375,0.7256038736574355,0.655984124771199,0.6943968720434194,0.7152207658104678,0.3241834136593012,1.0444944943558063,0.6159771312186026,0.6363059465589405,0.8005936805823346,0.4529344424940266,0.6641548185425276,0.6731870985722104,0.42756506291997065,0.0,0.0,0.0,0.0,0.0,0.0,0.0,0.0,1.9865656052747442,6.26806962628461,5.306016574507709,0.9933469068451403,0.7490629295076005,0.5815223067173472,0.9117478018736312,0.8260360401083332,0.5703103628946006,0.8859462840399709,0.5752183029194862,0.816140174501716,0.44683900008495375,0.9412151086021519,0.0,0.0,0.0,0.0,0.0,0.0,0.0,0.0,0.0,0.0,2.34763051231414,5.84429381130216,5.226429228952452,0.9960699063612805,0.4953096340398523,0.6837222363246347,0.641990137439386,0.7849185768292156,0.6462610140562902,0.8170039070980462,0.8553889946055194,0.7030481690545339,0.651385088621451,0.16942376652820634,0.0,0.0,0.0,0.0,0.0,0.0,0.0,0.0,0.0,0.0,1.9565209401360222,5.463920034782808,5.713543165444442,0.6392001744105544,0.9356914774514553,0.863576031633147,0.572510957283046,0.9098454681015915,0.6512561746879574,0.6076089071528026,0.7709724350995101,0.6803733425917303,0.7166936892684627,0.0,0.0,0.0,0.0,0.0,0.0,0.0,0.0,0.0,0.0,0.0,1.8857853801456461,6.103400690189502,5.736458530637791,0.6781546783987201,0.8046005429400165,0.8099209884901124,0.5923375256196232
6.029488897684265,0.9927618685257118,0.7202616227014826,0.7209167270482933,0.6245321478683814,0.5581514000543312,0.5309054831044708,0.0,0.0,0.0,0.0,0.0,0.0,0.0,0.0,0.0,0.0,1.8329814837950895,4.351347140730327,5.977802837178292,2.078469480329731,0.702428499328724,0.7042090744633076,0.8813187572369028,0.8148292026747355,0.7830182255819254,0.6823651314672804,0.6205839925920924,0.9494032269949239,0.7041494606726335,0.0,0.0,0.0,0.0,0.0,0.0,0.0,0.0,0.0,0.0,0.0,1.5942447345205566,6.322796791389388,5.682716203404447,0.8384929714091877,0.7466089998305689,0.7267650051881089,0.7764530851266507,0.5922193598343307,0.7239189234818014,0.701480981941333,0.6139241595255868,0.7546516763195547,0.0,1.9163077157142392,0.8380614910150381,0.03771420370475033,0.0,0.0,0.0,0.0,0.0,0.0,0.0,0.0,2.030903899820594,5.677165146556828,5.963223065640253,0.8047241311028219,0.8215657921887665,0.6139506155567673,0.9517852750165608,0.5065927299253327,0.8027457541498448,0.5767437439853873,0.7279126024359689,0.6078540864310094,0.7774576069934293,0.2680622631462768,0.9037414065002523,0.48263227315558427,0.0,0.0,0.0,0.0,0.0,0.0,0.0,0.0,2.17181308725411,6.159200023796625,5.247656387513827,0.8312623870883186,0.7303224059789037,0.6310407331770284,0.7030990073927853,0.7238004501312011,0.644066732413465,0.8589547022092419,0.6446579581014773,0.7643942252936171,0.28295575686604146,0.14233627456870312,0.0,0.0,0.0,0.0,0.0,0.0,0.0,0.0,0.0,0.0,2.3201901283166997,6.033367258247081,5.2113284317846285,0.9780193915364277,0.5837087353137306,0.801974592361865,0.6641586350211337,0.7735692608147455,0.8470308834507135,0.630202628051789,0.7667093659537474,0.7558839279803916,0.8025264989147999,0.24693862734721198,0.0,0.0,0.0,0.0,0.0,0.0,0.0,0.0,0.0,0.0,1.9869503497292038,5.935424080094721,5.633269971390963,0.9383069031773463,0.724058899746598,0.7141974252346671,0.6446633586129508,0.767378669233059,0.8321686179302829,0.6549502470825244,0.666350871202933,0.5335121940006204,0.7894968876575134,0.0,0.0,0.0,0.0,0.0,0.0,0.0,0.0,0.0,0.0,0.0,2.19910424246224,6.160210006077333,5.3887167796365,0.7658138409595184,0.7111642086965058,0.5776301262458324,0.9150745130900414
5.987750869150761,0.962565556224758,0.6924065539993592,0.7055840629537545,0.7590683680487784,0.7056168243502424,0.9273386472194386,0.0,0.0,0.0,0.0,0.0,0.0,0.0,0.0,0.0,0.0,1.8040389630743507,5.597630681765607,5.622905175739489,0.6222931301812299,0.7399564325325048,0.6060036977835578,0.5395977437720801,0.6286412850481459,0.7733982070572202,0.6749954401920768,0.7477578707581204,0.6406231888218906,0.0,0.0,0.0,0.0,0.0,0.0,0.0,0.0,0.0,0.0,0.0,0.0,1.494693325739086,6.0337759631740315,5.900857012492629,0.8566607044245286,0.7635292218030008,0.7012420886177546,0.7674930613692416,0.750457919779584,0.6798075019870096,0.7423482107640632,0.6991133786237966,0.6274071080625322,0.35931353269651645,0.47272981175563,0.8355612450186207,0.0,0.0,0.0,0.0,0.0,0.0,0.0,0.0,0.0,1.4744323852718082,5.40549257664008,5.93577799877237,1.1009603685246376,0.8419333923340103,0.6298060288108464,0.4647603741515755,0.7708578595692949,0.6565260589574706,0.694582137569188,0.5446481240082556,0.8524675568331678,0.6344003651189789,0.5058963152436107,0.7965164939198189,0.08454289332125242,0.0,0.0,0.0,0.0,0.0,0.0,0.0,0.0,1.712708350532421,5.71444145891241,5.936499276266266,0.6707647076252163,0.6264164770627193,0.49988064154727885,0.9673758523666702,0.6111872524463012,0.7053740257575477,0.7873290367128211,0.601873693203234,0.8155804566438666,0.7508429498663748,0.7558670476773084,0.0,0.0,0.0,0.0,0.0,0.0,0.0,0.0,0.0,0.0,1.9381173468122253,5.837447044643937,5.469385574308459,0.7661194379646177,0.5812972297653087,0.8136101589912118,0.5294551093706816,0.8274483271869876,0.5290488689167604,0.6153928444144486,0.7239560928447097,0.7345204162109178,0.17873353351338417,0.13255652511148597,0.0,0.0,0.0,0.0,0.0,0.0,0.0,0.0,0.0,0.0,1.843532401576162,5.783037296602302,5.40648885114828,0.8578236458055851,0.8868107966932626,0.5644749868786635,0.993590137502998,0.7837904057746068,0.6998236262571835,0.6389252706642976,0.5333100674208623,0.7866436233386965,0.8397883559993283,0.11081925271249198,0.0,0.0,0.0,0.0,0.0,0.0,0.0,0.0,0.0,0.0,2.0834630671404177,5.791700423544318,5.295497405243206,0.6432765827259748,0.8073533419047543,0.5331470503269319,0.8290858426053892
5.480086768278282,1.5775869390345667,0.5611184678516336,0.760113800187126,0.5026553824634012,0.0,1.0019658983104345,0.0,0.0,0.0,0.0,0.0,0.0,0.0,0.0,0.0,0.0,1.4790610058597566,4.703928608745148,5.485168208025941,2.2587312996277396,0.49160290645600624,0.9054397049818658,0.8512946499638475,0.4472333846348834,1.0413771382433654,0.6315652599274773,0.7507725761512807,0.5885233379072277,0.8741377894147708,0.0,0.0,0.0,0.0,0.0,0.0,0.0,0.0,0.0,0.0,0.0,1.6058705398669921,5.808918379970269,5.736260219327626,0.8513695203596208,0.7177564296296016,0.7666856966896716,0.6256165679213725,0.7129301336034457,0.5359533024368113,0.6080201865175742,0.8431668215949404,0.6396023754814948,0.0,2.1108451670797264,1.1395425121268952,0.006747034491576542,0.0,0.0,0.0,0.0,0.0,0.0,0.0,0.0,1.5476360749740685,5.404554305283372,5.414271840572989,1.7048735382192461,0.7190405083940602,0.7361662211499942,0.50942427299763,0.6184745016283131,0.7885833990576858,0.536275946399027,0.5689585782746965,0.4945205545438132,0.9458224245629718,0.514679852369221,0.6569729337115162,0.2947049818953076,0.0,0.0,0.0,0.0,0.0,0.0,0.0,0.0,2.0944199595440054,5.154898223020889,5.692217971620693,1.0764158572561988,0.667727069514225,0.8225404021538297,0.6006577228721753,0.6589193081469421,0.7140673865973745,0.8319235339925782,0.6330745495076726,0.6322024558633147,0.742192627066765,0.2690607098892486,0.0,0.0,0.0,0.0,0.0,0.0,0.0,0.0,0.0,0.0,2.154427176727922,5.448145598178853,5.661842567259824,0.9511869022426673,0.6213630686973243,0.6820773518742953,0.5453082018185808,0.542228321351678,0.24515064719036495,0.8861184374543849,0.6366875091659023,0.6688608115714717,0.6362257114629306,0.37749524790886646,0.0,0.0,0.0,0.0,0.0,0.0,0.0,0.0,0.0,0.0,2.022663017050456,5.834281881758965,5.234205246154637,0.5636830093956272,0.9653224098021004,0.678181980934451,0.6808442112889588,0.6073029364758495,0.6229034667854907,0.7528072200880701,0.6521746573906649,0.6661821164304635,0.7305301271096478,0.0,0.0,0.0,0.0,0.0,0.0,0.0,0.0,0.0,0.0,0.0,1.9507945419536135,5.774310156580582,5.713553787021303,0.8352606930363295,0.6485244145266928,0.7181295833004828,0.549145435597628
5.913327083861969,1.2073045253232846,0.7120061881890278,0.78904529583675,0.8892274790604127,0.07272569131497164,1.009671654122286,0.0,0.0,0.0,0.0,0.0,0.0,0.0,0.0,0.0,0.0,1.9440887354197744,5.5947920314465645,6.059905484998698,0.7824631250641144,0.6302015820507479,0.5800844579460853,0.8212324719959503,0.6805821243321594,0.7392921682506579,0.5994941294814818,0.679296812716838,0.5921453412098994,0.5132601881965783,0.0,0.0,0.0,0.0,0.0,0.0,0.0,0.0,0.0,0.0,0.0,1.4579813140409144,6.247412126595116,5.901230129405949,0.6846829234486541,0.6928822966583439,0.6090680809607464,0.831472140426564,0.7733543777250457,0.6886886889369668,0.7686085626915983,0.6131653086657884,0.7216101914836804,0.7688455644838272,1.0858499406485485,1.1122517047033171,0.0,0.0,0.0,0.0,0.0,0.0,0.0,0.0,0.0,1.5098398974613856,6.27958332141723,6.066794162977863,0.5538892131280826,0.7680396513260928,0.763530691730987,0.709661598034592,0.8475810869712554,0.7054227738010095,0.5720245213103051,0.807831398250797,0.7311417753094149,0.6143150949612958,0.2901753977074437,0.9084657237767944,0.10619774777834046,0.0,0.0,0.0,0.0,0.0,0.0,0.0,0.0,1.9809207061494405,6.350483563765797,5.4899165346387315,0.7430065455298789,0.5912271091513834,0.8437029090092452,0.49886777792387077,0.7881469566828916,0.7396342441937112,0.6724483415877007,0.7764809419446548,0.7178626506272123,0.6850862859953607,0.9816828669695851,0.0,0.0,0.0,0.0,0.0,0.0,0.0,0.0,0.0,0.0,2.330733079315942,5.408442952609793,5.914954827501219,0.6938893564837858,0.7157106172961916,0.5305781149863718,0.7958008182609461,0.7748677164602771,0.39910071604298414,0.7768059037051049,0.3608096778088046,0.789736547001378,0.764944177008735,0.3104701629683735,0.0,0.0,0.0,0.0,0.0,0.0,0.0,0.0,0.0,0.0,1.6827199230691425,6.1264941837137625,5.741178471217455,0.7948956961222797,0.5128401100457574,0.8724122232495897,0.5916740773519312,0.7923084540217448,0.8096857139454159,0.7450104819445117,0.7705636886719096,0.5610408775458104,1.02290662268701,0.4417592219316706,0.0,0.0,0.0,0.0,0.0,0.0,0.0,0.0,0.0,0.0,2.2203861648638936,6.28519618323758,5.087858494775654,0.8726668518380153,0.6438641736925541,0.9292448521309504,0.7690138391679641
6.304733483459342,0.9763825268599332,0.7729551508024167,0.7296538726601711,0.6825624859232021,0.4870516272522385,1.3058752308215749,0.0,0.0,0.0,0.0,0.0,0.0,0.0,0.0,0.0,0.0,2.1674817317743083,6.14320875226713,5.475210616804904,0.9271518578460255,0.42133591402123727,1.038644360406356,0.6152285656149888,0.7724358416081477,0.5736696789355217,0.8176497181886762,0.5334974312062792,0.7036739589915219,0.7224042113052014,0.0,0.0,0.0,0.0,0.0,0.0,0.0,0.0,0.0,0.0,0.0,1.7313365885209717,5.910748240356559,6.1714229043187885,0.9208124146338282,0.6868596298319668,0.9130099602746529,0.6242558183453495,0.6304406306796365,0.8142258891247479,0.6910795437339451,0.624611931501395,0.6742711292426783,0.6745591387420284,0.9314464084230494,1.3428752335404988,0.3395742490581414,0.0,0.0,0.0,0.0,0.0,0.0,0.0,0.0,1.9978682303458317,6.106969971932745,5.806536635469326,0.6538227360306348,0.6368363232616167,0.6848912352481669,0.6705418432831699,0.8643395172487442,0.6360720776366954,0.6785326402948626,0.750361582408207,0.6810259952510315,0.6442178732697225,0.5468605882354005,1.1112651451888347,0.8025681025886939,0.0,0.0,0.0,0.0,0.0,0.0,0.0,0.0,1.8351888093918154,6.240513604670084,5.772050811639647,0.8701028986170387,0.4856117791939182,0.8047307997916832,0.5873786758457545,0.6294094541888448,0.6888480046598109,0.7338166739705395,0.7172075621637531,0.6790907307398902,0.7810756956533507,0.6899700186353729,0.0,0.0,0.0,0.0,0.0,0.0,0.0,0.0,0.0,0.0,2.3818879149540395,6.304733483459342,5.080930027617704,0.6151144703277645,0.7690993223095508,0.6831528260774101,0.8420359599143079,0.8237982032446506,0.6824147435501824,0.6855722858730334,0.6286453069931746,0.7286303945361144,0.7219254137769645,0.0,0.0,0.0,0.0,0.0,0.0,0.0,0.0,0.0,0.0,0.0,1.70694007421978,5.801800982842923,5.8575960618152285,0.9191912948670515,0.8492496876866813,0.6240055905632632,0.6695972655209447,0.7228713707296024,0.7171192899845958,0.8188198911790068,0.686426317104231,0.5836586913010923,1.0071353676293713,0.90606003972555,0.0,0.0,0.0,0.0,0.0,0.0,0.0,0.0,0.0,0.0,2.1406713592963404,5.881604051003298,5.694318943431262,0.8370598304215152,0.40080402418819405,0.668591116227595,0.8601802011896229
6.1766117679126475,0.9855320908721059,0.7096911861745694,0.7038453287007659,0.6280441495381354,0.6450202208881389,0.9118371373009492,0.0,0.0,0.0,0.0,0.0,0.0,0.0,0.0,0.0,0.0,2.136827267362969,5.295524221152917,5.964212273224636,0.8279618874295134,0.68289259613221,0.7448012240852487,0.6981731377031201,0.7242826303002503,0.432102244714061,0.6701654747340312,0.7708455141363082,0.5540553061049946,0.62261034787175,0.0,0.0,0.0,0.0,0.0,0.0,0.0,0.0,0.0,0.0,0.0,1.9621053148568952,6.026066772844771,5.754218016218706,0.8548303912929777,0.8043620138775606,0.6898001513703231,0.6251642470803225,0.6975596288375701,0.6545232713796593,0.7141243612228163,0.7950261794862201,0.6758861316179631,0.6722346760703571,1.1215306695721756,1.1535738464080882,0.12843607677390018,0.0,0.0,0.0,0.0,0.0,0.0,0.0,0.0,2.122348697425882,5.870967641326667,5.699911695760887,0.7512180002843889,0.6008117641180374,0.6590696222946368,0.7773058127398197,0.8428547689588033,0.6603105075285599,0.7728977034466299,0.6012438269162178,0.7710259143000147,0.49941835729398815,0.0,1.1617227348172374,0.7090988005343917,0.0,0.0,0.0,0.0,0.0,0.0,0.0,0.0,2.102810422684719,6.172087134610775,5.488218663431932,0.5354169545212165,0.7488103892779003,0.6807068220488371,0.6980224589890918,0.5824483603526229,0.5389144811870861,0.7920450354918209,0.8352135770540831,0.7155134301767094,0.6601831722403513,1.139404747561388,0.0,0.0,0.0,0.0,0.0,0.0,0.0,0.0,0.0,0.0,2.5402277183074427,5.311048854659081,5.717216155241857,0.46929391571393486,0.8059628808353401,0.4971785549527142,0.8473057580228902,0.5882126260081496,0.911891979298698,0.6238107642298161,0.852054858678552,0.6875083615334104,0.7246503234866295,0.052265320039221366,0.0,0.0,0.0,0.0,0.0,0.0,0.0,0.0,0.0,0.0,1.6833958225685353,6.1315220068540635,5.871471869270611,0.8982919643954622,0.6868357826899939,0.6832568742451687,0.5327780519853238,0.7459100478633269,0.660409470019878,0.805529237771818,0.6586601184986307,0.7928844166438613,0.6852726809214024,0.7196123003574916,0.0,0.0,0.0,0.0,0.0,0.0,0.0,0.0,0.0,0.0,2.184235375538978,5.8814908307883,5.676549862494268,0.6995176410659979,0.8051311445350519,0.8081123879194217,0.7754971318114854
6.493425844812555,0.6991076483797597,0.6973426780265334,0.7443008204870172,0.8106418058030855,0.008923678801330357,1.520032878738034,0.0,0.0,0.0,0.0,0.0,0.0,0.0,0.0,0.0,0.0,1.8500621960708612,4.618517957909052,6.51499314272104,1.4364508519564427,0.9164545109183566,0.7692837590502386,0.7469207931073041,0.7326196845246075,0.7200495915910842,0.7989269636244911,0.8518899440186921,0.6718994305347191,0.5051260995294508,0.0,0.0,0.0,0.0,0.0,0.0,0.0,0.0,0.0,0.0,0.0,1.6812412666741992,6.452001344313399,5.745960429813473,0.752938702071484,0.8321719588022526,0.8999170360023758,0.8460746171730728,0.7918247970906093,0.6561211211177245,0.9799452701960074,0.8074728902329344,0.65723836373954,0.9931575397761884,0.8289869352574137,0.8538200538243651,0.0,0.0,0.0,0.0,0.0,0.0,0.0,0.0,0.0,1.8649098008555125,6.032829639205529,5.9813079655746115,0.6639451184144427,0.640983104893726,0.6865042160141318,0.6861460918677951,0.8508167112985537,0.5473541204791708,1.047223299735706,0.5639187857831522,0.8276959483090469,0.781449578558101,0.017354895332650392,0.33474663026699103,0.4412979458503994,0.0,0.0,0.0,0.0,0.0,0.0,0.0,0.0,2.02429421267908,5.929939851261347,5.810247007242904,0.7580913073922405,0.7984883926205437,0.5426899088057761,0.7484048233529771,0.7657446457981493,0.6625711457038012,0.6449874925392128,0.8786139145400865,0.5921270888220935,0.8869538503936597,0.7402687362605694,0.0,0.0,0.0,0.0,0.0,0.0,0.0,0.0,0.0,0.0,2.011562174537695,6.289865812042109,5.61783309459145,0.7708780083583101,0.8191984906605229,0.6908200108130346,0.8109131652458048,0.6394369256895028,0.6880446973333987,0.8501925489908668,0.7783885312692601,0.7538407203300811,0.6917232124407199,0.20761826815492387,0.0,0.0,0.0,0.0,0.0,0.0,0.0,0.0,0.0,0.0,1.4228916112802563,5.9681581974496165,6.1966137432363295,0.8251530376728403,0.7400638280475924,0.7405746999505061,0.6680882657478264,0.7399097679578329,0.7583203831248126,0.7802566809607053,0.7258367390747514,0.6846551418066478,0.8365366502107584,0.977879396143163,0.0,0.0,0.0,0.0,0.0,0.0,0.0,0.0,0.0,0.0,1.8767756801910551,5.778082379713782,6.054286588614387,0.6539266943497991,0.7992633543450482,0.7063044602787429,0.936657720337359
6.35985436016107,0.8010333403452481,0.671236238750272,0.863135707319067,0.71462355430954,0.0,1.359386090573732,0.0,0.0,0.0,0.0,0.0,0.0,0.0,0.0,0.0,0.0,1.488671175501374,6.167638442378686,6.008244641411328,0.7274964761456568,0.7732447019233946,0.766288385761931,0.7315692252534239,0.6880610129589226,0.5758968366308604,0.957425615835456,0.7313175995585512,0.5364034013864691,0.825175098931238,0.18957376712924123,0.0,0.0,0.0,0.0,0.0,0.0,0.0,0.0,0.0,0.0,1.310241676277565,5.857392913645637,6.032043470682487,1.082665168124877,0.7122311340243388,0.7503523924186812,0.8683531542790468,0.7406717032684067,0.6650564544892222,0.8389668054331074,0.5461963222153163,0.8973311973761747,0.24803266720091638,1.0792132333133169,0.7617229521894906,0.0,0.0,0.0,0.0,0.0,0.0,0.0,0.0,0.0,1.881768465858119,6.2308569864393455,5.696489192801464,0.794668082463488,0.6573798698849278,0.7135144780962808,0.6006298275082077,0.5103445563323991,0.9647255283249613,0.79726671472078,0.7929232033296455,0.7514236105492669,0.7555955298901628,0.15731040310206723,0.7962270605671016,0.044394184177424474,0.0,0.0,0.0,0.0,0.0,0.0,0.0,0.0,1.8098781500324395,6.073353158982148,5.741916616081956,0.8249266411126107,0.7190411463693492,0.7574739465236091,0.6274581656298461,0.8192706827666075,0.8179962021883209,0.5837982032799688,0.7571959848250885,0.6067162238447367,0.670952839529432,0.9890677162974505,0.0,0.0,0.0,0.0,0.0,0.0,0.0,0.0,0.0,0.0,2.316416778465918,6.35985436016107,4.849310688759013,0.7304280025004437,0.8823825387711369,0.6119328556702154,0.6914064513129977,0.6737644620835154,0.825385484848772,0.524490294434242,1.0008961621159043,0.6396254731030492,0.7413994490379626,0.0,0.0,0.0,0.0,0.0,0.0,0.0,0.0,0.0,0.0,0.0,1.7171364118573713,6.0980933933091,5.857045477657543,0.7942817229161719,0.7247930101318254,0.6773290719487092,0.5920983560452939,0.7383421755756617,0.6454017187850568,0.6344417635866922,0.7374808963171479,0.7552109104654336,0.49945203213502787,0.7976801866033245,0.0,0.0,0.0,0.0,0.0,0.0,0.0,0.0,0.0,0.0,1.8008965988499819,5.71151386373359,5.987385370489708,0.9537462625085535,0.8251899265898749,0.7352817214754428,0.793529595054464
6.325421788589809,0.5986576063029356,0.9153214772307573,0.6216812807915562,0.7594960194404125,0.2549102277841757,1.0891060621375956,0.0,0.0,0.0,0.0,0.0,0.0,0.0,0.0,0.0,0.0,1.8971852011444854,5.968289107489596,5.760091727702135,0.7087916516053101,0.8317764008996708,0.7083519124591577,0.6627183791778932,0.790748518758405,0.7723034682705144,0.573947645007855,0.7267068182803214,0.39690324995710885,0.8315002741664326,0.0,0.0,0.0,0.0,0.0,0.0,0.0,0.0,0.0,0.0,0.0,1.7114189587003086,5.924961397881459,5.748329893185817,0.7077948575359971,0.6369543977526233,0.6796856247380506,0.6995673531083434,0.744252925638824,0.7470258336079508,0.6432254592022848,0.669569216547056,0.45556953227593366,0.9959929107125198,1.044855325053898,0.8121243530250146,0.20128508005989784,0.0,0.0,0.0,0.0,0.0,0.0,0.0,0.0,2.1225055425575032,6.144042531726825,5.359206224833084,0.8470860955133093,0.7523148563245339,0.7287748447281671,0.6313198632141596,0.688150645839466,0.6650089561878928,0.8003377901802721,0.7320245019556828,0.7586274616804238,0.5591114703277124,0.6951016518841584,1.0344499552064133,0.3772739856268821,0.0,0.0,0.0,0.0,0.0,0.0,0.0,0.0,1.7965665263436505,5.890135568425896,5.65830146352702,0.7694709143169002,0.7420470512975393,0.6318005934552676,0.5361649872991223,0.6602115233302867,0.9693909859468456,0.6742512434810287,0.7167565678352522,0.6916725531751332,0.4676073565472648,1.1482609172436113,0.0,0.0,0.0,0.0,0.0,0.0,0.0,0.0,0.0,0.0,2.488339044529166,6.325421788589809,4.873915923313684,0.6999730461874065,0.7945288722136562,0.7978294233306147,0.7213272302228089,0.7135009045008645,0.7007985958166648,0.7556306501679371,0.8176051054796241,0.6692957333849776,0.655343677467931,0.0,0.0,0.0,0.0,0.0,0.0,0.0,0.0,0.0,0.0,0.0,2.193078982571553,5.958726148976693,5.58461314158803,0.6455800282970543,0.8994830096010186,0.6985730717231137,0.7864008048648545,0.6523828401877243,0.4807625410247791,0.8711322861105613,0.6338499349261177,0.8955592446261786,0.49226063870482495,0.7361583494435482,0.0,0.0,0.0,0.0,0.0,0.0,0.0,0.0,0.0,0.0,2.1375143592784323,5.980155339290497,5.40187330227513,0.8703195677346632,0.7484731037509682,0.5651726195515946,0.6056654513170587
6.190556913935154,0.6868053225633911,0.7593428525571833,0.7149421547764696,0.8205251719395935,0.2781301718008158,1.164112426456155,0.0,0.0,0.0,0.0,0.0,0.0,0.0,0.0,0.0,0.0,1.5620406313510735,5.932946060911137,6.0950892778367916,0.6994637574043358,0.6544287140736955,0.6232290209809549,0.8396615970748528,0.6501166073071194,0.6826051502593476,0.9225941690343724,0.684475735108003,0.6675470555644906,0.6295980297527536,0.2920587431385721,0.0,0.0,0.0,0.0,0.0,0.0,0.0,0.0,0.0,0.0,1.8592923468654519,5.792486159619718,5.654230621422158,1.078779267870536,0.8359321460166194,0.7120352128721323,0.6352278557079445,0.90287441158093,0.6329372201594977,0.7689057533748692,0.8081604563587516,0.7395889339329783,0.6497241281867983,0.849766069434166,0.8717254313305496,0.20694222398346263,0.0,0.0,0.0,0.0,0.0,0.0,0.0,0.0,1.9259911494349229,6.3962046407499145,5.140357571464852,0.7423558234384513,0.627293411638753,0.356169829841842,1.0297299754471088,0.7704325258029674,0.8082863379941984,0.7201052770598984,0.6571304852911052,0.7999057474350938,0.6754797474478028,0.4776193766941282,1.0862916311617408,0.502115788379017,0.0,0.0,0.0,0.0,0.0,0.0,0.0,0.0,2.0824771961627526,6.095202274414357,5.275617080617417,0.8933020663830844,0.7344837661577623,0.7606229150561494,0.6685017973886158,0.6938738205036848,0.7800241843577321,0.8787252565750225,0.5925922136032818,0.7201911286661095,0.8110541481095267,0.7694393634019611,0.0,0.0,0.0,0.0,0.0,0.0,0.0,0.0,0.0,0.0,2.1777872189068335,6.06750676951971,5.297707378404381,0.8688083914126268,0.8826794111511099,0.828298528724228,0.6222378020412865,0.6411957311213232,0.7255343093142275,0.6699512633157264,0.6591056413417898,0.7214413454971405,0.7809144858618602,0.0,0.0,0.0,0.0,0.0,0.0,0.0,0.0,0.0,0.0,0.0,2.1655054160992515,6.3962046407499145,5.051607127550761,0.7964958907514834,0.8193388093887737,0.629171037451659,0.7456823980812268,0.6283699314482283,0.7440207376001204,0.5302546846384443,0.622406176879855,0.9494482773357055,0.6714490197134151,0.4588078038280574,0.0,0.0,0.0,0.0,0.0,0.0,0.0,0.0,0.0,0.0,2.2240370103037557,5.98828173887829,5.364785393295369,0.8616244447632787,0.6572999309800568,0.9072546397546142,0.6340976589098783
5.765136395974756,1.153183325084223,0.516034826503675,1.0382482527349102,0.6150502943370887,0.2785564214962873,0.8415199486521612,0.0,0.0,0.0,0.0,0.0,0.0,0.0,0.0,0.0,0.0,1.9812525283339948,5.443925994801479,5.9830128322189395,0.7030318260426685,0.5686633947588324,0.7848312768351253,0.686674287003283,0.41255254282828163,0.8912293950091656,0.5973122631250886,0.5890332317306143,0.8042148788269938,0.53243981230368,0.3195721212904612,0.0,0.0,0.0,0.0,0.0,0.0,0.0,0.0,0.0,0.0,1.7649202701730138,5.612131428057844,5.998351519601662,0.9327320119854827,0.5880944332371283,0.4886752901883281,0.6805793571822447,0.6738093219070738,0.760814528267419,0.8817185711025133,0.7217087330527578,0.6578044496655266,0.8320074433996412,0.9037253063726833,1.0298661355921013,0.020465919435929576,0.0,0.0,0.0,0.0,0.0,0.0,0.0,0.0,1.8485018833725992,6.028245836638165,5.653005197524529,0.7468044815065926,0.8216740355247637,0.6690085303447313,0.6598839705181431,0.6861991443805094,0.7105610286038285,0.7889025012774364,0.7291894561058284,0.6836904788493222,0.7145795943222557,0.4203421437192256,0.7542392844497172,0.5172441171710417,0.0,0.0,0.0,0.0,0.0,0.0,0.0,0.0,2.020266104692669,5.413985501822209,6.039850414685011,0.6450638142261573,0.8321285486550908,0.7188029607661708,0.7339891483901726,0.6344436362486835,0.5490717705646263,0.8796755568165966,0.6696520957853023,0.6506826477229174,0.8192680030142392,0.8210420733716582,0.0,0.0,0.0,0.0,0.0,0.0,0.0,0.0,0.0,0.0,2.031205801313341,5.687441164789559,5.860573203705517,0.9912889120188532,0.7892891505187823,0.7570760880114146,0.700976778888011,0.5649239452509984,0.7813098070543864,0.6053168912545988,0.7869775777297613,0.6663802011276113,0.5290560514662538,0.019475069170662475,0.0,0.0,0.0,0.0,0.0,0.0,0.0,0.0,0.0,0.0,2.0383943596832554,5.942795803062041,5.557267254161088,0.9676118244682944,0.6247277566642768,0.5914145087564786,0.7388358848865113,0.6654307055653347,0.7109435947826365,0.7355660917011354,0.714472749684074,0.7412560701605043,0.7184931783402935,0.531440299437838,0.0,0.0,0.0,0.0,0.0,0.0,0.0,0.0,0.0,0.0,2.119344512751587,6.019148645592199,5.5596570642479435,0.7596513579593296,0.779369620441267,0.7581737504959328,0.692971682657591
6.002946859681931,1.170909191834298,0.6899920550368486,0.6068131286610702,0.938948717819415,0.758237072693728,0.9733603623420749,0.0,0.0,0.0,0.0,0.0,0.0,0.0,0.0,0.0,0.0,1.8096397741354533,5.665559854896034,6.138283167389183,0.8641777920755315,0.7856527012740837,0.6852206594561602,0.662085885979013,0.3570557128459255,0.9549336432343956,0.740409135677422,0.5867010777406917,0.8424787920028309,0.6782323552113869,0.7715678801582513,0.0,0.0,0.0,0.0,0.0,0.0,0.0,0.0,0.0,0.0,1.6643900452407774,5.9812292986284445,6.082823301877143,0.8685647229603933,0.6825967563969317,0.5879835972776676,0.6687703722614661,0.6782247062440444,0.6072041380876628,0.704710279701091,0.4963018718450326,0.7262764483260766,0.8345396600498003,0.8330666620498208,0.7917963072673935,0.0,0.0,0.0,0.0,0.0,0.0,0.0,0.0,0.0,1.8459795388099796,5.998529973112411,6.044849457675151,0.6927477074363991,0.5781392014839069,0.8255522972208081,0.5550011964508371,0.9144409448236438,0.6845029337489219,0.66571602093603,0.6435968069186657,0.3080603548560592,0.7847939264134118,0.1558576947848751,0.3581878532345545,0.20508795697161375,0.0,0.0,0.0,0.0,0.0,0.0,0.0,0.0,1.7960573256064016,6.000305537043873,6.103015718442928,0.6448999021454979,0.7482037196132548,0.6657205661613605,0.414139777401609,0.5427500169886561,0.813994517703935,0.7897579855321698,0.6396017364218454,0.6489697808376722,0.6391854029786088,0.7626738671504156,0.0,0.0,0.0,0.0,0.0,0.0,0.0,0.0,0.0,0.0,2.3121604020586872,5.4877669345546645,5.772752672340271,0.8667834412553583,0.6783864298785462,0.6230745751270159,0.483721430061853,0.6804055887120048,0.7292821011416017,0.7341012239229932,0.5654592542599783,0.7843715402519355,0.5654961391897919,0.11993347097910956,0.0,0.0,0.0,0.0,0.0,0.0,0.0,0.0,0.0,0.0,1.7260378936582477,6.126133616665676,6.04241959051182,0.7026560082301808,0.5958061386750628,0.7838682034222679,0.6801553821819888,0.7126265495826581,0.4399143198439981,0.9227090079565713,0.5905520963443185,0.7054827726008993,0.7690707972101557,0.0,0.0,0.0,0.0,0.0,0.0,0.0,0.0,0.0,0.0,0.0,1.6270738677164207,5.924945071647559,6.107672058858982,0.6424619880067954,0.7563380278595223,0.5950551681119141,0.8408548232731455
5.854828964471827,1.0381867099490774,0.7930973977154163,0.7856660744579026,0.8053676716628128,0.7878673649472175,1.2189752786760522,0.0,0.0,0.0,0.0,0.0,0.0,0.0,0.0,0.0,0.0,1.891598383068473,5.455408810671134,5.940647839530136,0.6781425344897641,0.6546400238013932,0.8336432626715355,0.7447696317031998,0.7781106342450194,0.6678263965316014,0.7445796071256678,0.6652400125027308,0.5527545289024421,0.9186419772383945,0.8835691887316837,0.0,0.0,0.0,0.0,0.0,0.0,0.0,0.0,0.0,0.0,1.6339313957812358,5.925734600589049,5.427004207571446,0.6754571952866247,1.0424003840774125,0.7679748437234879,0.8215987893146502,0.7021330731623148,0.6274407799347503,0.8061745202572151,0.6889768113081141,0.6373052798308558,0.3403402090188807,0.8729113886759771,0.6992340005065181,0.0,0.0,0.0,0.0,0.0,0.0,0.0,0.0,0.0,1.520586614546957,6.151531115551495,5.566731334862302,0.5777623812421578,0.678812820655005,0.6705107827958178,0.7847173608086048,0.7567013112360328,0.8071234570535024,0.6268692997079348,0.7969556765209942,0.6350285908162044,0.6910857810351916,0.35871926130953113,0.4429466999352485,0.16486746141939257,0.0,0.0,0.0,0.0,0.0,0.0,0.0,0.0,1.819005590616987,6.161496537389358,5.336888453568255,0.7256345172442741,0.6401102145435821,0.8086011288501437,0.7033691578227941,0.5736401944648315,0.713681432956815,0.8799119918273814,0.7166069230750107,0.7871220825929438,0.9743493256665386,0.9008563741249931,0.0,0.0,0.0,0.0,0.0,0.0,0.0,0.0,0.0,0.0,2.1863298089220136,5.147521661775867,5.901279690343394,0.9620147750192379,0.5594502576236172,0.7752184108812391,0.5635862553358509,0.9425899706276943,0.7668435889720815,0.7007849478382548,0.6556554774732599,0.8759723112397381,0.5377423824403432,0.0,0.0,0.0,0.0,0.0,0.0,0.0,0.0,0.0,0.0,0.0,1.5921863358741875,5.963150169000349,5.797748504487248,0.8082657982631622,0.6880189354878823,0.9119459587629589,0.6666873114906166,0.5390235875407124,0.9735253545780214,0.7825053756647065,0.5553892134883734,0.6642534072540366,0.6222055472587218,0.3070267727704472,0.0,0.0,0.0,0.0,0.0,0.0,0.0,0.0,0.0,0.0,1.7977486322880436,6.311351931565365,5.264801107715901,0.691831441147269,0.6408161499925644,0.7985309956860395,0.503491087792054
5.940516204741216,1.0947953093309668,0.8200303320255583,0.6305469509484926,0.39237998339878577,0.5908339188508904,0.8812020991209124,0.0,0.0,0.0,0.0,0.0,0.0,0.0,0.0,0.0,0.0,1.6455667250196784,5.607902351455318,6.194098366009093,0.6294274154479564,0.6997433371816031,0.6941197700026569,0.8250196204428434,0.8962159237383303,0.7594592050870264,0.5813545869882945,0.7187681315688017,0.6937837759063323,0.8411880943393049,0.6101234737814227,0.0,0.0,0.0,0.0,0.0,0.0,0.0,0.0,0.0,0.0,1.529031817596072,5.557870534028564,5.751052988342,1.4456317165459895,0.788856954940358,0.6554551714118116,0.797841723093498,0.7084494767376783,0.7317964877687444,0.748154211511283,0.6814870726998858,0.5405809386577178,0.6729784757708607,0.9069192795164447,0.9343423217571001,0.022708580968871305,0.0,0.0,0.0,0.0,0.0,0.0,0.0,0.0,1.9707458604193842,6.097373307883576,5.472624889271304,0.726325546827463,0.48018797667700025,0.548364065015396,0.9999011069526905,0.6315643696516515,0.7310037526331308,0.7459962016976068,0.7153696757959879,0.9040431840235371,0.254511710047705,1.0216853650394437,0.6965765257879237,0.47515220124334034,0.0,0.0,0.0,0.0,0.0,0.0,0.0,0.0,1.7936548678921262,6.209333234874928,5.596346920850421,0.635088602196461,0.6302440143498406,0.6465191487316678,0.5878166767823148,0.6725545023351501,0.8222154573533956,0.4573104787098071,0.7279173681508095,0.6554827023991496,0.7255538320302781,0.9306847584899425,0.0,0.0,0.0,0.0,0.0,0.0,0.0,0.0,0.0,0.0,2.206621677495173,6.209333234874928,5.0849741781660835,0.6551151634493315,0.7300780515771157,0.5888737414054028,0.7391751392987838,0.6936229672050084,0.659512878450868,0.7340148009742274,0.9213453011521373,0.722152302142617,0.6434875757926036,0.06835114589374054,0.0,0.0,0.0,0.0,0.0,0.0,0.0,0.0,0.0,0.0,1.7715563995787174,5.9986287402399014,5.586502000340922,0.815827195815776,0.6382055926727533,0.6551287129770165,0.6399828081851784,0.5552129416638849,0.8742049631242768,0.7320438643488757,0.6663170124497482,0.8573864917725382,0.6589136916082787,0.19437810385825305,0.0,0.0,0.0,0.0,0.0,0.0,0.0,0.0,0.0,0.0,1.8136499926413703,6.164550439367722,5.555268083729229,0.7810835035582726,0.6167876604245719,0.8424328115782234,0.7032471069195269
5.733732805894696,1.6245154988433648,0.5676972188443584,0.8280308251769961,0.5448957428482102,0.926527463195829,0.7238121492128777,0.0,0.0,0.0,0.0,0.0,0.0,0.0,0.0,0.0,0.0,2.036751644972046,5.351304899003791,5.577841088393471,1.3561891977587763,0.5607926746667535,0.8417322134690449,0.6787924765384161,0.6484489504834849,0.6451087943688504,0.7811105783677202,0.5184083715698818,0.7870645493795699,0.6627361533097321,0.9332947761035513,0.0,0.0,0.0,0.0,0.0,0.0,0.0,0.0,0.0,0.0,1.4325849936845234,5.434693961007123,5.334995891712019,2.3089539625757562,0.6959660490782829,0.7081012736143734,0.5326213004646123,0.8325197487657601,0.6295636787751049,0.6729102198199355,0.5034725820262064,0.7334679226186187,0.7199120648610033,0.7314728117466239,0.883604037870988,0.02252544750558627,0.0,0.0,0.0,0.0,0.0,0.0,0.0,0.0,2.012413399311235,5.677199844967688,5.671699899000574,1.3316387242971923,0.792538616029606,0.6183651324907226,0.6515973447761348,0.7292857786177536,0.38761547732675294,0.7148741990489762,0.6569954525318927,0.6982463043573959,0.7597520949768805,0.5055289007459045,0.9041789801099487,0.49810624718248064,0.0,0.0,0.0,0.0,0.0,0.0,0.0,0.0,1.8461103616487584,4.999885632410795,5.394171958139995,2.447072137122943,0.5811434317189398,0.6714815618154415,0.6980456974853094,0.571851433342023,0.589047365592963,0.7083316886974309,0.6054924264102663,0.6860660419618937,0.7980482782778295,0.7566820547315443,0.0,0.0,0.0,0.0,0.0,0.0,0.0,0.0,0.0,0.0,2.1216162042857896,5.776845234040007,5.531306251974803,1.068153777071873,0.6362890120021517,0.7448321683414367,0.6777661612762851,0.7178692530902717,0.6253273495102168,0.48641156271340047,0.6127749848529035,0.696546613179358,0.6845784386091199,0.01878571642405369,0.0,0.0,0.0,0.0,0.0,0.0,0.0,0.0,0.0,0.0,1.917585422976354,5.568661150751969,5.810976309540656,1.4926588187267544,0.7830762746857495,0.7326585911581683,0.5523851558028311,0.5347475363281475,0.6126149093112397,0.7997255435157169,0.7148233555435147,0.4940101716942372,0.7706021503849563,0.8711585800096402,0.0,0.0,0.0,0.0,0.0,0.0,0.0,0.0,0.0,0.0,1.8764922906613934,5.810828294337802,5.67005453149558,1.1715495816181893,0.707034056225705,0.4702075878116392,0.7631423242429101
5.492729816401191,1.331238743261624,0.8171802565716485,0.6717015538228168,0.5139782676510892,0.5123860549666975,1.0584314174881295,0.0,0.0,0.0,0.0,0.0,0.0,0.0,0.0,0.0,0.0,2.0508253321905263,5.377343896411215,5.804452165887403,0.5966716993908038,0.7190174967392209,0.662006360365045,0.6158560926776476,0.6092364801533929,0.6307508762866685,0.570254811938894,0.47955863050142866,0.83397253379153,0.6887361174434417,0.6661346962443827,0.0,0.0,0.0,0.0,0.0,0.0,0.0,0.0,0.0,0.0,1.4061551631342635,5.632635439755487,5.758535590119859,1.1399961386758333,0.5700954064146181,0.552205461415347,0.7373633171560137,0.7606212300513623,0.49264586876132194,0.7893708366832916,0.6975162519940042,0.6499149248726357,0.607720729530815,0.6931874134456631,1.112876930251377,0.15892388270713056,0.0,0.0,0.0,0.0,0.0,0.0,0.0,0.0,2.0453285976928264,5.928596235332046,5.293136743766746,0.596174847034717,0.6326427356626051,0.6602895456634009,0.7448105291447014,0.6518856978476258,0.6387463875869125,0.5213968774200378,0.7184806723260098,0.3685349387328759,0.791781567489771,0.7209610574910995,1.0817269731300065,0.5667954099895791,0.0,0.0,0.0,0.0,0.0,0.0,0.0,0.0,2.2756563350104866,5.76533278994706,5.210901292931476,0.7076518570673258,0.551577430137306,0.7481885712314857,0.5876185849668738,0.786664546194218,0.5098123697039402,0.6669003639715297,0.7630224180751558,0.39261631468665914,0.8979097067401698,0.9586922900254384,0.0,0.0,0.0,0.0,0.0,0.0,0.0,0.0,0.0,0.0,2.5435464525540583,5.944074426412461,4.82229607581041,0.9722943555520528,0.7002914763409565,0.7020045496007742,0.6691032568980495,0.6022555732121029,0.55847731776903,0.9058476441445559,0.6428463061870469,0.6988126107560301,0.5373856336386923,0.138061853568189,0.0,0.0,0.0,0.0,0.0,0.0,0.0,0.0,0.0,0.0,1.7166008911838488,6.059498727507503,5.47747949744085,0.6258550417550973,0.8051882198972947,0.6656011462582179,0.5455934162612733,0.7024424872993084,0.7253087504010621,0.617886957071085,0.6890984060321206,0.7608838768223046,0.50230542690232,0.6939464595785041,0.0,0.0,0.0,0.0,0.0,0.0,0.0,0.0,0.0,0.0,2.292093703294955,5.829661659867273,5.2601775213794,0.7155755863975752,0.6622987586542716,0.6996581708319806,0.5875338873409208
5.733943929461365,1.1873314765516236,0.8868079207064973,0.6146864779693165,0.692038946877916,0.6996301883512008,0.9260073122187658,0.0,0.0,0.0,0.0,0.0,0.0,0.0,0.0,0.0,0.0,1.8622310825202864,5.161240948301779,5.734102764752337,1.2168448961571579,0.7780035657839134,0.6951666792114689,0.7337636950441437,0.5503053426453562,0.8540262833390041,0.7260644054216419,0.4242576080324283,0.8806857174054619,0.5580295949474643,0.7902088882234931,0.0,0.0,0.0,0.0,0.0,0.0,0.0,0.0,0.0,0.0,1.747242480009879,5.817656736160721,6.006082030539788,0.6050689200812503,0.7169305858408165,0.6322501286871698,0.7053920971192975,0.7107455256751467,0.6772511739835418,0.80569187805045,0.6576476043542505,0.6152931589365556,0.6605911177853162,1.0432382873621335,1.099773023418468,0.0,0.0,0.0,0.0,0.0,0.0,0.0,0.0,0.0,1.892831959229373,5.610342498176301,5.846763646993251,0.8798954734034804,0.6065522209650572,0.6288539397384103,0.6530693575412224,0.5990968598742479,0.8408086065924781,0.70567246091713,0.707243394311956,0.6650290937998649,0.8083464818532307,0.5648082338770744,0.7977208318187579,0.22565808909072818,0.0,0.0,0.0,0.0,0.0,0.0,0.0,0.0,2.0324839262042684,5.728066987174046,5.65660480598864,0.6176260267391205,0.6921499309166459,0.8574268166623692,0.6464683091538854,0.6172785066644068,0.7633777519615681,0.7049886059709427,0.7308517907368308,0.7244803799300673,0.6762375165581974,0.628891318976346,0.0,0.0,0.0,0.0,0.0,0.0,0.0,0.0,0.0,0.0,1.8315629527857111,5.588108010642949,5.850730982910476,0.8568409337054913,0.6612117941621435,0.7064404186157085,0.5631336500872355,0.7620196547722295,0.7344915403351319,0.7166171449405576,0.6952133884120346,0.7188408648105183,0.7320147654494906,0.4516727747956768,0.0,0.0,0.0,0.0,0.0,0.0,0.0,0.0,0.0,0.0,1.6008681897737649,6.139786078232392,5.75548919525868,0.7584880909254906,0.7155011613816131,0.7439915878893119,0.6810369950706119,0.7553015269519954,0.6344273636171444,0.7128088471652296,0.5842924079364433,0.6157908510373409,0.6233733782685118,0.5307576689808542,0.0,0.0,0.0,0.0,0.0,0.0,0.0,0.0,0.0,0.0,1.8545493598819727,5.912070724013954,5.906982323266479,0.7168954335073416,0.6549046431269824,0.7594308007495701,0.6988451418043768
5.950805325599235,1.0102910027353478,0.6605715950605296,0.5408746774224096,0.7200525472422781,0.7762475760748133,0.7619932372173038,0.0,0.0,0.0,0.0,0.0,0.0,0.0,0.0,0.0,0.0,1.7062522853454887,5.6995704390928585,5.97189331079464,0.826834280195568,0.6433016825317837,0.6673876141703831,0.8082332044294563,0.7319879030199614,0.47549586218895606,0.9714534416854606,0.6605806171755687,0.8301813850663888,0.6778893415146447,0.5494963126970557,0.0,0.0,0.0,0.0,0.0,0.0,0.0,0.0,0.0,0.0,1.6632289328583238,5.666931137319125,6.008089134807689,0.7583932400420051,0.7134287574006338,0.711070895577024,0.7688985210957329,0.6950836741531224,0.5837108180422172,0.8666811501279487,0.6196884908889747,0.6996675042546684,0.6401894483916573,1.1692747218718245,1.0267556614477649,0.0,0.0,0.0,0.0,0.0,0.0,0.0,0.0,0.0,1.83028152403097,5.87514146456988,5.464231258620685,0.8480210233330951,0.6790880277224168,0.691062663093491,0.7148871069829361,0.8034548495977866,0.8332518453796967,0.6223603376166201,0.606534016860563,0.7678914730899689,0.5772217191304394,0.7743140636970631,0.9982517077956548,0.48793998961599416,0.0,0.0,0.0,0.0,0.0,0.0,0.0,0.0,1.938936344562416,5.866139494429108,5.603809175598607,0.7321209415921146,0.6698211772805854,0.7388040878097037,0.8155224083340963,0.5879177042397203,0.7922744678047431,0.703491172882832,0.6725934311340463,0.7527220479224782,0.6722061331539917,0.7948590662761035,0.0,0.0,0.0,0.0,0.0,0.0,0.0,0.0,0.0,0.0,2.4645497189638865,5.5260231591482265,5.242063569890904,0.9047683267325309,0.6249483106302031,0.7699925251446944,0.7264695838752923,0.9093461891409745,0.6549594343353184,0.7299625517685038,0.8157167811428918,0.5642642389311435,0.7630509402804679,0.6694165088997197,0.0,0.0,0.0,0.0,0.0,0.0,0.0,0.0,0.0,0.0,1.9319797778261008,5.784867413633425,5.46689532358569,0.8595066012140654,0.8529253126866497,0.7253218707340376,0.6916588317984304,0.5807548936622937,0.6769295268105527,0.7284491079865146,0.6648788845357891,0.9118635623812993,0.8955538536828389,0.6221031297145916,0.0,0.0,0.0,0.0,0.0,0.0,0.0,0.0,0.0,0.0,2.2582928806058398,6.273063038738412,4.88543413270707,0.5871759368001219,0.9003400762728402,0.6322432706953751,1.0094204848081092
5.510729446687272,1.4613433022991493,0.711091186803927,0.5604966453523897,0.6836325727821321,0.5259676912479984,0.6834678272198325,0.0,0.0,0.0,0.0,0.0,0.0,0.0,0.0,0.0,0.0,1.2997653891304646,5.063533492023956,5.126600084191081,2.672744260726561,0.7269684921362535,0.6849286404675244,0.5992341066364936,0.8876419066387519,0.7740916376313474,0.6886259969155013,0.7196019539769204,0.4669423290186191,0.6147249628395317,0.6025681037862025,0.0,0.0,0.0,0.0,0.0,0.0,0.0,0.0,0.0,0.0,1.441978741622965,5.207727649837766,5.739294979598464,1.7509603272155096,0.7502679868240217,0.7714148507269079,0.6409940666922428,0.6248863785548109,0.4933733945733011,0.7689046483724679,0.6500566783208857,0.6961979651952989,0.747925118119227,0.7875765738863449,0.5677071941297598,0.0,0.0,0.0,0.0,0.0,0.0,0.0,0.0,0.0,1.866184272953456,5.6487872049153935,5.763448609212333,0.9927332909455773,0.6910366847125727,0.7686456825731817,0.602966827964583,0.5894640081815999,0.7302125248603584,0.6159226161276357,0.5729991128042113,0.7975827133508172,0.6087393606713655,0.8187153695622031,0.6651041912457596,0.20264088097409694,0.0,0.0,0.0,0.0,0.0,0.0,0.0,0.0,1.7826234811221744,5.209220885344221,5.3735373493883225,1.6285945274584561,0.747473062416894,0.6763545230113434,0.6852206004151583,0.52993838431691,0.7106052419399996,0.5595596370319855,0.5410745479100418,0.7494541174472049,0.4907145903268467,0.8772305349360867,0.0,0.0,0.0,0.0,0.0,0.0,0.0,0.0,0.0,0.0,2.3587913455585134,5.5756528535881955,5.706991539642119,0.6324792226653513,0.6484516855195989,0.6184756584171535,0.7690175979141737,0.5678503188845186,0.721969637162074,0.6863382074902156,0.7007704930695551,0.639809849996989,0.6769768674450256,0.4316390625188582,0.0,0.0,0.0,0.0,0.0,0.0,0.0,0.0,0.0,0.0,1.930846570317882,5.546409898390471,5.380898661145579,1.3936350869820866,0.8347254620560111,0.6028573770118928,0.7223019417592135,0.5315579809365347,0.8634044331488239,0.6402569551702282,0.6218918883586096,0.5196012948496515,0.6988734912400034,0.21943438528764445,0.0,0.0,0.0,0.0,0.0,0.0,0.0,0.0,0.0,0.0,2.053676003217346,5.775654414322871,5.831256514347247,0.5805470763175781,0.6575356492019652,0.46554115033636373,0.9381220857035057
5.990603899354333,1.0996594754050795,0.7080405789876126,0.26834761070948443,0.8478173184398966,0.7643592596462593,0.5576468871501632,0.0,0.0,0.0,0.0,0.0,0.0,0.0,0.0,0.0,0.0,1.8296405884559859,6.186784773054877,5.576097820369059,0.5779026275817605,0.8696207975331459,0.7062191231945377,0.8355491218465921,0.46896106443528507,0.7889874019573387,0.4414559044022364,0.7637774679813096,0.6060697109312285,0.8307116169491214,0.34950220695076883,0.0,0.0,0.0,0.0,0.0,0.0,0.0,0.0,0.0,0.0,1.1841097623485444,6.177849482271173,6.062190700188888,0.7068678392996315,0.7048580726672465,0.6091644243830293,0.8297383448414729,0.6839934721007502,0.8440593186153774,0.6547766836994926,0.5350289866635723,0.9727207255736274,0.6204456567314104,0.9096442108632665,0.7311285917187345,0.0,0.0,0.0,0.0,0.0,0.0,0.0,0.0,0.0,1.7633974775150794,6.215825769077462,5.40029896747646,0.750066756050038,0.8478602300479466,0.6503241318594137,0.6367399231696713,0.6735006858661503,0.696124861413148,0.6027387889443051,0.8306771891095334,0.7168055744534745,0.4707234726829892,0.710102971616263,0.6520248808591472,0.33289658406505573,0.0,0.0,0.0,0.0,0.0,0.0,0.0,0.0,1.924915214324404,5.886236017516851,5.781843683974645,0.592043035281274,0.7338349884805144,0.6026691885166093,0.6035556647725457,0.7093707479639729,0.5612568849100618,0.959127931551205,0.5425781107277575,0.6792671133162134,0.6630635607614682,0.8062545653784218,0.0,0.0,0.0,0.0,0.0,0.0,0.0,0.0,0.0,0.0,2.0777853596670557,5.836980781415375,5.561999728765625,0.6872579692157936,0.8878434472523647,0.7025138417659069,0.7250982390899159,0.6166683777387567,0.8261125021206009,0.6295422871287035,0.8206191400518916,0.5747436205429209,0.6709655860900692,0.16418711518932483,0.0,0.0,0.0,0.0,0.0,0.0,0.0,0.0,0.0,0.0,1.4710061854380774,6.1922364319810015,5.7674349300844385,0.6800237462585365,0.8369787987070062,0.5247684756942941,0.739337465771363,0.6573455454666502,0.6173440356986049,0.6788376237362467,0.7244868498029162,0.4208649008139635,1.0183138591010699,0.418825315903428,0.0,0.0,0.0,0.0,0.0,0.0,0.0,0.0,0.0,0.0,2.018301182218762,5.961042938602636,5.555511526227795,0.7083998262744869,0.5557245766148712,0.7569687436960457,0.7626984532495852
6.041568909004624,0.8984879461875352,0.6090483135908242,0.6711093598869984,0.7284970999491882,0.6426220352634516,0.7984146323964048,0.0,0.0,0.0,0.0,0.0,0.0,0.0,0.0,0.0,0.0,2.0255539054082585,5.191513978454919,6.0910018732289215,0.6692671187501766,0.8140210579393529,0.6561027384123133,0.7415643339088751,0.6999221752733192,0.736364409621438,0.557344245727035,0.7413770640875473,0.7365939709498746,0.8048264723127049,0.5943091526528914,0.0,0.0,0.0,0.0,0.0,0.0,0.0,0.0,0.0,0.0,1.8404829155604185,6.043087062567941,5.434787064618057,0.8360271837271307,0.7764040304169831,0.7034489926014974,0.7726624240637089,0.746667461094134,0.8139499671747465,0.7987528099418134,0.7407718256572048,0.5612852016479772,0.3728904408206648,1.090877788954858,0.6491992002211919,0.15775229992454823,0.0,0.0,0.0,0.0,0.0,0.0,0.0,0.0,1.7434508927335015,6.099701263696608,5.624815247533609,0.7300707554201485,0.5397805498178894,0.6791174203491176,0.7271149621339695,0.7689758426981839,0.719397538978334,0.5733784312256065,0.7194074493471205,0.6549579560146972,0.3374467230806251,0.8570288764076297,0.8540383406428956,0.29785351617328537,0.0,0.0,0.0,0.0,0.0,0.0,0.0,0.0,2.1172883485486587,6.018304610487932,5.265133380800771,0.7438079635665669,0.7386792949423292,0.6683587145544172,0.8400723089724219,0.749783813562052,0.6034920819964851,0.7460166590234706,0.7965879416344284,0.7066328752942239,0.7509531423787845,0.7169545242522836,0.0,0.0,0.0,0.0,0.0,0.0,0.0,0.0,0.0,0.0,2.3666766209377643,6.083532071642033,4.967369678603624,0.9284921015780269,0.7240846497492025,0.6799943407975302,0.5496070267808933,0.8284341035262756,0.5558861604846158,0.7330386931736016,0.7120811422693011,0.6300215254873002,0.688489340662263,0.5839124992426665,0.0,0.0,0.0,0.0,0.0,0.0,0.0,0.0,0.0,0.0,1.7337793595376771,5.1212792213200355,5.909260576983745,1.1797233301189889,0.7097116707437093,0.6728984446364024,0.6760653691249435,0.6458237232786957,0.7604370920825017,0.6101105872000788,0.5775824014932696,0.5121410586140361,0.9192205254152029,0.9469570062807641,0.0,0.0,0.0,0.0,0.0,0.0,0.0,0.0,0.0,0.0,2.019518833333504,5.47270770950663,5.954507202931377,0.7701936289048148,0.677420557413113,0.5147771281149197,0.7230142160378538
5.463788125087743,1.5557476211782977,0.46593998056457087,0.7836514196923363,0.6706350011854043,0.5174950504029806,0.48727456397562285,0.0,0.0,0.0,0.0,0.0,0.0,0.0,0.0,0.0,0.0,1.8769075452958734,5.5760697619804045,5.701644423953874,0.8432213682058247,0.8660351860144065,0.6078427102780197,0.5417558041305957,0.7683378213936946,0.6689454320403881,0.7082430179829449,0.6027620686690027,0.719501347956972,0.1561285750052557,0.5784820279699874,0.0,0.0,0.0,0.0,0.0,0.0,0.0,0.0,0.0,0.0,1.459108705791424,5.208753207970292,5.551796067890956,1.9263719122249603,0.7966169356467888,0.5245550663754545,0.6638297030026713,0.676047153236666,0.7166038794085984,0.6079457604120099,0.6091471842531104,0.6008235104331686,0.47570745056920405,0.7872844112200976,0.8892107204997988,0.0,0.0,0.0,0.0,0.0,0.0,0.0,0.0,0.0,1.5419126119312523,5.094128894220461,5.1554555717488455,2.2859315407226894,0.5929214116435092,0.7241484788447075,0.6455688342408119,0.5229711296725067,0.5048695737072146,0.7502673513536777,0.876843334346642,0.5671128941244096,0.7277589109933607,0.8726881359805223,0.7919496817641276,0.1898060418045045,0.0,0.0,0.0,0.0,0.0,0.0,0.0,0.0,1.6740570844012366,5.140085839561993,5.611332674091957,1.5396073295854396,0.4202874319074401,0.6088809480084121,0.7414675524768819,0.5541702253731412,0.4934280348252404,0.6851696347984831,0.46850371083231235,0.7404557959736783,0.19387464843459495,1.1996704744395839,0.0,0.0,0.0,0.0,0.0,0.0,0.0,0.0,0.0,0.0,2.264214178468456,5.565018043779998,5.583101586039074,0.5002232546680713,0.6098659853149072,0.685707103379492,0.5948684225365006,0.6889345080744296,0.6997136969889416,0.5622189883225941,0.6850990291297174,0.7439839431003128,0.5707027661280795,0.6021703648612134,0.0,0.0,0.0,0.0,0.0,0.0,0.0,0.0,0.0,0.0,1.550210843672939,5.2757438273613895,5.639294993972084,1.4645955493413092,0.603507890838453,0.6593390262959132,0.6583483042542895,0.5845115841777021,0.577046132814656,0.6833168099219026,0.5387157171605405,0.7488680416070015,0.4734215278022427,0.839103141363595,0.0,0.0,0.0,0.0,0.0,0.0,0.0,0.0,0.0,0.0,2.0602831848451935,5.128191301101806,5.64530784749578,1.0950702715200933,0.6135900065822356,0.6604859661120913,0.6556945712240294
5.757723275201666,1.0623371212149124,0.7759503088410854,0.5684523368935701,0.5280387893431177,0.6962356165898124,0.8465675077685941,0.0,0.0,0.0,0.0,0.0,0.0,0.0,0.0,0.0,0.0,1.5577283559113297,5.487327150568533,5.753191584194328,1.2675403814527169,0.7159572307434511,0.6820357133690912,0.7219129405042451,0.41466123833336427,0.8829364000327516,0.7077479390770609,0.7443416551851204,0.8567598302090464,0.6405935689881335,0.8531825053171697,0.0,0.0,0.0,0.0,0.0,0.0,0.0,0.0,0.0,0.0,1.0450438156353243,5.783178308955638,5.863717601647999,1.2153081157379262,0.7062812274534956,0.7250017833648402,0.6105079365982601,0.5521312727789998,0.7482398063979369,0.6636999942373135,0.5572198429160529,0.8712680126280096,0.4876564603634959,0.6918489216299772,0.7136277564551329,0.0,0.0,0.0,0.0,0.0,0.0,0.0,0.0,0.0,1.729530479181399,5.737837169526642,5.971846240528064,0.7705644160153078,0.5695581306122262,0.7172684348920315,0.6140602240688167,0.6402774156988946,0.6329256584826444,0.6993123234315379,0.7034015855105206,0.6475351275307768,0.10211029953016784,1.2282270366325785,0.6067872578062358,0.0,0.0,0.0,0.0,0.0,0.0,0.0,0.0,0.0,1.4827256483145863,5.164277748043571,5.894669884606982,1.4415633737408968,0.7341763981701808,0.6613372301815263,0.7841167457397639,0.6647925701766139,0.7739062888041417,0.5679312569244439,0.7860053444732692,0.7351391721859182,0.5639298752088666,0.8114493344546331,0.0,0.0,0.0,0.0,0.0,0.0,0.0,0.0,0.0,0.0,2.0249474667148872,5.708590542714939,5.680877094855208,0.5808958960075016,0.6732224834846736,0.4831370222576704,0.9127594877100378,0.7567670034888356,0.6460872849305397,0.6514253719201955,0.6045302711904242,0.5019842436550718,0.8860840335951327,0.12817702473273118,0.0,0.0,0.0,0.0,0.0,0.0,0.0,0.0,0.0,0.0,1.5972804440133337,5.734721681317426,5.5817723585086085,0.8110690483369254,0.8862333793204141,0.6401027726688527,0.6686160811009214,0.6779782974369585,0.6728458901883178,0.6271993192317313,0.6564849227164794,0.6658595820709641,0.5629369372136479,0.8522005735835435,0.0,0.0,0.0,0.0,0.0,0.0,0.0,0.0,0.0,0.0,1.91925407772753,5.702679018299783,5.672229702424125,0.7893639740233289,0.6168244029036545,0.47955202508219535,0.7674578200325914
5.6787936449802405,1.2052702377408413,0.6754468848747279,0.6105100622448847,0.6283586149686778,0.6819570763187996,0.5386055995029153,0.0,0.0,0.0,0.0,0.0,0.0,0.0,0.0,0.0,0.0,1.410646846762282,5.219661040524502,5.73560691852705,1.5730287486954966,0.815191372498772,0.5795475002041076,0.6554753913082865,0.7082487745812691,0.6023758149950132,0.658686285554746,0.6659245322000273,0.6608423490081745,0.47808376760387716,0.40174271682395174,0.0,0.0,0.0,0.0,0.0,0.0,0.0,0.0,0.0,0.0,1.6655747267183276,5.623730063506438,5.699289423907211,1.4606282198554472,0.6431879199112832,0.6338866120402027,0.7103783722288213,0.6882533482760183,0.5608075103626312,0.832815117698468,0.49586215718670407,0.8637084154812021,0.5261880763902279,0.6830759632098715,0.5431101340347447,0.0,0.0,0.0,0.0,0.0,0.0,0.0,0.0,0.0,1.5493484816111192,5.552496289540235,5.483064724946174,1.2540886045110022,0.828480590177592,0.600841151006842,0.6673970081758857,0.6629747748284508,0.684507069104211,0.72831112144948,0.490427241228686,0.518874115110597,0.693016259318368,0.8794033714764679,0.8513171509663486,0.0,0.0,0.0,0.0,0.0,0.0,0.0,0.0,0.0,2.0022227555440937,5.347384727215049,5.552399650564616,1.3237897358405943,0.44661010383555,0.8029801134960999,0.6435640579382707,0.6858810294741712,0.3871939596339856,0.7230959754589666,0.6745225039202729,0.7010776321318749,0.6577326114795368,0.761390596151767,0.0,0.0,0.0,0.0,0.0,0.0,0.0,0.0,0.0,0.0,2.0799549801482895,5.2844408108993655,5.632328649001794,1.05177308528871,0.6879612454230708,0.5937137454443888,0.6540015522475857,0.5341978174881264,0.5385462413733401,0.47537279594612214,0.634547187028831,0.8471209500775425,0.5006153565509325,0.6502152455138984,0.0,0.0,0.0,0.0,0.0,0.0,0.0,0.0,0.0,0.0,1.779733365123061,5.542617073314444,5.80053592185871,0.9058787341190428,0.6551651330275972,0.6050474002219721,0.7242555010136199,0.5645677937185866,0.6324102347415743,0.5985334749724849,0.8545510766470502,0.5289958025385356,0.8003607660668877,0.3790419957768556,0.0,0.0,0.0,0.0,0.0,0.0,0.0,0.0,0.0,0.0,2.0613708134372506,5.760878747305947,5.461369427964086,0.7178791569055141,0.6886828939354437,0.5134378635592199,0.9164231458584637
5.75284676219929,1.2170450516167746,0.5844447356572884,0.8538622871636968,0.5701445674231537,0.8131006046424936,0.2611189247563406,0.0,0.0,0.0,0.0,0.0,0.0,0.0,0.0,0.0,0.0,1.4603215513060424,5.763155360174994,5.958001361870303,0.836877892062676,0.6694309183571951,0.7627923297156924,0.7779570069701499,0.702007825952795,0.8168044759306079,0.46555323111923425,0.6845425537440954,0.6987625845016622,0.5496987935295614,0.19196813022534265,0.0,0.0,0.0,0.0,0.0,0.0,0.0,0.0,0.0,0.0,1.6202647948947089,5.4252703807276195,5.420495804281209,1.5836723717721992,0.8560472485154378,0.5738987706394155,0.7920345424111991,0.6960243030165382,0.7676709325987481,0.7016912557137452,0.9101320812728464,0.6009211624703331,0.7628698529326114,0.8418139525404993,0.9692172027110851,0.0,0.0,0.0,0.0,0.0,0.0,0.0,0.0,0.0,1.9242091881892982,6.059859510359933,5.249556358866323,0.8648751533022698,0.6476501727970605,0.7148787306346983,0.7079190954181449,0.6819224123991843,0.8090338749392028,0.4591289337802523,0.8184042413782406,0.4974361241836902,0.7743861812529584,0.9048801489351215,0.5752644078405312,0.2393607057049905,0.0,0.0,0.0,0.0,0.0,0.0,0.0,0.0,1.9428285448884377,5.775187982584704,5.596819335290146,0.545342146930109,0.5083121263668795,0.9820017725156143,0.7846911477390854,0.660194169255418,0.6377170855985743,0.7359478549972558,0.6615134457138999,0.6988196321460908,0.7179542761521661,0.03060795854340292,0.0,0.0,0.0,0.0,0.0,0.0,0.0,0.0,0.0,0.0,1.9786069186372046,5.408560250049796,5.816361074593769,1.035381261787491,0.5931605621552672,0.7270929214179882,0.8577753786404441,0.7665210557229939,0.6473848526480308,0.6857935168902355,0.5279738623094268,0.8111595882347978,0.6263872032907435,0.659054528165429,0.0,0.0,0.0,0.0,0.0,0.0,0.0,0.0,0.0,0.0,1.6836801989308177,5.771597816327934,5.8838196951176736,0.7984507360214129,0.522458780478178,1.0649634316680365,0.6374655339890943,0.6739611046588954,0.7533783280666245,0.564412751272178,0.771974687078793,0.6396781970997346,0.8878832784469385,0.5967617077131466,0.0,0.0,0.0,0.0,0.0,0.0,0.0,0.0,0.0,0.0,1.660983897077391,5.8773079347757795,5.8623624802953245,0.638532391262067,0.5460411403376427,0.7734502713590077,0.6205641329860342
6.239563654677697,0.7067743177547761,0.6747891270392867,0.7594180082581585,0.8423331004529475,0.6467562132017929,0.9050355733682762,0.0,0.0,0.0,0.0,0.0,0.0,0.0,0.0,0.0,0.0,1.9834321466425775,6.163672522575672,5.2072110725149034,0.6631617403281106,0.651458557487126,0.7361338688269,0.5742297955923239,0.7471704822282705,0.7387361941200362,0.6966266741207349,0.5964975993413929,0.811034202319254,0.2721392467748868,0.31865341350586895,0.0,0.0,0.0,0.0,0.0,0.0,0.0,0.0,0.0,0.0,1.7307462761344787,6.15509257828119,5.2928199208262106,0.7831967881843154,0.6133719242797512,0.6668296629394015,0.6754308801286038,0.505521822757846,0.83183941287383,0.8139368120148828,0.7123858926230614,0.7889118012671565,0.6720231246107164,0.9265472936907649,1.1584309184471113,0.0,0.0,0.0,0.0,0.0,0.0,0.0,0.0,0.0,1.815005857114734,5.9108000237264955,5.473516085762793,0.7468661678169897,0.564823989160065,0.6231177419415613,0.7418140796170962,0.5993984263642329,0.6500481336845909,0.720651745108298,0.7217022926248005,0.7393018674037519,0.31018784431002655,1.0269686295458025,0.8395645115278221,0.46468161762628135,0.0,0.0,0.0,0.0,0.0,0.0,0.0,0.0,2.0362501373005153,5.754827691142138,5.309898861905774,0.7021615041705973,0.5260693752346304,0.5993784064685327,0.8446010811542285,0.7384876096778137,0.6602664099794955,0.6034337602327248,0.7750971201608249,0.6977943503488477,0.906936538417971,0.6262410788357714,0.0,0.0,0.0,0.0,0.0,0.0,0.0,0.0,0.0,0.0,1.9706594165104079,6.228869865107691,4.81978821544343,1.0837689075204335,0.7183149276976922,0.4261795936764029,0.8334928979399454,0.6372283240717415,0.7730616863351865,0.631594755996745,0.8265791424002504,0.5533772346925678,0.7610765536326343,0.36218570881421497,0.0,0.0,0.0,0.0,0.0,0.0,0.0,0.0,0.0,0.0,1.8364937002091777,5.671021672273109,5.743893122571794,0.4889406547305245,0.8795691951492283,0.7322760434755597,0.8281095891893016,0.6343437084873876,0.5711161345375424,0.8934314060826286,0.6535938148920414,0.7678426261462623,0.8695039224270578,0.56221775296674,0.0,0.0,0.0,0.0,0.0,0.0,0.0,0.0,0.0,0.0,2.0830403952269707,6.227885141351608,4.860923370136427,0.8533218985538564,0.5985785331949787,0.8366301784788439,0.7652990836535716
5.903893802905562,1.1020455702564471,0.6838927636265906,0.5419965605627928,0.5623337195348044,0.8196731370845814,0.7366857702596108,0.0,0.0,0.0,0.0,0.0,0.0,0.0,0.0,0.0,0.0,1.7671243426224585,5.1937033544013165,5.700709902574516,1.6099774134144758,0.5274194338178683,0.7667397942740337,0.6088647142641752,0.6609120561157543,0.727857094256764,0.7232665562231246,0.6692844528264339,0.660627679539983,0.6121344464928794,0.6933187000000274,0.0,0.0,0.0,0.0,0.0,0.0,0.0,0.0,0.0,0.0,1.526707059433435,5.722227192157677,5.811086306202767,0.9130147654616749,0.6869207405436372,0.6104534262242965,0.7705459112379924,0.652746884864397,0.7403497146559914,0.6671929154740129,0.6841139466144768,0.5311724187059941,0.7553472814163238,0.5750477917332759,0.9439330013614047,0.0,0.0,0.0,0.0,0.0,0.0,0.0,0.0,0.0,1.8267310297928419,5.903893802905562,5.499767206448251,0.8621877249547766,0.6989112099602837,0.7171563845294903,0.645377598140308,0.7317946483795733,0.6901265899062539,0.7390160075260921,0.732390749731211,0.5421693656023491,0.685171547881172,0.6347244091148389,0.6992144348991527,0.2148827821588572,0.0,0.0,0.0,0.0,0.0,0.0,0.0,0.0,1.8411281410825726,5.613307182206477,5.84883713497295,0.6184263615714027,0.775708901373077,0.6255346874295702,0.7292822340046822,0.6315769466287715,0.5084814448314846,0.8815370872342712,0.6994211437373129,0.5850525995483589,0.7080765148844814,0.7924779644531629,0.0,0.0,0.0,0.0,0.0,0.0,0.0,0.0,0.0,0.0,2.1377597455822333,5.527364343568415,5.663411748339824,0.6233674571110792,0.6994573872508055,0.7836891132027473,0.5294383679906012,0.7504220309532724,0.6955488720350963,0.6291239278991301,0.611931884977105,0.7784211793977218,0.6773289845017681,0.6169404880504571,0.0,0.0,0.0,0.0,0.0,0.0,0.0,0.0,0.0,0.0,1.7103490988620003,5.8322149064677085,5.903893802905562,0.8086715107675184,0.61809934783392,0.8061533688051307,0.7628564611892449,0.7474031836470687,0.6990821989051232,0.6319709008897515,0.6852051011042032,0.7543410712239598,0.5872221299996548,0.5102292032145997,0.0,0.0,0.0,0.0,0.0,0.0,0.0,0.0,0.0,0.0,2.013272995161901,5.8487022792985375,5.69316271249846,0.6527514865178432,0.5608363801038445,0.7848136457114545,0.6678826215741429
6.2700218032259745,0.5489338244530833,0.8324987228253901,0.6988845088056409,0.655175523947674,0.6120324918817996,0.4190676169409599,0.0,0.0,0.0,0.0,0.0,0.0,0.0,0.0,0.0,0.0,2.0492237108329596,5.9956289397021525,5.280650043311414,0.7454535989396261,0.7558358219404204,0.7273695423435677,0.7421141991145052,0.8073708369522168,0.8787362866072894,0.6376401767979009,0.49791076548564317,0.8192107322598305,0.7149716534776668,0.6653063454897801,0.0,0.0,0.0,0.0,0.0,0.0,0.0,0.0,0.0,0.0,1.9967312850630687,5.75305949706344,5.615519448697703,0.8101168903080632,0.6945657710877717,0.6305933292995225,0.8060675817041559,0.7913768147428226,0.5067233693971926,0.8949600585982086,0.7508579838353994,0.5295403535596823,0.5237034662084148,0.7554001072560999,1.3154964211782885,0.26887563351477173,0.0,0.0,0.0,0.0,0.0,0.0,0.0,0.0,1.7606601475405539,6.158967144364987,5.301376749509763,0.8630130526139161,0.7753586547829289,0.7641745259692233,0.4846339777592959,0.8376005489756468,0.7610123289331482,0.6305238750197996,0.6087232085039799,0.7648465995822035,0.3178207740189529,1.2885814476695487,0.8024032820511842,0.6778124649630769,0.0,0.0,0.0,0.0,0.0,0.0,0.0,0.0,2.310632215397418,6.2723910694581235,4.814133325262366,0.6284463390411817,0.7513391631636486,0.7143087536392981,0.6032874186318907,0.7730318337317749,0.8612835523424965,0.5432003698090908,0.632578616949132,0.8814020645007103,0.4934766364068902,0.978134946015369,0.0,0.0,0.0,0.0,0.0,0.0,0.0,0.0,0.0,0.0,2.0761106492502517,6.105547834969225,5.0883237708589055,0.7293647674414052,0.5975972639185306,0.8404471643039729,0.7149822370316932,0.575916676747263,0.6798230104199328,0.6638762050558819,0.6459508302955014,0.8267504906614808,0.5440525660730978,0.7530350865600894,0.0,0.0,0.0,0.0,0.0,0.0,0.0,0.0,0.0,0.0,1.9371015392133284,5.936204499466806,5.579503308077192,0.9172767095112356,0.5711712080072069,0.9233374129977592,0.6849316409189725,0.6846615604879922,0.5791102381743142,0.6868009458581229,0.8856923725512739,0.7339502407144378,0.7814687353598451,0.7760675397788513,0.0,0.0,0.0,0.0,0.0,0.0,0.0,0.0,0.0,0.0,2.3542035395782244,6.2723910694581235,4.587502377027399,0.8511589375901176,0.7651097505138958,0.5343721186644451,0.7974932153841684
5.8767020828404855,0.8911129084636041,0.6440596760131725,0.6349546762499215,0.684219073935127,0.7844784546044093,0.4939118500223785,0.0,0.0,0.0,0.0,0.0,0.0,0.0,0.0,0.0,0.0,1.6845765617786057,5.145826081268873,5.891524573543281,1.1653678007770507,0.6233907502894523,0.5350104296787509,0.8496520806060797,0.5893634191866026,0.8256560695534221,0.6240589161520591,0.5116498352307723,0.7224875139663012,0.6881879093298661,0.6674593396574543,0.0,0.0,0.0,0.0,0.0,0.0,0.0,0.0,0.0,0.0,1.636127701759734,5.74181878309359,5.950324296889775,0.798719223622203,0.7022726356332861,0.6383109372041034,0.5348484610997779,0.8570395013433977,0.7127612759767546,0.5796459951933565,0.47156961244194984,0.6448546379052503,0.5563458343730612,0.625309907676467,0.9187150124553511,0.0,0.0,0.0,0.0,0.0,0.0,0.0,0.0,0.0,1.5855743892765837,6.08446707301761,5.573893054604824,0.6448255870930303,0.8237988352079116,0.5786751630690263,0.6677900036132833,0.6925189698440323,0.7206561394161975,0.5378951880089082,0.7169366158860968,0.6307375638136014,0.4830513563480773,0.7970472608603733,0.3469147944939408,0.29098856120974104,0.0,0.0,0.0,0.0,0.0,0.0,0.0,0.0,1.8787212312475638,5.88311902348171,5.520818015466161,0.6868996207504896,0.7848399857858827,0.6421619248816767,0.6065487688244144,0.6259050848458948,0.7948024083022942,0.7946287786661095,0.8705227357182355,0.6158505554296735,0.8848464309005329,0.8349523395647553,0.0,0.0,0.0,0.0,0.0,0.0,0.0,0.0,0.0,0.0,1.547648356993219,5.624729771017032,5.628063458404275,1.2258119103279288,0.6811844204314694,0.6674628128665245,0.6045263311371991,0.699097905716513,0.5624568332224071,0.5445633775195102,0.7955891747717576,0.5615278845735615,0.7884685040267256,0.9268754829025543,0.0,0.0,0.0,0.0,0.0,0.0,0.0,0.0,0.0,0.0,1.180113628759539,5.9210376942693665,5.974016456336331,1.035922634755561,0.7316578156537088,0.6544776603899557,0.5696573258955074,0.6887793534766138,0.7629582338389999,0.7253786694679579,0.6040144780371224,0.8107932480204428,0.3649256387497047,0.7935237802948,0.0,0.0,0.0,0.0,0.0,0.0,0.0,0.0,0.0,0.0,2.00432966055301,5.81855109856707,5.646120276322289,0.4854407224472264,0.7293008010721982,0.666583154058017,0.8461575791140571
5.641708616872146,1.2674478590254257,0.6683490863597147,0.5989945120593119,0.601997938365137,0.5829279071060646,0.4433347048879773,0.0,0.0,0.0,0.0,0.0,0.0,0.0,0.0,0.0,0.0,1.89723887030687,5.126435783780415,5.913002500334613,1.1194040774605956,0.7267301309116093,0.7334114505398125,0.6566809672682409,0.726572868432229,0.6684623797739028,0.669430452137372,0.7036395303864824,0.3927156171210978,0.8645742880141828,0.9029517371606592,0.0,0.0,0.0,0.0,0.0,0.0,0.0,0.0,0.0,0.0,1.6233012474390058,5.306471924033116,5.830839936065218,1.1129882903146802,0.675628142559473,0.6601609826352737,0.6517539060140747,0.6473465901898158,0.6354686711037643,0.6386980656491935,0.6927927669626964,0.6922335806922072,0.6266563150866111,0.8198082976761942,1.0049699210657295,0.0,0.0,0.0,0.0,0.0,0.0,0.0,0.0,0.0,1.779129517806954,5.922355574334678,5.665296389957888,0.7474039515738864,0.6931655745465692,0.7362602470596902,0.6520213973556269,0.6477818560346505,0.6573196429128912,0.4911698488442419,0.6779326214245497,0.607179342610589,0.5826658403130638,0.7009408292376755,0.731664668210648,0.3035871859832279,0.0,0.0,0.0,0.0,0.0,0.0,0.0,0.0,1.6967846019888766,5.914086129406942,5.658350062896779,0.8695020814194601,0.5254603278783976,0.6588665838461076,0.38454996642206274,0.8125019050617216,0.6592245092758673,0.619255417019543,0.5801592847288567,0.4280161268234845,0.9014607378120658,0.8082758395216599,0.0,0.0,0.0,0.0,0.0,0.0,0.0,0.0,0.0,0.0,2.081538580332211,5.594749976339367,5.406022262096692,0.7030876436613399,0.593559546066281,0.8990824541599621,0.5747991111519215,0.5842538373106579,0.535288359379249,0.9573588388332978,0.6708770568080984,0.5918141579731265,0.6727961319168222,0.5691644572371086,0.0,0.0,0.0,0.0,0.0,0.0,0.0,0.0,0.0,0.0,1.777214847714161,5.7651559732626145,5.794184818161267,0.5071624333197784,0.9758633602372371,0.5691528078174368,0.6812196532838568,0.5895548363902635,0.7157532876428256,0.6426521004229248,0.661160789384625,0.6608061464926046,0.5039926853797094,0.469596038459418,0.0,0.0,0.0,0.0,0.0,0.0,0.0,0.0,0.0,0.0,1.9149893233909816,5.345599818073964,5.912450066183309,0.7907448366236338,0.6507048410136927,0.6703394963330876,0.6102822244693845
5.453340020409232,1.1213763104044179,0.6080311717342572,0.845434949928772,0.6583745172802121,0.6933299035448782,0.7836841939704549,0.0,0.0,0.0,0.0,0.0,0.0,0.0,0.0,0.0,0.0,1.4633488138954682,5.418276409931366,5.923081321404435,1.2098764125471253,0.6954167608942211,0.7109803346062437,0.5542729266106053,0.7534689160922666,0.7374849832935477,0.643406850890718,0.7683031063211081,0.6403058916702062,0.6320931570552283,0.3949049038506716,0.0,0.0,0.0,0.0,0.0,0.0,0.0,0.0,0.0,0.0,1.6295021814875146,5.774298826171338,5.84070799905637,0.922822526948841,0.7682221456741931,0.5601869860427893,0.5491855403326819,0.7960647534692203,0.7038981403040875,0.5889133105214862,0.7537624698281397,0.4486504214340347,0.6260877013926294,0.8164807519850878,0.851649991463125,0.0,0.0,0.0,0.0,0.0,0.0,0.0,0.0,0.0,1.7335676433422138,5.959883608260633,5.401080670996763,0.8950493567012026,0.7076870010268934,0.7133154081788141,0.6628153905722255,0.6618446575704675,0.6778443575268926,0.6381781033200871,0.6971287434011892,0.6623785087194718,0.5861646817475901,0.7608798739224722,0.6941246904687848,0.17367215577427864,0.0,0.0,0.0,0.0,0.0,0.0,0.0,0.0,1.8266158062298086,5.707690544503738,5.755754292683695,0.6564710750362772,0.7239992256418459,0.565171112005902,0.8501983853369047,0.5242434674413307,0.7323950791764602,0.6380582035141562,0.868862473545054,0.5857499816562244,0.6806413027800163,0.36846041939216756,0.0,0.0,0.0,0.0,0.0,0.0,0.0,0.0,0.0,0.0,1.9513529574008368,5.122676886883079,5.945811523596855,0.8407699592691446,0.5195370677286342,0.8291853238090438,0.7360635481048162,0.6764124835593776,0.6787588889126052,0.7330714511521544,0.6613858768375583,0.7059243610942683,0.4769738506616996,0.5419788836478441,0.0,0.0,0.0,0.0,0.0,0.0,0.0,0.0,0.0,0.0,1.8306017595985438,5.74062322334976,5.809624697006047,0.7268349372353141,0.6648210628820932,0.6212812161972463,0.613378523914849,0.5049406599063064,0.7253560424984201,0.6950014447401064,0.6583606676019482,0.692129887672302,0.63599038183645,0.3384155816127983,0.0,0.0,0.0,0.0,0.0,0.0,0.0,0.0,0.0,0.0,1.97810588205604,5.445360861559938,5.819134745953001,0.7897980687929983,0.6526836516796217,0.7450331377458996,0.5808232661767401
5.641558540341687,1.0514561230825932,0.873163098255447,0.599526130273702,0.6816172927047177,0.6514305062046066,0.7601878509829074,0.0,0.0,0.0,0.0,0.0,0.0,0.0,0.0,0.0,0.0,1.8989606404830806,5.771648349937384,5.646366501060744,0.6631410250248524,0.5391765654848745,0.9796045781712281,0.6369978567179899,0.6297051860458602,0.7244769574371943,0.7374858556380245,0.7377178919100777,0.5777628164672971,0.4441415808500947,0.4730371401176782,0.0,0.0,0.0,0.0,0.0,0.0,0.0,0.0,0.0,0.0,1.4284575930837171,5.755667730966595,5.892213467212663,1.144585817483621,0.7052957193352842,0.8744891147932782,0.8296155232028176,0.6882715535385863,0.7049963609404285,0.6854237707614914,0.6101029437609449,0.6414397524742387,0.31255559085819606,1.0974083740793759,0.619580068629612,0.0,0.0,0.0,0.0,0.0,0.0,0.0,0.0,0.0,1.459685419907017,5.935247733648286,5.59868621917621,1.2575484583907222,0.7455506529142775,0.7494147735700263,0.3320213026680235,0.8960524327353668,0.5388584037555036,0.6505713982378805,0.7004187390978616,0.7443427484637325,0.6005388958389176,0.5191084795923828,0.4698072747944673,0.24467782094310664,0.0,0.0,0.0,0.0,0.0,0.0,0.0,0.0,1.6831982806693357,5.824618244104763,6.001051647624363,0.6287397055550162,0.505012946696751,0.7649287053455889,0.7243622603339666,0.7324392824561183,0.603137129137125,0.7080466378817095,0.6997378253506307,0.7786733928708397,0.6460154162438905,0.520957179823581,0.0,0.0,0.0,0.0,0.0,0.0,0.0,0.0,0.0,0.0,2.2482215860046804,5.10015819667278,5.86459008759989,0.8265437957815815,0.5614665526121029,0.6668571166487407,0.5733663149322287,0.8351141133542752,0.7802820834255283,0.6854414649591904,0.6906424311571642,0.44366363705438944,0.7073835164969111,0.47701379748400896,0.0,0.0,0.0,0.0,0.0,0.0,0.0,0.0,0.0,0.0,1.6783450660410941,5.990606598806716,5.880625991657524,0.9151078755869765,0.8051903643809792,0.7681380309732807,0.639523742593726,0.6974810268543403,0.5541005938564469,0.8627388254356472,0.692941547402803,0.6309220556088746,0.43657519323651994,0.20972938599619084,0.0,0.0,0.0,0.0,0.0,0.0,0.0,0.0,0.0,0.0,1.4953958019255225,5.733726907369419,5.329207376047378,1.7368373412045242,0.7947830040556302,0.8029541977666728,0.7452482315666423
6.1756912184538395,0.9946529833557058,0.6423738179772593,0.9281820451380091,0.45811238790021996,0.8781609728330837,0.9689609528139892,0.0,0.0,0.0,0.0,0.0,0.0,0.0,0.0,0.0,0.0,1.9339223492230173,5.580591990756758,5.858043149115952,0.8450361895069183,0.3035024565643985,0.9304483303372213,0.824765462412558,0.7688768546341184,0.7379213839099868,0.7866178490366499,0.7392112444610942,0.8019417955702469,0.6877229953821067,1.098828172355212,0.0,0.0,0.0,0.0,0.0,0.0,0.0,0.0,0.0,0.0,1.8057468301125592,6.08260058491119,5.337264810688427,0.7967660813473889,0.5467234860112488,0.8204158323696813,0.7419762649727759,0.7529455909166245,0.7367381638169135,0.40820173247343167,0.7736409970785898,0.7075625819510056,0.5344120421821537,0.9001865775528973,0.9686422273312538,0.0,0.0,0.0,0.0,0.0,0.0,0.0,0.0,0.0,1.8629562275268257,5.723562187817382,5.7538860603662885,0.7052330163665501,0.7348759120304288,0.5233157570541946,0.8657306174255687,0.7743304954431558,0.6598052748621912,0.7752780067405921,0.7806364581631606,0.7008040954033401,0.3916152701076799,0.8213935800929908,0.4807104714128272,0.18461218294988582,0.0,0.0,0.0,0.0,0.0,0.0,0.0,0.0,2.0921045161889404,6.225892022160179,5.00105958990873,0.7436831647098461,0.8275081682816126,0.7016819458851293,0.6935836266107677,0.7486088797528574,0.7663520882924136,0.679371029183115,0.6658775237158169,0.5959827043785086,0.35705971834820294,1.1833083653193188,0.0,0.0,0.0,0.0,0.0,0.0,0.0,0.0,0.0,0.0,2.0815188904880086,5.755385869031709,5.335524953960007,0.810504287257899,0.8549760380095893,0.6965367283156878,0.7803377803686621,0.5949433042986475,0.712742921714452,0.8212593425351337,0.8293931316834113,0.647179076098398,0.7487458658704904,0.493474446263793,0.0,0.0,0.0,0.0,0.0,0.0,0.0,0.0,0.0,0.0,1.9595135407407085,6.33740047631818,5.0590302240908676,0.7690913694451744,0.7380072569244744,0.40610750699328635,0.8566614400719239,0.9914543641809959,0.8390970283172702,0.5955833168286815,0.6914755300183225,0.5577959951242125,0.8529339079568033,1.1112189793313945,0.0,0.0,0.0,0.0,0.0,0.0,0.0,0.0,0.0,0.0,2.0029232899751896,5.8792573665164936,5.587121846244844,0.6426444859922664,0.907086604836804,0.7315378231268105,0.8659125980805401
6.141194656827927,0.7026406256435302,0.5814613454830905,0.7062867810192539,0.6942594673970635,0.9214813185788453,1.025298213103782,0.0,0.0,0.0,0.0,0.0,0.0,0.0,0.0,0.0,0.0,1.8214549730404057,5.7029196205615404,5.552431501778095,0.8151981028160307,0.6518861101579471,0.6626911476271035,0.637533839272573,0.6198026116084802,0.656250515561557,0.7747394666498528,0.8033371466898663,0.7459830268092491,0.7604368930026992,0.820453116830901,0.0,0.0,0.0,0.0,0.0,0.0,0.0,0.0,0.0,0.0,1.6524272431506901,5.928420357562171,5.163927510642365,0.9901447282533381,0.601580905798242,0.8566619022435483,0.43122575276488473,0.8617482402305504,0.7365112573237655,0.7274903186401817,0.7326583477464351,0.5653390038295707,0.9645895881507034,0.7008449613400597,0.8054882595968186,0.0,0.0,0.0,0.0,0.0,0.0,0.0,0.0,0.0,1.9488742798266885,5.996064736206225,5.106269440364139,0.6532533514611115,0.5049414037727621,0.9034297163655834,0.6247299464715903,0.6828606414789817,0.5741636042953926,0.5798105086055679,0.8130357451078576,0.7432042302171896,0.5973864654143243,0.8321967081736615,0.7229856247879667,0.35637339052092176,0.0,0.0,0.0,0.0,0.0,0.0,0.0,0.0,1.8038641509563806,6.1270911656237494,5.0921051081797035,0.8330662810229287,0.6040704446055837,0.714200620016994,0.9193678721146019,0.6859067948098115,0.7730749449102811,0.8762763844171269,0.557221641886759,0.6361735704292031,0.8696761910676988,0.8711337994759247,0.0,0.0,0.0,0.0,0.0,0.0,0.0,0.0,0.0,0.0,2.323101919178371,6.304678617845138,4.487656566334033,0.8153977613423639,0.6184462251677939,0.6930321923129266,0.8426253662074303,0.6435164918480725,0.8824209900027469,0.7094842205237327,0.8028089508141312,0.7367013792608974,0.809406035061564,0.2543133816896468,0.0,0.0,0.0,0.0,0.0,0.0,0.0,0.0,0.0,0.0,1.8567693869473931,6.264118659137166,4.96198111127932,0.542119735712965,0.9612887933512226,0.7887840087734851,0.6288517987163913,0.7851065180722173,0.48107248417235005,0.6484884708253418,0.8061548726160991,0.7829891976682958,0.7212682174577132,0.709946515717867,0.0,0.0,0.0,0.0,0.0,0.0,0.0,0.0,0.0,0.0,1.9656651278235229,6.255206126071021,4.4464797566760055,0.9764291697604851,0.6512132314395563,0.7038492481800072,0.7266525311527668
6.000704392946812,0.8684878662938507,0.8343329754480484,0.7529197108895654,0.47459715197588853,0.99332720147899,0.7748957005249145,0.0,0.0,0.0,0.0,0.0,0.0,0.0,0.0,0.0,0.0,1.6493502644759652,5.350787744133349,5.7534221856379775,1.3212964944848693,0.6498121234553582,0.7129534313138295,0.6521653518185794,0.6406966284519269,0.8675203195623729,0.7607061989887929,0.6013839297486175,0.42759063444922274,0.7366843817163623,0.5464120926673548,0.0,0.0,0.0,0.0,0.0,0.0,0.0,0.0,0.0,0.0,1.1227854677064681,5.9232496378044885,5.687892953493536,1.1724964851581576,0.6437510109812373,0.6898573467764153,0.7286229447663449,0.6980643737972309,0.6568653312512188,0.6520572640678979,0.5396717184506388,0.8552950006390302,0.5865809818617809,0.7811921143659974,0.8261805025488113,0.0,0.0,0.0,0.0,0.0,0.0,0.0,0.0,0.0,1.4263407740243275,6.072165216339765,5.885329469140672,0.7461639878614253,0.6056198376260996,0.7360614984914372,0.5158615285625178,0.8177251455408177,0.7082982425844957,0.5827723988391743,0.7832911895637856,0.6150904073297289,0.523097028085219,0.9553250007168306,0.7476998048798532,0.4200708250128253,0.0,0.0,0.0,0.0,0.0,0.0,0.0,0.0,1.906044087752655,5.67911798251407,5.81697675840031,0.5593641829603856,0.7221262899859862,0.7930795531420448,0.6465114656578252,0.602737191652746,0.6626723157100748,0.7896657844978066,0.683596594684156,0.7493978408317511,0.7280956301847981,0.8130733439387523,0.0,0.0,0.0,0.0,0.0,0.0,0.0,0.0,0.0,0.0,2.171913365823409,5.680883934589217,5.535092348757329,0.6593932765479231,0.7504570135934604,0.6629684985481977,0.7086196672796157,0.7373948721690342,0.5902066906500337,0.7724000706813016,0.7079659783706679,0.7563601648002343,0.6929873014308883,0.3160325743935015,0.0,0.0,0.0,0.0,0.0,0.0,0.0,0.0,0.0,0.0,1.9631861378215691,5.4550560983632455,5.884568607903955,0.692231093082912,0.6863781321518044,0.7477716783634655,0.7040596156827086,0.6109528411961328,0.6687475299791901,0.7183787256886409,0.6149443243040171,0.7866132432633658,0.9561338743361184,0.6968954189444088,0.0,0.0,0.0,0.0,0.0,0.0,0.0,0.0,0.0,0.0,2.1600822613319046,5.990302688557743,5.163885711908396,0.6365028762202797,0.5810740325642946,0.8639877623411693,0.7431678770729329
5.721119304015002,1.1617533537102742,0.6601493608374911,0.534103760619234,0.6319532680180514,0.6711968491639841,0.7636722745616193,0.0,0.0,0.0,0.0,0.0,0.0,0.0,0.0,0.0,0.0,1.6897729831607489,5.134056948462066,5.730598639697474,1.3682461101360988,0.8299429562774762,0.6320682891044063,0.731123912831006,0.5869972150059111,0.4741610220589404,0.9116979056470007,0.782223227984771,0.6262976149143846,0.8108736670300983,0.7936905985509741,0.0,0.0,0.0,0.0,0.0,0.0,0.0,0.0,0.0,0.0,1.3596240524302623,4.917293522742158,5.604535187260569,1.965124906307067,0.8898035845792064,0.802872608877526,0.606935554264323,0.5984843174901258,0.6006671982705918,0.6769182696773706,0.5955730397689468,0.6538567502872741,0.26783436069972977,1.1913393758063808,0.3305758636199485,0.0,0.0,0.0,0.0,0.0,0.0,0.0,0.0,0.0,1.6330741625063747,5.824367187952827,5.49627612587735,1.0577064342585094,0.7480206736523402,0.4356483105676192,0.9765882624724083,0.6907983839240733,0.6047595805412023,0.7312453263414882,0.732541194227904,0.6725623726322578,0.5920904185291711,0.59253964680327,0.5379520998140386,0.03210185111056308,0.0,0.0,0.0,0.0,0.0,0.0,0.0,0.0,1.5365596630133638,5.672004137559875,5.725034945951271,1.0087017740138196,0.659977465764258,0.6304274535180431,0.5827832668578662,0.6026701447225813,0.6488063917458352,0.6689955870762947,0.5987764416497278,0.48603986048014863,0.45461612162080434,1.082634216226658,0.0,0.0,0.0,0.0,0.0,0.0,0.0,0.0,0.0,0.0,1.2727632592008096,5.560783423378442,5.755098210912842,1.2357622673402475,0.5570432524939397,0.7350964152694797,0.7425616880221346,0.5136053416976329,0.6154435706873181,0.6464061099410402,0.7320622951911423,0.6950668045056128,0.5648189014304554,0.6038881127585469,0.0,0.0,0.0,0.0,0.0,0.0,0.0,0.0,0.0,0.0,1.3177059392309154,5.824367187952827,5.824367187952827,1.214014636565405,0.7736861662271337,0.6157824256315025,0.759859595147828,0.5458291205179462,0.6756544713456806,0.5555537489624757,0.7763929338535374,0.5743131790114753,0.595714139722126,0.16995156362487354,0.0,0.0,0.0,0.0,0.0,0.0,0.0,0.0,0.0,0.0,1.6536357949701637,5.824367187952827,5.48940461412207,1.0730638619705961,0.6483862320630616,0.7440372397830561,0.5982684338807568
6.108555458991013,0.8815226521964754,0.7264801907829957,0.6951148271487477,0.7230457484313885,0.40515476353077734,0.7782416144606494,0.0,0.0,0.0,0.0,0.0,0.0,0.0,0.0,0.0,0.0,1.52893604072589,5.491176389906734,5.614747070043563,1.7016576707823359,0.6519936068024446,0.824936991311078,0.6539823602948218,0.5554935615547996,0.6052916236339488,0.9603063864428115,0.5032850537126854,0.9907378806967153,0.27185935593205696,1.276536754464228,0.0,0.0,0.0,0.0,0.0,0.0,0.0,0.0,0.0,0.0,1.3162767732676546,5.116380659924875,5.987750498857022,1.8310689100047604,0.6637983192943341,0.6649889669190002,0.629640612184083,0.8764565837496127,0.5907342547966997,0.7184908633131522,0.6450600036716543,0.4998838975115282,0.5847285193646135,0.905779453949264,0.810245865752359,0.0,0.0,0.0,0.0,0.0,0.0,0.0,0.0,0.0,1.6300883814925213,5.4017435651307535,6.108555458991013,1.1085490293076181,0.7338189236506383,0.745470346724404,0.5436566672353429,0.7510459045913278,0.6440237426923097,0.8151241087563845,0.5847725437596542,0.7929236135345029,0.48384319247253815,0.8813094020857053,0.8182713957118438,0.3324490152114567,0.0,0.0,0.0,0.0,0.0,0.0,0.0,0.0,1.776789932263221,5.84717846866154,6.051595916510564,0.7063801345664075,0.7311023239008234,0.741034661919147,0.7489335240833622,0.6598259909430837,0.8591664019311255,0.6811007536492063,0.8191676779184474,0.721651374716166,0.705357918546007,0.8688514413097389,0.0,0.0,0.0,0.0,0.0,0.0,0.0,0.0,0.0,0.0,1.8584462682954612,5.935700047605238,5.768937618494555,0.953645030938001,0.6732146745241795,0.6293570537698786,0.6958551972143457,0.7501127975599344,0.42987219377628466,0.7627467880772676,0.562240887246467,0.7416117433431084,0.690483197475429,0.6170920262154984,0.0,0.0,0.0,0.0,0.0,0.0,0.0,0.0,0.0,0.0,1.6254511368339024,5.580946058474417,5.879752607223148,1.4426678193500595,0.5102630629902614,0.7628351129265841,0.6801290522391084,0.7770503759562863,0.7250942432668555,0.7285042349753702,0.6539473423301451,0.7561031257390769,0.6902932809673159,0.6975788545408619,0.0,0.0,0.0,0.0,0.0,0.0,0.0,0.0,0.0,0.0,1.765353983608616,5.8672990802064255,6.0070175829368235,0.7590208879774185,0.632101696637351,0.6945759030471234,0.6699108131573877
6.226645932353887,0.7064646350782264,0.8590171330106062,0.4604608566224304,0.9405154969080121,0.7150162991784211,0.8151052545310683,0.0,0.0,0.0,0.0,0.0,0.0,0.0,0.0,0.0,0.0,1.9818678793653302,5.8592848060916305,5.4816228792005415,0.844665352778834,0.5585790247088923,0.4721854214122386,0.7511253570820393,0.6904695565271058,0.5682633751060675,0.8993387651286723,0.7372597525715049,0.6103046732971528,0.9479106955137891,0.799036448359829,0.0,0.0,0.0,0.0,0.0,0.0,0.0,0.0,0.0,0.0,1.5749940863058463,6.037668952417421,5.786971038851426,0.7880080180499437,0.6783390182438143,0.8941005841036673,0.579910976836809,0.6891466043332889,0.6824607390173022,0.7353332259390715,0.6070335888652432,0.7168553861568714,0.4861951103122979,0.8841341387243693,1.008692177333635,0.0,0.0,0.0,0.0,0.0,0.0,0.0,0.0,0.0,1.7835808779548177,6.2437639087709655,5.509833719623742,0.49630933838804825,0.9019670760057314,0.7704298712599185,0.6438120892576233,0.7732854539659793,0.6660943533945975,0.6397795574575242,0.6003544690263384,0.7404651251669986,0.6594450408439324,1.0429898138991966,0.8780366882285833,0.06914183419157424,0.0,0.0,0.0,0.0,0.0,0.0,0.0,0.0,1.8057542712631995,5.7890190797028165,5.748194137195525,0.5992349602961411,0.7515575208218116,0.7733388021946412,0.7745298615805786,0.674124400606491,0.7897953241480347,0.7123461844741314,0.7665917846862657,0.6233678447708486,0.6101330638407134,0.8414662780966657,0.0,0.0,0.0,0.0,0.0,0.0,0.0,0.0,0.0,0.0,2.159900537411312,5.815729213922083,5.55458461943551,0.5857341133495099,0.6532565239658829,0.7717654103864414,0.742657977697271,0.7063366888273159,0.8869270219970298,0.6682298033467579,0.7530790555288169,0.7081855448664134,0.6596005535271289,0.6136391554783245,0.0,0.0,0.0,0.0,0.0,0.0,0.0,0.0,0.0,0.0,1.9515994233597702,6.1034521833597895,5.590129522704052,0.8942123484319273,0.6589074527676613,0.5216767572142161,0.9885737881129513,0.7749321875026088,0.5970179740701234,0.6659352959954556,0.7468058058585464,0.7257197125664817,0.7827833149026022,0.6794950641898133,0.0,0.0,0.0,0.0,0.0,0.0,0.0,0.0,0.0,0.0,2.16127964506508,6.2437639087709655,4.836175884204383,0.8446952494413198,0.6909364642738183,0.6343425300027432,0.6650742310925902
5.1835914815307085,1.6154621791600743,0.5711090624190065,0.6225882502737572,0.6120484612288882,0.6202804148411831,0.8272231964157903,0.0,0.0,0.0,0.0,0.0,0.0,0.0,0.0,0.0,0.0,1.504333872744553,4.879365303605231,5.458374664096034,2.1533148217235727,0.5585469402954178,0.6853430857847194,0.30212077294282436,0.8770189029029931,0.5690446519980157,0.655298533972816,0.5835271340509848,0.7058211255388018,0.6571881297800576,0.7114588282360952,0.0,0.0,0.0,0.0,0.0,0.0,0.0,0.0,0.0,0.0,1.6537339761933776,5.230193211037704,5.1803338352183514,1.8924757958747502,0.48662877379683234,0.7131735327984804,0.6700519975914153,0.6397699049870476,0.6734743372182272,0.6180699663856635,0.45897074508865615,0.6869322856342959,0.6534468225478101,0.859282314828306,0.8159923004729066,0.0,0.0,0.0,0.0,0.0,0.0,0.0,0.0,0.0,1.8843181908102693,5.36186985217423,5.249301097564382,1.48005464573825,0.5241543444663878,0.6910595027322473,0.5674173853638871,0.5006843867428881,0.4889764984429611,0.7123692677910674,0.5119186145189647,0.6002664051745515,0.5099519118219462,0.6613174128940553,0.6234701292841311,0.12493412627495923,0.0,0.0,0.0,0.0,0.0,0.0,0.0,0.0,2.161910612102705,5.1012495399522155,5.383156657241522,1.504260208445839,0.567483265846795,0.6404047553527865,0.6106581527161379,0.5812001164077731,0.6674082916780973,0.6320612007515659,0.7883434267502815,0.5073671699998896,0.8284187114825908,0.6693731699618196,0.0,0.0,0.0,0.0,0.0,0.0,0.0,0.0,0.0,0.0,2.114229860333445,5.139700278461881,5.093419614104212,1.4460365541579407,0.5223914203515585,0.5203107055201835,0.7911599706152572,0.507923498294403,0.7326687684366173,0.6647468670225501,0.6618288793920624,0.5818898332159408,0.5957158585707273,0.3950897313166963,0.0,0.0,0.0,0.0,0.0,0.0,0.0,0.0,0.0,0.0,1.9509426264677545,5.442396627443247,5.245123854187002,1.3530387304196771,0.6675080529295674,0.5630211810182909,0.5355851006778147,0.5093437306889249,0.8345519881397854,0.6130554517163556,0.5731659415964679,0.7346688355778911,0.40545800982987057,0.523460295246386,0.0,0.0,0.0,0.0,0.0,0.0,0.0,0.0,0.0,0.0,2.0907923716705845,5.338651578299448,5.5091547493850905,1.1668766318834933,0.5730748709858248,0.6736341047144604,0.5882724076221635
6.059094652039291,1.0428165389989945,0.6385883977247605,0.9538218769656108,0.7649295134347263,0.18403512692570193,1.1493304151401653,0.0,0.0,0.0,0.0,0.0,0.0,0.0,0.0,0.0,0.0,1.4350301053555814,6.154628641818155,5.90010545212965,0.7590446114177909,0.6300894107244632,0.7663197505144668,0.7097573889203637,0.5667086074869929,0.7708252283016475,0.4898622313303189,0.6534819007387183,0.7195897118560604,0.0,0.7753753495672433,0.0,0.0,0.0,0.0,0.0,0.0,0.0,0.0,0.0,0.0,1.4494720826388203,5.711548072877468,5.983258340240158,0.8470814748138249,0.5342527350055313,0.5439725869092799,0.8697338127623664,0.6431127929229885,0.7188469185169664,0.7002589681227204,0.7343964422473889,0.6595620736509988,0.8048935649240828,0.9041769824890571,0.9617686591262922,0.0,0.0,0.0,0.0,0.0,0.0,0.0,0.0,0.0,1.510509083337631,5.976703408596671,5.985799979691118,0.6957723217813452,0.5593318220258188,0.6435093645468467,0.9266587457204363,0.7122464078657185,0.6059853199513731,0.7070512861307483,0.6946001035948307,0.5589451487711646,0.5417903198922254,1.1391794233229535,0.5531237346807103,0.273549202431413,0.0,0.0,0.0,0.0,0.0,0.0,0.0,0.0,1.5383968300663717,5.87008574581733,6.066835597582378,0.7558811166515025,0.4568994112306102,0.48588752352362535,0.7054200976196722,0.4688058749314762,0.7688439484079052,0.8108957903289128,0.6255235740538999,0.9099292411190057,0.539046992026871,0.8193779028827453,0.0,0.0,0.0,0.0,0.0,0.0,0.0,0.0,0.0,0.0,1.949590806629805,5.031578459255688,5.87684051746418,1.0261192237267835,0.796852485661248,0.6973273929047857,0.7791117002004558,0.7349388130182781,0.8160447771897987,0.6112950115981232,0.8475404397107608,0.5828075702166997,0.6711706960210054,0.5641195494160313,0.0,0.0,0.0,0.0,0.0,0.0,0.0,0.0,0.0,0.0,1.5089751615598654,5.323669817051806,6.095120949898592,1.2945558842506133,0.6648775740125152,0.5018742978178865,1.0496615053317013,0.7878856035856203,0.7572696254525794,0.7305790010855543,0.650673592680988,0.7307000980931323,0.37552381813395014,0.667534073674851,0.0,0.0,0.0,0.0,0.0,0.0,0.0,0.0,0.0,0.0,1.6164836129668831,5.663512419885474,5.8853621740991215,1.1413003421875565,0.6568478876633251,0.7920340259969822,0.6498893044090612
5.842406169198312,0.9584791143820114,0.7354554369311053,0.4496840784433218,0.7996124326301052,0.18328733720820845,1.0115870103633444,0.0,0.0,0.0,0.0,0.0,0.0,0.0,0.0,0.0,0.0,1.921950714840882,5.814801029153138,5.452097214237965,0.8143863366490841,0.447291794642658,0.7031933632092033,0.9235823797400003,0.6840952204723084,0.24940425137928568,0.9606760704186834,0.635134115266142,0.5523583664264052,0.7488423232628931,0.5898796081896798,0.0,0.0,0.0,0.0,0.0,0.0,0.0,0.0,0.0,0.0,1.6159469447294283,5.605500411965384,5.784348828613901,0.7961962444706324,0.7968656327466196,0.7923677874618775,0.5034063020791355,0.6519411395111342,0.6837095111589907,0.6463101067725712,0.7541769850508029,0.5995992725669519,0.5307508459149715,0.6889717503184883,1.1583295955615487,0.0,0.0,0.0,0.0,0.0,0.0,0.0,0.0,0.0,1.9239015677394349,5.506684350708617,5.628778181338079,1.116459565122347,0.5931387529717366,0.609839894171787,0.9058960187145985,0.434396851968872,0.8078962634293754,0.6253007909104151,0.6428136123403585,0.589737259027852,0.37263651448078083,0.7055182908823144,0.7150735892073463,0.5136174397270387,0.0,0.0,0.0,0.0,0.0,0.0,0.0,0.0,1.8544444831830704,5.881036378117083,5.412705018351983,0.727807760731983,0.5679218010404145,0.6455393296999367,0.7310506179823619,0.6138521109881512,0.8053862999375062,0.49010653055371173,0.6658525710253581,0.6557390289550875,0.5997694140110869,0.8903703932466397,0.0,0.0,0.0,0.0,0.0,0.0,0.0,0.0,0.0,0.0,2.139545981923582,5.793212193724615,5.187156793569293,0.6863092582363177,0.6891152341328713,0.8005841161586489,0.635983887464647,0.5439722012150796,0.6691894904670073,0.6627515059047827,0.62144028080069,0.6334980338047462,0.627339107761645,0.6867054337086755,0.0,0.0,0.0,0.0,0.0,0.0,0.0,0.0,0.0,0.0,1.9698642461475253,5.881036378117083,5.290178154004632,0.7814724428590647,0.7281337196078286,0.6208467783448636,0.7173691846723851,0.5581757871795532,0.5059562352055621,0.7079677295003327,0.7284676932687079,0.6918377194891329,0.35647729603848893,0.7516127602072361,0.0,0.0,0.0,0.0,0.0,0.0,0.0,0.0,0.0,0.0,2.01720209255289,5.881036378117083,5.3693693088063315,0.7653573929849972,0.625830442585369,0.6187156595966736,0.5836779300212896
5.519629149359572,1.3430309683575885,0.7252788662720726,0.574303340317763,0.611870620750184,0.5590762585671367,1.0161931134778879,0.0,0.0,0.0,0.0,0.0,0.0,0.0,0.0,0.0,0.0,1.5873100509204967,5.617001203235239,5.836722066148651,0.9989236231646226,0.6095550959786341,0.7561498840948094,0.5254134088989428,0.6221112245517162,0.7586145910723643,0.7474627195225879,0.5268525565579013,0.6811928076537673,0.6249177301462243,0.5963541262491123,0.0,0.0,0.0,0.0,0.0,0.0,0.0,0.0,0.0,0.0,1.7575035440353979,5.7705498380876765,5.322477273015911,1.1255466144379147,0.6568267168352935,0.6812524111290269,0.7151166943058945,0.6758073670458516,0.5622520857456873,0.6921563303463617,0.7344348569942789,0.6811200617112035,0.26515083467312045,0.8642569804598788,0.40132160005180173,0.0,0.0,0.0,0.0,0.0,0.0,0.0,0.0,0.0,1.8469837459212357,5.773869061132979,5.6870807784925335,0.6354071007900203,0.7833144449195044,0.6217905874995078,0.7242767523034788,0.5171529579314184,0.805750827830556,0.571778916930692,0.5882247356848697,0.76416400583781,0.6462043956640191,0.45426266978076413,0.5057347115029511,0.10241106423742781,0.0,0.0,0.0,0.0,0.0,0.0,0.0,0.0,1.7250236785110102,5.625346671008772,5.910391501011105,0.7915552669698503,0.6260575808099547,0.6939507317062975,0.7226332386375988,0.6013360482413594,0.6705047776789047,0.7141693774067394,0.6499129677066493,0.6059841672677484,0.40086481900347537,0.8250305458808228,0.0,0.0,0.0,0.0,0.0,0.0,0.0,0.0,0.0,0.0,2.328251353103722,5.4563861073141116,5.497597081735697,0.7731682256715192,0.6940519879994496,0.5923422146360127,0.6600972018949597,0.6720846556739615,0.6019244415376901,0.5812087252880225,0.7740084894390867,0.6423827125237533,0.7070521348530835,0.7800247478229796,0.0,0.0,0.0,0.0,0.0,0.0,0.0,0.0,0.0,0.0,1.5770650164700033,5.7218763108003845,5.927722483582176,0.8894484370633327,0.6463530187774944,0.6235199484328695,0.6279423141019198,0.7097788318364293,0.6081938647446907,0.5385836988213323,0.7163169346917564,0.6332362712802749,0.556179170898937,0.3217254562322882,0.0,0.0,0.0,0.0,0.0,0.0,0.0,0.0,0.0,0.0,1.685846263383315,5.834431338984245,5.7498745605430095,0.7559379742384884,0.48168365059492396,0.7067685361243702,0.56938691345476
5.620207185379878,1.40329354817457,0.6567443150416171,0.6587440059336792,0.3272185333670597,0.6038678906895387,0.9803275022111494,0.0,0.0,0.0,0.0,0.0,0.0,0.0,0.0,0.0,0.0,1.734777325255787,5.406155792307306,5.308500677181061,1.6764972291655686,0.8112933851831522,0.6224334321122366,0.6212672673440608,0.8219794529050736,0.5105155842222522,0.34507350813410054,0.6750086939629681,0.6561190665182353,0.3303202039314177,0.9666278409849215,0.0,0.0,0.0,0.0,0.0,0.0,0.0,0.0,0.0,0.0,1.8572070613873564,5.3808686457032,5.529758571609159,1.4909267743868064,0.7392063921837905,0.6278783686371066,0.7144776157584165,0.7818030435280962,0.6476085190465546,0.6629617216175148,0.6979694197234811,0.5770667028467051,0.6139824111560634,1.033097334341799,0.7833950091524309,0.12230434226903064,0.0,0.0,0.0,0.0,0.0,0.0,0.0,0.0,1.997645024472531,5.428328299953571,5.450678061745613,1.219157267341882,0.5642382061060812,0.6654173996804676,0.5393200923846646,0.7369621028607892,0.7226891440899613,0.6594208854872954,0.6064484050651978,0.5701717914732227,0.5319144033185533,0.4578196814260549,0.6525189521223353,0.38331743615045455,0.0,0.0,0.0,0.0,0.0,0.0,0.0,0.0,1.7163401767144268,5.002763977804651,5.520413944500982,1.8003219003267503,0.808521070495429,0.674221854897677,0.5952303594428958,0.5007448128723871,0.5044581957828989,0.7286964165727767,0.5690729804940645,0.5147586454020144,0.8321899941020068,0.7222720772958765,0.0,0.0,0.0,0.0,0.0,0.0,0.0,0.0,0.0,0.0,2.200790573873251,4.814952031450741,5.181999058139641,1.949953765533181,0.6566582340696439,0.4841157976387572,0.6107696847150912,0.6238196638148924,0.689059727728286,0.5407395071063664,0.6264470235885327,0.5308043676151735,0.907798199371676,0.6384575457899857,0.0,0.0,0.0,0.0,0.0,0.0,0.0,0.0,0.0,0.0,1.9452881567990188,5.620207185379878,5.534502068284962,1.2004010829174292,0.4718366696707341,0.7077790119492394,0.5832203016019261,0.5315949291873379,0.7104591636981963,0.6453241641243401,0.4151498776278867,0.868607934598798,0.5892884346086369,0.5204128509613861,0.0,0.0,0.0,0.0,0.0,0.0,0.0,0.0,0.0,0.0,1.9261572650898007,5.620207185379878,5.620207185379878,0.8330421217214985,0.6196701660367769,0.7159306544507454,0.6715998003452298
6.171142281455872,0.8043269712699269,0.8020918744073062,0.5673236129354047,0.8458835127352407,0.32569153638508475,0.8946542410698393,0.0,0.0,0.0,0.0,0.0,0.0,0.0,0.0,0.0,0.0,1.9925259090793253,5.677873920489467,5.864439807604638,0.7119097680177513,0.810664184784634,0.6524962041819451,0.6349811003795586,0.7515921659079542,0.656113333567471,0.7088084302997996,0.8349765010999481,0.6956872682117041,0.48775423609939395,0.7125361343929821,0.0,0.0,0.0,0.0,0.0,0.0,0.0,0.0,0.0,0.0,1.915516535527078,6.0400095240081155,5.4002529400000014,0.7932264206764281,0.6027493058696888,0.7880252880439332,0.4600180906471938,0.6701963575548349,0.6701217898878724,0.7251834827909883,0.6806235858088536,0.856566382358609,0.6123276548951262,0.9804844381517821,1.2228453765498113,0.0,0.0,0.0,0.0,0.0,0.0,0.0,0.0,0.0,1.707409967035053,5.78095493602245,5.89274793108031,0.7736420643514292,0.6370054977417393,0.6607650680602699,0.7887395953017203,0.8643334358679027,0.6242485648615387,0.5441698079894168,0.6695365312168058,0.8461604979289932,0.5804590211774563,0.715863635797192,1.0316351153788723,0.1298349785738145,0.0,0.0,0.0,0.0,0.0,0.0,0.0,0.0,1.9378614746476108,5.897804972788028,5.717377660088911,0.7490523949172976,0.5239433806524727,0.7358652563562719,0.6431548062350555,0.6263272584086181,0.7088210490172147,0.6002635813048338,0.6626638534615572,0.7415359228389022,0.07453554991638467,1.3434680100149479,0.0,0.0,0.0,0.0,0.0,0.0,0.0,0.0,0.0,0.0,2.3569430060443795,6.041645540426729,5.166272102322454,0.8167355481826258,0.6071885178259695,0.6809632237292401,0.8559652308152579,0.6229849177927618,0.5587692906075957,0.8487011351051996,0.642018945158356,0.6624204012097362,0.8227692336880736,0.5907536653944465,0.0,0.0,0.0,0.0,0.0,0.0,0.0,0.0,0.0,0.0,1.936645846349717,5.507063606107965,5.936879449304098,0.8521158085451215,0.7648157366049655,0.5350351932715197,0.7881169977735176,0.6003598293230833,0.806442332834359,0.8261856046680666,0.5260399768161603,0.7425452486239152,0.9053935622914655,0.7864510898813819,0.0,0.0,0.0,0.0,0.0,0.0,0.0,0.0,0.0,0.0,2.0608204683287132,5.944824001139513,5.322802521265519,0.8413711509931122,0.6647838739329095,0.5277252705167509,0.8630743450690721
5.829779123400281,0.9555283115391247,1.0195478991732976,0.7167888399700492,0.7292049614688529,0.7308316520794761,0.8238531854477786,0.0,0.0,0.0,0.0,0.0,0.0,0.0,0.0,0.0,0.0,2.000216098035736,5.821207432208771,5.5024444067784355,0.840340614652901,0.7223387008253763,0.7362247880048889,0.6334496416358615,0.5807150745663245,0.9474233811454776,0.7310281886032811,0.7522804837002565,0.7490339408427059,0.692818714351122,0.7327594027998767,0.0,0.0,0.0,0.0,0.0,0.0,0.0,0.0,0.0,0.0,1.4645087441915745,6.058039092256938,5.8892412679213795,0.651143568307258,0.742698776862811,0.49127784434887956,0.7851986829743887,0.6764559934301926,0.659022651965137,0.5264628465860285,0.8519971263674445,0.4458475934390688,0.8677389136499728,0.8351442565502828,0.8467121523511185,0.0,0.0,0.0,0.0,0.0,0.0,0.0,0.0,0.0,1.308084046890478,5.8486185349760165,6.044497114906637,1.0186812448177809,0.6815837702680239,0.6592970488033264,0.726266215285746,0.6511471758031054,0.79190824268095,0.6727043506713727,0.6150325930969205,0.8009931508186805,0.5475240308817684,1.0627934249946271,0.7715750696649675,0.45107832766654626,0.0,0.0,0.0,0.0,0.0,0.0,0.0,0.0,1.8435247325966406,6.1139484611015575,5.641130950487873,0.6708806774502625,0.6190476067232066,0.7988890679248488,0.6861550699270718,0.581545790015374,0.7310430369977546,0.836453912225259,0.6504911847741061,0.5832985328491059,0.3988293876334281,1.053920706384849,0.0,0.0,0.0,0.0,0.0,0.0,0.0,0.0,0.0,0.0,2.369950191129015,5.871573730618387,5.2636051153569055,0.7857094268682852,0.7434568685039185,0.7562749998071435,0.7486077714229924,0.5220194723206757,0.7013885469606627,0.7352665687840916,0.7472687043853592,0.6346480125293548,0.5775611897387068,0.7337541867578725,0.0,0.0,0.0,0.0,0.0,0.0,0.0,0.0,0.0,0.0,1.9101206772374515,5.868581377098993,5.430831668134941,1.0311665806184496,0.6815111470421045,0.7220346091355864,0.6737873473156191,0.6803963723129817,0.7135139929942734,0.5433240315734661,0.8487619938174745,0.7448907785292971,0.7157610250176245,0.6686286370497325,0.0,0.0,0.0,0.0,0.0,0.0,0.0,0.0,0.0,0.0,2.1308127167047943,5.780340893311543,5.406897746954139,0.8373435744517868,0.578306977644539,0.8243492633326063,0.6333848182224884
5.783766824190682,1.1908638299266256,0.43600232863676863,0.9403755626132881,0.38539694456078555,0.581984889294873,1.3226810529959543,0.0,0.0,0.0,0.0,0.0,0.0,0.0,0.0,0.0,0.0,1.5530822140476754,5.8539944798915595,5.713702460441784,1.0099127484872614,0.7508861586148619,0.7219538441121601,0.7877495208723864,0.8115626313944598,0.7660400480907678,0.4967232223140799,0.7889727195575609,0.6397295124115426,0.7164902367489665,0.43309489830007697,0.0,0.0,0.0,0.0,0.0,0.0,0.0,0.0,0.0,0.0,0.9995250542624711,6.043123050824563,5.745743660781074,1.2374752816132844,0.6544045204510307,0.6875978906470352,0.4642792608022728,0.8471560553775299,0.6978412964119473,0.5388590451779126,0.6803061457992314,0.6147589914941909,0.7028060065701284,0.5971764191349855,1.0128134314523844,0.0,0.0,0.0,0.0,0.0,0.0,0.0,0.0,0.0,1.8696894045297896,5.858620918293277,6.043123050824563,0.7222500412339865,0.4607751710640611,0.7723010548209319,0.6817657180695141,0.6167970988561138,0.6663732192403329,0.6139785343009657,0.676234437458457,0.7168179814916567,0.6506029234141543,0.7202090049518991,0.752466641559119,0.0811870810240505,0.0,0.0,0.0,0.0,0.0,0.0,0.0,0.0,1.6992732532125503,6.043123050824563,5.520875024313237,0.9774351891521282,0.7216850726851107,0.5932547735022516,0.69471660855454,0.6364516777017045,0.4085745785824731,0.7309433877055743,0.6650033062858665,0.7268109224168046,0.2916888690721309,0.9086574225201065,0.0,0.0,0.0,0.0,0.0,0.0,0.0,0.0,0.0,0.0,2.307919394884011,5.963528937756019,5.269184656599181,0.6444973369545531,0.7569639713109174,0.7099201801442533,0.5672543723477368,0.7993364872537089,0.7094906762163224,0.5809126198504072,0.7415535583102544,0.6500999144596774,0.4073626376818291,1.0128255960972201,0.0,0.0,0.0,0.0,0.0,0.0,0.0,0.0,0.0,0.0,1.6870987482757105,5.486968293342619,5.976828569265025,0.9172969961158198,0.8933105317519334,0.8239070391201245,0.6833581308917932,0.7824706228427544,0.700172023507538,0.48878621711410075,0.7404398254312936,0.7527272917574998,0.6115939505909056,0.21611298291643263,0.0,0.0,0.0,0.0,0.0,0.0,0.0,0.0,0.0,0.0,1.7882449811407675,6.043123050824563,5.726866918832506,0.6766518257581468,0.6593689706035474,0.6838519772432337,0.7612039752425239
5.691360280714743,1.0083865419581224,0.8607006134081487,0.6109594227216203,0.6916563971775231,0.6232187679768586,0.8314502204140144,0.0,0.0,0.0,0.0,0.0,0.0,0.0,0.0,0.0,0.0,1.8097071875239437,5.537326113996334,5.771413251886481,0.7668861157698684,0.7888080501045116,0.6847627684689223,0.4788199073395705,0.7454027798838926,0.7237462932969843,0.7074154437250456,0.6566275163289059,0.7348682482502259,0.4754996385352497,0.6825979646329687,0.0,0.0,0.0,0.0,0.0,0.0,0.0,0.0,0.0,0.0,1.5772327239409218,5.555397289551609,5.668877809419496,1.2322596386256401,0.5037862507622979,1.032209601540618,0.517222392639845,0.8309278700811197,0.6100318877578687,0.7201035813338563,0.6659190117292138,0.6300429942990564,0.6261281614720923,0.8984589111009333,0.8541997146215348,0.0,0.0,0.0,0.0,0.0,0.0,0.0,0.0,0.0,1.6558710939870078,5.302402486058256,5.711044339233622,1.18009804654359,0.4543303226708787,0.8580548793503443,0.6773607189480867,0.5760049046605046,0.5471650767471845,0.7144357916760226,0.7393775297799245,0.6243285748075101,0.6238598046524716,0.8300471784787751,0.41256752786323325,0.10227154306866489,0.0,0.0,0.0,0.0,0.0,0.0,0.0,0.0,1.546075346652666,5.688710139078805,5.70625715491748,1.06024310529835,0.6084477762643448,0.6859020458452286,0.692080809335365,0.5856701481146587,0.38893495468673484,0.9513314885348908,0.6831307772081574,0.6113221839971201,0.28593802186582673,1.172552668823228,0.0,0.0,0.0,0.0,0.0,0.0,0.0,0.0,0.0,0.0,1.9265008747319818,4.948486748548022,5.3281312441634885,1.547020747227385,0.717126414441441,0.5708854419805618,0.7882582845237203,0.5867115641277734,0.4756640984286471,0.6951604688676568,0.5179150522076172,0.8611775203585544,0.5506455579279753,0.6497254501204602,0.0,0.0,0.0,0.0,0.0,0.0,0.0,0.0,0.0,0.0,1.0586071826332302,5.630870497254085,5.643360798614029,1.6451745732599896,0.586064231987007,0.7552813963314373,0.7076075346179106,0.7171131164546735,0.7703098837907586,0.6037414540122801,0.5032023321365511,0.8296241469333361,0.5541170283592008,0.4145743972047356,0.0,0.0,0.0,0.0,0.0,0.0,0.0,0.0,0.0,0.0,1.6505477034117781,5.748112981517444,5.597230828374995,1.055872872027,0.49668170974104375,0.5950951302732235,0.6340206709382179
5.958179451558257,0.9780376832678204,0.7732601375115609,0.6300357235123052,0.6198182183733232,0.6814231817964224,0.8362022995001048,0.0,0.0,0.0,0.0,0.0,0.0,0.0,0.0,0.0,0.0,1.9603518291276583,5.251140706897619,5.09382560072689,1.504513139831105,0.707673785156553,0.703436550361612,0.7415397370955743,0.7007703879171401,0.7233955923602561,0.4137050863262168,0.7187538405333129,0.6141512500383776,0.48757563873522614,1.083612342888978,0.0,0.0,0.0,0.0,0.0,0.0,0.0,0.0,0.0,0.0,1.5767747224361885,5.539518112281986,5.626023373414378,1.2272366480399377,0.5766730321124065,0.6531075018335347,0.6075716746441961,0.8285867596842514,0.6465194864607808,0.7095558726929786,0.7260688782068438,0.6691697544038986,0.5344653007132354,0.8361503997398079,1.012022812136346,0.01738793568120261,0.0,0.0,0.0,0.0,0.0,0.0,0.0,0.0,1.9315348981087295,5.355520976935425,5.958179451558257,0.6789625694674277,0.5412845293045139,0.6511373056484343,0.7780975157775918,0.6630309386332875,0.600485880911585,0.8898040664179556,0.6706807818913412,0.7602208357181218,0.6302895203758276,0.6355548097704276,0.8994833180330888,0.31970347963999046,0.0,0.0,0.0,0.0,0.0,0.0,0.0,0.0,2.1163985274645025,5.901559362769545,5.130847201433211,1.0183226332158322,0.5828794018909464,0.6995154929364771,0.6182025635481917,0.6945399793498445,0.7245301082839662,0.7819445687036382,0.7249948255569351,0.7224362002472262,0.5340692731459142,1.0173392685650349,0.0,0.0,0.0,0.0,0.0,0.0,0.0,0.0,0.0,0.0,2.0693518076072897,5.479363652862536,5.690049853105116,0.6663886359595377,0.8027441444667922,0.6112253102320712,0.6075965509101877,0.6571718640363384,0.6264815949068523,0.6364152337881289,0.8841789072123725,0.8065805005914948,0.3712301120111545,1.0582229183737297,0.0,0.0,0.0,0.0,0.0,0.0,0.0,0.0,0.0,0.0,1.9365504827659872,5.958179451558257,5.549912844595508,0.619401994251136,0.9291367001281537,0.6477152264205093,0.6772580606468658,0.6223838436592287,0.6031718234506352,0.7129421651352701,0.5675767104412983,0.7438073858617551,0.24355173471672775,0.9598185409257487,0.0,0.0,0.0,0.0,0.0,0.0,0.0,0.0,0.0,0.0,1.9647200887537446,5.8088805806235015,5.7925246770144945,0.6288127080025541,0.689422483485456,0.8980647336037635,0.6841652720950644
5.864811583531629,1.1497413890605825,0.5335373201875732,0.5096809154881803,0.6195661387920857,0.398756544602836,1.0033634522760382,0.0,0.0,0.0,0.0,0.0,0.0,0.0,0.0,0.0,0.0,1.776203677864082,5.864811583531629,5.864811583531629,0.7181462029229592,0.7117051906692435,0.5719988888870242,0.7671642156550054,0.6384352323616472,0.6101135687709833,0.5512189651966508,0.8243027706472922,0.6136217105133392,0.1575843743669898,0.9595118206018167,0.0,0.0,0.0,0.0,0.0,0.0,0.0,0.0,0.0,0.0,1.9540026859747561,5.864811583531629,5.7714143662133095,0.6619245111883046,0.6249989405465677,0.6916038977062291,0.7443217042887448,0.38175677149766685,0.8221527392573665,0.7164541475440337,0.6166954786613925,0.6060859340112538,0.7305949257627641,0.7324682073677611,0.9182912395968418,0.0,0.0,0.0,0.0,0.0,0.0,0.0,0.0,0.0,1.8585651520379978,5.674807959542439,5.430873690924909,1.135427978755315,0.6663963460406078,0.5629129189724634,0.687215579764992,0.7042776079098381,0.6543236918829453,0.6881855706435219,0.6970409257071188,0.7033007365404571,0.5169013921504372,0.690857505498466,1.0922703463559107,0.3865555237033076,0.0,0.0,0.0,0.0,0.0,0.0,0.0,0.0,1.8391443670573615,5.273378373660653,5.708726880376744,1.2636311715476405,0.5465901985409738,0.6795733970601366,0.7626084328097446,0.42812215301464573,0.873313721115225,0.7276161048776311,0.6012285110931848,0.7057853137714207,0.5358105054072136,0.8734095363350232,0.0,0.0,0.0,0.0,0.0,0.0,0.0,0.0,0.0,0.0,1.919867060543832,5.73442423636663,5.7223400134171145,0.5917010078653665,0.8060074393917943,0.5976690692888253,0.6102905835916873,0.6927599185017725,0.6128868073939248,0.6333289795137733,0.6435174136937559,0.5844311763410021,0.6622708645248652,0.8742176275177114,0.0,0.0,0.0,0.0,0.0,0.0,0.0,0.0,0.0,0.0,1.9224174598590773,4.645496656197376,5.709934059052247,1.7578577020227688,0.6754893401094347,0.8061840069102146,0.6085456283557393,0.5849809097236002,0.5451992596502663,0.634587267455236,0.597272204857835,0.737091811916104,0.7031422508685968,0.7397174288678069,0.0,0.0,0.0,0.0,0.0,0.0,0.0,0.0,0.0,0.0,1.9544997791644585,5.864811583531629,5.691007499454282,0.7124642690156557,0.6910519380941507,0.5715349078341339,0.5394349139422286
6.139321678042118,0.8324882079497162,0.5751026493233572,0.5839457733634774,0.7663123949705082,0.5963295564417129,0.8812062100538934,0.0,0.0,0.0,0.0,0.0,0.0,0.0,0.0,0.0,0.0,1.594558152653086,5.701117509203264,5.987165415931015,0.7665838027021019,0.7183716395000654,0.7347059216522066,0.6720895267313843,0.6530878518826759,0.5750468406960006,0.5773912214435135,0.6022755636940823,0.7432981672230909,0.6296555503907069,0.20251735657243408,0.0,0.0,0.0,0.0,0.0,0.0,0.0,0.0,0.0,0.0,1.660560209966363,6.083615616560585,5.5180822090324275,0.7929086722619888,0.4615306137077606,0.7121259836774381,0.5596678055475154,0.725522191830523,0.8007126081980536,0.6020664294409015,0.7970405966458227,0.46225597369806365,0.5392044048938021,0.8409803043221515,0.9437265118809588,0.0,0.0,0.0,0.0,0.0,0.0,0.0,0.0,0.0,1.2235566120907213,6.086681221632409,5.967514295035486,0.6498016928164912,0.9961972278103174,0.5957604358569587,0.7381068580187301,0.6924958520222444,0.720365455835925,0.5690294847718981,0.482032758571563,0.5608208836988201,0.8507218159201557,0.5424117141482994,0.4917022182112148,0.0,0.0,0.0,0.0,0.0,0.0,0.0,0.0,0.0,1.9162876482588467,5.187116918083426,5.878881576263257,1.1589522989271999,0.5884618701010473,0.7821115309253306,0.7683634091338792,0.6408230269588487,0.45175096426004413,0.6575721887736419,0.7248123248549894,0.6350968938027475,0.38510548756008073,0.9697750011664904,0.0,0.0,0.0,0.0,0.0,0.0,0.0,0.0,0.0,0.0,2.22737969391421,5.595771996233234,5.635710239127259,0.6023255284775824,0.7878423012082805,0.7915102078100827,0.8940056457037733,0.5887081242093,0.6653836840478315,0.38803826208194586,0.8167902023175821,0.6839271457928121,0.7338385316480023,0.8493693779413645,0.0,0.0,0.0,0.0,0.0,0.0,0.0,0.0,0.0,0.0,1.4956834499206213,6.024783330763529,5.8664546452332695,0.5889485088002093,0.7591055827197752,0.7314402259581541,0.6288634314153075,0.9262410963342472,0.5669810950787261,0.700212981889636,0.48362320425878835,0.8964015858841504,0.7012068124511854,0.7528823880394968,0.0,0.0,0.0,0.0,0.0,0.0,0.0,0.0,0.0,0.0,1.8906915549593628,6.092670139136789,5.334633001661728,0.8887632930192596,0.5427312526333153,0.8335962981470436,0.7050525672306789
5.5381603524699,1.2591471574765256,0.501616150682388,0.5750528793990873,0.6362990160895573,0.405771296768922,0.9450520907195971,0.0,0.0,0.0,0.0,0.0,0.0,0.0,0.0,0.0,0.0,1.7982217482875738,5.5381603524699,5.120206400854433,1.3937392083574156,0.5122954582894044,0.5958206188875265,0.5951989175242102,0.6926602510601118,0.42318864427146186,0.7700683427758928,0.4984669459039254,0.618577434440129,0.7466102717644632,0.33934774793187295,0.0,0.0,0.0,0.0,0.0,0.0,0.0,0.0,0.0,0.0,1.4736081784703323,5.5381603524699,5.304983076716886,1.3349451202191989,0.577122728459066,0.7266891322175612,0.5901340172615865,0.5468814741532527,0.6187772917922366,0.7959063266685846,0.595681177139702,0.6305343360626838,0.4171640926050786,0.6043300658877282,0.6861219053824836,0.0,0.0,0.0,0.0,0.0,0.0,0.0,0.0,0.0,1.7699219469670027,5.127363457440657,5.5381603524699,1.314284671547231,0.5293060598572825,0.5262131139016627,0.6354645562510122,0.6870308474929983,0.6347577177229925,0.4738069366223848,0.7062236601478421,0.6758828057294202,0.3845915178983061,0.5894285388346242,0.7428069974791902,0.28361311641792497,0.0,0.0,0.0,0.0,0.0,0.0,0.0,0.0,1.9586888421541682,5.114364181222132,5.259840816696367,1.3741384924581659,0.642772271554242,0.6975635476717024,0.6209262802087586,0.6737436014676192,0.432786459345936,0.7393355433060146,0.6433304012108226,0.6215191692375528,0.2811736264788989,0.9955367442267935,0.0,0.0,0.0,0.0,0.0,0.0,0.0,0.0,0.0,0.0,2.242337312591747,5.299397544782786,5.431261168948958,0.842282677261123,0.6068119268119091,0.6454710341931368,0.602550774521257,0.5429076963550336,0.6778241224968288,0.5237461684348291,0.7359547104077254,0.5417611255740363,0.5423874863567838,0.48333320119774115,0.0,0.0,0.0,0.0,0.0,0.0,0.0,0.0,0.0,0.0,1.837887377168689,4.656320707286141,5.226437724041831,1.9856102472432076,0.6969478406069151,0.34672387175368263,0.6908543451715752,0.734466593612718,0.7636940391824678,0.6356996427549026,0.5182102328833291,0.8242380357465765,0.6833415424270202,0.733663689116847,0.0,0.0,0.0,0.0,0.0,0.0,0.0,0.0,0.0,0.0,1.8736680328424258,5.470207049960458,5.481617188671174,1.141846073125657,0.6155953516865906,0.5435493347067372,0.6834729055617356
5.588289114258839,1.1699184626126926,0.529959464716436,0.6876589013410773,0.7058378756637116,0.3705575905458738,0.7640304813422691,0.0,0.0,0.0,0.0,0.0,0.0,0.0,0.0,0.0,0.0,1.5526551775514132,5.700758397823974,5.601638355551252,1.0246526803103426,0.5833410067052583,0.6965671300442738,0.4840496664454562,0.7222461097417219,0.6841777061690797,0.6443922990563493,0.6706622535257354,0.5520156927228321,0.9324908865513993,0.7489919867045833,0.0,0.0,0.0,0.0,0.0,0.0,0.0,0.0,0.0,0.0,1.5142530723034915,5.08804124530802,5.269110359132252,1.8205040933671581,0.6773039677328271,0.6003995113047101,0.7637656755641349,0.6379425656081209,0.5836930448347424,0.7804879359696972,0.6824660121446192,0.5788301038890153,0.6064412828594858,0.8878598326802388,0.9268250117732946,0.0,0.0,0.0,0.0,0.0,0.0,0.0,0.0,0.0,1.6965142321350122,5.5750617084720675,5.649827523483589,1.132725945232109,0.6429368761027517,0.5912971192686971,0.6138611511961065,0.699163176012243,0.5623031927064567,0.8144584143809575,0.656975390089316,0.6757779057940028,0.5095987861048854,0.5350042306144611,0.6420334201882766,0.29261677978695033,0.0,0.0,0.0,0.0,0.0,0.0,0.0,0.0,1.7475742334331805,5.59208630687662,5.6882246483718735,0.7107553449417406,0.6953776078303056,0.6252685646241938,0.5961426270622858,0.7211828641861361,0.6018037616247282,0.5724819832453631,0.8193145767830297,0.6736485292074361,0.6368556343968417,0.9019531977322799,0.0,0.0,0.0,0.0,0.0,0.0,0.0,0.0,0.0,0.0,2.203020132743153,5.340153961801015,5.329090210270375,1.040711756784252,0.8139210836680651,0.5688338223312922,0.5763314259557789,0.8251857852444753,0.6162374573258488,0.6608483028639062,0.6465094154908918,0.6820154132092558,0.41511941924817564,0.8924694108608533,0.0,0.0,0.0,0.0,0.0,0.0,0.0,0.0,0.0,0.0,1.3469997000604135,5.137824583853599,5.316326881681443,2.0604657529095705,0.6669166026345908,0.7177867684951622,0.6245893105630214,0.6202951033995355,0.5864697431575887,0.6878359276342211,0.48834799739383256,0.616449925988293,0.68224405559023,0.8948082453500187,0.0,0.0,0.0,0.0,0.0,0.0,0.0,0.0,0.0,0.0,2.0061349204779946,5.57485830051199,5.566212260709167,0.5210744424112069,0.8142827407475992,0.69321229298406,0.5094042122512208
5.882750537209158,0.8557698514393327,0.8044047423004831,0.6427282811119053,0.697742921991336,0.5590448413663487,0.7622026997739777,0.0,0.0,0.0,0.0,0.0,0.0,0.0,0.0,0.0,0.0,1.4686040862044631,5.780456111586997,5.449108624324882,1.3456678422193225,0.5958490706514927,0.7457739087988652,0.6074434734079176,0.4944746504312992,0.7789886315369523,0.8297618033399579,0.5037928456541093,0.765743194792392,0.6245035500339723,0.9751810424950037,0.0,0.0,0.0,0.0,0.0,0.0,0.0,0.0,0.0,0.0,1.2904617740655766,5.496033328774413,5.756214556507901,1.3073689683279721,0.793507046384343,0.7517830629072138,0.5885064908056338,0.7000607621864806,0.5420123631273538,0.6529949460989607,0.6889293047253529,0.8084448904683933,0.23445989526882277,1.054729825331282,0.7298186473107268,0.0,0.0,0.0,0.0,0.0,0.0,0.0,0.0,0.0,1.7509721266857716,5.793683222895821,5.8031315501591205,0.7123816014846398,0.4852286962701925,0.7503811160527175,0.6036181135752501,0.5945140421506956,0.8865990340364707,0.47182851989334507,0.7380865401976888,0.33612302493088186,1.1186046816805635,0.47047826021942374,0.5272233732381597,0.3545762404270807,0.0,0.0,0.0,0.0,0.0,0.0,0.0,0.0,1.823996922592757,5.863617268588778,5.527917769796464,0.7264501371338178,0.40110111679953125,0.8781407049375218,0.6496131633061952,0.5503771927975416,0.5997414049157987,0.8348356204877464,0.650676522043564,0.6358333419774729,0.5330530343912869,1.0489646124488776,0.0,0.0,0.0,0.0,0.0,0.0,0.0,0.0,0.0,0.0,2.2778320677445616,5.867014752915713,5.288123720466195,0.6123746151909889,0.694315148243215,0.5195408668335568,0.794526145929785,0.6465439136042135,0.5513891182859179,0.8932321508383252,0.781403530762177,0.7424691449293751,0.6822141557984842,1.030869279748567,0.0,0.0,0.0,0.0,0.0,0.0,0.0,0.0,0.0,0.0,1.8677614577329371,5.204479499874773,5.887383174522681,0.58681166900108,0.9318971068857831,0.39775261179075616,0.9329396101829416,0.6186610272153286,0.644970961426838,0.5853704201748422,0.7986267927935097,0.8420363160637966,0.7536635616301067,0.6719551577920662,0.0,0.0,0.0,0.0,0.0,0.0,0.0,0.0,0.0,0.0,2.0306377938728213,5.886308979181839,5.461713071997096,0.6558694722818221,0.7640015055441209,0.7192123888935986,0.6344838332896108
5.993074337615841,0.6939438347704519,0.6014658956938369,0.8309777209080889,0.7219154132258019,0.569936782168269,0.9024856334199505,0.0,0.0,0.0,0.0,0.0,0.0,0.0,0.0,0.0,0.0,1.9732684739010757,6.113569003867397,4.812937344293028,0.7215710714478293,0.7356680487993453,0.7001828953607765,0.7785112514439341,0.6462073076368661,0.7749952304088614,0.5687442781743373,0.8230212134858851,0.5626445787536342,0.2840795079514682,0.5280616128491236,0.0,0.0,0.0,0.0,0.0,0.0,0.0,0.0,0.0,0.0,1.5756738573927493,6.016627481903118,5.203674517701408,0.740012574166789,0.5609187245504588,0.9468121607619211,0.46700304029487455,0.9323293787521428,0.6647416531539875,0.6808296016340798,0.7911013417710407,0.7118862624759588,0.5143532764678774,0.6344568514067986,0.9848225195144007,0.0,0.0,0.0,0.0,0.0,0.0,0.0,0.0,0.0,1.5467293211777426,5.914055631719696,5.621572725932642,0.7662421016285715,0.6823250251670381,0.5206628927535658,0.7182233624150215,0.7948833167163364,0.6680058333107018,0.6751397289655444,0.7695907049470975,0.6580906021561281,0.14327258789500386,0.8122908088397451,0.6842760644570328,0.0,0.0,0.0,0.0,0.0,0.0,0.0,0.0,0.0,2.017242416910217,5.932878534983587,5.053505822291693,0.767547451565577,0.5784322942620594,0.945804401587943,0.6346475001384216,0.8050712816947075,0.7424449290707598,0.613932568940264,0.49382751208834297,0.8426774029343325,0.3487759915583208,0.38403839698600084,0.0,0.0,0.0,0.0,0.0,0.0,0.0,0.0,0.0,0.0,2.331633641511063,5.281401011186505,5.262338496749924,0.6230085989028968,0.6975643587393282,0.6779766346200343,0.7453617028004207,0.6475864665701457,0.4566400556115529,0.8133277058243269,0.7094035424714588,0.5270584806296289,0.534900521838436,0.7610970136397626,0.0,0.0,0.0,0.0,0.0,0.0,0.0,0.0,0.0,0.0,1.4357099148250274,6.113569003867397,5.337080016823741,0.7845954699370081,0.8704447332367269,0.4367497337897022,1.038620099923708,0.3626403193196152,0.9647044373773681,0.7762011280999456,0.5675726398442585,0.8433940846579306,0.0,0.0,0.0,0.0,0.0,0.0,0.0,0.0,0.0,0.0,0.0,0.0,1.7400610562705383,5.904117933060506,5.025809554555468,0.8060443568069128,0.6029027756117723,0.7211549327499975,0.7487229152707239
5.421409123372143,1.3082221283583177,0.46549428568995666,0.8629036314060959,0.7318777486662507,0.6679365672867049,0.7422800121560645,0.0,0.0,0.0,0.0,0.0,0.0,0.0,0.0,0.0,0.0,1.815875118908663,5.433842872811166,5.747276596568069,0.8602785193404322,0.5935389249836639,0.6700373088956436,0.6490696282436575,0.77356134949185,0.7460450890983716,0.5938652003019269,0.6947655063740935,0.49865737906643176,0.7802706183251314,0.792509973831794,0.0,0.0,0.0,0.0,0.0,0.0,0.0,0.0,0.0,0.0,1.4205090294887723,5.414138184379613,5.706262775332596,1.2806966092048588,0.7702531337337752,0.4976934690929545,0.712252765718309,0.7252939013410871,0.5409164838012406,0.6751120327480119,0.623310744091209,0.7451124945907589,0.7319290850571087,0.946662456476406,0.8809764664034063,0.0,0.0,0.0,0.0,0.0,0.0,0.0,0.0,0.0,1.6439570124394567,5.83020301777686,5.652362135568215,0.5829491386550433,0.5617159152699277,0.6199189273072934,0.7318651914078702,0.573274373875815,0.8727669447951761,0.7219366324318134,0.5919980527475901,0.389663286743817,0.6135748117864777,0.872660821333559,0.747668603664637,0.276760190054686,0.0,0.0,0.0,0.0,0.0,0.0,0.0,0.0,2.0172931842020887,5.736641855687823,5.009212867456772,0.8701915970128347,0.5808687173614794,0.6252231974037336,0.5724912524647295,0.5861847239277943,0.6508802083637277,0.6697324024039708,0.5449110958717663,0.6379347693619595,0.5141204178678165,0.6542040749288205,0.0,0.0,0.0,0.0,0.0,0.0,0.0,0.0,0.0,0.0,2.235788952006136,5.636088671809066,4.975331216082922,0.766350231486335,0.8621039181183435,0.6885465167303679,0.7132605591914679,0.6109708873522153,0.6623444967325104,0.7092059651584971,0.573884089439724,0.6036434506780664,0.5448963272717716,0.5516785446708662,0.0,0.0,0.0,0.0,0.0,0.0,0.0,0.0,0.0,0.0,1.5954986670501603,5.324105832126717,5.653276339379954,0.8749645852697323,0.6156024545006935,0.7918197416604303,0.6687498489258457,0.6429053996826692,0.6524940321096593,0.6030885556479082,0.6629472523292835,0.6962579256674387,0.24789352305059614,0.8784311593421413,0.0,0.0,0.0,0.0,0.0,0.0,0.0,0.0,0.0,0.0,1.5194366363707559,5.597837328721381,5.6915423105336,0.6931840441549554,0.5749634858962895,0.79187020865434,0.5608432717465518
5.696776556648092,1.0029081067843961,0.4218018143244072,0.812255184696586,0.4991534245498146,0.37306664570315196,0.788888422648137,0.0,0.0,0.0,0.0,0.0,0.0,0.0,0.0,0.0,0.0,1.9636212759055516,4.156980306513727,5.425069801980466,1.7517105809386226,0.7727804497971139,0.5314170042452029,0.7650341699978225,0.6694955653007314,0.7515044914854776,0.600134699436379,0.6033097476497924,0.718424260460676,0.7450102905099036,0.7919567588707701,0.0,0.0,0.0,0.0,0.0,0.0,0.0,0.0,0.0,0.0,1.8155423652445328,5.248900103931837,5.475494197506187,1.0206555318090464,0.9543824925778983,0.4597310246540758,0.6306017092093912,0.7593867119719856,0.5891865554738576,0.6098882718131414,0.6361755238102711,0.5781404329785078,0.7422620097666085,0.5003852892592331,0.8688694538167079,0.0,0.0,0.0,0.0,0.0,0.0,0.0,0.0,0.0,2.07498384283145,5.547458819637322,5.250198542775065,0.7160821436179033,0.706947193629012,0.7427423800852171,0.6206151524616462,0.6159100921864664,0.6270548840742611,0.6204171211168009,0.7089293140901125,0.7973618355202011,0.420409402946456,0.869170519342398,0.8462059756925685,0.05311092689125907,0.0,0.0,0.0,0.0,0.0,0.0,0.0,0.0,2.090265558552597,5.120339157537686,5.617957188720195,0.8782798744572916,0.595818746319985,0.5967957285878351,0.6366493756490968,0.5884476493828796,0.7057192314968137,0.539298920719683,0.7543406906099693,0.6435000259614594,0.681101444394006,0.4327273054522184,0.0,0.0,0.0,0.0,0.0,0.0,0.0,0.0,0.0,0.0,2.124573225998511,5.606650933301763,5.214474872544321,0.7874457484817754,0.6478994758888809,0.4469039647149035,0.8236126383726359,0.6602629259162497,0.6336941725356314,0.5743894809527904,0.8249405069856373,0.6943193412823924,0.29669413953371554,1.1545828970110823,0.0,0.0,0.0,0.0,0.0,0.0,0.0,0.0,0.0,0.0,2.0408578324590074,5.530348280989914,5.207896148131661,0.6546071147983084,0.6660532756780002,0.7663888852590812,0.6692793492808257,0.6222194163302665,0.5501423499267822,0.5539208615457681,0.8103366108955958,0.5873506404992633,0.35708383060056526,0.9838385469977706,0.0,0.0,0.0,0.0,0.0,0.0,0.0,0.0,0.0,0.0,1.8610520953589749,5.574737295674447,5.3938602331522665,0.7194290505556731,0.6023914805400796,0.7496343276266769,0.584815474251262
5.658476854363568,1.2763397072942326,0.6576892158745842,0.7024165597046573,0.5563534044903855,0.7880900447827343,0.8023396648025083,0.0,0.0,0.0,0.0,0.0,0.0,0.0,0.0,0.0,0.0,1.6525993038621727,5.283691552733199,5.669175391707641,1.2427450632306432,0.5875357761897154,0.5869715638716964,0.5036714778913293,0.6709120378393275,0.5022700332727046,0.814081051197724,0.4556436867509299,0.9084979998026965,0.6949901492251609,0.8481167167946695,0.0,0.0,0.0,0.0,0.0,0.0,0.0,0.0,0.0,0.0,1.6163167773335052,5.7461138394334785,5.637868630497605,0.9731565047609798,0.5961138068974754,0.6903874114053665,0.8014122722687195,0.573571627959263,0.6406916079750157,0.5171608118800098,0.7041705343746478,0.5016370737186044,0.4594862213091946,0.9381922835134974,0.9547645491965735,0.0,0.0,0.0,0.0,0.0,0.0,0.0,0.0,0.0,1.7566999072254426,5.587391754001602,5.698516321749651,0.946613371172523,0.6959261940989417,0.6515202405988175,0.7008243269921772,0.583860879763421,0.6120167089078217,0.5987318638184422,0.8415254270491094,0.6542585016685005,0.6056993827674639,0.8754960460666279,0.2428673557336879,0.3042037598737889,0.0,0.0,0.0,0.0,0.0,0.0,0.0,0.0,1.873579713950459,5.55900945679379,5.7461138394334785,0.7804211228278554,0.6464767628701034,0.4784679133680577,0.6814680145038744,0.5788788364886684,0.6437127301543062,0.5490707106334829,0.7135863198348943,0.7243975255906904,0.689862307525501,0.5430828902768401,0.0,0.0,0.0,0.0,0.0,0.0,0.0,0.0,0.0,0.0,2.019395341163505,5.386045764148532,5.532285053320329,1.1670275084386363,0.6920097890003647,0.7975573170370648,0.7078605548522106,0.6650951208306659,0.5911662202435926,0.664933052775202,0.5715744694545679,0.6916187728759473,0.4873428674220506,0.48573387542540286,0.0,0.0,0.0,0.0,0.0,0.0,0.0,0.0,0.0,0.0,1.3962789298631506,5.432594672153419,5.732415673342169,1.5464935500172612,0.5609377857074233,0.6312895213527776,0.5950287218963063,0.7202634857619192,0.5798671856056212,0.802233293290151,0.6887462100157795,0.6792416926935025,0.7044293318470847,0.7986872939834807,0.0,0.0,0.0,0.0,0.0,0.0,0.0,0.0,0.0,0.0,1.7889173176983828,5.554268182986894,5.557124415118239,1.2465953720087386,0.6600267477053734,0.6140384645721755,0.5482152617443907
5.952356608262142,0.9496154394709072,0.736695006539063,0.7275368844120572,0.6656945015821147,0.6159049079239888,1.1388810047605118,0.0,0.0,0.0,0.0,0.0,0.0,0.0,0.0,0.0,0.0,1.4026088523007043,6.140067578799211,5.852984445978475,0.7911135507136983,0.7799507894865494,0.5397496378293543,0.8126552495021028,0.6658052409390806,0.7439507069539516,1.0244621668326641,0.7080204164426572,0.6199545148728766,0.5940940031395432,0.4673340935241175,0.0,0.0,0.0,0.0,0.0,0.0,0.0,0.0,0.0,0.0,1.3962635160240786,5.189565989958775,6.001837266370876,1.3483680330535293,0.6242028302041902,0.58236870175125,0.554248873578694,0.6569123868934901,0.5305208496302691,0.8008168918092502,0.7447043631804201,0.5868175036905623,0.7706366875874286,0.9548716211013424,0.8453984614914617,0.0,0.0,0.0,0.0,0.0,0.0,0.0,0.0,0.0,1.6683737476812759,6.140067578799211,5.710951351366372,0.6903876232025349,0.6633403047842572,0.8264591117395089,0.6477386793390738,0.4870019639359264,0.7341777599894691,0.8230966884589859,0.614149984445669,0.738616985498235,0.6444318201430974,0.8021496460426283,0.2628444694933291,0.023126982446782074,0.0,0.0,0.0,0.0,0.0,0.0,0.0,0.0,1.1714326184278052,6.140067578799211,5.933407320590109,0.6904068696740489,0.3900489342855779,0.7895597071680388,0.8492350533053572,0.6634209140827337,0.7731259448556057,0.6273248665416963,0.5869183488747668,0.6853044284443188,0.6865713334469215,0.7891986550318301,0.0,0.0,0.0,0.0,0.0,0.0,0.0,0.0,0.0,0.0,1.8250891087453023,5.935412199042927,5.6007094150576515,0.6910073397733805,0.7765852697636613,0.6560256557267375,0.6545512098860119,0.5727387630559027,0.6011822040316714,0.5618799088132028,0.6671017006838308,0.8461478794084488,0.39693976503125983,0.8274697353049589,0.0,0.0,0.0,0.0,0.0,0.0,0.0,0.0,0.0,0.0,1.791434461770639,5.690461746444242,5.724539303279074,0.9456629782345749,0.6747834977762475,0.6753932961313609,0.586946416237491,0.860902474822581,0.7973204883932166,0.7293191298863196,0.35151919630302453,0.8309727196328452,0.8611085984899608,0.6356907568404387,0.0,0.0,0.0,0.0,0.0,0.0,0.0,0.0,0.0,0.0,1.8604111378607744,6.0436837662810134,5.459671187927473,0.7733796907182884,0.6836347314277872,0.5734620542591697,0.8352026898731144
5.145889131332108,1.5921672002325322,0.711199407641326,0.5445015483609893,0.7718800943987013,0.6549592951178922,0.534736622308387,0.0,0.0,0.0,0.0,0.0,0.0,0.0,0.0,0.0,0.0,1.4840466283235234,5.595356639022311,5.50508168596953,1.1387839660574648,0.632104354549193,0.7687322922055553,0.6421393672062455,0.5917672080771675,0.8159111865721091,0.6521655389130984,0.6738367671205009,0.5882257445404941,0.0,0.7845402855989594,0.0,0.0,0.0,0.0,0.0,0.0,0.0,0.0,0.0,0.0,1.4743947656486185,4.860550092444092,5.0472607035658585,2.0251882835691584,0.912959144683849,0.6414130627251915,0.5723019845573718,0.5844249143522379,0.7340805144898371,0.5695762912992479,0.5955247198385125,0.859993416611948,0.6045803792584423,0.8015325934858928,0.5240088046546187,0.0,0.0,0.0,0.0,0.0,0.0,0.0,0.0,0.0,1.4658487040527142,5.595356639022311,5.466836589168544,1.223818623032683,0.8357614133414083,0.7228228330000274,0.5974874764723435,0.6674869171247829,0.5392286012806732,0.5375356156593818,0.779963619917845,0.6706297955686371,0.5130996964072692,0.7519802571175316,0.5787829484175937,0.1820214488359394,0.0,0.0,0.0,0.0,0.0,0.0,0.0,0.0,0.9904652608703639,4.948738292289814,5.44912903961705,2.1566218876510828,0.6703579796352771,0.6574793282856192,0.6425323236716642,0.48872264377696073,0.6207746958933468,0.8001970338713806,0.5549270394355751,0.5437450482918923,0.65143011897074,0.9230858327440821,0.0,0.0,0.0,0.0,0.0,0.0,0.0,0.0,0.0,0.0,2.111985502214412,4.699827869401611,5.595356639022311,1.2813948975530292,0.6810252114790716,0.5549387071278032,0.8126708597576713,0.559883185159425,0.5892246143073644,0.6983453314525001,0.6563526136508122,0.6020889437601966,0.0,1.3632898585667874,0.0,0.0,0.0,0.0,0.0,0.0,0.0,0.0,0.0,0.0,1.557695384243282,5.234935772995415,5.108190382399889,1.8134070463866323,0.648773091003472,0.3938209993233068,0.8878257171937137,0.5285695479409066,0.6043774783714655,0.7031330381210964,0.6171989225988219,0.6398762308780361,0.620662139333394,0.5484305753943338,0.0,0.0,0.0,0.0,0.0,0.0,0.0,0.0,0.0,0.0,1.9201746744063717,5.448727423826935,5.4356496335751885,1.011744335085944,0.5126800673525433,0.5752105103502141,0.6725666772956991
5.686310769079242,0.8138155141125876,0.5995362322773147,0.6825570116074687,0.5989539585311213,0.0,0.8623619272735557,0.0,0.0,0.0,0.0,0.0,0.0,0.0,0.0,0.0,0.0,1.9304939117482487,5.8171565877888165,5.587984913517785,0.5632419540606746,0.6110859879514086,0.7876496389358308,0.7810897401366721,0.7165500787362332,0.6766830723802398,0.62401526189905,0.5771185831196893,0.7893876914444911,0.0,1.2192965094837673,0.0,0.0,0.0,0.0,0.0,0.0,0.0,0.0,0.0,0.0,1.611842717747523,5.685237083088095,5.769666420562912,0.6599326168227977,0.7610070243314515,0.6950381591672474,0.6432682074925741,0.5532885699221427,0.568807328186609,0.7478612689019627,0.7426838444897801,0.6718775186512126,0.7009299253374697,0.6603435710372065,0.8630076900401175,0.0,0.0,0.0,0.0,0.0,0.0,0.0,0.0,0.0,1.5422923366011168,5.580770015550853,5.512171393802734,0.9994575524782046,0.5742215223601884,0.5907954783729892,0.5673534409990817,0.5093112243227234,0.6322588535005021,0.605700418487047,0.7612928162051253,0.6335664753609249,0.6539696060398679,0.7751866156425715,0.7855483860174405,0.34710845725694256,0.0,0.0,0.0,0.0,0.0,0.0,0.0,0.0,1.6364989192898172,5.642192929009538,5.545009906771601,0.8506795708391083,0.6937265620502469,0.6067127887778792,0.6917708964098395,0.5965704981317795,0.6971683725161659,0.584207144793285,0.7387328524175529,0.6372923723371166,0.7332614580347594,0.6912486140665823,0.0,0.0,0.0,0.0,0.0,0.0,0.0,0.0,0.0,0.0,2.2510221242969752,5.642619481383716,4.983083525868944,0.7844859223892772,0.7456904964019344,0.6687208448468159,0.59706149504742,0.6592708129091049,0.8692860162955347,0.48214473066975283,0.7712685954664757,0.5455095270959232,0.7396382180312459,0.9113753052046246,0.0,0.0,0.0,0.0,0.0,0.0,0.0,0.0,0.0,0.0,1.7821843443554997,5.383398255350458,5.464969299915615,0.8108549537463555,0.8377145771452053,0.46588709990492155,0.7779414805367227,0.7868484307736325,0.680575096125865,0.6486518112329801,0.6955852692267321,0.7487839346704733,0.5075223975129525,0.6048053462910019,0.0,0.0,0.0,0.0,0.0,0.0,0.0,0.0,0.0,0.0,1.6643936697444823,5.8171565877888165,5.562478588865095,0.8241802478279865,0.6551077195842849,0.464499483463018,0.7217298833517728
5.876961808662281,0.8707099018019051,0.7193321198014679,0.8250175991986698,0.6335702091358911,0.7442479569669703,0.8744349003161198,0.0,0.0,0.0,0.0,0.0,0.0,0.0,0.0,0.0,0.0,1.60100829121353,4.686661536517428,5.495475479061745,1.8572750213740663,0.7036889740155363,0.7844570926106856,0.6119711735517217,0.6844539690312087,0.5821274789043134,0.6361937996615286,0.7308695552683285,0.6528425057939071,0.5728809548204701,0.9507225637123521,0.0,0.0,0.0,0.0,0.0,0.0,0.0,0.0,0.0,0.0,1.4143871516567632,5.7388260802447535,5.6066278271562195,0.8980216177034865,0.4793454520622351,0.8359830082183018,0.6789225814818035,0.5799300150346858,0.5645789904396715,0.5352486926734061,0.5924146446871653,0.8172368646705167,0.5490899165372461,0.9428505163363834,0.2162958864953115,0.0,0.0,0.0,0.0,0.0,0.0,0.0,0.0,0.0,1.2167815988290656,5.478354817447986,5.876961808662281,0.9498393650137326,0.5287336133388224,0.7347854276797723,0.5683836759554513,0.753552406098024,0.6085793919414786,0.7511866239750149,0.5643259766604909,0.7299518122379531,0.7605466142280113,0.7659717488528887,0.7301992322844253,0.0,0.0,0.0,0.0,0.0,0.0,0.0,0.0,0.0,1.3022052776649407,5.466163258997222,5.850238218670111,1.0741613039973628,0.7069821325706126,0.852140796596677,0.5908953033244324,0.6781571266869658,0.6426898116736737,0.6836470134368249,0.5618729704682068,0.6500837777864926,0.5645922284592801,0.7961982551043618,0.0,0.0,0.0,0.0,0.0,0.0,0.0,0.0,0.0,0.0,2.212236697457981,5.688145488096851,5.125025743290143,0.5686228133393323,0.8726293154679132,0.7460088668868445,0.5381169666583904,0.7914239857352483,0.5839990248421778,0.6583215337074106,0.3652361784232548,0.7327034381785889,0.388121903523734,1.0722465563826749,0.0,0.0,0.0,0.0,0.0,0.0,0.0,0.0,0.0,0.0,1.7647948219624903,5.729335817683807,5.149483062628574,0.9584952273166847,0.8364080253797926,0.576508978275377,0.56663896200521,0.7797251362648858,0.7750097720809613,0.3955599741980532,0.9347805880454316,0.5916672558241006,0.6604075025199941,1.0767323570797247,0.0,0.0,0.0,0.0,0.0,0.0,0.0,0.0,0.0,0.0,1.9911392359905873,5.501307678034481,5.490399150913186,0.6078178486571796,0.6882098273588374,0.7342379419003927,0.7383864002367171
5.8526520519935525,0.7370633542948521,0.7660788790463263,0.6697047634842591,0.8604868229752244,0.47834411228119755,0.8112881732140735,0.0,0.0,0.0,0.0,0.0,0.0,0.0,0.0,0.0,0.0,1.7321251517777085,6.109469923641371,5.233312036849144,0.6237274324898229,0.6836037683760846,0.6268499930261838,0.7834322993093632,0.5595771497618306,0.6431352879842718,0.6695317977788356,0.7182074191518775,0.6485369653962343,0.8090510779073136,0.8488931779357877,0.0,0.0,0.0,0.0,0.0,0.0,0.0,0.0,0.0,0.0,1.281995065816716,6.260261071644307,4.982847003098684,0.6890215056817961,0.8309417600138841,0.695319550839729,0.5565711282497594,0.835850561900854,0.6681035066336127,0.7692603730383384,0.6744912582989536,0.8276609603129956,0.48546406781808793,1.0744510519573285,0.7261894447171979,0.0,0.0,0.0,0.0,0.0,0.0,0.0,0.0,0.0,1.5529793707930608,5.426373156657227,5.604530374146963,0.6528281761759109,0.861712003535354,0.7107419447876416,0.647487283500412,0.6764455199919159,0.696509414001761,0.6430581493521158,0.6739076518914643,0.5065109094502448,0.4862519479635463,1.0523068399986881,0.6399864022513011,0.0,0.0,0.0,0.0,0.0,0.0,0.0,0.0,0.0,1.7019203569753198,5.787744551678939,5.365035727934815,0.6451253434142963,0.8708189259443307,0.8037219681143689,0.6828772471037626,0.6677679282385537,0.6254826187409889,0.7449721619015315,0.8012173384789997,0.6432364307057198,0.372748413472055,1.2865963996657865,0.0,0.0,0.0,0.0,0.0,0.0,0.0,0.0,0.0,0.0,1.938182223664917,6.260261071644307,4.582933455188553,0.8835210492374012,0.6022080026103325,0.48869181705178466,0.8384659903283445,0.5953385951463521,0.6999981202504448,0.6068056500131611,0.9857143972023169,0.7296492765280326,0.552498561982063,0.942445770056238,0.0,0.0,0.0,0.0,0.0,0.0,0.0,0.0,0.0,0.0,1.5636263233125254,6.184309069135752,5.07857751771999,0.7086024985375174,0.8435121629204044,0.8372533244483147,0.8016150879946912,0.8267386988347603,0.7168628568748455,0.8398009015078235,0.6842639247448107,0.6483811119578952,0.7307452735026336,0.5737724126524402,0.0,0.0,0.0,0.0,0.0,0.0,0.0,0.0,0.0,0.0,1.826267218574202,5.837145124102733,4.8361769980484866,0.9716814351214038,0.7291378266358517,0.5993669010502406,0.6993848247246893
5.331283319428392,1.4080873222737271,0.6959094480172225,0.6445206831594599,0.7034387023428105,0.5408526143029958,0.7111611445551959,0.0,0.0,0.0,0.0,0.0,0.0,0.0,0.0,0.0,0.0,1.7807444162597612,5.688428388894664,5.58896407657371,0.48744397509668647,0.6101515046198706,0.9617635075889311,0.5959888629373665,0.5758565187125785,0.6259525720646728,0.7105841240450221,0.5299477617987159,0.9530176720555367,0.5426629630594169,0.7565533360999045,0.0,0.0,0.0,0.0,0.0,0.0,0.0,0.0,0.0,0.0,1.409842621803806,5.516992873369498,5.592584743341363,1.208758240153464,0.49951261406935266,0.5982456666531407,0.5744042857177627,0.6066314137382861,0.6495900001511392,0.7289141101572946,0.4725196397544359,0.6083696797235149,0.6783676921132651,0.8791255386102248,0.8489917463393191,0.0,0.0,0.0,0.0,0.0,0.0,0.0,0.0,0.0,1.5532735517650798,5.148973267138299,5.626245327346718,1.030339823324137,0.7203543772919656,0.7409146528861323,0.8096552976361129,0.7736779845212238,0.6326987465123061,0.8096897617753465,0.6655191364330254,0.7563796178322141,0.6009008937307343,0.6118785821315713,0.04774228071951486,0.13430273184541405,0.0,0.0,0.0,0.0,0.0,0.0,0.0,0.0,1.4365328076425232,5.350804102046529,5.70207963638915,0.961099410437606,0.6376507128971415,0.6466158021451849,0.6283515755679644,0.4758882806703553,0.5992785981483714,0.8129291155970406,0.6291171817631965,0.707766045576667,0.4023001642065531,0.8927817001724336,0.0,0.0,0.0,0.0,0.0,0.0,0.0,0.0,0.0,0.0,2.022120432433268,5.707783036873593,5.2761790827919945,0.7681998894407708,0.6439869983840691,0.6656853983899059,0.607655606998355,0.7373455450015877,0.6696410654932048,0.6254312107734887,0.7751379054960891,0.6216205570232849,0.22159157462469564,1.0250819495537207,0.0,0.0,0.0,0.0,0.0,0.0,0.0,0.0,0.0,0.0,1.5412696256338325,5.632845812507467,5.414439715705985,1.0345747330300332,0.8177407488673656,0.7273012638228576,0.8014085601126923,0.6748899572530367,0.658300944424393,0.578162434877009,0.6414951783966382,0.6413994502532961,0.6808296804406226,0.6834303205449566,0.0,0.0,0.0,0.0,0.0,0.0,0.0,0.0,0.0,0.0,1.8866329836661302,5.45155510145137,5.456170647343922,0.9601999522357818,0.6697430085390086,0.6299357410675454,0.5241015150912534
5.728305546101774,1.1001797426547117,0.5985272617039916,0.770560781284871,0.6450854285353264,0.7119133185034421,0.8009561420174508,0.0,0.0,0.0,0.0,0.0,0.0,0.0,0.0,0.0,0.0,1.5698729012220678,6.044964936162217,5.688340789282009,0.6535603670843806,0.9444326473365111,0.538811099192481,0.7042671479878779,0.8308461420234825,0.6112077163535291,0.6890960825978191,0.8017572948454077,0.6145097442893377,0.7739683003013615,0.9022606352041456,0.0,0.0,0.0,0.0,0.0,0.0,0.0,0.0,0.0,0.0,1.4182217436388422,6.003055265011861,5.225744615715232,1.0115564024592767,0.7132141128889202,0.7207966353827541,0.7624341566430385,0.7166083986421936,0.692451517363545,0.5452296942362781,0.47872910499018906,0.6965364240457608,0.7642624330526145,0.867504345565984,1.0640102705517118,0.0,0.0,0.0,0.0,0.0,0.0,0.0,0.0,0.0,1.786994352655543,5.778581650806696,5.5674866339939095,0.5983262719154238,0.8143601170458769,0.7513810272268584,0.6657676431036563,0.6232823620086513,0.6847662846108422,0.7453419971834018,0.7207903117479976,0.5681050008542928,0.4253597555846946,1.0604042781042766,0.9006750636139991,0.3008955312544208,0.0,0.0,0.0,0.0,0.0,0.0,0.0,0.0,1.8188512211271561,6.076241950171773,5.151037422074316,0.8163764721271887,0.7727516995297976,0.7099980738912979,0.627036181976752,0.6496167197762579,0.6122922875259565,0.6903534586668587,0.638975941262842,0.7215260124663594,0.5553264146394319,0.5126301678892102,0.0,0.0,0.0,0.0,0.0,0.0,0.0,0.0,0.0,0.0,1.6419019648900894,5.878387578214107,5.524201377624612,0.6846202499088931,0.7392515535778214,0.7096448120365202,0.6282829910618978,0.5848883179168898,0.6247936122967394,0.4845524430438922,0.7196230062944063,0.7779313639209131,0.13881631114928128,0.49235505699237336,0.0,0.0,0.0,0.0,0.0,0.0,0.0,0.0,0.0,0.0,1.5058044886473425,5.5926388361030615,5.861350532672727,0.5238044416252144,0.7675096648023312,0.5823117151320186,0.7097267404044166,0.6347404716669394,0.7975468843955955,0.6359147400988334,0.4191682759250526,0.829522131000216,0.780473198908746,0.7781193700204673,0.0,0.0,0.0,0.0,0.0,0.0,0.0,0.0,0.0,0.0,1.8334723263129986,5.607692296740257,5.4545716384182,0.7095966758349147,0.6444492239334293,0.6942184342097437,0.7118839206141123
5.534894647113265,1.217766542391393,0.6410594832162999,0.7199590068423292,0.773335210161229,0.49968555905934364,0.22292475650131216,0.0,0.0,0.0,0.0,0.0,0.0,0.0,0.0,0.0,0.0,1.7986588598015374,5.887672447921,5.215446574603425,0.888117392802203,0.4504973412642719,0.8369094860644662,0.5793568149929474,0.7946469518332615,0.6463016341057856,0.8638186731322463,0.5349817154987355,0.7010712745155366,0.7820651547162623,0.8376560432452214,0.0,0.0,0.0,0.0,0.0,0.0,0.0,0.0,0.0,0.0,1.2398372239122253,5.496912331070075,5.732433705596394,0.8865921748393142,0.855832110755048,0.751536801586796,0.5307781749339756,0.6596935093871511,0.42634723574067895,0.8105678241899597,0.6998167524616805,0.5457818969489089,0.4954340714774479,1.1039813527679412,0.9198347072192945,0.0,0.0,0.0,0.0,0.0,0.0,0.0,0.0,0.0,1.4335650590119808,5.752293770488224,5.887672447921,0.7008996042806247,0.728201319205548,0.6774087020728015,0.5188942001547717,0.7605575671412302,0.5982779454753782,0.8151977586177428,0.6012251577644849,0.4262363448276938,0.49334864063510175,1.028233255367387,0.39723542326562944,0.16517971384335442,0.0,0.0,0.0,0.0,0.0,0.0,0.0,0.0,1.9641175760315976,5.4192358259891655,5.211590659963411,0.8065721595444414,0.8676942724900192,0.45761619383068314,0.8559200302133247,0.6042237479449323,0.6864238184056493,0.5728842022485314,0.6830863274561467,0.707407111814075,0.6688386535017364,0.7961120363420816,0.0,0.0,0.0,0.0,0.0,0.0,0.0,0.0,0.0,0.0,2.057396722879103,5.606882165644719,5.338065804995885,0.5677418204946764,0.7764350048671872,0.62018537358519,0.6857471098497089,0.7707929716834891,0.5273074868443647,0.6692832441870211,0.6093321106687799,0.5842809773903443,0.5859989946738686,0.45084299196819266,0.0,0.0,0.0,0.0,0.0,0.0,0.0,0.0,0.0,0.0,1.1598851824138117,5.311257070881668,5.8212173035864225,1.403723706172816,0.5926029984921091,0.549958032867842,0.863692492172292,0.5803563515229302,0.6390817434502409,0.6608032068472257,0.5432055914505224,0.4778709635267322,0.33394445718368865,0.7232159875731234,0.0,0.0,0.0,0.0,0.0,0.0,0.0,0.0,0.0,0.0,1.96458962346794,5.51068183543791,5.712793618904974,0.66881666455829,0.798715995527904,0.5481133330442536,0.7529669604338011
6.052009773748913,0.7016896312218587,0.7365284948087426,0.4633794601061791,0.7732498435050242,0.890202735105589,0.7286506302025688,0.0,0.0,0.0,0.0,0.0,0.0,0.0,0.0,0.0,0.0,1.7914962808569028,5.668139720926183,5.8251138472619814,0.8103447441054252,0.5052913138416542,0.8247552893294203,0.5469048670246198,0.750864365790079,0.8497578676753934,0.584800904738597,0.763849919567905,0.6424151647123743,0.6298820898961008,0.9316039484630156,0.0,0.0,0.0,0.0,0.0,0.0,0.0,0.0,0.0,0.0,1.4489688677493433,5.976759528805362,5.374567291062438,0.858298085289103,0.6763928859497272,0.7051716689265496,0.5137161862385853,0.7499815409710486,0.7816853467468659,0.5188715385462193,0.6433043655240983,0.5064882505389029,0.0,1.4074702034063176,0.9593514239954768,0.0,0.0,0.0,0.0,0.0,0.0,0.0,0.0,0.0,1.7985461815424537,5.992944877652181,5.337515807341362,0.6823518951673273,0.6366658534635063,0.7571040529149451,0.5557300427231244,0.7099821274486233,0.8580847043388141,0.6317046638249557,0.7235587508005843,0.7069969806414558,0.6976898686361128,0.9268529106491629,0.7113554533925814,0.0,0.0,0.0,0.0,0.0,0.0,0.0,0.0,0.0,1.4464605791669036,5.902960315302297,5.64685413492319,0.7566640565771651,0.6098228839151804,0.8596777991420355,0.6506198648474372,0.660805180223105,0.6669963041789088,0.7124080508989975,0.6953493486168487,0.8280316869473927,0.7084939363419558,0.7048249861425512,0.0,0.0,0.0,0.0,0.0,0.0,0.0,0.0,0.0,0.0,1.915381059359384,6.011415528234743,5.233423010583673,0.7137852786364475,0.6706921186643258,0.8690833189371476,0.6564904396533938,0.6024109822575932,0.7202329367733887,0.6224358190045854,0.4712733423434611,0.5598433069689462,0.5458291763469032,0.46965281956575033,0.0,0.0,0.0,0.0,0.0,0.0,0.0,0.0,0.0,0.0,1.6458629647746175,5.969557279918493,5.385192150256243,0.6598244225323013,0.5560062000047563,0.6857287897270801,0.6456317140814265,0.6404631146721286,0.7169614783188539,0.5034005010380949,0.7218644433966885,0.7513444509235209,0.47097745291243953,0.7752035376243611,0.0,0.0,0.0,0.0,0.0,0.0,0.0,0.0,0.0,0.0,1.9112491754916094,6.0508403141222535,5.080348319753982,0.7989774063467734,0.7045281510405742,0.6446737246631815,0.7549178660511678
6.18852164353819,0.9115313914744063,0.6428581804670143,0.42827154134995266,0.9409458033019302,0.8031154342629928,0.8242036739453795,0.0,0.0,0.0,0.0,0.0,0.0,0.0,0.0,0.0,0.0,1.7311144380828338,6.197903714091511,5.59418371752993,0.6968981368879504,0.6685383294683794,0.656427483478279,0.7820436465930275,0.7310621094391455,0.6743946141131023,0.8036315620740664,0.8309159296284989,0.7786244822656715,0.7127781432708122,0.3530150301663037,0.0,0.0,0.0,0.0,0.0,0.0,0.0,0.0,0.0,0.0,1.4784740946093038,5.944872221061878,5.9644266239196275,0.480313107432824,0.9917983384019735,0.7771711651384451,0.5653468613864039,0.9031801079043992,0.6683625439573705,0.7070889683671516,0.6554750590716016,0.7183672551038796,0.3989941069540133,1.248824127120919,0.9180430440300338,0.0,0.0,0.0,0.0,0.0,0.0,0.0,0.0,0.0,1.1896516562910096,6.085203943841718,6.048553439165127,0.5990511327718137,0.7139338549838395,0.6679256309870626,0.6863254875267129,0.8224163799506222,0.6046017895126149,0.6879993293784878,0.5651298604274047,0.4601619438809271,0.6970430400900097,0.8414082655173886,0.7135190631757018,0.22340804520911037,0.0,0.0,0.0,0.0,0.0,0.0,0.0,0.0,1.5878977033439436,6.001804037802383,5.951721145480963,0.7823740047053185,0.6263129250328459,0.7843096234676453,0.5157939650800141,0.883332591899582,0.8369235133241774,0.7614446630638457,0.6498428571231013,0.9202588925202969,0.6994085406434511,0.7296174427004944,0.0,0.0,0.0,0.0,0.0,0.0,0.0,0.0,0.0,0.0,2.078088230280267,5.2104615914446955,5.942891577325505,0.7054896380654516,0.7341861636286524,0.6583579065782966,0.8070121983191787,0.6751287567800955,0.7224550360738832,0.7028790428469531,0.6060955196386493,0.7056463941203766,0.5031542457702918,1.062284240204944,0.0,0.0,0.0,0.0,0.0,0.0,0.0,0.0,0.0,0.0,1.7471771502764717,5.848544045351222,5.8130776745275545,0.5134292866039185,0.7239702756111989,0.6651598648397264,0.6464268810162338,0.817967708068189,0.773479475397962,0.7245872683727588,0.6364668408066153,0.595948636157492,0.6801232291592203,0.7645297928319081,0.0,0.0,0.0,0.0,0.0,0.0,0.0,0.0,0.0,0.0,1.8301969474338033,6.225327035108206,5.334113524384972,0.7811768403662037,0.6869748695170945,0.7808046554712897,0.7440521981582384
5.809215743479639,0.9693947625750566,0.5603563669753038,0.7097653925074425,0.7512132884700181,0.31863828761906987,1.0581034559959615,0.0,0.0,0.0,0.0,0.0,0.0,0.0,0.0,0.0,0.0,1.7348064525311386,6.2389389252434775,5.187587507573315,0.6081921377144293,0.8156548194012574,0.8888138552430634,0.7419548967783319,0.8260927395680453,0.7058898415877585,0.7140415022683531,0.7862569846075171,0.5731045033131338,0.38146740892300035,0.4217048208981069,0.0,0.0,0.0,0.0,0.0,0.0,0.0,0.0,0.0,0.0,1.4155336982036744,5.490169935291402,5.763367163004523,1.2593947553031632,0.6614770881230105,0.6762653385973566,0.5365229144759618,0.8384517674741457,0.6177553600238586,0.7426072223247353,0.8695857075218628,0.6851542181577077,0.43710750026201706,1.0607975390628948,0.32628063570096266,0.0,0.0,0.0,0.0,0.0,0.0,0.0,0.0,0.0,1.3173449926929148,6.072912571954553,5.668422514156645,0.7699177906547114,0.6169194806665127,0.6417592504210766,0.7012169663912609,0.6146564935370403,0.728272846753621,0.7665970010806066,0.7945462025156603,0.7174163742099066,0.6220151005965295,0.5084495355790395,0.47544492268821664,0.0,0.0,0.0,0.0,0.0,0.0,0.0,0.0,0.0,1.4161349907135474,6.173159551356517,5.55611976353299,0.7109182721987158,0.6760868253908594,0.7786426328038,0.9449570226992371,0.6553715994291008,0.7688798131124481,0.8254686538689584,0.7399247882066424,0.6928962633413821,0.5959780689423151,1.0911325188244094,0.0,0.0,0.0,0.0,0.0,0.0,0.0,0.0,0.0,0.0,1.776313399864504,5.689545270826082,5.510184599838275,0.8167108220071273,0.8105666644236442,0.7820336638933665,0.6862487965757561,0.7339243370545975,0.7632648559599258,0.6234421647312378,0.4264539929992335,0.8978924644746763,0.8967974494781249,0.8700386087777464,0.0,0.0,0.0,0.0,0.0,0.0,0.0,0.0,0.0,0.0,1.139335835756127,6.045962429850444,5.6496454051154,0.9565523381350787,0.7234136365032473,0.5898959880207932,0.9503075488744558,0.6979443207930992,0.6359547614085388,0.8047758549748832,0.8748769974733935,0.6396464715326219,0.549935240258189,0.8472681158998263,0.0,0.0,0.0,0.0,0.0,0.0,0.0,0.0,0.0,0.0,1.7854148484915715,5.9487514332014575,5.603168736196802,0.7268151029878352,0.5513624656604643,0.7588494992598178,0.4896357343995844
5.901334414036058,0.9579062221996454,0.4482025187816101,0.7500495085180598,0.5952657088891364,0.6982897232689437,0.6584586210381024,0.0,0.0,0.0,0.0,0.0,0.0,0.0,0.0,0.0,0.0,1.7692347388392864,5.732370613298988,5.721899083430326,0.6934946591903396,0.6552651796736609,0.7143348600987883,0.7002405999306766,0.644209832347057,0.7024399982957129,0.7453276336336758,0.5969561768122316,0.6447507260229899,0.45318317477738873,0.6838054924532759,0.0,0.0,0.0,0.0,0.0,0.0,0.0,0.0,0.0,0.0,1.6935027627006984,5.8287995201512315,5.721225679287783,0.7464645260764138,0.6487531365731756,0.5452277290321942,0.8056511353892036,0.7738396506868941,0.715596613211067,0.7524590673498922,0.6632781867432064,0.7275205054081529,0.6921885771856924,0.7532294765528383,0.7369942731433639,0.0,0.0,0.0,0.0,0.0,0.0,0.0,0.0,0.0,1.728341088511997,5.4578383201643295,5.362097391071456,1.2185769239478736,0.8414163013742721,0.7698457190970127,0.6597354070731081,0.6496402026533806,0.5733834415136201,0.7802546523862316,0.4356502946528972,0.8646155024093939,0.6401995747370103,1.0741097866657325,0.20349994788344716,0.27203555004801316,0.0,0.0,0.0,0.0,0.0,0.0,0.0,0.0,1.8402534015266445,5.406153054081949,5.854545131809157,0.5558707589743,0.5970993071664936,0.6357597814231404,0.7084406738237545,0.6560080920923792,0.5528994735146525,0.8253168225410513,0.486257553050552,0.6344647803271684,0.7128141710754871,0.813557201400501,0.0,0.0,0.0,0.0,0.0,0.0,0.0,0.0,0.0,0.0,1.818090393973384,5.531253936482741,5.573398380611547,1.0105273120996463,0.5362656804176925,0.6184937579020966,0.6768376549233915,0.5463234231710464,0.6948051669407547,0.6742822781549093,0.7146690138650998,0.7179746449108699,0.552349627464265,1.0024119317868914,0.0,0.0,0.0,0.0,0.0,0.0,0.0,0.0,0.0,0.0,1.6162697663532841,5.219479328461697,5.420412184359763,1.5589886103380644,0.6380702654249899,0.7855724862862891,0.5611254365485063,0.5024334890936828,0.8306576282164996,0.6515706334968175,0.7465059957322632,0.5473165838657803,0.6502757035390618,0.8798931136443536,0.0,0.0,0.0,0.0,0.0,0.0,0.0,0.0,0.0,0.0,1.9599532115948661,5.865999780160882,5.388157920074811,0.4748720440477954,0.7399376417436296,0.6933914899802535,0.5168660362276531
5.889044590947364,0.8816549209533029,0.6810384527817955,0.6989565873427872,0.5736578553009564,0.718757476527593,1.031973178137004,0.0,0.0,0.0,0.0,0.0,0.0,0.0,0.0,0.0,0.0,1.9834683433976892,5.7857237495810745,5.119952067271716,0.9266227023916538,0.48317568101007585,0.8776426546297283,0.7218912284786997,0.5628946264971941,0.7569021198776629,0.5294012070949143,0.6439168044359977,0.700098633191242,0.6080478846509424,1.2766187236635798,0.0,0.0,0.0,0.0,0.0,0.0,0.0,0.0,0.0,0.0,1.7293688338349458,5.949044273471575,5.5850849961711075,0.7604299270010733,0.6096799435057795,0.6720905591565612,0.7622804840110032,0.6396200819889778,0.7788492716195955,0.6447368946222856,0.8282712106330028,0.5813330281066402,0.9284497630045057,0.846241909270519,0.8876645276769928,0.0,0.0,0.0,0.0,0.0,0.0,0.0,0.0,0.0,1.2709811331378127,5.96632168464646,5.866244418552758,0.7058960429830142,0.540552868159407,0.7497513429916033,0.7073578191528822,0.7373479572391948,0.7341780294979926,0.7161409173915314,0.7580988872082763,0.501342348882065,0.8752618720415457,0.6306323715685968,0.6495163520016103,0.4113249217484274,0.0,0.0,0.0,0.0,0.0,0.0,0.0,0.0,1.9306615462097327,5.943400370000443,4.96692071875695,0.9580286268098585,0.7589071680262983,0.5605671322141141,0.6521598404281229,0.7781264205549379,0.6868112275839023,0.7730789724274317,0.6363209958415765,0.5240675521081192,0.6377009698602734,0.6781390075681959,0.0,0.0,0.0,0.0,0.0,0.0,0.0,0.0,0.0,0.0,1.6466375762729468,6.011491236246988,5.251284626043856,0.586630573948984,0.8859761762131805,0.6337821265962941,0.6142205271610148,0.6829441929351387,0.6379296868242257,0.7979369825720133,0.8073504530106107,0.6393315283523151,0.5143846134932394,1.0679398241251858,0.0,0.0,0.0,0.0,0.0,0.0,0.0,0.0,0.0,0.0,1.8326428739368696,6.119151507819542,5.0552150279169,0.8806866969660743,0.9312038473459994,0.5761898411501387,0.6883593083327489,0.6549309647715877,0.6797331311505601,0.6227449368193632,0.7985410017547416,0.6586451299861982,0.7378752943050512,0.914030339412848,0.0,0.0,0.0,0.0,0.0,0.0,0.0,0.0,0.0,0.0,1.9283977202353109,6.119151507819542,5.13880113427746,0.6238338963520964,0.8330841393579073,0.7463151216213506,0.5703446278711066
6.20995900685023,0.5925883083705942,0.6821115164816199,0.9315744536384755,0.7376347325802557,0.5245308036323673,0.7979000804558444,0.0,0.0,0.0,0.0,0.0,0.0,0.0,0.0,0.0,0.0,1.633998671437961,6.211625888020992,5.2833537481502795,0.5866989088609522,0.75394223732669,0.6372477907464325,0.8468544988169746,0.6282272159036559,0.7799810203466886,0.5481288985334418,0.6917627736637192,0.9363481015186251,0.471283085521891,1.0826451158051942,0.0,0.0,0.0,0.0,0.0,0.0,0.0,0.0,0.0,0.0,1.3804872674351323,6.094962912382995,5.758129743209929,0.8860675166846311,0.7427879622839275,0.5250550632280778,0.8636678493466391,0.738893209625883,0.7203834684455733,0.6647021163916041,0.73600538341333,0.8049157990318908,0.72360476567298,0.8004521325353201,0.7833236763352662,0.0,0.0,0.0,0.0,0.0,0.0,0.0,0.0,0.0,1.7467619116519142,6.120820316956211,5.2064516739517,0.7235517052727581,0.5906968530224052,0.6599851383565868,0.6732780172464476,0.8417074537002077,0.7908764614513769,0.5171265776515896,0.7624663083304098,0.6708042339323923,0.703084929212729,0.585680101169225,0.33422036202886496,0.0,0.0,0.0,0.0,0.0,0.0,0.0,0.0,0.0,2.0026829955164622,6.11694766493522,5.053558591783079,0.686462588800995,0.6778944572865766,0.5951672555868185,0.7608186854173293,0.7473466520600327,0.8095501149050306,0.8239600204023833,0.6248763007518685,0.5372325445741244,0.6459946029428351,0.7831345857212402,0.0,0.0,0.0,0.0,0.0,0.0,0.0,0.0,0.0,0.0,2.2204718385027276,5.9903654971146665,4.956249851404867,0.8833026374099351,0.5733118955787312,0.6251971912167285,0.7627920950662955,0.5568249931542334,0.818456350406262,0.7319853051331071,0.6192230460688899,0.7026922224723324,0.6177372903940104,1.1551294549861804,0.0,0.0,0.0,0.0,0.0,0.0,0.0,0.0,0.0,0.0,1.6646392447553162,5.935231612925521,5.452116829714736,0.6215044158650164,0.8936528430559185,0.7748466129323172,0.6637448401986991,0.7122266943883371,0.763961594322623,0.6659483999931912,0.863337737040224,0.7979528743016879,0.35762171121296954,0.6182778717103882,0.0,0.0,0.0,0.0,0.0,0.0,0.0,0.0,0.0,0.0,2.0477197821764106,5.82459312668527,5.358077666547049,0.6550875049626889,0.6454049322289558,0.8359798422310362,0.7189898754181916
5.93888892375849,0.8562138769720851,0.5950267161939367,0.9665417686466442,0.5622839343676733,0.8862373465863729,0.6339716147220318,0.0,0.0,0.0,0.0,0.0,0.0,0.0,0.0,0.0,0.0,1.606614262062573,5.444626073040019,6.027756273770717,0.8277951331558615,0.6680540523308264,0.6996804689263292,0.6283153161829091,0.7321585499197194,0.6453745111913927,0.7259515986404097,0.6577542637037426,0.7711324348518408,0.6484448142115089,0.8266700803960747,0.0,0.0,0.0,0.0,0.0,0.0,0.0,0.0,0.0,0.0,1.0902495520246334,5.927553729738777,5.653611979496891,1.1734543525242045,0.4404630571550534,0.6972515900840908,0.9658883220803453,0.5675665778732246,0.7518091725194833,0.7362891220253067,0.7235804144083118,0.690692810043794,0.5970368548273974,0.7096518022052419,0.4438853510573342,0.0,0.0,0.0,0.0,0.0,0.0,0.0,0.0,0.0,1.5197499391105669,5.983519870796757,5.609709896949525,0.8521350607367172,0.5887856354808995,0.7201244561632768,0.7615298297328299,0.7264052034478224,0.7680921727548427,0.6947373804721216,0.5133469253543846,0.6581019232101573,0.7326477733845336,0.8057211716404531,0.6599220163820956,0.01131939716893271,0.0,0.0,0.0,0.0,0.0,0.0,0.0,0.0,1.7572383554999185,5.935678892752537,5.289976984231017,0.9482236960465339,0.6466594421531323,0.4059113678634943,0.8563067446644748,0.36234326470032197,0.860899458798092,0.6104266824767793,0.655347690323912,0.6825679034863932,0.2630889749619534,1.0111246723777931,0.0,0.0,0.0,0.0,0.0,0.0,0.0,0.0,0.0,0.0,1.7655011416241226,5.694919779828454,5.604447758524011,0.635599563573687,0.8271739256609606,0.8008109786488471,0.1872467997565087,0.9657570544309425,0.6598207291533863,0.8291170615049317,0.6867945842557234,0.6647630360309286,0.5136745708313307,0.8059694009855667,0.0,0.0,0.0,0.0,0.0,0.0,0.0,0.0,0.0,0.0,1.4041115449852342,5.984646348730062,5.5380639324022525,0.9423297456597112,0.5433771506974193,0.8817861998153589,0.5068445586734037,0.7257859415210061,0.567055913290088,0.7892150376867972,0.5157479959838458,0.8178891854212893,0.714693519197827,0.8159285041831538,0.0,0.0,0.0,0.0,0.0,0.0,0.0,0.0,0.0,0.0,1.8291657315784822,6.064293720477753,5.2303472841548375,0.8870427534509723,0.750667053040783,0.6815178153376427,0.6821374725803002
5.68272833900153,1.065720594858102,0.802488009537924,0.6573571380113843,0.6583262962080446,0.7091576592195099,0.7412826548312869,0.0,0.0,0.0,0.0,0.0,0.0,0.0,0.0,0.0,0.0,1.8125917870010877,5.719229320113993,5.653750707649716,0.7028701917180812,0.5938518446623532,0.6952736671143251,0.6506627903018573,0.6707977709159192,0.5933547246014541,0.648678987848593,0.6043121609529807,0.6674491480210288,0.7140101293444576,0.8436104195497818,0.0,0.0,0.0,0.0,0.0,0.0,0.0,0.0,0.0,0.0,1.793148959405011,5.920106965277251,5.306963472229663,0.7165429186928037,0.7542138511175396,0.6796012099447513,0.4741886059788894,0.874258379180636,0.6469323235156672,0.7096775173689188,0.6645561727576922,0.6363353233980236,0.7761738332584233,0.6813415275124488,0.6149789711073907,0.0,0.0,0.0,0.0,0.0,0.0,0.0,0.0,0.0,1.7553040906790462,5.406608502915656,5.920106965277251,0.9556401009047918,0.7771836478134102,0.7844269313685139,0.6144233129480314,0.6626632760924898,0.6408413006332356,0.6301634955452354,0.6168242866956128,0.7111444406977193,0.6734952236102631,0.7012060199347739,0.8255114629304069,0.38144186545206166,0.0,0.0,0.0,0.0,0.0,0.0,0.0,0.0,1.5034025124999488,5.274019334446923,5.8267363281912825,1.2716552640807388,0.5908684138200939,0.6020522952252206,0.5601351316860912,0.601045129434831,0.67229204755724,0.5145559573377384,0.6358697719468398,0.8283390368069247,0.0,0.9891263764627531,0.0,0.0,0.0,0.0,0.0,0.0,0.0,0.0,0.0,0.0,2.1471782883105206,5.920106965277251,4.943777071704889,0.7063286837333171,0.847303707863633,0.849586950613285,0.646280022635721,0.5549836703965149,0.6530531899513993,0.7798634797998422,0.6195107488600995,0.7331730231187417,0.7309570284489312,0.6524563042945962,0.0,0.0,0.0,0.0,0.0,0.0,0.0,0.0,0.0,0.0,1.7308882778954562,5.527870848349865,5.816761935497837,0.7345379715683686,0.6728512413968638,0.5017673005776128,0.7469231473711267,0.6359241099410742,0.49876727831522827,0.5213559244483789,0.7730842220797361,0.6930391545229805,0.6401747715832657,0.901602926739768,0.0,0.0,0.0,0.0,0.0,0.0,0.0,0.0,0.0,0.0,2.078609022628874,5.485348090031726,5.249275994927871,1.0824229771064091,0.6619067351667559,0.7345789512358896,0.6801233874937382
6.0099973738629915,0.9407986049235241,0.6153748024290828,0.5540119743717448,0.9460835551288485,0.6719185971494663,0.8288351314719611,0.0,0.0,0.0,0.0,0.0,0.0,0.0,0.0,0.0,0.0,1.8843722248031458,5.915149775303423,5.134078000341543,0.8644023908326414,0.6677371889372052,0.48225874904385324,0.7811508672353225,0.6497234626426275,0.7217690113237806,0.6185266976017992,0.5459350708800853,0.5728641252104196,0.8408360956650917,1.0512440412296897,0.0,0.0,0.0,0.0,0.0,0.0,0.0,0.0,0.0,0.0,1.7457973655615557,6.047307531410841,5.442524955767046,0.705430330443509,0.6917154299065719,0.8658590731187399,0.6350088791107077,0.7095779272497764,0.7726110882360303,0.5441108467450039,0.8696608334501553,0.5849366388358359,0.717976328780814,0.6524035142854325,1.1036186441692943,0.0,0.0,0.0,0.0,0.0,0.0,0.0,0.0,0.0,1.9888770381772982,5.519476331711787,5.713720022737247,0.7012295636734028,0.6753818642676284,0.6443018430832766,0.7272366450492306,0.6877999541487687,0.6760131676522552,0.6993671540654651,0.6275329424483078,0.5306258668735859,0.8169158436497976,0.5462542485067967,0.818480001172776,0.387761638302147,0.0,0.0,0.0,0.0,0.0,0.0,0.0,0.0,1.9506736804340115,5.620243057584412,5.6462735960441695,0.8054568931570797,0.6199565850662584,0.7848927955154217,0.8377382891167106,0.6556053060832974,0.70631211729448,0.6328082498566733,0.7633155580786648,0.6530886304500508,0.0,1.1207876660800817,0.0,0.0,0.0,0.0,0.0,0.0,0.0,0.0,0.0,0.0,2.234084414602904,5.722222061276458,5.216768451104308,0.7081354683045288,0.6123388834965886,0.695797539939476,0.5010683994255966,0.6552804491643974,0.6461487261601685,0.5818707056951902,0.8567743011018838,0.6390661801296111,0.8436377683857693,0.8197983041842094,0.0,0.0,0.0,0.0,0.0,0.0,0.0,0.0,0.0,0.0,1.8154418565411294,5.958210167326812,5.395493483566797,0.9638383323801304,0.5518411286994671,0.7415837006998434,0.6931296093769659,0.715277627165714,0.6845058135945157,0.6632309819109264,0.7694001338193702,0.741766249597832,0.7206454555396127,0.6886394245523721,0.0,0.0,0.0,0.0,0.0,0.0,0.0,0.0,0.0,0.0,1.9213510785190886,5.931893879182484,5.3041111626290816,0.689413893605761,0.7095594578590471,0.6382977237555229,0.669353773919899
6.2024192876816615,0.6218956110567659,0.6548313248064757,0.8746504631831139,0.7405095620896912,0.5643015329649608,1.0864509717773523,0.0,0.0,0.0,0.0,0.0,0.0,0.0,0.0,0.0,0.0,1.6243609000269128,6.206000893828562,5.343452347644519,0.7537073720907822,0.6190661167851356,0.6740372157442865,0.758978143429922,0.6047944639175341,0.7507300594054609,0.7625056575676259,0.8395656065730353,0.6116992077883011,0.654221437593899,0.8529048271491474,0.0,0.0,0.0,0.0,0.0,0.0,0.0,0.0,0.0,0.0,1.237378270467112,5.957381645337759,5.924869693236122,0.7807035703722924,0.7800650613224932,0.6723348050469545,0.7925692089254303,0.625980144507557,0.7727873185644688,0.5719383518258263,0.7632610035917182,0.8159272158749568,0.5674468906589978,0.8999000624280669,0.2811350629634268,0.0,0.0,0.0,0.0,0.0,0.0,0.0,0.0,0.0,1.5046067607213516,6.010039091273744,5.439979913123856,0.8429900532622401,0.6728382420462005,0.7224805972281287,0.7582315505839456,0.708537531473759,0.706501585728132,0.7081057636882195,0.7655136827390647,0.6587128022462337,0.7408880942693377,0.9601535978912178,0.0,0.0,0.0,0.0,0.0,0.0,0.0,0.0,0.0,0.0,1.5691195569904424,5.837285507978988,5.852128168709023,0.6812483694128375,0.9286736539961018,0.6607266960046109,0.7992161473002911,0.6409807928428396,0.7983974080925793,0.6599269569930915,0.688762451055694,0.6620548305067354,0.3801038474987859,0.8299151526448881,0.0,0.0,0.0,0.0,0.0,0.0,0.0,0.0,0.0,0.0,1.9013055006329571,6.182948454272333,5.185578583291863,0.4511198805445187,0.9275068659495832,0.6281558066363533,0.8558192543845631,0.7626670277553377,0.5960511266885321,0.6475735403986461,0.8025895079761332,0.655799981792377,0.5308774919224093,0.8055072764203575,0.0,0.0,0.0,0.0,0.0,0.0,0.0,0.0,0.0,0.0,0.8318054764918341,6.094682017016101,5.843624996343739,0.9096595105487997,0.7424471918040949,0.7995531844612129,0.6665047964234289,0.6171102282034477,0.6739576115128645,0.5021536750394152,0.8714897629657429,0.5204265311613068,0.6796364945669308,0.7042754389249529,0.0,0.0,0.0,0.0,0.0,0.0,0.0,0.0,0.0,0.0,1.816737308379878,6.326178871169727,5.304727544879936,0.7178600599839807,0.48083988375958187,0.8968070378127747,0.510132048020786
6.04762623521613,0.6370442052265206,0.7686886100890585,0.7303254448344049,0.6675188508757305,0.8972662106182386,0.7120656776041743,0.0,0.0,0.0,0.0,0.0,0.0,0.0,0.0,0.0,0.0,1.1599316139293112,5.855990528816916,5.957921812301773,0.7143366980048614,0.7283103820655168,0.615238168270893,0.726428812266175,0.7596755188061414,0.7234495218256852,0.6704050849097469,0.637087271795663,0.6540338887049023,0.6980893246843477,0.3322089624924853,0.0,0.0,0.0,0.0,0.0,0.0,0.0,0.0,0.0,0.0,1.159979826395631,6.150312396088613,5.76508964483709,0.7612436678287738,0.6012184890486141,1.0526548236887798,0.5982169152173636,0.8851661076165115,0.5601680074641001,0.76395250832244,0.7768298040460182,0.7761315103637354,0.6473895503715654,0.7733040338688852,0.7534802593784151,0.0,0.0,0.0,0.0,0.0,0.0,0.0,0.0,0.0,1.6703019815822064,5.912418305942566,5.476307528960443,0.7774177799970565,0.7200127563105528,0.5749223687557273,0.618043663790193,0.7776548347498703,0.4687607141267568,0.9913476573436485,0.6753173768125466,0.7877005661456403,0.5591612312483558,1.0016874444898989,0.46891902349465475,0.10289422712886065,0.0,0.0,0.0,0.0,0.0,0.0,0.0,0.0,1.7079882126243184,5.145131709885066,6.056693471652777,0.4562911917656034,0.6655680868530934,0.7456331245499795,0.6827161082367217,0.7513780156884214,0.7577559974359815,0.7196796973293386,0.6529178637426262,0.6230626317975627,0.0,1.0868105405046455,0.0,0.0,0.0,0.0,0.0,0.0,0.0,0.0,0.0,0.0,2.01371433456464,6.192538733261928,5.089992878955574,0.7199010040788194,0.7386534292920273,0.693921646924474,0.777058687334638,0.6910560229554673,0.6120512758645136,0.828673715494417,0.573825824139609,0.7658836405804564,0.6908869016469305,0.8611212606004223,0.0,0.0,0.0,0.0,0.0,0.0,0.0,0.0,0.0,0.0,1.5497033616856957,5.308422465845089,5.784324700134443,0.9171403858525083,0.9835081311646104,0.672216003358758,0.6557302570048412,0.5780827158734592,0.8915841586386821,0.6135319207203138,0.7825265578624776,0.5070001499466937,0.6921834383962321,1.1362339064559523,0.0,0.0,0.0,0.0,0.0,0.0,0.0,0.0,0.0,0.0,1.7174303509594537,5.678461031231956,5.803053277621008,0.742032318581673,0.7521898068202112,0.7153476258958619,0.667759341879353
5.756053861824361,1.0004080666184536,0.6013583321946159,0.8364984594156798,0.6710542250343011,0.5851065250088046,0.8251770467502183,0.0,0.0,0.0,0.0,0.0,0.0,0.0,0.0,0.0,0.0,1.6859316664654318,5.335021557206558,5.341047266368272,1.4917880387136726,0.38420719714432583,0.9724684152241679,0.5332904163835467,0.6819193030505156,0.46898258671556303,0.700701933300533,0.5244410693244071,0.8012554158052356,0.4597989674788292,1.1417962627632703,0.0,0.0,0.0,0.0,0.0,0.0,0.0,0.0,0.0,0.0,1.8188094652023963,5.684313769070676,5.613486422719988,0.9042698785091293,0.6288121058102862,0.6796392299471613,0.5103992733891695,0.6761942650785825,0.38543313765322595,0.9465772103885822,0.6477119939605206,0.8252644932266662,0.7438298024597999,0.8740205194888127,0.9182518927627275,0.0,0.0,0.0,0.0,0.0,0.0,0.0,0.0,0.0,1.6926172333801512,5.430720578271473,5.737625446137628,1.0026640186170892,0.5348982679156958,0.7884094105764625,0.5980728171163476,0.6734883172476306,0.5812555765684404,0.4856141829113301,0.7956447698061359,0.6111303509021223,0.7516151240156004,0.650228891727521,0.6111535215291136,0.4739067438645552,0.0,0.0,0.0,0.0,0.0,0.0,0.0,0.0,2.0189074156285587,5.637483638926784,5.664047052836913,0.4647998225515728,0.7560176228743867,0.5560087015279002,0.7509170502027757,0.5458892737585108,0.7992396468119835,0.5957522209023146,0.6148384820859443,0.6154194742395201,0.0,1.1035631088651972,0.0,0.0,0.0,0.0,0.0,0.0,0.0,0.0,0.0,0.0,2.2785756334113483,5.216351097255299,5.785469087939354,0.7140893020202597,0.7063704393467962,0.7645724197387677,0.6714841145337777,0.5141446215329759,0.7480807494930637,0.6293888693489826,0.7357375211987214,0.7170564210180048,0.6171185168781995,0.7959065595664454,0.0,0.0,0.0,0.0,0.0,0.0,0.0,0.0,0.0,0.0,1.8133461464490903,5.492329896417708,5.625405598917112,0.8642328656223062,0.8155028187356247,0.4173686104551174,0.9256243803566596,0.6709981749133137,0.7066533377742436,0.7166537093386749,0.5782701748718225,0.6217968441114234,0.2364917882262871,0.8070321652888761,0.0,0.0,0.0,0.0,0.0,0.0,0.0,0.0,0.0,0.0,1.927648316502438,5.785469087939354,5.368837941666812,0.8213741879273121,0.5667707731280679,0.5754476486345852,0.7322634109900445
6.037843173546757,0.6323747920287871,0.6626266290674548,0.66872301302243,0.7982365267578693,0.6926418138035371,0.8552204836722642,0.0,0.0,0.0,0.0,0.0,0.0,0.0,0.0,0.0,0.0,1.6151510823539592,6.102393076822986,5.353018689957997,0.6860174153772597,0.7488207624928871,0.5421387499740452,0.7836043880336057,0.5808344937168494,0.5982629654324101,0.6581940400457781,0.6224581684647906,0.5449467571056493,0.7108169791260139,0.9977916592958935,0.0,0.0,0.0,0.0,0.0,0.0,0.0,0.0,0.0,0.0,1.448786481775421,5.9824008865797556,5.726019901443707,0.7169665668915467,0.7740736692585494,0.7102164885718412,0.5979435449796061,0.7276093332402113,0.675700094255079,0.6597916872508154,0.6750912397423398,0.6396077569420506,0.7002260645797403,0.9795100581383785,0.6928825633558073,0.0,0.0,0.0,0.0,0.0,0.0,0.0,0.0,0.0,1.5014938967006106,5.733766367636983,5.870094152742462,0.6375068435628963,0.6102264890427391,0.7396224878678084,0.5374948251254117,0.7500655938641236,0.66975633776741,0.4875298275377433,0.7915809725556915,0.7729379945658352,0.6013117081389767,0.8384551585638637,0.3550040409521369,0.20754938639830378,0.0,0.0,0.0,0.0,0.0,0.0,0.0,0.0,1.7635464983219011,5.7315880303047475,5.3774868386309285,0.8435576636747489,0.5378814130986335,0.7677568780126693,0.7314399755678489,0.63325039091533,0.6868547069436319,0.7543913329180099,0.604500280082444,0.4617216887128113,0.5399557749128854,1.0450995866361534,0.0,0.0,0.0,0.0,0.0,0.0,0.0,0.0,0.0,0.0,2.2583087444527523,5.840440878897105,5.018081081402565,0.866655928875842,0.6875309047009734,0.6622500647299163,0.5934124735606031,0.8264175040848847,0.6496663547654336,0.6461931841128725,0.7036371062357277,0.6015790175133309,0.5992629651514775,0.9866465447626559,0.0,0.0,0.0,0.0,0.0,0.0,0.0,0.0,0.0,0.0,1.7980240541212549,5.990962582131624,5.251372946250149,0.7835988025705116,0.663964823774803,0.5591191223835107,0.7271435922747406,0.6158599712960395,0.6187581810816998,0.48738069168784026,0.7452289465799538,0.6619063058672133,0.7277030088939859,0.8888455297280611,0.0,0.0,0.0,0.0,0.0,0.0,0.0,0.0,0.0,0.0,1.872207331717748,5.700007542859624,5.776806774641572,0.6513267378803849,0.5639510026711295,0.7059559630126897,0.7386849897673566
6.111364114997389,0.6866728740066387,0.8537082527521571,0.7793017544569721,0.6737188269221819,0.7585381500716246,0.5761653192725076,0.0,0.0,0.0,0.0,0.0,0.0,0.0,0.0,0.0,0.0,1.8627370274127983,5.782282743017394,5.574686005946999,0.7352759304902597,0.8038772937503795,0.6144535829146823,0.6456281570055213,0.7748829045704774,0.7975471355078576,0.8341832292913769,0.7017126309033321,0.6211176949993024,0.4297455802050958,0.9926091991582009,0.0,0.0,0.0,0.0,0.0,0.0,0.0,0.0,0.0,0.0,1.432328027161109,6.0144054126316275,5.908882103630501,0.6564383183868018,0.7050970658220409,0.6828217457045263,0.5436103242636371,0.9135358929805533,0.7803858995983616,0.7901882742137902,0.7416236016723899,0.7103124901550073,0.8493551547742233,0.9848487581927323,0.7833155204772524,0.0,0.0,0.0,0.0,0.0,0.0,0.0,0.0,0.0,1.2634819891430804,5.846667784105546,5.89335735287023,0.6536139533322421,0.7340514459045845,0.7385165390755023,0.7062849215336863,0.5682042606697135,0.7645702939745979,0.6572490507428035,0.5941152532085309,0.6287809641986472,0.7940067586645225,0.6490162570049787,0.7151854174448374,0.19739653088454645,0.0,0.0,0.0,0.0,0.0,0.0,0.0,0.0,1.7980296347788745,5.378595902486937,5.834398458173413,0.7621480254421106,0.6205779706251608,0.7661487391883969,0.8240909661462098,0.5581596187701174,0.8193383457639283,0.7016468367052034,0.6622555964510249,0.6806809134107347,0.5268180772388285,0.8223614878144442,0.0,0.0,0.0,0.0,0.0,0.0,0.0,0.0,0.0,0.0,2.2469529679675553,5.882629486270788,5.280325227292896,0.7055057797982311,0.8319617180388399,0.61235958560041,0.7397768593285929,0.6471971848213778,0.7497208546412351,0.6373159512712029,0.8016993419172511,0.657056266292256,0.7543492575543297,0.8448420411985988,0.0,0.0,0.0,0.0,0.0,0.0,0.0,0.0,0.0,0.0,1.8192760286682415,5.921854340911633,5.453646467280069,0.7545744794252837,0.894177416188183,0.7981140974123049,0.6712396833675875,0.597059379490857,0.9182039496061554,0.5648583538409955,0.7038290777841236,0.5003362011461272,1.0084262334192677,0.9894259532058595,0.0,0.0,0.0,0.0,0.0,0.0,0.0,0.0,0.0,0.0,1.5664700533780611,5.972956907751998,5.584298945863805,0.7259144114926029,0.5933245227852957,0.7884270719363701,0.7878312166500141
5.804708368274082,0.982790918612316,0.6122795980151181,0.7939561125494629,0.6150590783704252,0.723887176125678,0.7600298359892611,0.0,0.0,0.0,0.0,0.0,0.0,0.0,0.0,0.0,0.0,1.429942998103603,5.507898313997547,5.913304418231921,1.1166680895374446,0.529998767878415,0.8253629521601656,0.5732984336692515,0.6857042427484318,0.622570314355662,0.7268046093471316,0.588542497350088,0.7574605406092357,0.8852142575421106,0.7871225255329666,0.0,0.0,0.0,0.0,0.0,0.0,0.0,0.0,0.0,0.0,1.3192410417912521,5.8096544321512145,6.147007738451203,0.8475312672832539,0.72008100783055,0.6574982892845063,0.6393552478698884,0.4898984785017334,0.882217131870245,0.6562545440648909,0.6252695724080825,0.7727049555946801,0.7689754326847972,0.8375710697813319,1.0226343093941876,0.007009843043198451,0.0,0.0,0.0,0.0,0.0,0.0,0.0,0.0,2.0384286217464753,6.147007738451203,5.0596510125981045,0.7176989398341266,0.7251316457341516,0.8800429727338662,0.6932865230371359,0.5951768758768673,0.6062246506922007,0.6613377720974053,0.5015873479474982,0.9655168499014627,0.6101021958217295,0.7759855965851862,0.7519925557383598,0.42985776042534063,0.0,0.0,0.0,0.0,0.0,0.0,0.0,0.0,2.089554386125064,6.1042081962628485,4.874012795464575,0.8686066738240897,0.8357322698422371,0.7728287672923669,0.47493401505153154,0.6739881916800146,0.5265405399858645,0.8037636942457652,0.7312462934443441,0.6271349384663042,0.6863535584978545,0.595775031593608,0.0,0.0,0.0,0.0,0.0,0.0,0.0,0.0,0.0,0.0,1.8993468775377647,5.841293770829074,5.440301850499605,0.6969408063944079,0.731434870419996,0.9773879897332143,0.7581821794734686,0.6935742080406342,0.6983272219180069,0.7923224860678209,0.6902737447502232,0.7159070750473818,0.6357803511818207,0.6841237266560487,0.0,0.0,0.0,0.0,0.0,0.0,0.0,0.0,0.0,0.0,1.9210932053963106,5.582659095865655,5.524627008059461,1.0876623812748276,0.7014890400135965,0.844663086337871,0.7709940882405862,0.6953467614126759,0.7358037681247024,0.6919569844901655,0.6976249372307007,0.6450327144578031,0.7489857221149128,0.738997920576641,0.0,0.0,0.0,0.0,0.0,0.0,0.0,0.0,0.0,0.0,2.2292884095420478,6.147007738451203,4.79692072220791,0.7556512053430505,0.6927247486916923,0.6503436912616842,0.8531735194546204
6.1992813376851625,0.6185241724856544,0.726299352136207,0.749951396911472,0.7195981137428118,0.5196517093440404,0.8453186566984644,0.0,0.0,0.0,0.0,0.0,0.0,0.0,0.0,0.0,0.0,1.7531031453325348,6.129245519963542,5.307554278308646,0.8155383865741695,0.5817582068609117,0.5848522428056909,0.7204621522160803,0.7022069674004103,0.7726649797708444,0.650390508593079,0.7065573572312646,0.7251148448034092,0.6167916556255015,0.9459292789964362,0.0,0.0,0.0,0.0,0.0,0.0,0.0,0.0,0.0,0.0,1.3625639429526597,5.726711197274176,5.936446532943443,0.7717373507743507,0.8104722426721819,0.7042299471468464,0.5367580853887696,0.6466505372860667,0.5641756767217,0.7003964232909955,0.7099012683346901,0.7864856739182147,0.6757638121049387,0.7334308494342778,0.5428768584411977,0.0,0.0,0.0,0.0,0.0,0.0,0.0,0.0,0.0,1.4409608375357186,6.1992813376851625,5.597963861344706,0.6490680788452641,0.6810685289343535,0.6188683460679036,0.7569513162219168,0.5736524904466105,0.667455209360117,0.7762103035065142,0.7327231340939758,0.7927373946935995,0.5900161900603229,0.5845749136043253,0.618375267439685,0.0,0.0,0.0,0.0,0.0,0.0,0.0,0.0,0.0,1.9144776506758965,5.929105030113682,5.3328991520464575,0.8814090281690619,0.5710474701723915,0.8213253593860862,0.5722141474511551,0.873685159093296,0.6805593871582657,0.82717123160793,0.7011814599169559,0.6359694849539684,0.5577693127251785,0.8046740158925836,0.0,0.0,0.0,0.0,0.0,0.0,0.0,0.0,0.0,0.0,2.2888068347089994,5.3057690989314255,5.406820973424395,0.8485667661438836,0.4126403990024932,0.8239081214992439,0.864526717795665,0.5850172724337115,0.6843574827328083,0.7061137609861065,0.85111317783705,0.8035202365456924,0.7522588711533433,0.9569547811261885,0.0,0.0,0.0,0.0,0.0,0.0,0.0,0.0,0.0,0.0,1.8601650850498035,6.07467367257791,5.50613183849545,0.6962133649241941,0.595085713661796,0.8816596853879914,0.7401360229438525,0.8728643230040782,0.6148099432642569,0.59021380062188,0.7275594366296294,0.7539339782424905,0.5447419995742222,0.8497109495811176,0.0,0.0,0.0,0.0,0.0,0.0,0.0,0.0,0.0,0.0,2.038608601345623,6.1992813376851625,5.1534729181548595,0.5162239864626643,0.6090627415163731,0.7736320742549361,0.6723493390054206
6.184747915111691,0.5748767777476633,0.6468245983002141,0.7401493774904825,0.6832546399247044,0.7261370241814029,0.8447557290189105,0.0,0.0,0.0,0.0,0.0,0.0,0.0,0.0,0.0,0.0,1.66486860946776,5.85637837096302,5.633028006363561,0.7156859290433882,0.6603075726471234,0.483678899939749,0.9187180186433647,0.6934708209374949,0.8323083354435397,0.6326250318911062,0.5430254286338868,0.7162967453370521,0.6033575890455992,0.4367744392388513,0.0,0.0,0.0,0.0,0.0,0.0,0.0,0.0,0.0,0.0,1.2711268007451189,6.100761923322837,5.676613517612439,0.6469742326891352,0.6425202055207454,0.8137861811293698,0.8148053190204874,0.7351128576453424,0.7555443747507699,0.777009639339276,0.5474234314253147,0.63556716896295,0.788249767618602,0.8543704870075203,0.7952647955045912,0.0,0.0,0.0,0.0,0.0,0.0,0.0,0.0,0.0,1.5549459815319118,6.157710018402355,5.636064745436419,0.6270949059422839,0.7350469626339671,0.6968267948438361,0.6440127176421493,0.5800824262196406,0.8148819129518361,0.7226759428523214,0.6054558639639936,0.6946470938412145,0.46079877890589116,1.0171815858685405,0.4939194033900187,0.026154132354028192,0.0,0.0,0.0,0.0,0.0,0.0,0.0,0.0,1.4012323944115743,6.106249124485411,5.794137950799566,0.7600577252235616,0.7443152927941991,0.5420637113234466,0.9980828498205746,0.6909643973645816,0.5854677184814708,0.6537404977996234,0.6634649226258708,0.7224068962759317,0.850126921870841,0.5654337460482839,0.0,0.0,0.0,0.0,0.0,0.0,0.0,0.0,0.0,0.0,1.6299830023883053,5.635329183547355,5.770803227180936,0.7908527754947848,0.7534831560263099,0.7507747138975117,0.6832825239279657,0.4132909149682109,0.8402817391828254,0.8805807074199924,0.6406114071047834,0.683847742553215,0.6050958211295833,0.78011594162572,0.0,0.0,0.0,0.0,0.0,0.0,0.0,0.0,0.0,0.0,1.2653471239350953,5.87597512503368,6.07319571442806,0.646962684227378,0.714633243212383,0.7210300730534243,0.5987188054698093,0.748089184798398,0.761548042148177,0.6660908986697105,0.6719944120687886,0.5219805082587556,0.550479792814953,1.0048269797571285,0.0,0.0,0.0,0.0,0.0,0.0,0.0,0.0,0.0,0.0,1.9501911654214024,6.135057198053843,5.2262855282295,0.6939175941945414,0.612355089561546,0.5604696571850379,0.8625149497578931
5.633530522276931,1.2175170265931536,0.7333204235305292,0.5044896008710561,0.643759245775694,0.3063738334273811,0.7708561278462694,0.0,0.0,0.0,0.0,0.0,0.0,0.0,0.0,0.0,0.0,1.2096357618506304,5.867037032515303,5.867037032515303,0.6852369317626947,0.5376406388297658,0.5930967410652337,0.610079910258501,0.4537013205252879,0.7333762752182714,0.6018824485620259,0.7229797549591592,0.6091117834557411,0.14585064752707444,1.1490915172683724,0.0,0.0,0.0,0.0,0.0,0.0,0.0,0.0,0.0,0.0,1.1818386720980705,5.450924724095113,5.641421547487112,1.2433358421085188,0.5664748941717368,0.7095990520712803,0.7028074790467719,0.6301574780119633,0.7641852004913874,0.6565762494469777,0.6538370393806731,0.6730493371619778,0.5851688951527221,0.635948725331736,0.6180696713759914,0.0,0.0,0.0,0.0,0.0,0.0,0.0,0.0,0.0,1.8031176943922844,5.845417706976536,5.370844791106856,0.6201661253948427,0.7067529719558411,0.7159247732685776,0.47604425598014055,0.7396202383073278,0.613253497143604,0.7747526061964417,0.4896244363256633,0.5647012945616985,0.5813122756904288,0.9321843846816733,0.5520247609705766,0.0,0.0,0.0,0.0,0.0,0.0,0.0,0.0,0.0,1.9345392108245492,5.592903800353208,5.5553663601027985,0.7847007447831623,0.5899445853519057,0.6368513184210639,0.48655869821809244,0.6717814257092525,0.6670931962202648,0.756824210467677,0.41069367052375116,0.7933316313390808,0.6733455561147075,0.8980854796072237,0.0,0.0,0.0,0.0,0.0,0.0,0.0,0.0,0.0,0.0,2.0571329016193847,5.123201676126754,5.776112794814443,0.5952639746982699,0.9368820286647391,0.6662675409341882,0.516652817272691,0.5860466222906052,0.7534240211304655,0.6119610565633775,0.5595510048895389,0.49260981486323097,0.7202917296144645,1.0093920258010025,0.0,0.0,0.0,0.0,0.0,0.0,0.0,0.0,0.0,0.0,1.6765777590302147,5.490007982298883,5.446301811376455,0.9668959274367801,0.605139226128335,0.5925072472448148,0.7780262511874465,0.6863230368646196,0.6175477035877623,0.7644436448745279,0.5808622284515106,0.7026339041622158,0.6479163548339906,0.8124263724000856,0.0,0.0,0.0,0.0,0.0,0.0,0.0,0.0,0.0,0.0,1.7695029686466457,5.760300790399259,5.44050308429927,0.6392266386581897,0.5995179458093362,0.7759088419262191,0.5822799655003712
5.85199142273675,1.1411007172905376,0.5440215969698319,0.8244842331252835,0.6720581404889598,0.7354034536818367,0.8068899523896995,0.0,0.0,0.0,0.0,0.0,0.0,0.0,0.0,0.0,0.0,1.8377175415786269,5.8708305722049205,5.635371921405285,0.48976948994985925,0.8124781144915216,0.4360042639597664,0.894035386917198,0.49918703843949364,0.7671348281088896,0.5615462145646959,0.7310943662676282,0.6335301417076186,0.24789500070315196,0.8375989120205382,0.0,0.0,0.0,0.0,0.0,0.0,0.0,0.0,0.0,0.0,1.3468135810801751,5.464574658136184,5.712356478994606,1.5603538519826057,0.8573821091760785,0.6697611679924672,0.5851937284781588,0.7474985183833344,0.6788253792718011,0.7565535900003231,0.7668800685038082,0.7134547112667955,0.7215667504389978,0.765963360083842,0.9459539527198259,0.0,0.0,0.0,0.0,0.0,0.0,0.0,0.0,0.0,1.84131087289302,6.074480233390676,5.487377199497259,0.6043720588955157,0.8648163314840804,0.4575626602275769,0.8021282326771835,0.658894195472944,0.6122899876934175,0.6138216218961338,0.7381157597903966,0.7064034984377129,0.7753113232049726,0.8945376803512931,0.775663806128053,0.2834647431546884,0.0,0.0,0.0,0.0,0.0,0.0,0.0,0.0,1.8051167950056142,6.008502361781302,5.665263795375257,0.6218364652362942,0.8674250546714433,0.5911345765240117,0.713405433135331,0.6751861631977846,0.8200545469483449,0.47224455643278596,0.846690711028623,0.6116796692858825,0.6085470904318997,0.9892497130062452,0.0,0.0,0.0,0.0,0.0,0.0,0.0,0.0,0.0,0.0,2.2560154386949787,5.475625507749323,5.502323241257979,0.6678796933466308,0.5507213905017407,0.7792946735000115,0.5693431349724506,0.6378221752759801,0.6935250945097465,0.6466084023253049,0.6507990977381709,0.5790086378949846,0.8005527239437771,0.8333033496906478,0.0,0.0,0.0,0.0,0.0,0.0,0.0,0.0,0.0,0.0,1.6064696199183501,5.894948990258281,5.97892468653654,0.5491444456788113,0.6978523678566411,0.8022499480607896,0.7783108871310298,0.6886010304637189,0.8203027807583038,0.7729988534449383,0.5941100417324368,0.7793231954895108,0.35856609474023027,0.688361099366908,0.0,0.0,0.0,0.0,0.0,0.0,0.0,0.0,0.0,0.0,1.5066384243245237,5.821557142030407,5.762036140278094,0.9479834220689982,0.5245435700086146,0.8164781744999109,0.5758474955674918
5.701238095338865,1.0267083271475859,0.624665298916236,0.6184966016449217,0.5826030862787939,0.2327005566577829,1.1416203578966364,0.0,0.0,0.0,0.0,0.0,0.0,0.0,0.0,0.0,0.0,1.6269360666563424,5.863910249050237,5.88262244009087,0.6477189777234524,0.6354558914390157,0.5826063488603141,0.7070105226025193,0.4601077242768901,0.8305145258634662,0.7398212580641643,0.6117123620786731,0.6341816863470225,0.23839935337932783,0.6818892260510694,0.0,0.0,0.0,0.0,0.0,0.0,0.0,0.0,0.0,0.0,1.777799719318949,5.230218037494186,5.89637155395399,0.9821684052468119,0.7808963308292549,0.6558672379577237,0.580475490015587,0.37823688710158565,0.8165421781270392,0.7197307821849366,0.719438860855214,0.6343733710461918,0.6340902628289279,0.8807486338640045,0.9022205279818453,0.0,0.0,0.0,0.0,0.0,0.0,0.0,0.0,0.0,1.915158734480867,5.457523455616479,5.75386022901927,0.7940815209878757,0.7777693448474403,0.6464820183644969,0.6432968722057839,0.6949035942269217,0.6169157814940961,0.6486686697234736,0.6281216729139036,0.703436773484745,0.5086882227465157,0.8035391747897981,0.8927619131910003,0.0,0.0,0.0,0.0,0.0,0.0,0.0,0.0,0.0,2.0157797250854017,5.576939024890938,5.825312841244909,0.5436301259474092,0.8460079128257638,0.6875129734052231,0.5603942542791432,0.8312548748136014,0.691663602379009,0.6485144928524668,0.5830381421391437,0.5181170883044214,0.6878462865565185,0.8486518221395487,0.0,0.0,0.0,0.0,0.0,0.0,0.0,0.0,0.0,0.0,2.3851547673259823,5.020003132001848,5.624874610241407,0.7828997144183703,0.8049831802797504,0.7990493924677166,0.7168678910826709,0.6868518723097626,0.6825730376308793,0.6279248993511536,0.6720347387101161,0.4201124495131868,0.9171291362769544,0.8165690247963501,0.0,0.0,0.0,0.0,0.0,0.0,0.0,0.0,0.0,0.0,1.6763762144753311,5.541283990928164,5.096138843411698,1.186417513347555,0.7776867327452763,0.6457331989267734,0.5201405970281257,0.6234559746154601,0.7257866484561778,0.5574700551106074,0.763314865343236,0.6586018328455362,0.45358592100153206,0.7456396090106889,0.0,0.0,0.0,0.0,0.0,0.0,0.0,0.0,0.0,0.0,2.02314865039748,5.753712092422105,5.379991702614723,0.8181624412618763,0.7010988268814468,0.6040184110348178,0.42790008814397823
6.158525642785911,0.6342188406106417,0.734854153023012,0.7294787642298957,0.6897043315279373,0.6496955363113801,0.7513331250577786,0.0,0.0,0.0,0.0,0.0,0.0,0.0,0.0,0.0,0.0,1.9836775380470648,6.064835678753454,5.310218666494803,0.5934813191238998,0.8169767935267415,0.6774258185356093,0.6924973994715483,0.7039210961158422,0.7791575331875709,0.5807212791103276,0.8335089747895473,0.6502870638016711,0.5522998585752896,1.1097625696709894,0.0,0.0,0.0,0.0,0.0,0.0,0.0,0.0,0.0,0.0,1.7406578157063706,5.048172214821294,5.992116383179648,1.1805760144463724,0.7119063841601021,0.6840704154461965,0.7938918884136354,0.6709802942507102,0.6880244368143315,0.5692166855273814,0.6437734989711701,0.5952609524508176,0.8606868022803877,0.7478413968393749,0.8543430850166533,0.0,0.0,0.0,0.0,0.0,0.0,0.0,0.0,0.0,1.7632532067979447,5.957358398956735,5.734485696117611,0.8387375217871902,0.6363696864028395,0.5959648912984028,0.7894136522543572,0.5908483093951069,0.787474238949209,0.7950300187389402,0.4884223177775624,0.7740617188186741,0.7121678757100248,0.755051015496999,0.5790488007643386,0.401910648598914,0.0,0.0,0.0,0.0,0.0,0.0,0.0,0.0,1.7891430927671066,5.94831917759065,5.606882325036801,0.8198928927224188,0.7142898569005337,0.6470182121163607,0.7063078640931755,0.8488443625260437,0.7225599997323225,0.8021094337785796,0.7883149181512711,0.5718599793474882,0.6889213433608598,0.9139115677394547,0.0,0.0,0.0,0.0,0.0,0.0,0.0,0.0,0.0,0.0,2.3658799812229536,5.558067341102323,5.157826823204757,0.6797472322752561,0.6889642770452973,0.6929151420557106,0.8070372700896934,0.6743169916275186,0.5894015987502427,0.7018408016756977,0.7559215003241977,0.6970434840389266,0.6394893674107329,0.6810049693186362,0.0,0.0,0.0,0.0,0.0,0.0,0.0,0.0,0.0,0.0,1.816089267349529,6.185783152119117,5.492738947352876,0.8477859530940541,0.7335568107358256,0.7091584610654417,0.7001541570301415,0.6909740205367342,0.7101360043788189,0.6000055799451952,0.5916659429975484,0.6769363522123748,0.600978486884942,0.39255531880842176,0.0,0.0,0.0,0.0,0.0,0.0,0.0,0.0,0.0,0.0,2.1760683941500236,5.7239785959645015,5.187137866361963,0.8075592455595663,0.7089120375197643,0.7185600191907369,0.6808080488613175
5.729859017977401,0.8821707439531091,0.8491855333699452,0.5595952009751047,0.7887135003831446,0.21794129629622758,0.989264591725389,0.0,0.0,0.0,0.0,0.0,0.0,0.0,0.0,0.0,0.0,1.7874530726054818,5.723130477121083,5.466939084282796,0.6609298239654547,0.5466629499963568,0.6235925534214842,0.7963540689692853,0.6184997797593826,0.7194494490189651,0.7458907845415029,0.5789532783910727,0.5267702236310869,0.8800196674220558,0.14893830283427228,0.0,0.0,0.0,0.0,0.0,0.0,0.0,0.0,0.0,0.0,1.548605618221492,5.171764395584143,5.704133196778826,1.2324860730767642,0.7452885835991194,0.5675168419083417,0.8381755136668496,0.5517113407039056,0.6573953500505321,0.6152247118287048,0.7871893053691158,0.5980521513555355,0.5357848327415856,0.8677181065806403,0.8403632075251981,0.0,0.0,0.0,0.0,0.0,0.0,0.0,0.0,0.0,1.7417190072571067,5.424527888034689,5.712045161156534,0.9889807823209621,0.550480814728634,0.6032032669483819,0.8631371725327317,0.49417415800762265,0.6960768844169455,0.48805791619630934,0.8892607536685998,0.6401997490087326,0.6527620540521439,0.7641565924178289,0.8266279179151343,0.397627282126479,0.0,0.0,0.0,0.0,0.0,0.0,0.0,0.0,1.8786339207818754,5.730427046442281,5.398287827029215,0.8998305336831028,0.6697055412501641,0.7555998720073827,0.6469183295063413,0.4903049266326237,0.9452539002087059,0.659915604852796,0.5272648371651811,0.7497628574956928,0.0,1.6972471438852197,0.0,0.0,0.0,0.0,0.0,0.0,0.0,0.0,0.0,0.0,2.316531207551482,5.690529798440082,5.205332816674116,0.7012313814713835,0.6614503542063184,0.5783646925455178,0.7699667400913687,0.6366854549644323,0.6515374295576574,0.46709688328411886,0.7342815608446965,0.5695664648089799,0.4742645783685957,0.9960434261621866,0.0,0.0,0.0,0.0,0.0,0.0,0.0,0.0,0.0,0.0,1.7186620099868748,5.1202743736856675,5.245866056716037,1.5750476820766957,0.5830304291454351,0.899683908356056,0.7685800232102703,0.539607961458236,0.6489058246113236,0.5200604613381741,0.5532280130096847,0.8395771924608587,0.6229373639566633,0.7738155843427401,0.0,0.0,0.0,0.0,0.0,0.0,0.0,0.0,0.0,0.0,1.7759810610666205,5.65403012963807,5.640151084733065,0.5161465258837793,0.7634296621624479,0.6083668922904456,0.6707255124201241
6.202085666253113,0.9120819039695096,0.5744830204127709,0.7114547065299612,0.5491224743826292,0.4936251691147201,1.182088990039416,0.0,0.0,0.0,0.0,0.0,0.0,0.0,0.0,0.0,0.0,1.9051147551615966,5.934895070095972,5.594209665635852,0.7580397027644862,0.6992239669213549,0.8195324246870672,0.7162288041143626,0.7318104138013382,0.8465924390360416,0.7968940118108259,0.7290312382201933,0.6180665391460687,0.6412087957169922,1.1122638081166132,0.0,0.0,0.0,0.0,0.0,0.0,0.0,0.0,0.0,0.0,1.451209596977085,6.223759452517067,5.735300901424174,0.8322265255885095,0.905424454099378,0.7114083577600498,0.7597763013586287,0.6293263459014246,0.7703697662515875,0.5336260676693403,0.7049279581578448,0.6947345908491752,0.0,1.1995483568485197,0.8642112498903671,0.03148423222316384,0.0,0.0,0.0,0.0,0.0,0.0,0.0,0.0,1.891783639543447,6.303676642289074,5.234849382293726,0.6385001484339582,0.7648660096634146,0.6415561091671989,0.6704381934553599,0.8727105425566941,0.8449725202610242,0.7082399409897325,0.9601004510074065,0.6574297234785064,0.4433864941009162,0.46640650652564547,0.8926335726543471,0.46302829318579164,0.0,0.0,0.0,0.0,0.0,0.0,0.0,0.0,1.420013347304929,6.24082463604059,5.6413091534956115,0.79813113189373,0.7194920777272614,0.6318381944169021,0.7825887715626869,0.8169777279821897,0.5952626459357164,0.711282240941416,0.8396265989729365,0.668759591721957,0.10438008555176914,1.1480634514144745,0.0,0.0,0.0,0.0,0.0,0.0,0.0,0.0,0.0,0.0,1.9602091582379546,6.202266759673016,5.389717862841112,0.7344852191404044,0.62604543077959,0.8959755504975417,0.8092795083976787,0.6033336731496496,0.8059017782887349,0.7821402133150194,0.7062158647046562,0.7087057533644153,0.6431909594701913,0.7878462735110443,0.0,0.0,0.0,0.0,0.0,0.0,0.0,0.0,0.0,0.0,1.7389946442573774,6.238187395180482,5.330498358381907,1.0353630837993277,0.691914868934752,0.8173106008306168,0.7677316458357066,0.5826407557541463,0.7647379067982478,0.6809762220431058,0.8137281447028265,0.8462664492704584,0.6570487392130157,1.0252443890287797,0.0,0.0,0.0,0.0,0.0,0.0,0.0,0.0,0.0,0.0,2.104120416725782,6.216965171976189,5.101813818620828,0.732422432309001,0.6927834865983059,0.6559220087219967,0.5574055057640135
5.9928381844417435,1.047111460052221,0.6583010094634052,0.7306465881880355,0.7981999731335323,0.7858799493830325,0.5874029751718399,0.0,0.0,0.0,0.0,0.0,0.0,0.0,0.0,0.0,0.0,1.681330541540008,6.2702028590924055,5.243327624849144,0.8163523341084163,0.49765588543505956,0.9918929262061849,0.7564075342809086,0.6364050336277686,0.8420092876583007,0.6675031893112285,0.6904700273730421,0.6350252778536032,0.5326818138069132,1.2136496254247473,0.0,0.0,0.0,0.0,0.0,0.0,0.0,0.0,0.0,0.0,1.4718654811333967,6.481702646124991,5.2477046010801045,0.7468681290807404,0.9390271424078299,0.6524871133298551,0.721773320768136,0.8180807291951552,0.7176549000157864,0.7010181836189335,0.8856827215001142,0.7335923470789927,0.6875087236145249,0.8683363270404885,0.8601809348803812,0.0,0.0,0.0,0.0,0.0,0.0,0.0,0.0,0.0,1.9062343566146982,6.2343211370177105,4.93276784679969,0.8204239665236097,0.7328218325755914,0.7127406987372957,0.6486398055936917,0.7573118006405134,0.8227183520428497,0.749058990911621,0.5056571975843502,0.8529694925011393,0.599063760055186,0.9293611504465102,0.2544313831550262,0.46638815466373207,0.0,0.0,0.0,0.0,0.0,0.0,0.0,0.0,2.0462346860302647,6.121414999981826,4.942728289093333,0.8350951682640639,0.6473203339957899,0.8495525016070874,0.7200670035702816,0.6078078559652523,0.8108882088661356,0.8012354135773628,0.5312056141330774,0.7153629826950939,0.7427837189998453,0.5891423915925605,0.0,0.0,0.0,0.0,0.0,0.0,0.0,0.0,0.0,0.0,2.2942617990385417,6.12381143184962,4.8114118719962224,0.8164880638227097,0.6030820044917317,0.920904032350687,0.5499916318094237,0.7275155659755049,0.7344007323832712,0.7058825753427536,0.9254462964276788,0.4583691676444276,0.8449451018254414,0.8170810069940201,0.0,0.0,0.0,0.0,0.0,0.0,0.0,0.0,0.0,0.0,1.9979039562929328,6.3351951180936075,4.739856104710097,0.723140391483217,0.8771804813985181,0.7673234845198383,0.6646942684471606,0.6472343801648738,0.8557675646706004,0.5840923459608094,0.8236533569964014,0.6945243125426285,0.8024930448119882,0.6264173737991304,0.0,0.0,0.0,0.0,0.0,0.0,0.0,0.0,0.0,0.0,1.5604116384275977,6.470457092851609,4.954920246968024,0.8326683086295474,0.541509683999704,0.7082969035447481,0.7640627468975216
6.112224165562687,0.8759696330718626,0.9953997613636608,0.7355621191533439,0.8436174378869397,0.8688371138884753,0.9917528601672899,0.0,0.0,0.0,0.0,0.0,0.0,0.0,0.0,0.0,0.0,1.9600739668526646,6.231989156390266,5.481671834707246,0.85481156225745,0.5649372874928069,0.5891766357271839,0.9484436721225659,0.738132313836021,0.6916991575380673,0.7389050229128271,0.8782359715274303,0.8466764476128991,0.8432013180358578,0.9542640254705803,0.0,0.0,0.0,0.0,0.0,0.0,0.0,0.0,0.0,0.0,1.818393976927777,6.150505697976193,5.4025514192439115,0.9269922128917486,0.5973525982057188,0.8321942925276856,0.7176541444117731,0.5987074794554215,0.8335050158130924,0.7838733427743444,0.7138028340879232,0.7513736392746843,0.6795531780684566,0.8354830563016978,0.8987021972859656,0.0,0.0,0.0,0.0,0.0,0.0,0.0,0.0,0.0,1.863854621814902,6.624592783669749,4.908933106548623,0.7188536849863795,0.8769645483333811,0.6995576093059449,0.8390124110675716,0.846778656578144,0.7446321768845625,0.7616688816813421,0.7485693865054537,0.7058070923212022,0.608476160195928,0.8335337593899501,0.7686777479253921,0.49967107958616097,0.0,0.0,0.0,0.0,0.0,0.0,0.0,0.0,2.0194145055336605,6.1948839973796614,5.11193000449927,0.8780179407102842,0.7283770089098872,0.7331399933062747,0.7146412506777271,0.7306505605654879,0.8458744213322897,0.6695900336859714,0.7476982824987046,0.6761292688610157,0.8199487893226904,0.8133945497598387,0.0,0.0,0.0,0.0,0.0,0.0,0.0,0.0,0.0,0.0,1.8793051192353571,6.184109645809692,5.321193557684135,0.9084942689071726,0.7690275683258515,0.6281714608628681,0.8422405362265417,0.792423620307907,0.7694756722449612,0.8308084845925902,0.7920050384615759,0.7901106330926458,0.6789527789388684,0.5994668681163681,0.0,0.0,0.0,0.0,0.0,0.0,0.0,0.0,0.0,0.0,1.7417064998555547,6.603671822527292,5.196478338583884,0.9797631830302524,0.7871459761558696,0.8072924692834786,0.6772828306332885,0.8769364606567122,0.6819745451603605,0.6189867593175759,0.7539388257182756,0.6467658605239487,0.5329750263489201,1.0163861136690444,0.0,0.0,0.0,0.0,0.0,0.0,0.0,0.0,0.0,0.0,2.1065937313117766,6.4668087165501404,4.74213153233083,0.7462339406276582,0.771531290097532,0.6675561441080846,0.7840499765408573
6.2285304208329055,0.8349832291232445,0.8463474135225245,0.5674351478369831,0.820064851952771,0.31364139522215795,1.069231112183404,0.0,0.0,0.0,0.0,0.0,0.0,0.0,0.0,0.0,0.0,1.9417342590429882,6.507288204722095,4.955741677061678,0.9636332932874648,0.5857770960206985,0.8369264424213324,0.7988846930413724,0.8843792709391138,0.8454021286336143,0.8106797364290368,0.8970596857966022,0.7423937559471705,0.33906372962057646,1.3723221739580778,0.0,0.0,0.0,0.0,0.0,0.0,0.0,0.0,0.0,0.0,1.5361359539353432,6.172330241070489,5.7996528032229255,0.7787905418727298,0.8395207638414175,0.9095558593605649,0.7595425228159055,0.6099685021119977,0.9046668305573112,0.7258441236581912,0.7897394844988209,0.6461058487109042,0.7025193772182541,0.6831413436027818,0.8258807450129186,0.0,0.0,0.0,0.0,0.0,0.0,0.0,0.0,0.0,1.5509780868663672,6.812398973943234,5.2435183338008,0.8355388758529844,0.6413459174914916,0.9106933303643054,0.7190762096960667,0.8988678684689106,0.7127420958334894,0.7335935366466371,0.7338901382418586,0.6329388545312493,0.7521644805027722,0.8960251245677079,0.8832980323910977,0.26220302543509166,0.0,0.0,0.0,0.0,0.0,0.0,0.0,0.0,1.8622627744763807,6.548659481806756,5.201295788632158,0.8916454543898471,0.716052869201025,0.7335098045335918,0.6628051442914329,0.8500954087075256,0.9717601444271042,0.7750326499659469,0.684160066196946,0.834599096414229,0.40561442393700375,1.132913391614919,0.0,0.0,0.0,0.0,0.0,0.0,0.0,0.0,0.0,0.0,2.063955060299155,6.418459797675739,5.165400017676543,0.9071611404689665,0.8407785752214397,0.7821097712177674,0.7679151148788163,0.7998048072785392,0.7230141518425018,0.7606388376690613,0.8531845969291445,0.8613663559546574,0.8022045639434549,0.9337276790906242,0.0,0.0,0.0,0.0,0.0,0.0,0.0,0.0,0.0,0.0,1.8051998713246877,6.432437165463244,5.639324985853814,0.7247471037383355,0.9546916347309238,0.8164208081107176,0.8138017225279613,0.6660316308711276,0.7438090479330117,0.7262961528426943,0.8541531411717302,0.7307468092598184,0.38782746815128205,0.9830634885711298,0.0,0.0,0.0,0.0,0.0,0.0,0.0,0.0,0.0,0.0,2.1566765329476274,6.838989411434312,4.587169378170979,0.8412416805242873,0.9222291099918751,0.7720043859240628,0.8028476424816758
6.062255358332281,0.720947197427156,0.6521781950338932,0.8157092560847863,0.7095534559087072,0.6219263572100053,1.0427700174138665,0.0,0.0,0.0,0.0,0.0,0.0,0.0,0.0,0.0,0.0,1.656102879156439,6.217959204053626,5.436633010363311,0.8338975658069165,0.6780732163802499,0.8628960150815819,0.9180368417701188,0.7728197497723583,0.7369608682941903,0.8767960265700063,0.6847032487660224,0.6520976885440259,0.8595835993650948,0.8284186155418963,0.0,0.0,0.0,0.0,0.0,0.0,0.0,0.0,0.0,0.0,1.4249741092172221,6.5833202420969865,5.111254720322535,0.83278206374435,0.8858504853679084,0.6301687678025016,0.9157775842002859,0.8607926529568868,0.9030356704357047,0.716883396281144,0.9741793774996073,0.7209807235844762,0.716019223506702,1.0005782011021,1.004666583507647,0.0,0.0,0.0,0.0,0.0,0.0,0.0,0.0,0.0,1.6725687533296605,6.365423807784804,5.052053038364455,0.9448354074617374,0.5900720518620376,0.6833525553749371,0.7647086148035499,0.6551538889311949,0.7306803109248944,0.7629386332138042,0.8315790043510479,0.7493736729701284,0.6241820902096182,0.6876446194796073,0.6091441818047354,0.12447527964835992,0.0,0.0,0.0,0.0,0.0,0.0,0.0,0.0,1.9013263370543783,6.7139393511173555,4.741418269131963,0.8351442409413542,0.8395694332375885,0.7344159664880877,0.6317526740185884,0.6583038226851753,0.8461818135022688,0.6808739203819978,0.7127720404261872,0.6789964282907344,0.0,1.6892003567206935,0.0,0.0,0.0,0.0,0.0,0.0,0.0,0.0,0.0,0.0,1.9245858125572366,6.653433120529872,4.699402704821878,0.7717046931896266,0.8434656071111625,0.986420303187152,0.6066537225618869,0.7583280934238738,0.6113316532381614,0.8130476730423933,0.7038413220765286,0.6931359270039937,0.43864131398064715,1.056388313148356,0.0,0.0,0.0,0.0,0.0,0.0,0.0,0.0,0.0,0.0,1.600815589842819,5.640212984180272,5.870374981103001,0.9405059829733441,0.7472459038686075,0.639464797835818,0.9751007754238243,0.7861852448786738,0.6680720564224387,0.6915055709387232,0.8681253431066065,0.7094607856583025,0.5706934697220912,1.1593740174939557,0.0,0.0,0.0,0.0,0.0,0.0,0.0,0.0,0.0,0.0,2.006914372036901,6.092507610740844,5.191817756010399,0.9944557658358245,0.659875985895861,0.7134027896114953,0.780313863620718
5.996589773485994,0.8323194348033675,0.8462362842579428,0.6742198646692803,0.6389546337991379,0.4579406645849272,0.9749768696135739,0.0,0.0,0.0,0.0,0.0,0.0,0.0,0.0,0.0,0.0,1.9361381372903868,6.330214116620583,5.120527741874873,0.7233433046689383,0.8153053525735204,0.7645200290577973,0.7815501105156607,0.8323019450626974,0.7301318761775619,0.7500431473811606,0.7119939290981777,0.5609102740588294,0.9602634564725415,0.5539480841874092,0.0,0.0,0.0,0.0,0.0,0.0,0.0,0.0,0.0,0.0,1.3394677398321306,5.734691616894312,6.089441496552773,0.8496386559283686,0.6486553866583947,0.8283295041549975,0.6146440956339688,0.8466515657178606,0.6083386253860654,0.8179454930228247,0.6792309428298714,0.7004117913597953,0.5997892793269366,0.6420504983029129,0.9838656485527242,0.0,0.0,0.0,0.0,0.0,0.0,0.0,0.0,0.0,1.820794448691853,6.430660808602924,5.224404037599965,0.8256366457160189,0.7089785332045454,0.8072453227453149,0.5166438463332533,0.8442606266281619,0.9787140238095033,0.7679137809005436,0.6768892761440121,0.78403540438421,0.6739409456006715,0.8596189362193289,0.8138222290187969,0.1677623318195831,0.0,0.0,0.0,0.0,0.0,0.0,0.0,0.0,1.7864471801330177,6.609984897205431,4.837940812513729,0.7714912203456467,0.73586430013593,0.7418417644553761,0.695976326468255,0.7408958825836575,0.889743933112654,0.6824344560263896,0.7589827180252936,0.6739097896366026,0.47586872175574624,1.1302624829842536,0.0,0.0,0.0,0.0,0.0,0.0,0.0,0.0,0.0,0.0,2.1291931765743155,5.692524520221134,5.248809997618781,0.7633908842638656,0.9503531380794649,0.8305434577859186,0.7089949900499084,0.6356635937344401,0.6823744757083376,0.5827590908090631,0.8158067706387006,0.7188972243951957,0.6660336398395175,0.8626226210308574,0.0,0.0,0.0,0.0,0.0,0.0,0.0,0.0,0.0,0.0,1.6131888157521879,6.609984897205431,4.982248303732868,0.7616255135028598,0.8806521031034142,0.6210419973863777,0.8912061929395276,0.6231919691384888,0.7620072649870819,0.6753272279605811,0.9551335851817191,0.6553603716798219,0.5705521271182445,0.9084647605337374,0.0,0.0,0.0,0.0,0.0,0.0,0.0,0.0,0.0,0.0,2.1006375942117184,6.451803521605438,4.466179453256407,0.9227173088499477,0.8513006465724932,0.64898793442246,0.7441814035766936
6.014239860359755,0.9345169520629312,0.7324746053173742,0.6828845120450913,0.589230296310996,0.9069417023979168,0.6852635063000844,0.0,0.0,0.0,0.0,0.0,0.0,0.0,0.0,0.0,0.0,1.9632275463336415,6.030621116622186,5.098248253720049,0.8784437619422736,0.6728718318272546,0.6919188795246154,0.7226281869978924,0.7546455024156316,0.7631742437386184,0.6846335876270232,0.6001046835071802,0.9241738700775132,0.4691590568598072,0.5710226369113213,0.0,0.0,0.0,0.0,0.0,0.0,0.0,0.0,0.0,0.0,1.5744669999210466,6.371086639287096,5.166971777785542,0.8917835455538239,0.7682603997750079,0.6669962447654328,0.5818618344761611,0.7915420308036211,0.913602530612699,0.6320389907486227,0.7410489213326061,0.7729402640417506,0.6584780270932492,0.8120176458758152,1.0471749457029382,0.014154002404470845,0.0,0.0,0.0,0.0,0.0,0.0,0.0,0.0,1.7867223324560566,6.408992528254815,5.002196272661546,0.9036816345409757,0.5914738243566594,0.7760923550719232,0.727295273218371,0.49814667898557513,0.6620685303870272,0.8351576322216917,0.7100817623385448,0.6814974168086742,0.5031085345769646,0.8492579586965094,0.5733822109184903,0.09035142000582587,0.0,0.0,0.0,0.0,0.0,0.0,0.0,0.0,2.0929927233206285,6.309302730076123,4.843648311030852,0.7970779492445192,0.7436608335021322,0.6564514068554598,0.6057902944481653,0.8087592770953099,0.7011199247931585,0.6427547018258846,0.6676804636242727,0.88889564583804,0.5852317010293573,1.0649740207282468,0.0,0.0,0.0,0.0,0.0,0.0,0.0,0.0,0.0,0.0,2.2839832704118788,6.059080895291081,4.912624862014133,0.8847519285107417,0.5450377890020444,0.9729531092055537,0.9177207634996952,0.5868779893906376,0.7720648351276304,0.7756345026022178,0.858700435188301,0.5845254287031441,0.5193611308515251,0.9804825739789433,0.0,0.0,0.0,0.0,0.0,0.0,0.0,0.0,0.0,0.0,1.0429682544897236,5.8977621963793725,5.557748702832546,1.0332360353640362,0.8208715220036582,0.6879963662483601,0.6378765428369029,0.5010123004299196,0.7737550465175316,0.5806323647600682,0.7927677132197632,0.7705084059877323,0.6604683411172567,0.6218518592533966,0.0,0.0,0.0,0.0,0.0,0.0,0.0,0.0,0.0,0.0,1.5237682499699157,6.2218111161722,5.522654184675817,0.7663257975381902,0.7363118551541058,1.0334485790498604,0.7968676890875727
6.258230244615136,0.7968948158442369,0.7894754230618534,0.7044173869408534,0.6067969849636227,0.7933191594970312,0.7160620093370804,0.0,0.0,0.0,0.0,0.0,0.0,0.0,0.0,0.0,0.0,1.976437281305632,6.476691860358506,4.9264429136934575,0.8284849622031886,0.7277131686195444,0.8184228133855432,0.8206876547264205,0.6137212628844024,0.7272525118953902,0.6024539625282361,0.7373657947580291,0.8970514299212888,0.7212574593999054,0.7666248825441295,0.0,0.0,0.0,0.0,0.0,0.0,0.0,0.0,0.0,0.0,1.7510173249629548,6.007499333290407,5.317504720171682,0.8430039931069506,0.7216171731788193,0.7155228590500348,0.8103032286137642,0.6659599402892146,0.709767225175676,0.8886253432763013,0.7854846030981687,0.5859123072197332,0.5037135388434288,1.0248450385954377,1.1586743204285663,0.0,0.0,0.0,0.0,0.0,0.0,0.0,0.0,0.0,1.8998543828495003,6.536476915130605,4.75779122563625,0.7681867709314225,0.7514467671663065,0.7138037735087228,0.7224424488499847,0.6702683684835397,0.8632562647243817,0.6464638217402198,0.8217970909695482,0.6381866849629438,0.9542426207868813,0.881661547933686,0.7238699204023209,0.0,0.0,0.0,0.0,0.0,0.0,0.0,0.0,0.0,1.9847693095000132,6.297446109743531,4.891059967262908,0.8200012059272862,0.6571661747396376,0.6907960969749272,0.6651418367157919,0.8063554074966246,0.6870244309139705,0.7982782835070147,0.6733934127095705,0.929363211268555,0.6880075576589698,0.9849829905679721,0.0,0.0,0.0,0.0,0.0,0.0,0.0,0.0,0.0,0.0,2.313015562259075,6.293828181758142,4.508599781618125,0.7962363375749502,0.60513278280345,0.9568751065390824,0.635379451944378,0.9923720103323883,0.6956274915834598,0.776671471185416,0.5328308754619044,0.9457315702277379,0.8205543441977774,0.8051754122321896,0.0,0.0,0.0,0.0,0.0,0.0,0.0,0.0,0.0,0.0,2.008670354802881,6.31141854586435,4.900088897000155,0.9844815428945195,0.7489317040672582,0.9215857517809584,0.9161926473827582,0.7670193582733937,0.7914823401522506,0.9150988310556013,0.6713555672839902,0.7999131422649446,0.0436834101033273,0.7830132748297204,0.0,0.0,0.0,0.0,0.0,0.0,0.0,0.0,0.0,0.0,2.0251514213279695,6.416924333403125,4.893398417734838,0.7238161489385718,0.7848744382406014,0.7389966933439874,0.6697285828327171
6.225882295957468,0.6258660126813568,0.8124517318174371,0.6757482280137842,0.510003454034558,0.9219554631557292,0.9134544735690326,0.0,0.0,0.0,0.0,0.0,0.0,0.0,0.0,0.0,0.0,1.9792712424581715,5.567241886133257,5.908681952907958,0.7386604800332616,0.620002476182842,0.7757493573549444,0.7327378217219421,0.6783301876234332,0.754847242388354,0.7795548087320285,0.6727143673087456,0.6413044896703798,0.6752416346656203,0.6915670720603462,0.0,0.0,0.0,0.0,0.0,0.0,0.0,0.0,0.0,0.0,1.6821187682164256,6.1769258014901745,5.605599178450359,0.8319786280307302,0.6611495682012497,0.8062929157602725,0.7343849011110566,0.57865401434536,0.8129172650494723,0.7492267547124318,0.7610245318070231,0.7000122090717782,0.6510979709194729,1.0766022802931257,0.5500943829890712,0.0,0.0,0.0,0.0,0.0,0.0,0.0,0.0,0.0,1.698583787332547,5.76418388730141,5.882719389201357,0.8000733874349993,0.6592796347234653,0.672515954110851,0.4229248606838674,0.9455390387055483,0.6433552839129426,0.7428887118326747,0.5857298389829259,0.6224443039556653,0.6964941923119817,0.8443385230273341,0.5262959208247242,0.29750593795402125,0.0,0.0,0.0,0.0,0.0,0.0,0.0,0.0,2.0768677218747307,5.815444905523654,5.594783598771774,0.7206779685239653,0.7256283188467341,0.6475721128462241,0.7048912845638767,0.6662284355008725,0.6340459133692147,0.78420731565238,0.806250297397735,0.5674641558380971,0.5143257164697346,1.1588665633764785,0.0,0.0,0.0,0.0,0.0,0.0,0.0,0.0,0.0,0.0,2.261645281171747,6.358446090140104,4.903998024698992,0.9209166625315303,0.7456668708448753,0.7789153837843396,0.8113936529571527,0.6995404492202797,0.8626799129262158,0.8240944904278779,0.7329231785661859,0.767175291966105,0.6804439801207168,0.7851523534395971,0.0,0.0,0.0,0.0,0.0,0.0,0.0,0.0,0.0,0.0,1.9362925799972892,5.485502002265426,5.69631625441122,0.7989269397728829,0.9305619577286228,0.685781018540721,0.6719932077262611,0.855353509879999,0.7586437444443245,0.8148377429984212,0.7910301674288708,0.6461997330138406,0.8000714007623567,0.8906672698818701,0.0,0.0,0.0,0.0,0.0,0.0,0.0,0.0,0.0,0.0,2.0975924131794903,6.104774642628948,5.289925574291889,0.7780681747832237,0.6454477760595496,0.6373952980898224,0.8524816202922204
6.196760882182765,0.8283862385624987,0.6494206236736061,0.876337884495977,0.6240983269351541,0.9129950339943151,0.7581505119589713,0.0,0.0,0.0,0.0,0.0,0.0,0.0,0.0,0.0,0.0,1.7634094028639182,5.823896922042067,5.854628611711224,0.7563531371489631,0.7827049986424558,0.7917220329904803,0.8756631440661645,0.66430295884668,0.7408808573934986,0.6384431153712297,0.7581120780252614,0.6540991616169222,0.9061921309640253,0.9586333881372346,0.0,0.0,0.0,0.0,0.0,0.0,0.0,0.0,0.0,0.0,1.6744148114161899,6.043687426311988,5.665943745299546,0.6217003652159868,0.8959564254963563,0.8139589789133809,0.6598221283038693,0.7289789463919669,0.621276591159734,0.9472756291298202,0.6486348864915891,0.7177139494638887,0.3411809584298391,1.0680089151619518,1.038912847666115,0.0,0.0,0.0,0.0,0.0,0.0,0.0,0.0,0.0,1.6538682062959786,6.276892753164488,5.332348212550477,0.7820260965092163,0.6497333655334581,0.9268732983551756,0.6700624475256397,0.7072158129407895,0.8574869193147052,0.8396320019762424,0.5663875570247232,0.7859316165772787,0.7140102734733041,0.8003104323779975,0.9058824569453455,0.20232366884667918,0.0,0.0,0.0,0.0,0.0,0.0,0.0,0.0,2.066743985364477,6.393508002208734,4.928453141219341,0.8297910392744979,0.8461421135766125,0.6854066803806491,0.9374061043225158,0.664488987724472,0.6628085650185931,0.6961188093176083,0.5094434866816546,0.9081219654756688,0.8271370828069254,0.8598523315337827,0.0,0.0,0.0,0.0,0.0,0.0,0.0,0.0,0.0,0.0,2.1578331688443644,6.020194501205507,5.140268237684692,0.7536736532575308,0.7095426092207849,0.6825870058725326,0.6227797630852627,0.8667330488764674,0.7955329834462249,0.6966740539501025,0.8698469367327618,0.7768474350710168,0.4106317164590364,0.8510876882714461,0.0,0.0,0.0,0.0,0.0,0.0,0.0,0.0,0.0,0.0,1.7223311196678064,6.51382786321985,5.167810309215872,0.7301331243016115,0.7673888277212995,0.8244337260920301,0.7999324084516393,0.49347528659195433,1.0542524241580373,0.7130829109606305,0.7039094432192093,0.7111161308947096,0.6701154672662215,0.7866840564209792,0.0,0.0,0.0,0.0,0.0,0.0,0.0,0.0,0.0,0.0,1.609393318820369,6.131872628109597,5.700574478867493,0.7194914690519234,0.6925876287640663,0.6711154408442965,0.5872373219920287
5.725867186557232,1.1662886719476298,0.4911215742456347,0.7389478553038528,0.38360453251777554,0.6817716942645844,0.7049405870560761,0.0,0.0,0.0,0.0,0.0,0.0,0.0,0.0,0.0,0.0,1.7844145434884213,5.869321993402607,5.752317792737357,0.7569653308372828,0.7029468433797041,0.7685518680139606,0.6387842914769141,0.8408335680078253,0.7342241313545598,0.7039406852114264,0.8049977317650769,0.622401157028342,0.7414667676307878,0.8470736133498407,0.0,0.0,0.0,0.0,0.0,0.0,0.0,0.0,0.0,0.0,1.3421945512583644,5.364130572235082,5.770847239794777,1.5392534736090864,0.5844218250261268,0.7599811048495528,0.6569560812339726,0.7238098358863952,0.5049021860537881,0.7353385616676995,0.6956577752310064,0.8066682411309974,0.3931235767873139,1.2887164326675462,0.933696911361633,0.0,0.0,0.0,0.0,0.0,0.0,0.0,0.0,0.0,1.5179743643489882,6.007852408501818,5.9327119822203915,0.619992469313397,0.90416736321384,0.5873411735288542,0.4958286807753108,0.9720019087573952,0.7393847060329156,0.8186194956065933,0.8219214876814427,0.6348481062605503,0.38121286237704394,1.156905271296724,0.9170341312197327,0.49177802394286374,0.0,0.0,0.0,0.0,0.0,0.0,0.0,0.0,2.1971165018887495,6.14444995561937,5.311980729924052,0.745807714794524,0.6667479163128921,0.6381796143789634,0.7103863195549036,0.7028227251267858,0.7218031761440576,0.7663028485231421,0.6998466626762752,0.6782055345263844,0.6188681838719615,0.7409729643928555,0.0,0.0,0.0,0.0,0.0,0.0,0.0,0.0,0.0,0.0,1.6611967917991972,6.0149915029470264,5.560997732276812,0.6306473544107682,0.5997637817970428,0.6820009732751343,0.6523239980414864,0.65490769928333,0.5668811530782435,0.6698557353876026,0.6761454912646478,0.6259742995671163,0.3912533760461665,0.7524201508760564,0.0,0.0,0.0,0.0,0.0,0.0,0.0,0.0,0.0,0.0,1.575682585963316,6.036885453683386,5.746311429050534,0.9337404433154645,0.6543712438467275,0.7571116602500925,0.7257397952137145,0.6783707422802809,0.8529268028883036,0.5855365121350695,0.76315734553644,0.6749667819411909,0.7415395106788194,0.6645707518559751,0.0,0.0,0.0,0.0,0.0,0.0,0.0,0.0,0.0,0.0,2.2774655085880253,5.378513784114318,5.750632758922683,0.7590410787040879,0.4724376864055768,0.8876149384007047,0.7456518660239575
5.800442051506993,1.0717827825257016,0.6662251098450405,0.7650048446643063,0.5514018753455725,0.7517737378818121,0.9065064145281738,0.0,0.0,0.0,0.0,0.0,0.0,0.0,0.0,0.0,0.0,2.0983212321713633,5.397049935100393,5.6012989731167755,0.689656497873063,0.5580103879696159,0.7116038305280296,0.5419311000502279,0.7088756236806251,0.680818831297958,0.5562182591444903,0.7737654486888715,0.6588846562272438,0.46648801285118513,1.104266789419946,0.0,0.0,0.0,0.0,0.0,0.0,0.0,0.0,0.0,0.0,1.8205362260900806,5.578086561435331,5.80220157939111,0.7625164522412637,0.776599671326344,0.6357535729759504,0.7726329466257248,0.7647479544364378,0.741731640450562,0.48964698954297986,0.7677447949091891,0.8019668026082215,0.5251412594331996,0.8751400030847508,0.8670173664442444,0.006707565234778556,0.0,0.0,0.0,0.0,0.0,0.0,0.0,0.0,2.105776826682866,5.497535074094371,5.3375910016458485,0.733969272823836,0.8574730627723994,0.7022063820465521,0.5938812981007192,0.7028536860633945,0.658205016639992,0.688173417601013,0.7356122883786347,0.6422874424482916,0.6523531456466288,0.9941248788947568,0.78850403952511,0.6136108631542818,0.0,0.0,0.0,0.0,0.0,0.0,0.0,0.0,2.189018614274582,5.641722171376402,5.144241084102249,0.6717576580188377,0.6334931692925395,0.6882198304846354,0.5754979890316185,0.770999663520784,0.7592130321570251,0.6540408862271452,0.6286454293598867,0.7332876077003138,0.7102939277966479,0.49190702141442433,0.0,0.0,0.0,0.0,0.0,0.0,0.0,0.0,0.0,0.0,2.3972781739517943,5.884425620876852,5.009641065046602,0.5165196392275733,0.603908849267188,0.887769194922299,0.7339277021253431,0.6567782157932286,0.6516514893637068,0.8570204530828569,0.6647524052667978,0.5134686532504235,0.6684713884176305,1.1434062937132046,0.0,0.0,0.0,0.0,0.0,0.0,0.0,0.0,0.0,0.0,2.1219401253877983,5.4161670432104,5.381500090398986,0.8221026619016305,0.6401012384611009,0.7121384058684304,0.6378632777762668,0.849346198322447,0.6519168445746737,0.7220460834247439,0.6951329817594093,0.5537264351731681,0.816261665503188,0.8329956082955768,0.0,0.0,0.0,0.0,0.0,0.0,0.0,0.0,0.0,0.0,2.0673461462609573,5.905313410331751,5.240060451014645,0.7417786452421963,0.5558555782357473,0.5977365685708089,0.7377015497986821
5.845142529769783,0.9447502927550416,0.6700789219923127,0.723129151742526,0.7499335123719361,0.7338667709492936,0.7309667306576968,0.0,0.0,0.0,0.0,0.0,0.0,0.0,0.0,0.0,0.0,1.7666562479297385,5.497321689482329,5.9629393598662555,0.7937602486884184,0.5594966028108326,0.7148230315687591,0.7029125543333925,0.5750518225828841,0.9260954799599921,0.6235737837569707,0.8177547279164201,0.6854599623266124,0.24891047297846214,0.8484282096588913,0.0,0.0,0.0,0.0,0.0,0.0,0.0,0.0,0.0,0.0,1.2642638685799614,5.869296801314665,5.993645509335865,0.7751616396775498,0.7085181565687876,0.7735477217303642,0.7095228572868373,0.7528861302336638,0.578564330555896,0.8801622224220905,0.7257631200816167,0.6770934734604441,0.625287941715895,1.000413393589634,0.817189886279337,0.02908082972348147,0.0,0.0,0.0,0.0,0.0,0.0,0.0,0.0,1.7629396048219002,5.851970609087526,5.675525898813116,0.7295810617022284,0.5650879605904209,0.5380766098146903,0.811606403528552,0.7407467695069053,0.5015818979156629,0.6364749032407673,0.7045793624955146,0.6772825193602747,0.7273244140743529,0.7232711368077265,0.6485383063212691,0.2812105630487114,0.0,0.0,0.0,0.0,0.0,0.0,0.0,0.0,2.01816623169947,5.8046706610343834,5.620923903392636,0.5985622947139468,0.8176789117489551,0.8222678981040294,0.5757940108867826,0.8090985371536563,0.7830908881630244,0.6979351407534232,0.7368348777160147,0.792497293371983,0.7075205810680876,1.0697097779791593,0.0,0.0,0.0,0.0,0.0,0.0,0.0,0.0,0.0,0.0,2.3555907168643326,6.088686597992988,4.795907860329173,0.5122798579076046,0.6554024996816993,0.6145225920547615,0.6971981643078561,0.7137400166158682,0.7116482569625013,0.7595864970474608,0.7782366041244978,0.7271762627805874,0.4438559318940489,1.0967515918020434,0.0,0.0,0.0,0.0,0.0,0.0,0.0,0.0,0.0,0.0,1.9488352061788898,5.289366580774275,5.8367099668777565,0.6809970120704317,0.9519505477727107,0.5159338797560564,0.6989199834162046,0.6959703730671366,0.7904237051759992,0.41149674824454313,0.9095647755064881,0.6241720889378756,0.6261229163906752,0.899658279430384,0.0,0.0,0.0,0.0,0.0,0.0,0.0,0.0,0.0,0.0,1.8347031644495049,5.981433083730117,5.3617438373956805,0.5086002354513053,0.8770207992787576,0.7063270636215541,0.7210295566496706
5.8710810305283285,1.0160006160884412,0.4318343173788067,0.543867663376403,0.8284381993822814,0.13167111614841492,0.864999329234815,0.0,0.0,0.0,0.0,0.0,0.0,0.0,0.0,0.0,0.0,1.445084752149251,5.884400615761733,5.622464633953998,1.0008829821596685,0.6029589313191654,0.6830063890448682,0.6072657723761367,0.8636450538180634,0.5736136346605974,0.8696184355969125,0.7377539502482783,0.5973442745816504,0.7260014873841105,0.9560507290850165,0.0,0.0,0.0,0.0,0.0,0.0,0.0,0.0,0.0,0.0,1.590901033996241,5.643034451439939,5.826321289483351,0.6766435077849577,0.6129315161403823,0.7623371343910472,0.5660754164556141,0.3922675442953319,0.904207079676157,0.6482390432341715,0.6908524656044748,0.6025453019684051,0.0021888050081888544,1.1969316535864218,0.5595456041987408,0.0,0.0,0.0,0.0,0.0,0.0,0.0,0.0,0.0,1.4152566687500907,5.645180520599524,6.03547082492348,0.5159345024743792,0.7402841289294337,0.6565785795525103,0.7142842338726572,0.49734231202854434,0.9538866749589385,0.6162711739406621,0.838401263471477,0.7418448836656883,0.678561158422661,0.9280109972200175,0.6359331578566856,0.23625187934702332,0.0,0.0,0.0,0.0,0.0,0.0,0.0,0.0,1.718068951504943,5.945634038799102,5.536141039739955,0.711610509431148,0.5134517937541725,0.6605139538414215,0.6755252522350955,0.7877402600428511,0.4745447378491391,0.8561762992228292,0.763755786441505,0.5925851736124531,0.6249176612702028,0.9077755106206908,0.0,0.0,0.0,0.0,0.0,0.0,0.0,0.0,0.0,0.0,1.6068302575746252,5.344533173631328,5.694613515910098,1.0983325302374605,0.8153078085327601,0.6500236159183435,0.7088507498693378,0.7040384541651478,0.7526310581212144,0.638280771036007,0.6938516527052531,0.5789983069114363,0.78689419667438,0.7972483318613797,0.0,0.0,0.0,0.0,0.0,0.0,0.0,0.0,0.0,0.0,1.4129702621533724,5.631118081127053,5.928883268122716,0.8190901236376832,0.8174566044575362,0.7414660072784808,0.5883108220070583,0.6023890744330178,0.7659020243337751,0.8121312600691422,0.6557026896100996,0.560716507903325,0.809670452953382,0.6860669582381558,0.0,0.0,0.0,0.0,0.0,0.0,0.0,0.0,0.0,0.0,2.0305308853436763,5.987457539034473,4.966119685855011,0.7951924833592061,0.6186410464250405,0.6725611303364141,0.702965434249475
5.985167696403674,0.8471794423037339,0.6084802630101108,0.6662780887205244,0.7135841044522789,0.34396090053171596,0.8042701419960334,0.0,0.0,0.0,0.0,0.0,0.0,0.0,0.0,0.0,0.0,1.4173440842154224,5.678808780361761,5.748311720969519,0.9051832080664025,0.6848756841704774,0.8149404074193637,0.8312096342210232,0.776360871117938,0.6398325005135401,0.6935307146539458,0.5846942980317374,0.7487056427237708,0.747000037080329,0.74763994345794,0.0,0.0,0.0,0.0,0.0,0.0,0.0,0.0,0.0,0.0,1.281705633987393,5.934603293578459,5.890150913210089,0.7319873048777136,0.8494152598477634,0.6608161800759177,0.59852705605313,0.8918956484459752,0.7933192804491723,0.6658807850226992,0.5813302641757132,0.5515606687780181,0.7477996066842407,0.9159074614604857,0.803115086798039,0.0,0.0,0.0,0.0,0.0,0.0,0.0,0.0,0.0,1.377309457797088,5.5901852663237594,6.079855759455457,0.6863524292533386,0.7233414879055157,0.5916228067042542,0.660597889068609,0.6461505838359988,0.6158058159770504,0.8867149523848016,0.6102257198886137,0.41660594096648973,0.6583164012425184,0.8187045479910005,0.7483884043817904,0.0,0.0,0.0,0.0,0.0,0.0,0.0,0.0,0.0,1.808559459362906,5.829782525033749,5.388298044276008,0.8203994259151421,0.6623997593952344,0.6944525165560772,0.7683734527316338,0.6918671030722781,0.6791259476657797,0.5760648060979653,0.6695844959643877,0.41460814326781753,0.850760283115331,0.775649370535121,0.0,0.0,0.0,0.0,0.0,0.0,0.0,0.0,0.0,0.0,2.0833724490929777,5.9676532307064285,5.157563248419764,0.6064389395134936,0.8183077283484741,0.5664613553027008,0.6097016645321222,0.792827523439096,0.6594710827278981,0.6143184938892755,0.730623266202407,0.5030369978186927,0.5218130764936975,0.8599413098284892,0.0,0.0,0.0,0.0,0.0,0.0,0.0,0.0,0.0,0.0,1.8275349628878956,5.800977431778534,5.371445134831405,0.6821483878261476,0.5819177641931302,0.6872525428229297,0.7296947424860135,0.6788438571011091,0.6763556141289178,0.8088774423411331,0.6072020165125779,0.6972668610323421,0.6521128062678605,0.6202275133525923,0.0,0.0,0.0,0.0,0.0,0.0,0.0,0.0,0.0,0.0,2.0262042640950355,5.5937916505185985,5.299822575739475,0.8814512932028796,0.7197630772579762,0.6626820062724988,0.4821956578664355
5.810337478151623,0.8276527493377372,0.903576259655833,0.5719134254462369,0.7041661740802512,0.44119599753366584,0.21906068029393713,0.0,0.0,0.0,0.0,0.0,0.0,0.0,0.0,0.0,0.0,1.0170848019914205,5.768681575948239,5.898827407094403,0.7500409894619715,0.7735940541043455,0.7776968872025989,0.6260566113102252,0.7147557124328385,0.7478525508669921,0.6100881114404374,0.7288267790029639,0.7024394001735265,0.30106690544121406,0.5310295318892626,0.0,0.0,0.0,0.0,0.0,0.0,0.0,0.0,0.0,0.0,1.0429014348143995,5.754984072573927,5.72868467263696,1.2126104848017976,0.7529881216383133,0.5314247183918863,1.0143461699420049,0.6008710256876253,0.748354099283145,0.5383424312459503,0.6814819830681071,0.7681591145760668,0.5408270663861252,0.8407675836331006,0.10384838194672419,0.0,0.0,0.0,0.0,0.0,0.0,0.0,0.0,0.0,1.238225215767301,6.030582173062126,5.7563310776053935,0.5910128283063235,0.7881700946562464,0.6969996757618161,0.5564561058774039,0.5346305881784288,0.7140307826326177,0.4779982591367949,0.6370982602933355,0.7800628490258468,0.40039766720613956,0.9071277300926122,0.3151388490410946,0.0,0.0,0.0,0.0,0.0,0.0,0.0,0.0,0.0,1.5980917430889257,5.975979274691974,5.456431845871112,0.6924701996034581,0.7773605328131293,0.6240243962730919,0.7906755678248005,0.5653165676993848,0.4473436034541175,0.8607214038927905,0.6255375508706644,0.6270790308017267,0.7460241142205459,0.963005413929934,0.0,0.0,0.0,0.0,0.0,0.0,0.0,0.0,0.0,0.0,1.9567777515993423,5.683069558626893,5.545266812252623,0.6243745884678402,0.8178545921968763,0.519704823431784,0.7718966149172753,0.6965198562564942,0.6553252400704732,0.732208925801808,0.7442041556274701,0.8018395559702783,0.4450608550012505,0.8031613608475757,0.0,0.0,0.0,0.0,0.0,0.0,0.0,0.0,0.0,0.0,1.476674619398483,5.5605137486180425,5.538724570115619,1.169050894696524,0.6171155583924937,0.49668482464812125,0.8125514559132805,0.4006737530356977,0.8582639201964954,0.7308548220285187,0.5181235186147692,0.9494707047561408,0.707385755299074,0.3476833395095351,0.0,0.0,0.0,0.0,0.0,0.0,0.0,0.0,0.0,0.0,1.8161794213646356,5.57598075228758,5.5712483311102,0.7783168546946706,0.6099465426951554,0.7534554231862638,0.6897009139696759
5.858841858959613,0.930348140513215,0.7029161639924111,0.681107237519178,0.7603854674425904,0.6104897533931006,0.752403529762787,0.0,0.0,0.0,0.0,0.0,0.0,0.0,0.0,0.0,0.0,1.8339222165639217,5.6056715745493575,5.204580256747837,0.8406360129047187,0.5622077859562231,0.6489195703858547,0.7987179007749399,0.6155931402102557,0.7163956165542636,0.6250894473141021,0.803158010847943,0.6758671833235528,0.49053817032704305,0.6594737112031517,0.0,0.0,0.0,0.0,0.0,0.0,0.0,0.0,0.0,0.0,1.4631342311547115,6.150828901492784,5.401080458223627,0.6104242811427516,0.8414250928390143,0.775619274942904,0.7083171880236002,0.6249246648236904,0.696186921517314,0.6268035511841252,0.7216529975392905,0.6918493393263455,0.7181967628420569,0.6954396629380077,0.8311253089070896,0.0,0.0,0.0,0.0,0.0,0.0,0.0,0.0,0.0,1.6411036768955771,5.957084749828911,5.148212349603405,0.9298773574438931,0.597787601789301,0.6482570577308346,0.7271184480688111,0.5859641581619173,0.7106697486002008,0.5650137973581164,0.8413809275258043,0.428386544347228,0.8798261811967241,0.7698652855548147,0.4380252942835945,0.0,0.0,0.0,0.0,0.0,0.0,0.0,0.0,0.0,1.9683615379488135,5.695138598567828,5.251667656947997,0.7453538952330307,0.6906219647630022,0.7994153903764754,0.8012031940116805,0.7637181449364969,0.5249017264289031,0.9692441075917289,0.6906539953347585,0.6846385136436591,0.6064578319989673,0.7108726423471265,0.0,0.0,0.0,0.0,0.0,0.0,0.0,0.0,0.0,0.0,2.0716129634605034,5.750839316423889,5.082764105003209,0.5851097746389889,0.6988953655320362,0.8941697636850922,0.49031521493100405,0.6075921289361259,0.9431155577537683,0.640974081247195,0.7714783478014352,0.6229593682703568,0.524501058845179,0.9008611325026715,0.0,0.0,0.0,0.0,0.0,0.0,0.0,0.0,0.0,0.0,1.5147633892291896,5.967612427577763,5.320722312901894,0.6427049810227158,0.6604284891757717,0.9590051429753171,0.7321297241189328,0.7051197598275859,0.7842016136864101,0.7438966694029139,0.7431192554888129,0.6789320910508926,0.7507966049216478,0.8089628852099696,0.0,0.0,0.0,0.0,0.0,0.0,0.0,0.0,0.0,0.0,1.85417083201099,5.737343281399149,5.094124369546735,0.8161249333159126,0.7466477177894187,0.705196947496309,0.7488884274456648
6.043235482449077,0.7987325928847694,0.6492010402615105,0.759981970165252,0.6238852087903253,0.5589811959057405,1.0077494804932887,0.0,0.0,0.0,0.0,0.0,0.0,0.0,0.0,0.0,0.0,1.7106409896417407,6.280489388474185,5.101233193137393,0.7163592937129734,0.8512645595073274,0.5324702000680827,0.7784896056817208,0.5585773215926307,0.9380705810099131,0.6877155765116529,0.6607585969387675,0.7733920116386865,0.13899921679816682,0.9986188616628828,0.0,0.0,0.0,0.0,0.0,0.0,0.0,0.0,0.0,0.0,1.3876561980978508,6.250272192222158,5.481790735043989,0.6295674275480545,0.5990758589110531,0.7654593941250957,0.6688627920532259,0.7224760245236571,0.8414890078533523,0.6670307885133336,0.6019272897274714,0.7812986491940754,0.7335577151696993,0.68532342255576,0.6321917327456426,0.0,0.0,0.0,0.0,0.0,0.0,0.0,0.0,0.0,1.4068392273792345,5.755790414278967,5.951046343396519,0.8086665814401286,0.6541750818524947,0.7874699075841919,0.6123930558438043,0.7044275590849428,0.7037369583291063,0.6505553109013361,0.8280541563069226,0.8228962588254232,0.7511570830945778,0.6763246128325351,0.6620450850211981,0.13595343345596334,0.0,0.0,0.0,0.0,0.0,0.0,0.0,0.0,1.9005619931554565,6.280489388474185,4.971992356781919,0.5786226451392478,0.9924115176228127,0.8375634259306213,0.6710384199491546,0.7019491161979174,0.7337377345706195,0.7431687576909779,0.7616361023026639,0.7711106713177243,0.5867999387098266,0.6242246226110577,0.0,0.0,0.0,0.0,0.0,0.0,0.0,0.0,0.0,0.0,2.002791109616501,5.883802639304489,5.400321569978054,0.3553165017386441,0.6711914479486728,0.8484590107569451,0.7404370841194686,0.6589870960615162,0.7701840727912584,0.7578769231104515,0.7045143000403993,0.612851252261839,0.44964012428165023,1.1678301922579877,0.0,0.0,0.0,0.0,0.0,0.0,0.0,0.0,0.0,0.0,1.5538407319582834,5.828529406491273,5.096904976235908,1.180320348297204,0.6676952969472002,0.5774466759889338,0.5599540649097299,0.8151795703889276,0.7282484577146757,0.8162943611190667,0.8286738138440326,0.6920143845612146,0.7675961396905505,0.8502540087598158,0.0,0.0,0.0,0.0,0.0,0.0,0.0,0.0,0.0,0.0,1.768535049624112,6.006126909276495,5.215973045526648,0.6584340935742203,0.8910986982146359,0.7829196334407609,0.6998953827668798
5.559716750581786,1.2796677810263855,0.6319880128535363,0.4002724200444366,0.7079987280847685,0.6253998168425584,0.703932333245298,0.0,0.0,0.0,0.0,0.0,0.0,0.0,0.0,0.0,0.0,1.2925770128737035,5.101399979158979,5.737758121097137,1.435949319605673,0.687096784713505,0.7495327500044368,0.8608599530407166,0.6568017238397011,0.7089798321684674,0.7339441444124196,0.7000143242520457,0.7293320299486419,0.7016059927437411,0.8017264046172508,0.0,0.0,0.0,0.0,0.0,0.0,0.0,0.0,0.0,0.0,1.2603459050571075,5.087152415995023,5.114361006492341,2.100298673372173,0.6961604791962088,0.6637724584903607,0.7316434909537222,0.724751140708171,0.6794279669550254,0.5796882850043424,0.786331719607783,0.4933294284166585,0.3474182863191486,1.179466437089908,0.7372356521319634,0.0,0.0,0.0,0.0,0.0,0.0,0.0,0.0,0.0,1.652140796757097,5.586595179828525,5.490458571477715,1.0400340495926885,0.6533391265581793,0.737278549338314,0.5541066140914623,0.8093771300484136,0.5236466050793954,0.7609869586155777,0.6503122840531005,0.6997962512156176,0.48495417921460504,0.7492919270591631,0.6785488154547448,0.24277666082418747,0.0,0.0,0.0,0.0,0.0,0.0,0.0,0.0,1.5636624463816262,5.580777986710333,5.6973887612251515,0.8902363249770664,0.5727564301934678,0.7961560852468647,0.6122142227160552,0.8035048617911563,0.7164425186199846,0.6719213958549896,0.6597898210069343,0.7204066501640727,0.10583880862530792,1.1123186696499288,0.0,0.0,0.0,0.0,0.0,0.0,0.0,0.0,0.0,0.0,2.1981051920893804,5.632172504365177,5.084750666259683,0.8020191037142989,0.7951727400594112,0.6460856378992529,0.582875116198494,0.7271850301247113,0.6744589242542813,0.6544206238562702,0.5130596223306146,0.8063394467461797,0.5975529967869719,0.7683430854298386,0.0,0.0,0.0,0.0,0.0,0.0,0.0,0.0,0.0,0.0,1.4497890427999625,5.230041010239606,5.697470629403381,1.4514809368027615,0.7077158285519852,0.6815277120810085,0.5874673545767599,0.5335845071994353,0.8078308583415291,0.6487264362513174,0.7218539134065804,0.6830867436646346,0.35402756878451563,0.4828218076254308,0.0,0.0,0.0,0.0,0.0,0.0,0.0,0.0,0.0,0.0,1.870566916744343,5.446426013714257,5.5651302651766414,0.905024590736218,0.6299178396766845,0.5473231039709228,0.5993376875582878
5.9897999127583414,0.9618391620879589,0.5918512776340809,0.7044208343062418,0.767168491859176,0.78648070040234,0.7853854441031328,0.0,0.0,0.0,0.0,0.0,0.0,0.0,0.0,0.0,0.0,1.6003499205800875,5.847100303395503,5.769033160053349,0.8360393904040849,0.5999160242118814,0.5789811488736638,0.9327399915516673,0.5188177739617397,0.5865769184956551,0.6794198140753607,0.6116334130074542,0.7631690599800083,0.4653388919007677,0.936773303504463,0.0,0.0,0.0,0.0,0.0,0.0,0.0,0.0,0.0,0.0,1.3912205308287589,5.854832169390117,5.57600496604643,1.2587191356735854,0.8634334805918881,0.6568287959668052,0.3796446590746743,0.8182668041464288,0.6420229376025419,0.5748956615479612,0.7659743439539354,0.516442014952819,0.8114848640335351,0.5928539520278885,0.7231381004456466,0.0,0.0,0.0,0.0,0.0,0.0,0.0,0.0,0.0,1.747792296484345,5.3101363388890235,5.997242785320337,0.9726501390706561,0.6255549338977748,0.6913646068457007,0.7760999041214302,0.6817907670839788,0.7112518356042312,0.6144843234094177,0.8486569383541864,0.5037923502720758,0.8063038266767977,0.6548037258222104,0.3360526971543951,0.0,0.0,0.0,0.0,0.0,0.0,0.0,0.0,0.0,1.8828051343378076,5.891603535745874,5.400295374352554,0.9526051776844576,0.5319546295029676,0.6850801761722305,0.6891733561326234,0.7714715270234184,0.6985056848139183,0.5543236659663731,0.6647167937558943,0.5970287885653893,0.5857787953243678,0.8755409537438469,0.0,0.0,0.0,0.0,0.0,0.0,0.0,0.0,0.0,0.0,2.055981143856343,5.8910706254297365,5.5486140524216045,0.564846197642118,0.6496012740928536,0.5789479380404163,0.6917276202043106,0.8815530409766734,0.7232417381283395,0.7763600389087311,0.7142127291761967,0.4196671562391924,0.9050959374012981,0.6247347740921722,0.0,0.0,0.0,0.0,0.0,0.0,0.0,0.0,0.0,0.0,0.9635894773204345,5.385128849127748,5.109463694111825,2.176619337823842,1.142665064208478,0.5905682489264682,0.6593649557958833,0.7214762544613973,0.6034264184071111,0.6081894204655496,0.6766061863467481,0.74454547933381,0.7302564627570872,1.0881966753622678,0.0,0.0,0.0,0.0,0.0,0.0,0.0,0.0,0.0,0.0,1.685369256717478,5.951826010776016,5.525060448242642,0.8417202076269764,0.5369927217322177,0.7337181255522216,0.6636563278834297
5.720913737113643,1.2583849105423077,0.6932889004651362,0.8673119446157009,0.8544342243400591,0.7664230428708962,0.8199604971897362,0.0,0.0,0.0,0.0,0.0,0.0,0.0,0.0,0.0,0.0,1.582188846193992,6.084441995627731,5.536994901581551,0.8204801684345289,0.7600399617496969,0.6310618205858572,0.6281366066341033,0.7244369942133635,0.7204073520977631,0.4486381294264745,0.8293699082000927,0.6348661884224718,0.28793544681177474,1.0952868299021743,0.0,0.0,0.0,0.0,0.0,0.0,0.0,0.0,0.0,0.0,1.4336966746542261,6.05972262761842,5.832234845173206,0.8267516507837671,0.681309400163379,0.5625181276525348,0.7389895956146101,0.6238271320313298,0.7987681868176983,0.7418425598446976,0.716367723173257,0.6674377194660412,0.7597552848043628,0.9722526882659298,0.4312368862757374,0.0,0.0,0.0,0.0,0.0,0.0,0.0,0.0,0.0,1.6626279808644675,6.086630339775515,5.611192238980237,0.6330564699563441,0.6764346151527703,0.6140156040023046,0.3449108197354716,0.7424718833157998,0.5574076811038423,0.6342070836632685,0.7016186915000392,0.5910334339646997,0.8343503581120618,0.6336456713188117,0.4554005699926765,0.0029180424132650984,0.0,0.0,0.0,0.0,0.0,0.0,0.0,0.0,1.8824542714154946,5.605967937482663,5.748833487305792,0.9265747826889081,0.6367146613432647,0.5429609953628671,0.7619353198398575,0.5753914660989432,0.83179010099001,0.4694771262400629,0.6981243663727296,0.7769204731273707,0.5630153396342175,0.8996913928058751,0.0,0.0,0.0,0.0,0.0,0.0,0.0,0.0,0.0,0.0,1.8655045610933296,5.689568855119915,5.4937948660173594,0.5942652112917948,0.8476193080755958,0.6576258279749663,0.7073772116086036,0.6568139308576161,0.8662993967500319,0.640258296002806,0.638248601885872,0.7073973136823704,0.5102236553185211,0.913244891563933,0.0,0.0,0.0,0.0,0.0,0.0,0.0,0.0,0.0,0.0,1.6891507485098636,5.780769778189742,5.338151212015869,1.0396998551355574,0.7034616366814388,0.5512740981505949,0.8566612523194631,0.7451454493604716,0.6852221553679082,0.6772098660143283,0.7579927193163006,0.5390338819736358,0.6973494087991808,0.7773816073844738,0.0,0.0,0.0,0.0,0.0,0.0,0.0,0.0,0.0,0.0,1.6083893776166143,6.086630339775515,5.490585663352347,0.6246557533379815,0.8735121392061126,0.6360384450997147,0.7088834743189293
5.759422491216475,0.9225050448885418,0.6125625490685201,0.6334827512459323,0.6349487527777505,0.4745888150238233,0.7205926299728436,0.0,0.0,0.0,0.0,0.0,0.0,0.0,0.0,0.0,0.0,1.6979842808067682,5.440094064910515,5.687133948140783,0.6902466916008028,0.661660414115567,0.7534576532325427,0.6513176767571911,0.6544513094791083,0.5840927437511383,0.5874056200658134,0.7379430526381371,0.4973483190741442,0.5441642320086472,0.7105836163471064,0.0,0.0,0.0,0.0,0.0,0.0,0.0,0.0,0.0,0.0,1.5010258001479402,5.0980228019875,5.39893695494099,1.5288064255750489,0.5179697659345619,0.8002403067308491,0.6127886030531277,0.6299505528719862,0.6571928467781546,0.5914665918647338,0.6942233039919533,0.33026031954311863,0.3801517450926538,0.9557160228346371,0.9481225746305153,0.0,0.0,0.0,0.0,0.0,0.0,0.0,0.0,0.0,1.646880076059097,5.763297841541071,5.546195186921668,0.7267038264098835,0.647446934300469,0.7328299298813887,0.523261080789624,0.8186324248782444,0.6352867111420796,0.6512063582315392,0.5981862351968619,0.42865293521566844,0.6793008664749548,1.0265838661963127,0.49661924982248196,0.3349415853936102,0.0,0.0,0.0,0.0,0.0,0.0,0.0,0.0,1.519823189364836,5.525631073505202,5.648771752678714,0.848234818663958,0.7104334798464089,0.5500284331433538,0.733097272706219,0.7496566811563657,0.5844340382546963,0.5831402676774966,0.589273639299514,0.6957336173040347,0.7075364690761008,0.7844376815731458,0.0,0.0,0.0,0.0,0.0,0.0,0.0,0.0,0.0,0.0,2.2103880370433977,5.498349488690057,5.025200544381514,0.6928604740274934,0.3364222916013204,0.8908423186999039,0.5739647105749128,0.6433612062180538,0.7293898890535931,0.7178302672720833,0.5188174974363137,0.8786532350191483,0.6167705817996492,0.9820324439520199,0.0,0.0,0.0,0.0,0.0,0.0,0.0,0.0,0.0,0.0,1.60509018930878,5.60859873850588,5.788316704721748,0.7175512427381447,0.7339822022228281,0.5481905922914669,0.5262446948378077,0.7160340662302007,0.6569051747372323,0.6580640981386734,0.6691670684433334,0.5805128149190427,0.47652951946097355,0.6164206958448997,0.0,0.0,0.0,0.0,0.0,0.0,0.0,0.0,0.0,0.0,1.829703311895884,5.434590411465104,5.684768928454062,0.6763306981150837,0.5833809013668965,0.8426847966969786,0.6769890405487622
5.8027036847903055,0.896441947698503,0.7077696883767477,0.6786302987602395,0.5361169376961867,0.4663463319566685,0.7155170859031177,0.0,0.0,0.0,0.0,0.0,0.0,0.0,0.0,0.0,0.0,2.0098473099653713,5.680341326430827,5.252554733997828,0.6682343249613574,0.6012724934679092,0.6297261382166223,0.6236935348959682,0.5301332754479295,0.8262087791113528,0.6178174635606752,0.6207481535014542,0.9070104310236043,0.6315803107025503,0.6428322898772105,0.0,0.0,0.0,0.0,0.0,0.0,0.0,0.0,0.0,0.0,1.4386728132400979,5.662882604510839,5.3247474149588765,1.1071103840867738,0.6470155092472636,0.7338238984843638,0.7558852094616924,0.7700409269858616,0.6550124102396406,0.5573716117732795,0.7349680068975981,0.6210017968528697,0.4623801072464051,0.9759873322902338,0.9002637653233689,0.09274418804982411,0.0,0.0,0.0,0.0,0.0,0.0,0.0,0.0,1.9085195494355487,5.874027510238543,5.290952652561458,0.6351916508802166,0.6495064891213493,0.5989326786065324,0.6623114187440131,0.48002191660017685,0.4581457553973135,0.9135323429514123,0.6926767628532765,0.6487824837153768,0.2953848689429983,0.8963665099643202,0.9618675527067122,0.5416810379951187,0.0,0.0,0.0,0.0,0.0,0.0,0.0,0.0,2.0445951419517074,5.677668668775988,5.279045254007172,0.6162144040351132,0.6381884325814593,0.7009449363765137,0.7264490949934769,0.6675731509683327,0.48513716418209696,0.7922848878575474,0.6634252791875934,0.7413746445314321,0.6989762803602844,0.750858470378638,0.0,0.0,0.0,0.0,0.0,0.0,0.0,0.0,0.0,0.0,2.177651629009019,5.679280277908809,4.961062547460333,0.7085577686149144,0.7589572687388378,0.5967672581742993,0.7779982896578852,0.5081286373723446,0.5346261493498256,0.7021341420807876,0.6349414472547086,0.4828881410708326,0.604531126702726,0.9464352692935325,0.0,0.0,0.0,0.0,0.0,0.0,0.0,0.0,0.0,0.0,1.9552915937564324,5.642645830982271,5.434211251525758,0.6189592813763253,0.5898995607587456,0.7062154001472404,0.5996040801964201,0.6008497911270887,0.660649419050801,0.6811489945078433,0.4707855344428638,0.8099196622779,0.44938587076466924,0.9554968806406764,0.0,0.0,0.0,0.0,0.0,0.0,0.0,0.0,0.0,0.0,2.253994837089212,5.925688712405287,4.653304849774299,0.8762826851530151,0.6434695078111479,0.6104017072614651,0.7933643969559289
5.762719689084059,0.9711010906344283,0.7409446824969228,0.7132130015922301,0.6750702189013035,0.6903569977292304,0.7372446053190673,0.0,0.0,0.0,0.0,0.0,0.0,0.0,0.0,0.0,0.0,2.1000913947567774,5.471247981111334,5.462873308370899,0.4621556597350429,0.8915008051193563,0.666020139246492,0.7900337333024273,0.6344445829244634,0.7876926099077592,0.7212019070776294,0.5053991985434735,0.8770347940054289,0.6135201552966667,0.7861083772684749,0.0,0.0,0.0,0.0,0.0,0.0,0.0,0.0,0.0,0.0,1.4839110465462966,5.345329316380803,5.676266476893615,1.3992490278932295,0.6586426897224292,0.6923587352525757,0.6142991275788294,0.6552246867488969,0.7457880303230494,0.6957305245700808,0.6159915983543562,0.3949377305592058,0.7167433173877407,0.9645586803862249,1.033491065689182,0.11716486491736688,0.0,0.0,0.0,0.0,0.0,0.0,0.0,0.0,1.9815572991677053,5.700843038925542,5.405019520226947,0.538625845699098,0.7807969583339468,0.7195796632383507,0.6109568550922306,0.5891925978006639,0.766809420874221,0.7022116358262036,0.5104160499013914,0.4924788794474859,0.5757103843893365,0.7816261412827634,0.8220079505674125,0.048056050418285624,0.0,0.0,0.0,0.0,0.0,0.0,0.0,0.0,1.9375637466329376,5.813901591910721,5.329935524768298,0.464692637386362,0.6563734173342113,0.6708695402862653,0.6523587493967057,0.6947388579420452,0.5813649256978392,0.6477594394955658,0.7833279470024429,0.7392632245526206,0.6695935781558223,0.6095241020246464,0.0,0.0,0.0,0.0,0.0,0.0,0.0,0.0,0.0,0.0,2.246478768033899,5.4518350177736,5.348609743050386,0.7486339045728373,0.6866678346397578,0.4147340115041599,0.8043084760314794,0.8266764742361694,0.7002026270333691,0.7622251177074666,0.6289161477461419,0.6482651359292922,0.07027194441005302,1.039782745565005,0.0,0.0,0.0,0.0,0.0,0.0,0.0,0.0,0.0,0.0,2.1260942567034764,5.570573696768107,5.493990462317099,0.6008155000166492,0.7939640382973993,0.659246919289227,0.635429508896047,0.5971738966826223,0.5384893676323366,0.7989530199442209,0.5406990543196729,0.5754624334154262,0.4338353926762659,0.6888717128140553,0.0,0.0,0.0,0.0,0.0,0.0,0.0,0.0,0.0,0.0,1.92882943558382,5.7547218894569045,5.411930231443165,0.8003241118593746,0.58969705020221,0.6462824451778083,0.42890065545785694
5.668784507351115,0.9752104237008536,0.6778664747107057,0.49578640947651886,0.8041311589549208,0.7562041482184448,0.9877352035199226,0.0,0.0,0.0,0.0,0.0,0.0,0.0,0.0,0.0,0.0,1.6490384677847147,5.81329591764399,5.386859898393767,0.5823208498322306,0.6372765231347692,0.800481335811298,0.6593269295555191,0.5325754698493738,0.8218513996611345,0.5848458797108894,0.6353072004768028,0.5239373305933237,0.5751359224969521,0.9721561986764176,0.0,0.0,0.0,0.0,0.0,0.0,0.0,0.0,0.0,0.0,1.6877595525154234,5.427457228953452,5.774709590250127,0.7501708854084179,0.5980364896947685,0.7521820917663612,0.6039054351373059,0.575402220131616,0.674685297654251,0.7016034639738651,0.6411034091156054,0.6929355940579197,0.5177233234112898,1.0687856576996104,0.7934566860907518,0.0,0.0,0.0,0.0,0.0,0.0,0.0,0.0,0.0,1.8765318335874408,5.7385318439235915,5.182912401266796,0.7422833321530882,0.6876805969197295,0.6249369040723127,0.722371261794826,0.6491233137883422,0.6077226640329048,0.7850369888671072,0.6285778835806991,0.5001991210915508,0.8351821484483508,0.4644331549234897,0.6058106830354769,0.2248832275450041,0.0,0.0,0.0,0.0,0.0,0.0,0.0,0.0,1.7491819511504596,5.8724256104365775,4.9429856370536305,0.7914853015714138,0.44028729072856876,0.7754865349792034,0.7909503795881943,0.6784374407060666,0.386503424943992,0.5953230233896285,0.8123707242807069,0.8278203736187641,0.6591676321599835,0.7172566519633978,0.0,0.0,0.0,0.0,0.0,0.0,0.0,0.0,0.0,0.0,2.181747752439321,5.574714844854117,5.011903632881436,0.617631789009662,0.7232569522165951,0.7887213381209844,0.515635137053279,0.5333660101471828,0.8681213218430585,0.6814714120884308,0.5831544590022626,0.9286145874067822,0.5299007661762417,0.9510571033108673,0.0,0.0,0.0,0.0,0.0,0.0,0.0,0.0,0.0,0.0,1.6933106520898515,5.629471486455789,5.144064421682321,0.9983023644913688,0.7545208309718168,0.59943448940658,0.5583019053660607,0.693842885562582,0.49360733515019684,0.7606524823961931,0.6778256478211573,0.5590124153526511,0.6712489070978422,0.7658048231056663,0.0,0.0,0.0,0.0,0.0,0.0,0.0,0.0,0.0,0.0,1.8955221275016534,5.710429741834327,5.052507483419548,0.7112402181791454,0.785878292343801,0.5271599562272166,0.7232186143697661
5.420329473879673,1.1458746973743419,0.7434550534726393,0.6572635118009797,0.5605490466047482,0.6000771918648637,0.5113813587828767,0.0,0.0,0.0,0.0,0.0,0.0,0.0,0.0,0.0,0.0,1.8976202899342383,4.837229522052178,5.303834185322388,1.6997388186335733,0.6333293317959487,0.7991667814841514,0.6659919508955247,0.7279271541030885,0.7391635208094163,0.5544292443917312,0.8079268222558432,0.6082597059572099,0.736301530431462,0.7696837437139247,0.0,0.0,0.0,0.0,0.0,0.0,0.0,0.0,0.0,0.0,1.6479467390189946,4.945266521294487,5.543429455046929,1.5607826333308117,0.590906574627228,0.6120742179484192,0.6167290962594423,0.4922372118220814,0.7643902980439079,0.7865756907533377,0.6658534407457113,0.5442391378373874,0.6574538877469172,0.8911217567940399,0.8979760798245052,0.0,0.0,0.0,0.0,0.0,0.0,0.0,0.0,0.0,1.36660235656205,5.684218475638154,5.550175404205758,1.0439425769266555,0.6182539141242658,0.6653330862200485,0.6938576439007793,0.6483692527467116,0.7068680671842721,0.5574548901219074,0.7459282648668006,0.6061645740692012,0.6873552110257697,0.8784465357360192,0.2876854958472419,0.27066617853927966,0.0,0.0,0.0,0.0,0.0,0.0,0.0,0.0,1.9700160155962756,5.715523879881249,5.339537894412725,0.5396580873485706,0.6863400685908259,0.5450014025439629,0.7742835915178888,0.7723941619816069,0.8440444704984212,0.6265233726356756,0.39091515191056164,0.7585823015977018,0.6580677380701156,0.7758799923702545,0.0,0.0,0.0,0.0,0.0,0.0,0.0,0.0,0.0,0.0,2.1354663278006534,5.301706287600399,5.469714422417331,0.7991305105306274,0.6764744624574751,0.49835146056331237,0.9941964044007721,0.6679100701976476,0.6336846861122021,0.7878419703768476,0.5588810114731022,0.6471507747348355,0.31348130251401746,1.208697772474088,0.0,0.0,0.0,0.0,0.0,0.0,0.0,0.0,0.0,0.0,1.7111541149198521,5.691425713258187,5.715523879881249,0.6936807996523003,0.8334867570630903,0.5719171111128891,0.6689829441948915,0.5595428983981647,0.6512150761353511,0.6868860290217998,0.5739802202242666,0.6888854117530997,0.6454986847729787,0.9797392771630884,0.0,0.0,0.0,0.0,0.0,0.0,0.0,0.0,0.0,0.0,1.6563812755809868,5.579632119899188,5.715523879881249,0.7766327203200095,0.6612680278520493,0.7293627513380808,0.5678873772081325
5.600803170798533,1.0287266928495267,0.694783977155231,0.726351077615463,0.6662549797842011,0.5430749747992786,0.9016253574844075,0.0,0.0,0.0,0.0,0.0,0.0,0.0,0.0,0.0,0.0,1.3921541297812172,5.448481506970974,5.556813251450512,1.3319201770137004,0.7112051114092172,0.6491038507582343,0.6059602888580073,0.6610923573443348,0.8331053248931575,0.6832226819214122,0.4600549909638405,0.8332910864014467,0.7105942118617852,0.810841125269036,0.0,0.0,0.0,0.0,0.0,0.0,0.0,0.0,0.0,0.0,1.6083840208338138,5.273613748225209,5.2180189853894445,1.5955696380378814,0.6608677132258486,0.7472987986146405,0.606926774109346,0.5927908931720638,0.6514827320664894,0.4966774371471374,0.8094468506102458,0.6251504369819191,0.3956629549956916,0.9493076792647783,0.09537472102034172,0.0,0.0,0.0,0.0,0.0,0.0,0.0,0.0,0.0,1.4209696637970168,5.165660506364432,5.462219889535511,1.3667435005818271,0.6418092940894459,0.6985089049743939,0.5852141033773199,0.573302767282394,0.6270072104653899,0.7314526105953764,0.6229806311436744,0.6298824674964443,0.1933509994587861,1.0516119709893565,0.5958895090215327,0.13752278036002905,0.0,0.0,0.0,0.0,0.0,0.0,0.0,0.0,1.9135171027203999,5.653934813124619,5.608056319985632,0.6808757517024053,0.6507598395549518,0.7332142556847955,0.5453198132526336,0.6829207274443154,0.6663475087134292,0.7091279458644202,0.23840254152587315,0.8546839552908954,0.5433512812812465,0.9267009999731549,0.0,0.0,0.0,0.0,0.0,0.0,0.0,0.0,0.0,0.0,2.1711280424123194,5.518271400164618,5.2995475770202685,0.8318263161295907,0.4897256560032004,0.738597751096532,0.661671698883237,0.7520047232087564,0.5846729277938124,0.5588653265750797,0.6691523713664376,0.3476658567428903,0.5743193512112468,0.6191163295088613,0.0,0.0,0.0,0.0,0.0,0.0,0.0,0.0,0.0,0.0,1.4682427407743872,5.562900159544783,5.711956301830136,1.0093337155244626,0.6024562317937946,0.6273043453111513,0.659457779705723,0.7370304126851684,0.8442063716077151,0.5810782077919948,0.6085473744446989,0.5197409903771458,0.4706107773689472,0.6070529399917266,0.0,0.0,0.0,0.0,0.0,0.0,0.0,0.0,0.0,0.0,1.7279976861495188,5.556628634081538,5.60427145469199,0.6232143234699228,0.6964538761355,0.3801311457404861,0.833334192272742
5.62464993338104,1.1616779078446644,0.9079884883980739,0.7169076281332589,0.5136176437398581,0.7588338516852784,0.9089546747443737,0.0,0.0,0.0,0.0,0.0,0.0,0.0,0.0,0.0,0.0,1.3698493614209133,5.118127566729191,5.558188886480467,1.8394190081673094,0.6977735542011507,0.6342039299500283,0.7336184986181107,0.5264847841849161,0.5925773785835586,0.7108568146232102,0.4973772745627576,0.8195654457470996,0.13567952292468166,0.8117150366924035,0.0,0.0,0.0,0.0,0.0,0.0,0.0,0.0,0.0,0.0,1.3591018127731644,5.758696327026403,5.915908541627231,1.2171311818920902,0.8688870421639151,0.7026843872888028,0.6250995914638329,0.7419762978082501,0.8488347453117541,0.7663380233442151,0.7303028500609603,0.6330844378251695,0.4741103384679849,0.8885438190966728,0.41727295167745737,0.0,0.0,0.0,0.0,0.0,0.0,0.0,0.0,0.0,1.764389771354102,5.61058185387955,5.4856727356993655,1.1287233592091952,0.6802492069217873,0.5417130655713479,0.6151532712055359,0.6570662662902237,0.5238188407693085,0.6536204401251832,0.9773776803588698,0.5572241194833558,0.6855490783707737,0.6696838908895749,0.5333833668462304,0.0,0.0,0.0,0.0,0.0,0.0,0.0,0.0,0.0,1.7501840242231343,5.557215283335845,5.851442851105091,0.796576204618306,0.3659353929524556,0.8264063695344375,0.5914036860537781,0.8218073780123198,0.5187360559579167,0.6526896244305608,0.541578880779926,0.8511638842075439,0.5923029616352695,0.5317760498430799,0.0,0.0,0.0,0.0,0.0,0.0,0.0,0.0,0.0,0.0,1.7812149350424848,5.616243733359321,5.781752942738898,0.9972725148786183,0.7393236331391879,0.7730005459915912,0.6130675551083362,0.6991769889298116,0.6581614638484781,0.7606666197855304,0.7586865477279378,0.6979638557351402,0.7451890568056698,0.5108841398633324,0.0,0.0,0.0,0.0,0.0,0.0,0.0,0.0,0.0,0.0,1.6271954125633599,4.882770208908498,5.107281317351541,2.2208805451788414,0.6398844934010952,0.7284087309544567,0.7856882530520332,0.8073349705529055,0.6387295291661398,0.5301969515031978,0.5007304813696438,0.7664169165873959,0.5548821550852017,0.8190298959359954,0.0,0.0,0.0,0.0,0.0,0.0,0.0,0.0,0.0,0.0,1.509031251619084,5.567376645357653,5.618084294522092,1.3926208225728574,0.6495624371028683,0.6609378558831132,0.6481369067682008
5.834154215674048,0.9177132983998731,0.5783312447151074,0.5702525672649259,0.7824508100688575,0.4445274344980792,0.5198567041711399,0.0,0.0,0.0,0.0,0.0,0.0,0.0,0.0,0.0,0.0,1.5948630533438914,5.858936705596797,5.684013389750582,0.6800201585956107,0.7710335363316233,0.5707312888336469,0.8911505135822203,0.5415640991528624,0.6906089375622395,0.6985431681718067,0.6712666440053843,0.5557579229843702,0.3174179208774909,0.7090105250026132,0.0,0.0,0.0,0.0,0.0,0.0,0.0,0.0,0.0,0.0,1.402164261705053,4.853040825437091,5.69406559911861,1.8988439866123827,0.6116338763913837,0.6924343599578272,0.5678787067831775,0.7205232069435864,0.6098103387978145,0.6504083453245876,0.6154336911711241,0.7023757461495468,0.44528082696968696,0.8218161301456102,0.684529517782142,0.0,0.0,0.0,0.0,0.0,0.0,0.0,0.0,0.0,1.5276465197296503,5.68442285555796,5.780656300302202,0.8607257779267116,0.6021285906945582,0.5299189197455095,0.6608396885393448,0.6671800238987754,0.6197401769218923,0.4717516086186458,0.8024312071379233,0.6125552547587768,0.5551069716080729,0.8024419372837122,0.30086198187862934,0.0002104760388625948,0.0,0.0,0.0,0.0,0.0,0.0,0.0,0.0,1.7114415497189368,5.858936705596797,5.6185647015357665,0.40339313333585547,0.8641837400335518,0.4996320985047735,0.7720702934631802,0.828408047170593,0.6021748259878252,0.7741566196423679,0.6542838360849034,0.5897717777036249,0.7985397202358008,0.6350277174241957,0.0,0.0,0.0,0.0,0.0,0.0,0.0,0.0,0.0,0.0,1.8023194758766397,5.047830337158754,5.766919074231101,0.9742757116269849,0.6205003624960687,0.8402391519713247,0.6587090505579571,0.6766918026206692,0.48675440735687664,0.6802844989166438,0.6744066646837462,0.5506195005618209,0.5125595976890431,1.147014137397389,0.0,0.0,0.0,0.0,0.0,0.0,0.0,0.0,0.0,0.0,1.7051787560443332,5.58240594141999,5.308209763686697,1.103957645842074,0.84440029368389,0.6002595404379643,0.6269524736051351,0.806057569645681,0.693498486298993,0.7203632049650851,0.7326698203787746,0.6463594932138054,0.5948729192465864,0.783629951170961,0.0,0.0,0.0,0.0,0.0,0.0,0.0,0.0,0.0,0.0,1.9178778227812305,5.824868897972128,5.373186599227337,0.8696232770081208,0.6923870062303981,0.6778209677890449,0.7331314166128186
5.378961118257908,1.1180158788419452,0.8479101587292567,0.6560856334482166,0.5690169962971904,0.44301470527212405,0.628978648926842,0.0,0.0,0.0,0.0,0.0,0.0,0.0,0.0,0.0,0.0,1.9120074765489452,5.1262097063829035,5.745608756961126,0.62570918653677,0.6244570639720646,0.6634629501835827,0.6709149259096661,0.8861932073615882,0.6803855328812113,0.6917699812102913,0.7175801910848586,0.709093654903561,0.7151534388940385,0.8850023162852898,0.0,0.0,0.0,0.0,0.0,0.0,0.0,0.0,0.0,0.0,1.2908882257309757,5.479913480880373,5.650258362039861,1.0469621387438577,0.540764980834921,0.7260241349416054,0.7153240227697903,0.46990830963630303,0.7742685121079785,0.5433507424040138,0.6885263466013772,0.6861676938410377,0.2990592344783594,1.2741709707764315,0.7215032582402117,0.10644292436819515,0.0,0.0,0.0,0.0,0.0,0.0,0.0,0.0,2.0664063422535444,5.854327428464544,5.091948805325878,0.6744844221651846,0.7336721368726657,0.5306361531419087,0.6468082647012754,0.6879322790393073,0.8139248397256134,0.5479819939192031,0.6094430929939738,0.7463355370820863,0.36880508641707144,0.9240233386357923,0.9032879210740425,0.3213656535892956,0.0,0.0,0.0,0.0,0.0,0.0,0.0,0.0,2.163414886845408,5.854327428464544,4.729674485663467,0.8042168739174348,0.6249568834574565,0.6362262646838418,0.37905678170166457,0.7743072521387797,0.8264923308974241,0.6694670578694143,0.48959199210192983,0.686067996190621,0.20115385474025688,1.0996018156651803,0.0,0.0,0.0,0.0,0.0,0.0,0.0,0.0,0.0,0.0,2.414833501208185,5.586456120179088,4.949815878963178,0.48869555512865925,0.8180283137938509,0.6172809852956989,0.8737502994784976,0.6662061775359013,0.5586432296238218,0.5742805298703235,0.6650273504958775,0.5068021239202956,0.2708092618530129,0.6722331968501492,0.0,0.0,0.0,0.0,0.0,0.0,0.0,0.0,0.0,0.0,1.362486642103323,5.571854939390728,5.3504306333370835,1.1925416016660806,0.7332485488685909,0.7611993226084107,0.6420663918938966,0.681029218763509,0.7067605450169515,0.648188418129365,0.6585954935930944,0.6180315946100261,0.4764463330828177,0.7959399670510132,0.0,0.0,0.0,0.0,0.0,0.0,0.0,0.0,0.0,0.0,2.0000598407579213,5.1802268225988675,5.251676835913251,1.0944585175713617,0.6912438286942958,0.774630211620939,0.6391813815900684
5.3296403575654825,1.4684068463562476,0.6885414003826527,0.678688351067854,0.5892238252176777,0.6617305716854286,0.8998494463761008,0.0,0.0,0.0,0.0,0.0,0.0,0.0,0.0,0.0,0.0,1.8942151792395627,5.423636016338495,5.521972250731085,0.6782054714010335,0.5862958174977727,0.6323550998114781,0.6740134191727982,0.7410066282092059,0.7391722432420526,0.5000524515162216,0.9334724192717846,0.5718222104978578,0.3749493992368448,0.7730696414299543,0.0,0.0,0.0,0.0,0.0,0.0,0.0,0.0,0.0,0.0,1.7760642643298477,5.460957694886735,5.5295264373449085,0.9727684095694484,0.6429774122347153,0.6229261614045627,0.6078349262255078,0.5236734450283027,0.8775415671140431,0.7280295538306771,0.6512804906580189,0.9812176968335284,0.6365391780076728,0.8642668731420382,0.943207871544387,0.0,0.0,0.0,0.0,0.0,0.0,0.0,0.0,0.0,1.7449424959684476,5.64262084202912,5.005787088221375,1.203251234691796,0.7382172485406676,0.6038997845727394,0.7120387324365403,0.5808675106290613,0.7027313548898879,0.7039684033707198,0.6491684011695783,0.6601152950780392,0.549158349982902,0.8055257534546847,0.7958799995399417,0.4725786892452213,0.0,0.0,0.0,0.0,0.0,0.0,0.0,0.0,2.179308468800216,5.558448980421779,5.413807318763862,0.7096574652549957,0.6536092447582504,0.5811281074943759,0.6761852837224195,0.7249113861436008,0.49219147279866987,0.6876058835979855,0.6070405083945991,0.6794129969676842,0.36279087957198347,0.4830389618368063,0.0,0.0,0.0,0.0,0.0,0.0,0.0,0.0,0.0,0.0,2.2022056823473184,5.6705486595791115,5.166316898241577,0.6633442247707334,0.7372932492930236,0.5778027217037116,0.6343763596755114,0.6363501940792107,0.5455383130142984,0.6374712017096223,0.6366185693158648,0.5396973110700116,0.838190221356873,0.7373154241830082,0.0,0.0,0.0,0.0,0.0,0.0,0.0,0.0,0.0,0.0,2.042716093672431,5.264336482850399,5.253205757980494,1.0617912896815636,0.9183416087001544,0.570016130855695,0.5987496584433154,0.7477384629991544,0.6090887852987233,0.738178860963075,0.7352851585087401,0.4419078955975647,0.8431590500914927,0.6823454709911786,0.0,0.0,0.0,0.0,0.0,0.0,0.0,0.0,0.0,0.0,2.2252300328494847,4.980995795413916,5.526359839045293,1.0240537440449378,0.5948512128399206,0.7065276503773,0.6248539424675246
5.9354511822661244,0.8786862103471474,0.6702391584171072,0.5007494821825378,0.9166890573964561,0.5470236039918135,0.8811321172068874,0.0,0.0,0.0,0.0,0.0,0.0,0.0,0.0,0.0,0.0,1.753085465859595,5.964987956635196,5.527973279481064,0.6797617749074387,0.7278189194290429,0.7168966133461399,0.803333336807512,0.7231426622738448,0.6135535781204171,0.7264748926422493,0.6426364662458286,0.6627191228626661,0.42584555703356924,0.9068657393478851,0.0,0.0,0.0,0.0,0.0,0.0,0.0,0.0,0.0,0.0,1.3526899716196468,5.684279572007595,5.798915699390417,0.7378250763877882,0.8382915409687663,0.6819882747625824,0.7085519423560805,0.7734261397464546,0.5648498160512482,0.728747853117309,0.6810812377738525,0.49027596194272843,0.7845112079952808,0.7286352943355778,0.44965005284661996,0.0,0.0,0.0,0.0,0.0,0.0,0.0,0.0,0.0,1.73102751503611,5.4076856048337305,5.67515713862149,0.7617267105761402,0.7872221847272989,0.5365600421885417,0.7910036888951204,0.6725044438708082,0.46086204129133956,0.8173258572108099,0.58698216206614,0.7422648105542858,0.5796236539952176,0.9691355121214643,0.4475345449633836,0.022324091354670294,0.0,0.0,0.0,0.0,0.0,0.0,0.0,0.0,1.5265851013701859,5.738963322998441,5.67748458329321,0.9515742180786669,0.7067150224999136,0.5658996273195507,0.8107075445335128,0.563464928970109,0.6859807877944827,0.5433901990156619,0.6085847841960577,0.7447381182414897,0.7420161604929727,0.6236362138859309,0.0,0.0,0.0,0.0,0.0,0.0,0.0,0.0,0.0,0.0,2.005286888076368,5.424292773286256,5.669414337236743,0.7560243888027016,0.6371445858745807,0.5920936765499847,0.5917129223655414,0.4176914152828702,0.6518530977102085,0.5674346310732126,0.8399992235756384,0.5921938846664525,0.5235444439433267,0.7925115068357904,0.0,0.0,0.0,0.0,0.0,0.0,0.0,0.0,0.0,0.0,1.730874902011026,5.925753697820413,5.462372436000007,0.7404391175369545,0.720373377352731,0.8141213970185935,0.6202793026792457,0.7225900935157391,0.3786744897629754,0.8127595849393991,0.5502323125484041,0.8851531636878142,0.632499334545837,0.9641906840692298,0.0,0.0,0.0,0.0,0.0,0.0,0.0,0.0,0.0,0.0,1.6685460879024134,5.8248245718718,5.759096204551152,0.7085215891670706,0.4953379668846663,0.8378126702350369,0.6419592958726762
5.4022767639586196,1.478918586867982,0.7434223074245275,0.6663791091979101,0.5444374718606371,0.8199221807566563,0.6956176665057292,0.0,0.0,0.0,0.0,0.0,0.0,0.0,0.0,0.0,0.0,1.937231481341847,5.656072246596034,5.441381176458731,0.9192475055722706,0.59491446799222,0.6514408463297069,0.6950102517118187,0.8151888234043574,0.7767733197298505,0.5931211039658242,0.6126343771744026,0.9002654401953147,0.5930906679610758,0.8436887978359822,0.0,0.0,0.0,0.0,0.0,0.0,0.0,0.0,0.0,0.0,1.4054061995254568,5.605108395870529,5.451961601348085,1.3400457359537172,0.7433296231113928,0.522681443155273,0.7419052043181503,0.5845662145018626,0.590311108923111,0.6766292048644521,0.7180373598521793,0.6883419117590405,0.5176397567790706,0.8012068697438091,0.8885813728534941,0.0,0.0,0.0,0.0,0.0,0.0,0.0,0.0,0.0,1.5664818992812517,5.893665165465258,5.634811409697375,0.6947563430392683,0.6920307436897957,0.8158922309013974,0.5828377858452201,0.6986982303925772,0.6810676425830111,0.6441215439157516,0.5800968850077305,0.9140335945153835,0.2444586404066691,1.0322265380919626,0.7022169973367932,0.30779800927797796,0.0,0.0,0.0,0.0,0.0,0.0,0.0,0.0,1.9098776307067755,5.893665165465258,5.3176323195203645,0.5371205759355712,0.7854999865066374,0.8078816410606594,0.5061811591008631,0.7106015008600247,0.788737285987404,0.6709583174456903,0.6040649246259637,0.6265530106083979,0.5614696976555908,0.9024022941472903,0.0,0.0,0.0,0.0,0.0,0.0,0.0,0.0,0.0,0.0,2.2673072026059478,5.308073179679259,5.646453115710399,0.6007262520861877,0.5985386662130021,0.6042519103514332,0.6074701311616546,0.7328445207413522,0.5620350313257866,0.6746416900030064,0.6488201089173473,0.6260602673046202,0.6351416656593585,0.8237088999668527,0.0,0.0,0.0,0.0,0.0,0.0,0.0,0.0,0.0,0.0,1.4916176208821454,5.827831637241265,5.778414749644998,0.9080867578169318,0.5639832233575018,0.7065102369035804,0.5757622181763158,0.8307765701077895,0.43908185730876986,0.5179200652510207,0.7572363555250139,0.6173815332878425,0.0,0.7257727093293802,0.0,0.0,0.0,0.0,0.0,0.0,0.0,0.0,0.0,0.0,1.6931370532334613,5.851620477291339,5.599392187633322,0.5509200939153845,0.7806398691804116,0.720910745046866,0.7436323439769595
6.0687467138321765,0.7722460871136233,0.840959685811531,0.6672071535262918,0.6402787672263276,0.7350420756169631,0.9484190291080277,0.0,0.0,0.0,0.0,0.0,0.0,0.0,0.0,0.0,0.0,1.5543169280863225,6.090779888775614,5.38461951192883,0.7299238495723473,0.6120760161421623,0.661295389609251,0.6269204619568276,0.617286867838581,0.82321771649662,0.6346743542260302,0.5728170840857855,0.8568787791539989,0.7885199751117862,0.9030891191381565,0.0,0.0,0.0,0.0,0.0,0.0,0.0,0.0,0.0,0.0,1.4600483962507127,6.24810758008902,5.321807225283974,0.9607602970526948,0.6531670009670495,0.6577927804878166,0.6649119078443061,0.7232966194962072,0.5535026756886846,0.6031536417796362,0.9247380763778597,0.673856145822195,0.6805658514544833,0.855630663120583,0.7488528573979374,0.0,0.0,0.0,0.0,0.0,0.0,0.0,0.0,0.0,1.741665449677024,6.227974543428013,5.082349136586942,0.5315432786218922,0.778425132406168,0.735488395129806,0.7049254872377776,0.7059976582407591,0.7872988639225851,0.6194581897828917,0.7490710786336281,0.8687848935474278,0.6760995309703798,0.9321323748286208,0.4825028162966611,0.0,0.0,0.0,0.0,0.0,0.0,0.0,0.0,0.0,1.812930012285849,6.28779595247688,4.9199388906437935,0.7903557346213594,0.6645857922735008,0.4855320456991336,0.8006854078736562,0.6677691733402858,0.7847020640095494,0.6705758869128295,0.613143325933663,0.8684695072071433,0.6296152093653848,0.3667247387438644,0.0,0.0,0.0,0.0,0.0,0.0,0.0,0.0,0.0,0.0,2.096518241857767,6.312386622361563,4.7226833054345585,0.6305005579321685,0.8000297181193158,0.8317258667263868,0.6005278906846947,0.7365897907714402,0.5870524145039291,0.7522310223804035,0.7026212342906951,0.6158579769197824,0.10858148645292356,0.6510758906117324,0.0,0.0,0.0,0.0,0.0,0.0,0.0,0.0,0.0,0.0,1.6068586872946562,5.800446658974681,5.564699530925435,0.8770724882222852,0.5978398344312488,0.7158757567260318,0.7993546907061294,0.6932581020772531,0.7947956401987207,0.6850036885522481,0.774619082850718,0.7406005823529601,0.6665191723869419,0.8694334347546241,0.0,0.0,0.0,0.0,0.0,0.0,0.0,0.0,0.0,0.0,1.5128768533283665,5.707973477933332,5.683491439288978,0.6962401715803026,0.7021941731602023,0.7315177101795411,0.46293983600149574
5.822019267493208,1.124370870498238,0.6029378918651539,0.43564057070592077,0.8004518735483422,0.6678969732699563,0.6929748622284375,0.0,0.0,0.0,0.0,0.0,0.0,0.0,0.0,0.0,0.0,1.6956825516630627,5.636209166018692,5.578316495798906,1.0555467952284165,0.7682616059809803,0.7519762745007075,0.6505321260761322,0.5185107637694062,0.6250102574223193,0.5825115621794656,0.8049459158885414,0.606947113093404,0.2648583628338659,0.9189615360765679,0.0,0.0,0.0,0.0,0.0,0.0,0.0,0.0,0.0,0.0,1.3488620684716346,5.622483828876053,5.492600016151872,1.4998638782098108,0.6156012813962216,0.6618947352577187,0.5700774127385122,0.6440141492739064,0.6896493805234981,0.5302982383220689,0.7408064100451203,0.8213109345741852,0.5904468710427224,0.5315920543372901,0.5997217664134393,0.0,0.0,0.0,0.0,0.0,0.0,0.0,0.0,0.0,1.6309373388559623,5.675914644516987,5.74283675124021,0.9265943922634342,0.7072182383848036,0.5339347003242496,0.7664744624455329,0.5108468022457863,0.9770820993520626,0.5663410348934239,0.6132735279615338,0.5877801414496138,0.44763402140710923,0.8553988997706089,0.6470441585923945,0.0,0.0,0.0,0.0,0.0,0.0,0.0,0.0,0.0,1.3201852807127175,5.822019267493208,5.662402426106207,1.1373482264269177,0.6061191049699305,0.6238450965848443,0.4208565551164511,0.8968812342655782,0.595060392570568,0.6970512751042539,0.39351210914941026,0.7800355001878334,0.49587041632853873,0.611840028619259,0.0,0.0,0.0,0.0,0.0,0.0,0.0,0.0,0.0,0.0,1.9146536199657218,5.580204895509774,5.813603805415426,0.8225816401962719,0.6435600260704797,0.5406872775852167,0.6894139363485069,0.9591660168238815,0.7708376870279384,0.62563365744041,0.4778839966605723,0.627376036618747,0.8059370013256313,0.8848858185208225,0.0,0.0,0.0,0.0,0.0,0.0,0.0,0.0,0.0,0.0,1.7992120602525168,5.599184722184916,5.60127623447943,0.9096825015090998,0.7001004623767746,0.644636702215121,0.7713780591551282,0.6506194425253681,0.6196751760342943,0.6916330579908656,0.7883647307525189,0.6588028037479629,0.6059795033163987,0.8335586104448431,0.0,0.0,0.0,0.0,0.0,0.0,0.0,0.0,0.0,0.0,1.9623559014550516,5.57344905623858,5.5151515328531096,0.9291025568836525,0.608811422673674,0.8106448138687145,0.5154367627610559
5.95432397513471,0.8101120593203605,0.6962621197640034,0.7099173943175524,0.6447910096671349,0.5590984218341177,1.0445449993849967,0.0,0.0,0.0,0.0,0.0,0.0,0.0,0.0,0.0,0.0,1.9028132562732383,5.758671390620251,5.389065697460593,0.4842213356093278,0.958012721333829,0.5751585779004487,0.7066918927059731,0.5268543177698912,0.7600330642051867,0.6398507270421946,0.7879033021141064,0.5751031922042805,0.12733508028704466,1.04828727781098,0.0,0.0,0.0,0.0,0.0,0.0,0.0,0.0,0.0,0.0,1.6673465955020124,5.067546378993379,5.773882050632734,1.0211398220018846,0.5384567438267499,0.8552533770071588,0.6289156651850693,0.6968401895171101,0.6598092273168599,0.6229106595329035,0.681387137477105,0.6972831062344921,0.6741979129705977,0.6763942148635169,0.8252134277417363,0.0,0.0,0.0,0.0,0.0,0.0,0.0,0.0,0.0,1.903998445150327,5.778865713595116,5.303067731145426,0.7297490901235173,0.7846331392270767,0.6059711864839532,0.7036058366103208,0.6045366889515018,0.6630966161006357,0.763819692134656,0.7619297689285063,0.6036720721713273,0.8634369611611128,0.7211079355000293,0.8490571353151256,0.45946787192749344,0.0,0.0,0.0,0.0,0.0,0.0,0.0,0.0,2.130070606178858,5.944529346364516,4.938295292473961,0.7665120407712649,0.7562166397595473,0.6794572127721931,0.7146080138008805,0.7541171867469036,0.7022818256694289,0.6415295421920942,0.646416904790963,0.7645689790057956,0.6686894905558014,0.6742979725681923,0.0,0.0,0.0,0.0,0.0,0.0,0.0,0.0,0.0,0.0,2.095039612102164,4.394094616484464,5.778026739557264,1.4845832478908203,0.7744360953600516,0.7103590771331939,0.7236655603614823,0.7501553829929567,0.4721267922896833,0.6675703282220926,0.7792565171795519,0.5865129403028625,0.7581250995643615,0.7765063592730944,0.0,0.0,0.0,0.0,0.0,0.0,0.0,0.0,0.0,0.0,1.7108104109265425,5.933195389326755,5.45634293458712,0.5785527046919783,0.7978882521843383,0.6714759533655191,0.4933743573414603,0.7570795811580759,0.7161821129765343,0.618329696920577,0.7200731311213195,0.6757204687640164,0.6832127792788865,0.9110492452710314,0.0,0.0,0.0,0.0,0.0,0.0,0.0,0.0,0.0,0.0,1.7161571159568278,6.001665789975382,5.252101384591705,0.6276692896708276,0.5804427031369613,0.5506957242905075,0.8701253114508025
5.849947334086092,0.6510120753830462,0.9175891199147083,0.4956432489159758,0.8413444679156847,0.5115948666939465,0.9842585016311344,0.0,0.0,0.0,0.0,0.0,0.0,0.0,0.0,0.0,0.0,1.7165381023753117,5.524509066153575,5.76273547894045,0.8274988370778681,0.6541445011924604,0.7691266551453663,0.6581516668259454,0.7041986551321937,0.5061515350788606,0.795681145342517,0.7231811069341417,0.7536305559077935,0.7841141868263556,0.9118071404633149,0.0,0.0,0.0,0.0,0.0,0.0,0.0,0.0,0.0,0.0,1.449021899882877,5.509665806287643,5.654643857599145,0.9992258224265544,0.7391658183390378,0.563183507955018,0.633219045910446,0.7588176221401024,0.61733118315449,0.5620472426395741,0.7040691016271868,0.7785974964117293,0.20255678231091556,1.2469670908661878,0.8759616235215159,0.0,0.0,0.0,0.0,0.0,0.0,0.0,0.0,0.0,1.7694450765924237,5.400161330823562,5.915897883140674,0.5857277249836641,0.5688669840347171,0.7998006102089417,0.7483935592810227,0.6533015053088791,0.7120994933217439,0.6952397602730216,0.8173503013931919,0.4901851653486723,0.529321422458999,1.0946122617601943,0.5877106438239283,0.31779738643349376,0.0,0.0,0.0,0.0,0.0,0.0,0.0,0.0,1.7374403343819182,5.540086082955248,5.573830967780264,0.8393309738827762,0.7873855816567347,0.6362614447843313,0.6355309429035272,0.6873788551144553,0.5818167840105364,0.7306367166019153,0.3642668269898631,0.8586740227652124,0.7325919398733518,0.8710984071182628,0.0,0.0,0.0,0.0,0.0,0.0,0.0,0.0,0.0,0.0,2.127295849324481,5.891178688391177,5.064655217726207,0.5809755549754687,0.7951153703220077,0.7961282318926148,0.6657605588382964,0.6233423740384064,0.8261298804728268,0.6778000058526796,0.6877022057641979,0.5006825223724967,0.5547048698700817,0.4859279794619637,0.0,0.0,0.0,0.0,0.0,0.0,0.0,0.0,0.0,0.0,1.5588400282761496,5.915897883140674,5.339978680052708,0.803014061659152,0.6586769650429372,0.49278691688736237,0.7431262379793447,0.534731182460269,0.629090176289631,0.658488733542583,0.6636985615403949,0.6578019391604567,0.16590407391859752,1.0426550181759335,0.0,0.0,0.0,0.0,0.0,0.0,0.0,0.0,0.0,0.0,1.7409512820916095,5.6596460705151355,5.4261532867478435,0.6036259564589306,0.6975158839696831,0.7317563651519103,0.7776039309316912
6.109093837281974,0.773112039838757,0.665476328019692,0.7906209680707758,0.8372523036852949,0.677555309426463,0.9044745878349646,0.0,0.0,0.0,0.0,0.0,0.0,0.0,0.0,0.0,0.0,1.674278371884905,5.712830365096758,6.052555821233319,0.7991598483253481,0.6467325983261547,0.7021751971031682,0.45664235926920016,0.9642263283503371,0.6475139027314586,0.6020678773339142,0.630499174138639,0.7687968363133898,0.6033884863162364,0.7333525730514214,0.0,0.0,0.0,0.0,0.0,0.0,0.0,0.0,0.0,0.0,1.636175389969653,6.157867868282535,5.701613583298302,0.7236876901903115,0.6917152102354323,0.771910761160598,0.6314116303016847,0.7215266753231657,0.6171196191169673,0.9432230430554408,0.5668546498358084,0.8731680891182128,0.7601992616297187,0.8411502174564967,0.5530474768303133,0.0,0.0,0.0,0.0,0.0,0.0,0.0,0.0,0.0,1.8404689032216948,6.157867868282535,5.298602505344367,0.8740531779144332,0.7791658784147731,0.630365470210697,0.5384193804044594,0.8623629959106355,0.6726609312984766,0.7247660094691742,0.5075887154830264,0.8389215455237314,0.6824696451976051,0.4998050951233089,0.28571287203033924,0.25941438368902026,0.0,0.0,0.0,0.0,0.0,0.0,0.0,0.0,1.6134920953113223,5.995460849672676,5.829078860584621,0.6157170240903104,0.5879876528473128,0.7805828839669603,0.5514757174492869,0.6788116270841807,0.6863116337074029,0.7223098296133392,0.5722862357997307,0.6147989268030017,0.7788325792551491,0.4605494594477175,0.0,0.0,0.0,0.0,0.0,0.0,0.0,0.0,0.0,0.0,2.0851432690567524,5.681503615581461,5.607271293834732,0.7243395778787431,0.6579437814974072,0.6756890848790185,0.5282249211472846,0.6078802542320145,0.8065533023439727,0.693456486679802,0.6630894937080165,0.7275429394954884,0.6398641295471542,0.8630789064456599,0.0,0.0,0.0,0.0,0.0,0.0,0.0,0.0,0.0,0.0,1.726425242456111,5.857732090426183,5.379295925257852,1.0044555278026595,0.7692718927979372,0.7777742794466919,0.6885844286079453,0.5528922678232179,0.6919424841857548,0.6162536298444216,0.7266429436074988,0.6569343409049911,0.5712985394028004,0.9060180030351539,0.0,0.0,0.0,0.0,0.0,0.0,0.0,0.0,0.0,0.0,1.5059143149670957,6.006257406954603,5.608180110351841,0.7870071957455581,0.7192528089324153,0.6504318531785767,0.8884340277132049
5.830947949401061,0.9194528387636499,0.6416980894855713,0.7137535531344796,0.7318436509411452,0.6318299264333226,1.0397785561190098,0.0,0.0,0.0,0.0,0.0,0.0,0.0,0.0,0.0,0.0,1.7459964857486703,6.479851048055182,4.776205941779184,0.724037318778318,0.8055668551549043,0.852053355658822,0.6948880235408914,0.8700077227422598,0.7645959814793438,0.7894206432281897,0.7193876218346045,0.43453623701647864,1.0281986190444101,0.7601127320379512,0.0,0.0,0.0,0.0,0.0,0.0,0.0,0.0,0.0,0.0,1.476037423442774,5.982612015041079,5.207439169971758,0.9216981685953507,0.6610657791531123,0.87447281892181,0.6116835208024551,0.6476666879090005,0.799442242644801,0.7472385991517386,0.710017029010045,0.896110025392208,0.62967399596604,0.8272401652716745,0.7312918935800848,0.0,0.0,0.0,0.0,0.0,0.0,0.0,0.0,0.0,1.7603365191969944,6.44700601532322,4.570794804737468,0.9471435630901693,0.8681616927214117,0.7573420789739099,0.8013033762735806,0.755072266556799,0.5171515142923159,0.8954041934207382,0.7572768389223037,0.7040258527045946,0.7514441793787187,0.81695641155697,0.6796406259230547,0.0,0.0,0.0,0.0,0.0,0.0,0.0,0.0,0.0,1.8849375111842015,6.531942148690705,4.47298114028956,0.7487655061246002,0.7504710789943037,0.7331368790500976,0.5600526974053017,0.9545033726050756,0.6959201173549054,0.9064225100841541,0.704162548008701,0.7696655119319773,0.661492963439204,1.0172637558666104,0.0,0.0,0.0,0.0,0.0,0.0,0.0,0.0,0.0,0.0,2.008925256808487,5.904663906971354,4.791988501564528,0.7317912758951196,1.0036630539975886,0.699139958341056,0.595411449806408,0.8972570337910717,0.6693031969189808,0.6478401786394998,0.6722451716744221,0.701157843103974,0.5010891229195495,1.0721474923044685,0.0,0.0,0.0,0.0,0.0,0.0,0.0,0.0,0.0,0.0,1.588409809788252,6.556469784797361,4.674878958423746,0.7964732237646297,0.7057859131246877,0.6339551103903988,0.6007430411173267,0.9218284543990097,0.8708563626038643,0.7457897476760446,0.709201611967017,0.6863050817229349,0.6655931528699858,0.5485699351047808,0.0,0.0,0.0,0.0,0.0,0.0,0.0,0.0,0.0,0.0,1.9907931830195231,6.634924336547924,4.345954860100222,0.767963846535503,0.7165483231176553,0.892145485350491,0.8195819102755281
5.21037243910708,1.531905659592379,0.6162945739008411,0.5834605219936957,0.5517081176476982,0.458692679633816,0.5780699162050504,0.0,0.0,0.0,0.0,0.0,0.0,0.0,0.0,0.0,0.0,1.8263661330107537,5.141056773492561,5.255020010643176,1.520042563283184,0.7341875171497523,0.7281342971445348,0.5146737813744531,0.6973580928808448,0.5282061773512903,0.577977317343934,0.7336274959867431,0.6454925753874545,0.32509780724347426,0.8769861493700422,0.0,0.0,0.0,0.0,0.0,0.0,0.0,0.0,0.0,0.0,1.7056538944115067,5.289684755206507,5.389754873305593,1.5272619740344417,0.7030897066683036,0.5653750083213894,0.6721958339092542,0.6232350569664639,0.5687915328416476,0.5427888931783632,0.6365194773628738,0.6323941534020274,0.42676235762208564,0.7551886658760196,0.2510225777495419,0.0,0.0,0.0,0.0,0.0,0.0,0.0,0.0,0.0,1.684006305836208,5.010968589612129,5.5000318096165115,1.4082762823093244,0.7672678347300745,0.6183722500774809,0.6533118162213039,0.5229909257750378,0.6127254039126276,0.6719299481037527,0.6315082234388809,0.6373162755385563,0.5399660779668903,0.8044469011762105,0.8965535261349257,0.18973776188418334,0.0,0.0,0.0,0.0,0.0,0.0,0.0,0.0,1.619465226765689,5.373219851567771,5.417705092855715,1.3037513576097195,0.4533565889310405,0.6292463110800132,0.617411368054605,0.6253812823085589,0.7075330501693755,0.6694495076218135,0.611088206778074,0.5178261266570928,0.677192979004692,0.8292458373656215,0.0,0.0,0.0,0.0,0.0,0.0,0.0,0.0,0.0,0.0,1.9910337293969835,5.254807695898753,5.456873498288605,1.1010942158002348,0.62704874566654,0.5044650106716904,0.5970175699906418,0.6168507455278307,0.6800584774946824,0.5147316902582486,0.6577522669317692,0.7232339102703564,0.6285446161476962,0.7650377570595328,0.0,0.0,0.0,0.0,0.0,0.0,0.0,0.0,0.0,0.0,1.496633368287899,5.056766484228075,5.290734008370129,1.754425064680357,0.7496086571287955,0.6613920281365804,0.6664570365547802,0.3139283269275981,0.8566346768360774,0.582498360405783,0.5380541560366818,0.5748732549061697,0.6825829422294108,0.8426522992214226,0.0,0.0,0.0,0.0,0.0,0.0,0.0,0.0,0.0,0.0,1.5194800237876953,5.189573470083422,5.25205739173615,1.8333549275818901,0.5495763047964042,0.6604395548571578,0.6428813880231242
5.943522127067553,0.8363631430399421,0.6081376819839271,0.6695834431682185,0.7744341694650556,0.5618334167304189,0.8434121340086547,0.0,0.0,0.0,0.0,0.0,0.0,0.0,0.0,0.0,0.0,1.5578495899323457,5.516333435025672,5.846689973419346,0.7369323862404137,0.6381782564902986,0.5161068096034062,0.8585272248695155,0.5705576224238834,0.6679241566846418,0.5825887816906319,0.8630271221005531,0.507862011141808,0.6369629429763316,0.8831693815287204,0.0,0.0,0.0,0.0,0.0,0.0,0.0,0.0,0.0,0.0,1.6643160318560466,5.967922726294226,5.589587010245742,0.8317694996342235,0.6679499566192151,0.614376200518466,0.6962102803048651,0.6940866387991973,0.7236363283045314,0.6055371012520601,0.5782172644698959,0.7391278529548972,0.7935200554259315,0.5609955225238663,0.8937253831691826,0.0,0.0,0.0,0.0,0.0,0.0,0.0,0.0,0.0,2.0015545698373653,5.967922726294226,5.092140707234275,0.6953884609623687,0.5814573535924417,0.7004343626145998,0.575989664388947,0.8452815066934446,0.5677225181496297,0.8323280330407922,0.7175996376113714,0.5079226676054301,0.8232846776539218,0.5322650131122753,0.5559283322930421,0.47212831290710566,0.0,0.0,0.0,0.0,0.0,0.0,0.0,0.0,1.8659303192549475,5.912438584730569,5.118609549199671,0.9268327675033192,0.7241377213143559,0.6685505374877355,0.8401912597233883,0.6529776035880686,0.6666988678906507,0.5464690847846937,0.7652327722731889,0.5780221739054315,0.6256747056668021,0.6049450345155376,0.0,0.0,0.0,0.0,0.0,0.0,0.0,0.0,0.0,0.0,2.2926213303755403,5.83659359899379,4.959225223480927,0.6143012999679455,0.6528476144420258,0.5488963316961857,0.807526089577001,0.7355547897430259,0.5786561515744765,0.4894210142062629,0.8450163999369471,0.6126583829463024,0.5168721905766318,0.7275361862326708,0.0,0.0,0.0,0.0,0.0,0.0,0.0,0.0,0.0,0.0,1.818598819916982,5.525517377659284,5.3056495920380256,0.9548270139587911,0.8869589795774977,0.5858927258243669,0.8983363346786165,0.7375594792477413,0.540517048357615,0.7777748381670015,0.635516352481495,0.6332182730226037,0.3357715414245068,1.0887342042859602,0.0,0.0,0.0,0.0,0.0,0.0,0.0,0.0,0.0,0.0,2.1377353166245374,5.965281289385556,5.046112809355862,0.6975352684452032,0.5384079923307704,0.7774097327253924,0.44361036677913585
5.94512131077119,0.9402001605482658,0.6034396962636097,0.7138709570176094,0.7852048863231647,0.6969036034508369,0.8948772899640005,0.0,0.0,0.0,0.0,0.0,0.0,0.0,0.0,0.0,0.0,1.6969027845604234,5.8294061075013195,5.7252525609623435,0.7975787696456119,0.7647609450798506,0.6016340769529517,0.7843398763265994,0.8116007025816756,0.6779766980644902,0.4121267795581265,1.0077903763556224,0.7120533047026055,0.8336545363552555,0.7247837121187486,0.0,0.0,0.0,0.0,0.0,0.0,0.0,0.0,0.0,0.0,1.765589926533309,5.741719216200483,5.721201617403423,0.6901742667877667,0.7756060679165568,0.7165678664867743,0.6319621923878498,0.7063448420147967,0.7420823313742412,0.6344268795687691,0.7158734716344883,0.747885742555848,0.23123663861935057,1.2618010483124436,0.8932155396969697,0.0,0.0,0.0,0.0,0.0,0.0,0.0,0.0,0.0,1.4874319811579877,6.000499211391839,5.788472639688358,0.7620112111016432,0.678833018198076,0.7082010090099995,0.7266869359731611,0.43319279555673923,0.6159776307152195,1.1474801781311377,0.6733399906606399,0.5742544844963362,0.96286709278912,0.7774742189116801,0.8663134180820364,0.055714117106658585,0.0,0.0,0.0,0.0,0.0,0.0,0.0,0.0,1.8106211004567392,5.925703138195745,5.32935081345038,0.9499858821283625,0.5142927785887623,0.7623890562687284,0.7181086944517013,0.4145540380067872,0.9055801006777875,0.3530067329437886,0.8114371926202365,0.7134353715228277,0.6643601102520149,0.9286434758634073,0.0,0.0,0.0,0.0,0.0,0.0,0.0,0.0,0.0,0.0,2.269678941692468,6.074740513137935,4.826103586856244,0.8421530107820305,0.7314049021426635,0.6649689864461904,0.6993851416151816,0.7505961919723564,0.7897376087911109,0.41716091849438885,0.8348077597983113,0.5661475941676734,0.6472282715361004,0.4931542924709031,0.0,0.0,0.0,0.0,0.0,0.0,0.0,0.0,0.0,0.0,1.8717310814742134,6.1003848317884275,5.2950451699814405,0.5929609693967713,0.6713190580509378,0.979343962739881,0.7890526651294587,0.5290977549104352,0.8657278872508625,0.854460683792465,0.645251863310593,0.6416011304568756,0.20120606909833016,0.7813431047794541,0.0,0.0,0.0,0.0,0.0,0.0,0.0,0.0,0.0,0.0,2.163269789322954,6.083671794774793,4.987413421677564,0.8643942051522702,0.5436257505167166,0.9271271222750744,0.8065434660475278
6.021603370546436,0.6091985072691825,0.7177464344946036,0.7524743419289761,0.7093038814972435,0.3693948772743858,0.7574044041969068,0.0,0.0,0.0,0.0,0.0,0.0,0.0,0.0,0.0,0.0,1.7489707927292297,5.672374348757608,5.858501898418234,0.6340292180219427,0.7222447531113079,0.6993581632798876,0.7067620743517469,0.5629466451440223,0.7748559215021298,0.7914724221599901,0.6446960553364032,0.6535702289446783,0.4694848864251397,0.9311993643170347,0.0,0.0,0.0,0.0,0.0,0.0,0.0,0.0,0.0,0.0,1.0661474044826278,6.005732579120753,5.766052592423143,1.2548785534899927,0.7112044284819279,0.6026508835190526,0.7427058404878968,0.7814167683081293,0.62899337699185,0.7322220336547626,0.6908846176459273,0.45591515596456594,0.7700382425174523,0.8140655100758968,0.8647928081100602,0.0,0.0,0.0,0.0,0.0,0.0,0.0,0.0,0.0,1.7796095708180442,5.641659354043849,5.730707014577358,0.6030050692283061,0.7746342074165217,0.4424823616700748,0.8760986464188677,0.6680271501654816,0.8477560072355805,0.56650565029298,0.5734562134216129,0.8123657049610657,0.26168155950539673,0.8802550073083637,0.4214367337011944,0.08189793551188747,0.0,0.0,0.0,0.0,0.0,0.0,0.0,0.0,1.6302365477615623,5.884002876989067,5.75057103041035,0.6678547706372633,0.6924211059946774,0.542907702022453,0.6652906865378664,0.6202342519169237,0.56029189347774,0.6782446424643593,0.5732598539753199,0.8409330543106222,0.4915625633839678,0.9037178217894429,0.0,0.0,0.0,0.0,0.0,0.0,0.0,0.0,0.0,0.0,2.1441724057938885,5.678784050239873,5.363978488730959,0.789058673412518,0.70310433594755,0.6511603768851885,0.9133628172530653,0.8154528427332528,0.6498696812229787,0.6065892980851378,0.5912894163787503,0.3804091782656914,0.8779378615520258,0.8141372099108649,0.0,0.0,0.0,0.0,0.0,0.0,0.0,0.0,0.0,0.0,1.272654441692639,5.788210722689379,5.906548402960146,0.9494133166409278,0.7002534230428028,0.7610504359643381,0.7774869851063864,0.6759684365912493,0.6375046314870182,0.7229078842440068,0.6345726573756226,0.7262852890045844,0.7379757944383692,0.6751532244113128,0.0,0.0,0.0,0.0,0.0,0.0,0.0,0.0,0.0,0.0,1.7836412157766919,5.923913577419172,5.449264313209136,0.7163363221542904,0.7616775167336615,0.6431250750818004,0.6958100992653757
5.787779866416133,0.8238661055789366,0.6201876893864348,0.8773632936149126,0.6930738220274761,0.5707661353643652,0.9728180424162246,0.0,0.0,0.0,0.0,0.0,0.0,0.0,0.0,0.0,0.0,2.0237721437654717,5.425492734503803,5.669848792971315,0.7078072532747861,0.5869382439903766,0.6601899125664654,0.72036700628941,0.7208257428186425,0.565653147981501,0.845263608600063,0.4687275240558637,0.7585770816752441,0.4224779594813298,0.8077608697069223,0.0,0.0,0.0,0.0,0.0,0.0,0.0,0.0,0.0,0.0,1.7298867766010535,5.918592743518765,5.491609991292153,0.7085793178229084,0.8418078821503223,0.6244956895910863,0.8500667304260218,0.8102896573109052,0.7393889681742624,0.7895264699557627,0.5097638374469269,0.3888528025120045,0.8807044669574822,1.0560872578485228,0.9483037414480568,0.0,0.0,0.0,0.0,0.0,0.0,0.0,0.0,0.0,1.7725223434573738,5.698707723989008,5.751765462414871,0.6499833378384708,0.7043862286732003,0.6306010986106864,0.5805636769134379,0.7594639398178596,0.5797745740976996,0.6728807977530031,0.5203388767602064,0.5351005458302392,0.5902987567579177,0.4793346827081225,0.9084389139822058,0.05359923379707965,0.0,0.0,0.0,0.0,0.0,0.0,0.0,0.0,1.8593434841548415,5.836590417395619,5.625242015054721,0.5946867976430299,0.7051489127787118,0.7776486093827959,0.6985943135897913,0.67634630677015,0.5835769737672434,0.6987526231849269,0.5853793104992265,0.5892614143635373,0.4766104638377534,0.7614708327389461,0.0,0.0,0.0,0.0,0.0,0.0,0.0,0.0,0.0,0.0,2.0875316924466194,5.5100190361565815,5.518012938781968,0.44058110377812115,0.596419568138953,0.824970937826699,0.7220470463129145,0.5768915849050029,0.6401538623161164,0.7968004569991587,0.6785380923646959,0.6747803379992875,0.5302605379663222,1.0513639982416731,0.0,0.0,0.0,0.0,0.0,0.0,0.0,0.0,0.0,0.0,1.7120358702397016,5.581911338239301,5.270404259127181,1.2637199176884908,0.8006989158787092,0.707368531435711,0.5769149667915262,0.5856643238969127,0.6585897151969091,0.5124120403186723,0.6409449188528507,0.7041619216057894,0.44186976028907304,1.1063125821409743,0.0,0.0,0.0,0.0,0.0,0.0,0.0,0.0,0.0,0.0,1.9142323424505312,5.697425345326427,5.674243672312791,0.6989694769522012,0.6336699608470587,0.537217198780058,0.8484778492649003
5.776706848670246,0.9266442294829655,0.8325314668238076,0.6236272595364672,0.6934349617152276,0.5858394069163917,0.6207077516431756,0.0,0.0,0.0,0.0,0.0,0.0,0.0,0.0,0.0,0.0,1.4664967325835618,5.596792807175096,5.678290373978958,1.0098279139075501,0.6961742290667509,0.5864151530808405,0.8609682707941413,0.5714490324524987,0.7182648992247278,0.6679898550569363,0.7735340820211914,0.4458592345774456,0.8931973302643448,0.8313241653332355,0.0,0.0,0.0,0.0,0.0,0.0,0.0,0.0,0.0,0.0,1.5666339261503666,5.007960706546828,5.596116940201047,1.3153139322843528,0.9202329614086886,0.7085382396186071,0.5711197637426393,0.6145622605415073,0.7326996859802098,0.502391788253192,0.7011253541214366,0.5245374356605939,0.4489358690916361,0.9948737694637506,0.7263805971086522,0.0,0.0,0.0,0.0,0.0,0.0,0.0,0.0,0.0,1.676495857114899,5.78283749467347,5.533270065100799,0.5845505558686376,0.6876592165547233,0.5939780467336873,0.6671257280508653,0.7321660483831807,0.6696701408177093,0.4655924635649684,0.7892252363133874,0.5910737021111119,0.5088907793461473,0.660922242066218,0.3408587779702845,0.0,0.0,0.0,0.0,0.0,0.0,0.0,0.0,0.0,1.906741672772231,5.857189302520735,5.444326209871124,0.6135892669230572,0.7475291159641353,0.7915174112002018,0.4768530431118664,0.6862709695976614,0.5828946916792883,0.7764710330563758,0.7190455446860623,0.7219427767471763,0.5908178149921113,0.8423881622561901,0.0,0.0,0.0,0.0,0.0,0.0,0.0,0.0,0.0,0.0,1.9994958456618086,5.329251371073993,5.646124555311407,0.6816024429105261,0.3920610715035253,0.729316726527219,0.6002746435343731,0.7016395602815845,0.6479098271929351,0.6650099911118363,0.614792502611443,0.8151713819031361,0.4715386119167637,0.5859008486977797,0.0,0.0,0.0,0.0,0.0,0.0,0.0,0.0,0.0,0.0,1.3753677911206523,5.857189302520735,5.611849532800174,1.1706328872841272,0.6210537280384335,0.6310421347462665,0.7615186378468207,0.7478643453386508,0.5429933293231917,0.7226304754079776,0.6285785572897484,0.5496158569808617,0.1636150097124208,1.1979059934322667,0.0,0.0,0.0,0.0,0.0,0.0,0.0,0.0,0.0,0.0,1.7841150585493253,5.455506792665827,5.560414720015875,0.98261752407649,0.5874953095219633,0.797737544485981,0.605416561665468
5.6896132431150335,1.0661930939675044,0.7964405127643894,0.5403333365173808,0.6104608028592678,0.7172983851876044,0.836758355252115,0.0,0.0,0.0,0.0,0.0,0.0,0.0,0.0,0.0,0.0,1.7038757686030763,5.474197885880683,5.591293907226057,1.0234369267895462,0.6409277020534149,0.5284037564369457,0.6403784210283714,0.6403056527521548,0.47677029360071277,0.7409557181407891,0.6136455727148808,0.7468127400830515,0.0815651862491061,0.6707987044505384,0.0,0.0,0.0,0.0,0.0,0.0,0.0,0.0,0.0,0.0,1.2390080403341415,5.5556014577027995,5.502710435365844,1.6442950659607116,0.8017896673111284,0.544534289903837,0.7342886450878995,0.4384264068465616,0.8014788384886585,0.6694105190914947,0.6246666760293907,0.7045070124132681,0.5125411486141587,0.855017497286279,0.813221920654712,0.0,0.0,0.0,0.0,0.0,0.0,0.0,0.0,0.0,1.7800349458575,5.264963738173742,5.300992484932802,1.4668195608215335,0.6696915741091584,0.6690064347658489,0.7148037335364082,0.6016983430655556,0.6031877852348195,0.6071699058783917,0.6249851845181265,0.8716155384467028,0.5399540554714529,0.8471114901425882,0.43087679589430306,0.0,0.0,0.0,0.0,0.0,0.0,0.0,0.0,0.0,1.8408750177464146,5.527183662016295,5.54637521697903,0.9537267838901056,0.6432129076221293,0.6610657499080715,0.5328457409861661,0.7531588590470574,0.5985066307072313,0.6754468897417731,0.708344309465926,0.7665098560231711,0.5149171753244505,0.8306771286690559,0.0,0.0,0.0,0.0,0.0,0.0,0.0,0.0,0.0,0.0,1.6633888053252548,5.6503724922420036,5.7436819821532525,0.9050339459853096,0.828281737170957,0.5998550219748748,0.6287095943058156,0.74587731038903,0.6927603278051622,0.6867116078579434,0.6321747860444465,0.7570598814913455,0.7477334535904963,0.45835309601860175,0.0,0.0,0.0,0.0,0.0,0.0,0.0,0.0,0.0,0.0,1.617619748589048,5.075036616705869,5.439322279435477,1.5486761365254713,0.7529951363091727,0.6794016256383643,0.37263013144924706,0.9575030431198037,0.5993542089343279,0.6978690463159707,0.6919755190509923,0.6559262297477867,0.6347560071859567,0.8669264999793022,0.0,0.0,0.0,0.0,0.0,0.0,0.0,0.0,0.0,0.0,1.6349649387872045,5.703672861950964,5.284827520778298,1.1845829535485846,0.6739745848189447,0.6732387499779301,0.5944971991963537
5.686855315765309,1.0719722114077732,0.6794418766093419,0.48289757375982645,0.8004804081250683,0.7990142335674745,0.888435767889484,0.0,0.0,0.0,0.0,0.0,0.0,0.0,0.0,0.0,0.0,1.587487076375325,5.369939758396585,5.499051832296616,1.3307164585075764,0.4799469697482558,0.7337923882357832,0.6330364794286687,0.4804349323950599,0.8677330895609577,0.7329205163150219,0.49923576249861773,0.6259737760346856,0.5439435876491198,1.0199074236295615,0.0,0.0,0.0,0.0,0.0,0.0,0.0,0.0,0.0,0.0,1.3591799833150549,5.326009392794679,5.6686961481423355,1.4040373229325367,0.6641155487384343,0.7646399384279641,0.6214795557831668,0.5415778327889236,0.6927958254296981,0.7070378026009804,0.47909444018148656,0.806380985791247,0.5129044503870952,0.9255085946514623,0.6081554258401257,0.0,0.0,0.0,0.0,0.0,0.0,0.0,0.0,0.0,1.2699124884538842,5.3699743327188205,5.540860186423821,1.637918551337489,0.638217310645983,0.6280893049625058,0.5396231515041643,0.7954343042830018,0.6702889441295381,0.5634862400692059,0.6454629501405077,0.8658458473974774,0.568685048277602,0.7393074305005948,0.4004118480443708,0.0,0.0,0.0,0.0,0.0,0.0,0.0,0.0,0.0,1.7393260011719955,5.604628375665395,5.836527597533531,0.6794636796344536,0.4246256578565311,0.5181354920896778,0.6243197155184782,0.648890550280346,0.5994745984689481,0.7955820704553708,0.5588779331790552,0.7286030147088682,0.6951188327350688,0.7609297191646416,0.0,0.0,0.0,0.0,0.0,0.0,0.0,0.0,0.0,0.0,1.7658856418696438,5.681797997230711,5.642349309154431,0.903560780687905,0.6546678965955737,0.44495411336064095,0.8067068289419489,0.5052020202430596,0.8557768808594722,0.6296204370813969,0.43500121394262203,0.5445046835735232,0.6162930724079521,0.5496340379651625,0.0,0.0,0.0,0.0,0.0,0.0,0.0,0.0,0.0,0.0,1.6196187560416448,5.840647172524004,5.64721131074964,0.7356445046804471,0.7600997104897484,0.7038884361181414,0.6979609751368778,0.6800884179346294,0.718896506194016,0.6054808081002935,0.6562151384050534,0.7007633941870749,0.6336596969525519,0.7015242845405374,0.0,0.0,0.0,0.0,0.0,0.0,0.0,0.0,0.0,0.0,1.5758388514873902,5.268057150185946,5.420372856152543,1.454940648159866,0.6055359307828236,0.864489803688496,0.719349862773356
5.578972864370385,1.2534382705173506,0.5447440848682666,0.6240172405177253,0.6288623283766033,0.5440783687765718,0.63657988260123,0.0,0.0,0.0,0.0,0.0,0.0,0.0,0.0,0.0,0.0,1.7879774409177895,5.661883927827758,5.57093170046035,0.6821691479802177,0.5180646889673263,0.6807016153954711,0.5367101872800001,0.65405718485922,0.538738228329993,0.7775132734481316,0.657919718095289,0.5372613638542727,0.16960006842923142,1.233036934549732,0.0,0.0,0.0,0.0,0.0,0.0,0.0,0.0,0.0,0.0,1.7605289763186007,5.661883927827758,5.260850395465484,0.9097305326501903,0.64118980097152,0.7904832485352992,0.6154912033021102,0.6628048473633458,0.6894470049293767,0.6083483504880217,0.48978408140943736,0.5395161493945836,0.5915794297148015,0.7320808604403389,0.8406541312345138,0.0,0.0,0.0,0.0,0.0,0.0,0.0,0.0,0.0,1.864184477721818,4.973503539839726,5.572184642309044,1.32624944487219,0.5957276637589376,0.37019823074800856,0.8202783950901232,0.5860355756099856,0.665732597139499,0.5628216219821395,0.6407960276629476,0.5586387487928807,0.7726588272464848,0.6705601524844322,0.46720134075197034,0.3675526537843137,0.0,0.0,0.0,0.0,0.0,0.0,0.0,0.0,2.100623037005448,5.5483889359357885,5.340342691693575,0.8281771407400786,0.5848788936574215,0.6725292081967941,0.7045154912246508,0.5243406438978391,0.6663071948751482,0.736472205349259,0.5744946806793999,0.6772229207568877,0.5666322071964639,0.6117225410071327,0.0,0.0,0.0,0.0,0.0,0.0,0.0,0.0,0.0,0.0,2.3370349581086933,4.912111720993536,5.646671647520448,0.7236711597972498,0.5335764709954199,0.7123189129522959,0.26192002983096596,0.908560179083578,0.7663880708486485,0.5520160497201339,0.6585064012960997,0.5468749429195844,0.8186231646565386,0.8492993421758207,0.0,0.0,0.0,0.0,0.0,0.0,0.0,0.0,0.0,0.0,1.6646330482689269,5.57663702817502,5.404346361920067,0.9652639984895388,0.7210887906742364,0.6114308686729325,0.6598095686848278,0.5695897156164658,0.792807784856121,0.5781890817696479,0.6500049905006217,0.7562233619886911,0.5417748838153295,0.7730509686666988,0.0,0.0,0.0,0.0,0.0,0.0,0.0,0.0,0.0,0.0,2.074506945427996,5.6561312407834725,5.352282329636184,0.627078487721015,0.6115676165153117,0.7855284228906725,0.510121541972896
5.681172419851098,1.0027094080168573,0.5667533693017061,0.7732024305277799,0.5329266092393223,0.6885099276363653,0.8646670232548815,0.0,0.0,0.0,0.0,0.0,0.0,0.0,0.0,0.0,0.0,1.8852697245834789,5.929307889393292,5.174604184061862,0.7142793809946433,0.6003337506334961,0.7782424627018335,0.6062454936927402,0.7323989253842553,0.6153425185485178,0.8092800694654944,0.6138096388195957,0.6992108473386338,0.5217607070481272,0.6660285094363405,0.0,0.0,0.0,0.0,0.0,0.0,0.0,0.0,0.0,0.0,1.822428468764615,5.7059213815682694,5.541904909554287,0.6585632301392145,0.6579850845163939,0.7516862114058541,0.6374879084990288,0.690440426571791,0.6137454794119864,0.7715552426376785,0.5038688402591054,0.664844362295668,0.7542460322430635,0.9828815740740352,0.9727265527174573,0.0,0.0,0.0,0.0,0.0,0.0,0.0,0.0,0.0,1.7911445402835193,5.8674941182640765,5.380762375678799,0.6639461751212025,0.6885596485656108,0.7449924157505119,0.6296876240908736,0.6314844185969374,0.5534258684879902,0.5522580936109875,0.5875791445845703,0.7537895852114698,0.3828188318590733,0.7187914516360504,0.3109556755087777,0.34721791010897896,0.0,0.0,0.0,0.0,0.0,0.0,0.0,0.0,1.9433327601534405,5.905297180812244,5.0207792991920455,0.7582051921179292,0.5553962439449357,0.7102179263202838,0.7006593081872577,0.5682862097497378,0.6774134941253759,0.5399498777500362,0.7025903751167065,0.5242830862576401,0.825801836503362,0.7936591061122044,0.0,0.0,0.0,0.0,0.0,0.0,0.0,0.0,0.0,0.0,2.1575383532267427,5.535615586830267,5.13057088299084,0.7345456451556405,0.7028776992349692,0.7622648754677392,0.6446871245979809,0.6444547034516074,0.6513658101466848,0.8439649531712784,0.4037904745778308,0.8026066190552471,0.7205854952713652,0.7957736467818577,0.0,0.0,0.0,0.0,0.0,0.0,0.0,0.0,0.0,0.0,1.5986430365829893,5.80787319249774,5.374261944292358,0.8089270857847075,0.4655560430088906,0.6770731537382692,0.6765196948338414,0.5413599295921759,0.6976088489577789,0.5174374372101734,0.7565181069577538,0.9020753292818265,0.599554049093669,0.553631029545361,0.0,0.0,0.0,0.0,0.0,0.0,0.0,0.0,0.0,0.0,2.1003594585943923,5.733671276619669,5.317511618728521,0.48077773839227955,0.7667885209004514,0.6789160665017624,0.7370338213130825
5.798540242360811,0.786087199168366,0.965253427448196,0.6766085983256649,0.6281852898461159,0.3054918888250949,0.969519060391633,0.0,0.0,0.0,0.0,0.0,0.0,0.0,0.0,0.0,0.0,1.7937624277403044,5.880480027785539,5.553687487567939,0.6948368736183107,0.6543428217777016,0.5879048806362418,0.6413339801874609,0.6782172836863349,0.5809366268285162,0.653404472458714,0.6986741423480416,0.6105839085576612,0.6878463358719138,0.5747548615909508,0.0,0.0,0.0,0.0,0.0,0.0,0.0,0.0,0.0,0.0,1.0986856021084244,5.510373077223009,5.505807021464402,1.250184455607885,0.719661149874213,0.6067851501085114,0.5555293736420848,0.6979868445228851,0.7901644520336049,0.5939289071375501,0.6176625092220582,0.6823469038892545,0.25850462457836176,0.6522651942775191,0.9321958179128362,0.0,0.0,0.0,0.0,0.0,0.0,0.0,0.0,0.0,1.7940492977280265,5.801877849766125,5.137158556567591,0.6711157658642569,0.5447384419249198,0.6563595742740871,0.6893698889323666,0.7350216916710165,0.6678475359873394,0.6809177809345749,0.7253514882737891,0.7010814680824633,0.528542274783157,0.9572518303025286,0.7038591315057374,0.2871988651974325,0.0,0.0,0.0,0.0,0.0,0.0,0.0,0.0,1.6942863807447237,5.780264664905497,5.458020052390809,0.7325115883903505,0.634604250478679,0.6608831324024236,0.6847621835101017,0.531210059000598,0.6806207760541912,0.7088189193495594,0.7038462027650525,0.4756411864532753,0.6800800714344233,0.7862643193566897,0.0,0.0,0.0,0.0,0.0,0.0,0.0,0.0,0.0,0.0,1.7992207635682522,5.288681891641969,5.711559983890889,0.6718253937518234,0.7259091795563268,0.35270258093082363,0.7064773195883155,0.6967630828621556,0.8196028322980035,0.5445540841563369,0.7360708402248061,0.5986162300491242,0.41950837687751985,0.48130076215211837,0.0,0.0,0.0,0.0,0.0,0.0,0.0,0.0,0.0,0.0,1.5919771077207923,5.656439215068085,5.809717241074366,0.7608532821627813,0.5910685616208562,0.651469471216678,0.5847288997237554,0.6402005367561996,0.8197619798513353,0.7955656874756968,0.757540181091901,0.6417976660468225,0.544911371865813,0.7133885439711687,0.0,0.0,0.0,0.0,0.0,0.0,0.0,0.0,0.0,0.0,1.8153896203284996,5.6314702779351835,5.493532574945481,0.6565196217267277,0.5660793108489603,0.8044495036766369,0.6499168971962738
5.971372013954588,0.8400759491551943,0.7365943374100326,0.7102031285631771,0.6963399198315136,0.751904827405339,0.9874666722251585,0.0,0.0,0.0,0.0,0.0,0.0,0.0,0.0,0.0,0.0,2.088579463613948,6.166433769348636,5.0379700378647305,0.6201694440479036,0.5574506288075619,0.7737815887387143,0.8456083819366108,0.79527551710399,0.7014407835689227,0.6284361542687212,0.6083176217451984,0.8046923817982102,0.25469022355469845,0.913732045193605,0.0,0.0,0.0,0.0,0.0,0.0,0.0,0.0,0.0,0.0,1.6995063666491,6.2206606974373555,5.101249786300225,0.8056005804427373,0.6953062908878651,0.6902867302606465,0.7348682556922507,0.6846208535936354,0.6982837057550532,0.6778158072861319,0.7288188598154589,0.7420646013989457,0.4163321932593634,0.785050208309196,1.0653292878929288,0.08647187749030749,0.0,0.0,0.0,0.0,0.0,0.0,0.0,0.0,1.9028246968478646,6.055673748824246,5.113580039567737,0.631666698627674,0.8134462246793244,0.5312912562943728,0.7984843719941108,0.49293030345360406,0.7170598268032604,0.9099023968059897,0.6238498036122301,0.7049010613466197,0.6220051301260302,1.0865619077874042,0.804655090871193,0.21737719426816327,0.0,0.0,0.0,0.0,0.0,0.0,0.0,0.0,2.0678965109236227,6.263526577389736,4.817177502796207,0.7076105755756711,0.7199363828562854,0.764102072506269,0.8253990545909311,0.729445199283927,0.6284179324529331,0.7237346875000646,0.6913451298496355,0.6436366427657212,0.8082917267563752,0.37356194741176196,0.0,0.0,0.0,0.0,0.0,0.0,0.0,0.0,0.0,0.0,2.095432459550262,5.917403885859526,5.10424246149971,0.8548188021191728,0.746937137071472,0.6319447478900719,0.7337510504687713,0.808921120744712,0.6489034178247797,0.6191137185903536,0.8767495411697466,0.7340024541388515,0.611209399398867,0.7504291218929546,0.0,0.0,0.0,0.0,0.0,0.0,0.0,0.0,0.0,0.0,2.03778541245897,6.084871277350261,5.078805065419638,0.6886281209504928,0.8563667127738048,0.6782691025665034,0.6528949707651308,0.7237103903206556,0.7964434086355794,0.6564233354211506,0.6215531786131303,0.5800341099022976,0.6683619270221308,0.9315535878203709,0.0,0.0,0.0,0.0,0.0,0.0,0.0,0.0,0.0,0.0,2.2326804303345034,6.056850623837746,4.8461841671180155,0.6824163244497303,0.6920017543440503,0.742980245048496,0.752526993959618
5.521955757516983,1.2200144061546383,0.6282626668331525,0.6190091404335023,0.7107022242800674,0.5613443942481774,0.807593210822528,0.0,0.0,0.0,0.0,0.0,0.0,0.0,0.0,0.0,0.0,1.5534274454108683,5.597493833101697,5.896306428820414,0.8923276201546283,0.8136929558744569,0.6095550349505248,0.6683165124215001,0.5149182195312962,0.5972157990549671,1.0618022542751224,0.5177404829705046,0.7029574972271285,0.6967690060287013,0.7900092252657878,0.0,0.0,0.0,0.0,0.0,0.0,0.0,0.0,0.0,0.0,1.4023384807192387,5.896306428820414,5.536502340625661,1.0705856080700602,0.5989504621861733,0.7438520014474974,0.6355841881364409,0.639245268005821,0.7034485254687046,0.5777205677088708,0.453300116249091,0.810238080534497,0.42867120846676743,0.5622117642726875,0.9112674474357974,0.0,0.0,0.0,0.0,0.0,0.0,0.0,0.0,0.0,1.2942278617129883,5.626719664285079,5.69867856494988,1.2452017093030505,0.6284448701405805,0.6254806432716857,0.7024128620111966,0.8694586035948823,0.7183973189379452,0.7154916544920605,0.7577332681179443,0.6193538661683613,0.48675677749251867,0.889921673474209,0.8272650853836847,0.37122000405265076,0.0,0.0,0.0,0.0,0.0,0.0,0.0,0.0,1.9250956633142433,5.661811476585635,5.451829286820439,0.738745621322647,0.5444326356403884,0.8154466078227762,0.7830027477491398,0.6353652884596351,0.5133291447918809,0.6596964367122665,0.7350242443060182,0.6537208574359863,0.6773042363662276,0.9131640538305791,0.0,0.0,0.0,0.0,0.0,0.0,0.0,0.0,0.0,0.0,2.1565358192536856,5.0588085433629715,5.048883380070579,1.268118192221454,0.7368610718798025,0.6630310962901872,0.65542459710317,0.6056067759001518,0.6685581784173792,0.6565931467133149,0.5605275352534782,0.6750199618523736,0.36947521319867127,0.4227549044979444,0.0,0.0,0.0,0.0,0.0,0.0,0.0,0.0,0.0,0.0,1.6715899412923196,5.860469908079049,5.689655800809648,0.8047056259380899,0.8476844961465183,0.6249385854334042,0.6967458881650993,0.7253976920667615,0.7713388032651666,0.4467098754710731,0.7468622985868356,0.881344632958515,0.6253812299982662,0.7993628445174146,0.0,0.0,0.0,0.0,0.0,0.0,0.0,0.0,0.0,0.0,2.045265026832654,5.458177007773381,5.520380746547539,0.6417147995437913,0.5865788029130926,0.5590270891815867,0.518455894355446
5.803426631930553,0.7691463978161485,0.6556479350621194,0.6555395418991548,0.6575704301328943,0.5470250582614931,0.8163610223587316,0.0,0.0,0.0,0.0,0.0,0.0,0.0,0.0,0.0,0.0,1.8301836694839047,5.395793114464061,5.586657442205565,0.6782716464307801,0.6018979766119693,0.6253653174389695,0.6136569063746572,0.5780931905954954,0.6855312180535644,0.7936690086585466,0.6188512368592199,0.7152536848561316,0.5533813070597189,0.76730381834013,0.0,0.0,0.0,0.0,0.0,0.0,0.0,0.0,0.0,0.0,1.2196417805476543,5.222788789219617,5.73550826238187,1.3162355344784007,0.6125451580322027,0.6219395672852197,0.6473103993105137,0.6784488226011688,0.41522224803471375,0.8866292307046104,0.5877740393167142,0.6573384227672138,0.6142540088077383,1.136587369533292,0.5936906040832102,0.0,0.0,0.0,0.0,0.0,0.0,0.0,0.0,0.0,1.7834754231117347,5.716039208333129,5.384555422937795,0.7521516013931532,0.5760419285086342,0.7266938588980063,0.6891179855854915,0.6646875543866768,0.6811662052819978,0.7392933560128636,0.7289503327726141,0.6304983570003294,0.6401781505583442,0.7875915731459254,0.5800157994246442,0.21779982581920443,0.0,0.0,0.0,0.0,0.0,0.0,0.0,0.0,1.6667502845112132,5.443520485709469,5.677932854920374,0.7688362973596465,0.7248083749751341,0.7135372136688499,0.6096504254868558,0.771748162430828,0.5542031422242205,0.6755889725939245,0.5089273744274746,0.7544971874793667,0.37886252315335345,0.8923013192688043,0.0,0.0,0.0,0.0,0.0,0.0,0.0,0.0,0.0,0.0,1.9434019556749478,5.829037060831209,5.145141826807353,0.7594069219192899,0.5888772776639459,0.5905617136374034,0.6809087232821212,0.6997559532475515,0.7623233267741751,0.7301335729620854,0.5847405052375717,0.5905380687394243,0.15057241129787569,0.8766750234772381,0.0,0.0,0.0,0.0,0.0,0.0,0.0,0.0,0.0,0.0,1.781131131627431,5.479491695012977,5.523537846139072,0.6490853974772685,0.6892047348813697,0.6742826662544973,0.6495430615906421,0.6706162265293285,0.6904402423872039,0.6619493780199694,0.642975171348909,0.6821676305777765,0.0,1.0652330397275538,0.0,0.0,0.0,0.0,0.0,0.0,0.0,0.0,0.0,0.0,1.6549081888358739,5.501019634333216,5.7263540615535,0.5687888868859127,0.5062600516716118,0.760917391962987,0.8043270500850576
6.132832899787593,0.7770392535856081,0.648559229169318,0.8451186456046035,0.7867548739449755,0.6180683971289734,1.0068530251399608,0.0,0.0,0.0,0.0,0.0,0.0,0.0,0.0,0.0,0.0,1.8593897577039282,6.321700405540452,5.2082394982289255,0.7394954090750758,0.7946648447785502,0.8152767444090139,0.6040651457665347,0.6838162713560133,0.8240962466028176,0.9158549293554011,0.535792037510779,0.6792352914681029,0.9502049833101271,0.6597092685940475,0.0,0.0,0.0,0.0,0.0,0.0,0.0,0.0,0.0,0.0,1.686021256190914,6.1999606991252785,5.172370218153521,0.8838940029251338,0.8151923482624078,0.7506482508433261,0.771576618221997,0.6900105917460518,0.6727746513561523,0.688641336795249,0.7065668312344168,0.5834158483734618,0.5228010953317392,0.9476435265963925,0.7682401638122034,0.0,0.0,0.0,0.0,0.0,0.0,0.0,0.0,0.0,1.5563712373290226,6.1177752078916345,5.549984546091748,0.7504789821497493,0.8907445795244338,0.9046572100964829,0.7480005428277728,0.9036545722602555,0.3732939076369326,1.044275307105437,0.5230965158408696,1.0207247985702863,0.5373027594353913,1.0100392905104592,0.6558671132218433,0.0,0.0,0.0,0.0,0.0,0.0,0.0,0.0,0.0,1.933690077325811,6.012915622168279,5.250533974425086,0.7112081355759899,0.6775204592851475,0.6749917352654499,0.6769896511268197,0.8573637380390667,0.704530933808439,0.7967265703412295,0.7309679561437018,0.528666455485048,0.8718628722717549,0.9569583103478403,0.0,0.0,0.0,0.0,0.0,0.0,0.0,0.0,0.0,0.0,2.0737918162543028,6.39203759416697,4.658116264106486,0.7798362654941234,0.7925033144366804,0.8461937173645834,0.6344735103688806,0.6133856560183699,1.0554677513916246,0.7268763974852681,0.5962515384678925,0.6711011372578312,0.7663226792006583,0.6621363506562137,0.0,0.0,0.0,0.0,0.0,0.0,0.0,0.0,0.0,0.0,1.718598999618628,6.427293349837626,5.020323286125192,0.9152602340692598,0.7579638420765455,0.6331123375128472,0.7261630425913046,0.6802461621196004,0.7558249450897628,0.6463523227067215,0.7655627635182057,0.6400075279319182,0.5360535776876107,1.0304831044201066,0.0,0.0,0.0,0.0,0.0,0.0,0.0,0.0,0.0,0.0,1.8748031314071818,6.487934607344647,4.799118587078954,0.6762724525493554,0.8073653482217985,0.8783180463431954,0.6827672641874247
5.843161366544916,0.760921169744203,0.8608499482243976,0.6157606696937201,0.5912322731567156,0.5573779424084258,0.5645239996005321,0.0,0.0,0.0,0.0,0.0,0.0,0.0,0.0,0.0,0.0,1.796130338013515,5.927596734039262,5.638140636098841,0.7349199091331909,0.7110233728449221,0.7438559885546653,0.805506711692467,0.6616560039388241,0.6728492200548716,0.6347711725317258,0.5807718725026205,0.4270027046869521,0.43494098719950347,0.775006579668613,0.0,0.0,0.0,0.0,0.0,0.0,0.0,0.0,0.0,0.0,1.3446334706637122,5.576642430005789,5.788033132135698,1.39160183939268,0.6504933500857482,0.7893240802104179,0.7651216150141243,0.6798197759827688,0.6688594098965215,0.6955967715391388,0.42908737108309625,0.755317607600436,0.43431682004194894,0.6994715017054043,0.8238507634752099,0.0,0.0,0.0,0.0,0.0,0.0,0.0,0.0,0.0,1.534076410683559,5.153432753776323,5.5017281473329,1.7859323082497853,0.6926711285361065,0.6180272888523813,0.7418576536387196,0.5366866991333571,0.5756712736970302,0.8462838035366766,0.3846464677971802,0.6807838313575367,0.6827007759875126,0.7521439198163976,0.49961817188083696,0.0,0.0,0.0,0.0,0.0,0.0,0.0,0.0,0.0,1.8445594896967157,5.864841205958874,5.598125436281813,0.40535158848516534,0.7896699048487021,0.6023113898045479,0.8778598480666736,0.7248728722452811,0.7056569259775747,0.5493388593079945,0.60119721396781,0.7204050309372202,0.6368316690117294,0.5849557590873875,0.0,0.0,0.0,0.0,0.0,0.0,0.0,0.0,0.0,0.0,2.204934098765558,5.562443627370119,5.465013529709074,0.7457028592911797,0.5831994249668494,0.7715440384464203,0.5546426307516298,0.801158041257745,0.5500004274448901,0.8514879845139643,0.6686241975212784,0.6955088821683784,0.6986490612388677,0.9963552584911445,0.0,0.0,0.0,0.0,0.0,0.0,0.0,0.0,0.0,0.0,1.673040302996693,5.681760458494038,5.805920654257914,0.8391650999082448,0.7185104382462993,0.6732107574632356,0.479969801825589,0.8110367969192176,0.7991003697624802,0.6637455541515483,0.563016999773099,0.7513258582260811,0.17649983389142923,0.6366512641779654,0.0,0.0,0.0,0.0,0.0,0.0,0.0,0.0,0.0,0.0,1.9765563053562765,5.728575659082015,5.539747263957961,0.7053226815855055,0.617646218306468,0.74636792572899,0.6579292434548885
5.363754392291984,1.4011403015957404,0.5192172656347259,0.5817295012282602,0.7786874061406335,0.5787566039648488,0.9242093567906557,0.0,0.0,0.0,0.0,0.0,0.0,0.0,0.0,0.0,0.0,1.8498907353780059,5.655813965388136,5.561247363212211,0.5773898299757177,0.6944886501109029,0.6135481236453649,0.6651329166854218,0.46844615216250546,0.7948220734179182,0.5161939503937834,0.7013451086497926,0.6950841175803826,0.4809611138735277,0.5647046225152874,0.0,0.0,0.0,0.0,0.0,0.0,0.0,0.0,0.0,0.0,1.4408712059534925,5.70031161816664,5.70031161816664,0.9732485356026425,0.7327734986445977,0.7100047014917878,0.6422441855644146,0.5415310428030937,0.7825543787949742,0.7092748299393438,0.6891603149796841,0.5065314257437201,0.512432753436336,0.7140681660860722,0.8160170058208422,0.0,0.0,0.0,0.0,0.0,0.0,0.0,0.0,0.0,1.808428619389736,5.181897826674415,5.587573970165433,1.0617429127571498,0.7549927794914171,0.5998565923888121,0.675448107498678,0.4988975645386339,0.7611286648758154,0.5051661008884705,0.7414237666165395,0.5739975891825425,0.7850103343851124,0.7286063905315309,0.4915415744532403,0.25611958555492736,0.0,0.0,0.0,0.0,0.0,0.0,0.0,0.0,1.4572251586778078,5.70031161816664,5.70031161816664,0.8062454217476389,0.8195007541336172,0.7748433799839317,0.6234301163261322,0.6869759610864048,0.6136519498443578,0.6876723678321592,0.6473970831644723,0.7769525079725258,0.5470623397840532,0.8331439569427435,0.0,0.0,0.0,0.0,0.0,0.0,0.0,0.0,0.0,0.0,2.0740073654657145,5.22990937807932,5.145200890302749,1.4442448172548263,0.5605793114100834,0.6322865697034595,0.5837358346762871,0.7176540143982075,0.7388050151293604,0.5341541677711187,0.6818071290624639,0.671639453597587,0.5788922559637237,0.8990163086583737,0.0,0.0,0.0,0.0,0.0,0.0,0.0,0.0,0.0,0.0,1.6654042450828879,5.202122158585382,5.537836000496678,1.2818680792433483,0.7183527825587672,0.6837253373102307,0.5096297108507252,0.8327130329486958,0.6653226318470757,0.6647608033968849,0.6726711157778105,0.6864520267361015,0.5205452513637887,0.8550523539117475,0.0,0.0,0.0,0.0,0.0,0.0,0.0,0.0,0.0,0.0,1.9499613413801886,5.641504872139667,5.536472275504843,0.8685412981248261,0.6258922696654613,0.500894995575636,0.8362522239787397
5.736824776005225,1.1557824679300852,0.6460584466681616,0.772366018845985,0.40380638284809217,1.0671029063046684,0.8557177772329568,0.0,0.0,0.0,0.0,0.0,0.0,0.0,0.0,0.0,0.0,1.820333309469488,5.763129443401527,5.385983691037322,0.8133608716857054,0.49658180961139015,0.8380547920691637,0.6461626710911789,0.7961428403147486,0.6594605431640589,0.9978767604668413,0.7691171984144779,0.3938336352668862,0.6674789185867,1.163136910464709,0.0,0.0,0.0,0.0,0.0,0.0,0.0,0.0,0.0,0.0,1.6550262640770175,6.135893438874506,5.3096919134155875,0.6389989358833749,0.6514187742236998,0.5749981060361413,0.839812049819936,0.6100697347552564,0.6249689403271546,0.7046097113816094,0.581290830281841,0.708609684843992,0.7937104684820034,0.5552863427371015,0.6451567629915061,0.0,0.0,0.0,0.0,0.0,0.0,0.0,0.0,0.0,1.6792662970298682,5.865872537439156,5.701498136427354,0.36243242885285976,0.7121198780822601,0.6962624396532336,0.664766265551119,0.5626870298284343,0.5966386097523246,0.500789221222289,0.891735901984683,0.6289943229365524,0.6566562328313093,0.8046161379565557,0.6095763422377534,0.2854509101046503,0.0,0.0,0.0,0.0,0.0,0.0,0.0,0.0,1.8312363135199194,5.847826825178209,5.540831959354367,0.7640520332924852,0.6395420505321866,0.6991349127248163,0.6637008922912333,0.5193453832505325,0.9651755690585513,0.6017270132445328,0.6931395029600615,0.8128832683581124,0.6836527463137867,0.31339618580047635,0.0,0.0,0.0,0.0,0.0,0.0,0.0,0.0,0.0,0.0,2.1934348655063913,5.808777349846128,5.015109000616032,0.7932129358047426,0.5764639158230861,0.7755184490297212,0.6809408407862907,0.7107530961121022,0.6524740814088916,0.5255730401078075,0.803620922995029,0.7218411569941355,0.4578153103756133,0.877430455149422,0.0,0.0,0.0,0.0,0.0,0.0,0.0,0.0,0.0,0.0,1.679085053252777,5.823434393703081,5.221082450768464,0.741292413385116,0.8210386632170342,0.6730365222424189,0.600930159234126,0.6634691696162216,0.8200937586479488,0.6687449526668241,0.7696300369352465,0.6084290398689963,0.5206105789584246,1.090084860554537,0.0,0.0,0.0,0.0,0.0,0.0,0.0,0.0,0.0,0.0,1.751597677771021,5.877612384613954,5.462006010129687,0.8227786639173189,0.5738004233258166,0.5513695513694711,0.7368767439850338
5.142464272255785,1.4446757324403174,0.7679866792915399,0.5156729244133708,0.5889847851641203,0.48552512730618247,0.7604618873289493,0.0,0.0,0.0,0.0,0.0,0.0,0.0,0.0,0.0,0.0,1.6530784206263058,5.464223117159565,4.995364899469855,1.4794429373481959,0.46950010880190235,0.679119790213153,0.6741524016099444,0.5444265510616468,0.6308526040076964,0.5911529515883656,0.4247049507768962,0.5397064939341047,0.69434709456918,0.7289482848631619,0.0,0.0,0.0,0.0,0.0,0.0,0.0,0.0,0.0,0.0,1.6247136137623777,5.276443573043259,5.464223117159565,1.208904783048421,0.6102969781409177,0.5051277666583353,0.5020203791836779,0.7577135778366919,0.5911779364598362,0.6617988043764602,0.7081267147769383,0.5633560452193385,0.09030847753970805,0.6694539750336174,0.690034754348034,0.0,0.0,0.0,0.0,0.0,0.0,0.0,0.0,0.0,1.8258840737430049,4.895826157463837,5.201251221849422,1.4275104849310907,0.40358916197803646,0.6747533943434281,0.7581651109788806,0.6682256066943593,0.5963529483940563,0.76285952838446,0.5640345009434283,0.6977514185078671,0.5821405207126751,0.8568461996398054,0.6668451746454309,0.004748558084495946,0.0,0.0,0.0,0.0,0.0,0.0,0.0,0.0,1.9732477674230022,5.461001180972841,5.293304430647839,0.7503259373830931,0.5331961901520293,0.6714699459411,0.5347665646594417,0.5663227446732322,0.5527575160524463,0.5190107384481993,0.5717045794593463,0.6025664091513648,0.25244247912751255,0.7607493554322808,0.0,0.0,0.0,0.0,0.0,0.0,0.0,0.0,0.0,0.0,2.008186642442065,5.433802975530373,5.33094804920314,0.7057011612158073,0.5980738973015061,0.609628915416577,0.490461984279472,0.630850364784,0.5796559159745664,0.8155335063886109,0.6504622125706877,0.5732954630877176,0.7455228424068922,0.6446466474514099,0.0,0.0,0.0,0.0,0.0,0.0,0.0,0.0,0.0,0.0,1.462084079463951,4.9166319990273,5.3971782794792205,1.439060440991353,0.8548819966198505,0.583709950488324,0.5823547962300112,0.7921800373269163,0.6002318615352595,0.6752405718660547,0.6737129903042773,0.6628217941617772,0.33137521000292924,0.9549036260047679,0.0,0.0,0.0,0.0,0.0,0.0,0.0,0.0,0.0,0.0,1.921575828287398,5.3331452249213545,5.068847286458259,1.2169635560054235,0.6139949804271077,0.6305802069278197,0.48049301233337127
5.188815700929146,0.9911710783197898,0.5174777977307535,0.6614646166392335,0.748789174450343,0.34792528230175945,0.8411661949265247,0.0,0.0,0.0,0.0,0.0,0.0,0.0,0.0,0.0,0.0,1.5428969437502016,5.681385609534402,5.440303475876128,0.9569752542091013,0.8397663895954244,0.618644474732127,0.772266006846891,0.6102456705493546,0.708103493964747,0.5342779482476732,0.6052035255843874,0.7004624651379295,0.6274578565910347,0.8246301940930364,0.0,0.0,0.0,0.0,0.0,0.0,0.0,0.0,0.0,0.0,1.5251605804438064,5.452666652231754,5.884939285934444,0.9751640304696599,0.6984186948801574,0.7334027970001644,0.6607185364944341,0.700203194799303,0.6198975616003952,0.6120440129016498,0.6970421181395869,0.7447144157219904,0.2528382105941581,0.901313684758847,0.7812192843150111,0.0,0.0,0.0,0.0,0.0,0.0,0.0,0.0,0.0,1.6753270159171407,5.209692785874665,5.622321859707741,1.2526100616178024,0.6175403985266774,0.5829012403791086,0.8582095590257868,0.5638309284103805,0.7175605980212085,0.5577020482933118,0.6178409467640056,0.7775355162507899,0.579750722564889,0.9902244274065181,0.7309068826317586,0.04093482337857424,0.0,0.0,0.0,0.0,0.0,0.0,0.0,0.0,1.8396297419131447,5.617267805949956,5.56806754550774,0.6669548080338323,0.62182645742452,0.6996485935933436,0.5900818678086721,0.7279578033827265,0.5320441166410511,0.7667283334688091,0.6113454603308,0.4874606223033909,0.687364697358928,0.7323629367074006,0.0,0.0,0.0,0.0,0.0,0.0,0.0,0.0,0.0,0.0,2.016995675487466,5.419897610617062,5.599495300288312,0.5533292711365286,0.673169136569504,0.6058281864756805,0.7178904802641454,0.6783720337349625,0.7594076231509755,0.596699900716938,0.695138208528905,0.6222573452497343,0.4070000554143523,0.8283647200556441,0.0,0.0,0.0,0.0,0.0,0.0,0.0,0.0,0.0,0.0,1.7041673613055122,5.812792129941178,5.637886620965808,0.7860413379910954,0.7256886589242512,0.7351199322674575,0.6342808473369231,0.7380283895874303,0.5362369113748274,0.7258724452859955,0.7219046729236103,0.5516717706611597,0.3545043287846895,0.9100638148768755,0.0,0.0,0.0,0.0,0.0,0.0,0.0,0.0,0.0,0.0,1.8215438947507014,5.884939285934444,5.350356307250034,0.7120315702546002,0.7155338306841496,0.5252259651674681,0.6848774493188944
5.767023154608195,1.1094782595182475,0.713074687044593,0.6956766806167367,0.7047637129282933,0.35919513593531693,0.9284142466574301,0.0,0.0,0.0,0.0,0.0,0.0,0.0,0.0,0.0,0.0,1.7142275380874874,5.891595446079307,5.44151158066916,0.830270027497596,0.5587646895809083,0.637038178003322,0.7730807111677462,0.6443822592145404,0.602753493198817,0.6855035915889374,0.810540152447649,0.6861859609539182,0.46194705427478544,0.5064010545551234,0.0,0.0,0.0,0.0,0.0,0.0,0.0,0.0,0.0,0.0,1.500393854913712,6.005581932773307,5.784505914853247,0.6338598893462926,0.825780284816943,0.905200065709431,0.6794423423589605,0.7866128939240064,0.6571846811124574,0.6042105228096197,0.7229643449605438,0.6635442843454734,0.33951090758478414,0.7950815045559039,0.9193707510635529,0.0,0.0,0.0,0.0,0.0,0.0,0.0,0.0,0.0,1.7132160676943886,5.687101358047437,5.684628258173702,0.6868268350231886,0.5773524011765738,0.816944303819455,0.5651062862112881,0.5484597734975952,0.6637157452900266,0.6565011842019299,0.5298920145010991,0.5984554256551913,0.5200916577030531,0.8137843420463978,0.6967960467182781,0.29291683653841716,0.0,0.0,0.0,0.0,0.0,0.0,0.0,0.0,1.4605819433231257,6.005581932773307,5.494791513527012,0.9832480225176344,0.7454622261778653,0.7136819385635582,0.7330754752414351,0.747338420371315,0.6777140480439023,0.5137414539435525,0.8181594182210415,0.6897187193374245,0.8311566766509306,0.6335962030201845,0.0,0.0,0.0,0.0,0.0,0.0,0.0,0.0,0.0,0.0,1.9249273464973462,5.534830453765101,5.689320626005081,0.831350234414795,0.7698458052580682,0.7683747094804034,0.5930098720997565,0.8410261749726117,0.49439500075635867,0.699836864117495,0.7395965608312203,0.4976900165013622,0.6748336634057504,0.832697339479324,0.0,0.0,0.0,0.0,0.0,0.0,0.0,0.0,0.0,0.0,1.6863881183996128,5.4036385250514805,5.6491698059521,1.0582838605764133,0.8262062793798819,0.5979048948522483,0.6957701186216044,0.45700717238602706,0.7928837619888648,0.5712559519591306,0.8656649456915007,0.6144999795664261,0.5389178156778163,0.9721031315219397,0.0,0.0,0.0,0.0,0.0,0.0,0.0,0.0,0.0,0.0,1.5587563908216477,5.7310515993724795,5.995216334523846,0.5426081350044375,0.7345260853965627,0.6376769863752697,0.6384797433278252
6.0943706855255355,0.7244207996302332,0.7744147908138367,0.642253649896437,0.6244457654787094,0.6365910771863127,0.7098347818242511,0.0,0.0,0.0,0.0,0.0,0.0,0.0,0.0,0.0,0.0,1.6970793885084525,6.065188752718676,5.400769059975012,0.8612011568148032,0.7093790875950571,0.7619608854817379,0.6462633584284604,0.7717987428574811,0.6840029172708543,0.6908010150923934,0.8307060154024618,0.5978372376956748,0.49995633270142537,0.7011171047044211,0.0,0.0,0.0,0.0,0.0,0.0,0.0,0.0,0.0,0.0,1.2989402321048376,4.622734945731377,5.779849822469704,1.77067748342775,0.799183144933207,0.7442831668922743,0.6598242645254269,0.6399453824552556,0.6933439773258263,0.5816660792772169,0.7943008516351034,0.5473572040820212,0.12149994054604951,1.2173986972958144,0.9226407154256275,0.0,0.0,0.0,0.0,0.0,0.0,0.0,0.0,0.0,1.78625049974268,5.942138000786826,5.346467992466203,0.6043725070099184,0.647182013937812,0.5436712367285259,0.7943217865864383,0.5742003184836489,0.7968152157337529,0.7294878993585556,0.6722429442283859,0.6689150113695936,0.7422358236719812,0.7092476417112055,0.4382435230570462,0.07913911266146956,0.0,0.0,0.0,0.0,0.0,0.0,0.0,0.0,1.6958379981742098,5.746583209156947,5.638441969909003,0.6913920600064564,0.6835402135121935,0.587154930894264,0.6618434799368677,0.6734586638307426,0.8145311450077215,0.5918961286416127,0.4473946993034843,0.7815280599611281,0.7877490518279608,0.8639323016210343,0.0,0.0,0.0,0.0,0.0,0.0,0.0,0.0,0.0,0.0,2.1630932278773676,5.6576086915853745,5.101641110971566,0.7068713193731005,0.7743096283748336,0.6662332352960125,0.6565857411460144,0.5395942618810744,0.7615503720811876,0.7199408763565934,0.5981362029834906,0.5922447290065879,0.5236272074654805,1.0069288123261717,0.0,0.0,0.0,0.0,0.0,0.0,0.0,0.0,0.0,0.0,1.635728473969813,6.0943706855255355,5.3331741715751475,0.9915821940869104,0.6895701101309725,0.5749368741232237,0.668102875232221,0.6529697400540471,0.6569066892380242,0.65977743859683,0.7588245791490283,0.512786493933142,0.4600293762246803,0.6984903822416113,0.0,0.0,0.0,0.0,0.0,0.0,0.0,0.0,0.0,0.0,1.7850430591583137,6.051213038296378,5.209713952417711,0.7112276790223891,0.7621477594927643,0.7462603166845553,0.7491699929417335
5.919109143819364,0.6169993438142398,0.6853157315362298,0.7415841359224017,0.6515170271570478,0.3677383400287622,0.7772156112118855,0.0,0.0,0.0,0.0,0.0,0.0,0.0,0.0,0.0,0.0,1.444180200264995,5.887708278400782,5.493074596429358,0.5869314791672994,0.7509461132043634,0.6122442546773614,0.609856907983669,0.7052656485532475,0.5196072449204056,0.6328701189932933,0.7954165113308047,0.7698282363345933,0.5914596810375183,0.549063581523689,0.0,0.0,0.0,0.0,0.0,0.0,0.0,0.0,0.0,0.0,1.7320589592868334,5.0195639002564265,5.762870079426323,0.829703009546323,0.5025392320290477,0.7804565939066263,0.4805681217292228,0.6384952649412586,0.9095338583939032,0.7818438438033144,0.6474306246828747,0.6594125943181619,0.22995197512525123,0.897214026171573,1.0172684005935424,0.0,0.0,0.0,0.0,0.0,0.0,0.0,0.0,0.0,1.6047626754054876,5.484517261288508,5.41986857113597,0.915919108424797,0.6318003877784168,0.6581987635003889,0.7416535106574238,0.7740141000652712,0.7529097180931907,0.685706478962355,0.7686370791159037,0.8496087083572257,0.5899826088455473,0.7706102963479976,0.8284141164169628,0.004640352525988828,0.0,0.0,0.0,0.0,0.0,0.0,0.0,0.0,1.789694098701088,5.83618093205073,5.020358745089232,0.7990200422485572,0.6088446219917664,0.6593051441233789,0.7118362759951682,0.7688782795026866,0.6092304338279428,0.8168860761882994,0.8023172220311079,0.7773966610654144,0.6419457362449752,0.6751078591898791,0.0,0.0,0.0,0.0,0.0,0.0,0.0,0.0,0.0,0.0,1.8781125230897904,5.239748674279623,5.371710028156202,0.7550214676151127,0.7598266750729123,0.6709697291262012,0.5909703597394693,0.6669214490878314,0.4587236646167812,0.6999704885940716,0.7087292289475771,0.6550922484331363,0.28784284834224155,0.7917211041678271,0.0,0.0,0.0,0.0,0.0,0.0,0.0,0.0,0.0,0.0,1.914146543311409,5.559154095784228,5.411204540823318,0.6085515997056573,0.5971131587015557,0.844284001637449,0.6451167859136557,0.6297648153982374,0.6795509441268619,0.7501651530988055,0.7859342603905658,0.7880975766740763,0.16630569221895275,0.8078115428287003,0.0,0.0,0.0,0.0,0.0,0.0,0.0,0.0,0.0,0.0,1.7032606308118177,5.930838844524474,5.198319675805862,0.553685670272749,0.725742140371715,0.6952978705913184,0.7753153445071286
5.549498538143175,1.0452435604082948,0.643919905158486,0.6722217236794946,0.6736525481690959,0.5548461455197593,0.7810699099210883,0.0,0.0,0.0,0.0,0.0,0.0,0.0,0.0,0.0,0.0,1.562504217681214,5.513163863267331,5.338235702486832,1.1806625484382887,0.7988970387278601,0.6487118879027405,0.6700217133920933,0.7293458814633836,0.593229522715365,0.7645473143220979,0.3766269034980834,0.90359098005414,0.33258325139370326,0.7076994285776586,0.0,0.0,0.0,0.0,0.0,0.0,0.0,0.0,0.0,0.0,0.9252436508440859,5.528345442477527,5.597253183209828,1.3975750878319528,0.687780502417909,0.6618239111209135,0.6676647022755202,0.6057740250913227,0.6850569397487842,0.6981394167955738,0.717075522817873,0.3747761791872344,0.7275241743987805,0.6254209603126597,0.7569613024452924,0.0,0.0,0.0,0.0,0.0,0.0,0.0,0.0,0.0,1.5829936167585625,5.287395535794353,5.392959937313555,1.571868204083335,0.6332927780692295,0.6247694839575485,0.6357870079817292,0.5938482006826797,0.7030527824697201,0.49599883619551083,0.5288444900911579,0.6934787874125344,0.7093652050731175,0.7744401878326906,0.2776860908020932,0.0,0.0,0.0,0.0,0.0,0.0,0.0,0.0,0.0,1.309606383249852,5.5574102124797635,5.226257432419874,1.3078615791671815,0.8881654633286623,0.6694701578343242,0.7033569087631633,0.7770263854890423,0.6400891119834744,0.49327240468812183,0.7369935374911323,0.6720579121860174,0.47126491866909204,0.7178582243768155,0.0,0.0,0.0,0.0,0.0,0.0,0.0,0.0,0.0,0.0,2.0804486103819197,4.985309753407843,5.457153513980625,0.9362067055997402,0.5912380990608185,0.6135308749441568,0.42029703039854904,0.6500648478527468,0.7252569134663726,0.5621548558976904,0.7985838322541449,0.518275050353156,0.7941020923697989,0.6697532616187054,0.0,0.0,0.0,0.0,0.0,0.0,0.0,0.0,0.0,0.0,1.649320437124405,5.226937489375116,5.108891873808432,1.5862691872654444,0.6495504558716895,0.7085778052826204,0.6419981205432753,0.5461427155278782,0.7697118271427733,0.5722259901925297,0.625912461700778,0.6414111810674524,0.4474220832445454,0.9019756404927707,0.0,0.0,0.0,0.0,0.0,0.0,0.0,0.0,0.0,0.0,1.6565608948878978,5.597253183209828,5.222116777567603,1.1936398734615616,0.6517668440778469,0.7630292936238571,0.49301099035709833
5.81149785918191,0.7562939669404398,0.7557901631466598,0.6786707071540871,0.49339423549616873,0.767520201568114,0.7980985847214228,0.0,0.0,0.0,0.0,0.0,0.0,0.0,0.0,0.0,0.0,1.5479237034984195,5.523140366201337,5.614856356155739,0.7093494769322625,0.5508184115962788,0.5813633489418981,0.604255967760351,0.6999773186357223,0.7593393218934221,0.6383714092044221,0.5829903125051158,0.710121425328213,0.49387217578073317,1.0054809073541953,0.0,0.0,0.0,0.0,0.0,0.0,0.0,0.0,0.0,0.0,1.037241966994296,5.81149785918191,5.723898463289419,0.666469433299378,0.776603132986941,0.5708912405570583,0.6817036816856494,0.7963144165059597,0.647397904457542,0.7268927118433175,0.760139065751598,0.5736308268623633,0.8025091204713264,0.7644586333828896,0.676288265316877,0.0,0.0,0.0,0.0,0.0,0.0,0.0,0.0,0.0,1.4381754679502965,5.429467924691385,5.674609744547293,0.832164542032359,0.6629281233792084,0.6770593703749761,0.7304941147812613,0.6338111569063402,0.5902848294165929,0.8040178840366538,0.6462796456034523,0.6466575358313978,0.6710938971531926,0.9342387210482471,0.24223690026596859,0.10010281390553288,0.0,0.0,0.0,0.0,0.0,0.0,0.0,0.0,1.4690364387994983,5.697498041314427,5.531957348533431,0.668402366482883,0.5171005875192637,0.8090206513446425,0.691707839524352,0.8404171578359105,0.5827535653314223,0.6988115690207576,0.6005649186075307,0.5574361291807395,0.4780046868294361,0.9323384666159189,0.0,0.0,0.0,0.0,0.0,0.0,0.0,0.0,0.0,0.0,1.9485896607772195,5.414965667897567,5.411650472596342,0.6852649279777241,0.6875324008225994,0.6667026944289735,0.6416392848908253,0.6378262698484427,0.5959192712702747,0.7110220263659793,0.5802252084243067,0.5873981810565704,0.6816345169698833,0.4734639864614447,0.0,0.0,0.0,0.0,0.0,0.0,0.0,0.0,0.0,0.0,1.1994985455601128,5.191659950103786,4.874704464320338,1.8627584440797513,0.7545281624939781,0.44512217511717006,0.7775396255464524,0.6820828477380774,0.5423897147262132,0.7871510584572018,0.6769439357187338,0.624847182896682,0.6125741788911784,0.8470298263199614,0.0,0.0,0.0,0.0,0.0,0.0,0.0,0.0,0.0,0.0,1.778200663582508,5.702621198150817,5.3087793746819,0.7778962374071703,0.5582466349190112,0.514762690225796,1.0615353893325337
5.547715112746702,1.197056751775476,0.5855786052824851,0.5586376583647003,0.6319429042872606,0.4817345892655937,0.6578338686224894,0.0,0.0,0.0,0.0,0.0,0.0,0.0,0.0,0.0,0.0,1.2652801998948924,5.647578835109312,5.496462190478542,1.0891905962144297,0.6530884652879758,0.6547881646278433,0.6032147476519873,0.5619678769324281,0.8451755185681111,0.6465252626623728,0.7143439413457119,0.6240772313089813,0.6678196435275398,0.5030115091956102,0.0,0.0,0.0,0.0,0.0,0.0,0.0,0.0,0.0,0.0,1.3885964738683712,5.516938285431804,5.591425188381703,1.029548699418145,0.6334597611692522,0.7350350090023026,0.6944084106204227,0.5448863124561272,0.5618152724191073,0.588846979200318,0.6378158463725516,0.609999766299094,0.390458933126951,0.978451926118639,0.5377519705347797,0.0,0.0,0.0,0.0,0.0,0.0,0.0,0.0,0.0,1.4085120881824438,5.301928515211332,5.516384580592267,1.072261083843126,0.7961836037669416,0.581395029385365,0.6420294800771542,0.5339109810081988,0.6227832229381501,0.4645843266831944,0.7729392112285781,0.6797901681226514,0.17522769157284085,1.0417978748818646,0.134069354797699,0.0,0.0,0.0,0.0,0.0,0.0,0.0,0.0,0.0,1.4562724665072349,5.6167400035644395,5.681935243786465,0.7489772921854361,0.597348444256048,0.7913356604755354,0.5191694154272933,0.7524081576928725,0.5575634178738288,0.6770981522220465,0.530690626896884,0.6407783533172642,0.6125004594179841,0.9077585873764096,0.0,0.0,0.0,0.0,0.0,0.0,0.0,0.0,0.0,0.0,1.8406891845089328,5.495663381863673,5.429967719963215,0.6731107275231947,0.5349647490417206,0.7630986380298511,0.4708846759428361,0.7353204905478128,0.47646255769543655,0.6799623040008673,0.7097153746235111,0.6463919551974893,0.2963800684142909,0.7676965825273868,0.0,0.0,0.0,0.0,0.0,0.0,0.0,0.0,0.0,0.0,1.3676946362114233,5.610671284241722,5.664807593294446,0.6522052109662726,0.9161555103969374,0.699175961941549,0.6239528980192026,0.6391067881173308,0.7814556553675863,0.646066145903375,0.5468462096797349,0.7473650778975581,0.37276587591881327,0.9111215305684485,0.0,0.0,0.0,0.0,0.0,0.0,0.0,0.0,0.0,0.0,1.8140856346246856,5.551860735897941,5.12991667269202,1.006493919693107,0.3317133319182499,0.7711235310620675,0.6793149946125625
5.815496661489551,0.968781870728805,0.68090137596499,0.6504331247510026,0.5289383563431442,0.6379877726399024,0.6465859566629951,0.0,0.0,0.0,0.0,0.0,0.0,0.0,0.0,0.0,0.0,1.8380447425403652,5.856498348199682,5.221858518762503,0.6388918226532238,0.7528665291433191,0.6468854363164009,0.7162070178787305,0.5153700434559811,0.887310788008204,0.649862424820488,0.5780229699737311,0.6216626895324423,0.7050439115453594,0.7462965651220514,0.0,0.0,0.0,0.0,0.0,0.0,0.0,0.0,0.0,0.0,1.2888293454959128,5.240144547548659,5.421113437052256,1.5037246320156914,0.7040574923339533,0.7811551716291583,0.6058153755722628,0.7693650916548836,0.5595196849759676,0.73880920354208,0.6772106154071095,0.46179994357974485,0.5643996028452127,1.344907863867871,0.7295759777838875,0.0,0.0,0.0,0.0,0.0,0.0,0.0,0.0,0.0,1.7932404351061741,5.591795590858123,5.526533917480866,0.6832186777797061,0.5765857413074656,0.7680009714600518,0.5819205677041489,0.6055704091352245,0.8224410268151021,0.5839126975839734,0.7221347816383672,0.5939894295435334,0.6120563213141814,0.8950672816764038,0.4429140621182679,0.22871084050556512,0.0,0.0,0.0,0.0,0.0,0.0,0.0,0.0,1.908409204690217,5.587170939540659,5.543623411652528,0.5928444854482913,0.7327231251603279,0.6807142853669877,0.6477738463082847,0.7092690944321816,0.8001514780063261,0.47391711241448664,0.6452178629914098,0.8391204560927676,0.7742561914980832,0.7094920070672472,0.0,0.0,0.0,0.0,0.0,0.0,0.0,0.0,0.0,0.0,1.8460826860045563,5.559565615849832,5.4550795333817685,0.6843296693850381,0.5447151217462802,0.5629676456182185,0.7667784837482765,0.6436338404379154,0.7550883167028201,0.6209385957335956,0.6242520205644577,0.6429384788082125,0.7217832035710643,0.5969662836362719,0.0,0.0,0.0,0.0,0.0,0.0,0.0,0.0,0.0,0.0,1.3662748001938034,5.711986362667204,5.601992495028985,1.0289065499631949,0.6274114091811152,0.6036284407998818,0.6713398754235501,0.6549388795505254,0.7164775006983624,0.600819557816548,0.7171587931081025,0.6556196400623383,0.5161319848836965,0.9453936925436669,0.0,0.0,0.0,0.0,0.0,0.0,0.0,0.0,0.0,0.0,1.7269655651382712,5.705111059266558,5.541065081297692,0.7467192880183907,0.8755376650952392,0.5809566133124116,0.7368991832470649
5.389036919147711,1.3064773092592323,0.6257642009148362,0.6737956760484455,0.7321596975172414,0.5258676028129963,0.8214530761846264,0.0,0.0,0.0,0.0,0.0,0.0,0.0,0.0,0.0,0.0,1.4682384131298811,5.646523387374958,5.452613608006509,0.938225840172912,0.5838879559580284,0.756130897633432,0.7286018291239839,0.5428280218567215,0.6758789652865789,0.6202612869905555,0.6910015264628638,0.5563495747916439,0.5032324427148803,0.7842279823327006,0.0,0.0,0.0,0.0,0.0,0.0,0.0,0.0,0.0,0.0,1.5264069949432262,4.5623819385656255,5.458805599216876,1.947550772982667,0.70485870151178,0.5297292310138016,0.7711097182794507,0.4285977005892258,0.6514031232073705,0.7583181636896,0.6436402397010177,0.6890521205796205,0.1637335354647686,1.0088196249939472,0.6573952927896158,0.0,0.0,0.0,0.0,0.0,0.0,0.0,0.0,0.0,1.4741601286990846,5.340348162944769,5.185381049019385,1.69875865143033,0.7226466168937009,0.5026879462004543,0.8294963318542693,0.7818127216167812,0.5353999800021686,0.7971985510517867,0.36534259958540083,0.8869988617107245,0.6711886243605321,0.9335373277482465,0.3448508110602885,0.0,0.0,0.0,0.0,0.0,0.0,0.0,0.0,0.0,1.64769463991317,5.630923295858031,5.332987604145784,0.9487179553592172,0.4332625680852346,0.7075919175237186,0.6003838977206043,0.6896442780279821,0.6784203533052429,0.5265621411966225,0.6155840213145081,0.6781430952199611,0.5207859527265246,0.5132562654599978,0.0,0.0,0.0,0.0,0.0,0.0,0.0,0.0,0.0,0.0,2.110512549823997,5.27645477878365,5.198330754023239,0.9950599792454435,0.6047860591111826,0.6034517339103088,0.6425215134156822,0.6316614074120637,0.5248751881284714,0.7151198264270004,0.5557094526037255,0.6671427065850918,0.7042141612540558,0.565690689778031,0.0,0.0,0.0,0.0,0.0,0.0,0.0,0.0,0.0,0.0,1.719922197699919,5.58847529657129,5.693719984577001,0.6312922065981942,0.7972045138457748,0.6690203913531937,0.5430572350195124,0.6084995407443787,0.3847719787165957,0.7420623974001821,0.5345593041420443,0.4292275874892906,0.541095805426714,0.9247444789987416,0.0,0.0,0.0,0.0,0.0,0.0,0.0,0.0,0.0,0.0,1.2289906782516162,5.514608882529625,5.627720381752587,1.0609034017242995,0.7082467056967422,0.5394119771267277,0.6875711200532515
5.302769879583737,1.4215342733851306,0.6061327945404857,0.5628661022886219,0.6442554624085018,0.4061736590654661,0.9774613828038244,0.0,0.0,0.0,0.0,0.0,0.0,0.0,0.0,0.0,0.0,1.3457825310926335,5.023428967796455,4.665682240433257,2.676627242421722,0.4459721564638283,0.6896351291639348,0.5389514193864807,0.6330037942217741,0.5296059735519241,0.41352842127873896,0.8085274173496668,0.625617286298904,0.3802961770567241,0.8623382308564258,0.0,0.0,0.0,0.0,0.0,0.0,0.0,0.0,0.0,0.0,1.1351072411112832,5.302769879583737,5.195004335531287,1.788067467863196,0.792486886107664,0.5063040623264645,0.6557859191177723,0.5803020259047397,0.5164682267059251,0.6215351084503049,0.603078880298548,0.6624513384818925,0.6779295825393383,0.933607487426939,0.5919579589625334,0.0,0.0,0.0,0.0,0.0,0.0,0.0,0.0,0.0,1.530601878924644,5.302769879583737,5.055618576430147,1.8626818851181193,0.52231547458791,0.7637400087291025,0.7665990240169532,0.5797895693327576,0.4837284749073629,0.5508776169049756,0.45800709099442805,0.5314853321895922,0.7149683968829115,0.5360950662274098,0.359257472498307,0.0020607414829143522,0.0,0.0,0.0,0.0,0.0,0.0,0.0,0.0,1.762814335279197,4.961180388960169,5.229993494357335,1.608775715048149,0.6907369881243629,0.5605256457682317,0.5701392568788244,0.6672867305491594,0.5692971141228405,0.6798320292726586,0.4778956208527293,0.6419073287491958,0.7015018884627198,0.616705426185993,0.0,0.0,0.0,0.0,0.0,0.0,0.0,0.0,0.0,0.0,1.9794106237672469,5.229824921339105,5.111826676458884,1.6372286462865338,0.6007774242535081,0.5969333058072875,0.541671352634971,0.4642001140819245,0.8999183066781251,0.39403380434609153,0.6136950052689503,0.5759059872017528,0.4599076733409504,0.8154996719626415,0.0,0.0,0.0,0.0,0.0,0.0,0.0,0.0,0.0,0.0,0.7236596255057576,4.970912759264576,5.202232012649966,2.6809385256326483,0.5090651603363973,0.755551443905289,0.6024685462043512,0.5642209448814776,0.53167210397184,0.4608191089716498,0.5171013475155718,0.7233657857161478,0.7495409989361417,0.6829784405138697,0.0,0.0,0.0,0.0,0.0,0.0,0.0,0.0,0.0,0.0,1.6390023412784867,5.050823588084703,4.9074596326245095,2.216708219539271,0.6448170004656439,0.23771281651668916,0.7916553281918896
5.35757256570296,1.187016917341461,0.5062969004509127,0.8338133095569765,0.4493913560289014,0.7469363829622736,0.45119554132879186,0.0,0.0,0.0,0.0,0.0,0.0,0.0,0.0,0.0,0.0,1.880392063458535,4.608793825443213,4.9861669427171345,1.5488632389887675,0.6253384287834323,0.578327550227282,0.41561079780421123,0.7792020205665832,0.703226457128836,0.6995198453315817,0.5909251475997196,0.6087778325829327,0.27336952577591345,0.7133000631749957,0.0,0.0,0.0,0.0,0.0,0.0,0.0,0.0,0.0,0.0,1.1082899722083868,5.247096394996234,5.2201372544094315,1.5700420980085275,0.6855756433523306,0.4804783974239175,0.7605862841741391,0.5741487502129324,0.7675663800380167,0.5911464633254813,0.5821202800586515,0.7098126801591627,0.6275902203864098,0.6874450548222679,0.933653250478832,0.0,0.0,0.0,0.0,0.0,0.0,0.0,0.0,0.0,1.5581824379098634,5.278512805627127,5.046425477769732,1.4548916435793688,0.44373838527305437,0.8933849061769454,0.6464647762002432,0.6203218937491832,0.5171379490164012,0.29710563156379793,0.823735302576948,0.5318166011154465,0.4759005655434391,0.7350577436881908,0.49607130523536314,0.011084046529360729,0.0,0.0,0.0,0.0,0.0,0.0,0.0,0.0,1.7560745759438734,5.200980916002096,5.222134378435099,1.0213353112711476,0.47108258738440645,0.5548261345759564,0.6484537765926746,0.5986915468845456,0.5592990186343426,0.6063900326227258,0.43843470781583027,0.6856473236822206,0.1681748913485208,0.7838929341766736,0.0,0.0,0.0,0.0,0.0,0.0,0.0,0.0,0.0,0.0,2.17204228027719,5.35757256570296,5.241864634507572,0.5691949910650622,0.8337616862651593,0.6393487725049345,0.6164226571641348,0.5762437104931156,0.7148801363417916,0.5535356032411701,0.611970410130313,0.4531784973700212,0.48778296060763615,0.8335428891068613,0.0,0.0,0.0,0.0,0.0,0.0,0.0,0.0,0.0,0.0,1.509024014778068,4.15472280015519,5.05772431207593,2.4655631408853784,0.6783804644421556,0.5339660357251717,0.653076613328312,0.5898108934952385,0.6179887754457833,0.5771992204407379,0.6374691379391363,0.5839967655245026,0.5724721463341133,0.66477077906362,0.0,0.0,0.0,0.0,0.0,0.0,0.0,0.0,0.0,0.0,1.9989205434504196,4.9873093183741775,4.989386616789896,1.2147233266873005,0.5035053549937167,0.7586438219108141,0.4331594643843459
5.893057897991525,0.7557955817507749,0.5754700153206967,0.7629566756893744,0.6351597718034193,0.7510967198531744,0.851105331134475,0.0,0.0,0.0,0.0,0.0,0.0,0.0,0.0,0.0,0.0,1.4708350231741925,5.980444653011508,5.427055178846474,0.6718018196310009,0.47890082016788127,0.7618266046971972,0.5667745483842266,0.8396755287045924,0.6310877401641974,0.7881481520464688,0.6616592819011355,0.6575118223709691,0.5511544432456538,0.6972635200379793,0.0,0.0,0.0,0.0,0.0,0.0,0.0,0.0,0.0,0.0,1.356493390780546,5.753610314019282,5.918014127608703,0.6417006862079576,0.9899518962457607,0.6899320970077688,0.6444282343791061,0.6218932008833626,0.8301924199953246,0.48443103758777284,0.8633206636658202,0.6811834261067338,0.24189860297993215,1.1134296865309783,0.7493772253290061,0.0,0.0,0.0,0.0,0.0,0.0,0.0,0.0,0.0,1.537331720419531,5.732936665405957,5.657045604991795,0.639233399777354,0.7284425031633706,0.6659445559369932,0.5938387734971777,0.808928979614693,0.6048305354431968,0.733444009546756,0.6474589750571146,0.7501590431279751,0.7258698958479832,0.6091417252150859,0.5015191600077564,0.0,0.0,0.0,0.0,0.0,0.0,0.0,0.0,0.0,1.6828693725386596,5.646597856048549,5.558099850453566,0.812340276678146,0.6445466198024759,0.7558737018227438,0.5042663581916506,0.5047690677458057,0.7679476111518118,0.52788594174476,0.8594754539391859,0.6589459081759274,0.5724887786790716,0.5920804885665153,0.0,0.0,0.0,0.0,0.0,0.0,0.0,0.0,0.0,0.0,1.936361322116607,5.856289168817635,5.159978357102134,0.6199770731270893,0.6954064138881871,0.676199733700045,0.6160103567462204,0.5979529789122857,0.71962912366766,0.7587755467584865,0.5298250349263838,0.6639595218939813,0.6599522344202603,0.7024153906344298,0.0,0.0,0.0,0.0,0.0,0.0,0.0,0.0,0.0,0.0,1.7010409504399555,5.5842111980074165,5.548502559303803,0.6373539361368006,0.7267765666913573,0.6370191955658131,0.8362554705538571,0.65380069240532,0.7254354934364954,0.6467991215510688,0.7020640490586629,0.5102264110898028,0.7372399741908459,0.998142730352675,0.0,0.0,0.0,0.0,0.0,0.0,0.0,0.0,0.0,0.0,1.2698803888537695,5.2681641555156205,5.996204561958912,0.9070671168814995,0.8274196808305888,0.5961317464917726,0.7105588493043413
5.540967689619006,0.9608292042950155,0.5740850281597454,0.693358768731575,0.47647146563913234,0.4688788372750672,1.1061911502164556,0.0,0.0,0.0,0.0,0.0,0.0,0.0,0.0,0.0,0.0,1.7415820824524406,5.014972227411968,5.516528658735522,1.1969032375566773,0.6174301755934571,0.5745509921100888,0.5813825710473695,0.5636548284876146,0.6392812378796441,0.591176447173436,0.5468318953758305,0.7383831929767245,0.43471307492554034,0.8303302650213904,0.0,0.0,0.0,0.0,0.0,0.0,0.0,0.0,0.0,0.0,1.365177168296059,5.316485032634963,5.528777787926094,1.2635227063973293,0.6230931640326416,0.7957905204278527,0.6367423370193636,0.5313927453855728,0.5936332737794761,0.6064861897742716,0.5812590585021812,0.5865596656413937,0.5511241302901773,0.6522558397989595,0.62136391009739,0.0,0.0,0.0,0.0,0.0,0.0,0.0,0.0,0.0,1.3373426484850803,4.866857988597065,5.362215263758844,1.9337103525172463,0.569304704354706,0.5228446331324439,0.6589718859330235,0.582175206067599,0.5163045928108614,0.68646189827466,0.5214731457182763,0.6309993447471441,0.4948455638606628,0.7403123074581425,0.4862306989886793,0.0,0.0,0.0,0.0,0.0,0.0,0.0,0.0,0.0,1.7391653852006073,5.5111579525115975,5.5242262358981415,0.7126432504033088,0.565766586164846,0.4748214277687402,0.7643926756628298,0.6059090643460014,0.6735169186360688,0.7397851296413186,0.5534476741989588,0.7295053859192493,0.5061554129118426,0.7755748460569794,0.0,0.0,0.0,0.0,0.0,0.0,0.0,0.0,0.0,0.0,2.0506259523611945,5.546934105759141,5.158365219352781,0.7416636106860927,0.6648621642997006,0.4815621466876636,0.6351101492577109,0.6634792369407496,0.5207582565068576,0.5022180515311776,0.8695596785681807,0.650043962313346,0.5751019410158952,0.6153460068706718,0.0,0.0,0.0,0.0,0.0,0.0,0.0,0.0,0.0,0.0,1.7425158140520853,5.125089679186949,4.992186195892212,1.2965577986224779,0.6567996977249676,0.7705217288775885,0.5447580733575582,0.6761028538801279,0.6597018017891119,0.6422366625851461,0.5853878043700252,0.6143098405681938,0.6797200757650373,0.720958462789224,0.0,0.0,0.0,0.0,0.0,0.0,0.0,0.0,0.0,0.0,1.8343228179376967,5.513636008213984,5.3117289115994595,0.7678738219807805,0.6010497504205868,0.762326912601534,0.525849134188608
