0,1,2,3,4,5,6,7,8,9,10,11,12,13,14,15,16,17,18,19,20,21,22,23,24,25,26,27,28,29,30,31,32,33,34,35,36,37,38,39,40,41,42,43,44,45,46,47,48,49,50,51,52,53,54,55,56,57,58,59,60,61,62,63,64,65,66,67,68,69,70,71,72,73,74,75,76,77,78,79,80,81,82,83,84,85,86,87,88,89,90,91,92,93,94,95,96,97,98,99,100,101,102,103,104,105,106,107,108,109,110,111,112,113,114,115,116,117,118,119,120,121,122,123,124,125,126,127,128,129,130,131,132,133,134,135,136,137,138,139,140,141,142,143,144,145,146,147,148,149,150,151,152,153,154,155,156,157,158,159,160,161,162,163,164,165,166,167
0.01894955155846902,0.0,0.0,0.0,0.0,0.0,0.0,0.0,0.0,0.0,0.0,0.0,0.0,0.0,0.0,0.0,0.0,0.0,0.0,0.0,0.0,0.0,0.0,0.0,0.0,0.0,0.0,0.0,0.5439321362300598,0.19561017241386996,0.0,0.08883000701631649,0.1620441859943932,0.3375361141012827,0.0,0.0,0.05479388468771548,0.0,0.0,0.1130121841795759,0.0,0.0,0.0,0.0,0.0,0.0,0.0,0.0,0.0,0.0,0.3772299137789868,1.0198902331143018,0.8403323904296031,1.0616479682417745,0.21584478781292799,0.8349983667398521,0.3027467173999335,0.6927063570475595,1.1004614156536079,1.3557736465072376,1.3612517853904886,1.2670724513903826,1.0861855341327789,1.1384190896513267,1.8431115590872367,1.9566419634469538,0.9838018729977421,0.0,0.0,1.4221475558130783,2.0885920290470987,1.547000416039818,1.8409577580708567,3.108440095531064,3.1040259209182364,3.0883579901180993,3.188999938219392,2.9354278790605384,2.2088464145587046,1.889369563618459,1.9855081596380664,2.0817033448169244,1.570787570044729,1.6852289057344838,1.927834558327903,2.0804707140251546,2.210211600501715,2.3388017673430865,2.6850783193010326,1.6856191947802879,0.0,0.0,0.0,0.0,1.7969803847339456,1.5053705019510417,0.9283326066029784,2.137551560406514,2.560496734732646,2.5073018240806815,2.3893094636001315,1.5894218076886188,0.0,1.661325160446214,2.102041532689844,1.9452968278779748,1.9480879725575877,2.046000869920546,2.074732088856326,2.0940252489089994,2.0367158439778263,1.9897662186325722,1.7695822038141316,0.8006293702420016,0.0,0.0,0.0,0.0,0.0,0.0,2.3867006373012947,2.8050145284114043,3.124818363404129,3.5587284029567274,3.973726873946852,3.550114960421456,2.9407045429215546,4.1947491569725575,4.376126440213239,4.631904155435179,3.968914373306459,4.01213616026217,4.16743398816573,4.328427283747016,3.8992639076417523,4.1110482856588995,3.580537468587601,3.061691945208045,2.455872407120823,0.0,0.0,0.0,2.6344763811756633,3.5868036720660186,5.439841454106628,5.708351069586109,5.913144374427356,6.056318030009296,6.568903955648867,5.842569545764462,5.779569297172466,7.064174038940319,7.176992564888141,7.279671722722455,7.291985699928409,7.046651216787937,6.347221979544894,5.979403453980087,6.301361420276113,5.55532605608638,4.774036746639933,4.2809447955014255,1.5710322025580652,1.0006421021786194,1.0991236435250982,1.7326848609306977,4.532857713356959,5.938386222131056
0.30340496659601224,2.845829855625433,2.1470158726847246,2.98343568072583,3.780560830096632,4.957554293254709,6.419812961921788,5.992440714030968,6.782665670329653,7.949406111769424,9.593158146389445,10.008445419262896,10.00123683767359,10.360994454931463,9.993022407490425,9.442125766574081,8.043565015075991,3.254415281239058,0.0,0.25182076777820667,1.454390167027724,0.0,1.7056758213369227,2.5997342500711893,0.0,0.7310394623892128,2.8262980599244463,3.1190192750191037,3.709319720832403,4.316090937370107,5.451709688203785,6.5547064920839375,8.08177919333832,9.84448313368176,12.787986983822773,14.628529440974416,15.040409200028572,15.040409200028572,15.040409200028572,15.040409200028572,15.040409200028572,12.945629097758019,4.021003916179916,2.0511368517404898,2.1674614038396225,0.0,0.0,0.0,0.0,1.4730747907846866,2.338431235763033,2.3831554149401937,2.992659545415841,4.2068631311988876,6.382706830773546,6.233839894165365,7.167992640166834,7.730096155656979,9.47352491719782,10.349623524838343,10.786974023864566,10.629040554498838,10.32057045778869,11.547118549041796,13.566978171200228,12.624697056927369,5.986203914862108,3.2828883268624858,0.0,0.0,0.4826996356017729,0.0,0.0,0.0,0.20971649024989583,1.7595069868525581,3.86046617750478,6.648307337681347,10.24312997732244,8.875523723237256,9.738224463466738,11.819321618243498,11.156970319188785,11.58786976074496,12.690100523962501,13.031108298670896,12.933411892199123,13.266538726632477,12.655529633298597,10.557494418510847,2.9658712065392985,1.2160670278805559,0.5872524197713087,0.0,1.1330996469577976,0.4829169195170457,0.0,1.274459586779986,2.4325132660598654,2.6901711998131,3.36605102798345,4.124718829367247,4.622423829937871,5.643889971346896,8.114724768939245,9.619727072214877,10.822101627520258,12.677368739889458,14.795734288377282,15.040409200028572,15.040409200028572,15.040409200028572,15.040409200028572,13.615908850434897,1.000163577049379,0.023256606790057793,0.0,0.0,0.0,0.0,0.7774594422315734,2.173072012952504,3.0868592384826767,3.180290873810843,2.6507492412316314,4.326127459591608,5.452301812086354,6.074119295412957,7.7078231535942585,9.557966892778172,11.7291511466607,12.430688406398188,13.315734763428448,14.392709941453356,15.040409200028572,15.040409200028572,15.040409200028572,14.905328754151789,5.893390625405254,0.5138028363440081,0.0,0.0,0.4040404209727952,1.117690530598165,1.8223327427463698,2.6067747419890632,2.6526152607041027,3.7055276178448677,5.505961414077347,7.596344290543205,8.914523216444524,8.865235738867291,9.654339200878173,10.626609305491225,11.500453270338925,13.507998867287714,15.040409200028572,15.040409200028572,15.040409200028572,15.040409200028572,10.692392879303359,0.6830681829691944,0.0,0.0,0.05458779315664707,0.0,0.0,1.0331830000459539
2.97123187328799,2.8433511536632645,4.81951337219605,6.3684849785388575,7.8834541930295545,9.15674642392115,9.712528599339857,10.741460624519826,11.248781965492743,11.847463485310064,12.635227614380772,12.794734835120757,13.351043097435817,13.205037878996647,13.43353227019629,13.634031322982803,12.966007434580225,6.995929941532095,0.0,0.0,0.0,0.0,0.0,0.0,0.0,0.20217609456639368,0.48751183190679004,1.4260579567282383,3.1975659978018385,4.668852553135828,6.145610233250779,7.634346679372255,9.731397940571332,11.22247046303019,13.076546522795796,14.20651675736075,15.010669209017374,15.010669209017374,15.010669209017374,15.010669209017374,15.010669209017374,13.272194481786338,4.843784498524018,3.3871545630754443,3.8823557745560815,2.177927279751852,3.218845004906793,3.357505361349543,1.2349866405890153,2.0453205014395985,3.4736994363481166,4.771963795410018,6.17601277709697,7.2066366905779695,8.283557592996539,7.324957480802111,6.8894291070694065,6.677975278842485,7.537638845120525,9.89788028621604,11.75138552380499,12.16194624289542,12.545647899692398,13.832135248861936,13.560592992133076,9.847217581273776,3.503857278211054,1.7880388455272773,0.0,0.6930949933805509,0.822526349658752,0.0,0.0,0.25102964885413426,3.1087463355257983,5.349540552039161,6.754177802662087,8.299452038087917,11.696189345556899,9.427046829268823,10.218995496459002,12.187765657274648,11.170796740753097,10.988428002367467,11.52385830936548,10.741127794034377,7.969192041845575,8.018057283225295,10.447840612256213,9.885484140044294,3.308556912348461,0.0,0.0,0.0,0.0,0.0,0.0,0.0,0.11240371061766721,2.0532207519409704,3.671911845281983,4.244005622280884,4.580972331746135,5.216886578006188,7.150055508051723,8.003854726434946,9.281130186684653,10.509650454344182,11.243100584894362,12.005540071785983,12.573919702137793,13.360514450981402,13.257770932711296,10.686990947223844,2.061566789510554,0.3720200448898607,0.0,0.0,0.0,0.0,0.0,0.787836152871995,2.688256173619487,4.005274904242488,4.8910947415604324,6.653992247719662,7.452645838721537,7.677858897111012,8.982316408377953,10.09394696743021,11.449998572175305,11.753778861301157,12.66151764390878,13.563899824053015,14.924177123375458,14.552834929820378,14.170111186250805,9.617311344627796,4.698034718535374,1.7073740893357294,0.24867517513272813,0.0,0.5472936559813589,0.31625326814151633,0.6208648506135848,3.559025049556152,5.237943921797246,6.720823625021556,7.705751344379445,8.729439500002389,8.820492794823918,8.818288240210626,10.273271917344077,11.238366697532781,11.832798365721391,13.01732148520369,13.376297057872025,12.926599231456395,12.752349946445618,13.123956078154482,10.022932394067256,2.9455529276889103,0.2962453581072486,0.0,0.17630450766651268,0.0,1.580641724356362,1.791848166483212
0.0,0.5777054027570981,2.6492369025041826,3.882011472973737,5.003840135789558,6.124175514980006,6.542261011842555,7.368552987318031,8.606429610174272,9.85186867942591,11.377448637790641,11.35120825266869,12.432823095800892,12.569109233683228,12.386128689481144,13.111779075062922,12.651749928193203,6.1874770852998,1.2626210813729537,0.0,0.8143479640178024,1.9247606607287275,0.0,0.0,0.7210035314152563,0.9946565106355056,0.764036915059216,2.646396359891141,4.179477535617661,5.479669016309674,7.046503247432694,9.314056635043446,10.921675569501556,12.13737582927941,14.780614709221682,14.780614709221682,14.780614709221682,14.780614709221682,14.780614709221682,14.780614709221682,14.49705909011924,12.42078079852938,3.983924336183903,0.9352967245403861,0.6044115029566086,0.0,2.424384729496329,2.501450938968224,0.9794109217640813,1.7893493491826702,1.2051599459404478,1.9364855801677665,4.206159738874199,5.350360345278633,7.318664980324552,6.810352996234469,8.47165789975625,8.782174556491295,11.029675655844175,11.937522501600554,12.583140813801991,12.038940687078776,12.189084849401883,13.89391698836836,13.819441339663666,9.586724939076655,0.0,0.6872274600690726,1.0951865447539462,0.9419216839517991,1.0114324949746138,0.4025140505982429,1.2002704331848046,0.0,0.0,0.0,0.5007101683070726,1.8751272607958585,6.440704069921269,5.90987786182635,8.209360648724742,10.1677276794673,10.895341799090938,11.26336705477195,11.42391222386859,11.460438205643179,11.569786211718435,10.12574042029231,11.059565115170429,9.44334856720199,3.1326694158559683,0.0,2.1175477614823897,1.1576800239791238,0.0,0.0,0.0,0.0,0.0,0.0,1.616452654169971,3.1286866654433427,7.3542372868634684,6.246504516676528,8.554307404199117,9.99825452437684,11.333235989566866,12.51332826257759,13.012188950660008,13.284119863310067,13.678603109455489,13.310351438499127,12.32353323528273,10.880074185387281,2.086681280598297,2.825638629318382,1.0029299186153695,2.335879923404419,0.0,0.10149670400513058,0.0,0.0,2.4100368727867063,4.849640320859136,5.269427456259978,6.330344243053245,7.679626431811916,8.120054358987886,10.195881582013623,11.896240037057009,14.671547740005714,14.780614709221682,14.780614709221682,14.780614709221682,14.780614709221682,13.167819058195617,11.464972678103234,8.460315111156449,2.4932986675656394,0.31889289315039426,0.7803717420087048,0.0,1.017560023550053,0.0,0.0,0.10108117801402179,2.7382311003683015,5.1830689700691375,5.955032732373037,8.155188371365373,9.984038816660615,10.18512112997805,11.922548258662237,12.62345594771388,12.288360459200513,12.681944211197555,13.316670803363312,13.555115161086887,13.03245796326705,12.707899154493772,10.70148715471896,2.6225736406033646,1.489029529026365,0.0,0.0,0.5374148265331481,2.6134245252939317,1.937214381866344
0.9873534461159743,0.0,2.505514797250039,4.389940733338827,6.032458635375226,7.759361991753234,8.617857932762725,9.503413686169608,11.191223735723783,12.618710421171594,14.10390090804462,13.350380957217741,13.953858584289389,14.023197437970357,13.709589194431317,13.691076958193296,12.33630416598991,8.5751218548716,2.977959037338521,0.6597776410074951,1.6344679278639445,0.5030672139961558,0.6031915848062954,0.0,0.667756794788469,1.1575386216782313,0.0,1.4962071424566288,3.57345745428839,4.740958820457909,6.786718679012362,10.089283234236715,11.594716746867485,13.85792146208295,15.123869595262503,15.123869595262503,15.123869595262503,14.968105750110567,14.774507026348092,13.854578874822987,12.385582087393855,10.99349004762435,3.6043664704614167,0.0,0.0,0.0,1.8039536886769234,0.9382373355030648,0.0,0.0,0.0,0.06969388526164923,2.122834079354552,4.4784377142426495,7.178029456005274,6.743219070536236,8.943166133164505,10.207352827426591,13.139960221357597,12.992403203178341,13.22912833392675,13.034329776387844,13.300894800199703,14.771850444725894,14.412703506307809,11.00302471468169,2.118698213564717,0.0,0.7514698216262414,0.0,0.0,0.0,0.7905858901351662,0.0,0.0,1.0096537000157455,2.374425520188632,3.7995472440192612,9.162814140651664,7.654136299124291,9.969446793412123,11.170441641146876,10.939940141046465,11.453571762987071,11.99205193342305,13.98355785070436,14.926867886897451,13.212212570730097,11.676620050718181,10.851405749848336,4.213426344460604,0.0,2.1746304347276237,0.0,0.0,0.14392667025940017,0.0,0.0,0.0,0.0,1.0689185924569906,1.5345193403644017,5.6750028225503675,5.846786386741352,8.239970690529278,9.282582071057767,11.539704683726587,12.567293352095618,12.428986141865247,12.159475170058363,12.059705070228041,12.948843197359599,11.064589438769909,7.843070004259391,0.0,0.0,1.5977746266378017,1.261343061168357,0.0,0.21019300632763216,0.8341329939096359,0.0,1.0811914226217034,2.537588039810941,2.815632389894421,4.602597973781484,6.768348872328568,8.666218175140068,9.93983857373751,12.206947481353973,14.880497151014913,15.123869595262503,15.123869595262503,15.123869595262503,15.123869595262503,13.734901991157244,9.964772760256,8.86092117867424,2.9702173600492667,0.26878986584780523,1.4720553043519056,0.0,2.0475350446282614,1.7763293414166497,0.0,0.0,1.266844740745206,4.144133014149816,5.208636177744157,6.478101780041395,8.081317688913431,9.319713816425917,11.787012871225793,13.306686634920647,13.983898599891054,15.123869595262503,15.123869595262503,14.261031355754838,10.921361197295706,10.591294227167564,9.982515155738895,4.808659283538828,0.0,0.0,0.3689644081445109,0.0,3.5167073900047714,2.3056863580326614
0.8762825057571203,0.9388783781312806,1.9460277410154587,3.6535371524654043,4.948665852661407,6.562980256284797,7.167169967216983,8.546160558919134,10.907876917245561,13.193841780455045,14.979070020624269,13.954971768500272,14.806108050071739,14.44746050054059,13.681329815646404,14.01005800218782,11.469643291010245,9.267382289786775,3.734198722983319,0.5998271029118707,1.1413030331450222,0.0,1.4522708667171795,0.0,0.0,0.0,0.0,1.5732237151140185,3.183637267171579,4.95914758467476,7.392854871232246,10.783646072333642,11.731470528384326,13.614759210673697,14.979070020624269,14.979070020624269,14.979070020624269,13.307681068390524,13.349133907883534,13.494472854010075,11.229489311270248,8.009240532701263,0.0,0.0,0.0,0.0,1.5560450357739493,0.6743665361619994,0.5545445028165371,0.8985161208916187,0.0,0.0,0.07887793507245702,2.637332340948737,7.42858338152563,7.493666098389288,9.111741961720707,10.336602880430604,12.5141737779831,11.921341657591105,11.223552936810556,10.406683169265705,12.987204344137641,14.979070020624269,12.592085902697342,10.451728725080837,1.6808725090860308,0.5487206239474487,0.59768957508764,0.0,0.0,0.0,1.1721172271322315,0.3614174744428337,0.8451118525274638,1.6717306799107565,2.969931804322343,4.1959770516110915,9.440133554312462,8.385127585081289,10.145486264327861,11.082817381677271,9.886955326322884,10.422606652268954,12.09453308343558,14.30691690216905,13.399436400504001,11.908051107101262,11.075252499620277,10.09898719405636,0.9518374683988111,0.0,0.9071176810647992,0.7897251841872317,0.0,0.0,0.0,0.0,0.0,0.0,0.5078201065555252,2.5325384573965883,7.4332965896430485,10.798011580689252,12.255833011095572,11.506980220402612,12.470913866463254,13.072949197553173,12.164974965240477,11.412585706020696,10.882727010168548,11.917447167383079,11.00450348699659,10.790321703531585,0.5527625972139903,1.0182545079621235,2.5492953898746635,0.29466651939630195,1.371509634927034,0.5492612277578477,0.0,0.0,0.8651511340285877,2.5191017072800674,2.9876297713440363,4.4513755231110546,7.914710309352904,10.57006605099615,10.578090736459185,12.363825206786121,14.979070020624269,14.979070020624269,14.979070020624269,14.979070020624269,14.979070020624269,13.958835902755279,11.69703348532751,11.100356872767758,4.4720519448172915,0.6626164386851487,1.8545016409883885,0.3825129645446216,1.693645892346851,2.3761421321770007,0.0,0.0,0.0,2.0838341698878557,2.899509341399158,4.914706469453582,8.258056672917713,9.29526066134699,11.287012949420868,12.513721117154242,13.084928192308126,14.63716020789502,14.979070020624269,14.979070020624269,14.979070020624269,14.979070020624269,11.890101810645007,9.865185643896856,2.1172759394555842,0.05389688298411802,0.7963378156223803,0.0,2.2599118665301297,0.10823147202611902
0.0,0.0,0.9121362756327283,3.3178958371024616,4.8314492297314775,6.793302589938539,7.645876398451942,9.613344560212585,12.300009410904385,15.215062124687593,16.045092567126893,16.045092567126893,16.045092567126893,16.045092567126893,15.135969071019659,14.805076411451301,11.446228673492902,8.531112839814865,3.1874867871202035,2.616461421302683,0.14936916657230687,0.0,0.0,0.0,0.2903461366733333,0.22702095275534973,0.6676713688747021,1.6487191483219086,1.8236672936375866,2.6064903906439096,6.221420084640112,11.953722191532242,13.305272157731345,14.903739501602114,16.045092567126893,16.045092567126893,15.843659768213264,14.200559964164642,15.973440010152347,15.773600510402108,11.939682796743176,7.7807851318458185,2.9792528195388326,0.16796209991052827,0.0,0.39912472792401715,0.01856600576945233,0.0,0.0,0.0,0.0,0.0,0.0,2.5718141375131656,7.111421121700523,7.999902499474843,11.333985242333593,12.42431448014814,13.547840957194163,12.571254726222115,12.328095851378858,11.265028669957847,12.448914024614377,14.844315946069514,12.998992431697824,9.404628107980596,0.18738019437384776,1.7224378059447818,0.0,0.8014293596405168,0.0,0.0,1.542847957454122,0.0,0.0,0.6625658301089375,2.2583516543568045,4.260214659717084,10.20968028658469,9.690166254028748,11.591927561635254,12.89491633238447,10.804268739504506,11.657259521868593,13.544292854015183,13.7997591519879,13.51958715336219,14.159644883247353,11.192442703629476,9.021970440118796,2.4649229865266777,0.0,0.36882592318128904,0.5179936559983203,0.0,0.0,0.0,0.0,0.0,0.0,1.243638257367638,3.7623309065748307,7.315100893233834,11.815239055003206,14.314036145997186,13.405800153865718,14.213457462674542,15.317713244557098,15.616929280542116,14.640636652717225,13.89318424723001,14.674111236941124,14.012876782341094,12.278955100531002,1.3195871512744415,0.0,2.250650070825719,0.0,0.8708332703618082,0.0,0.0,0.0,0.8667758446223816,1.8215291072002806,2.4284236682517473,3.9228854445098222,7.715435478914686,10.72367611015338,10.752059022861138,13.11124160102939,15.423382643033843,16.045092567126893,16.045092567126893,16.045092567126893,16.045092567126893,14.810430126167187,12.142883909074039,8.78140426277371,2.0633943828353245,0.0,1.0412817322658683,0.7598235462377787,0.0,2.549540226444635,1.0056572461696365,0.0,0.0,1.019563945725256,3.261416442118781,6.017154541355555,10.389787168304768,11.925110708296241,13.35934199854806,14.190853845791738,14.447382661994064,15.794602220863135,16.045092567126893,16.045092567126893,14.486113412005478,13.777032164401568,11.085430572844567,9.050647912335751,2.0721372055405656,0.02632610670303535,0.0,0.0,2.2563210586493194,1.3146089282056315
0.0,0.39307918380595275,1.0463537313292879,2.9441183834404434,4.115430935915069,5.97185796272981,6.765692303325448,8.709618240357784,10.94681866988938,13.441620808466554,15.282315824059092,15.025370736449412,14.56082839806056,13.360176039085374,12.40792812918209,12.680126897537404,9.703898129926591,6.087369528969364,0.6630366045289852,0.0,0.0,0.0,0.0,0.0,0.0,0.0,0.0,0.4254120326867663,2.2092862667250213,2.095418534010757,5.1305886512228325,11.878577255069946,13.16128905404825,14.802117624295114,15.300388417108012,15.300388417108012,15.300388417108012,13.403355282315289,15.300388417108012,15.300388417108012,12.716925969148495,8.645663312501163,3.8787877623266103,2.4730720729328715,0.0,0.0,0.1565534268978721,0.0,0.0,0.726174403487598,0.27651115243493973,0.0,0.8885913116122434,3.511094349810298,7.305191170531999,7.640162036185099,9.555886538532656,10.844952973851722,11.626314243087917,11.130980919226454,10.976594628058994,10.12501955191815,12.67917479645535,15.120301780544597,12.66591286739861,9.954423831026135,1.2644394835759651,0.4775281102531508,0.0,0.0,0.3133472729985762,0.0,1.1296609800541708,0.0,0.0,0.03856676263466245,1.9835033380940774,4.178865126494053,9.246987191781637,9.936581967453996,11.345570276323743,12.256254049334581,10.167193799561453,11.284558289263856,12.867401714875486,14.717020398176743,15.026528943704403,15.177855561375415,11.497131271368403,8.579671946219037,3.772320244392356,0.0,1.7032655170200761,0.777525106692762,0.24713549394799278,0.0,0.0,0.0,0.0,0.0,0.6162046195699366,2.5584098322508524,7.240480672036985,10.39145555519923,13.206685306598542,10.288312183284217,10.761200909702728,12.781481888013808,13.839392954592368,13.522240241181777,13.345370137680055,14.302382200890476,13.805702803085419,12.079886443626165,2.0447339709723775,0.0,1.524206903392242,0.0,0.19225727447330146,0.24359065016835146,0.0,0.0,0.07648499760459698,1.4666164155992103,2.3720262417158717,4.484969728258524,8.952930225404598,12.041008070801393,11.957858821609523,13.650509414736332,15.147135709891694,15.300388417108012,15.211658797685212,15.300388417108012,15.300388417108012,14.757933385478587,13.515759752399134,8.701858251749355,1.694553997313477,0.0,0.0,0.0,0.0,2.037763524041906,1.3858402373155214,0.2619116421944981,0.0,0.7314071975452542,3.3238603433184055,5.889617951831817,8.840539434934,10.888323731667107,12.486708109902578,13.309049852532642,13.797509626724137,14.861545512140895,15.300388417108012,15.300388417108012,14.288704411591,13.640551568266071,11.902014992434696,9.552896175076663,2.1972659905640843,1.1348945720892665,1.300292039947077,1.43700233285303,1.9071585565252716,0.6985524714190329
0.0,0.0,0.5540137514845377,2.569688379358515,3.9950862202977335,5.880098825807244,7.040707577653466,9.48136556392084,12.042005442414341,14.223772450905733,15.164184745631418,15.03692816963623,14.20450857127972,12.858063442263363,12.07592624842404,12.659191656095604,9.443102634431417,7.724596996917258,1.5575632580289913,0.15007848415532737,0.0,0.0,0.0,0.0,0.0,0.0,0.0,0.7811639105671533,2.772939347095646,2.6667986513530244,5.318795759387154,11.404797917908892,13.420329567086377,15.164184745631418,15.164184745631418,15.164184745631418,15.164184745631418,13.663915101909836,14.516163489795531,14.758686090145186,10.320587581367361,6.24801108790409,1.9625333838098187,0.22597237842549672,0.0,0.0,0.0,0.0,0.0,0.7178486391469057,0.28348740916945275,0.03113071599794212,0.2594634574718534,3.3279000570508677,7.753116360396807,7.988923311817578,8.553246612543974,10.072587614596571,11.27006645407496,11.015856997648529,11.118763697177483,10.633859497990008,12.304788875387123,13.603080180401436,11.218401150114815,9.905058837568367,2.6359102817035422,0.0,0.0,0.398979792922119,0.0,0.5962851121738827,0.32107337887641185,0.0,0.0,0.0,1.242295627700427,3.354613742515925,8.473198427336884,8.817596427696268,10.598412079457983,11.512370321310108,10.504857576357985,12.146070885136679,12.584774492803312,13.433046818826536,13.226599816821231,14.910234695832521,11.997454387810754,7.9689336359479706,2.0534023052301467,0.0,0.38047571711586803,1.2441609602006938,0.4964089283114729,0.0,0.21090185325620728,0.0,0.0,0.0,0.5871693870303921,2.2672794542098638,8.734395593301567,11.128199952200033,14.03976457411018,10.892517732885882,12.993112159498915,14.935126885805799,15.164184745631418,15.164184745631418,14.471638647011451,15.088033986828277,13.72101709877809,11.091422961719909,2.4394242230388508,0.0,0.3238943129688808,0.0,0.0,0.24630975634050475,0.0,0.0,0.23121525074582577,1.9285877217643812,2.007891355719093,3.698700590500641,8.379692732452522,11.48758117090317,12.067791545818393,13.242584507441325,14.199632268995558,14.373580230235461,14.15022660464809,14.893049684650173,15.164184745631418,14.684227349484019,13.698330317066787,9.393903049216625,2.782836568599182,3.223010975689709,1.1591503804401986,1.0083964900046414,0.5739375023684448,0.5353062516221553,1.479414073952397,0.04464861454386438,0.0,0.8971963481872499,2.6322022130991356,4.92584669038182,8.70309144996335,10.379123997461743,12.745254098095803,13.790275956762558,14.419322566842853,15.164184745631418,15.164184745631418,14.029381078161995,13.063321873832399,13.275272454078346,12.278742461499691,9.813027331567316,2.1201238138935374,0.9310187468918156,0.0789102024526496,0.5103916912167136,0.7692359509437026,0.35407137631378677
0.0,0.0,0.0,1.6170624941688028,3.4288147500771116,5.287406182023705,6.827671899656559,9.415046096056074,12.275553897090337,14.309805514621956,15.294417089374319,15.294417089374319,14.757785685511074,14.206468110872544,13.585011536030443,13.828141047634347,10.757790565516894,8.79956700239172,2.8493862857074004,1.3108236989591475,0.0,0.0,0.7064844669398986,0.0,1.7868944760723224,0.0,0.0,1.3403156904112823,2.452806117199756,2.8493703323871915,6.038586952240954,10.909000692549562,14.185165414492852,15.294417089374319,15.294417089374319,15.294417089374319,15.294417089374319,13.355698511345855,13.28122658937351,14.295203212730058,12.204214295588748,8.02458023194941,2.2011315514827463,0.0,0.43525073181361357,0.0,0.4438657811191356,0.0,0.0,1.9177985334292151,0.7058063368787277,0.0,0.3513131636878879,2.9260387986477445,7.7911667481619515,8.554149328860692,9.75518638042364,10.583221131225015,11.74610695703094,11.822896212715934,12.02186055265316,11.255682749821126,11.472416353616321,12.086913634374095,11.475006261199969,8.557735635243683,1.642464738033066,0.0,0.0,0.0,0.0,0.6685814862405582,0.10289492701818706,0.0,0.0,0.0,0.8155607357776485,2.848007690936766,8.099035744792396,8.412621499767457,10.332625465763284,11.26068115294719,10.261612223612257,11.568506391899346,12.408396738661775,13.910691730960544,13.351288102021782,14.611962310999271,11.887903713521984,7.79369831217455,3.0316588946144956,0.0,0.0027247986036304113,1.3902552802799046,0.035995960684853556,0.0,0.0,0.0,0.0,0.0,0.14318344187406978,1.4312561108831205,8.090233158510202,11.471088125756632,13.978116843491986,12.685610746796845,13.89379032772195,14.49066967325917,15.060126628784515,14.681945424473943,13.413071208909013,13.336376761526976,11.580187868765547,7.789923300803945,2.1208255003099596,0.0,0.0,0.0522622223626261,0.09084971445122107,0.8822347887841065,0.14235839882661674,0.0,0.0,1.2256380968958551,1.4833359526100713,3.7630142459034093,9.31623305391794,12.409328412561983,13.64243893069146,14.549566596616012,15.294417089374319,15.294417089374319,15.294417089374319,15.294417089374319,15.294417089374319,14.538440295293087,12.475397037066507,9.621754633431912,2.075067731477273,0.9780012025714633,0.9280797880926506,1.3912768625347185,0.026681415264309158,0.16167929400334138,1.097099689021387,0.12729960407216512,0.0,0.2515226958062343,1.6486590704133703,4.6845703225295825,7.417267414995485,9.414573877777885,12.228232702877165,13.207915157494085,13.698118753075866,13.590369116765784,13.751821275372649,13.448666256959399,12.913713142382143,12.817757111988874,11.709195532158734,7.917244470346464,2.6142391318223708,0.8914730146602938,0.0,0.6116654524683839,1.1435875501582113,0.19423343980538407
0.9531828356157889,0.0,0.30776807578702425,1.1742009197268095,3.540360891236444,5.971395064604181,7.859265034666471,10.166771980043412,11.886427916684658,13.995709804072359,15.281699695337057,15.281699695337057,15.281699695337057,15.281699695337057,15.281699695337057,15.281699695337057,14.127279017492091,11.498385041108156,5.548145161981354,0.20683690038204539,2.7579362356665937,0.9626943802520441,0.39617241745003745,0.0,0.0,0.0,0.0,0.0,0.0,0.0,3.410234708218318,8.291747872536824,11.674147373685345,14.129261049465516,15.281699695337057,15.281699695337057,15.281699695337057,13.293761703844428,14.32821934998169,15.281699695337057,15.281699695337057,8.992975482281768,3.2503322748696557,0.045781488702794214,0.9692707914873965,0.0,2.3193403867293068,0.9130573338334823,0.0,0.24906999053476053,0.0,0.0,0.0,4.034364143406926,9.505260611170362,9.632998746244404,9.59189071086176,9.48985249864166,10.757303650588751,11.821524567297535,11.590811855633596,10.811434255421789,11.65997620941947,13.698179114708731,11.947886392485618,9.644437329664564,2.3470487565048495,1.5739371918873346,0.0,0.0,0.15106771483063022,0.0,0.0,0.0,0.0,0.0,0.936457732976989,3.0904674145076214,8.12716817164058,9.61777098405152,11.11077026986415,11.97970638557368,11.419576498657475,13.752174001359764,14.475447162507649,15.281699695337057,13.921549381640236,15.116658188277889,12.734203837185259,9.002779982356191,2.5578625867352263,0.0,0.0,1.1103187585732364,0.7399870488194635,0.0,0.0,0.0,0.0,0.0,0.0,2.6062950773597366,10.218591732341256,12.284930200878273,14.025561428091223,12.015052318812995,14.312704666800007,14.893158579186354,14.767818739234567,14.760189373513333,14.419768095195375,15.034522273217409,13.111325497981724,8.191000349336186,0.4363743461028726,0.0,0.0,0.6799068754113284,1.2243976328598343,1.2588394234118228,0.0,0.0,0.0,0.0,0.2010931293018892,2.649867672950144,6.653506449612789,9.310475872465874,11.827995318740186,13.934227645904068,15.281699695337057,15.281699695337057,14.743745612844105,14.52786808259155,13.743135534782423,12.73780537873991,12.067898610648545,10.219593678651352,6.757712964733963,0.4766640589153764,0.0,0.0,0.0,1.3196953651363026,1.8711300659439094,0.7696220019487702,0.3865513987936508,0.4770210876814992,1.9478168732254293,5.810646442053629,9.111370923444312,11.649107824535783,13.924708245097882,14.680738674563907,14.947783781152463,14.447119407740411,13.60500539475213,12.762850393051163,13.958420094991459,15.281699695337057,13.841578581469845,8.534440218628374,2.5950921790375197,0.0,0.0,0.0,0.3957385348476289,0.7707350162844901
0.2064178558146276,0.0,0.0,0.44718292377890745,2.4981073400299114,4.604240806839026,7.073743811095023,9.986737568541011,12.851121103460065,14.46412874800595,15.102390754661164,15.102390754661164,15.092329525106459,15.102390754661164,14.604753717231663,14.284158133024974,11.213886212583743,9.384519374411509,2.7828083153253367,0.8049956392817945,0.0,0.7576200597861846,0.4163401962235252,0.05388959438621937,0.06241628276977182,0.0,0.0,0.12119997512698574,0.13604880097766467,0.5221105372367248,6.911832909627624,11.607808059389257,14.22739234641415,15.102390754661164,15.102390754661164,15.102390754661164,13.929057131327822,12.759400713213319,14.199744444066189,14.794646035008732,13.035726707344786,8.413646279201732,1.4489068480977931,0.0952348611311978,0.6552900098061367,0.0,1.3002267965587053,0.0,0.0,0.8526542105499069,0.0,0.0,0.5696254747085749,2.9535760153602157,7.019816718892427,8.728398842826907,11.259531266447066,11.028190499636596,13.05986933744742,12.8418916334212,11.65738056646428,11.189964124776974,11.21133692367805,10.757442875331602,9.621847189425285,8.391969221949623,2.401599831703904,0.5829407720823183,0.0,0.0,0.13747290221851327,0.11886498356949678,0.0,0.3816066974913676,0.0,0.0,0.0,1.5690272349300374,7.37791619564073,8.025688976283618,10.331084207753593,11.049075404968855,10.606179665891386,12.440011360339126,13.06260856277935,14.047085967039877,13.212331576839043,14.9416721318504,12.34980596063909,6.893105718104312,3.2193621131376835,0.8265901619553225,0.0,0.8140390548889154,0.0,0.0,0.0,0.0,0.0,0.0,0.5610418222753886,2.5113900624063827,8.542327757890467,12.04617502993405,13.354458934194561,12.739957884444236,14.390055342119087,14.735851259275936,14.393344572931728,14.794011413300218,13.928414408065581,13.816230393280312,12.735873801193838,8.593082191636809,1.8502473551628928,0.0,0.4277442583082664,0.528159809873506,0.7174896885353251,0.09223697681833902,0.650937787631734,0.0,0.0,0.9494664273132647,1.0135132602919166,3.8153839689259663,9.317401602484493,11.466446748947137,12.480597443987056,13.72823401722949,14.706974621279574,15.102390754661164,14.800787012732826,14.274453371834202,13.191866151955248,14.101319568025096,10.668754266523548,8.395140530146923,2.5008969750294665,0.0,1.043833662675149,0.0,0.0,0.0,1.0425574429201896,1.3662180024315291,1.1120541460814992,1.3617587722349993,1.4916817015106218,5.002567198353421,8.163604425874398,10.95713537259888,13.0611646858709,13.845026015739418,14.587133738050866,14.538032921437207,14.608995330693395,14.602142316414074,14.171542035374333,13.3609194732045,12.729905656615895,7.315326742160072,1.458593268271103,0.3234213386332717,0.0,0.7975305638706546,0.31579130658654986,0.02753794063437217
0.0,0.0,0.0,0.22191548230292937,2.010085238427796,4.274493192575427,7.325103190023682,10.364375218182555,13.146314955064165,14.183678709071124,15.190222381256524,15.190222381256524,14.708731035419389,15.162037036159427,14.11012247325252,13.862880046599798,11.408829220742529,9.430588306720331,3.908295119036607,0.9754313699934553,0.0,1.2322193980014784,0.6149116181173555,0.5873890881245047,0.08247018790408983,0.38686808111653176,0.0,0.053442870132524786,1.072913007167368,0.7935916988985066,6.84930414308232,11.823138401737081,14.2677657431173,15.190222381256524,15.190222381256524,15.190222381256524,14.233869990968248,13.291410178102712,15.190222381256524,14.733907710366864,12.156862666091033,8.523424006476704,1.4382492456479075,0.8120143145300822,0.6175125152249541,0.0,0.8771613489697738,0.051277502475094425,0.0,0.5899668973329714,0.0,0.0,0.9917355011157152,3.890190131782059,7.73039269842404,8.983353065340266,10.967068074976247,10.269896818711407,12.406461869270826,12.444828525181183,11.268037401020607,10.9501079758963,11.775885168180467,11.33005149808888,10.805220091246035,8.011064592204129,2.256315192797998,1.0872466313691111,0.0,0.0,0.0,0.3549717523499002,0.0,0.7612022624038471,0.0,0.10580110415074603,0.9622839431976015,2.605532569229213,7.898795834692093,8.202999277430536,10.581309118425857,11.12637820061757,11.076166094340836,12.683398050430593,13.454044961219028,14.309793868207635,12.971331314839617,14.210323050077141,13.120386791635141,7.901729355993558,2.4342776247144657,0.0,0.0,0.0,0.0,0.0,0.0,0.0,0.0,0.0,0.0,2.2535161245561834,9.119225804435382,12.913690337489266,13.052771841859812,12.35640096609821,14.063289348919325,14.164094738160422,14.26092086008055,14.601150479542842,13.578205344895705,13.644058371074538,11.778593242937466,7.343334028963693,1.2980454882979904,0.0,0.0,0.16389427611375068,1.24107802118163,0.0,0.8662961157327176,0.0,0.0,0.5755993769263754,0.6640152788838064,3.2531058120638368,8.69324320055818,11.710603454329172,13.363750451233704,15.11443703141193,15.190222381256524,15.190222381256524,15.190222381256524,15.190222381256524,13.69514147966362,13.874818753970512,11.487082712274713,8.204054982935938,2.589627496598811,0.8764904417832352,1.9865183785648883,1.2281875038516066,0.5639668105711121,0.4186501021472653,0.3706418999478361,0.6502335573296942,0.5692025575791503,0.6311369221722362,1.3361157363268459,4.680007242112441,7.828394945088181,11.582016531873835,13.907855274108734,14.930192880115968,15.190222381256524,15.16581168131554,14.82289300066024,14.82716924174259,14.068796039214234,13.28754499216569,13.034565901634549,7.289548278064466,2.107407523827308,0.0,0.0,0.020150657170216576,0.6308916132439598,0.20973194700183828
0.6566921831869429,0.19235174620243536,0.0,1.1513580543760966,2.128068740793533,4.020889328325886,7.144443589528864,10.658863600249132,13.768454284288277,14.158530913974266,15.173907002417998,15.11987422653084,15.011447805057164,14.859613914032282,13.433966059268627,13.32061136964509,11.418316143633946,10.017553827160526,5.769507424095882,2.2065816418312356,0.0,0.5744033211455851,0.0,0.1122712538150423,0.0,0.4520351137469697,0.5068743915820568,0.7541743718140513,1.4716147632634027,1.5593497392121125,8.05752487586431,12.06371396444459,14.658394235880378,15.173907002417998,15.173907002417998,15.173907002417998,14.23911881578327,14.150848640224048,15.173907002417998,14.984314744955146,11.85142761551241,9.31647987145588,1.1018627175189148,0.0,0.0,0.0,0.0,0.0,0.0,0.22208377190356912,0.0,0.1304920717019938,0.4899620160572176,2.30602204601679,6.05625502986603,9.221715850178906,10.968337857160732,9.536345388509888,11.205472662534339,12.085558791132724,12.042412703393833,10.796307925066579,11.972697923203043,12.085899763254673,12.401960118288368,9.027497405968662,2.6111190620074303,0.722183250355184,0.0,0.0,0.0,0.7270941081248151,0.0,0.8125177995705013,0.0,0.0,0.5571803851369949,2.2974409896506924,7.210848136387207,8.82729612200592,11.052930598640794,11.197401481589326,10.968333334984047,12.318251914567632,13.212449947725078,13.886499375568116,13.38065864052153,14.075911650398957,12.179251960971003,7.259911944534349,2.3602504060455174,0.6055563136833428,0.0,1.4207302137289974,0.0,0.0,0.0,0.0,0.11168599936136263,0.0,0.0,1.956950253409975,9.379361642677642,11.757090487714377,13.18693673131115,12.5540463467722,13.683836218618785,13.918564321561345,14.099417020365335,14.425608860041125,13.700367487703609,14.138651425272855,12.256382206487674,7.189590740450281,2.1073691553505376,0.0,0.0,0.0,0.9960892309967151,0.0,0.7746982706928862,0.0,0.0,1.0475764736286362,0.6044772657994107,2.9877489993245283,9.226392685305157,11.059048199258461,13.251269216813036,14.594875742181554,15.173907002417998,15.173907002417998,15.173907002417998,14.99465153641868,14.28702042452271,15.173907002417998,11.49508823275727,7.538066510170188,1.5170457938261364,0.2229653985116548,0.23071126537148698,0.2441182049809689,0.37172467574111306,0.0,0.40659413439553194,0.781180528332884,0.41186054830691654,0.35615911748708784,0.7565838440783191,3.4708990345343,7.084129510228088,11.408523822243128,13.869278926756701,15.033752989331697,15.173907002417998,14.869018232663642,14.517524814442721,14.296043975877303,13.67344787434106,13.181849282542021,13.783917415240417,7.689132987811853,4.167613611915891,0.852425669640635,0.0,0.22736660696903632,0.5035556226411201,0.0
0.714580399810519,0.28969895576786847,0.12944105785417132,1.5145961394160918,2.336664317336599,3.5601546483023285,5.379395751889918,8.74817385201347,12.607551745166646,13.754731126194292,15.110801110354252,15.100440658109232,15.110801110354252,15.110801110354252,14.253329804418042,14.137749020687986,11.575809940713796,8.773213488009631,3.5145433945204303,1.6876212310526297,0.2224185707944459,1.3718056584338687,0.0,0.3075849327633903,0.42002349031159625,0.6532093787270193,0.295179444062611,0.6160893410275748,1.0542163210893807,1.307567116717918,7.926613316438143,12.151667528189538,14.669388021449887,15.110801110354252,15.110801110354252,15.110801110354252,14.799861448653074,14.550418902385939,15.110801110354252,15.002203251622515,12.307213015650454,9.162575729683532,1.5026230304950112,0.503139425854218,0.0,0.0,0.0,0.7550519577968674,0.0,0.7322544369713102,0.0,0.0,0.0,2.386771510220826,6.744774651478759,8.915395676334722,11.330514997905613,10.202751444839883,11.566425819011556,12.030416101380752,11.718898207014938,10.523043704655667,11.972203743778369,12.141105324983648,12.16877312751471,8.002438352789667,2.590238930437351,0.6198767312056657,0.0,0.0,0.0,0.8008140181703312,0.0,0.7156805730190119,0.0,0.0,0.2162427762968789,2.0541125469754795,7.42673658190424,8.623742145549187,10.740573572148083,10.58060307365702,10.321342280852202,11.90421276929133,13.309234381680179,14.176824759247513,13.44209099210864,13.984074232984778,12.161864958452785,7.665295384371598,3.1494768321744817,1.102266374711882,0.0,0.0,0.0,0.0,0.0,0.0,0.0,0.0,0.0,2.031340582772756,9.375473431141337,12.334469210194385,13.095472933921151,12.713797043586814,13.773534495882139,14.092987327592875,14.41788923659496,14.667218297946604,13.783359947811283,14.164956578839563,12.308211863041546,7.4472773516077915,1.3690865238317893,0.0,0.14179567255079717,0.05274031312575691,0.7321157331857122,0.0,0.3496545677665163,0.0,0.0,0.450482565797515,0.1350526927172973,1.8158659406099584,8.818558817812972,10.839483782062343,13.075068165981401,14.048621030354111,14.808226908137708,15.110801110354252,15.110801110354252,15.110801110354252,13.694980417515277,14.085409057125204,11.66083446061141,7.393698961387886,1.3292839414087714,0.576868931717647,1.3360892084739127,1.1451050163769616,0.6900618599764041,0.0,0.7764875470523122,1.0374860776255599,0.7220413012063661,1.1600733164604187,2.00495759160634,4.994100053021047,8.544520667798377,12.222993698248455,13.349734085726917,14.395212068323627,14.734429288808139,14.4238237771359,15.110801110354252,14.787843756372338,13.372020361511565,13.631488309320847,13.690665288704889,6.852236760381673,1.5835314705213084,0.38677888366714,0.0,0.0,0.0,0.0
0.815754072127281,0.4372475090958093,0.7739554056157827,1.8833859079521444,3.6126043623878163,5.434501486944934,8.206818905792282,11.1898361703458,13.768887921528897,14.044301345735303,14.637290236286617,14.637290236286617,14.483930890031884,14.637290236286617,14.188453722021746,14.637290236286617,11.186841047830766,9.664959360594176,2.8887474628600356,1.5499983671295685,0.0,0.6783397945210221,0.0,0.0,0.0,0.0,0.0,0.0,0.19256879783934924,0.5731932071591005,8.235394276527755,11.28296328001654,13.929611622327585,14.471397266364256,14.206698406564236,14.104660960090108,13.617090261642328,12.7307119770915,14.285776446074891,13.220211663561633,10.37859942871727,8.396063012945888,0.7444966787642397,0.0,0.6561959651765641,0.0,0.0,0.3060587655097921,0.0,0.2965428117494198,0.0,0.094279180536194,0.49383543821169046,2.9135534112750303,6.691845281495988,8.461478477861315,10.947622976895895,9.521065229651295,11.388947692484846,11.812741388028043,12.07135141589319,10.504119752445877,11.46177026201799,11.57116072117977,12.338611790317195,7.721191154574617,2.2221372743565504,0.6861173088977827,0.596162865415774,0.0,0.0,0.508154749909508,0.0,0.34568838379517186,0.0,0.0,0.6530372581955921,2.3944098203379123,7.7642544380641345,8.193076065752434,10.449733806561923,10.599191554247701,10.290947818290439,11.272274889124704,12.582322108799373,13.551837072517113,12.917962534886861,12.736085399628665,11.705629769533106,7.069310547609525,1.6543877219986582,0.016651399108322095,0.0,0.38463116543622894,0.0,0.0,0.0,0.0,0.0,0.0,1.1146300891143892,3.06622570277282,9.355577949204463,12.00717570311696,12.87780974621533,13.803244149178035,14.637290236286617,14.604965945817066,13.989189521047823,13.35155559427767,12.381832987344499,13.352311136397688,11.238838224286766,6.444588888017494,0.8600033429948566,0.0,0.0,0.0,0.0,0.0,0.0,0.0,0.0,0.8699000941278572,0.07660979529633333,1.9094453496014743,8.698506698078814,10.721133958537292,13.408148839888694,13.759669609704302,13.213798280046337,14.248432075514602,14.637290236286617,14.637290236286617,14.637290236286617,14.637290236286617,11.112785705762303,7.7591017454996765,2.115396229205121,1.0103412841636965,1.6398896670077248,1.4808740061460617,0.8412295172332085,0.0,0.47413883247768035,0.7877133499546528,0.0,0.7961554534883684,1.736850978447455,3.687871320067334,7.268630149189246,11.360442117788175,12.47712551911903,13.403500423704571,13.871137373470884,13.75674428322807,14.164395899897645,14.20987325387918,13.011844314227135,13.533097708549622,14.401698942017925,7.052256321753828,3.8487743094406905,1.6083323695708052,0.0,0.0,0.4445049066631167,0.0
0.0,0.06927305054729171,0.0,0.307105044221853,1.8516700942835,2.904275152383332,4.890118231535087,8.20881354430165,12.163848355020958,13.528711839700174,14.578035018268483,14.4821843502186,14.661460069181903,15.020337389710836,14.556058534094635,14.52536021389921,11.738627961744452,10.48838293905069,4.109638799425521,2.158853391736698,0.0,1.6400874574167277,0.8654458226802054,1.019963080954824,1.0173391216908394,0.9214187335649761,0.4249247264374457,0.8882658862003203,1.2823912375007553,1.3963399167338326,9.651296176938022,13.263874031988973,14.55287043533947,15.020337389710836,15.020337389710836,15.020337389710836,14.701172087289997,14.015311863011913,15.020337389710836,12.957837142976098,11.129188998275417,9.223659417882185,2.6500643405226842,0.35363236762217365,0.0,0.0,0.0,0.22744308684751133,0.0,1.0707356351612094,0.0,0.12973068013956138,0.4680807820065847,3.4395894768719337,7.057354818924324,8.667216664975374,11.49970856430061,10.756224417450907,12.504443124390313,12.733461599583837,11.938996521671454,10.62824387348824,11.38630052340951,11.04844621185806,11.304198699106632,7.952349307962836,1.9475138238988576,0.2995042689725277,0.0,0.0,0.0,0.6346438340824043,0.0,0.3907900905871442,0.0,0.0,0.16880724395965602,1.836586609082052,7.204406657378021,8.080469515897928,9.975387320232471,10.09165310086704,10.156843945842105,11.522692240583295,13.102900560386486,14.269878997058619,13.800905283292435,14.150455557252617,12.441850387415107,8.598010480793086,2.2982991392049397,0.2801829949955965,0.0,0.0,0.0,0.1519659847078216,0.0,0.0,0.0,0.0,0.11742945122853624,1.9027841985250151,8.181786775073633,12.127370990325506,12.434713200311432,13.125744572696743,13.627449791795387,13.723933424130559,13.856325021888987,14.135264414405757,14.250087895940476,15.020337389710836,13.637558419440595,7.425224798241875,2.0929740750001264,0.0,0.0,0.0,1.1437099488431193,0.23450621735362864,0.3947581756979279,0.0,0.0,0.38849805707813806,0.0,2.4983317446085267,9.111834235345235,11.823654671931388,14.403079034349739,14.652370272309899,14.609841697424564,15.020337389710836,15.020337389710836,15.020337389710836,13.729041902506571,15.020337389710836,12.486773841314783,8.233751620916411,2.346074289695432,1.135347904224866,0.7221328491998562,0.48932839482433904,0.39750951678612145,0.0,0.2028771397394063,0.33839075325963824,0.0,0.6059153578313932,1.3370887074450375,3.260860103672556,7.825575603967021,11.226924234671166,12.75050955703845,14.144800061651273,14.712561863297642,14.863583381582963,14.940608957657311,13.16441716854852,12.583227929348094,13.838991469516401,14.283205267760854,6.762507162779203,2.249393247706929,0.7761203606176439,0.0,0.0,1.2122570936555266,0.562538615280185
0.0,0.21760372243630124,0.0,0.48521223273024716,2.631666583037411,4.3061830160340895,7.46839304796688,11.310394546644051,14.941085396068457,15.408038166270895,15.982780192476124,15.219767307347768,15.307323273840067,15.739874021781441,14.225059965082284,13.405009190088045,10.878306785599523,9.072494032457861,2.597023779010548,0.28434647498713717,0.0,0.8109584649320672,0.0,0.14926504643085606,0.6405780365425792,0.29071760576091954,0.21380438384646125,0.7893866455311492,0.8468317923896272,0.7287562607585081,8.906183613752999,13.68147047902878,15.65733184137576,15.982780192476124,15.982780192476124,15.982780192476124,15.920732327115365,15.533258021556769,15.982780192476124,14.845697710895157,12.709998219919793,9.622490075880263,1.8994424456302585,0.007605226634239257,0.0,0.0,0.0,0.6362589689632121,0.23421968865320186,0.9612729721453044,0.0,0.10783081526899295,0.0,2.0859472143612288,6.56572769132383,9.101067754647117,11.78172473411193,10.16290343371549,12.445630796525252,13.195246593731108,13.101591775153203,11.727972526976952,12.594215295086903,12.037638359723333,13.006849985280441,9.372812483657233,1.6461409806590819,1.1417043721229558,0.0,0.0,0.0,0.5779267877954233,0.23067982754490146,1.0586469282649462,0.0,0.006961058008085792,0.8765526813151889,2.429449434656737,7.617550087938004,9.185745771725077,11.006257882517609,11.337145853331938,11.697946016685457,13.266214101715658,14.090167875303262,14.896518620331385,14.177800053630435,14.330965836115807,12.805242055254771,8.36814044398228,2.2546430634975736,0.7380869709666383,0.0,1.140059625461632,0.0,0.0,0.0,0.0,0.0,0.0,0.18477940423807138,2.6974631180259183,8.874443289824827,13.035400843919234,13.652867224753512,14.817058255998326,14.69113344123989,15.132488561404811,15.10936398540888,15.356177917936606,15.370694367183784,15.848929346891037,14.130842131574264,8.07646346220942,2.501066648533567,0.0,0.48280512955822275,0.6025224903663622,0.3105524502722197,0.0,0.0,0.0,0.0,0.34690037502334375,0.0,1.4266614944370022,9.234447992151871,12.483539515838348,15.10667370763791,15.485853307618664,15.982780192476124,15.982780192476124,15.982780192476124,15.982780192476124,14.358049616933322,15.49342781135697,12.818029448498299,7.631884105105459,3.0649363420084015,1.7135688061568188,0.6768610621530704,0.6597018484507252,0.22097073748473256,0.0,0.41569566709256295,0.5704100383382303,0.003333434208691002,0.5006529290967324,1.297370260035095,3.9014529220886462,9.43070108812987,12.061465989895957,13.197790163719949,14.392490697759758,15.174968085514337,15.026418834926314,14.83518047768287,13.344177856141425,13.984624963133314,14.817989945679631,14.92168281555807,7.900531299352011,2.7195428773981565,0.39315476657885506,0.0,0.0,1.934452138193433,1.0065276787730852
0.0,0.7507652196147556,0.07320476907943875,1.2808661855737016,3.1253428000411643,4.8685468779631735,7.823370347166712,11.684576578083584,14.725946716966673,15.19558979331845,15.948553947228014,15.948553947228014,15.374739455561977,15.948553947228014,14.953007017002566,13.847609739911835,11.38950788818774,9.43332795442014,1.965014170566489,0.3176608370738862,0.0,0.77244187197913,0.2420535847846137,0.467976363650898,0.30237298270441354,0.0,0.0,0.33147287268993325,0.1048245423495413,0.22270116871790477,7.851139029624484,13.221925328580312,14.854928047672658,15.509329372834925,15.744643801203182,15.948553947228014,15.755013982704709,15.635762123780566,15.948553947228014,15.37123076183,13.509854953201936,9.262980921263066,2.129204829358426,0.0,0.0,0.0,0.0,0.3672042033349677,0.0,0.8898553146517726,0.0,0.3739240505285042,0.0,3.415380160012889,7.805075898271591,9.698154955425336,11.942549696182374,10.652652735627967,12.404572699666222,12.94975393099607,12.777708161534735,11.81560646879835,12.485774576469034,11.719405900664428,12.20679682637302,8.835868992638835,1.8701713081553237,1.767434716629117,0.0,0.0,0.0,0.327789326518692,0.0,0.8450738998032136,0.0,0.0,0.8090624963077906,2.439208044552622,7.687908722456153,9.717196582124124,10.709000018468098,11.439322593589196,11.728684784305127,13.392316089700449,14.613875750064029,15.300477016375917,14.55465477956425,14.839622309992203,12.84339991996016,8.40740054655171,2.1780453993218316,1.679519290410058,0.0,1.1995806552763317,0.0,0.0,0.0,0.0,0.0,0.0,0.0,2.7980703665641307,8.798418844097801,12.705686305151781,13.58128363025984,14.981959681590702,15.145238945065508,15.563218383664518,14.843996056906542,14.534510447709925,13.767428815985788,14.360496919910686,12.051351522542001,6.8442541990627355,1.9193146467325561,0.0,0.41154619968512357,0.0,0.0,0.0,0.0,0.0,0.0,1.6809825136089054,0.4146234956727918,1.2651015419330438,8.781244211300288,12.397938407183029,14.826631302530487,14.887488269213613,15.472456243284764,15.948553947228014,15.948553947228014,15.948553947228014,14.700671003707521,15.30575859382779,12.90114554701046,7.742484072184278,2.657226637617045,0.5940076015878573,0.42454701029073294,1.1529780539443284,0.7990470103762302,0.4471102233410419,1.287478138771416,0.7081034227149571,0.0,0.5889262459233857,1.7107875169988394,3.9857415685086726,9.366007804674508,12.675603367779217,13.459870088987685,14.277352951183076,15.02763258840364,14.92306381899023,15.519699554336452,14.516222653070052,14.626418070600387,15.586164156978647,15.149323707180464,8.102513978340003,3.1077843593069705,0.9645966819767767,0.0,0.0,1.290325922365989,0.772378062424332
0.0,0.7403243292539167,0.20968050324762189,1.0778601404245758,2.9244423292517165,4.580058628313716,7.359167172439175,11.4292807917975,14.385718703984196,14.834789780197479,15.35932261625295,15.352594702521206,15.190639564866016,15.35932261625295,15.107771515448402,14.516844817974057,11.608893842101741,9.165914120112179,1.9412827928771645,0.44654490435948896,0.11288635215437097,0.5594845836297769,0.0,0.5415469324939022,0.030062532200924176,0.0,0.0,0.41574586289238047,0.0,0.3377380193548338,7.473159032325984,13.076117341959533,14.828300808564522,14.853651558210153,14.472016167585933,15.35932261625295,14.640688233129245,14.600034203317627,15.35932261625295,14.136838078666857,12.250693234930461,8.65236621219213,1.7775621386031606,0.0,0.0,0.0,0.0,0.19982208182698094,0.0,0.4289925588014953,0.0,0.6140795917802699,0.1052035282965117,3.3021859847727044,7.565474449515368,9.444602085637964,11.263538284553492,10.340861996857226,11.896754987052221,12.929988227529362,12.498419431180482,11.160205439441306,11.688508250833191,11.563609279203288,12.351251239041027,8.986381632661168,1.6012493043846068,1.0730033676206405,0.0,0.0,0.0,0.19273655599815354,0.0,0.43734757896599946,0.0,0.0,0.4099699411720386,2.3193477843241075,7.975791131376738,9.35180283358571,10.041252407639572,10.640736161808787,11.085128184125901,12.704876390376029,13.486850570391585,14.130172418048973,13.785763474026187,13.700039105266752,12.663722504679594,8.618128830542956,2.1371649620991953,0.8160517519707847,0.0,0.0,0.0,0.0,0.6367140915902645,0.28424914833407006,0.0,0.0,0.12083758534781683,2.7472177844483756,8.110911515010306,12.243707153873592,11.967738184644348,14.01494098880677,14.514548776656978,14.589091387582759,13.920909491294873,13.687512497076323,13.184404802545416,14.002483042138984,12.184152895596622,7.188420155681685,2.0622838498668,0.0,0.703759207551378,0.40866274021684545,0.8248614830689718,0.0,0.0,0.0,0.0,1.7384011536013484,0.7901580041169438,1.2477224534628504,8.293034830582265,11.825895380200846,14.517526855765615,14.398782703025153,14.64061041673692,15.008048435453139,15.35932261625295,15.35932261625295,14.677902778400085,15.300010962022643,12.366731208191942,8.315510035659734,2.998269944855073,0.4678134976124332,0.4113458608678072,0.3863515789605494,0.0,0.30626701045282256,1.1702881625110892,0.7481627286784909,0.0,0.27969774765207583,1.15746104572324,3.064147700495437,9.01518651463907,12.698355376699173,14.01042580707797,14.750141108626071,15.104375058795148,14.838282362982431,14.842308674670036,13.050077230626597,13.374738205251171,14.367486781005875,13.351515047320412,8.138495137372187,2.342900059820056,0.3377648545665989,0.0,0.0,0.6772650718999864,0.7369968774309146
0.0,0.41862435571530077,0.0,0.6733636101422912,2.0862289851345115,3.357185263376298,5.160414860263126,9.64810859578843,13.982099198700242,15.269958294685912,15.872065389495447,15.006589655952832,15.864962454959446,15.872065389495447,14.918544676527235,13.611477005312617,11.711029539647361,9.959306624683546,2.9408291779615934,0.05803252667918382,0.0,0.6516099270769719,0.0,1.834418816108463,0.6829231969500491,0.403088992411798,0.0,1.295434700163059,0.4961715044165064,1.729808640111404,8.79111797410695,14.917880550256022,15.550706796280055,15.872065389495447,15.3785164506624,15.872065389495447,15.778780245659235,15.731457937664395,15.872065389495447,14.749142336780329,12.37330250122381,9.459714325992218,2.8836861736848434,0.0,0.0,0.0,0.6197988581407404,0.4223653875154865,0.0,0.1668725460757986,0.02895246417233412,1.3027541616225977,0.023005660421683144,2.4150031820207123,7.545335345412586,9.800988192904645,11.330020676271625,10.561195182215801,11.83877545777877,13.218483595492813,12.931424948273323,11.441171006013247,12.207577453237883,12.379590887726312,12.639947307018447,8.91499644466468,1.8758506693854566,2.0970886795323196,0.0,0.0,0.0,0.08094819420692224,0.0,0.24923354593838135,0.0,0.0,0.0,1.7136964826683276,7.172679147063267,9.300661760329469,10.209815621814622,10.53881261319779,11.304191651404565,13.207900147350268,14.092299695427194,14.96710630847548,14.32357362796238,14.151603711719643,13.873172083684192,9.359638443730406,2.7555346371221203,1.3177182888233407,0.0,0.0,0.21712500377650212,0.0,0.0,0.009417679484848965,0.17913759599481457,0.0,0.4634991762863204,5.11839894009626,10.217497538228091,13.396207380655097,14.48630064723965,15.717518854359463,15.596869248422319,15.872065389495447,15.73318069256451,15.782653369525828,15.318239896183616,15.747482112567267,13.440828719270572,7.203931869811903,2.4970182827837046,0.8096899545533863,1.6458477534391258,0.0,0.0,0.0,0.0,0.0,0.0,1.0684599682315017,0.21792672102288618,1.9065336342326136,8.849580006950138,12.435760644280112,14.523506855208725,14.419149155990342,14.98350606475965,14.893793201265465,15.155811828333272,15.356108338326266,13.88622755739181,13.757800484110438,12.060961645354869,7.099058573986951,2.660290226180946,0.3869549575897734,0.18855296948566627,0.7266943333171448,0.13306176644757597,0.04016048191983246,0.7646748231168405,0.21117323326954934,0.0,0.0,0.9220365630271312,3.3856348434730736,10.30281032866328,12.579471136238773,14.070754379614346,14.676690133995963,15.043485559909145,14.900885729264452,15.812610951440716,13.819599231139625,14.436545101681332,14.795335062484815,13.898653908634532,8.813693537084117,2.655740677408487,0.36708450295555745,0.0,0.0,1.293722233543856,0.7050090022790265
0.0,0.5778283792747119,0.2779316537473156,0.8995902453522716,3.6738961044324916,6.048443479603082,9.275492579082837,12.013795723091082,15.284556827854203,15.723965575304122,15.723965575304122,15.476150183430164,15.56371290276152,15.723965575304122,14.611702166767989,13.491544542526414,12.200221239963517,9.042916406889573,2.126301330071339,0.0,0.7570946377346534,0.4361106654046321,0.0843655643137043,0.656997109598366,0.1463698465078437,0.0,0.0,0.5799597378513636,0.0,0.09847724809482185,7.0083582721265705,12.869657854667475,14.507603113362455,14.839982116143524,14.684773569081946,15.723965575304122,15.723965575304122,15.723965575304122,15.723965575304122,15.723965575304122,13.662898602345637,10.29822697782697,2.4397264362218714,0.0,0.7612106797415836,0.0,0.5703891845505111,0.5831601145675166,0.0,0.07838046856457095,0.0,0.1210571956782091,0.0,2.7776744084582092,8.124518178560765,9.40487224206199,11.258311876031396,10.16898227472691,11.761906229867064,13.229258452505476,12.918777627328307,11.405592467417758,12.00309640378759,12.140486497923622,12.229746525178824,8.996198732632283,1.2910341697663736,0.9331234406574936,0.0,0.0,0.0,0.316933477243535,0.09663455370400367,0.8022323910462645,0.0,0.0,0.8156771832373425,2.668353860424996,8.495228598667829,9.739872653050123,10.402192945796179,10.959491022074861,11.734511248854353,13.099310833368483,13.319788414734068,14.018128936876684,13.554440532289739,13.171997974915584,12.458795933309451,8.013082556172423,2.0239904950637606,0.0,0.0,0.0,0.0,0.0,0.0,0.0,0.0,0.0,0.0,3.640555625274062,8.273104319333056,13.180428281251858,12.730247111230605,14.447295729057807,14.903047742977094,15.371377267850558,14.655616611869993,14.523873276563982,14.14062377157943,14.185649761241168,12.979088760518486,8.094089411932655,3.351805917989348,0.0,0.9362600863196315,0.0,0.0379242532116021,0.25486200799153214,0.0,0.0,0.0,1.2416320591640395,0.6214437336030003,2.303229045452743,9.853141480462785,12.267838013830879,14.478465837799535,14.426692791404628,15.053211227336261,15.04478185822137,15.723965575304122,15.723965575304122,14.637928432716627,14.873597435472394,13.381178289735592,8.389604686072843,3.6544761744694703,1.0763366669724834,0.25125341278693064,0.5874655338700636,0.3406530860281352,0.0,0.7688336284331058,0.36450074268413,0.0,0.0,0.9897460805202062,3.7055188911020043,10.146543320385263,12.272138922755522,14.318960130698846,15.120010744158018,15.498041800484385,15.015119738684206,15.055463370318593,13.168404668134785,13.876528844290117,14.082030565183514,13.417599649883897,8.318006595772296,2.2388656013096493,0.028184648603867393,0.5695376017717676,0.0,0.8587968060305844,0.5659301780938943
0.0,0.5916965613850604,0.0,0.7051685184198524,2.8812419544912204,5.051763994633423,8.127092894079027,11.850922038451802,15.823701191530095,15.956478650854084,15.956478650854084,14.94002305533952,15.241703805893938,15.956478650854084,14.362257976779595,13.063561710854032,11.569254869426638,8.291023937805063,1.5611544673060798,0.0,0.0,0.0,0.0,0.42176978892936945,0.0,0.0,0.0,1.077449560274725,0.25860460256808265,0.7817938436099118,6.610319159638526,13.71654772574189,15.401816262448946,15.921316263232638,15.284779181127579,15.956478650854084,15.898523625236697,15.19150008424763,15.956478650854084,15.5433855075286,13.5589423167044,9.347207106101957,2.5097005558519316,0.0,0.0,0.0,0.4400975212874298,0.0,0.0,0.0,0.0,0.992476722686976,0.0,2.406017592206384,8.48121145376786,9.426380731915023,11.134848968961531,10.458450211760043,11.403895303177343,13.133545048290099,13.11801105469996,11.554103210093722,12.06687812248729,12.389508317528946,12.403279959430938,9.597892836248848,1.656270694558192,1.1320504825341973,0.0,0.0,0.0,0.27872399177424356,0.22840090955758344,0.8604636346648585,0.0,0.0,0.38163438105083375,2.3189904212962382,8.13220399929873,10.141619704033191,10.507332882950422,10.718597288152862,11.75207341567558,13.460968687750679,13.909675981812489,14.821127563225575,14.721634108045379,14.461658226096093,12.72748704551358,8.212495144395971,2.1457858696720407,0.0,0.0,0.3238044819277646,0.0,0.0,0.7785229003306433,0.0,0.0,0.0,0.06405162829519309,3.679584415981781,9.31672783759138,13.377487619522272,13.477155122386728,15.444798431818885,15.678755611591873,15.956478650854084,15.428601535300174,15.477552684267966,14.960397096280435,15.239688466861457,13.182633152812716,7.376406685806978,3.338597421192174,1.0418256609659209,1.1265150766415986,0.0,0.29210420471419885,0.0,0.0,0.0,0.0,1.1588027053470218,0.3085248428598041,1.5050699787543513,8.762699819707557,12.244498064134278,14.787817879915254,14.674019226817386,15.422648724066434,15.84846922318836,15.956478650854084,15.956478650854084,14.466274769590035,14.175780624840257,12.648624422939598,8.058428704938406,2.36076614537939,0.48560950465817526,0.032489911584361916,0.5684556079401167,0.24419597467411167,0.09535417564012007,0.784830286167049,0.6472950479332035,0.2754774793686877,0.019319530722764832,1.1535925688971358,2.8674826766323727,8.848712663539768,12.068808815378247,14.352507502140147,14.87719469456289,15.3293563120631,14.985486593060445,15.956478650854084,14.04556918000878,14.690381611298179,14.559263786996217,13.513693723118132,8.544795923336759,2.4602491386769274,0.03158139218333445,0.5077986822406628,0.28791089192788105,0.7196087697318649,0.654455671631579
0.24311076655288946,1.0129698624324273,0.34846959434566965,0.8725381749926335,2.417433488809001,4.363188853344005,7.086921690766473,10.658882345898729,15.174841505297245,15.448405609408876,15.448405609408876,13.658435699816495,14.167808479773079,15.187567836884538,13.781426518868281,12.558039410783032,10.723205522178445,8.347268198346447,2.421784483551267,0.505992535165544,0.0,0.0,0.0,0.5883725928447636,0.2931291930029422,0.27872850766410834,0.0,1.376535401196891,0.7824597962631598,1.3856503680142427,7.427832867614854,14.003633185436952,15.269652261264051,15.448405609408876,15.448405609408876,15.448405609408876,15.41808377313295,15.022286665677248,15.179702391228025,13.790263405073567,13.208012326430964,8.940366262453077,3.818055781432642,0.23334744373894564,0.0,0.0,0.6510394284589437,0.3938524998642898,0.0,0.3147168694586269,0.0,0.9036276679913128,0.0,1.5917734781227972,7.517756955342476,8.7896603826643,10.781205587322212,10.412355596131768,11.18013800763912,12.840178894828998,12.770381581997192,11.482940170277004,11.757443487051905,11.856944781554683,11.977054427642383,9.69934309484392,2.13205095868457,0.7330333270100667,0.0,0.33835228273933815,0.006304925400556619,0.40608977328905477,0.5197518855828419,0.8101737635540343,0.0,0.0,0.2536384082014457,2.1870570532649856,8.170799346885513,9.387785996909606,9.630322013654403,9.783537064528874,11.043606872691875,12.766619206563744,13.127401176817363,14.229505543782556,14.596537882230557,13.705344768363132,13.241221781248077,8.997542214524662,2.8985746410637967,0.0,0.0,0.0,0.0,0.0,0.9980864494085752,0.0,0.0,0.0,0.0,3.9886022985337912,8.716621865347486,12.952542798834918,14.291258776392484,15.448405609408876,15.448405609408876,15.448405609408876,15.448405609408876,15.448405609408876,14.812068772516188,15.369432557175625,13.4098445237838,7.345779289925752,1.6945279474680548,0.08662337675402368,1.4006073296767994,0.0,0.5554777627598868,0.0,0.0,0.0,0.0,0.0,0.0,0.9578403810903666,7.886281444889327,11.7183427747646,14.283864778661064,13.802632467530128,14.599697135806709,15.4448605420034,15.407181539865203,15.448405609408876,13.626856976005902,13.268788593711747,12.577052021637124,6.922729822089229,2.037470862298302,0.0,0.1704918447953831,1.2701633517037731,0.30400230607414563,0.2459724301362868,0.7832035698207631,0.5369108175224815,0.36165212316223566,0.057669499118165844,0.9351265126856924,2.274455625764979,8.309691404645134,11.281923798825792,13.91322199623985,14.642413816847597,15.131633118803233,14.594908992817494,15.313917722402604,13.317578849975106,14.539612386869177,14.491288053750536,12.016870598987882,7.747119593688199,2.569078811460229,0.0,0.0,0.6814329142303205,0.6052989660606122,0.4658487328340162
0.0,0.44365319989995883,0.2690030309836063,0.8362129494994478,2.0460961493425667,3.967802098450711,6.403739193295535,10.411037123468576,14.573536585907506,15.755398916218951,15.936748937983358,15.196872310013648,15.686592601194883,15.936748937983358,15.34562921683216,14.311980448102895,12.013480013542168,8.514237901515948,2.7491499761756835,0.0,0.5411305939212072,0.6580408324346063,0.5265058679446691,0.38830613769525635,0.0790079305551001,0.0,0.0,1.1309560111500612,0.0038843959924369127,1.1174851813725357,8.328151657114555,14.762259764532779,15.177260586675663,15.158575969894777,14.9817018970003,15.936748937983358,15.272193068448152,14.724783191789706,15.936748937983358,14.778479379760721,13.1474234735878,8.072687255324984,1.9837713872939577,0.5456932809238171,0.0,0.0,0.952037328706408,0.4170973202122255,0.0,0.21441001465375772,0.05307999695179553,0.720569408315856,0.0,3.235571487340356,8.464424922157045,9.819012143558243,11.773392661902518,11.334662281457485,11.875747695557358,13.326055819266283,13.20056491747137,11.77382391843625,12.034997244824353,12.81406122310818,12.186041521099318,9.098477466116869,1.9035357054836828,0.7655780094071671,0.0,0.41004920871509687,0.5530667346297639,0.1342385701190193,0.24332955298376793,0.4498300117152234,0.0,0.0,0.0,1.8218634122192137,8.241348455993354,10.00842970219708,10.049885423882458,10.121986956782118,11.25734957379118,13.38837998762473,13.657246588609091,14.523552623781926,14.689100988192493,13.891048423764799,12.850604989868598,8.158765679496323,2.741788693118059,0.23977803906520753,0.0,0.28725579754059655,0.0,0.22536436994128772,1.324956026673906,0.31110623115974534,0.0,0.0,0.0,3.150312830544813,9.416408521903785,14.297738533542866,13.62104478738203,15.78763391725908,15.743329432699992,15.936748937983358,15.293606760166073,14.958178467922425,14.734075155254404,14.828981989611892,12.184468479645878,6.571840900355163,2.3352474808326424,0.16322080213014478,0.34873081086022467,0.0,0.0,0.0,0.0,0.1677605133234822,0.0,1.5691949348789271,0.5454763465385941,1.1021374595166205,9.3097390231031,13.130533225952776,15.60017126158593,14.92175533900294,15.520568334750395,15.794818043172342,15.936748937983358,15.936748937983358,14.62183161826001,14.31423552081453,13.77739617875383,8.436961290211496,2.5506292475436876,0.5943752211549467,0.9575740237889213,0.984798636075218,0.5117400811856214,0.0,0.0,0.2893905292563766,0.2898162051025857,0.0,0.6164182244446685,1.5053194541269734,7.857442749779411,11.790140423898643,14.135380897539363,14.972655958738768,15.464861199462394,15.172876778518887,15.936748937983358,14.156198999286689,14.757846509343965,14.966019927583137,12.79089305822329,7.78412248971504,2.134050634426069,0.0,0.18000483859517294,0.0,0.9958130728071503,0.4676885680045946
0.0,0.6692967858057319,0.010751874822431355,0.38233019012172853,1.3677877467116382,3.5504174573349525,6.505853065837692,10.325235389032747,14.548824356797516,15.71833209425103,15.71833209425103,14.8574607065438,15.18124368580047,15.71833209425103,15.231344580196307,14.133534824011488,12.085385789657723,8.413876336844146,2.2753878262048266,0.0,0.6733013276408975,0.2151752186319652,0.3314223444467311,0.738473198034848,0.4888405566626809,0.3550313345922548,0.0,1.5138937679604447,0.7550901523852105,1.8965000465577,7.6820370500835,14.398274335811353,15.200329919262808,15.456099688319279,15.41959019333627,15.71833209425103,15.581278847232001,14.79435490312132,15.71833209425103,15.455914184970293,13.073849753585698,8.809292652263046,2.396857152359229,0.565307988304358,0.0,0.0,0.6214513263834552,0.03548846534403577,0.0,0.3764080776828402,0.0,0.5046447627542284,0.0,2.907321380023693,8.10925454189789,9.045830033703433,10.943854393133861,10.459651303085131,11.168092340405114,12.973791308290965,12.656040935418742,11.129173175656488,11.504532644130476,11.985473498516736,12.2943890401721,9.33080533759799,2.1498753702395703,0.23377983434007082,0.0,0.0,0.32652477496782006,0.3556005511501756,0.22954803919132744,0.6052122882623717,0.0,0.0,0.5082097881318532,2.3527366329755877,8.545596831022628,10.668992769301447,10.52854237509341,10.902828172668723,11.921337120933224,13.766760038298907,13.813729861016405,14.170129575584182,14.408701872549809,13.59029576159076,12.421129050495987,7.846299797167814,2.1879454824123448,0.0,0.0,0.0921585087969112,0.0,0.0,0.5138133594664221,0.0,0.0,0.0,0.0,3.608341346498635,9.129072319346903,13.97523113779195,13.326512809989453,15.71833209425103,15.587775211988916,15.71833209425103,15.095068948226059,15.265554957914611,15.236810370792188,14.95990258880732,12.468886794003875,6.958566493953247,2.56640299734724,0.08698321129267171,1.024636648537446,0.0,0.0,0.0,0.0,0.0,0.0,0.9517147433418243,0.5018886209823148,1.0351264881683646,8.168823602176822,11.735148908572926,14.196089738700614,14.030966462191838,15.026531082089333,15.126000226341075,15.238923047822306,15.448161456622518,13.73586623560793,13.368059001963113,13.613375938369902,8.105748715979175,2.5361425293224964,0.08547090226670526,1.0090294226434962,0.6426512323168633,0.4209693431863736,0.10460702488729384,0.22762929748060343,0.7554071710504284,0.4900407656728344,0.7175977472961154,1.356576388057296,3.3655783602400065,9.178249444540215,12.386275969255438,15.170636267026632,15.55034194780338,15.71833209425103,14.975900847328964,15.71833209425103,14.35126984832662,14.472900084582983,14.608032716120087,12.94344183613413,8.435168935896698,1.9524300089411835,0.0,0.6321403127599236,0.0,0.5578307043232602,0.05407246956892073
0.0,0.6253440166542082,0.0,0.37388363519482837,1.8139730307722624,4.4687832157796565,8.218334924461683,11.407486463930285,14.871021328498268,15.43226103953325,15.394815996550443,14.310745843713788,14.837730585970204,15.4952414535638,15.049852048785098,14.725532148099441,12.219845232800411,8.851929471407082,2.601872870831197,0.0,0.0,0.0,0.0,0.2574181613648175,0.0,0.035642544844748124,0.0,0.5790681989914384,0.0,1.0764122199285846,7.354721619411922,13.304179531908757,14.832735820105542,14.910011534811618,14.88008542468832,15.4952414535638,15.281504634702808,14.335520177950789,15.4952414535638,14.66962549733765,12.24164653609837,8.644163651309968,2.461226064217212,0.1918538357172198,0.0,0.0,0.6225246477289834,0.39186890227582744,0.0,0.0,0.0,0.5148068833505788,0.0,2.648028044764109,8.13833554767445,8.949266448936077,10.852832861508636,10.685845314794767,11.104238231736172,12.772017153291893,12.661367573105123,11.419086733763894,11.64211669872885,11.948834852401058,12.670322685868394,9.025412615074758,2.1533377240896554,0.5264805784590115,0.0,0.5498468445130366,0.04000644213351749,0.4162451122042994,0.22473358142394917,0.5987100372492137,0.0,0.0,0.2558392870590407,1.8410404040163828,7.578242009797391,10.344814006277154,10.093868583054167,10.458065334881223,11.544873003624474,13.405166530646543,13.598946452169585,13.825171109280596,14.22427580685854,13.836624528564561,12.423997975223237,7.868840775778038,2.5663149497701676,0.0,0.0,0.11805866375540716,0.0,0.0,0.8229190782075079,0.0,0.0,0.0,0.0,2.8193377541176163,8.385539514440753,12.895028963711374,12.692580241817451,15.42613303074774,15.067689310831,15.4952414535638,14.685090984468527,14.298668078696739,14.518834919737793,14.352339645621162,12.066838966718802,6.7252444293867635,2.2923590151855553,0.11122232042009525,0.4916458848101301,0.3031940291020853,0.3577102753083316,0.14324601516328742,0.0,0.6108449492961942,0.07523862512393074,0.4888531267746012,0.7234370667064942,1.9848075539132382,9.037229928173566,12.031118263208873,14.123747831536939,14.059607390523027,15.383445700219108,15.487036294550919,15.368934279866744,15.4952414535638,14.079746234768399,13.970732329571703,13.548123231755262,8.632262291670166,2.797919739990115,0.0,0.5237378096436055,0.7557168840474756,0.0,0.24243542232619117,0.4571270583812403,1.065111077275895,0.5464528881777612,0.8298575357811541,0.990306538682362,3.135224369464843,8.476194330166708,11.779609451084733,14.193226613286381,14.882222608159257,15.259072520553229,14.190328393004703,15.4952414535638,14.270944726818119,14.546511168609925,13.90637022735078,12.097382957456645,8.040472124778804,2.059199594854348,0.0,0.0823922210617781,0.0,0.0,0.0
0.0,0.0,0.026438288462619416,0.5000526599641296,1.8415053132133168,3.956124833747384,7.5545696420750765,11.0542416185813,14.878110115972715,15.280580692877466,15.280580692877466,14.403741493534321,14.29391800315623,14.50657008918606,14.103997503399881,12.428816760558064,11.444550368756754,8.572755353140906,2.5219623877172856,0.0,0.0,0.010524618337169424,0.013006644703205226,0.0,0.0,0.15023972797682458,0.0,1.1719730939021569,0.39510419224525795,1.4974302669570259,7.167126703912184,13.053574708819479,14.348001836977273,14.48675486396906,14.814184246681231,15.280580692877466,15.280580692877466,14.464080657691381,15.280580692877466,14.434118281153248,11.802343787977673,8.770440368202223,2.6859910751615104,0.9076473615733688,0.3500011816362313,0.137355698859887,0.6068166808438277,0.6656468308057296,0.0,0.16248159069232992,0.0,0.5500493645008515,0.0,2.3339479512341903,7.9308671991485955,8.747935569531197,10.741296586238036,10.875400011982682,11.371062077625167,12.679856063779512,12.593424485023418,11.163057771255309,11.745552164830919,12.01051203719268,12.25837995715408,8.525676432775642,1.812072107747581,0.09582328372376514,0.0,0.0765598855695693,0.0,0.048795538573010985,0.22483087628963164,0.45342207774066856,0.0,0.0,0.0,1.6805134392770795,7.486647665933088,9.577829735165949,9.900656877897356,10.237980211314264,11.429780029202421,13.258570663980855,13.682204440607162,14.152264098598891,14.187755902986463,13.568607532409894,12.065325416674636,7.935260867398586,2.2875475720891254,0.04126299100900733,0.0,0.6494984605585612,0.0,0.0,0.5620750845139157,0.0,0.0,0.0,0.0,3.7181080571922642,7.992315709891162,12.357403257211194,12.950885464586118,15.280580692877466,14.515009502536891,15.234134774053194,14.384604809537523,14.258868844450559,14.11554454445987,13.693977358476022,12.044653134694942,7.328620880510086,2.452130705127708,0.23083744612797313,0.4822626981307097,0.0,0.0,0.0,0.0,0.4694828979545595,0.4255117760722485,1.4558851007107256,0.9307395082569799,1.8830253187868544,9.033800887030196,11.848991902977628,15.062462023755504,14.468880539879907,15.280580692877466,15.280580692877466,15.280580692877466,15.280580692877466,14.93398730236097,13.829960662178378,13.147238899427393,8.127004775910423,2.3561745024652545,0.0,0.38125233109595164,0.29565378692177097,0.286945689463611,0.0,0.0,0.05674989741567904,0.0,0.0,0.42376874485056104,2.1237076466152183,6.948756655760994,11.232024883035123,13.44944294303265,14.241745014274755,14.264691547834099,13.587174970416593,15.280580692877466,13.824739082560384,14.303009544713321,14.13979260205098,12.56602417083753,8.01740625154762,2.509955395897296,0.14471912344023183,0.3008566952712887,0.0,0.522425564339249,0.0
0.0,0.4100972292066688,0.6758835903793021,0.9168895620321547,1.5989152399463842,3.6242712211095105,6.846331667053583,11.0612304571274,14.614347576629138,15.521921919678094,15.521921919678094,14.72132968374751,14.785583340452032,15.521921919678094,14.811604914944061,13.332535697252606,11.908823618441762,8.264799370730811,2.1566571027771197,0.0,0.0,0.0,0.3895916854270867,0.037841309883472535,0.0,0.2402093928418721,0.0,1.3081660555904506,0.27966571769272885,1.2278647127467142,7.464642893940728,13.862027461536783,14.975973077705508,14.623689105379974,15.242162701118833,15.521921919678094,15.488380493181827,14.305097363669395,14.982482634632404,14.53705075142612,12.544540693714946,8.642839391278049,2.6458998954086894,0.7029572086349043,0.0,0.0,0.09255313666111215,0.0,0.0,0.42326437164322434,0.00475021409132166,0.5106602734340883,0.0,2.3552786170000473,8.149956945867853,8.926712879259412,10.898479506632613,10.791875797578925,11.296127763323776,12.76130912441636,12.53336361053788,11.08710862892988,11.896801847164316,12.379226073202476,12.471659746171406,9.014384657756663,2.811666234393241,0.5442620678367632,0.0,0.4718930910243803,0.46925199511907156,0.5122876048421475,0.27558371387577496,0.5580329471610546,0.0,0.0,0.3163850750014733,1.73210569199519,7.713624657197455,10.479109905778618,10.00883327531325,10.667164492139044,11.729584134184728,13.291480895002595,13.994941400818885,14.399152874798196,14.691757273626509,14.276616664346255,12.677450007103838,8.580112279333244,2.6610212464323455,0.4147985244772813,0.0,0.0,0.0,0.0,0.8518494456580501,0.0,0.0,0.0,0.0,4.162666442057417,9.521526881579916,13.32171203231688,13.30995948802433,15.521921919678094,15.168022585443186,15.521921919678094,15.29929155709936,15.300451731116747,14.649836504167348,13.866394304728221,11.76792168676244,6.72880714930673,2.1740985705408877,0.33819043694975676,0.5309093114351056,0.0,0.0,0.0,0.0,0.2743364574186866,0.02055249659567648,0.8669261568122174,0.2245423020666166,1.0287530851380524,8.487334439909395,12.27456616447616,14.67335917114665,13.931726719729612,15.092798160398816,15.024598616785081,15.236436770501925,15.520442559029132,14.10005279672262,12.79245803894376,13.054155920048945,7.520705481536058,1.888859981472878,0.0,0.0,0.02370735576576181,0.059215191642474935,0.10660295734604291,0.0,0.8721145586379765,0.39047100990288375,0.5443721640951915,0.6577456365689126,2.3049923822576286,8.504765730708097,11.334657753059076,13.833988072426,14.796008253392948,15.136109473357283,14.52599209111526,15.521921919678094,15.127150043385699,15.149138764176143,14.753598989610678,13.120444969766426,8.819479123550348,3.4360686061663235,0.7457251526120432,0.7867313829833356,0.21241968631716554,0.3939331440295276,0.22511146040259808
0.0,0.0,0.0,0.038047217851589724,1.130514271118577,3.290327325364464,7.054379630748373,10.868997727151047,14.537329294080298,15.405836492503642,15.405836492503642,14.893558850217733,15.405836492503642,15.405836492503642,15.375117042147862,14.098095514949796,12.70386276515761,9.285677917580896,2.366240639534999,0.0,0.09866720334164139,0.0,0.39108742948767256,0.23524658301015358,0.25248317303414836,0.5859439131487435,0.32100116511461435,1.6900858313572833,0.829884231920679,2.2743476654376087,8.07191528124819,13.58309431524907,15.213000179548098,14.87034708881122,15.405836492503642,15.405836492503642,15.405836492503642,14.750887967177496,15.405836492503642,15.282729126227617,12.899773410623201,8.967363292548567,2.467821939119364,0.3353359406155158,0.0,0.0,0.32094842258966033,0.0,0.0,0.26173572703910414,0.0,0.24323297206893474,0.0,3.111465543264407,7.897348657545908,8.714906232516435,10.613695899461769,10.229078353614614,10.872529352848074,12.452536082461162,12.415552266399422,10.876414508418568,11.511905116812839,11.864196258333905,12.128730266147445,8.27416467143208,2.6103025128965456,0.2271105750584943,0.0,0.0,0.038694016824637884,0.15069876594617942,0.0,0.6314576704497203,0.0,0.0,0.4892549849269752,2.0496989438616233,8.10720399043611,10.055324389491602,10.272346737089368,10.953237927312134,12.164195281142392,13.612133350881617,14.123374278291825,14.467051228272641,14.150600669845867,13.799670388772796,12.021454610386874,7.937244274201842,2.2768079119661473,0.0,0.0,0.2273659659573465,0.0,0.0,0.0,0.0,0.0,0.0,0.0,3.522330157003128,7.9036341432183335,12.478688110503628,12.283625018474947,14.950050169219576,14.488745106871772,15.395411493403708,14.730551275988715,14.822758294804874,14.495119663707124,14.284335052292379,12.505627086861837,7.619566921201166,2.653737560454505,0.04837275797900416,0.7559129267595531,0.02133868438048017,0.026161669766287508,0.17360819044142048,0.0,0.11781618337272673,0.0,0.7128618838092834,0.49961874760239766,1.899863800892057,8.974320025850874,11.81146612988199,14.418632327758203,13.926285506001147,15.123097073595654,14.600623078803299,15.107145071097278,15.405836492503642,13.991467232074404,13.623799836706038,12.973971525858992,8.205106972382444,2.0722176489772273,0.0,0.0427271269428266,0.13747898693581742,0.0,0.0,0.12044567658906638,0.8442172856851836,0.9822995116632113,1.6183833156373766,1.351140901689313,3.3098430926392712,9.391539453847598,11.904726392243258,13.99110360134741,15.184623208951319,15.405836492503642,14.392468362343388,15.266682543009846,14.076727618441783,13.91190648187485,14.009241979504813,12.383983426087909,8.132094330047032,2.3086540666199658,0.5213942938979481,0.49225459407740424,0.0,0.08939398849992448,0.0
0.06903885448226559,0.10610451143636998,0.19657925424345998,0.37771247428811094,1.0812676294451073,2.46716404060179,4.538373123515625,8.501464698121058,12.429249775213066,13.816822023083903,14.335246645330042,13.65293403849839,14.05511608552836,14.991135448743401,14.353432891474116,13.054979772560745,11.873694044112362,8.549677506217934,1.717059348637496,0.0,0.8949591298649725,0.08160729476044366,0.4240341022167603,0.6730698155913295,0.44665800955052337,0.9059539322155488,0.47299435761376546,1.6467966218015009,0.6802537759764117,2.351007692121379,8.912148790650996,14.183579625148425,14.991135448743401,14.486482978603517,14.847363759516877,14.991135448743401,14.739282790564156,13.71956183931296,14.530439849473241,14.687404676041544,12.792676255299249,7.982484293184327,2.93684777184086,0.3434777237215452,0.0,0.0,0.0,0.0,0.0,0.1352002267365631,0.02842433070349963,0.7080371024875267,0.0,2.297043382041116,7.624146530819879,8.418435053144911,10.820627024966965,10.54661007476179,10.918379549995974,12.333121708273278,12.213208465383554,10.48953601756106,11.00235813583612,10.994948891349969,12.4631918351565,8.417054531831463,2.2529853176188035,0.18441156723976806,0.3372133848764524,0.4941006408903712,0.4288951902915056,0.5284704278863833,0.0,0.48807655296317687,0.0,0.0,0.1270296292137515,1.4581414593738315,6.8281450898166085,9.804785830054271,9.554822118189996,10.389267280222233,11.399511332411668,12.743088287136745,13.572539446825386,14.008779714168208,13.935679993694546,14.124939190043179,12.27331162760214,8.430364723083962,2.633454534366287,0.5856333366004525,0.0,0.0,0.0,0.01269046451239661,0.3980909123269271,0.0,0.0,0.062090509769571575,0.3136884528310729,4.535830998508016,9.409998730849603,12.954938888254237,13.339101781363834,14.991135448743401,14.60000025284492,14.991135448743401,14.916546194917302,14.991135448743401,14.279154590021529,14.356009864592549,11.468110285341101,6.891695981153601,2.0912987954190547,0.17904138400752334,1.0391494431920465,0.0,0.0,0.0,0.0,0.212434083588484,0.0,0.34242211636447484,0.0,0.7063409377087232,8.653485560658744,11.580901110503001,13.602866238656066,12.831812470838198,14.550087929189353,14.707875707297905,14.388454349311818,14.48692796217251,12.858418556682345,12.645531447653138,12.012143801337015,7.411767400021541,1.6808048038013734,0.0,0.0,0.864903583666146,0.8701416903245112,0.35705597736500455,0.0,0.5860799955593907,0.25439020378767646,0.7744085686407396,1.0078763911212756,3.325626252552146,9.101047889854438,11.618260965931185,13.433474933184131,14.592809925978052,14.991135448743401,14.424123624594344,14.991135448743401,14.863181227666162,14.683439139737933,14.647086305358458,12.285594246355958,8.837449631244601,3.2706605060563194,0.0,0.3488806329040197,0.0,0.5438370486018703,0.1950853090308375
0.012203687354021433,0.0,0.10167543215247626,0.3336651059672339,1.2274783918306944,3.227813627217899,6.249439083761752,8.549393904262269,10.613432813058536,10.917600255145445,10.917600255145445,10.562459072052516,10.649727818989836,10.917600255145445,10.882909973277371,9.684719259764895,8.698965770121594,6.13331393623245,1.7295639166198096,0.0,0.0,0.0,0.16039077916365038,0.0,0.0,0.12034791935900727,0.09442537863688469,1.1344009797800727,0.26588995770523166,1.5626543933328252,5.594701904869091,9.603033859324938,10.903390052643932,10.440895692975605,10.917600255145445,10.917600255145445,10.917600255145445,10.454265790543772,10.917600255145445,10.391214971723695,8.989019969920058,6.448447643491109,1.8429595365403464,0.32745509715320587,0.0,0.0637213653942471,0.0,0.0,0.0,0.0034795050957359486,0.0,0.18720434519946968,0.0,1.9061538434609677,5.8872718642897945,6.239449578857199,7.8501578442294155,7.4955040651605565,7.998039088387091,8.985263249718509,8.81887952409701,7.717607376310835,8.073792345858516,8.07357825250215,8.805152821181458,6.253985151201215,1.9641054661093247,0.6961147057912541,0.438418740185948,0.0,0.11397311071975098,0.1703663745074359,0.022837790587804392,0.5934758942063544,0.0,0.0,0.287219821757952,1.321109013956033,5.409883700080854,7.007570338986224,6.75405387102157,7.338108356068384,8.095305799844871,8.927738512303517,9.41160251248781,9.921440136459502,9.750432254636339,9.753344965466432,8.42123723069686,5.735972935306459,1.49562478939369,0.0,0.30728525793147227,0.8026955357030091,0.0,0.0,0.10754969996027071,0.0,0.0,0.0,0.0,2.2549130597781057,5.311707579913276,8.814198102803065,8.945227792077782,10.593987409791136,10.61296167752659,10.890538594604717,10.10752175234618,9.939091450415335,9.780404673788107,9.778757651645352,8.825945906336509,5.614703039827487,1.55818218484761,0.0,0.0,0.0,0.0,0.0,0.0,0.01964595310407214,0.0,0.33052195194618633,1.4117408649279355,1.5543969947848417,6.795356969568692,8.84126301704222,10.71446860877188,9.970601567442774,10.917600255145445,10.917600255145445,10.917600255145445,10.917600255145445,10.697756312181513,10.08373331242104,9.802978833461022,6.324772614136348,1.9897572991224841,0.536381499079304,0.4414726208564586,0.0,0.041517069889797656,0.0,0.0745044473446665,0.0576322721479395,0.23764639121160802,0.38277159011835465,0.0,1.4445822326659807,5.779981809463842,8.150361630894944,9.520456945516521,10.437675182274502,10.659919053196742,9.658843246930251,10.31141671637026,9.880674548892197,10.002032294228645,9.916120990274248,8.739590797916938,5.763561694992044,1.8213821473799414,0.2666146376869483,0.23706987652192155,0.07273223915500876,0.46443486540902074,0.053630833153597096
0.15010497797244532,0.18409342798832382,0.2757608688991277,0.520239110033058,1.4743682837324508,3.1948889600299415,6.1567411422680465,8.836126119092194,10.891341927144214,11.115273003956439,11.115273003956439,11.115273003956439,11.115273003956439,11.115273003956439,11.115273003956439,10.380211582254553,8.853227134348725,6.709246642271053,4.3449491303401055,0.04676990530628263,0.0,0.0,0.0,0.0,0.0,0.0,0.0,0.17638755296602315,0.0,0.009703709808681814,4.474135269205515,8.644893810604241,9.797028668241069,9.751440536372096,10.51810292761164,11.115273003956439,10.883725575393514,10.321847378085605,10.379065419369313,10.088058637938424,8.821420120500482,6.960688940938517,2.157636062198546,0.37170319095549625,0.0,0.21528177060577222,0.0,0.0,0.0,0.0,0.0,0.3430972344774248,0.0,1.335394377592426,5.895641924401016,6.450803474697042,8.282848118554973,7.784799931082616,8.563742165719797,9.328659474277423,9.121929453528477,8.153857092388813,8.735583120746435,8.519769262240544,8.939172787694206,6.079798499007836,1.6071714609053542,0.0,0.0,0.010691033068640205,0.0,0.3899189821223028,0.13079908983610072,0.7986841449982939,0.0,0.23439867437043213,0.6287447934522095,1.6451853111642118,5.354696106491453,7.186159056122077,7.159772133929409,7.824485655353556,8.698405041863143,9.410045651914107,9.843833852838472,10.263827685304127,9.77405439635006,9.790312021229186,8.313745489835913,6.045915804050082,1.8233222117968793,0.0,0.0,0.0,0.0,0.0,0.31096285199584833,0.0,0.0,0.0,0.0,2.669469011562079,6.39521523728483,9.38210776595592,9.955667549386687,11.115273003956439,11.100056863502513,11.052141292202414,10.7700686185793,10.920043700851927,10.048898956055275,9.708283859872388,8.278771621310534,5.034154430064881,2.0895220201336997,0.09368262548941464,0.5220001346481717,0.35882111515168413,0.0,0.11265725267626807,0.0,0.2951721394250291,0.0,0.069886288144624,0.0,0.0,5.594509820787979,8.588395268102827,10.952802096147108,9.957441120510262,11.005717720218824,11.115273003956439,11.115273003956439,11.115273003956439,10.754415213672045,9.731889515133128,9.19459220532126,6.447051613183105,1.6800041495652274,0.3105937858904965,0.0,0.4269060476605939,0.5731382124649195,0.5119475242444383,0.43270493621191136,0.0,0.0,0.0,0.0,1.3381869073966364,5.786643821580445,8.455564927532066,9.63341623519979,10.242441478404979,10.810406926920738,10.11310461580755,10.67084867646581,10.178178841769391,10.41307001835648,9.841916514462818,8.6695932895202,5.7767000303986205,1.5867624738072041,0.0,0.0,0.016747518415805702,0.7170633517941325,0.5760269321673384
0.0,0.0965882089751503,0.00042535160610401797,0.4279595451243409,1.0575363074533461,2.8093561888540424,5.675768578361972,8.373519367308818,10.39072728163455,10.659022810386897,10.659022810386897,10.242560703420455,10.019322584533526,10.601722008734727,10.18188059602838,9.24265977684193,8.568211596705291,5.876211154863522,1.6820507026929001,0.0492168180748457,0.015591288534833509,0.0,0.0,0.0,0.0,0.0,0.0,0.9419851281306751,0.17982561102700678,1.3175640842160232,5.665995338994238,9.194403494180794,9.998559454079329,9.767152932504304,10.14020948050282,10.659022810386897,10.472271536516478,9.787221650254288,10.159656848184438,9.703244091934902,8.33720342532747,6.115244144966809,1.6169096448866953,0.27010986459869724,0.0,0.3352676394536483,0.044951707291159666,0.3525955950762866,0.02843728823553581,0.052099972926190605,0.0,0.5150640651342692,0.15183861099285442,1.7671470723317027,5.54508811255236,6.00176389429096,7.6746339591256,7.246109528643863,7.961618274801257,8.780391844488054,8.546398905603919,7.590068723083068,8.038245731954074,8.046970046001903,8.677444684592784,6.158436233972598,1.5830648083152685,0.01170074288374449,0.021891511390592276,0.0,0.011437360023094008,0.04144069026695099,0.0,0.4529437502409431,0.0,0.0,0.34953677223526625,1.3833063204498248,5.154808795302058,6.766010501178836,6.872669242975315,7.46250072556069,8.302910365368282,9.079349537861448,9.384890492388616,9.863586717245312,9.167210851771745,9.740678209908396,8.311652468579622,5.920267288954151,1.8859847201972044,0.0,0.3493926323612784,0.276189668600322,0.0,0.08066730471194959,0.18988137248934805,0.0,0.0,0.0,0.0,2.4733477975135503,5.6723765660767,8.568863442482533,9.272802243757537,10.659022810386897,10.659022810386897,10.659022810386897,10.339145696051311,10.313536289194781,9.77455513050687,9.818287883017954,8.567547044382685,5.020346226264459,1.5646589008581544,0.0,0.1066010064309751,0.0,0.0,0.0,0.0,0.16794927956949532,0.026363063828510457,0.5332559467178862,0.2197227339877515,1.0300551470485961,6.393824351537845,8.004744925098414,10.48531734664305,9.548801750964875,10.64914791865624,10.659022810386897,10.659022810386897,10.659022810386897,9.880569650453328,9.474035167380809,8.956745352286033,6.009461519473269,1.6991545069137033,0.4258750363571605,0.0,0.27363859137050883,0.0,0.08360025333794484,0.16456806784778422,0.2764964522549859,0.11338006750723502,0.2131063961080762,0.10955372961819512,1.78989242386289,5.833675358925851,8.320635360825632,9.542544412699725,10.17388627301179,10.2651828014616,9.701759967436232,10.405398258913346,9.850802026625997,9.975922108183747,9.49885295646108,8.543269283480441,5.769338943104905,2.062457193026167,0.11836806159834484,0.05612012534000587,0.11035960255003616,0.5548265384220957,0.1493112791196927
0.0,0.0,0.0,0.23496013434680285,0.6847176035572679,2.354703959340168,5.130463467338797,8.193410153205985,10.444759502973445,10.875478525960768,10.875478525960768,10.5368728487478,10.224996895764287,10.655990767862153,10.330630354507084,9.681264326478637,8.782978997507149,5.68173980201114,1.2321340584448577,0.0,0.23581069186843673,0.0,0.19105201659382073,0.2896192926909469,0.0,0.07030104648480197,0.2459847275904403,1.2931969093616154,0.5819618765836269,1.5495344623445828,5.970914774213386,9.746865752979062,10.762833173753924,10.564171069840338,10.875478525960768,10.875478525960768,10.875478525960768,10.444241567975038,10.875478525960768,10.545143602996463,8.517230374375552,6.5331769704445675,1.800783660494165,0.27635676973501005,0.13894497647203943,0.2477726242956753,0.0,0.17194651917994175,0.0,0.0,0.0,0.4325428153753312,0.13781932675397354,1.955511879550655,5.474801758016617,6.111603162673182,7.749902219600913,7.425946518563177,8.132496719081633,8.91181646276183,8.726127366511736,7.701436079393234,8.167423947678875,8.274738264307617,8.719212059173799,6.255759576466494,1.5656533255115432,0.0,0.0,0.0,0.09592991575675265,0.2213506062859411,0.0,0.36418702319384105,0.0,0.0,0.19201763476904327,1.2987323801714103,5.028893432297524,7.0565804289854634,7.036738138245471,7.729625615407938,8.688708993735672,9.506253507110605,9.758250599508512,10.164023176339745,9.55556299329191,9.974000668995341,8.431257702243142,6.10418223668849,2.1020145583336247,0.0,0.0976556635033239,0.11229777990151452,0.0,0.0,0.18769208345177343,0.0,0.0,0.0,0.0,1.6778065098240937,5.250257813450444,8.423353845627895,9.043273421544127,10.130207012307299,10.460801226885325,10.278206127815956,9.871528623252836,10.024123682614697,9.573798324255868,9.720821206838865,8.752124591932429,5.227558777356281,1.688614270455757,0.08873428987579483,0.6764768299014415,0.07176948781906985,0.0,0.0,0.0,0.325863074456856,0.08271511866346637,0.6444658216722678,0.0,0.8839537953093575,5.934212694520226,8.05938166984461,10.599338791409306,9.789193164231898,10.702742342274101,10.761464114033476,10.704017408784575,10.83006813742079,10.09740597494257,9.988961795107038,9.218520196280645,6.169050516151119,1.91719927482177,0.16242229255051158,0.0,0.3916495703465743,0.03510249352239065,0.6244867546060372,0.7368600937043626,0.5350144154603746,0.2413256219207073,0.5403449648667008,0.5312886380570929,2.2069740209380058,6.448282303196203,9.087631734361432,10.100829920701754,10.384122862646741,10.523993186065248,9.968704637785091,10.674088026041805,10.084837462196482,10.267042327387202,9.797721913636213,8.274664366197706,5.513536035732315,1.7527413000176615,0.0,0.0,0.0,0.27872110410899836,0.23549824547390302
0.15960441725684663,0.08414015808505788,0.0,0.10313331883631077,0.6221239548271899,1.966569733748892,4.863714469750995,7.7646278467962055,10.111608108584715,11.00399399546055,11.0464826043538,11.0464826043538,10.975301954275057,10.945891575045794,10.863167476219683,9.676881907769417,8.670537714807734,6.277049838242225,2.95916624681194,0.08304330988279789,0.0,0.03984187722727901,0.3043801085329179,0.1935131333468237,0.0,0.0,0.0754295274286092,1.163436443481703,0.3924477518893683,1.2724134604106803,5.543903891076622,9.204551928442843,11.0464826043538,10.387046304907747,10.79536255405149,11.0464826043538,11.0464826043538,10.135933497243824,10.213227592543838,10.403149982152964,8.439759602051051,5.772110208783839,1.2504753441275547,0.0,0.21140389046296204,0.26020211308427865,0.12793779156425586,0.14215867088803477,0.30381049148423167,0.4101750558255195,0.014258450510417445,0.7150577046993244,0.16761646251967463,2.171590226105207,5.677585876758416,6.247241113901612,7.944297294134397,7.87730881483905,8.534519649034925,9.50220593038902,9.273851467805681,8.067733580183644,8.526199832791956,8.488344537202108,8.975951874575978,6.483206272587554,2.041793257496984,0.23783812143365887,0.001714694638394617,0.0,0.33618286290612237,0.1010264517897396,0.0,0.33117350852549987,0.0,0.0,0.3382880427471599,1.320555853895679,5.0017690337542176,7.512480000264449,6.9880339703617596,7.529508759958334,8.295058271272522,8.758689841894927,9.257992065000646,9.98168505222637,9.692472674532418,10.392773256607759,8.849199776988302,6.091232049334166,1.9438416760652044,0.0183111182021324,0.38373518711925914,0.4916477831133052,0.20482263664398406,0.051543758689388305,0.5308368764044976,0.0,0.0,0.0,0.0,2.468207213918535,6.001784148397165,9.236179871862223,10.023569888446715,10.743431519965108,11.0464826043538,10.866559006250352,10.289882360400679,10.396243138817354,9.975247663542648,10.110011436030963,8.762939295363758,5.170479052367794,1.08214054356411,0.0,0.4827445229665444,0.0,0.0,0.0,0.0,0.0,0.0,0.17505197730626404,0.027689841098533483,0.8619651595914261,6.182960064520091,8.23654697099967,11.0464826043538,10.125394799967394,11.03941971508201,10.945692073279284,11.0464826043538,11.0464826043538,10.564631847655166,9.745365004259408,9.854889498808364,6.441368184305896,1.6031645914338168,0.06301827891800595,0.0,0.2956344169224539,0.14024834271045114,0.445786656115156,0.26323965916372716,0.0,0.18341775961218604,0.4309856661472989,0.23193265515792072,2.547265220876899,6.3898295695358165,8.461595498369654,9.998503116985328,10.787601079386079,10.707157753230563,10.589068509576785,11.0464826043538,10.979846380652786,10.667215919363258,10.018152394932379,8.878552873532131,5.60205042574338,1.5472543859748178,0.0,0.0,0.0,0.2801001921205055,0.0
0.15868728298833104,0.18526344075746598,0.0,0.4181080850902215,1.2117526279308712,3.062221020556708,6.276174191477105,9.002365337777325,10.911489531270565,11.289472323833776,11.32030358353789,11.13493919349608,10.685180179766201,11.019203356329882,11.042539622338019,9.978406165433551,8.79608336855358,6.138044167845575,2.808896514162924,0.0,0.0,0.0,0.0,0.0,0.0,0.0,0.0,0.9980249876538789,0.20648032646081368,1.0537517232761042,5.570841968444746,9.545009981096047,11.39314476418773,10.847251311779,11.135167204052093,11.453240564356294,11.453240564356294,11.015024073024774,11.15251989963075,11.07717196819745,9.02347884219751,6.733129873714408,1.9216647740739052,0.38745593996584865,0.28145675940773895,0.22400023262498922,0.0,0.0,0.0,0.157014110466996,0.0,0.5890420181351969,0.30939308718344377,2.1440225114960048,6.114734525824518,6.408238724718912,8.02380683667627,7.915240361364081,8.656270572405374,9.437756273146766,9.22230336437372,8.074585606699767,8.726848714153476,8.810179063046208,9.22584913331961,6.325097474401077,1.701123611770213,0.2086166880906942,0.0,0.0,0.23928393720773702,0.12089568532876735,0.18197810901851927,0.6192316141507136,0.0,0.0,0.4147896013673636,1.6684298676366378,5.4129733303924565,7.637624538758984,7.446036279737648,8.03974641294072,9.004059715621702,9.637629370814098,9.877058886617853,10.608309902405034,10.155902143293936,10.396496970532159,9.1241175133571,6.253965690254993,1.8398700831025785,0.0,0.24149564813438354,0.0,0.0,0.0,0.44547293580993347,0.0,0.0,0.0,0.0,2.1853135847905905,6.370783553562746,9.239869734515347,10.373024853923285,11.14498121528931,11.453240564356294,11.162345516195668,10.55093043158489,10.826778148381388,10.287640362027439,10.177678516725761,9.372554811456002,5.596511246653995,1.2059787213996414,0.0,0.2194555521638769,0.0,0.0,0.0,0.0,0.16346803800154194,0.0,0.3300674664834057,0.0,0.38576727945203004,5.565705586937456,8.609887490915296,11.453240564356294,10.540682244558381,11.453240564356294,11.453240564356294,11.453240564356294,11.453240564356294,10.628888879084629,9.741077213943717,9.95755139155447,6.380428946215126,1.622510316588274,0.17667455959235623,0.0,0.6545107436962563,0.34270869768189133,0.5957257908915312,0.5396278981160968,0.10820321148848333,0.2203437010661875,0.37805178452972854,0.0710529788509956,2.1961988701745776,6.321600174765,8.71635886324425,10.225841992018472,10.977998298993553,10.930678599291355,10.661992735019176,11.453240564356294,11.267213987969182,11.304018578107744,10.885960540993235,10.008649649422916,6.4728551413602675,2.2658711136956504,0.0,0.0,0.016660855914409925,0.5335580130618399,0.24691964550209264
0.28045985993714884,0.4728113511567485,0.1271004257466016,0.5206931918103559,0.9279152301049002,2.133720346627717,4.628405712746147,8.501105843957847,11.057233179702218,11.839518395825422,12.005499426466487,12.005499426466487,11.905637598290605,12.005499426466487,11.649933126907792,10.805694120039767,9.45169272810558,5.789103305955994,1.07017824468834,0.0,0.14508424736917502,0.0,0.17262048296384785,0.1225559783758985,0.0,0.0,0.0,0.8946298622690155,0.41913489398388853,1.2458993510818965,6.426717926713564,10.649559518753144,11.958469845795522,11.717068457983679,11.944545305911214,12.005499426466487,12.005499426466487,11.864771338552035,11.89815331016429,12.005499426466487,9.94633411762751,6.624506645203818,1.4933544860983092,0.7971893898582549,0.0,0.05349505674834322,0.0,0.0,0.0,0.0,0.0,0.12666472482558527,0.0,1.7951552383348255,5.654426550151703,6.641496744924927,8.544240503482285,8.152118619361705,8.953336028902818,9.640525918734584,9.465012599908164,8.531098096394812,9.307768128568577,9.359557770872229,9.473769911131974,6.530529060384152,1.8236748198697967,0.614550871664999,0.06792699007844341,0.06390845187733905,0.3117234359607296,0.3696369079307897,0.13034653625248188,0.43229559317531413,0.0,0.0,0.26728462545529724,1.4986199285981137,5.291933759827288,7.902282648497479,7.82344180205968,8.312543859486208,9.385643652826207,10.117114566995335,10.399844481505264,10.863163348810438,10.54494120686222,11.144010563056447,9.56295237072605,6.355531677281901,1.7766801238958525,0.0,0.33348849039671363,0.0,0.0,0.2166882634096671,0.5854031866877416,0.0,0.0,0.0,0.0,2.6265538143644727,7.9341497297795485,10.135118648576563,10.780059771292377,12.005499426466487,12.005499426466487,11.805708505263027,11.698904085692028,12.005499426466487,11.1482031669509,11.376502935936402,9.429427346611147,5.964376904300311,1.45407118657309,0.0,0.2529341344755533,0.0,0.0,0.15144122309401778,0.0,0.0,0.0,0.5403352440887004,0.0,0.6718771179018478,6.262233181230939,8.257516917298874,11.133441394338055,10.630650939591682,11.596328764775444,11.48375745754693,11.650780377805733,11.708303275341052,10.80633671404851,9.920579550847302,10.216163492282654,6.352364504584027,1.1609150411546194,0.4175322104995301,0.0,0.8999904773781324,0.202826694875884,0.8091621756681249,0.5289010690560629,0.49454322040659066,0.5832092970367937,0.798938365450255,0.1975934089108991,2.734248240949248,6.985580791182652,9.25375159032372,11.062554974404904,11.894835864925396,11.676825471498578,11.4035927815811,12.005499426466487,11.76662190176025,11.31463143729738,11.11797262519889,10.070198048521897,6.621092596188554,1.9699320428143663,0.03884129252435666,0.0,0.0,0.8384236384264402,0.024853334049822984
0.0,0.0,0.0,0.0,0.8241379859688529,3.0183013564623056,6.427815876305987,9.323975282057006,11.463148683204203,12.125849597144198,12.125849597144198,12.125849597144198,11.789547170877576,12.125849597144198,12.125849597144198,11.132844416930677,9.986593801703808,6.612851053352862,2.896744116129911,0.17687759995300234,0.4145606524242617,0.14550439178873742,0.0,0.0,0.0,0.0,0.0,0.9726672511430703,0.47419031488904656,1.4659535727874538,6.080425635549179,10.174759961892036,11.97075245880487,11.578145820008785,11.86284123121493,12.076614670419342,11.74922022365807,11.136055626094349,11.902739583558438,11.646819295114682,9.586104052768587,6.704864518898209,1.7693027086630475,0.14971811002524046,0.5124401489563474,0.1844581459606622,0.06864971447090787,0.11773891532413856,0.0,0.0,0.0,0.4352953750645658,0.1809373257851761,2.4387754939195014,6.0414777086052265,6.896356806606405,8.644356796004908,8.740549242280471,9.593631566484467,10.00117614608514,9.621326890351845,8.592655099782954,9.255229531255326,9.368408934310946,9.724715104899639,6.884343140453229,1.7478254435931853,0.0,0.0,0.0,0.2746348150422839,0.041387186504344246,0.08392129795615702,0.5758716033639777,0.0,0.0,0.24870414745977548,1.6907034315659277,5.760243219091688,7.799343330478212,8.001727565541021,8.311390615855665,9.266722812398859,10.134088982360598,10.572407107712081,11.26120388437176,10.760871766523897,10.978351503408101,9.949691999707493,6.976755567839302,2.2979421448323385,0.0,0.16608006272600734,0.057496987371445554,0.0,0.0,0.3695194326026399,0.0,0.0,0.0,0.0,1.758953551783771,5.937636686823347,9.38921060231447,9.921087447587155,11.05186094531889,11.847752956963111,11.26332951258476,11.18364338971229,11.663988386648114,11.47027578956544,11.191540954990582,10.220848004822466,6.209259954311561,1.8736774864582901,0.0,0.548726749264612,0.0,0.18726958018203071,0.3412116173858037,0.0,0.46963093813745765,0.3526060615153528,0.8571254266261382,0.7540694544174,1.7237692010085186,7.395956771655979,9.351570142707246,12.125849597144198,11.32534711886593,12.125849597144198,12.125849597144198,12.125849597144198,12.125849597144198,11.346734220005303,10.552662833137873,10.334786302683815,7.019216093598344,1.5810154866843815,0.3180743602730277,0.0,0.0,0.0,0.0,0.3275789304747611,0.0,0.19003448692423844,0.5755410324003867,0.15971758805385314,1.8480700267528647,6.000661093546785,9.596295648631056,11.01155495805116,11.69636717560228,11.70488414359344,11.33286090019961,11.987503796816673,11.431575045501068,10.889444447267541,10.572141133151597,9.104291136451398,6.081878377034432,1.488057648829001,0.0,0.0,0.0,0.17885930918677329,0.0
0.0,0.0,0.0,0.26302880428381276,1.2041331428596154,3.187558473567962,6.749170915403275,9.881849029159513,11.969040546886694,12.303058462089187,12.077763130916859,11.915193898794985,11.97532982004771,11.946555473695792,12.06586217451686,11.16591953434226,9.877781277690659,7.516407679943775,3.1995796118583755,0.0,0.045193874555869866,0.0,0.0,0.0,0.0,0.0,0.0,0.7250379904323166,0.023538139356460725,1.0764174884345312,6.0821013326509865,10.211883983797431,11.788558314595194,11.466451678163654,11.695283158700608,12.370046225720028,12.370046225720028,11.83545210853586,12.045951795567257,12.070488071329548,9.908693092142668,7.12941388237093,1.8691848864180687,0.5667497312543586,0.4645296879422833,0.06800834197709747,0.0,0.07772478054152948,0.08908901973383122,0.24592846041690078,0.0,0.41783999123806476,0.013754190642696278,2.3125944964823355,6.369226559881132,7.141766073844145,8.86783313023851,8.741249157893499,9.725721693826364,10.16680397789617,9.730907210607306,8.709282249667348,9.569490397471444,9.572756690566791,9.91192399425188,6.702431219714739,1.7873172407261744,0.19588735713896221,0.11662283829050808,0.0,0.2941962356630232,0.07277253091138663,0.12777823379900466,0.6144514350503788,0.0,0.0,0.32535140922672345,1.7735354008755604,5.820268494855656,8.092306027195962,8.297814847870159,8.593575844373273,9.70540284391179,10.34680843187485,10.711733737656088,11.262023019878777,10.966644688413245,10.972767329014545,9.789985826149257,6.619779258158245,1.9198815524157364,0.0,0.42271155126310106,0.061658102312621484,0.0,0.0,0.5681208554749984,0.0,0.0,0.0,0.0,2.3443147737738608,6.9952916299792305,10.137914610839314,10.480214754109534,12.062530997946933,12.370046225720028,12.060329383684472,11.54852190038556,12.36165340082063,11.661078507913649,11.173387769728889,10.170704359493097,6.248923012950605,1.5423284847223706,0.0,0.006594566498442235,0.0,0.0,0.11298945587804048,0.12699460916460326,0.2918460069080038,0.0,0.07224636648471242,0.0,0.2516489432890375,6.478766085841239,8.860022781985913,12.049400942090966,11.465238799576332,12.370046225720028,12.189897258547964,12.370046225720028,12.370046225720028,11.636940380745374,10.581229476284449,10.044159464695275,7.00013208464536,1.4804187746176978,0.24153214419395688,0.0,0.666605813371482,0.5448495770569568,0.9279072333906352,0.8645686122207746,0.2213578996367924,0.5593184997243261,0.6982326363402453,0.11787166084812511,1.9757382979230618,6.537556412308635,9.327003894784195,10.969957432177894,12.082199538491283,12.002275632116005,11.953215614899012,12.370046225720028,12.370046225720028,11.633885696254623,11.285042644422754,9.975920482242131,6.638029210008363,2.1344329543753973,0.023707675083009548,0.0,0.0,0.41978686413157784,0.2210570301726344
0.15720506995870373,0.3574274137503832,0.23526641740770918,0.5205652353851168,1.1889613440261344,2.2394205199160395,3.7854288436207395,7.173132305252764,9.885408841644878,11.846526914622926,12.102630190365696,12.102630190365696,12.008128888111598,11.592902276416568,11.663287358798781,10.925853016202597,9.662833538957223,6.366930919853579,1.4686473843270014,0.0,0.06065069513665611,0.2843406543255626,0.533913926656184,0.35434376971838893,0.0,0.0,0.0,1.532462021324747,0.6209514081841389,1.473935769594591,5.993003632255506,10.810106558510524,12.102630190365696,12.102630190365696,12.102630190365696,12.102630190365696,12.102630190365696,11.915148961458284,11.936423693188166,11.9148481489284,9.64886342995543,6.961291032408476,1.7076099365068853,0.6444430994043512,0.0,0.0,0.0,0.0,0.0,0.11022457301017237,0.0,0.07937929587130615,0.0,1.6376946482735635,6.010316944302264,6.530540474327069,8.417320341028976,8.008568773142688,9.083164908377462,9.692528857404955,9.399489121308019,8.681746096765224,9.411310981595191,9.385822710328004,9.63214849679006,6.714075793070286,2.2589673830315165,1.171605831660435,0.35203393345773937,0.05638774155067581,0.5487932361192561,0.12542660670719452,0.2663347791385822,0.6344436526769016,0.0,0.0,0.3607402740446578,1.617668973847029,5.467579363779372,7.905455720332802,8.280790406601872,8.665726567146159,9.61734664475,10.243907404089057,10.769757282619464,11.23627784095714,10.835285360772147,11.19095541978784,9.607019469263598,6.348370714622394,1.6429536375924896,0.0,0.512057317451679,0.0,0.05469932302075178,0.10455940562144254,0.4853589881075171,0.0,0.0,0.0,0.0,1.883522146354282,7.341959550442456,9.925522949946629,10.32987125720362,11.674742761615494,12.102630190365696,11.709321775092771,11.211959636652718,12.102630190365696,11.018915179374872,10.779692031208366,9.234304809633716,5.256283448902932,1.5113528446922488,0.0,0.0,0.0,0.0,0.3310500502935489,0.10757524059394243,0.3688760086096606,0.3059925288630702,0.9527257620287366,0.7376665796077907,1.3708281270820046,6.994914226696071,9.100495172689095,12.02241784396761,11.524133069494649,12.102630190365696,12.053852392654077,12.102630190365696,12.102630190365696,10.989068372602736,10.050993515319387,9.559731306741936,6.863840757439346,1.9732760930707987,0.375436715458987,0.0,0.8921794856299721,0.559673343989727,0.6905583094713557,0.17244993517601823,0.26145586320498726,0.6037840839928608,0.5943354957021816,0.06811311820266333,1.844960613034413,6.712086967782775,9.134648576112099,10.900548695043613,11.948547087378195,11.787428433781665,11.493715656700598,12.051246072101382,12.102630190365696,11.10071093944945,10.998967773915945,10.024365474754315,5.982531100114974,1.4398842601040729,0.0,0.0,0.0,0.6000012041206414,0.22407611915870007
0.0,0.24424949304138754,0.13391871666252309,0.372236284390109,1.2592083569585721,2.8896806084891606,6.360982173192467,9.384474456744167,11.350033356621898,11.80516051872555,11.718811634418616,11.384516056038814,11.237337989960404,11.68016337199823,11.390048796223999,10.402688634266113,9.080427761465083,6.1025469855166,1.782390404631445,0.0,0.0,0.0,0.0,0.0,0.0,0.0,0.0,1.0889430801188598,0.3708798377549835,1.5372934622754786,5.9111977678262075,10.019422359469145,11.392391221771053,11.090290801368253,11.498972639625594,11.80516051872555,11.617059314350026,11.052131570415334,11.56033447869329,11.391123961810031,9.7732017002016,7.130156899995533,2.186433480371828,0.7798640223557455,0.12230404339954887,0.20083752760052873,0.07146812291496027,0.18194903899076154,0.0,0.0,0.0,0.3614404749692446,0.07618248301218551,2.0746157316927802,6.07442521338877,6.760171171841727,8.531002666870338,8.495634081672785,9.246507773314145,9.531000949960886,9.084105700285885,8.371581926687636,9.044210583534053,8.996327718266103,9.373014232987826,6.412975013714348,1.5965318844928833,0.0,0.0,0.0,0.0,0.0,0.0,0.327865870046192,0.0,0.0,0.319795443548165,1.5358353393136637,5.303986744836679,7.550375659030732,7.779794745089341,7.854140193707724,8.999363935218803,9.659096234172038,10.19543428378341,10.814959048759553,10.55943623697412,10.57827626221364,9.294287906791805,6.267508909593278,1.9129665560317015,0.0,0.23727098761402357,0.0,0.0,0.0,0.39920368718434396,0.0,0.0,0.0,0.0,2.5561921079412806,7.361323130131443,9.710072311427025,10.833891954795773,11.80516051872555,11.80516051872555,11.80516051872555,11.386070402098724,11.80516051872555,11.2527034290325,10.657618275508991,9.407079672461995,5.61012466532629,1.846017444492879,0.0,0.48351438332659363,0.0,0.0,0.0,0.0,0.0,0.0,0.0,0.07430762783942357,0.8429998318672135,6.165084611033419,8.559878743650147,11.682008322369024,10.806311283672954,11.540751407080178,11.55311299674994,11.685215524424738,11.717227735377937,10.91832411720719,10.006873600921185,9.797075583165247,6.717472040128944,1.5697843259707593,0.20127114722905734,0.0,0.0,0.0,0.0,0.30461176410332047,0.0,0.046866321889303765,0.06359770676891584,0.0,1.676859348968363,5.885030714283452,9.05727651924545,10.671811446343963,11.486353516837712,11.546272888986975,10.943040260122721,11.795313043348255,11.729734275381944,11.004729996548463,10.785011324605708,9.349372552015925,6.539266158813863,2.0980681328592863,0.08886374621945028,0.27157913973827874,0.4262238191808716,0.6967547076548899,0.25316239937954876
0.0,0.0,0.0,0.0,0.4111366372871228,1.8061717291051351,4.393132305246578,8.263878795507418,10.708697551503587,11.858180504423741,11.82680987284549,11.809402728858997,11.671244015800255,12.140148595131782,11.795989907902326,10.774740643642897,9.607132726365673,6.009317170957898,0.0,0.0,0.46200908071247987,0.2916316660408947,0.45953320645673146,0.5172544757048628,0.17630445276797957,0.19165419476995305,0.3669922673918584,1.814449818862596,1.179743658368446,2.9563131664378135,7.4808677444811496,11.405193881253457,12.140148595131782,12.052858164745242,12.140148595131782,12.140148595131782,12.140148595131782,11.869885607563312,12.140148595131782,12.140148595131782,10.163138874070917,7.0293862285394955,2.1418437462123925,0.5703048472795318,0.0,0.0,0.0,0.0,0.0,0.0,0.0,0.0,0.0,1.4616228355905656,5.6324347028629145,6.5383261813588485,8.186878088578142,8.059716065208574,8.883304228231292,9.457410737579291,9.081710646989874,8.58379367860803,9.088235431547831,9.237364060753697,9.600733126207022,6.930539034908515,2.2044325087206103,0.18821677950495325,0.2938333828441206,0.0,0.19668716841914877,0.24632707917317676,0.15407246324124999,0.6388405471383686,0.0,0.0,0.47819287281993356,1.7665752885373402,5.461098867746944,7.7117808613319,8.072372714504706,8.219698109473194,9.34553857754671,10.091882177324745,10.66047623144789,11.232540715507815,10.987996247708546,11.073792425005124,9.619960147443516,6.589853672052819,2.2066420495487926,0.0,0.0,0.0,0.0,0.0,0.1633291440507865,0.0,0.0,0.0,0.0,2.62710967326975,7.247984963266779,9.63840205264969,10.211732852887549,11.510288717101739,12.059577600189979,11.421146570658438,11.321802257476463,12.140148595131782,11.448778313270186,11.264797044801375,9.761573371035658,6.005653537352826,2.4091155140662743,0.6058037600490013,0.9425645377158146,0.0,0.0,0.030567651444708577,0.0,0.0,0.0,0.08473405460233677,0.15093466742906472,1.316367505768376,7.104185716146901,8.85675572865861,11.666403793563573,11.098542031995896,12.111875011120134,11.940892659120118,12.140148595131782,12.140148595131782,11.260875082696005,10.72142945616115,10.292540468052316,7.192138972601433,1.7882848321895168,0.5208271606730125,0.36268037035484013,0.03732245329127125,0.0,0.0,0.18230819344429447,0.0,0.06414004505176385,0.23968335134564994,0.1123901738005101,2.633655080691176,7.301111630391168,9.794276167233095,10.88766854956325,11.55049895921121,11.553355768508625,11.25409848212095,11.923049178759172,12.104346580540009,11.250313282162796,11.432692479764212,9.69560553425778,6.241526271965608,1.9081979190496616,0.0,0.0,0.0,0.2633920916637386,0.0
0.0,0.13369847036422086,0.0,0.017024133744000795,0.6983582188957401,2.275071961485774,5.6194314733732895,8.892888590436112,10.886253869093858,11.548298674159744,11.557979185840729,11.335851983975003,11.072636817471732,11.576501474842521,11.451058446009457,10.714916612856227,9.64932822449182,6.318107930055541,1.038185140551857,0.0,0.11059986384634829,0.014535393488616268,0.33785058225558445,0.0,0.0,0.0,0.0,1.2251741496475415,0.5165612492232483,1.874203811980359,6.599395961347132,10.661410799568687,12.006158895003553,11.655167172004417,11.948225394440916,12.006508129105743,12.006508129105743,11.483606634947352,12.006508129105743,12.006508129105743,10.088901603095353,6.9682408465334165,2.132175815267046,1.2725500277781772,0.4460644901660708,0.2077852558017977,0.19920616442901207,0.2671064788611748,0.0,0.13419754235605402,0.0,0.3203044311951574,0.05845475750768391,2.1117731725695483,5.70800561471934,6.596059630641377,8.112701037431503,8.085835059090712,8.930290990265714,9.315642196286028,8.914307804941316,8.368804137320918,8.92706129046411,9.090552945344557,9.307505327962467,6.622066836599734,1.0937187301274183,0.0,0.0,0.0,0.0,0.0,0.057384959703358274,0.433685599367385,0.0,0.0,0.4949923757393142,1.7198201538592741,5.468477895276376,7.6183215210246935,7.925583123022996,7.993997224869587,9.20143262585885,9.873230938258226,10.364712813517972,10.73745795660781,10.606524509676385,10.630859972063604,9.715465148237655,6.591862380622231,1.8844933364092202,0.0,0.19561162054805922,0.09557094460420208,0.0,0.0,0.5604339622217493,0.0,0.0,0.0,0.0,2.1918731985210202,6.905532571524446,9.648061535227729,10.478450774778464,12.006508129105743,12.006508129105743,12.006508129105743,11.463213653439157,12.003600468947553,11.354515254776247,10.83267720708477,10.00013101756682,5.776178186833372,1.9550486440626793,0.06420880083636005,0.523164090650958,0.0,0.0,0.058967829278459866,0.0,0.013668749026010134,0.0,0.2712545731069714,0.500833235588527,1.7049492576810414,6.599376638968527,8.73626138946592,11.736131516576625,11.036184792412024,11.848407417856023,11.68972631960451,11.873223792777406,12.006508129105743,11.159996869362116,10.331146263663243,10.39857492420099,6.8522886838135495,1.7311040651426286,0.6513397153138362,0.24641833907424615,0.0,0.0,0.0,0.39206604567956643,0.0,0.00976316852279455,0.5304800709779139,0.006440524501884179,1.6881742126556747,6.192018675004695,9.583904797467055,10.77659221407532,11.612077552072147,11.609042507343895,11.229493024410575,11.627411648604156,11.966153699211526,10.791512668576456,10.870456751118988,9.090949411927781,5.899296805084649,1.7049694746142112,0.0,0.22011539337668914,0.08018755811566067,0.6123658067521093,0.24404047885719773
0.07343724221457484,0.3435028103112534,0.0,0.0,0.8831989755894192,2.6452374328092523,6.014433172617909,9.455517890119227,11.680443135959113,12.160134968356546,12.160134968356546,12.150326242848884,12.03907298623182,12.160134968356546,12.160134968356546,10.982366730914421,10.102008792183693,7.590016151127154,3.2766405247406913,0.0,0.1308583860234597,0.2001142540080998,0.15899908351495598,0.09050561508277084,0.0,0.0,0.0,1.087651432541096,0.4580312593016073,1.7152257656981145,6.049809961452869,10.176300121217162,12.1025140514029,11.510404932744917,11.968338253375556,12.160134968356546,12.160134968356546,11.265167950239691,12.160134968356546,11.55643049089626,9.627778331743714,6.676633401265771,1.4022361514975328,0.0,0.0,0.04233115927428154,0.22350691915904583,0.1312584306133426,0.0,0.0,0.0,0.26394195495934597,0.0653799518760484,2.0113747302955143,6.121012190647894,6.873988611474594,8.550735623289983,8.954166843626952,9.647392158756414,9.89307416878412,9.432222076438462,8.79258923694353,9.32803779934377,9.328946699202383,9.666701569548525,7.1028740941310895,2.3394201728059487,0.5395618959808706,0.44002263895208305,0.0,0.16246154622394837,0.0,0.13273620828417954,0.43572035893453676,0.0,0.0,0.35703755411888805,1.5976462688968904,5.615666043660664,7.653539843558107,7.801078064068218,7.923899861868152,9.02902424187061,9.72089273041688,10.406196700606325,10.91906047864103,10.94145246606686,10.952699195816539,9.847708903911245,6.629374957421048,2.1872684157527473,0.0,0.04429215239526921,0.0,0.0,0.0,0.19161623965021304,0.0,0.0,0.0,0.0,2.108207355663005,6.318620356240015,9.656510874164077,10.295946567916152,11.7215306281322,12.160134968356546,11.689342961608162,11.04546931424023,11.78526668711704,11.377991849594883,10.86448444869379,9.973060980344686,5.991762136989875,1.7378842985170888,0.0,0.4967228327385484,0.0,0.0,0.21801709878097628,0.0,0.03698000229669117,0.023994611987132698,0.3132426148839127,0.30042854929850066,1.2056440656416896,6.537123071372883,9.084857800729088,12.160134968356546,11.384725971274607,12.160134968356546,12.156115224643733,12.160134968356546,12.160134968356546,11.390074999150654,10.46993203479064,10.311700107331585,6.888523761207149,1.8444223653173997,0.0,0.0,0.07097486833027337,0.13590834308279262,0.21596609449476414,0.6541900050434408,0.3570623332368436,0.41246735378479205,0.9167084970713077,0.11894207648858553,1.9251767406341633,6.509784320362498,9.708731302404386,10.66865856759316,11.669893664314685,11.908949547940924,11.310725287251747,11.991636966258422,12.160134968356546,10.830763829058935,10.792882854409376,9.341680719629792,6.295181756855785,1.6861598150361552,0.0,0.2570107328367985,0.018476026088218887,0.01296074709170134,0.0
0.0,0.5190181352111898,0.06036430824249428,0.38293431777675146,1.057710114780354,2.664176548462544,5.426784473258412,9.207925222379753,11.424047224887794,11.782827128266133,11.782827128266133,11.513065172711064,11.428134676219797,11.782827128266133,11.390679716256383,10.562338741422804,9.546869047507045,6.463363184521314,1.633804161498768,0.0,0.11721802603577283,0.0,0.29171624835646665,0.1496935555164363,0.0,0.0,0.0,1.0020606412664301,0.20016717087674632,1.4442290290517008,5.992871550692381,10.14334829206589,11.649590261067331,11.336202839122217,11.409059903337115,11.782827128266133,11.782827128266133,10.982400215398503,11.709083747284742,11.513394556675792,9.437050748120209,6.529108645267505,1.813396729976474,0.6937500076976939,0.3443378825997548,0.29078059422638736,0.3674445364387286,0.17425926092624122,0.044049442897945795,0.2719113790604979,0.0,0.34513307448474806,0.0,2.0188654288217345,5.738058289570592,6.68715887037198,8.162919127567303,8.319743819583401,9.005281043705367,9.528795770431824,9.067501604411124,8.523897967392463,9.061115488438288,9.18538173435467,9.294850985062467,6.572464424146984,1.7610436419880098,0.4016986252033423,0.22585394058014413,0.0,0.061918347406564815,0.0,0.07603791954377345,0.5749474797484475,0.0,0.0,0.369668097672892,1.3833800821692082,5.466736500783843,7.79029737224696,7.760211061660759,8.07971069820079,9.149978225480739,9.722371004252231,10.336355356104924,10.602962529635361,10.607064729503099,10.69997699307138,9.482301362685899,6.2946202710096655,1.9411000870301125,0.0,0.0,0.0,0.0,0.1047386139766531,0.461598091203505,0.0,0.0,0.0,0.0,1.9521435798943887,6.722431749357984,9.633137446882754,10.140553795699903,11.602305753192795,11.782827128266133,11.611185776327135,11.03944755161774,11.782827128266133,10.88228504790221,10.80281853274479,9.42999041337096,5.597107235871665,1.8536214298351787,0.0,0.40344874088266264,0.0,0.0,0.008932696476245937,0.0,0.0,0.1656846114916099,0.5961161057608468,0.5646367608590045,1.3828472913158163,6.680895658863594,9.115639420424557,11.724695423514829,10.874178971738296,11.616516318528149,11.638528859266806,11.782827128266133,11.782827128266133,11.151103799481527,10.296535714245486,10.025371945484459,6.660506861678132,1.7623069243047522,0.0,0.0,0.011433977905615376,0.04488128665001621,0.03021075135645762,0.10202936063565315,0.04953699555229577,0.03465506457988272,0.23374941116533293,0.0,1.5876893529701868,6.6086320476341855,9.257492241736937,10.254863375373363,11.267177584953266,11.288762418155637,10.8228772436543,11.412580589510195,11.716586538106013,10.46480737692487,10.7517710413244,9.27819426972894,6.031699529101512,1.8778889163408854,0.0,0.2379478715654059,0.08661981835513571,0.3543226851861467,0.0
0.0,0.367747187929811,0.0,0.06426953614634245,0.8616948817804262,2.6742537067933525,6.299555790237361,9.60736667632779,11.508302521765685,11.83280800765427,11.83280800765427,11.514711494885274,11.48584678333115,11.83280800765427,11.83280800765427,11.06322483485516,10.025043834384341,8.014288644112604,3.422881117341717,0.0,0.3916359881292158,0.12488513947774976,0.20391900273770464,0.0,0.0,0.0,0.0,0.6931831280704066,0.0,1.0102085693302418,5.6886065157609265,9.633449722867756,11.089207024879652,11.319672626218823,11.392646194260145,11.83280800765427,11.83280800765427,11.07835965978894,11.71751702053345,11.00734891470259,9.322140218828794,6.459912712806891,1.6053971618769656,0.4789341347708824,0.6635005883119249,0.14937026264101644,0.39126474093808294,0.4908179239838824,0.009887773532438788,0.24457656513445403,0.0,0.5361240989471595,0.30595326488026403,2.7333549195700972,6.444839953421092,7.10217828798279,8.353596763195197,8.59360282666584,9.184631176110601,9.518529013163882,9.067717315968084,8.502851005578904,8.988603490418326,9.114459021212342,9.224554839850835,6.616327767789167,1.487749976126315,0.0,0.09400554572705683,0.0,0.0,0.0,0.04193166935620128,0.5804355059975543,0.0,0.0,0.2755030166106485,1.335995832210487,5.466847018107043,7.58250567969622,7.748807494356102,8.049994671751248,9.110111611692242,9.714697051629438,10.222678876711319,10.316703244873738,10.43479917158921,10.415121571717243,9.405059790934434,6.046122409692792,1.9048763024445152,0.0,0.0,0.0,0.0,0.05823026739531474,0.5626632920002871,0.0,0.0,0.0,0.0,2.177713101249931,6.6658285687574095,9.73790180838168,10.368942688146742,11.83280800765427,11.83280800765427,11.83280800765427,11.0791185521711,11.58293634321556,10.936664719033468,10.178386644741446,9.305085593649439,5.312273828790203,1.5826951007988714,0.0,0.29444980347124106,0.0,0.0,0.17149707130349862,0.07428029467798103,0.0,0.024583643404561144,0.5815790901675328,0.5012239536581105,1.2169984563073313,6.124609232149854,8.604047470984979,11.730691843673533,10.818379774512774,11.441192032137828,11.48198390825951,11.614296371914739,11.445604328367184,10.848423026188264,9.89620492554522,9.5133669933265,6.305058465298331,1.9758895160469794,0.09423084190301027,0.0,0.19422280368789033,0.2834635843491752,0.2772132133898436,0.7112584846624757,0.5117799897668462,0.517332167392011,0.981301804840906,0.36867698097214835,1.8795881180929253,6.655745033081083,9.780868799844049,10.68044685231347,11.594123658239543,11.83280800765427,11.194099211552004,11.640105060521007,11.83280800765427,10.431529445675,10.28866795473357,8.766628879217455,5.771003467740934,1.4786561390887105,0.021873300873809058,0.469006909061281,0.1607551030346822,0.5004421834212616,0.11961741425396002
0.0,0.21677346766171238,0.0,0.0,0.798332756177859,2.5915133802646095,5.773730879332833,9.26048223614023,11.368481148199661,12.105549856262453,12.11664875718263,12.087632584468555,12.11664875718263,12.11664875718263,11.954608270349084,10.817378973859045,10.092964803922444,6.751183090569481,2.108696384961803,0.0,0.5680956059913056,0.33535609347225664,0.1414253147435819,0.14681411894043228,0.0,0.0,0.0,1.0469219928404592,0.4660576043587432,1.6117717679401844,6.261468642557269,10.280065205060334,11.84697247542195,11.777669343439907,12.11664875718263,12.11664875718263,11.898419001127877,11.185256118114456,11.955119593998973,11.440157457460705,9.593052771254268,6.576679450874179,1.5766220586052215,0.17120052863849303,0.0,0.16559704795162947,0.07451693602082346,0.019749334320528916,0.022511646591204908,0.29744845025592204,0.0,0.49461711558218163,0.3111853984389925,2.098543396683494,6.349362144697189,7.090015895977561,8.610420158124047,8.980775922106034,9.51176097742456,9.832499569945206,9.387216836040947,8.980188766558916,9.395603121665953,9.533431567027032,9.56803113400281,7.044149153490612,2.124595264424451,0.0,0.0726781930651515,0.003528665813031614,0.1690475346896605,0.0,0.0,0.5072756258553711,0.0,0.0,0.41037379084299724,1.4312927552953576,5.442480541439129,7.568670442331029,7.875127360873507,8.21988733181073,9.18021597844448,9.982161402316764,10.861173700030275,11.098655369270158,10.953187401919646,11.046867238922426,9.920884896104297,6.590207139131325,2.101169708057532,0.0,0.0,0.0,0.0,0.07222748979501245,0.3860705705417183,0.0,0.0,0.0,0.0,1.9015814184152178,6.682279339912845,9.56007528467065,9.979164236854848,11.590448333474994,12.11664875718263,11.75359091054827,11.375813009348906,12.05740093477318,11.443822665826783,11.160532030783553,9.740675086694633,6.093790595821141,2.151333771939605,0.44572964557953504,0.5848715174558365,0.0,0.0,0.0,0.0,0.0,0.0,0.34786686695995134,0.6385976041581152,1.904487585600459,7.077866903832897,9.053811427848844,12.099151088553398,11.242385702861304,12.043596640643283,11.999552752524016,12.11664875718263,12.11664875718263,11.547322372416472,10.705582535503936,10.75615446666182,7.114258992417465,2.2741906536098666,0.9402479991431825,0.0,0.0,0.0,0.0,0.06848518566675117,0.0,0.0,0.5433854211748966,0.0,1.5144781799301605,6.076864194151038,9.734155710158557,10.48901891456259,11.335832266504035,11.724450517964451,11.16749123232356,11.727137855960544,11.91495685460075,10.73687149850925,11.005865293194868,9.0899868538699,6.010725057804815,1.3195510242375348,0.0,0.0,0.13320251907796027,0.5552455750395784,0.07719529154813855
0.0,0.06011596807766085,0.0,0.0,0.27795595230256714,2.14256559974413,5.3711581195084435,9.033172224857092,10.76120767830813,11.510902883854659,11.442831960700076,11.410670899796974,11.315372714855108,11.612712326973082,11.390601384454229,10.010033302067088,8.944046134011147,6.073601539078494,1.460933011293067,0.05303379811894855,0.4934727490965884,0.31227053207478755,0.28281776557269844,0.4106597823086663,0.0,0.0,0.19222003139831453,1.1878566091577052,0.7366853213249923,2.1728584895173784,6.637614793052497,10.49396299488777,11.612712326973082,11.579138543848407,11.612712326973082,11.612712326973082,11.605476365138522,11.09824402346359,11.612712326973082,11.183993701278256,9.61717954747019,6.730129756018396,1.7595327217963304,0.4200755222721606,0.0,0.0,0.0,0.0,0.0,0.0,0.0,0.0,0.0,1.4911172301261941,5.5194884154010015,6.588006162801418,7.825799318502447,8.199385784633032,8.813620240718032,9.179438465058942,8.803108230733196,8.433088524822,8.904878912242404,9.049961539020005,9.272191535052876,6.941916959225746,2.2748169225712216,0.014511810057174862,0.0,0.0,0.07944935893111643,0.11081944074617017,0.014289493193607053,0.28714851018800225,0.0,0.0,0.5400997204280947,1.4933702486618259,5.2666872766144435,7.184348675375652,7.495666000645253,7.885951798631645,8.691982157971271,9.320115419646282,10.166823319170856,10.504403711198513,10.571342933798332,10.649155479954599,9.590662453737457,6.366392891658023,2.2695882583567326,0.15743788971493616,0.0,0.0,0.0,0.15998724421387583,0.04878550844467613,0.0,0.0,0.0,0.0,2.0582660214170674,6.459076744492646,9.389697353388664,9.899968328357426,11.504397855222441,11.612712326973082,11.309404811379158,11.10575893045018,11.612712326973082,10.91616136417533,10.599505319407932,9.572168320940667,5.604496085267834,1.9058628148276462,0.0,0.6098381714719723,0.0,0.0,0.10108274946708731,0.0,0.0,0.0,0.10553103347104917,0.30970992978745954,1.6019276726416538,6.765435352469078,8.700273681485351,11.358967066133497,10.535330630151067,11.232868629640619,11.21067414750697,11.193680642724082,11.21279219258194,10.702942750113392,9.940754539482496,9.911207118515046,6.749284220515029,1.970187532277322,0.4757258587953068,0.06566017601716723,0.0,0.0,0.0,0.3603949733873018,0.16784823699703086,0.03428360509342791,0.7039556847188614,0.21941320373463719,2.037035042141051,6.928015384949362,9.628592764869278,10.258563742124045,10.94911634589575,11.299660419691103,10.815851856899217,11.37807515513339,11.507502936989214,10.607688171981891,10.779377874799334,9.002357437702624,5.840413774554812,1.479243718617676,0.0,0.1746386566292397,0.0,0.34408771347827743,0.0
0.026417715736933356,0.4732307091966355,0.0,0.22025251762040635,0.7122809929974242,2.7118475108216367,6.058667891856942,9.498862379593051,11.369685033635177,11.7297249956119,11.7297249956119,11.720353641399068,11.7297249956119,11.7297249956119,11.45215490831715,10.318513990776967,9.479226861608318,6.372781646217528,1.5508182442861194,0.0,0.2000236867836238,0.0,0.0,0.07164766123902054,0.0,0.0,0.0,0.7987195267721676,0.31495386578299744,1.6371877810809405,5.982596602205992,9.944853963788296,11.196442924432574,11.2660652905339,11.417863889958694,11.7297249956119,11.353191478186439,10.906901358610048,11.50918914903784,11.190930157499706,9.471083907078562,6.5911760083127815,1.947814019949722,0.5316014550648278,0.0,0.13189399758802708,0.3355042164286897,0.2807687243608,0.1361776656917288,0.21410781001392334,0.0,0.29995635188055336,0.0,1.8607759247047353,6.000830332276914,6.984090518666223,8.307207018511646,8.670289664279345,9.412508748371815,9.947914126231563,9.46337232568737,8.929237995422291,9.286050699039835,9.148215445358002,9.469807965461252,6.874142804289182,2.1376201235698016,0.3339780242071907,0.11976324484124087,0.0,0.0,0.0,0.04368845945983276,0.18454179572954013,0.0,0.0,0.2484953105330304,1.1355511594491665,5.235053520625404,7.367239356411128,7.619861813716586,8.07283926565986,8.8597638482924,9.47182570108183,10.484861820369549,10.601203924901062,10.57088895036597,10.628650303022006,9.47057842445428,6.13641503468964,1.9000333273254149,0.0,0.0,0.0,0.0,0.0028183889854400306,0.34317633976233214,0.0,0.0,0.0,0.0,2.2206552578668948,6.389221367417209,9.737945872833194,9.979163859091226,11.397736872271512,11.7297249956119,11.549627059834316,11.10949362074123,11.7297249956119,10.963626576758218,10.665461743040956,9.346333172502455,5.58553265979845,1.8315778360510968,0.0,0.38948733990867407,0.0,0.027586119946016924,0.0,0.0,0.0,0.07397507488158077,0.26855337493692094,0.321259551777089,1.4227367777292654,6.622455804454387,8.741982901104215,11.461360564906254,10.761587339185553,11.567739138485287,11.454101331036377,11.399043576316856,11.434149099872114,10.897021725188567,10.091371912782657,10.029117148195418,6.829558258022973,2.109379340702191,0.5433644132707615,0.19103227477498788,0.097109993841678,0.2564740968211344,0.01978229496735492,0.36044966158644465,0.19651489103265327,0.0,0.6800778870484988,0.2307627808165787,1.7348268537274947,6.68690588776949,9.608798208486535,10.21182499633323,10.988836386531888,11.26271288502431,10.72464935372401,11.335886913271354,11.534695396754381,10.57837400842346,10.71900304988763,8.943791420466628,6.069180252491389,1.2278342486739102,0.10300064923709808,0.2761039779405039,0.019917754522617237,0.43683263930438987,0.009643409435754978
0.10914750680396353,0.20485716627109468,0.0,0.260358884106309,0.8458123841468538,2.5412114144206828,5.188715053657178,8.899921303950007,10.902667447806882,11.385796349661366,11.620008606586195,11.736453338545045,11.880505355394632,11.880505355394632,11.798236552830865,10.867040553277107,9.792449684577518,6.629569461071333,0.978438227594063,0.0,0.7135585762328993,0.12296243512382357,0.0,0.10543440983775579,0.0,0.0,0.0,0.8132124939308337,0.3972209579961798,2.4650672567812464,7.175056581452422,10.891885410158846,11.880505355394632,11.713992058356023,11.757934562244847,11.880505355394632,11.599279420452545,11.156639456375663,11.83077032109986,11.73534015299515,9.998410963440584,6.763484549710514,1.837091104379636,0.43555818847896355,0.2575924285891598,0.14465543493909352,0.0,0.06938878723516063,0.0,0.0,0.0,0.16619339781967496,0.0,2.0407883040446073,6.027054241523732,6.9335930395206375,8.105096907458195,8.37809787410382,8.92656694381736,9.554786694074672,8.881764766100561,8.583839631643434,8.942377436039067,9.103651962913473,9.210968148483197,6.352275082218953,1.5380072868079937,0.06425747629945304,0.6037096633938392,0.22865739375818547,0.12003651683885179,0.09970764731218267,0.0,0.27322349753560915,0.0,0.0,0.4170799810773299,1.3012289318319974,5.511179131409814,7.8191087760637865,7.896779669101171,8.259965660487591,9.275754556100509,9.897712991706308,10.925567770642811,10.847081816175445,10.756835183837424,10.637535966540387,9.537023170207538,6.2063677561195405,1.9822563067791183,0.0,0.22598857211997514,0.8659776306225542,0.0,0.26002327317974805,0.4644032903806524,0.0,0.0,0.0,0.0,2.1366667205291425,6.410637304525417,9.479360583602917,9.81701978573829,11.208519426440558,11.739037316962074,11.385871411791321,10.89699317566228,11.645009252794255,10.895984793841,10.46066692810122,9.591645740548989,5.980457654021033,1.7667713431447116,0.0,0.15442125704120285,0.0,0.0,0.15925470940698366,0.0088860992500388,0.1247278999610271,0.1401160791850755,0.29177105774245454,0.3267435485850178,1.5218845078003427,6.538891575552722,8.982704919423936,11.732781667376974,11.242759087832772,11.880505355394632,11.880505355394632,11.880505355394632,11.880505355394632,11.637615632993707,10.887013453044798,10.755450075099768,6.872015183892242,1.8696604563470305,0.49850951290387285,0.3509316118296522,0.1949249328431421,0.24915050595246205,0.17363477235974048,0.2686919312479072,0.5051391011304767,0.0,0.588023360049876,0.4125324375320138,1.6752507789973636,6.433237378841526,9.748500099355677,10.371590131977213,11.121790092210892,11.26223629428944,10.856320123226297,11.506858110745739,11.880505355394632,10.81321958983291,11.034771131460927,9.165785703183515,5.932036207000471,1.5833566745334953,0.32245699641962117,0.045795732997078356,0.0,0.20720188414889282,0.0
0.0,0.13685585029619302,0.0,0.028412018286282,0.5100817666533097,2.4578808601102082,5.907537835471165,9.462410887610263,11.03482838038906,11.535880168987616,11.962996499875217,11.930074974134639,11.962996499875217,11.962996499875217,11.377142369175703,10.794027064128551,9.423570332517885,6.152477694841881,2.0399548544313766,0.0,0.0,0.0,0.0,0.0,0.0,0.0,0.0,0.6405462810000777,0.08331019551653315,1.3934238988994376,6.139811071856054,9.996169573852193,11.260583625290419,11.458482852765279,11.574031917628501,11.962996499875217,11.578109851475379,11.463343715684351,11.962996499875217,11.962996499875217,9.976592781796581,6.350381200617682,1.9498916282733691,0.8690751573145785,0.23104990970958794,0.21213170860507352,0.5211609617275065,0.2763655841448165,0.09343978604437922,0.27093686590710425,0.0,0.6360554911123982,0.0,1.9062786284813675,5.8690224312503,6.929227474375927,8.502059962345996,8.601417084248052,9.217667117032672,9.691751348700134,9.355426268180658,8.996883257824692,9.38390763059469,9.189475966032466,9.32548600514576,6.632065960669869,1.5856459992882022,0.0,0.0,0.0,0.0,0.0,0.0,0.2761039838685316,0.0,0.0,0.46769998165396953,1.3981860043717889,5.30530422961924,7.481281601541656,7.870275418844802,8.221928225535374,9.167151078672454,9.906614752456,10.777428682577995,10.802682066932086,10.824060023683835,10.899656175210033,9.71910038746513,6.395594998011755,2.2277629960868595,0.14244509395046032,0.14739526640167383,0.0,0.0,0.3073365611814017,0.6371976637667264,0.0,0.0,0.0,0.0,2.179816255704219,6.651585708712934,9.910685555801312,10.24054327139839,11.633896043544684,11.689551034385135,11.207174742443964,10.94006829284805,11.962996499875217,11.190254062222524,11.134672515548226,9.870865982843615,6.009921142238782,1.8796419268230389,0.0,0.4875837863677285,0.0,0.21877702410723243,0.4323563136619289,0.0,0.14128790267720406,0.2686047908035756,0.44912012284886826,0.22734717394210374,1.487903490335006,6.943667453101776,9.002771626019747,11.453157081143958,11.039933819511921,11.94078926579108,11.828461761536392,11.274073108157221,11.160208980814575,10.562710028003963,9.837689185146893,9.222536536553626,6.374971448325925,1.2405823999655745,0.12741929995514537,0.0,0.18737353758489847,0.3325532680180496,0.0,0.5207383903783185,0.6705630632299275,0.48721032634809175,1.309812707085455,0.6188114872104724,1.9528750301295221,6.832389558677932,10.004120796150941,10.77002508279969,11.528274776014928,11.95564709190883,11.013642947179653,11.599459999271012,11.816466118748137,10.812651221174645,11.056092962165874,9.54926110976162,6.782965913157969,1.4065146084660358,0.305590969831861,0.6031636906502327,0.057052836541634996,0.599017393119569,0.07085245166102094
0.20370393030450576,0.3933975879906685,0.0,0.32598355573954346,0.6310308466866201,2.6138807591076105,6.303240340981249,9.744281545659412,11.4181065801059,11.815957720381096,11.815957720381096,11.80994452683238,11.721682001426878,11.713155211277627,11.539086005618223,10.442900823408646,9.554940603186896,6.306924460851632,1.7380052056466968,0.0,0.23633473145239983,0.0,0.2688012138816438,0.33511475529832685,0.0,0.0,0.0,0.6904558111209427,0.2899763196511788,1.6314210330670236,6.571964875728714,10.352169775704215,11.723235656260384,11.815957720381096,11.815957720381096,11.815957720381096,11.815957720381096,11.62031341854327,11.815957720381096,11.815957720381096,9.943652224525376,6.758118219934483,1.5762363543241786,0.42633845103359913,0.0,0.0,0.0,0.0,0.0,0.0,0.0,0.061120048692693274,0.0,1.5125269982899703,5.972496384366845,6.754591155833761,8.056312336225941,8.144988981777454,8.805643020426539,9.32205013821674,8.974839271510684,8.465264431843707,8.8604752040451,8.72085896339034,9.335251978585758,6.743185244669383,1.5616305198887082,0.26066371779822245,0.1739229782864175,0.0,0.174177445608281,0.15541355086746728,0.0,0.16278936168233196,0.0,0.00010436637608343207,0.5882232454327112,1.497308611138525,5.788396385885049,7.727908017579308,7.856445840042302,8.356459293480961,9.109593121879623,9.56211093857217,10.538194939864791,10.73552530229709,10.470064428700333,10.803941049276402,9.719795635597546,6.578167522201371,2.3801352909788527,0.0,0.11437397148693122,0.2007695668591874,0.0,0.17718232568560513,0.5053343779040074,0.0,0.0,0.0,0.0,1.6104311985235262,6.628850052928268,9.63330086795818,10.15561624068867,11.372828035570066,11.815957720381096,11.658447686274446,11.009145328770618,11.815957720381096,10.79741231840306,10.462544767477606,9.447189076624205,5.7624159810105375,1.7853177280425319,0.0,0.11057285211101023,0.0,0.0,0.0,0.0,0.0,0.026112282421009516,0.06526618015454508,0.028940826900446574,1.473889694310005,7.238506745025171,9.283686977547719,11.330267330563922,11.080431041047543,11.815957720381096,11.815957720381096,11.815957720381096,11.776393752145834,11.091651020717793,10.470736317508658,10.839406777495268,6.751148606048551,1.9628833613632843,0.5537727454289381,0.44378863236479243,0.0,0.0,0.0432382721200415,0.0,0.0,0.0,0.3056954541220359,0.014564985849639252,1.5684914976649091,6.763404590369791,9.512346092454546,10.12195137167618,11.133034159594462,11.207179272879559,10.62908233905292,11.548024803055599,11.600733564496908,10.85924792163376,10.682334809257359,9.104109551374787,6.016478338445523,1.3562559792630322,0.13168853375245052,0.0,0.0,0.2759267830904206,0.0
0.010239354365805486,0.38679947281215926,0.0,0.17129766373168825,0.5805437457602738,2.689495267786468,6.600889851414468,9.497520566888744,10.945501892113555,11.582849901887087,11.718680938604308,11.618254552942483,11.666173543392715,11.724133075970766,11.724133075970766,10.602008153460515,9.694526373818348,6.776521071619155,2.941865216602121,0.0,0.019039023362390505,0.0,0.0,0.0,0.0,0.0,0.0,0.4284046460534023,0.0,0.9475662925824607,5.716437447177532,9.298469334930731,10.826872132155543,11.206846693556408,11.443819001416854,11.510406775479609,11.19513039836466,10.90927124434358,11.267452630159937,11.221706947478186,9.345128365925474,6.413949743873026,1.4346623029054073,0.2609638174463806,0.0,0.25869254486028187,0.485434320866363,0.4393951368139489,0.14246207125584057,0.6079694397619594,0.0,0.9178572277982964,0.4439641931962643,2.08133107763585,6.269828691060153,7.126865272026024,8.36115104452232,8.475260883372123,9.246767670862885,9.715518011135833,9.223400768881394,8.832273854208125,9.234557315030521,9.128532740129693,9.356425373444846,6.741022779650263,1.541493657169164,0.0,0.0,0.0,0.020640090809676367,0.0,0.0,0.18137327752627122,0.0,0.0,0.30520665955325965,1.2030516361554628,5.404439899660559,7.3136215918044085,7.644735163117772,8.097644116315584,9.007264263086864,9.623401208327703,10.612510610840737,10.633595889071717,10.568294629350369,10.619628717892098,9.536670155671239,6.431156611134533,2.1370945910298347,0.0,0.0,0.0,0.0,0.15875393052398606,0.4669277928478895,0.004110285787457722,0.0,0.0,0.0,1.640460921731123,6.525190956230992,9.807068076773469,10.236571693286486,11.567421513169242,11.724133075970766,11.612172086441888,11.128491610968432,11.724133075970766,11.129889935355804,10.710402402523052,9.350844654525527,5.6842490819756515,1.9646929341216217,0.0,0.3060833638707175,0.0,0.0,0.14990237467794457,0.0,0.05862419089036572,0.0005937288144035138,0.08945284111137124,0.0,1.2339485953264264,6.417273297489389,8.674352646471798,11.463688345397946,11.080342711111182,11.724133075970766,11.724133075970766,11.388020197977111,11.391484911776509,10.924052532420394,10.086663771782042,9.982869807298254,6.614336407067554,1.605473636612939,0.22050618215347048,0.0,0.23594741155628401,0.0,0.0,0.22155195548965392,0.0,0.0513255280850861,0.9342326825461218,0.3939740963476944,1.6434334966250692,6.645709607153057,9.522031425403032,10.338496333564267,11.49538928868069,11.724133075970766,10.939803073833183,11.457464718714318,11.5421985644247,10.36647050825238,10.16011388741601,8.752043856911843,6.214701446708998,1.4638513636242274,0.0013945682686408853,0.6192385821214389,0.036997594804028165,0.45680256334540875,0.11566814768966674
0.0,0.20325391677327692,0.0,0.1386954377171424,0.33143130609679183,2.312665670389762,5.9115401113472785,9.512242293462986,10.913472026099814,11.427567878594365,11.273629970254493,11.253395974435833,11.434001583796041,11.591775918010713,11.34703743418995,10.178037141784682,8.959561107211313,5.7350247416860345,1.0917424973993752,0.0,0.06299344048640672,0.0,0.07403016147805988,0.28011374155973096,0.0,0.0,0.0,0.4764337621224456,0.11113151163495946,1.7863948510315684,6.387444903986322,9.881248870466719,11.37875254521147,11.564905447555262,11.81217573307281,11.81217573307281,11.81217573307281,11.50722247168877,11.81217573307281,11.81217573307281,9.887075675484125,7.162577537709556,2.198101115564833,1.0179336309493523,0.30250871919025657,0.0,0.0,0.0,0.0,0.023807103052027462,0.0,0.4073245437713232,0.0,1.4892429324454228,5.8796834841575025,7.018348624196899,8.172303142892408,8.425144659451853,8.93989880854999,9.384843243064887,8.902070339871857,8.677180026694607,9.130170465044559,9.039745857891278,9.171576969379828,6.360285064649508,1.505208737263991,0.0,0.0,0.0,0.015473050449119478,0.0,0.09549525115223709,0.18613296862979384,0.0,0.24135679304632687,0.595173879982859,1.5382395614170077,5.496004285529465,7.47478614294381,7.711761655266032,8.24898871269556,8.867113734130651,9.60009567152932,10.732087021723382,10.713873679650487,10.608819398565753,10.594007372954808,9.16173490711082,5.900908797214505,1.4982457545524281,0.0,0.14204487371815377,0.04050926718639793,0.0,0.11326019466961565,0.3554307936909902,0.0,0.0,0.0,0.020206977495492863,2.2214350899349253,6.426985647894316,9.587606341635198,10.35213089522343,11.5366374169307,11.81217573307281,11.533859194045407,11.035080178567975,11.81217573307281,11.117788986278802,10.751978844120286,9.608994996737152,6.361861456195421,2.0790057551589154,0.0,0.24912033659405516,0.0,0.0,0.04039723355319411,0.0,0.0752992305988761,0.1527741842771432,0.015372237780749507,0.0,1.4854531505813044,6.550356063890578,9.06002491358441,11.095153439962994,10.867073028485374,11.7989879751244,11.81217573307281,11.599488901211014,11.33818176073551,10.910893756407482,10.172396208749463,9.766948866389168,6.34205834542638,1.6504381208019905,0.021010178558677966,0.16755870752330113,0.0,0.009832117413901994,0.1166262641008513,0.13915963363099437,0.0,0.0,0.4435000543199713,0.1670470755306614,1.7389073758244604,6.713517869346575,9.429803140938443,10.191497371161526,11.17910984294821,11.422348677821766,11.013942169017758,11.517484154038781,11.775989133570679,11.481360215924585,11.586644724805438,10.07860267191901,6.820757554343103,1.9112152797070658,0.25231663942792226,0.2250436663633134,0.0,0.3897077609935351,0.07374567701668412
0.0,0.03985218600923488,0.0,0.23510213599381383,0.3893278285836136,2.0291845686134775,4.973577867562892,8.956368499080567,10.59927787567502,11.087336620259071,11.266638788937096,11.255874659677929,11.515885832990604,11.496027586364093,11.193140419289536,10.138277716700305,9.091543366278337,5.848379585959751,1.2003581986624448,0.21183256575412177,0.7538981427111368,0.45602319921295215,0.22105945867647026,0.5608973977583174,0.0,0.1843833325829554,0.0,0.867183876441079,0.5542345959981737,2.33962728681801,6.938399024713073,10.356361501444066,11.480044755743018,11.515885832990604,11.515885832990604,11.515885832990604,11.515885832990604,11.30064717742547,11.515885832990604,11.34164792561051,9.6701238939621,6.569780793608652,1.856113026916564,0.9925046095566608,0.0,0.12497555957258952,0.0,0.0,0.0,0.0,0.0,0.0,0.0,1.6357617188334534,5.657497844484754,6.720136089495095,8.079357601368528,8.17806402145882,8.564835480883426,8.93974800259533,8.457369906764553,8.264373366013476,8.698075385679617,8.77781107471106,8.77772252907438,6.020821870195988,1.239516734284327,0.0,0.3872942819411931,0.0,0.0,0.04156591301916637,0.0,0.19500027188114685,0.0,0.12510224332506975,0.39479908235014455,1.2127265311861715,5.3092413346154155,7.46934680466441,7.760620078927776,8.14276520043587,8.903130606626146,9.60068489559618,10.672768694919453,10.551658855948283,10.441816964044992,10.32927134142165,9.108356741243476,5.940880947479524,1.6228894827009788,0.0,0.018081499490472972,0.4632884030226479,0.0,0.10322379196166498,0.34786792150836143,0.0,0.0,0.0,0.0,2.018491824983883,6.237991369760997,9.313528650238343,9.829102436620822,10.907464739345038,11.515885832990604,11.185079334350137,10.717587201486044,11.515885832990604,10.846235088379938,10.439223057370437,9.376752294029478,6.228260272929776,1.922104751454409,0.0,0.2923996571299831,0.0,0.0,0.16701174258657075,0.0,0.030542238652480135,0.16439539920271984,0.06719622833682473,0.0,1.532996785461876,6.498262688781439,8.409256678833085,10.904478211707834,10.557026506171896,11.252514043885755,11.338524117916435,11.100343219247208,11.071475968888612,10.943642152731956,10.152367455337144,9.598963403683033,6.601514451554692,1.7701875517209293,0.24698127961488822,0.045832620086699756,0.0,0.23351603653675354,0.3384337786001572,0.283562854069234,0.2919281430346529,0.0,0.6305021617929062,0.26915471150049214,1.7458960172578766,6.759439369776939,9.468111485476092,9.957286316922497,10.970101510893056,11.171956733713944,10.838097126608693,10.873228465962262,11.234570167652294,10.780532166761734,10.953535240030282,9.259674370328575,6.323777677298979,1.5860973978594266,0.02771894558289791,0.14953440404637852,0.0,0.3197296711517616,0.11870529297505814
0.12220589938683232,0.24319086708559004,0.0,0.18703801459652084,0.35275192314902637,2.3204752262826576,6.357459567787252,9.499300663057427,11.04608082394637,11.576466900962643,11.527438845343582,11.197004903117005,11.435037375868038,11.355838580643276,11.189590042789897,10.408436646363636,9.253078447404622,6.552977690622547,2.3568455439940714,0.0,0.19471589856693375,0.0,0.0,0.09634596161110072,0.0,0.004325335190813799,0.0,0.1512922001444411,0.0,1.2252799661377207,5.973333094247286,9.560786870845293,10.96025585119311,11.103244801593808,11.115925827379368,11.114861830112998,11.084033509836189,11.002580448029567,11.123526990729772,10.922857934305991,9.27393472585681,6.321097357707408,1.489505436444323,0.041106123313272604,0.0,0.11134322560918473,0.2610288209319123,0.07960072674723875,0.07253259704681582,0.35552197310093225,0.0,0.5480698133599795,0.14284150363295592,2.086820357070641,6.143353233305578,7.066413642575034,8.192995614558265,8.312823649107505,8.977641847665693,9.478199430630168,8.866602485737557,8.469427210443826,8.8207408915033,8.840579403439342,9.077042100716323,6.547702555018531,1.8686338138760241,0.419908987962607,0.2800307805425249,0.0,0.1704295313268408,0.021244625379216366,0.08396711760429701,0.14185047505071036,0.0,0.11877917440351421,0.34536759581740134,1.3627123426172687,5.618121539933777,7.363198498749887,7.46973277757029,8.210734422420662,8.808140597027835,9.106225434298564,10.307451437592611,10.321591837060641,10.441089356246334,10.591198532192857,9.455576723512673,6.267875414030635,1.9719008896768047,0.0,0.0,0.08592834505576706,0.0,0.2374667066948756,0.3996409009304911,0.0852372557158852,0.0,0.0,0.0,1.9432078090503062,6.014305269136866,9.646752605882817,9.95619709749611,11.1866588752234,11.576466900962643,11.576466900962643,10.744849535615561,11.466879322593806,10.756101548211335,10.348224889257343,8.950648609623954,6.127091739416783,1.6759474969948014,0.0,0.21002297759264407,0.0,0.0,0.06099332416443147,0.09784238026973165,0.013557641886137914,0.372454157873586,0.42705931524691854,0.24609965241387036,1.6652968291575507,6.7469425982525255,8.9479968965924,11.089155462954386,10.903806725146165,11.576466900962643,11.576466900962643,11.47534921004172,11.405622198523474,11.432532635221527,9.946009082166707,9.561438241415624,6.194049735999918,1.3920729228258386,0.018984364325079193,0.0,0.0,0.16949918060426536,0.1589058699477973,0.06353002095452139,0.0033054555153775355,0.0,0.6142953630570891,0.03119191305213183,1.5094652178483068,6.67671946868336,9.42979652515594,10.002708682278305,10.939261570501447,11.120935998683587,10.825473203962925,11.292400331178008,11.334206729605228,10.496673898262957,10.371422375702261,9.297016290420567,6.124442096418821,1.5484741383785245,0.5923802624225128,0.4183060056996798,0.0,0.27491607254190153,0.1893472664456724
0.0,0.10446691419950961,0.0,0.09145315006561573,0.057042918315964246,1.953759108082948,5.901189323464926,9.257098160509637,10.656289473637885,11.275169894992347,11.423380645038183,11.548101965580125,11.567063421986559,11.647685156127618,11.694867126070948,10.639164420241745,9.396065962223346,5.872119245911445,1.257547524838803,0.3366896438274871,0.5510914462355587,0.18299065245295235,0.32895750817406966,0.34605047529526334,0.0,0.03477858918985975,0.0,0.5861148191218706,0.6061722866498646,2.25347380686051,7.113470949884202,10.466914440400982,11.52999707701564,11.750469094866203,11.750469094866203,11.750469094866203,11.750469094866203,11.610208386990402,11.750469094866203,11.750469094866203,10.07632230600268,6.926190760813504,2.293710783573456,1.052867119582999,0.34293963871227573,0.0,0.0,0.0,0.0,0.0,0.0,0.18191429581631766,0.0,1.5765190663575013,5.97041863526982,6.855516559836133,8.11270601410323,8.350649774705422,8.793315350680881,9.120410804334263,8.667243692608869,8.422955166609938,9.006431250752225,8.897039202783239,9.161897263492047,6.461634728664624,1.4647751338314718,0.0,0.0,0.0,0.0,0.0,0.0,0.12729864072786956,0.0,0.0651167530993004,0.3979939521380176,1.3957389525109751,5.545521063858866,7.455079730455699,7.60957081070493,8.220160103594154,8.89988135511572,9.571006111386204,10.68986231051752,10.79019140846622,10.592268906755779,10.698034373951579,9.337443243548842,5.998029115617562,1.811254024369435,0.0,0.5138918534871013,0.5384647747747203,0.0,0.2118045650937665,0.35436195862796266,0.0012824879718623683,0.0,0.0,0.0,1.655744062625458,6.16944073756232,9.228662629534083,9.990799294872286,11.0966339818879,11.750469094866203,11.172343933301581,10.862801466774044,11.750469094866203,10.879118278723244,10.778053779111383,9.733329569539368,6.330048958883977,1.7526251773477375,0.0,0.02056992867505499,0.0,0.0,0.0,0.0,0.0,0.3072581688852519,0.14940034978381675,0.0,2.0274589616173233,7.14591687126286,8.876993554210545,11.23670698724396,11.055255381640713,11.750469094866203,11.750469094866203,11.53626480033338,11.496443150464486,11.035108877982786,10.359196306693857,9.73580191989266,6.948677942907891,2.2214570448809963,0.6980067074587024,0.43477440971238174,0.0,0.0,0.0,0.04170213320506841,0.0,0.0,0.32461960138740786,0.0,1.4822622849989016,6.42361166114906,9.454096157272105,10.101698566059484,11.063781138255626,11.425999375341572,10.768284143111925,11.150772851564732,11.089325490121153,10.827105070044215,11.258472775325913,9.573668965789384,6.361423995364566,1.5877211597394165,0.2992585746507682,0.0,0.0,0.07858887382932271,0.18832463452802045
0.0,0.03083435704302975,0.0,0.04042659752974012,0.17459644305604388,2.35879270039833,6.508482083116755,8.839440218552804,10.066097598431359,10.931843921490357,10.738877890545913,10.836029110202995,10.775837303294416,10.747783804537779,10.931843921490357,9.959502904126627,9.258971450400022,7.3246177477390715,2.5860974544457322,0.0,0.1978386110462254,0.0,0.0,0.10170179278118872,0.0,0.0,0.0,0.28022104399854153,0.3428573672650165,1.2364659070806352,5.621853646243646,8.978888665373177,10.093430440114906,10.669839464214776,10.604092212274397,10.79964114072131,10.69749028117108,10.38934748150086,10.684315809777933,10.602622879815248,8.795532264188173,6.220467509165198,1.4787633907150879,0.4510912143269754,0.24319891584019754,0.1141443671966221,0.2845191672358904,0.10078321564846772,0.03556607181842083,0.2602167015764624,0.0,0.4645636653654528,0.2603102859997197,1.7803666835590823,5.981384638252347,6.709643144810077,7.575661180346,7.807936252796237,8.4328019717917,8.863800512707021,8.320687018243548,8.052147778159625,8.41305492544714,8.450898544025828,8.563066927845222,6.040514355622827,1.5071402403510399,0.2211829155610063,0.0,0.0,0.0,0.0,0.0,0.15252131110471617,0.0,0.12207021037468684,0.39906670492435226,1.3361071728541858,5.485565404490623,7.140593468163545,7.055225578081301,7.78114879083256,8.621891701716418,8.925379551901864,10.142545239570916,10.198627476714593,9.85292319636139,9.774312280825212,8.516702484180815,5.686140036377632,1.519809567624914,0.0,0.0,0.023615243230155666,0.0,0.0,0.04279487801281591,0.0,0.0,0.0,0.0,1.7665745061032883,6.274703795596337,9.028870077765182,9.57929439714735,10.713510891890861,10.931843921490357,10.755650434595122,10.301038971734297,10.931843921490357,10.170081376920653,9.612562560059452,8.28707611968909,5.375428348361427,1.6901763857029297,0.0,0.0,0.0,0.0965104636451003,0.0,0.0,0.0,0.0566703773702568,0.031081960739028316,0.0,1.277091646398769,6.0971784614521,8.331887827544115,10.727310236822065,10.489178033784114,10.931843921490357,10.931843921490357,10.83561209345184,10.891790114130545,10.805495664954329,9.87009972538828,8.94812325455668,6.237981561125054,1.6265127514438134,0.46554512080518395,0.0,0.0,0.0,0.0,0.03549838804494228,0.0,0.0,0.6416771547436322,0.0,1.3078354733404491,6.471102395673729,8.78774187000565,9.420837153949696,10.315459280671519,10.810466634945836,10.136865992691119,10.778388924540549,10.931843921490357,9.603923145835124,9.504265264550394,8.662337765457785,5.699886602626269,1.9404276493798311,0.049835823047730494,0.0,0.0,0.13014966558257174,0.0
0.0,0.19488139125845133,0.0,0.3080622297160427,0.2540242879237792,2.531866798835746,6.911768063964999,9.45899887359203,10.956580680106663,11.726733436682903,11.652432462608727,11.420108153667869,11.398577849113755,11.21088822472364,11.197045167823525,10.172029886212298,9.304031425863306,6.524309952963567,1.980584968838086,0.0,0.0,0.0,0.0,0.0,0.0,0.0,0.0,0.0,0.06283877617764624,1.1125944592476005,5.895232659471278,9.552703892230914,10.908614016144515,11.086504811214626,11.317598936861156,11.23528010337263,11.182466796817936,11.248947020391967,11.444940382018807,11.435502919041511,9.798987985691294,6.809632794921051,1.9332914108489156,0.41957148672568534,0.1333370160400022,0.173171364613682,0.23714443444322,0.010596701041867206,0.14238366865681937,0.35352540951454825,0.0,0.46171343374241847,0.2877622831982043,1.7793171963368057,6.183822476836545,7.004221231308346,7.813498709418739,8.29349176699388,8.985872475496148,9.429686261765719,8.751632295867926,8.42962203302818,9.025954083922311,9.139600653349392,9.1436924107386,6.758887035062168,2.018305289358527,0.49856222881108814,0.3255647761183837,0.0,0.11173781947398692,0.0,0.0,0.206952127979199,0.0,0.09649918602839487,0.5104167223746294,1.6611727692398308,5.905387962359526,7.635654745189946,7.551727586837641,8.297485668893765,8.97912743641076,9.09991326275164,10.342267683049672,10.495834399345535,10.606542508221843,10.57098741514459,9.516661618610396,6.380049293702196,1.8148238858952341,0.0,0.0,0.06688549383047467,0.0,0.0,0.2141283428144103,0.0,0.0,0.0,0.0803842654130244,1.9560541703426466,6.896233505035181,9.813242035646558,10.414347337516245,11.497918644969786,11.726733436682903,11.643491266755849,11.243372752339534,11.726733436682903,11.182078869699554,10.663706190244667,9.342449490971,5.824944459427073,1.816898597010799,0.0,0.02019837776218083,0.0,0.0,0.0,0.0,0.0,0.09985956100589607,0.0,0.0,1.6806414683242705,6.6951167095745685,9.229650769462111,11.234830667089533,11.101018877184375,11.703763957467979,11.726733436682903,11.566328718586796,11.371641727742398,10.988413769750787,10.321410484468537,9.8789436091127,6.735202511807416,1.7459088080565468,0.04905609261960471,0.0,0.0,0.0,0.0,0.0,0.0,0.0,0.3896803480042464,0.0971015651990452,1.6346511357625306,6.951920268137029,9.410884727428119,10.069389263462783,11.211961140267274,11.178637152346553,11.102820816123455,11.511749120449846,11.726733436682903,10.91529964296853,10.929330722201696,9.535681230895626,6.48488327734808,2.0379466334848417,0.5735461380926583,0.5761706747388495,0.0843852443616922,0.10398561150185315,0.0
0.0,0.03504440464183685,0.0,0.03513081928538616,0.16311905131050689,2.140679230079823,6.49257677905188,9.630644416931906,11.058134185753449,11.691912422497495,11.691912422497495,11.691912422497495,11.691912422497495,11.618816087439084,11.51913052407438,10.467878266097637,9.686939375850558,6.950044751725311,2.6341169496845094,0.0,0.24886027913203132,0.0,0.11045882122461187,0.07897984818877428,0.0,0.0,0.0,0.4194700949648431,0.43506327765832536,1.6616694457095094,6.357281413621997,10.08384043988794,10.984513787695448,11.251136413874812,11.459632648206112,11.691912422497495,11.43284132113668,11.365442777414229,11.495204121195524,11.124675551963273,9.737077291416322,6.418272032768352,1.3803911747410962,0.22104212483393337,0.0,0.0,0.0,0.0,0.0,0.0,0.0,0.0,0.0,1.7876799409807775,5.9554651682866036,7.193190470550733,7.945182545885656,8.406324534694505,8.989624075544597,9.331321513984282,8.715638085464088,8.555175151992756,9.117499628798114,9.416619736090313,9.278538195298252,6.978220106876105,2.1440180410253453,0.4076574222593392,0.6509241390080377,0.10680897854038754,0.33839220899122685,0.2691000347027733,0.0,0.2729293271508198,0.0,0.0,0.34332633704828125,1.348799392266351,5.326904215646846,7.097683473337011,7.165486214585741,7.855017228049396,8.658659475212195,9.214054752011016,10.503475524101656,10.510152449100413,10.63864684270451,10.571097770248134,9.5834926848146,6.6938329994167765,1.9996609851916585,0.0,0.0,0.08655380422780257,0.0,0.11092512927594195,0.29214809196579605,0.1739897434232483,0.0,0.0,0.2511335417712074,2.4189495397158196,6.271547633836786,9.385557156195771,10.334022680132051,11.691912422497495,11.691912422497495,11.569899127159598,11.125329236928186,11.691912422497495,10.893027162083628,10.374424313560498,8.77474848922096,5.59030580567714,1.2737321587096504,0.0,0.0,0.0,0.035621867012893646,0.1213827384857491,0.0,0.0,0.0,0.0,0.0,1.69341968406794,6.441784481628916,8.770379671475713,10.793922806886023,10.653301093708984,11.199430490664001,11.350971809081154,11.08100131235654,10.964844699795966,10.585933910139435,10.071301256973564,9.82713319716357,6.856498112514042,2.2167892758320167,0.5393494190093667,0.4660931907269284,0.3265043590302965,0.4954753890951937,0.28568067021072446,0.5295637010754626,0.45021628576122835,0.32404898972545526,1.0538004446230185,0.4231391021869514,1.7275327357243866,7.1634387450474515,9.673955575657274,10.25046668874274,11.29266561902312,11.63212742700711,11.044738522218733,11.341127508639401,11.691912422497495,10.507743989357621,10.464237003899692,8.931085820355097,5.797977267987143,1.397731074395394,0.0,0.0,0.0,0.0,0.012485130206389873
0.0914828689863796,0.20816088586438591,0.0,0.14684491962944565,0.18885995632073943,2.1351936959135664,6.47015586068714,9.385804004951483,11.050170688448334,12.021648076980007,11.88886277636223,11.66397551095943,11.94100081756199,11.601052018415732,11.772586697041573,11.161415181312897,9.755168453085998,6.698033272811854,2.2614964042971835,0.04276306599719069,0.03407637807249397,0.08549872410746231,0.143783745279013,0.12959295355364298,0.0,0.0,0.0,0.30432898085353877,0.15757376383438534,1.2636778867981133,6.516240520744623,10.114075627973545,11.447265469230361,11.627154358407553,11.852174184832053,12.021648076980007,11.81146075406464,11.748736461326525,11.681585347009692,11.196586844827186,10.06175343443553,6.752130350948522,1.7874929431821118,0.4055844185393311,0.0,0.09167593336629466,0.14970622241236242,0.06635319549128171,0.15305491087067138,0.17512027512630993,0.0,0.3831940110757539,0.0,2.2058657384486593,6.15207318120681,7.577224544220251,8.345759607082009,8.851355942398504,9.279988065062051,9.808038804362395,9.180216907762137,8.789732980959592,9.410797848183467,9.347432246718748,9.301780380483464,6.529395589919704,1.5223855889764424,0.0,0.0,0.0,0.0,0.0,0.0,0.20962729738281302,0.0,0.0747962129703468,0.40293660169913187,1.498519410111487,5.775090415327893,7.743018255787389,7.699034508787334,8.683776598041764,9.548090223539045,9.89958472940234,11.121340193087834,11.068588788457935,11.15405840288158,10.734600936011798,9.726098179300225,6.335002375330344,1.9117757082134468,0.012788108022442613,0.1057190270343787,0.44561851885466025,0.0,0.07103094254451986,0.2452524449868781,0.0,0.0,0.0,0.0,1.7710501815323554,6.3357268034002825,9.687648317546596,10.447338335803682,11.617908764553528,12.021648076980007,11.982655789856505,11.44473319544286,12.021648076980007,11.380867444825997,11.01003121107758,9.296902851430968,6.31042842809142,1.846486538841952,0.0,0.3792436030608365,0.02113000293833252,0.0,0.10505425142420488,0.13559263852530684,0.0,0.4930703040166825,0.17970800608035314,0.07504507837493694,1.8881723226171856,6.89415766269001,9.249803562147932,11.702281346954345,11.281677406383373,11.788112817139925,11.868884755572946,11.905242302821904,11.612382044767733,11.356886081181376,10.46427533510056,9.738134720070583,6.769485096600271,1.6943964124613087,0.08262040335554353,0.0,0.01701416235106386,0.22788238316302717,0.11789399554732995,0.06559119353715157,0.18698851714006415,0.0,0.5420478396679942,0.013921146484945846,1.455186555641631,7.261305117304852,9.837641471873159,10.502902900277872,11.553615952482971,11.598251039854514,11.198787357787406,11.570805892540175,12.021648076980007,10.842048451287235,10.946050813090599,9.424365647890976,6.340372171528288,1.802380262465083,0.02915196003698436,0.32105227028705485,0.0,0.2085699888823688,0.11024025355692718
0.0,0.0,0.0,0.020387595299781867,0.1364113470227178,2.5261588046769994,7.097951917088562,9.65803471017416,11.247200706427787,11.98582888607672,11.98582888607672,11.98582888607672,11.887717384586681,11.68412094492121,11.740148633328547,11.003420787134042,10.19572191611631,7.641251536420931,2.509316742231595,0.0,0.09904778185201865,0.0,0.08028073877016462,0.22510405292509472,0.0,0.0,0.0,0.41484690096529436,0.5160912289629223,1.3700509406556556,6.456042851748208,10.178997552895197,11.189704903265245,11.367237483751055,11.729581064735351,11.93267813106073,11.922590646708654,11.758957648060944,11.517345966374037,11.196067448282212,9.784588345306187,6.8393608274274476,1.6958625756090249,0.0,0.03138832025673159,0.0,0.0,0.0,0.027416462594485706,0.06069587361238712,0.0,0.11872654741521584,0.0,1.9498474998763702,6.348515412314802,7.645105069749196,8.245500422043175,8.662896520320034,9.137509087029857,9.683695641508596,8.9626726939339,8.536030687549069,9.130783621187758,9.212365793679638,9.369874146197718,6.654297639820161,1.90309125977287,0.600862845039935,0.24712211289644356,0.0,0.10671390382392164,0.18728670277090517,0.2116807153685938,0.2736223879403793,0.0,0.1938828155580828,0.45420983482542904,1.6009887851022453,6.0884769258196005,7.8678212929638605,7.726264310885805,8.673471947435035,9.454227519242128,9.64456020292455,10.877585849541548,10.863068302125221,10.850851158364254,10.47718416187143,9.50087499025975,5.958389099108984,1.3693514429137132,0.0,0.0,0.3051948030005086,0.0,0.0,0.005190464350174644,0.0,0.0,0.0,0.0,2.0045392395770216,6.55318061094562,9.60681000741123,10.23612614876617,11.531050513989184,11.98582888607672,11.98582888607672,11.306589698934026,11.943169972080177,11.29695515120229,10.578269042247681,9.113842077000426,6.118019252514152,1.6341237064806138,0.0,0.0,0.0712755871938246,0.19789182259612953,0.2268109149307906,0.0,0.0,0.3624510105494122,0.27134417567897706,0.08428215519055973,1.8209284496813334,6.817279809980283,9.656830927516,11.741593886929413,11.460485274655476,11.914417069621393,11.98582888607672,11.98582888607672,11.750456156291134,11.351926225632521,10.178570335073488,9.73889389866007,6.723429056130173,1.8995608188524116,0.0,0.0,0.0,0.3307233896836534,0.22656189802112556,0.0,0.0,0.0,0.4456212295553944,0.0,1.1766391452482017,6.942832555198904,9.599067934612119,10.29231886613139,11.384157595606196,11.267042045160805,10.950781550446386,11.52731271525476,11.968367250628175,10.951610267291175,10.6180053005442,9.83650459798787,6.632354503710103,2.0186292119661027,0.22332624096970224,0.10142962836971144,0.0,0.0,0.0
0.0,0.0965221678726657,0.0,0.0,0.08412022651288598,2.1355191513123177,6.711391412502254,9.597782293926864,11.124753162573809,12.138513256342423,12.068938917443978,12.088043245750518,12.041205987759527,11.706501483983105,11.921984271152516,11.009248849444889,9.935822186966421,6.789019884432638,2.105019693494477,0.0,0.0,0.0,0.04624967599417424,0.016381889171680254,0.0,0.0,0.0,0.6576550614227356,0.5510165258740757,1.6413282347412907,6.611841257430045,10.412212000807965,11.316922953466252,11.606916600345903,12.03384570251573,12.138513256342423,12.138513256342423,12.11252760758432,11.822772719589016,11.303809302621486,10.151105284887105,6.955963713926263,2.0113898543643383,0.39828513550755074,0.2685336546865354,0.09334708168623404,0.21785997553116546,0.027200605899125783,0.2348637230698016,0.2761908510732507,0.0,0.3899426378154822,0.2745761536788891,2.1992022956174653,6.221181800327697,7.683126325067105,8.34181650573635,8.804699078329842,9.244384416529687,9.734329946907922,9.103281533440015,8.749945878055122,9.467244129713619,9.490995574123659,9.4078141493528,6.669353208086618,1.7805255687047619,0.07673357830894383,0.0,0.0,0.0,0.07584537717138219,0.0,0.014519841190694953,0.0,0.0,0.2812919255934073,1.5134327877096663,5.754329680404009,7.472148122182358,7.479910679970689,8.66031723989515,9.235213904835486,9.850345782858758,11.22621772979141,11.132723368240343,11.04836406630671,10.793169165064613,9.732063184530174,6.390450273140727,1.88958755214902,0.0,0.0024108768785815545,0.0,0.0,0.0,0.12475517984915986,0.054166884423501316,0.0,0.0,0.0,1.7874763462863152,6.90067366791765,9.812799139515914,10.551680470807524,11.648668294100322,12.138513256342423,11.99745016640014,11.580860770946039,12.138513256342423,11.561529983455257,10.933675150943422,9.373786667262861,6.208690369605773,1.4232920840939487,0.0,0.005159995509986705,0.0,0.08559998896200353,0.1254150225840799,0.0018120804493181777,0.0,0.32415357684312235,0.24906630434902458,0.0,1.847581544007183,7.003578023559035,9.600452052360914,11.735641644061658,11.457771160412621,12.067949876853369,12.138513256342423,12.101779116718124,11.615236985709478,11.208981508876935,10.61911393837633,9.75243510545906,6.829666052201358,1.803843448686181,0.23942822317297896,0.20062782437040202,0.26786648639493654,0.322416560740019,0.0,0.04594910207291509,0.0,0.0,0.6040854359659849,0.0,1.29470351278595,6.866607839703861,9.766566013853494,10.388674715882066,11.676702204681405,12.03477686216468,11.270717321251121,11.801037702484045,12.065502236532936,11.086043835815374,10.96130895951528,9.682381801768383,6.382016296429145,1.423397083739678,0.07932216776621479,0.3064416469393832,0.0,0.18616690416953718,0.13982421169333645
0.002219904718668095,0.12278955303789851,0.0,0.0,0.24004404856883574,2.283252402071342,6.514949685440922,9.268347468835504,10.623984248182547,11.326119693464008,11.326119693464008,11.326119693464008,11.326119693464008,11.249773839888906,11.326119693464008,10.450593626747562,9.475307582841676,6.632438858904029,2.3311908337213088,0.036192214661019975,0.0,0.0,0.0,0.0,0.0,0.0,0.0,0.0,0.09871747047457845,1.3467483843109371,5.868332912474987,9.42354240726218,10.393851692546122,10.566958101368542,11.010102271863975,10.856146797467398,10.842362148213263,10.798361175144752,10.78893085214015,10.344758520578353,9.568430081630279,6.092211440456272,1.5327398858405914,0.3619997818844162,0.2360079003643412,0.32051558407228325,0.2992714085653806,0.2554855358381494,0.40865727370289545,0.43094733137136165,0.0,0.42008581896381186,0.2374326342254642,1.8851952546217732,5.920894018387536,7.273602935262607,7.972437868755859,8.431141498382948,8.715195464954064,9.201243588338864,8.653035938791,8.185413703879794,8.635125818573938,8.801520489168011,8.8084205773225,6.443716283445309,1.7885050774382554,0.1492795524622224,0.1163222815371666,0.0,0.0,0.0,0.0,0.0,0.0,0.0,0.2381836711173406,1.4829481651772103,5.415450578235447,6.874147846560137,6.8934547266237525,7.729503593945814,8.512370948250934,8.746961118806064,9.73404299876746,9.922615704392475,10.650592219469212,10.37916242357503,9.486684188416419,6.321297607614129,1.6507132671335394,0.0,0.0,0.0,0.0,0.20469084337944282,0.4783563242056392,0.46606543669774697,0.0,0.0,0.0,2.230284892375503,6.384445464572436,9.199655778208802,9.899705872515876,10.982570778358804,11.326119693464008,11.190494244854602,10.98188151214163,11.326119693464008,10.839680693350761,10.113919821491228,8.720235006884723,5.489511591935892,1.2001386414200839,0.0,0.0,0.0,0.0,0.014871036776158126,0.0,0.0,0.05549479103008689,0.0,0.0,1.658187518772559,6.333855619535643,8.694273771186745,10.941382902574292,10.644384772978603,11.032780548096607,11.266793517265173,11.134053400499253,10.684734187801578,10.53328532012818,10.02207324155714,8.964657178602359,6.737638706003344,1.8933660296883825,0.3545574704098432,0.2025270132691626,0.36735994905897146,0.3109479225798677,0.40651525741694666,0.3098964709312408,0.2365200822087506,0.18949513082334152,0.9275618687355215,0.2505694930638127,1.5431101019802194,6.959574326861197,9.334257116287894,9.81915556252495,10.933251451461796,11.213732170150934,10.63639509062772,10.803908384259852,11.107756645398794,10.380799515226986,10.019994641476162,8.835002220124867,5.9869866150513396,1.4023244392204484,0.0,0.1678331594005198,0.0,0.0,0.0
0.14513049443928142,0.450809392024872,0.0,0.2103906480360183,0.29149719216315,2.284160426800964,6.613830854539763,9.512041950774938,11.104009156333845,11.812643898863122,11.412735744752435,11.551653802821992,11.621780307701162,11.23008393710643,11.346667605661311,10.710117437972437,9.258698959318117,6.30169577396643,1.853479735225077,0.0,0.21110688200511776,0.0,0.3590800895293005,0.21438498578123744,0.0,0.0,0.0,0.21600597340017003,0.26897063050894093,1.5712629568129293,6.362474800670357,10.143118534904433,11.199569448055755,11.247926242351895,11.757675714082987,11.533441147055273,11.812643898863122,11.799729508633364,11.478451839621835,11.08811154336919,9.855770183894311,6.77407011885387,1.6573979685865972,0.48897028157141437,0.012319083450821555,0.0,0.04870875050681015,0.0,0.0,0.16225066897493257,0.0,0.08273391254758306,0.0,1.664829798129322,6.028535509180268,7.49668735378162,8.27024327532764,8.637807014523124,9.0008300873468,9.659646347971336,9.079508450460112,8.784639026697059,9.162169137809576,9.14995531558105,9.362406258419186,6.256767890389891,1.8102786285560983,0.1295605026284684,0.0,0.0,0.0,0.10730171461040888,0.0,0.0,0.0,0.0,0.37665664539289034,1.6709074895731817,5.618560650549356,7.482704157294704,7.4429104866478015,8.556265827798747,9.29086383168024,9.68133579247181,10.838248156999898,10.774753461169583,10.839390188455173,10.667831998324166,9.462361470205112,6.108631202330244,1.5921787841361636,0.0,0.2887696415442805,0.47386256782925396,0.024467953520439092,0.0,0.2851169627162454,0.2220818606173934,0.0,0.0,0.0,1.9242332308631378,6.724474832985701,9.622557785124167,10.445843473431056,11.375383148738974,11.812643898863122,11.771937729593509,11.315016013774464,11.812643898863122,11.127024399373335,10.466626756104812,9.07478542518145,6.227733395247347,1.6166467376566027,0.0,0.0483978514534993,0.12320566437105572,0.24470831481951694,0.2643816020621729,0.0,0.0,0.3435269078300749,0.049547979925874744,0.02629387488194332,1.6236506574478209,6.812064843527757,9.345929180665571,11.100711206064725,10.918557188948238,11.544421406330875,11.812643898863122,11.812643898863122,11.304389206897476,10.920204051817468,9.973654303804246,9.178753941095039,6.460184674410121,1.536746253027573,0.0,0.0,0.0,0.21298402580088296,0.36215519580606803,0.0,0.0,0.0,0.5100146930466336,0.0005595742904318253,1.5230026226335414,7.463818392976047,9.681996227431766,10.322863161367433,11.387122415356615,11.162126728721532,11.219996461977123,11.49594139655713,11.72722459299222,11.030833244406093,10.752371193640753,9.961696769769135,6.724757876539967,2.020722743308291,0.44310063569623287,0.31150588953805447,0.0,0.015657254772273067,0.29265885008378695
0.10490286901223067,0.3226680929927119,0.0,0.12916102356879,0.290956201646572,2.1790294983311047,6.188705072478766,8.92612957546137,10.343895959971666,11.167311681727025,10.86679591808268,11.077815254419502,11.167311681727025,10.764512194914053,10.94661883694455,10.1258709347619,8.808406046202785,5.722503602147917,2.229202211887009,0.2715610518453736,0.17166138456891847,0.1755624383515414,0.36383629146855645,0.2304201855404882,0.0,0.04532177322912524,0.0,0.19445728877990115,0.2453510807516889,1.5857944208066712,5.896970881594587,9.426378360902904,10.520764143909046,10.696788982687087,11.167311681727025,11.141771702434403,11.167311681727025,11.167311681727025,10.80216985268002,10.288312391798359,9.28751595589829,6.378132908990357,1.7099580252451092,0.5661783083487489,0.33277155271212866,0.0807637778853291,0.2602259387722016,0.0,0.08260763858738741,0.14454776697372754,0.0,0.08114432740412514,0.0,1.5127259178914234,5.617205935110721,7.08533606716329,7.843169887960498,8.165709806799898,8.518905688274197,9.070362232040988,8.499169947173696,8.193926924396273,8.7168734761625,8.8254220490862,8.775236688681023,5.956019020844728,1.5508055810488817,0.0,0.0,0.0,0.0,0.0,0.0,0.0,0.0,0.0,0.34426111127188497,1.5931260988601874,5.22322030380474,6.97254414349707,7.105087783231294,7.897093390760966,8.608331559475257,8.834013919107289,9.856604204420938,10.005059577410053,10.275205596587229,10.100388864726469,9.087898086991839,5.938621615612221,1.6693964179180556,0.0,0.0,0.0,0.0,0.0,0.3014039967983008,0.37420471100051345,0.0,0.0,0.0,1.738309765223864,6.097167177449313,8.772469691185078,9.744240276759022,10.779547301827312,11.167311681727025,11.037166949612573,10.740410628320188,11.167311681727025,10.676954729286994,10.149772814261999,8.845490602009644,5.850228126685931,1.586916662273634,0.0,0.09547110675446803,0.0,0.4303396235600029,0.42277555965111685,0.047363823371745946,0.0,0.3299961101161758,0.023171607157607136,0.0,1.7158198398825992,6.360831353562857,8.669935693525597,10.48849138143829,10.285398291476673,10.90178708752323,11.167311681727025,11.166970882420332,10.644984825575118,10.518313983268541,9.627746154374387,8.895136807261654,6.343367385965762,1.6026528372919224,0.11067316039841128,0.0,0.10365623912644303,0.25861121901023937,0.3649106080330155,0.09415325513857065,0.12682231328749374,0.0637793089221383,0.40754729707611687,0.0,1.3143937010570002,6.837706764679125,8.932337847206544,9.565817861608501,10.599745714482516,10.513188015571577,10.504144187094932,10.698966903256425,11.064347691192303,10.371779600121451,10.214208511301937,9.134095696134516,5.9377263518085055,1.4268067184628002,0.0,0.0,0.0,0.1707878367366496,0.1694292572739196
0.0,0.0,0.0,0.0,0.0,1.9435749519871333,6.333211159719047,8.819393446363337,10.2772695236117,11.488734355878478,11.044990871634742,11.334028422207476,11.321181228414977,11.075699232512674,11.194022017450168,10.598069999234875,9.373944918642541,6.421070050927691,1.9392365160683451,0.01798791594082485,0.0,0.0,0.16285513823248746,0.06133407713666283,0.0,0.0,0.0,0.51103807449635,0.6310137946167373,1.7962317936296526,6.53051806204978,9.887840887725714,10.91028878770877,11.042889275890955,11.488734355878478,11.369150887407484,11.488734355878478,11.488734355878478,11.200597978325888,10.703725003245582,9.620291794122686,6.389033897887099,1.81655766207736,0.5719623096477875,0.02346285446995814,0.0,0.07711100342035132,0.0,0.10168314041892906,0.26742183116118684,0.0,0.10279195215997165,0.09246522665818795,1.841190980061514,5.863264494916172,7.184252664317362,7.768494911526219,8.134268440415344,8.616116615165112,9.206927975430386,8.771720982728537,8.22309218936364,8.64425909815058,8.946722483246834,8.908811586027047,6.3141139612496024,1.7422446134255039,0.36434909687656425,0.0,0.0,0.0,0.08657085919680657,0.1707991650081369,0.14510330086209938,0.03725532551879488,0.1166008365756979,0.33972104315349855,1.5914826812814948,5.827966725542033,7.208690477060443,7.3552207992667755,8.403976651444294,8.911736974432866,9.531524197292665,10.64568836509719,10.425646702683784,10.389116325835284,10.113770305174988,9.249882976348033,5.950001028541216,1.5145573607614045,0.0,0.0,0.003188772655722059,0.0,0.0,0.0,0.04502404812031289,0.0,0.0,0.0,1.9115454755703611,6.497818355318824,9.237054271667647,10.175580091758787,11.162001614393972,11.488734355878478,11.482544612011392,11.161274375984098,11.488734355878478,10.9275603575523,10.421928336802793,8.911289127050516,5.843486623208108,1.7674730069070026,0.0,0.0,0.0,0.0,0.0,0.0,0.0,0.34691852922861705,0.05406115805204564,0.2267292213443129,1.6103989261258835,6.531791756439954,8.947907155986082,10.866807874268732,10.854990592499252,11.465990008848783,11.488734355878478,11.488734355878478,11.027698758333308,10.675857802596052,10.235323891259169,9.263553278020634,6.278830572295997,1.6113911751427448,0.3631625409870085,0.0,0.2681366150997047,0.013249438978187374,0.0,0.0,0.0,0.0,0.38547830012613876,0.039526019600470634,1.2454792347059793,6.866479609607605,9.342703112640983,10.126927705181869,11.115837725351405,11.229713536434174,10.854965940349766,11.071891844980756,11.257939562815126,10.522368726415019,10.120257929181712,9.245691426153272,6.099540967330782,1.9331325411380162,0.1976743520345924,0.13395130613724693,0.0,0.0,0.0
0.07800650544886181,0.3127048021032862,0.0,0.08847878787269157,0.20878362007660484,2.605155059960826,7.058021236924924,9.615363465134122,11.09049990475911,11.741007890879851,11.741007890879851,11.741007890879851,11.741007890879851,11.65115678059279,11.562302211998738,10.956078047361071,9.876714222130309,7.311608906139829,1.7823340629577151,0.0,0.0,0.0,0.0,0.0,0.0,0.0,0.0,0.0,0.19399669352318685,1.6288701413273963,5.87094343152364,9.356672018835571,10.693510305811415,10.752385345201253,11.37727297220609,11.292478751156164,11.466063157488515,11.549242197198929,11.42299772019612,10.875198611585507,10.205269259548771,6.581938139280708,1.8146007743165466,0.469170289467573,0.18468057704221813,0.22715379284043563,0.21844262580451623,0.2956186215243204,0.33151551067873847,0.3074252393338865,0.04734253177997784,0.38644586941819864,0.2869190014953776,2.1830159048634967,6.448358863482657,7.630847258474706,8.306037846781134,8.715132907951908,9.041626279761099,9.530425781270246,9.200646061293662,8.455487608895233,8.970967694706315,9.010648809226666,8.96021988057624,6.43730312916654,1.716862708355182,0.28255766634326096,0.040664250313214814,0.0,0.0,0.0,0.0,0.0,0.0,0.0,0.284168845595127,1.8140809840479497,6.160144869528723,7.359401618106573,7.3728157411203314,8.394721659635653,8.866885073275276,9.046974993356368,10.00252341196103,10.21244240024634,10.741911859964196,10.502065828870021,9.66239057554739,6.44186314719438,1.7965400307226242,0.0,0.0,0.0,0.0,0.271966567841962,0.34769455139143846,0.616736577284606,0.0,0.0,0.0,2.0501896338840395,6.565128496397232,9.574731297130064,10.32515938362144,11.29632635384448,11.741007890879851,11.495627694260175,10.93564684319858,11.729902469442804,10.967900782867876,10.345023034895569,9.145375787536329,5.915299334322993,1.5762257619293272,0.0,0.19118698743354762,0.019275016350300156,0.16645850339059448,0.0,0.0,0.0,0.25254813241637325,0.0,0.29674351432328655,1.825156138330346,6.554669007532269,9.428982175797307,11.166815123595207,11.060128477136297,11.600962990993523,11.741007890879851,11.741007890879851,11.48791989214866,11.322894967169672,10.572979847715498,9.442998142811057,6.689889357958203,1.9851847083814995,0.32785972389608836,0.0,0.1499322870419984,0.0,0.0,0.00916432145175582,0.0,0.0,0.3782112788520397,0.0,0.8724339371605263,6.585674470810886,9.315661248966402,10.038166573132605,11.164637288097563,11.035361896718054,11.032257501387868,11.02965977472744,11.28930717323993,10.847571172711492,10.355059133504724,9.221564339204985,6.130655213347758,1.3838157977455066,0.0,0.06156975653500281,0.19130606594299357,0.1559031175074636,0.0
0.0,0.1572620635496529,0.0,0.0,0.0,2.0251043066187298,6.381701959458527,8.748272867667415,10.253399525843603,11.220389788712115,10.84365451914956,11.080771735665596,10.989749108870214,10.981790539433803,10.952401348230973,10.46976828368777,9.222685198133949,6.731593442463209,1.906801676718005,0.0,0.0,0.0,0.0051846276150181525,0.08399239689624956,0.0,0.0,0.0,0.0,0.0,1.365785483091574,6.059587890148964,9.314420083454522,10.457506067669568,10.56691900894919,10.942505301848572,10.794427088854944,11.108260233226552,11.130383049897734,10.80019069821654,10.523938052481133,9.362443696523464,6.343094203456412,1.7365030041004457,0.4880664183527133,0.037651515492677694,0.171502698839281,0.2159718534529733,0.16484951870696155,0.33177748219302416,0.37645784821092965,0.034150497326422675,0.2948630748554221,0.14343329676812183,1.8661012851052574,5.945933499510879,7.143703549989592,8.007888490572748,8.32051848650603,8.648321929781606,9.214053159838507,8.879129806460407,8.294763485750046,8.674472852647368,8.715481555227358,8.828931965724426,6.034127824613271,1.6293569175355072,0.1493590870615104,0.0,0.0,0.0,0.0,0.0,0.0,0.0,0.0,0.1012718555961289,1.2700496610624166,5.3016160777808485,6.956401627846712,7.030954028632807,8.126998179605186,8.660917870686259,9.246452562892872,10.413709190637444,10.309780305608124,10.18816400159689,10.103967687258438,9.089534318738698,5.984314536602159,1.6597511289249385,0.0,0.14838976339958612,0.1884844008722471,0.053860998034819314,0.02991930967382336,0.19523723031935858,0.3010828807864983,0.0,0.0,0.0,1.7490999481861205,6.329297789262822,9.092655549289937,10.001779655694913,10.63377232978974,11.220389788712115,11.056950199131517,10.635772003959058,11.220389788712115,10.621169032224264,10.05466200884415,8.494704151187825,5.673102369845783,1.5985888540187685,0.0,0.1859605228200414,0.0896417481194296,0.06086019202110206,0.07158062330744094,0.26099064676836775,0.0,0.5808191562171209,0.260648541140467,0.42971735562500335,1.652193330306575,6.500280631336973,9.02243755930362,10.528832238290853,10.353646067737051,11.06086327390231,11.220389788712115,11.220389788712115,10.713352005067728,10.610404899864681,9.683538533915288,9.129834106730234,5.805359080557296,1.6175797395411502,0.0,0.0,0.16366833575308112,0.0,0.023102673733830147,0.0,0.0,0.0,0.29181024871008054,0.0,1.0631200842438229,6.771280621244347,9.1952080699579,9.913485012490382,10.704623661394232,10.593878495718197,10.797305549599002,10.893931276792557,10.970243257090182,10.506504772691308,10.15323256964452,9.30023443502463,6.044992943862342,2.064650872860035,0.31267068746346205,0.2606646129364139,0.0,0.16599191199468133,0.05333027347529139
0.13727068596110603,0.17040308187236525,0.0,0.06353948790580494,0.08811684124502007,2.0667151780819952,6.03473009802176,9.38213920257193,10.965029524004276,11.865705381995667,11.252670690212888,11.865705381995667,11.793635074869853,11.42141515762042,11.42413878181564,10.849795678931331,9.35584006839916,6.23424918490649,1.5997204235257256,0.0,0.0,0.0,0.12790100056729745,0.06903874135768877,0.0,0.0,0.0,0.14639537513474427,0.15452907283161213,1.4625356243766703,6.483305557140932,9.894032735782412,11.208165496826044,11.196200221797541,11.865705381995667,11.69945821841398,11.865705381995667,11.865705381995667,11.758027101004146,11.195406686002412,9.734471924613509,6.796606502478822,1.7863615277673244,0.492539870592156,0.41178725988972037,0.0,0.016050755524533215,0.0,0.11372649394873659,0.07909865967490022,0.0,0.0876952532522596,0.0,1.7079436415316382,6.001330162259787,7.323392623245469,8.199443410546328,8.852154184834367,9.227901870841468,9.623637181720332,9.40903384221662,8.894547526274462,9.302280645734927,9.496341168210744,9.487013232736638,6.184374540756177,1.5911073421558315,0.1081854905771503,0.0,0.06876134419401186,0.046417467898487955,0.3332383553776995,0.27027971958396474,0.050216754794609526,0.0,0.0,0.22360761916832902,1.35664677721193,5.345297782925562,7.3061880316658865,7.568864646629901,8.487364648212044,9.121837536984065,9.397925048335978,10.549680724114273,10.583320418017555,10.742153467748679,10.91602550602491,9.540528805829306,6.609100076449932,1.8063295264195578,0.07097532762776261,0.07481262927342798,0.08042053418389165,0.0,0.0,0.16711504915441067,0.28995014231302507,0.0,0.0,0.0,2.1597256005716328,6.780612724875407,9.528310334887562,10.759735731444659,11.436306330674276,11.865705381995667,11.850167781386778,11.291831186626661,11.865705381995667,11.07223960473165,10.532599194235539,8.833844866951765,5.998390119211348,1.2327616592067594,0.0,0.1527914672534818,0.0,0.0,0.0,0.07390045209716531,0.0,0.5583407498606485,0.25608991865919206,0.1837521158858613,1.7024780046111823,6.82752398668919,9.372850873162463,11.074671841451298,10.965013257227726,11.67093973011901,11.865705381995667,11.865705381995667,11.372933798244082,11.234331667781804,10.396773024553902,9.730199420390361,6.789142881047459,1.9811551160645773,0.1469215920951445,0.0,0.3178785400277235,0.2484251063760287,0.1567177057318008,0.0,0.0,0.0,0.3478942790163552,0.0037988448641501317,1.2820458370496242,7.262183572096291,9.573936521353975,10.298484917138063,11.24932963575996,11.127627271629757,11.28369072584063,11.381171152438252,11.514459704978252,10.949774823857108,10.74552776300586,9.839519938562177,6.257959779854509,1.852139951811668,0.0,0.0,0.15203347082885724,0.5271240984120098,0.1769758983732843
0.33853809032264714,0.34832839592835474,0.34301355133531614,0.2598136096938659,0.2770401087138576,2.6179609109344604,7.210801796959261,9.665011424424762,11.238587208892419,11.856155866001114,11.612048130338591,11.84630259944964,11.524447834726406,11.351079669821187,11.382710754296838,10.853927498445227,9.489827086885441,6.15829583476297,1.2982692770177795,0.0,0.0,0.0,0.0,0.0,0.12710125538670694,0.015425895472794089,0.0,0.14291882933516298,0.0,1.1613507958594973,6.22278763032257,9.595882381851549,11.21450136769082,11.117642831736466,11.73612098852613,11.649317123481504,11.671244757980944,11.798862332873796,11.553211203813266,10.821162896107671,9.973675263705134,6.864369340391107,2.1858261298249535,0.7155355795477967,0.0,0.37559315758634604,0.18445498898339005,0.16578303826811755,0.2982813783608178,0.32551361056489336,0.19358551864531798,0.5103397400795179,0.27827982762388437,2.081388783203505,6.223143091347844,7.436062324780729,8.340562937572944,8.643178285967993,9.207354294361917,9.645786141735753,9.400903882646391,8.771699000404183,8.970292177828577,9.204504246022097,9.47379812669606,6.512226186913934,1.9430057920208659,0.2580924636994103,0.0,0.07952475377949374,0.0,0.0,0.0,0.0,0.0,0.0,0.3511634272765492,1.806058248567028,5.981444434482853,7.295843903880611,7.42202620771515,8.498354418742409,8.882638174387523,9.741468758910672,10.977656202518832,10.821126855327773,10.67261481495924,10.607956242457364,9.30325810298994,6.217140534789842,1.660172238357376,0.05333043861858661,0.02487235613792565,0.0,0.0,0.0,0.0,0.20991667370732803,0.0,0.0,0.0,1.7961150567362976,6.394341742639562,9.506645410822795,10.561156229736188,11.401116285913645,11.856155866001114,11.570131289952686,11.137724612959534,11.856155866001114,11.465989689730995,10.81126722863867,9.564512063018697,6.455596934827883,1.5186612961546218,0.0,0.10216757250504466,0.014844097466405174,0.05205891902041411,0.0,0.09012319437270544,0.0,0.5352949767609234,0.09370598356854952,0.0,1.7944220234335153,6.779985154373396,9.322364663109871,11.173906022567861,11.096161113553025,11.553533450786476,11.856155866001114,11.856155866001114,11.298053082361072,11.231256796933842,10.32845434088861,9.339195000640524,6.649260298907724,1.780647732033669,0.0,0.0,0.33576805163085055,0.0,0.0,0.00789710463809669,0.0,0.0,0.5355469972144785,0.0,1.3838193999322574,7.1627304633942135,9.632082165190806,10.246404325380798,11.186279316984397,11.26290554845846,11.450697798824637,11.222887562495837,11.618524163808987,11.080151233776533,10.875896827180236,9.39686519525188,6.5755463037858535,1.9259168088932934,0.0893182394540159,0.22275525194229637,0.24303951963037013,0.009019470175341097,0.01356162429787135
0.1550563585230519,0.06970297859248163,0.0,0.0,0.0,2.122652164817175,6.727915273124713,8.862495891794186,10.435797279471952,11.403506123107498,11.01884978377121,11.469398434411843,11.433361789784582,11.20398495402141,11.272664630103554,10.582426031805616,9.480544084670468,6.4951269123047775,1.901494472771633,0.0,0.0,0.0,0.0,0.0,0.0,0.007485897479316008,0.0,0.4319728209255123,0.3081967266919748,1.3237171906534944,6.114230690852134,9.745282424803303,11.00455885570629,10.922077383786668,11.328311343539529,11.282367360091326,11.395264589534385,11.471383208985456,11.188821166052023,10.960663027345678,9.646770505277502,6.279491936458253,1.7115282606271378,0.3487428173854692,0.16218371691276193,0.213703312593558,0.13761298186373977,0.11775281406355576,0.2705860967530659,0.17166506720445937,0.10898173887959704,0.42431445697286657,0.2063673410311398,1.945773856579609,6.061050995030915,7.0656417864529795,7.783657583920681,8.18019088044166,8.59407803725744,9.039152540462485,8.760407795659003,8.443677455423417,8.649086812041846,9.169168020028817,9.069467026947285,6.0290796592404785,1.3852827485008532,0.0,0.0,0.0,0.0,0.01119184913566142,0.0,0.0,0.01695058455164545,0.0,0.3693659195111881,1.7079193603828222,5.752606279160775,7.2575338706282055,7.463990383564543,8.403203485899022,8.892258554456193,9.62335898346733,10.720484636379561,10.655350135568439,10.712852795794179,10.48291586918465,9.356513930163336,6.28910924053588,1.8949285615368308,0.12205175243084794,0.26960548566909426,0.19486171098812832,0.0,0.0,0.09253003905975415,0.37169394779229975,0.03830043124610632,0.0,0.0,1.826239757282836,6.38683028147421,9.473088607254416,10.47386416730242,11.173252293928078,11.558136665330963,11.444384487867822,11.133255056095782,11.558136665330963,10.984128284809005,10.490148825883146,8.9976203919221,5.913100896764523,1.4572048201160457,0.0,0.0,0.0,0.0,0.0,0.0,0.0,0.3537183814911562,0.29519767175963474,0.0,1.6979074781597472,6.485045277070395,9.10800169052766,11.099879015218363,10.955926711763036,11.493600834809486,11.558136665330963,11.558136665330963,11.287802239164993,10.617542970061557,9.971463367040966,9.07900923889422,6.069965602105735,1.591677086530814,0.3693436588279496,0.24144399907592085,0.21510898647236454,0.22102447240542683,0.0,0.0,0.0,0.0,0.15893755385595507,0.0,1.0646412449719507,6.659880424880438,9.315369642811755,10.260270457357185,11.178629303836807,10.83963793590349,11.062415620107952,11.303891933773372,11.363696960061247,10.664298499656137,10.660401975883714,9.34145416890711,6.306249536055318,2.0776065312627563,0.038852900930114315,0.0,0.034618053524138145,0.4631931492941991,0.024350173443821403
0.0,0.0,0.0,0.0,0.0,1.925375315460134,6.10409568601628,8.986864703550804,10.49341528344175,11.416170405489012,11.097001041536764,11.648813879990321,11.648813879990321,11.573660313726993,11.584554248082792,10.690967652631267,9.356601641698894,6.202892353151732,2.0045457162506684,0.6175394455478995,0.5791168463131096,0.27253795258202007,0.5674384566858415,0.6115910466799063,0.11987281095312961,0.07684749841588684,0.0,0.42319094495896004,0.4978113142360312,1.8890904946199016,6.81911757466376,10.130376483262454,11.648813879990321,11.433094538689941,11.648813879990321,11.648813879990321,11.648813879990321,11.648813879990321,11.5278724619088,11.224151793904067,9.82760703833404,6.698769108777257,1.8252990102738385,0.3295842151528195,0.23397792070659582,0.0,0.0,0.0,0.0,0.0,0.0,0.0,0.0,1.3639488750250361,5.657705790193686,6.944129116594465,7.6791669606026165,8.213299547658083,8.446058279846012,9.011915197981834,8.922051695882818,8.287744209716358,8.938905702418996,9.011693708812967,9.18085658227655,6.4098555818860845,1.715663086751391,0.0,0.0,0.0,0.0,0.23681959115906523,0.1509430893780892,0.05145405161386566,0.14817807656997736,0.035842601918735006,0.23714264682474295,1.4325431680022431,5.602914646674304,7.517975614247952,7.779432816080763,8.625714463055878,9.204389980049363,9.618904529449193,10.762800964331852,10.735256460199992,10.792790875525604,10.58601025384897,9.503739882166922,6.141283648036455,1.6980854216376255,0.0,0.0,0.0,0.0,0.0,0.07670980540397261,0.24377792682702068,0.0,0.0,0.0,1.9274572442151285,6.177565518002181,9.141293339859232,10.421059146210897,11.135420038968848,11.648813879990321,11.397554206129696,11.233018998216235,11.648813879990321,10.789858747750937,10.176894068988103,8.816649930115963,6.226422279307478,1.8503212110257725,0.0009277028706909459,0.0,0.03091945836101131,0.05664435780249069,0.08181857198673982,0.20308100615891242,0.0,0.4277205807221554,0.2388062240255743,0.24534332235767997,1.7506312968190179,6.721170065062861,9.337104345928012,10.88467277578729,10.813435887898793,11.303696261433556,11.600650747774983,11.3669234344254,10.63942524836305,10.747017604499092,10.312595414191074,9.704901344459142,6.836098642384585,2.2368807375755875,0.26671915351865383,0.0,0.27624687637300377,0.0,0.12446773481478862,0.0,0.0,0.0,0.40946304280105944,0.0,1.3915361668372443,7.081501003930009,9.705006881617974,10.49262444907392,11.303090117093681,11.033387824727084,11.210791622783974,11.24665759302509,11.370813728510521,10.659107928485303,10.678181686974032,9.50928960921,6.103608270980093,1.8471728015078397,0.0,0.0,0.0,0.0,0.0
0.0,0.0,0.0,0.0,0.0,2.015092289338761,6.370303782334529,8.8067218461486,10.296718215838057,11.191728797018936,10.857302072238763,11.191728797018936,11.191728797018936,10.921304301673086,10.969181229972206,10.364815643372284,9.136922625341072,6.144324093733147,1.475110001062976,0.0,0.0,0.0,0.053150042023694895,0.00537911674999664,0.01715854399754681,0.06609971348719218,0.0,0.4503523838451058,0.3756830605818114,1.5263608482723086,6.180882692310636,9.514566064391053,10.796485812200947,10.635823832860082,10.978727797818394,11.094136470643315,10.890197072841879,10.947964114682161,10.740886110094594,10.178182943649352,9.35823409496491,5.9164699130873375,1.601178429847658,0.27563861426964953,0.05823922955489836,0.056914494007309295,0.0,0.0,0.060057541038162285,0.0,0.0,0.2262480002907044,0.22752510222706665,2.0169382637551094,5.876215029663526,6.89503414268122,7.663986801571973,8.188861918065866,8.525075080459908,8.907786318820035,8.714157294341963,8.064585096757455,8.662029071452405,8.942581160470313,8.737715856989992,6.043427724974593,1.6556344249753026,0.08708904213834189,0.0,0.0,0.001988187324790068,0.09687192272714053,0.0,0.0,0.038590979887312256,0.0,0.22541992591925478,1.4948808890390293,5.534132572517567,6.735513535542495,6.886169996671847,7.856820667858957,8.337134905859013,8.871400493708563,10.03380436317128,9.96659681904889,10.175935554433098,10.019572899372065,9.162656532671262,6.124457146378305,1.7915821272670818,0.11868409334868167,0.0,0.2644144469208465,0.0,0.21639939157227858,0.28635048577779665,0.5743446959517569,0.12403066915026473,0.0,0.0605497411233597,1.9463417914445713,6.109978863341923,9.273691835445202,10.072122716201864,10.895657114615412,11.191728797018936,11.191728797018936,10.980921820713096,11.191728797018936,10.612042465819583,10.026389779870996,8.65068472564902,5.637173266783882,1.2768292678130904,0.0,0.16357922012366158,0.0,0.0,0.006001501475067753,0.0,0.0,0.2052256720743153,0.027353199957270213,0.0,1.6918019484776867,6.266220110021431,8.640563135688136,10.694864995627357,10.48381320132141,10.935533764235242,11.191728797018936,11.191728797018936,10.697626702767545,10.369239711428738,9.695481229838974,9.253760848504502,6.08399346722143,1.7501016529149347,0.2756848094917408,0.24778224911580102,0.16889360936256007,0.1289902765819558,0.0,0.0,0.0,0.0,0.2538900871558,0.0,1.1820533490572454,6.290026158985646,9.043151327588395,9.824307530059482,10.652783649848514,10.51873412090635,10.731571018668127,10.764037087461789,10.967751679633698,10.2959103831456,10.146423978616221,8.950343291939689,5.884122584359124,1.512009977328627,0.0,0.0,0.0,0.4083962821521488,0.21494688954626104
0.21320539201524047,0.2921701788684146,0.08250717714042259,0.0018682418684749912,0.12935408620577785,2.434159048184402,6.813512124828941,9.26362328005442,10.815682700488194,11.674112408077011,11.465441640071104,11.674112408077011,11.674112408077011,11.540114778515099,11.402273376724096,10.473037961185362,8.937357714267248,5.737288256840718,1.9208028791318792,0.49303276266049345,0.03311652620491428,0.0,0.04128017150122857,0.0,0.0,0.055073766288432066,0.0,0.4850227438734937,0.5900119918729211,1.970567169743191,6.68865841468456,9.977743833703542,11.427758894765839,11.386817571374257,11.674112408077011,11.674112408077011,11.674112408077011,11.674112408077011,11.674112408077011,10.948014509862483,9.963980290131607,6.780578428304184,1.9533430830433933,0.7291237207232512,0.0,0.1038239914698949,0.0,0.0,0.0,0.0,0.0,0.0,0.0,1.6979002730735566,5.54925549796382,7.042677908626949,7.772136672132298,8.33479075085179,8.609083283450138,9.270067373938126,9.104792822231879,8.28320112072202,8.860152445638306,9.08101278676318,9.121636115240083,6.4651594811822966,1.9326391438965156,0.0,0.0,0.07185530426670542,0.08691611661701187,0.2899858991108558,0.09811093362534679,0.14333599034480918,0.10836383421415204,0.0,0.4859481125543697,1.8563250612347002,6.100804804597139,7.471073421038347,7.476212831191143,8.253212878188165,8.91655862018693,9.2722787258831,10.492267955631974,10.530055075635712,10.638015392916623,10.489467930387613,9.411197970393664,6.248569456887603,1.5499242620186853,0.0,0.0,0.0,0.0,0.0,0.0,0.22481986054562225,0.0,0.0,0.03745525195205181,1.7679877091401515,5.999516118042604,9.310166045597372,10.409413232490367,11.267071958973132,11.56211139830256,11.522808061845677,11.33164928074952,11.644441464626512,10.857071443420564,10.256694261179064,9.154332533283643,6.11407500376096,1.8260600517920604,0.23986773478226386,0.3983946579348088,0.26560870989851937,0.30029096530416854,0.24164066950419597,0.11614122789193074,0.0,0.24564191705960506,0.0,0.0,1.7367095692910033,6.109952203171288,9.056196658454308,10.730687600196573,10.931528874154381,11.435042857056589,11.674112408077011,11.286237936938013,10.615737657274607,10.518825749742694,10.321904789459522,9.203626615878337,6.571847818804486,1.9306221028485304,0.25096437433984786,0.18815285501432788,0.22236785968648093,0.09845995826809377,0.3113158037670949,0.5535940939553149,0.29615459600369504,0.5040332470271095,0.9367743130305027,0.3629818231293083,2.0112339876777905,7.280216630736439,9.9246101538677,10.526381086249472,11.214108061980138,11.116940784352629,11.393135719788472,11.121632079133315,11.475121349607464,10.624846785125982,10.351992535872588,9.06622567531489,5.844671382039075,1.1362643695376653,0.0,0.0,0.0,0.03566257301632529,0.03475009895965646
0.13843882947953132,0.22581474111858021,0.0,0.0,0.0088673090172085,2.376212323740836,6.776986906632175,9.176741437124775,10.758987395546466,11.678585693217096,11.498157104130453,11.656857691752009,11.678585693217096,11.546586726925687,11.396876940448587,10.52604308868797,9.06412601439705,5.886199407085414,1.6914800853489198,0.13551800247410092,0.0,0.0,0.0,0.12143626720665619,0.07431794068104,0.13321892145792527,0.0,0.42241764468085385,0.4368159522449057,1.8127125046210262,6.554424204625678,9.84900569107889,11.43918159736661,11.379583082935977,11.678585693217096,11.678585693217096,11.626653305528789,11.678585693217096,11.678585693217096,10.86295310512608,9.866505593585211,6.639300820075188,1.9219920519396059,0.448386883953546,0.0,0.1033908196837338,0.0,0.0,0.0,0.0,0.0,0.0,0.0,1.5441671381440898,5.844185023013258,7.100582657547673,7.837632051770711,8.411253657182039,8.689462429449286,9.269080222616756,9.172523083537333,8.416469519134301,8.867304318547326,9.085823387552262,9.09954974306229,6.442069818629849,1.9023164952851748,0.0,0.0,0.08226048356938427,0.0,0.18204897459988972,0.052192162742665346,0.02530311703901503,0.16159552848440797,0.0009011423046276187,0.3913488788260818,1.787017092880093,6.08072746018421,7.338098935753086,7.41583149792406,8.341106474390992,9.023398715437631,9.481271761240528,10.620118638569501,10.728297829050895,10.686664210558332,10.443737162974175,9.375099421153953,6.131899708909235,1.7592184211780284,0.06320367098179111,0.0,0.10110700931637406,0.0,0.0,0.0,0.057883111546978075,0.0,0.0,0.029166003856797774,1.7407867915633266,6.06078355776939,9.377646443559309,10.345746062114202,11.067727023976289,11.622013116582602,11.581184187322233,11.257459658285665,11.678585693217096,10.964136511192654,10.463358772037347,9.238104559863027,6.181058842357877,1.8000896383889662,0.2277038639473129,0.32117948615976294,0.17398276555980963,0.14650891056446788,0.273424512798113,0.13243293985818586,0.0,0.32835825732364,0.11842899353684617,0.13093608997831013,1.9388052538165514,6.399472800572102,9.292509487475854,11.08881461532579,11.078269427455137,11.426320491610573,11.678585693217096,11.391920723032317,10.80693601465706,10.72728639872704,10.301663571027477,9.240443448980818,6.37798077631265,1.6939929989546405,0.0,0.04317349592707904,0.07730509276943301,0.0706438051734792,0.07080801903090288,0.3029372386940518,0.1296807208284994,0.2620365243324099,0.5355775900313146,0.04600108931310051,1.6449765655861022,6.830437483953189,9.620531725266362,10.38174267939371,11.102800615371812,11.089407690780659,11.506222094999117,11.193224435398603,11.474591404072816,10.810051052991021,10.601645591126672,9.388597456535818,6.20356508133299,1.580015486559881,0.0,0.0,0.0,0.0,0.0
0.0,0.09880739800392893,0.0,0.0,0.10882001812915201,2.6446399989849154,7.172235172200231,9.555434194541169,11.080669375642126,11.570582799458604,11.570582799458604,11.570582799458604,11.570582799458604,11.570582799458604,11.416336095679162,11.101466087344333,10.295112298285517,8.154266864380094,2.696523846375691,0.36817033213904676,0.0,0.0,0.0,0.0,0.0,0.0,0.0,0.0,0.0,0.8251347956001016,5.602740685118672,8.963836540245987,10.425749165274595,10.416528404689004,10.896156921802945,11.029697949063223,10.931191674065328,10.922419882450658,11.129677338841283,10.536370705882595,9.93470262929341,6.6790334472265265,1.4598051950241642,0.0,0.0,0.4616088957399326,0.2909963333080016,0.41285222757730206,0.6114507380489052,0.3766534146362794,0.35935455311703907,0.5247806747903637,0.40149257122797494,2.2555713164307734,6.286534565871892,7.476304407795272,8.183505709988678,8.813156760456724,9.020525252184244,9.424580774162122,9.319263412287391,8.560690680438071,8.86823235653786,8.987191892320114,8.830643791526901,6.4403543698156955,1.8203012439910906,0.3126080728315106,0.0,0.0,0.0,0.0,0.0,0.0,0.0,0.0,0.06309248964739643,1.3596789075643734,5.695254845056887,7.025667837838931,7.235797730118786,8.048647431216173,8.991846410883477,9.411835848535963,10.383513667965529,10.547921829222018,10.714502420982964,10.529894104337396,9.512181448027633,6.505327283410955,1.7749098603364983,0.0,0.0,0.5068185969624557,0.0,0.20623352610027956,0.1981692399280732,0.29614811862760815,0.0,0.0,0.0,1.6850277896110668,5.757506358407513,9.613262915248908,10.026608853520615,10.950635961570951,11.539778424565856,11.288650975534237,10.653703332598177,11.055615389811656,10.956782905407854,10.259762371184868,9.028718418658203,6.334928041585503,1.5791421475027887,0.0,0.34334458082288466,0.2975254352570571,0.1564919796718479,0.0968841504507851,0.26893521532766257,0.16899086892262036,0.7886339113698875,0.4254458589361857,0.07264223983269628,2.158850055164043,7.300114086939363,9.33110074472502,11.245703058951802,10.944864193033867,11.057502300878385,11.467248901117468,11.470681341314513,11.075553474219245,10.901814896361225,9.863603461675577,8.912245108897718,5.755256685929562,1.5365530267838285,0.0,0.0,0.0,0.0,0.0,0.12741860947411054,0.0449445052169937,0.2581419426455694,0.42702518142990337,0.003029462959223796,1.437504161405178,6.7002687829924925,9.453797550635421,10.204292978971019,11.15603133467204,11.184818452667791,11.324274008184018,11.22979604003582,11.363443275009649,10.919493653044176,10.274000411745043,9.436149828673962,6.3498557426232844,2.0799984141174415,0.6160486182455445,0.680908427522476,0.0,0.28254881142914556,0.2810392524031157
0.0,0.0,0.0,0.0,0.0,2.211070218779576,6.861344469363922,9.34877414801724,10.769063829275506,11.69833717331271,11.59387767357979,11.644194448848141,11.520244711839355,11.367871944561678,11.190994833817138,10.574397135545164,9.500159573566862,6.85072287575977,1.935929770329615,0.10626550795251968,0.0,0.0,0.0,0.0,0.0,0.0,0.0,0.0,0.49900937752059543,1.8343838351522612,6.258756425046823,9.755381134792284,11.027600236952326,11.208154777268735,11.69833717331271,11.69833717331271,11.257231099899931,11.416955937220424,11.335822385812827,10.653591564533462,9.546904207823326,6.255835539101323,1.4242182170729445,0.09004930473714809,0.0,0.0660450819302074,0.11499090514382496,0.21766455226931208,0.39611308169769316,0.20066053699139924,0.057649757401697733,0.22674847966880582,0.12534219564644652,1.567709702565335,6.214508036119765,7.030141554723776,7.999961453483059,8.680808880702775,8.79486846582544,9.195617643379157,9.206422620369239,8.457520433262513,9.19699476196172,9.444184409793442,8.995245843703223,6.53776064987432,1.857842091452798,0.0854608197055377,0.32693342075332804,0.2042077286239024,0.07655251850502287,0.15803300792007938,0.0,0.0,0.03940977819593357,0.0,0.1361122870850947,1.4283117456393184,5.79846586954727,7.289046123722922,7.31878909600538,7.9173733859421835,8.843795571557056,9.058112875866549,10.131054203189162,10.279656106013926,10.472839695326488,10.123221013236492,9.381294367547472,6.335064831851206,1.726878462888563,0.0,0.0,0.24023986201788552,0.21511886576800848,0.3582738723814124,0.2261232198946495,0.27242053030014196,0.0,0.0,0.3654232532303174,2.2732183601790408,6.794021151194942,9.744111075222671,10.784258851124234,11.400323831119206,11.69833717331271,11.69833717331271,11.69833717331271,11.69833717331271,11.25745004432268,10.706309058424482,9.340507252870465,5.724946215031983,1.4723742235577297,0.0,0.0,0.0,0.0,0.0,0.0,0.0,0.0,0.0,0.0,1.2061629074058298,6.337937605805719,9.019136584966208,10.515553381468623,10.754218839593081,11.126509425841089,11.69833717331271,11.69833717331271,11.69833717331271,11.549787566130323,10.742184566369549,10.017304905544595,6.8236455866880155,2.212510440770607,0.7341241358465413,0.40559646064553445,0.1868684329088074,0.0,0.0,0.0,0.0,0.0,0.17364545794422176,0.001062364185014481,1.4886660593458874,6.627454649301226,9.47380605618559,10.34258519567287,11.274588372242093,11.10985988785908,11.381542722753958,11.041058346198943,11.186497408572816,10.798711972126457,10.584574564826736,9.32625703896066,6.18367382809973,2.0991066430033363,0.14941165726725106,0.0,0.0,0.06003809938900297,0.0
0.05060131130115596,0.167680572525184,0.0,0.039096049733168714,0.0,2.020480988500303,5.995465127744261,9.104201182885872,10.637568444521376,11.552772334594442,11.501881417014712,11.898766886021354,11.898766886021354,11.898766886021354,11.813995025877672,11.136285394211628,9.655593452137996,6.479394803456901,1.638689531888312,0.0,0.0,0.03607935275637846,0.013759700280520978,0.5598579836043062,0.07833520712232278,0.17391808937045183,0.09830339048175867,0.21959394410732697,0.10608494961749139,1.5830762611296878,6.797221193705456,10.209292819819337,11.611628521912426,11.690132989243631,11.898766886021354,11.898766886021354,11.898766886021354,11.898766886021354,11.516216207500824,10.702420392712582,9.433568739054698,6.820579412815892,1.8033694092529704,0.09814479076265828,0.12396369914263591,0.0,0.0,0.0,0.0,0.0,0.0,0.0,0.0,1.4227529558142362,6.158867696694834,7.020769315158247,7.817894162938445,8.429607162470843,8.730893082517678,9.337225216454483,9.196943986541994,8.663011338910053,9.09493520041501,9.377943056915036,9.40528710239258,6.514204826544146,2.19086123586952,0.33382144674326586,0.11981532801031396,0.23205364087701055,0.10979595254736406,0.295623670712604,0.08407551517800173,0.1527425889207037,0.27730908224445927,0.14423751276009225,0.43035976153621025,1.7179863772459683,5.846379264124576,7.376164601192987,7.570347395113742,8.421598630204407,8.989273922154467,9.901935961391285,11.085764690397667,11.233462961617485,11.10424984670234,10.94656360524623,9.73788161763086,6.191895445465257,1.6900024364232795,0.0,0.0,0.07009003857852104,0.0,0.0,0.0,0.0,0.0,0.0,0.26840639862707577,1.866688197275299,6.516182846070456,9.56752016463864,10.428393411530468,11.189672063212328,11.84535326659326,11.8297588982374,11.357848403920373,11.793070855893909,11.060222777446604,10.426195533254372,9.193390785456726,6.295804236723466,2.0255363213018573,0.0,0.1788560016421299,0.2052865473122156,0.026418267268131873,0.14516639381476196,0.16387872271876125,0.09645214434746337,0.5998154053445789,0.14855108823928037,0.033421233875637,2.2054288284027863,7.005240904427322,9.615323130616524,11.571202880822556,11.464610394373398,11.474330278779306,11.853566763952239,11.707120269162658,11.412716637205929,11.395779002811047,10.635162764265642,9.92000054918427,6.579824152694287,1.8853052688298444,0.030417989949362956,0.11297581485842165,0.0,0.0,0.06916798378342134,0.07184855396593037,0.0,0.08460780828219876,0.10921986499865301,0.0,1.2470195024985924,6.329028439925151,9.095809670861744,10.199592084401315,11.300642575669341,11.121083934718289,11.38133215528472,11.306163157954316,11.384282517862507,11.056907165655462,10.76799858399986,9.938125420828001,6.363083851045385,1.676325094521207,0.0,0.0,0.0,0.1093049937746542,0.09944721006016168
0.0,0.16470790245536815,0.10306104569587508,0.06395353974178389,0.05179698945015362,2.5228280730941686,7.059558900009431,9.736253397638668,11.044736059754216,11.759816502201707,11.665275860275926,11.759816502201707,11.759816502201707,11.759816502201707,11.45980450376446,10.73236649466623,9.38971232195567,6.131368961300439,1.5523895205622495,0.0,0.0,0.0,0.0,0.1127190088620156,0.07717310887480716,0.0,0.0,0.039309617531456405,0.03595340879671339,1.4673615939572102,6.327458941064688,9.691822232870834,11.042646558552523,11.229975493190988,11.759816502201707,11.759816502201707,11.626571372736482,11.759816502201707,11.670868658024437,11.018321848655726,9.982493509062605,6.751369038264518,1.9295642890139468,0.18319071816301408,0.10355777098469168,0.11381442425948568,0.0,0.2312970192223754,0.1416051932823218,0.0,0.0,0.10032893613337542,0.0,1.5038273677594671,6.280971219260366,7.083927769106398,7.929627620958214,8.533747208413551,8.853656781695635,9.373726691494143,9.235474048917583,8.62566072839906,9.194227954079466,9.29458008693555,9.130009962937061,6.6548419332707756,1.90970824484546,0.0,0.0,0.19916806877450885,0.0,0.19374831551079177,0.0,0.0,0.03024388268624609,0.0,0.11757893036087955,1.2963484323720185,5.417248806221724,7.304220495262213,7.470777783268351,8.147212617109956,9.080665911915396,9.469538137069259,10.335064768857702,10.513999249825764,10.727556646546132,10.328175933631188,9.318149884791348,6.121934313137142,1.727337407070522,0.1083724161607623,0.0,0.1583855579207168,0.0,0.0,0.009465883788020274,0.0,0.006907826311111146,0.0,0.33380478255858126,1.908881836956565,6.44418502496792,9.434728070420993,10.420599036767866,11.122754151419576,11.75488258775732,11.759816502201707,11.318213285467111,11.488666396243799,11.058718404595334,10.452884318669906,9.297311648888922,6.148865817723338,1.734223789008138,0.02109922641335107,0.0720919094790598,0.12843265282130492,0.0,0.0,0.0009616673437806993,0.07633022890330907,0.4085759025582705,0.0,0.0,1.8551011881971893,6.6740631013193585,9.480537983549691,11.238164571533618,11.3211719518785,11.357029222416509,11.687512470850402,11.612150940592091,11.358506102333305,10.960347127289731,10.197181521495262,9.564066162080705,6.347330581141172,1.9503396155796227,0.24178627495084243,0.314728380459365,0.0,0.0,0.0,0.10316945039907009,0.08801668961416177,0.2607003437998307,0.40338150140335727,0.12077486485571996,1.4893859074245186,6.440123079491969,9.402500265573144,10.286293385558876,11.28293919674722,10.958020007534742,11.48514557620485,11.190617028925217,11.191842972434698,10.905902338178592,10.410673730824902,9.753214736142047,6.430898012294558,1.5963515814457396,0.10355855954183757,0.1473419027099572,0.031026087566240826,0.0,0.0
0.0,0.0,0.0,0.0,0.0,2.214140169488795,6.647100275619475,8.985737491634842,10.444645985365892,11.490744005139215,11.600153025852496,11.54738903829691,11.675298614386211,11.602864956049988,11.257160314513165,10.680881062713123,9.482877373170757,6.64831601645987,1.6332277759714433,0.0,0.0,0.013155766848802026,0.27849672898740213,0.5237366480766537,0.2432392660037149,0.2728487881398647,0.28117223306319256,0.40696533187341205,0.4957598208294985,2.148028259137324,6.9268995157312085,10.227034638053379,11.373419794775874,11.371772594679014,11.586614947827854,11.675298614386211,11.466427796527256,11.484702879646672,11.319680848481081,10.800119003649497,9.5692415982746,6.125305977086695,1.448529462955963,0.08073350783146226,0.05980716847249367,0.0,0.0,0.0,0.0,0.0,0.0,0.0,0.0,1.6126654368662408,5.941745811835649,7.018502491290973,7.928072188376086,8.502475984214556,8.721110307506105,9.157040038590111,9.124764798500419,8.296052653783002,8.777234805947936,9.121253276874413,8.89485547057459,6.470898578397244,1.8143437593297143,0.6214860043104768,0.3424015860616473,0.1476823925984365,0.02245469243785629,0.19452436264271314,0.11320390494572663,0.0,0.05721580330110167,0.013160050995653018,0.2635117401679181,1.7033412969511244,6.033421161206175,7.2959328809043065,7.593612627686398,8.2447556276994,8.888901332835369,9.413585016582413,10.170688842767104,10.565465711608628,10.671469683705965,10.358260883201252,9.623066140518658,6.444896199174938,1.7643722526311953,0.0,0.0,0.033805463405275835,0.010851830961316434,0.0,0.0,0.0,0.0,0.0,0.005682735948865283,1.591677379696292,6.351780332609438,9.245230310611639,10.417095224134496,11.465534258325157,11.675298614386211,11.675298614386211,11.555636173213637,11.675298614386211,11.098390267154162,10.656738829607805,9.679935254128903,5.816896116957119,1.6387069605775406,0.0,0.33620707941306427,0.006365111379781179,0.0,0.11472760417981173,0.0,0.0,0.10092736681360284,0.0,0.0,2.0064269846510183,6.690523866174612,8.832030827421068,10.874629233632966,11.044532321612829,11.342873871222176,11.675298614386211,11.675298614386211,11.675298614386211,11.032389527151434,10.579914029484007,9.637240968897599,6.3194487244555955,1.8834372619139692,0.43477301143423724,0.28158305447518284,0.028310316546444354,0.0,0.25540852648905726,0.07859852390786173,0.0,0.07458806227575149,0.0,0.0,1.3456237336686119,6.39751918920693,9.22915079838601,10.289333179274823,11.204027498883503,11.10384822674845,11.330520914348762,11.17068126557494,11.258645369437838,10.609828769899616,10.30212664213105,9.32730569152581,5.927818724578162,1.5871362710219936,0.0,0.0,0.0,0.0,0.0
0.004552035865919986,0.1039551611426942,0.03020585218068023,0.0,0.0,2.426932412295497,7.206458279518755,9.654027457434351,11.292479167913177,12.159211728029398,12.059020011708306,12.13907829815613,12.159211728029398,12.116516246126444,11.790580078028709,11.391742485254152,10.28294203055943,7.130937624620121,1.6143687800262072,0.0,0.0,0.0,0.034868230548335453,0.2776545743961391,0.2411515444922509,0.1391053403371918,0.13382726802255945,0.19342345251477328,0.0680640429202269,1.5403016022193956,6.597985153102657,10.198948376069422,11.681333391483117,11.65750375958128,12.104233984209156,12.113752066805471,11.767965119577829,11.770200959432366,11.691471856223833,11.111253657706914,9.932743557498867,6.51528661881364,1.4152579098814562,0.0,0.0,0.0,0.0,0.00950909122250731,0.07789030089033279,0.01651654217989403,0.0,0.0664447802962403,0.12056761885929773,2.132764919446943,6.542416741703341,7.659880804054831,8.49790691982799,9.017608144700285,9.286335077596217,9.634093332572428,9.57927720699775,8.768939992891552,9.293757920964179,9.565381661606816,9.419241805597629,6.75023316415043,1.8803568996935192,0.7738467313587064,0.19321998021682799,0.047654824737511814,0.16769519124861654,0.14777791671947105,0.022819789646629313,0.0,0.014392856690832068,0.0,0.25458166738510235,1.73769618443691,6.122765907780459,7.497112387390055,7.772478713772992,8.425707773536598,9.192024670973524,9.99916285846127,10.914032289662897,11.150941445802307,11.067428297576013,10.743409081314663,9.880927153531296,6.596010946372104,1.8923436466348955,0.0,0.0,0.06388355236238707,0.14927671305307796,0.0,0.0,0.0,0.0,0.0,0.18695756762912158,1.912662248982339,6.741140507160148,9.937529052007621,11.020851078797564,11.873455450218701,12.159211728029398,12.159211728029398,11.779932841949941,12.150795983332191,11.440385953441119,11.085280953374003,9.879832787832642,6.319701726099133,1.7271527681504153,0.0,0.30392691569496944,0.25160916903068054,0.010477328556596636,0.1095281595775228,0.0,0.0,0.10928546042961745,0.0,0.0,1.9110929937975625,6.7634699158856835,9.517923877050974,11.286415222349836,11.450266408785334,11.718189598926426,12.159211728029398,12.159211728029398,11.975525706864902,11.379907391307771,10.703165413423994,10.175782611041736,6.349174226431253,1.776031778623517,0.2614679046583169,0.040234540627081185,0.0,0.0,0.32861763583900117,0.26874246962749865,0.0,0.308861594534374,0.3078960976441906,0.0,1.4850855983174107,6.530535988790724,9.602129157225756,10.704050327674363,11.762042499386169,11.486036947475936,11.555623386254977,11.405293051789087,11.463084257624015,10.849802444843299,10.557504614187529,9.457721442951526,6.1461461974749,1.5479746639697824,0.0,0.0,0.0,0.0,0.0
0.13431692838870493,0.3735633788417025,0.36934063749292945,0.21241511228892063,0.09894330585588533,2.461725174042441,6.913253977037669,9.316215582417124,10.834504172986716,11.56430829961175,11.362629276721915,11.50451683247313,11.402213621170368,11.369123734014408,10.971690105601432,10.50230944282917,9.522654128508474,6.772132907861411,1.4560703180273904,0.0,0.0,0.0,0.0,0.027818396415281645,0.0,0.0,0.0,0.0,0.0,1.101335230416878,5.937072666617862,9.200334116581903,10.795375446907011,10.844517437801835,11.157166071011469,11.155870901700007,11.198987839400852,11.410658069938181,11.300847150205167,10.803731667004325,9.61121434580808,6.861873872915425,1.9138749311940004,0.4696250579127607,0.43112198856237766,0.3056733339709623,0.1115902697220818,0.37544052135129324,0.4836022370003073,0.4405092950853356,0.23148131505957817,0.3491642095916942,0.3268279886402713,2.0166260063925163,6.358760218693646,7.2337335940405545,8.04567861289992,8.639691922762498,8.859182797795757,9.160183867926579,9.24668449719923,8.353783469578868,8.84110970607328,8.877671529270662,8.673845378969862,6.0958780699372115,1.439844341771858,0.04359571178755744,0.0,0.0,0.0,0.0,0.0,0.0,0.0,0.0,0.07615527915160328,1.4796382293127461,5.6870098679703,7.281157193720119,7.547152160257587,8.3758909551172,9.13740570663516,9.396698051360676,9.939803418345479,10.378883047093328,10.657026687986582,10.371966057183524,9.464848495742565,6.350151719741624,1.8826388800482468,0.0,0.22753004488617032,0.21427601348563152,0.2573017499679967,0.14795123052874198,0.0,0.0,0.0,0.0,0.22856610709865058,1.9593564661928602,6.688234335081986,9.747684799047969,10.68200160531612,11.177586183226511,11.56430829961175,11.56430829961175,11.185768703128781,11.432110044026166,10.709172589397294,10.441182138476279,9.256089811331693,5.850801569745806,1.5455328113401432,0.0,0.040040889045919445,0.0,0.0,0.0,0.0,0.0,0.18713391481635797,0.0,0.179442856180225,1.8063586461804415,6.283218555298023,9.224536343758091,10.662798773039366,10.86052611649194,11.175093723284922,11.56430829961175,11.56430829961175,11.56430829961175,11.060594276858685,10.331401547348749,9.563232424073014,6.060524565953768,1.7887563371294533,0.16509038214001737,0.013079297275761985,0.0,0.0,0.0,0.0,0.0,0.0,0.0,0.0,1.3142296337573776,6.206234904568937,9.079597316723298,10.124119314595756,11.088955658705101,10.73113394620011,11.329270567835529,11.118719738555152,11.034204943655212,10.562006477718896,10.333248835137317,9.427718011192358,6.3282703201714465,1.9550913337250584,0.3830520966392474,0.2987968827227496,0.19488668613339397,0.2547399951941331,0.0
0.09762415253885244,0.24796981610759458,0.20886125754417958,0.02111601780986112,0.016229029531621086,2.5418857751166106,7.33175672778642,9.872826518818226,11.584032060711747,12.305565162548067,12.221770748359793,12.305565162548067,12.305565162548067,12.305565162548067,11.84938054999539,11.221560561474371,9.589315874111717,6.238167155908022,1.8337304114580506,0.18291078616176307,0.15561098424315606,0.204536771103726,0.0,0.21872134792668807,0.1944730514344364,0.06245943300869003,0.14370229246886074,0.1379331474638823,0.06643568219632222,1.760156885558996,7.001171319442279,10.302469094447904,11.828636584254758,11.86265560253551,12.305565162548067,12.305565162548067,12.305565162548067,12.305565162548067,12.235013528270942,11.672118734553306,10.304001310855236,7.346990142130073,1.915802090707731,0.06057698523012656,0.0,0.0,0.0,0.0,0.0,0.0,0.0,0.0,0.0,1.5771263376881568,6.30243809650588,7.404551309777103,8.279393335138675,8.938280129858342,9.377806198110715,9.798284080581169,9.714752248237712,9.11028297371566,9.654985539787978,9.893947487542759,9.68156425015299,6.970152188718247,2.2150758976277807,0.0,0.039048964220142715,0.30540022001294526,0.3650776057104756,0.4389561629634793,0.15358243863997048,0.14260538981823082,0.15337665478847107,0.0969074159564971,0.42220735615401767,1.800796193592063,6.012480627427783,7.644812964316849,7.793949917078622,8.481956158226012,9.484957927517518,10.128584903015282,10.888765944983325,11.21015438753927,11.145000350457721,10.882564465938808,9.705988029065278,6.337420159373913,1.785888622780702,0.0,0.0,0.0,0.010773786269378697,0.0,0.0,0.0,0.0,0.0,0.29370874961987736,1.834895343343616,6.617460029528245,9.839723603118975,10.78468524961075,11.597894621792928,12.305565162548067,12.305565162548067,11.944798244895487,12.146951058901113,11.451122372572199,11.06779542033047,9.920731569183047,6.712932734591363,2.026777759913303,0.2141599281299247,0.0,0.22300278891457806,0.13111094749238156,0.6878745834905609,0.1900195890826009,0.0,0.2552460103703237,0.0,0.0,1.8527934499839847,6.749713263055749,9.675662026395305,11.402256478026619,11.694124266699209,11.961979752478909,12.229405425518205,11.896651149813374,11.335997836871616,11.166009831918531,10.721371485849449,9.92475317883427,6.570909696111409,1.887672643847169,0.08818713615177455,0.17633569642673094,0.0,0.0,0.08289444792125791,0.3369082535608224,0.24461275214656128,0.6038092442494104,0.7154353627908979,0.35718490796659486,1.9753713126722223,6.9777157193991535,10.20893568099847,11.118468582098485,12.063407491056212,11.79409606962857,12.005651220697668,11.709103167355288,11.630602931256112,11.29386371934207,10.849170363109968,9.898724570099464,6.478735400423003,1.7670788143718728,0.05681002679188633,0.2807501888843347,0.0,0.0,0.07181019804433193
0.0,0.13934380854638312,0.10251918338086924,0.0,0.0,2.403771076866984,7.162125635570347,9.45734141177779,11.17682957634887,11.99109555806513,11.963083023831262,11.942757980731875,11.905644370189473,11.971400849035229,11.43683807249038,10.987471622096054,9.751833058290172,6.639183835771278,1.6219269167095076,0.0,0.0,0.0,0.03503585930224815,0.34381158567296793,0.08857957068166215,0.25316177947984136,0.1822798204525253,0.07619320110008151,0.07336448273620977,1.6268602858917414,6.77911799919752,10.118260324122208,11.581222624181716,11.624173645110227,12.04470482454673,12.04470482454673,11.906477157798362,11.722011112827422,11.719564440266131,11.227990016508123,9.911040511499403,6.681024233914485,1.5745899408675372,0.14634660557968474,0.0,0.0,0.0,0.0,0.06438993988980113,0.09775582671210989,0.0,0.0,0.0,1.8912274559733147,6.201294778052235,7.337725364188016,8.201458929872352,8.63389466459387,8.966389424965392,9.241452710898649,9.116810968900829,8.466725474675508,8.948520387391877,9.211258416713559,9.187474433355867,6.672132790348877,2.0680133684933875,0.31503076448687944,0.08925349597755257,0.21964730557957785,0.45459623094209434,0.3539224618273046,0.34071712460361925,0.3443152516702628,0.2195289608964718,0.05348549252582914,0.4062855307520352,1.986305237855532,6.4220473893195065,7.492572169176211,7.90050743602825,8.619226833872114,9.169661393569847,10.042146408351055,10.43137769625963,10.83492144431548,11.026741865377343,10.933132948536322,10.020083280078284,6.719183854410468,1.9802036327797063,0.0,0.0,0.0,0.0,0.0,0.0,0.0,0.0,0.0,0.013748511275378251,1.8669210060790966,6.887775962467466,10.00807462634216,10.824884917787648,11.794109700067091,12.04470482454673,12.04470482454673,11.675089992349633,11.907625112441997,11.253523571764838,10.89486420414676,9.76503776733355,6.126740903207046,1.4713795572322956,0.0,0.24308038292997886,0.008543925244979805,0.0,0.0,0.0,0.0,0.04649227524223106,0.0,0.0,1.8715214396978626,6.750124785762148,9.332332094559495,10.909850791505022,11.307111300635864,12.04470482454673,12.04470482454673,12.04470482454673,11.844617550625928,11.303318527413651,10.693440162529619,10.103702335214384,6.364557045412336,1.8605216435370753,0.3210580648062222,0.1956948352891602,0.07213235193124616,0.0,0.1915006997198826,0.31049783781625884,0.003370411704837634,0.3992607249729275,0.16275862379781764,0.0,1.6261188536477056,6.554797323778365,9.62734566916814,10.563483656162305,11.46761747176275,11.267896337221718,11.639020237999754,11.449250197464606,11.161858065318013,10.775195496430651,10.363330333569072,9.442468973755576,6.160725098932938,1.6188423719150276,0.06650645882899026,0.2436083011741813,0.14490140947510827,0.09941702710274228,0.03713530519805459
0.0,0.0,0.0,0.0,0.0,2.0973839145661657,6.801253417841076,9.185583875596892,10.949632140810913,11.615509080148898,11.710363979854064,11.830571389365495,11.830571389365495,11.830571389365495,11.44716906377973,10.809524495457058,9.654766435388508,6.394422955916108,1.9158516446553442,0.0,0.17544085926643274,0.17112498988870645,0.24376565900288166,0.5170262285664888,0.3762964584448371,0.356806756196351,0.4329269123716718,0.4332993234150182,0.5485513302173628,2.1186969324684135,6.956992983685164,10.46117411428344,11.680013317195272,11.592210692698643,11.830571389365495,11.830571389365495,11.830571389365495,11.535077461827134,11.507933853227778,11.124572426748312,9.574198016607744,6.348881095895305,1.2628175535629595,0.0,0.0,0.0,0.0,0.0,0.0,0.0,0.0,0.0,0.0,1.6515450485623882,6.112005459881304,7.0933365009455125,8.011821129082463,8.552042615887204,8.960225568948056,9.212027968447137,9.014443680760262,8.428367949381435,8.785230280764255,9.22909840922788,9.151995131970438,6.728543973882743,2.0250136511273102,0.19450894373430658,0.1414421329499512,0.1003746924522516,0.3497552302171335,0.3015689653185371,0.2642746657023165,0.2442355139298777,0.16710577124858544,0.0,0.40551076058982455,1.8792307259067318,6.2143364341551015,7.278247706935776,7.435345405171789,8.281449897671811,8.850027863124772,9.90554565207311,10.520149215252408,10.942886608899618,10.892144921122817,10.715830284182374,9.639415167386327,6.348335304373316,1.8574861519173305,0.0,0.0,0.0,0.0,0.0,0.0,0.0,0.0,0.0,0.009946636208498885,1.7228163248087125,6.342218772510619,9.401238516697818,10.362686950844733,11.434275267940508,11.753800946214485,11.830571389365495,11.469601518427659,11.617690835922842,10.896430160243133,10.422295282804328,9.508565528353124,6.182402694019741,1.7689113805000585,0.1350403210063566,0.3876552597007806,0.16214177443849787,0.03128118343556022,0.03582248269337137,0.0,0.0,0.0,0.0,0.0,2.0393521373808405,6.585825132138805,9.5270498089292,10.898167667103829,11.366051327691952,11.830571389365495,11.830571389365495,11.830571389365495,11.315971077185985,10.961406852482959,10.687834845920793,9.9945470434785,6.514968840790013,1.9050897147319499,0.308733096057015,0.3714842026077959,0.05949892244301515,0.0,0.20744236058275678,0.3843132121471706,0.08606516170824527,0.47981703258632763,0.32909818461892937,0.06375729948866506,1.6159154042737696,6.384217218580528,9.662879266732793,10.416974873200449,11.259221451725278,11.022393766387628,11.1310845516909,10.946137382693374,10.913379314018991,10.623126818499932,10.401300643289908,9.460124062727132,6.053640319721793,1.5524644955038436,0.0,0.0,0.0,0.0,0.0
0.0,0.0,0.07802805954307106,0.0,0.0,1.992215694729914,6.631915863291683,9.167329270353072,10.810669673703314,11.493825881998847,11.248659162347042,11.493825881998847,11.159047935618895,11.347900634666786,11.121329188266223,10.589319263203269,9.742984616640287,6.805397986107585,1.816322242546364,0.0,0.0,0.0,0.0,0.0,0.0,0.0,0.0,0.0,0.07482823968772506,1.2103912593304575,6.022328921791679,9.574452235903014,10.793190404583019,10.830078828420218,11.159805640081036,11.088383430956709,11.346946310692319,11.37959611110523,11.297263916845655,10.758084572979536,9.372031420333705,6.521401310570025,1.795688840203923,0.6074901519706747,0.7686522982443295,0.4394221735048959,0.44639565788113955,0.6644253737690236,0.5830469896698594,0.48812917700077146,0.60405025249738,0.39645952552618857,0.3420510271690331,1.8714173249366581,6.31384098426385,7.011915612421557,8.059872264967177,8.281773484135904,8.565144676695224,8.822512082392468,8.727295486849464,8.222532778665569,8.800681835840841,9.0608820697035,8.786361495540554,6.130314824269432,1.205259113261734,0.0,0.0,0.0,0.0,0.0,0.0,0.0,0.0,0.0,0.0,1.2170237424444676,5.476448414999318,7.408114891128076,7.794960013662746,8.534085644601562,9.11265602930325,9.849960018140049,10.297511243834494,10.572509322527377,10.518529387911268,10.174221218409407,9.2250059258351,5.937351612768701,1.5406820675540762,0.1429410581091363,0.316579722940951,0.15955482885999905,0.32637834968068047,0.0,0.0,0.0,0.0039027174847817005,0.0,0.09005100874276285,1.8790592814005451,6.24024910964983,9.313890276944504,10.262286207369877,10.74230500075849,11.45876732128857,11.493825881998847,11.382169291900707,11.257810533237883,10.685623774375456,10.705051426398398,9.188881372228723,5.8748814146812505,1.5843081351155366,0.0,0.0,0.0,0.0,0.0,0.0,0.0,0.39188071437859073,0.180027557265156,0.11133928850926617,1.9346649236917524,6.3486412677750055,9.390721235371362,10.986581109378845,11.319446297297407,11.311882954384181,11.493825881998847,11.493825881998847,11.367970896803188,10.648916898171592,10.186819939077363,9.593223576104318,5.843111263933247,1.4729682257476187,0.18343894005830913,0.0,0.0,0.0,0.0,0.0,0.0,0.0,0.0,0.0,1.201590480897574,6.027607504866535,9.294483177483826,10.049097219344945,11.02195069886472,11.025376810994162,11.309199474837886,11.4465796518659,11.185244231480848,10.707786972435763,10.459707954711122,9.503576039849504,6.5564139705579105,2.0930753387852588,0.3104395379199255,0.32997954394991114,0.0917165155983291,0.04962244887339362,0.0
0.049003386095907736,0.11510387028174074,0.16247306483095542,0.0,0.0,2.1483965860543353,6.818136527604195,9.576039995128983,11.300526453792687,11.906673332709783,11.613029451644785,11.932999279895942,11.646467309400593,11.856515834813887,11.544095343375037,11.000216623546898,10.139674022095036,7.33089966070462,1.802152732756392,0.0,0.0,0.0,0.0,0.053447596712811775,0.0,0.0,0.0,0.0,0.057565271306805055,1.4505755688856226,6.69069683719453,9.86986951562379,11.261039311168906,11.314463636272162,11.408728635933796,11.515899487909289,11.79738434195277,11.826966447413541,11.736893627059588,11.317930328152997,9.893812023234103,6.9474454150312654,1.9067381466960145,0.6421243872057323,0.8158527537736404,0.15566935305605728,0.16032102996101855,0.36928810345172497,0.33935330085586696,0.33878962557569425,0.33982404528641813,0.2332020654469098,0.33727221438870264,1.9381862484943677,6.470952385700084,7.38771670642166,8.398917440991017,8.735876477749686,8.930745956911668,9.175989868935416,9.206842999917535,8.622386772538794,9.334903622213119,9.475015870940558,9.259991355293716,6.5284508205886125,1.1870341704761693,0.0,0.0,0.0,0.0,0.0,0.0,0.0,0.0,0.0,0.0,1.3069578644883646,5.674212491497396,7.618693410312935,7.841737407075168,8.457981363944732,9.108030189856628,9.791717449459988,10.325563104932145,10.566708012994209,10.717452208835871,10.780558234776615,9.68330544497484,6.408702008165708,1.8200004347190077,0.0,0.0644786952734592,0.0,0.38334542255932785,0.14385479920063354,0.26578607517874975,0.0,0.0,0.0,0.05540058930617346,2.036264680351139,6.465873262449972,9.553392695954248,10.684061294384152,11.22191989109383,11.8391574812333,11.858549333395608,11.647819418810824,11.397371201392726,10.887242583418812,10.604360099185376,9.38956909982603,5.905581812113788,1.3488244458382121,0.0,0.0,0.0,0.0,0.0,0.0,0.0,0.3319506618688421,0.1871918262064395,0.08088426870578462,1.9698294139464587,6.854828409848066,9.520301222881649,11.160845229948256,11.541956577990206,11.692219960596036,11.932999279895942,11.932999279895942,11.676641184997774,11.385754156154796,10.684586205875341,10.257429877880663,6.711580206154972,2.0388828364474363,0.3050300550436551,0.3230101184531726,0.21188022557747896,0.0,0.0655210722298574,0.06268478091275508,0.0,0.15081687794600607,0.0,0.0,1.3865291654309362,6.351392057755722,9.690296440973347,10.481818160169112,11.452313359994895,11.402121721514208,11.560432324460573,11.56552851800308,11.64930666803586,10.959263569563575,11.054130297032183,9.62255796443353,6.508853413655366,1.8747025423343522,0.0,0.021203081311782477,0.0,0.0,0.0
0.02530264455226784,0.05799733395018132,0.022993814606649357,0.0,0.0,2.1324429420644337,6.769617597177217,9.49783636591463,11.141233427331413,11.629537080154327,11.614538512698543,11.743767009957368,11.7011514769879,11.739738923276361,11.349725065788894,10.698613625851769,9.539839355289056,6.336604579417328,1.6972898719959173,0.08537311042331762,0.048223172693081615,0.0,0.03461507919804639,0.0825688420920936,0.014634213399518257,0.2591224356274394,0.396758356246924,0.4858960064694815,0.33543569813170615,1.960306466022619,6.684942370797668,10.187864275556983,11.401544153780122,11.307998596094516,11.516020501120828,11.683141295193968,11.73112060990655,11.471360122618647,11.473031141545926,10.986308901272958,9.772739630921839,5.928056202818572,1.4297055403809744,0.04496479079236056,0.0,0.10191283756423201,0.00621344533911065,0.3259329155637678,0.3413459343912702,0.19446014607892936,0.0,0.06766692526498427,0.21467143765197874,1.818593805259435,6.189836333845564,7.296449892103469,8.306950109925346,8.433098387963382,8.770948032896927,9.106808836283593,8.988659327522095,8.532558666602728,8.915765239612247,9.33115660322992,9.31864181254581,6.713689916775347,2.1954248495192834,0.5116990991389,0.1265534537495994,0.14430273572515545,0.08943005228296297,0.043300203572829286,0.004089078521828184,0.06550296187959363,0.0,0.0,0.23914988292055833,1.7435934424449167,5.992754807451646,7.36748114743456,7.672515256869513,8.174791904157654,8.812251672498268,9.922496389187593,10.45858194267303,10.757805638577855,10.82995767367542,10.619573100496797,9.512580815284698,6.238555601220961,1.810929834810704,0.0,0.0,0.0,0.0,0.0,0.0,0.0,0.0,0.0,0.0,1.70369480283815,6.2850998137965846,9.513867506859203,10.542545218382685,11.20715641910475,11.5532330495571,11.74488708967402,11.545015164685992,11.529231141328907,10.815071814241124,10.647857913541536,9.411450217767895,6.221976321265052,1.734803791880951,0.17127394903032234,0.1832337970938798,0.07982792826984268,0.06727896640375196,0.0,0.0,0.0,0.1717518205406843,0.00893908932459941,0.03736012768956386,1.9441171138180697,6.420939581582945,9.009963943782626,11.072464032978134,11.510589514594715,11.626469461830348,11.74488708967402,11.64936109103941,11.180408915471116,11.041956561745666,10.521364510940806,9.640871945830652,6.583968584441195,1.9553098604116197,0.21802268553701984,0.22397019944965366,0.13803588971049116,0.13189489952805142,0.11727759670706775,0.16915325747461013,0.0,0.2507629875562071,0.25619086761123117,0.0,1.3994023086843395,6.259544495011361,9.515861948804664,10.238597586272883,11.00897651453869,10.731107838481647,11.378614721880624,11.357284903826468,11.363407539577613,10.79544031705734,10.640024356023204,9.399461164500789,6.124128257367859,1.6753254587772957,0.0,0.0,0.0,0.0,0.0
0.0,0.0,0.0,0.0,0.0,1.9113600662418915,6.575026124376379,9.220183867787489,11.029164753076563,11.664340376955836,11.47881115678898,11.792001185960572,11.792001185960572,11.792001185960572,11.633577686178825,10.81116208565876,9.54598317023041,6.026354754001507,1.8307960174784403,0.05207639964643707,0.0,0.332775388151721,0.11738230085753593,0.20020221643502903,0.24810844949742203,0.334049867460474,0.3569827635795676,0.5012171628906624,0.3793272137674109,1.7625757373609994,7.10137261476701,10.262229954950351,11.52435073503848,11.608580539919357,11.792001185960572,11.792001185960572,11.792001185960572,11.792001185960572,11.661359556000223,10.840549986105854,9.574895938641195,6.076912738670031,1.4999319199857297,0.0,0.0,0.13705145369484523,0.0,0.11768459570848583,0.016003748148904224,0.04599621633358366,0.03339200583658642,0.0,0.06830574326247102,1.9242399398593455,5.940413489788652,6.963405095436143,7.96513173102655,8.350465921048889,8.836348171110439,9.120210745626538,8.87877830538266,8.452012039507569,8.835333244097964,9.32796644565177,9.329127567136956,6.798678364734815,2.0845968263997947,0.3859049107523464,0.1686975601554013,0.0,0.0,0.06627289110868621,0.026305834986978218,0.0,0.0,0.023745641622959005,0.17180669663228584,1.3757115132387416,5.8063619440381204,7.363494384331673,7.709292809498254,8.222902106453933,8.847505339667244,10.006019924375943,10.696963819588197,10.82254487164701,10.905545377812638,10.381857096536397,9.515167765100259,6.114034186151932,1.568561263483545,0.0,0.0,0.0,0.0,0.0,0.0,0.0,0.0,0.0,0.13243110653497692,1.5296629908717712,6.296293007849919,9.309563513541223,10.494632777930196,11.261769999172468,11.649290780563097,11.761681998607987,11.487459122136274,11.650695793788817,11.105866948328904,10.802506388873006,9.689250942055097,6.415851972205903,2.125238011240921,0.37036463158912075,0.18938338616813336,0.1552394649947749,0.1018466781288377,0.08669036811745978,0.07600703570245032,0.0,0.20467964180494375,0.0,0.0,1.9509476668782395,6.598117822484309,9.381770931615739,10.97425185998055,11.622487289135998,11.62735176964385,11.792001185960572,11.617676225839329,11.037208963365883,10.525698400523257,10.425971278676965,9.537718965373985,6.295424978168198,1.7750247589987809,0.25686909177455447,0.06179091912581306,0.06080612715188371,0.15233146672159406,0.0514793876328013,0.10879947068284225,0.0,0.2621773392785992,0.2297500610152778,0.003354895184090688,1.3738653687344882,6.412185161801414,9.587732937918092,10.480624817155524,11.286722162517258,11.196179286704211,11.3553435988621,11.410317640607758,11.27643161792609,11.020777548062808,10.566883773203308,9.762823310446946,6.299428457574747,1.9485103309035094,0.0,0.0,0.0,0.06858028620292356,0.0
0.21075125236608022,0.28633043735016045,0.23200311853629715,0.1940375127011346,0.1279462829829538,2.39807582824258,6.89127283202399,9.755056363308578,11.268978258296714,11.756632895577228,11.765727951980463,11.765727951980463,11.765727951980463,11.765727951980463,11.420143159046951,10.433774509092368,9.229440086875973,5.822970831024407,2.0282920770228414,0.4712523808560346,0.3828928279088853,0.31721341002294184,0.2001065378036567,0.3660480123795039,0.1380675487873022,0.09660927850588424,0.31673556716252443,0.22727189565223585,0.3666307641452973,2.040474045641584,7.326374046778055,10.66773955784299,11.765727951980463,11.765727951980463,11.765727951980463,11.765727951980463,11.765727951980463,11.618097563087138,11.538856472164893,10.808349312172913,9.797283961910189,6.398164246586489,1.766320580204416,0.0693436906847258,0.19399157807283543,0.0,0.0,0.0,0.0,0.0,0.0,0.0,0.0,1.4640728298720485,5.816743357752705,6.919047503074192,7.951986151911736,8.058475243565821,8.430197891939606,8.983208739139387,8.862257603137436,8.302997542612864,9.031980093720534,9.092765983447043,9.338709801449236,6.557388395404115,2.162468353545749,0.26262672273297144,0.13094885387355357,0.15473847676504252,0.16274726467896783,0.4834453071628256,0.2942779389148307,0.24927543730720128,0.2186131086409637,0.05734383884134876,0.35145636049739987,1.8165912971566096,6.176736195547379,7.836361328916382,7.829844222034183,8.190698246447962,8.724966362717614,9.880691428812973,10.558359740420217,10.683088736615261,10.817266941691265,10.289456322480829,9.230560751548065,5.9031804062471265,1.407732956325076,0.0,0.0,0.0,0.0,0.0,0.1303781336492374,0.0,0.0,0.0,0.26304109866421216,1.5133305304795377,6.05424993128059,9.13333923413785,10.310326773445455,11.415918575827499,11.765727951980463,11.765727951980463,11.765727951980463,11.699917304822451,10.999686324569879,10.411038621314372,9.509183375801928,6.057642080854377,1.9520768859090525,0.14275937878282927,0.10754351710192428,0.0,0.0,0.10349601012133494,0.14787615887856378,0.0,0.0,0.0,0.0,1.70288573513832,6.5074087146464885,9.184348411603006,10.610988902486458,11.346108460193303,11.68346148721879,11.765727951980463,11.53307431933548,11.172663511487885,10.901772631921018,10.818123219266125,9.835734401610745,6.925316352575965,2.477663708076182,0.7295100542103226,0.3876487275064317,0.14429832032310771,0.10704992804378123,0.13349178262358447,0.08934547092930982,0.0,0.3722301646534384,0.3799566496501711,0.06637976755987293,1.5335931365727393,6.352563433296037,9.49965211575286,10.22262880187192,11.157242800928033,10.804727840103649,10.916967526445566,10.890865436899082,10.958467885206778,10.62696503633811,10.27143381847075,9.545860949237746,6.197918020175591,1.5924841352204029,0.0,0.0,0.0,0.025387801693357363,0.29607624893121626
0.12355063497581728,0.21105571044695876,0.10621409163527418,0.15242574450062424,0.09088389139167707,2.1762625360655408,6.238013930322302,9.080100720237557,10.713390703312527,11.275354878338511,11.088856063932221,11.352253786121024,11.352253786121024,11.274716800166285,10.933549325436058,10.104273025012018,9.01027818734914,5.90075206238962,1.32577368881204,0.0,0.0,0.0,0.0,0.2620138098009515,0.0,0.0,0.1104997837703646,0.020439498715119873,0.057873030489973325,1.3302021746208128,6.67748062922208,9.728190562278785,10.95496926458767,10.914144441212215,11.32732340205159,11.352253786121024,11.164819168838607,11.270545947723445,11.214887667623149,10.488107156399565,9.402786933973092,6.600800278438113,1.9992582639637304,0.4337980459117552,0.007474645121227403,0.017385008185808907,0.0,0.008761416366343042,0.057341820261889796,0.09467759768261419,0.023823770102530936,0.1605479197076172,0.03954577013580082,1.5032259012638114,6.014940989335808,6.874597389204788,7.70397112680465,8.24145894793465,8.78321505868331,8.996112581266914,9.016387633602612,8.39426818215331,8.975654834226548,8.794393944667762,8.948693832347095,6.420173407169227,1.6268625127059684,0.24109486435740374,0.2447222634895208,0.045940634574873726,0.1349552250433254,0.04260370733604474,0.0,0.0,0.0,0.0,0.0,1.071922526170018,5.147715615517185,6.912888846008861,7.3311399531674315,8.078833594898942,8.5678112354105,9.416353707412245,10.159739813995943,10.385205378966518,10.512624109118807,10.092106910975312,9.3458531741754,6.142160785254127,1.6901503266672704,0.3232155208937793,0.14736066068505732,0.015393974228466932,0.052619923374186715,0.15095149973102057,0.07086069977672871,0.0,0.0,0.0,0.1987295693819052,1.3293294690825013,5.946430475085724,9.070336703243692,10.061211883122033,10.838377563951584,11.316165492125823,11.352253786121024,11.049119289020117,11.000883827105731,10.452005329463278,10.159097675941391,9.008606192477911,5.695798376223756,1.497304224567914,0.0,0.0,0.0,0.0,0.1520106638232387,0.12681298302212773,0.01421318282823445,0.4003104025793999,0.12365430999167165,0.0,1.9071919741350667,6.532289764188028,9.090388462051465,10.37001262265583,10.983208452752736,11.352253786121024,11.352253786121024,11.352253786121024,10.96197729812928,10.569395473623462,10.147789550369565,9.725843950294397,6.191325283574097,1.7189595899756036,0.0,0.0,0.11551970139505555,0.0,0.0,0.0,0.0,0.1572296636984434,0.19712938367931587,0.11393905387615975,1.6999732119548603,6.322162434644819,9.174013241553936,9.998547599421288,10.867803591049931,10.916872682135242,11.027272385577227,11.269520150789093,10.731269071781819,10.454713947621727,10.260567668207491,9.261603172794734,6.293396138424435,2.0056309259213334,0.36604956311615927,0.4990199286065134,0.22233197017157066,0.32052047796685634,0.16104451520982807
0.09260045951010451,0.10945392982441864,0.04574343592866092,0.07633586263610637,0.0,1.9845480289122508,6.345799497964921,8.886488003399155,10.635533009852598,11.200161282761274,10.9679754234921,11.27813830207336,11.083117933767273,11.156478533805661,10.856253610875758,10.296025891255981,9.401642364035839,6.521304633870796,1.0969619117777618,0.0,0.0,0.0,0.0,0.07934470626672792,0.0,0.0,0.0,0.0,0.0,1.1471966839765873,6.102511089439868,9.426881766860594,10.653953348323633,10.650895359654935,10.88954095776708,10.984944249306716,11.130988076810494,11.282167349325723,11.310449176814002,10.69102680864743,9.441830655482013,6.607502154698115,2.040989540282989,0.18639055037218286,0.07113397454822161,0.28441796278955245,0.13369355678422434,0.34663596163483357,0.3766650813180704,0.4218703537037069,0.50410328256096,0.4466674088922888,0.48775439475676835,1.9437327787359264,6.140841174007476,7.105290469040315,7.850532931727108,8.154862015151734,8.699420841736837,8.91607382384264,8.851281547000324,8.350263363236639,8.639366112730226,8.952949012274443,9.029777001987185,6.28459641605484,1.533532933596462,0.18504764740404175,0.0,0.0,0.0,0.0,0.0,0.0,0.0,0.0,0.0,1.0516698108523928,5.077379768322329,7.017458050973878,7.486286488558927,8.218885565477644,8.740733801730782,9.641275938128576,10.336409747810642,10.457894251846168,10.54686960924906,10.319145882593602,9.496845353595848,6.1779058372848725,1.3294544834532398,0.0,0.5683989069229635,0.1587073872676918,0.30501034699891405,0.15276510930325504,0.03389512552270559,0.0,0.0,0.0,0.23834770389898957,1.7379715551202806,6.370853486119346,9.375803408663957,10.089843424456829,10.783789632874552,11.178835212193892,11.190581975924788,10.985945082508973,10.93616192022114,10.412364799841901,10.361668098119956,8.983073482636115,5.819761837536543,1.6764879827691344,0.0,0.0,0.0,0.040135276553551306,0.027315590362738923,0.10591216704382032,0.034494149401178335,0.3651952976683781,0.31997771787647655,0.12616544203176105,1.889167237510529,6.10983226213441,9.220287192272277,10.673151887053354,11.353072896721924,11.254958761498553,11.353072896721924,11.353072896721924,11.058123494850035,10.630058540206711,9.883633889822592,9.341463799683716,5.884148096852588,1.4095065906725102,0.0,0.0,0.0,0.0,0.0,0.0,0.0,0.0,0.0,0.0,1.5651373378413918,6.167897505262293,9.149596157469123,9.944713813083037,10.98189302759679,11.109871105269143,11.018885284415335,11.289871531886714,11.152508359094607,10.625673550922984,10.595078100230838,9.3286559768175,6.344505655447871,2.1349462252113156,0.5537010724719555,0.5398228859021071,0.22070639040974055,0.23437837505778333,0.0
0.21261162070373402,0.3259670053869994,0.10986661567706002,0.22841175665353652,0.0,1.9402332937961202,5.991102543588277,8.693832940708036,10.230332723357675,10.615611718795831,10.750912958369527,10.893844111873477,10.951211743457721,10.951211743457721,10.62458954719832,9.7051473858753,8.581569615605584,5.267577955761367,1.0758843623676577,0.0,0.0,0.0,0.0,0.07988127096823854,0.10316410688421901,0.0,0.13632747409394844,0.06326504297537848,0.0,1.6337725364144884,6.400059794464875,9.512823163066678,10.787164351127206,10.706148490286468,10.951211743457721,10.951211743457721,10.951211743457721,10.951211743457721,10.951211743457721,10.364406153186927,9.383633557005597,6.13548409222894,1.867068137234418,0.2173955135851096,0.06165272675693827,0.0,0.0,0.0,0.0,0.0,0.0,0.0,0.0,1.3492061692106145,5.6064044894965095,6.455520110752326,7.255657807306059,7.788545513201214,8.290529097697801,8.56828564106588,8.574213853771377,8.121513024997958,8.48550802663649,8.572807845164503,8.587974983506822,5.96489295046299,2.00453011960798,0.3222387000665163,0.1380354987673483,0.2616361961382338,0.12471344074823086,0.12334602557630509,0.0,0.0,0.04834831319935964,0.0,0.20161618382116792,1.4347203274344562,5.067162656032353,6.8803507679901115,7.0904054512391035,7.589183414441185,8.147562696067217,8.930721892215454,9.553264513692293,10.069192648731441,10.081908736786474,9.542141118766683,8.647396144839083,5.608325512398104,1.3909720171502613,0.12850032976066714,0.0,0.0,0.09116326206548353,0.0,0.17883285955161798,0.09464346381868738,0.2645459412308661,0.10362961469552218,0.3730304754147906,1.1974248801703387,6.051773055186815,8.78364255640106,9.514616901066535,10.204130310406333,10.706626298225295,10.730068913409754,10.822955560009376,10.823854387238562,10.149900414835669,9.955369920396944,8.98638782257494,5.833666785974123,1.473874142323273,0.0,0.0,0.00794506645138058,0.04325112403500761,0.0,0.18874417176150807,0.194382852111998,0.4857430917425074,0.14883829484670918,0.06598025023021231,1.7118249436455628,5.949849833306978,8.757246278753225,10.14342911988276,10.951211743457721,10.88793939791907,10.951211743457721,10.863827721071637,10.443907650068542,10.172853472705755,9.947150579460187,9.078250968015983,6.417015448862366,1.9345885347756435,0.25776392017088257,0.1748414783693244,0.0,0.0,0.0,0.0,0.0,0.0,0.0,0.0,0.9708478007470742,5.612131657331572,8.577520650244187,9.396324840823368,10.491193011949072,10.432096916673554,10.441539498153155,10.418271818115699,10.422149112045522,10.481963224715452,10.22704420369127,9.449157866190358,6.098623690172182,1.731697217336309,0.10965618762476594,0.2386649022581866,0.30608975453022397,0.4927773368104995,0.49278659760302973
0.06458610840287805,0.29945232205709793,0.05403501463479603,0.18178520599355186,0.0,1.9197198262778976,6.195170979936561,8.780612004532523,10.380901140760905,10.891045726712765,10.987532351261327,11.169299020414853,11.270543839768624,11.22620926058401,10.855544340171623,9.89016888790041,8.803128618041066,5.550562549638664,1.237524142592862,0.0,0.0,0.0,0.0,0.26278424821758395,0.201782467707401,0.21878125384408603,0.29595622784348613,0.12786506518505694,0.01609195048706338,1.6297494022930954,6.810159093356201,9.629419409508861,11.069755811599213,11.11487905670241,11.270543839768624,11.270543839768624,11.270543839768624,11.270543839768624,11.270543839768624,10.813295627833002,9.664178482728,6.3985775939242275,1.945820536755875,0.37100307603995786,0.14701561526948298,0.0,0.0,0.0,0.0,0.0,0.0,0.0,0.0,1.21790935277985,5.729329399661501,6.372360834010616,7.297110586600188,7.9587784518805655,8.421921504902693,8.693786873374972,8.679007784611084,8.163985427590378,8.585714115012284,8.65834997740298,8.562138781326835,5.9818529716024225,1.6476440237349244,0.038478365261923504,0.0716429343504199,0.25594411226183306,0.11263078468584671,0.2843100329882334,0.1547045201709906,0.18364600663125383,0.3470485243723636,0.12378500802805725,0.4052893023907476,1.7265720831668454,5.571607636150058,7.283990786438428,7.334967894245647,7.933887107518369,8.497214244387079,9.14684118298546,9.82792070958044,10.24089547401679,10.31940266530732,9.806343239985164,8.891766874679243,5.901938407995512,1.7831298084801463,0.21611358633615677,0.0,0.0,0.0,0.0,0.06615598771658864,0.0,0.21910968970163008,0.03725659226906913,0.35919802697351716,1.1922952605938426,5.949950964952048,8.933427782351117,9.989947218582746,10.843525582122771,11.222176584681755,11.170113885627153,11.240854665772261,11.270543839768624,10.634963081486795,10.374857837009998,9.39171321760726,6.033577766945742,1.635491582110437,0.0,0.04114384949537629,0.0,0.0,0.0,0.0,0.0,0.31422444113707954,0.0,0.0,1.6937344594312023,6.26668295980444,9.320070241270791,10.441355675126347,11.270543839768624,11.181964027708743,11.270543839768624,11.165643211276077,10.574658353339276,10.135537365549323,9.99311397423879,9.13096709809952,6.364846339150941,1.9214740033476567,0.31358232751773146,0.17895389786500537,0.03329835762925245,0.0,0.0,0.0,0.0,0.01824104832078024,0.0,0.0,1.2388707191122807,6.101151119658045,9.106863076102382,9.803169094784739,10.890984595027424,10.480745977342679,10.667908357448548,10.747909580257755,10.724223403406578,10.610274613706721,10.371795206752063,9.65500940170353,6.1723131038329235,1.737480394228118,0.004452746308740161,0.008958122128177858,0.07948857316771044,0.37984483383714396,0.2892262212906548
0.0,0.0,0.0,0.028947632116966077,0.0,2.164938005972584,6.6911933774853,9.475880581078853,11.00450082088317,11.355581261410938,11.250735847144721,11.423059990089032,11.423059990089032,11.423059990089032,11.105470737720996,10.168360208105172,9.296768189827958,6.3832915069533795,2.110531080922979,0.3295540081047496,0.2739846721302285,0.2361710183494734,0.0,0.0,0.0,0.0,0.0,0.0,0.015521436989624143,1.4506248327567666,6.667660556399999,9.490730980659084,10.847607857439401,11.115623152013821,11.30371346123569,11.409706137126442,11.408597684945587,11.302304065649468,11.390922366386016,10.76971798484396,9.636233031949477,6.406067884320665,1.5480264935953219,0.0,0.0,0.0,0.0,0.04859474276238002,0.0,0.0,0.02816659206293501,0.048501740526459516,0.028357043450197517,1.5113211005014555,5.99615096544133,6.779822572100776,7.59814896936288,8.140366600875002,8.526545076704283,8.80891509936774,8.726078044004431,8.320712043046981,8.69180658176653,8.96430947359157,8.892846989563244,6.457736871205491,2.1899605650011953,0.2191502261640483,0.20559515559791194,0.2294350904496911,0.15417634494048355,0.19245109491310167,0.0924167324823735,0.12056694117270297,0.1795915304297311,0.0,0.11892739111703468,1.4134681947717078,5.608936549812803,7.206605258161895,7.463009039534662,7.970631115910794,8.66801162671954,9.446405149038702,10.134394455344669,10.4301469274029,10.556115572909183,9.896235197705423,9.218669971798032,6.0955759940737755,1.4957799609104903,0.0,0.0,0.0,0.0,0.0,0.18595674728937547,0.0,0.08991805538895685,0.04085228002561411,0.4628418934068945,1.6439853963434408,6.1812529474999485,9.135968409053882,10.294567838080425,11.191926603490472,11.423059990089032,11.423059990089032,11.384651577328482,11.33301391034557,10.961832220594605,10.531897118318895,9.362341851428637,6.0793025815586645,1.6892700595262846,0.0,0.0,0.0,0.0,0.0,0.0,0.0,0.0,0.0,0.0,1.3490836681426894,6.045444405852567,9.050546780915067,10.17841866269225,11.048597200178644,11.200289698169486,11.423059990089032,11.331808774989238,10.878854225672674,10.551740999652433,10.27464906132926,9.55693308290038,6.485875760474747,2.226772513848319,0.701431501817983,0.423760230417793,0.1588038604485774,0.08154508813216527,0.0,0.18230625527046798,0.1692597713996434,0.4668240742511886,0.33765573479793687,0.23770550204939347,1.5905332176517002,6.43017740012168,9.412095558224554,10.041672566589686,10.997660145784248,11.197908704756435,10.781046257193502,10.908356892410145,10.473486182112927,10.300931905976276,10.031039459889193,8.933748057995851,5.892370427840256,1.6495899566178283,0.023047809424855244,0.176089978161783,0.0,0.06766088199351591,0.0
0.0,0.0,0.0,0.0,0.0,1.8337921260252805,6.215484328758691,9.167407492537036,10.861565856199226,11.29665787328363,11.411081380883997,11.517049641771342,11.517049641771342,11.517049641771342,11.363403317621321,10.544639292792375,9.480734209084822,6.319752204316153,2.038258656656065,0.28711977220578777,0.27138829040835166,0.33141858134187807,0.0,0.09709724953869105,0.2654478609116776,0.0,0.11261888614414954,0.198538950987923,0.1872022693596224,1.54211117056827,7.031389893953552,9.916330781364003,11.070917819731278,11.289561150013414,11.410843175914492,11.507587344077722,11.501863560113023,11.47832451571994,11.33253277733678,10.584352248674097,9.45118237700323,6.352143274881554,1.5190099221962339,0.0,0.0,0.0,0.0,0.006450454996496858,0.0,0.0,0.0,0.0768445927994821,0.05623829692821937,1.7082790444194282,6.030902249707117,6.995031028795207,7.805161324801412,8.476654269145504,8.864123140539453,9.090159062512143,8.973160607244278,8.409396031977202,8.683251429961038,9.037854193789876,8.853592696066139,6.471824453552398,2.0469179564733717,0.3914057748525172,0.29375239908638534,0.0,0.0,0.010530337212429396,0.0,0.0,0.047540018505942035,0.0,0.021350514783559343,1.3619489263759808,5.737520222450572,7.052137066268866,7.382250711705204,7.97153685572253,8.533529652815837,9.370532489848918,10.048556506469353,10.277076762115376,10.443659606871627,10.151952565567811,9.435326300963817,6.289718470538324,1.6681004904957233,0.0,0.0,0.0,0.0,0.0,0.061816742396123316,0.0,0.031185136455094832,0.0,0.3395835372004921,1.5871531903643545,6.2280178916787525,9.207353848100697,10.365610066761963,11.076165880226617,11.43697227030743,11.44343538208815,11.40664678692718,11.325992780954952,10.958025139456561,10.642074735895934,9.38694872512498,6.227725455606677,1.730588793281834,0.0,0.0,0.0,0.02854611113594871,0.0,0.0,0.0,0.0,0.0,0.0,1.6844369236746526,6.405492263945667,9.162676343690226,10.464576337191174,11.434041044890153,11.329626951296655,11.517049641771342,11.474059479767352,11.033600642937683,10.67132108898205,10.251519496943184,9.477619009800605,6.341882612981776,2.056411488536193,0.6630335788131516,0.4072551578128145,0.1852888424634418,0.3333656023466905,0.0,0.045738850850164096,0.0,0.22274908382310704,0.17455794885152373,0.18392742297678552,1.440931378743742,6.345577879122573,9.482462739670469,10.167532680806815,10.94515040111908,11.268711693719839,10.971450426455556,11.316820173454795,10.994815794026492,10.610600102316965,10.271597361347059,9.317017375128838,5.97772899687411,1.6558806442069725,0.0,0.0,0.0,0.0,0.0
0.08743519696214273,0.1999599393747619,0.05602360505204706,0.1631015423696705,0.017560564887995254,2.000001977039111,6.249084009620504,9.002785701672776,10.546063093589945,10.949101259333851,10.87370112059825,10.949101259333851,10.949101259333851,10.915102508932934,10.678555498191887,10.006017064206473,8.926456888531836,5.982076739431276,1.7370311447957842,0.04266811849684996,0.029144338257691794,0.0,0.0,0.11877667330201808,0.0644994721211483,0.11878858356758197,0.061456562423895696,0.009676356576212825,0.0,1.1848937485501172,6.244996014908601,9.278393162525074,10.670707775265539,10.828214348020827,10.862927714355576,10.879363228216462,10.838932934411043,10.732399687800063,10.715972657963963,9.99401869530827,9.040487402583805,5.951433747141569,1.4624089728988343,0.0,0.0,0.0,0.0,0.0,0.0,0.0,0.0,0.06111520279203184,0.0,1.6856830531720188,5.780089729961553,6.7276136805207765,7.627345161612864,7.802364719376763,8.313726913578625,8.620118332055524,8.491311257296832,8.046123151185267,8.219695203797345,8.517470116178893,8.58950536016121,5.971052728148793,1.9177183574248697,0.17210847675946328,0.22149441331444783,0.12470523232364109,0.08903133570202758,0.15416517222448578,0.11812854275472251,0.0463928501090549,0.13477226192578198,0.0,0.11526708105870619,1.4529998631033565,5.445061464748011,6.714391001584333,7.094609751125106,7.707377577881206,8.11939314708248,9.0751087498805,9.776145675736828,9.795097681872473,9.844651565408483,9.829101653211719,8.804142050585728,5.800286929888755,1.659055451920572,0.0,0.0,0.0,0.0,0.0,0.0,0.00768436466065124,0.22869965491192681,0.044749478192721466,0.35226698780553783,1.7425372768814056,6.105742495170113,8.95326183853216,10.006726459201978,10.693599631987992,10.949101259333851,10.949101259333851,10.8049139528741,10.645608114247048,10.152215084540327,9.849918186948244,8.552346636836438,5.647249480343415,1.3354351816882069,0.0,0.20921959981056115,0.004091991992812196,0.059257874375645614,0.052901157622432825,0.0,0.0,0.15520316002609544,0.03416996046839712,0.0,1.5566651830282783,5.970907847110153,8.512257661874301,9.702443647192858,10.66785257461666,10.484786245652606,10.878023404917686,10.81655925581778,10.57741156517141,10.437189561372822,9.938095267010418,8.969537461156708,6.206692600855112,2.040161108360049,0.5852618842078964,0.22398963434437438,0.03622030044864759,0.1529368445110476,0.18742701573221654,0.009336546910415508,0.0,0.26515289894494226,0.12545892371778378,0.0,1.3893060470281606,6.0835867907521015,8.961786978206746,9.443748110824,10.199451524075384,10.366555486714653,10.260737508654799,10.487244654988451,10.384196384712332,9.984014072234597,9.540800133428828,8.747642361219771,5.563116017017347,1.3982442934480575,0.0,0.0,0.0,0.0,0.04303183027093647
0.1170700316900712,0.0,0.0,0.0,0.0,2.097068011896454,6.341479672555537,9.18916292815934,10.704130485494495,10.956186226724439,10.777642549809203,10.96457048277285,10.96457048277285,10.96457048277285,10.745150535002216,9.882696903200674,8.932883362247747,5.787356746503119,1.427917752595255,0.0,0.0,0.15114277432534495,0.0,0.002733755012121131,0.05625809503525602,0.14722376447124103,0.19315009710464798,0.23182645246398526,0.1154681659491204,1.521559645159328,6.363739222092435,9.433758517951711,10.451055876451045,10.833382265618143,10.72721741582158,10.96457048277285,10.751385300198399,10.778165381272196,10.798578682205402,10.19186740698723,9.200825991020041,5.799489704141185,1.6104857613120425,0.0869496906839792,0.15600923239818626,0.2773250436067316,0.1693499919850763,0.4191571698851763,0.30345746720574557,0.06734228543552555,0.1360025963122883,0.08012312520251724,0.0,1.5551881648589947,5.502505748217653,6.428365765693588,7.405305763564544,7.433968691444441,7.9593090919198035,8.372401498526685,8.150945122207697,7.8184066661827,8.01209873119881,8.511083197624728,8.648995027393516,6.099240745582603,2.1229218643565924,0.20085687794640314,0.0,0.0,0.0,0.0,0.017669947062194668,0.0,0.010769347828648829,0.0,0.0,1.185324607306144,5.34345616916975,6.772650937613364,7.519416344519935,8.00767753763988,8.535829464307483,9.65011401980988,10.286306454147534,10.31797304878232,10.324260750664132,9.79005378211575,8.965754429865402,5.768992291365513,1.2356187066583555,0.0,0.0,0.0,0.0,0.07922755166799862,0.03838832832329898,0.02420840381520223,0.11735456637532155,0.0,0.2084164899005676,1.3996080627225425,5.923931434805303,8.66771239376864,9.661739177389515,10.641256734373025,10.896037734603816,10.735189942092884,10.716867313472317,10.808932052251308,10.381551968839503,9.982223100495895,8.809360507879838,5.88850633549093,2.1181111613577346,0.31638190181712394,0.06654890911353871,0.10671261786956905,0.03400081246290426,0.0,0.0,0.0,0.0,0.0,0.0,1.4762018917419253,5.7992152176231135,8.78145503208195,9.830941816679065,10.879132632787288,10.794596013536058,10.96457048277285,10.857109010948063,10.671247000629593,10.464239071790397,10.126218074336597,9.10492693699933,6.340016397998487,1.8521245757963605,0.46549702952884375,0.23658405539238325,0.0,0.0,0.0,0.1052211185827593,0.039926290171761365,0.12122033319723716,0.13374712997328506,0.0,1.1997996048211672,5.79001273033512,8.903133598464155,9.465041485000528,10.306385796483754,10.304292510013799,10.064335088837497,10.121833478980077,9.966578676044506,9.737064813341478,9.714564107792274,8.777842920212002,5.851440198922089,1.5957160992521737,0.021327786262050716,0.0,0.01888767463957426,0.14508403586273688,0.254939013786618
0.15526692343473653,0.391716471784582,0.19042293484157652,0.26950260430920353,0.09070131317972438,2.359717665633162,6.836811019951571,9.605338811646032,11.163227416361844,11.445003501615043,11.40742472718642,11.613594702309332,11.613594702309332,11.317279832460846,11.132225463931976,10.157377909477631,9.291258008043414,6.4305529514109425,1.9900047077542222,0.3592070713959293,0.3203900160571576,0.1732508212796864,0.0,0.0,0.015385547831785844,0.0,0.0,0.0,0.0,1.2056713535740826,6.563256481364954,9.40802653721737,10.576463584423784,11.204421677718104,11.23392011921425,11.376315480007598,11.25862283154427,11.282049082473838,11.41074809550723,10.711548365580375,9.831444151124495,6.404075376265976,1.6994112438656561,0.13899679962024808,0.2012809254836023,0.2906661474281798,0.17991051549280304,0.49540789099768295,0.4884244738172097,0.3306111604473306,0.3883269095259096,0.4167249308851078,0.06315176398548612,1.6968133264926089,6.422563992071124,7.0569154679546955,7.9699640159085945,8.437234032049279,8.871983355894265,9.084388194267651,8.979952331205663,8.56423086580734,8.825960830835099,9.048729649733204,9.070819215758068,6.469538325387135,1.8265728269801742,0.0,0.0,0.0,0.0,0.0,0.0,0.0,0.004266393983285241,0.0,0.1855342745783729,1.5879636689595586,5.891983844030217,7.186944243650925,7.576358421054233,8.299410812009722,8.915977664086117,9.697366556159695,10.445508612765622,10.754565945444659,11.008222499781809,10.451144702094519,9.593194430512876,6.311356792013892,1.615417972432095,0.0,0.1067506607426364,0.0,0.0,0.022822999182780045,0.0,0.0,0.21709454907890427,0.0,0.3762380361197304,1.645769580238468,6.137525454225553,9.342260393902395,10.54124944781726,11.420127041014137,11.613594702309332,11.613594702309332,11.313541821852144,11.486799998013815,11.166198442571574,10.715209539304343,9.47964958937683,5.90726053960863,1.623695935369901,0.0,0.01766346294248061,0.0,0.0,0.0,0.0,0.0,0.0,0.0,0.0,1.4060089072831163,6.272209437577989,9.523167647328167,10.626071830770556,11.542247155376216,11.58415994543837,11.613594702309332,11.613594702309332,11.40225796585617,10.938157644266827,10.525343520453049,9.552941594050658,6.490288437610547,2.173167227580578,0.5416257098055486,0.3054175097448309,0.14912810629017842,0.0,0.0,0.027830332630007594,0.0,0.14647812067908053,0.0,0.0,1.3709351191304642,6.433724030410658,9.640787612251883,10.126229897744349,10.985212275588507,11.050232893454302,10.915690123835974,11.172655509786011,10.841084969879793,10.603425716499508,10.384924459713005,9.365445058590769,6.183094572442367,1.7377888450058412,0.23632763036494597,0.16386549433105851,0.18961640713593525,0.250412380789712,0.02234192500496231
0.22622731938163154,0.19591260454769394,0.15185126873540267,0.36889317598673393,0.2377398149754197,2.2146375619583365,6.538060587865251,9.593610744630515,11.242460396281961,11.413775057709488,11.150009876192037,11.500287242413451,11.515110431194147,11.303009179346986,11.034070260873992,10.260724247876613,9.207521482265639,5.937598928046172,1.2432769421865564,0.0,0.0,0.03505426849653623,0.0,0.0,0.08648385115014373,0.0,0.08988364167434734,0.30999698337461185,0.06399241445524663,1.3865198080761922,6.466769677300728,9.93556400872977,10.846066213958139,11.169324565985876,11.154858281319918,11.339227397097995,11.3039309528587,11.515110431194147,11.452826545048248,10.681131213581525,9.763264429216385,6.41693076309406,1.8497913011379763,0.25068792734274453,0.1719947096163391,0.22422020560466036,0.13258766942241101,0.3419394941207903,0.25472248813591586,0.2907648705544347,0.22700107634912642,0.3289419428120912,0.014040895284494488,1.9106336721550765,6.10873101929193,6.947525697037227,7.958346785377322,8.122040857601162,8.603722082619708,8.788782356943052,8.63169444261217,8.325298437297594,8.376782542202383,8.885749086792526,8.885219221452955,6.3058608298799665,1.8284522100241085,0.3344062863692314,0.0,0.0,0.0,0.0,0.0,0.0,0.0,0.0,0.0,1.169224142857226,5.459668628002691,7.03144209066055,7.791025331910442,8.355456148638751,8.736021633474014,9.92789262932514,10.559501723049701,10.506234470279365,10.684104499398906,10.360763784883153,9.514823474948393,6.386574695427598,1.7154802181023934,0.0,0.3103848163194834,0.06597001500734538,0.29529663052330934,0.1418398080371431,0.20794488465569613,0.0,0.21979127005441823,0.0,0.2601655547169852,1.4139444575233486,6.126788994789457,9.168813858314346,10.001976314587475,11.097427604780368,11.21004663912323,11.02528149704861,10.803582269931308,11.037714800968704,10.788835266452027,10.593924438561958,9.26338178070035,6.098362954758839,1.6255335176481587,0.0,0.0,0.0,0.12536797533942798,0.20911666263624165,0.1528690674707744,0.2320122975307906,0.62395182747543,0.6711006198144014,0.3446532308580974,2.0572148784313726,6.711905836737073,9.558809848027451,10.712253252386537,11.515110431194147,11.25278178873851,11.46679453666171,11.31817829057735,10.95849032374603,10.801507421587369,10.003169884309642,9.17627658608267,6.043891150601266,1.6099927456906233,0.005222189262947059,0.14666908104541135,0.0,0.0923884479440074,0.0,0.0,0.0,0.05674983475384871,0.0,0.025213752858039222,1.357043817911885,6.035838158335493,9.383489624266074,9.89044721050269,10.759216343053309,10.935547566355083,10.948226585031092,11.3716768446682,11.412955550953727,10.727753872631164,10.773130112695494,9.645866311506389,6.533667921837727,2.2112226072989696,0.3251509733669404,0.24782898382317986,0.0,0.0,0.0
0.056601724933593105,0.21274078213216555,0.13083226284824537,0.2774560963907841,0.1463829670107937,2.118301302695107,6.332180282323461,9.104663543801404,10.577054359015388,10.748516542752453,10.635281719684237,10.908911301520849,10.908911301520849,10.758832311339962,10.512223996140037,9.79618091225398,8.774227986113612,5.8960050080602455,1.6386242404829467,0.0,0.0,0.0,0.0,0.0,0.0,0.0,0.0,0.0,0.0,1.0765702554699281,5.858431942328816,9.0752696178785,10.275562773776652,10.507279709702004,10.57085774542327,10.792277118971038,10.627810671397413,10.81380986353731,10.805203528017344,10.136341186928522,9.139538839355112,5.917530600186904,1.509734352656008,0.0,0.0,0.24002947279654815,0.01630737944309946,0.3516791161160703,0.380527180852134,0.2719099687342792,0.25664910093150906,0.5153497735050097,0.17792118213806035,1.7336884532694083,5.746475455286004,6.64696240080699,7.515208749439039,7.679173225796178,8.20603038058379,8.432544241801468,8.33011090299267,8.030731888326946,8.277470247883471,8.633555104245795,8.710300781294865,6.28381808654649,2.2984499617868948,0.4900316815512028,0.03471586930028383,0.05490651546755431,0.01605710501493146,0.0037540554642278325,0.0,0.0,0.0,0.0,0.10955790016299874,1.357008959818256,5.422236511190328,6.6672558226548375,6.982088008215659,7.673632685983121,7.965724665126615,9.055985340237891,9.7448563060336,9.908774616644145,10.134811215073091,9.590903944691302,8.935919937339118,5.978981760455934,1.4379973340014893,0.0,0.0,0.0,0.0,0.0,0.21406369898856772,0.07363700734334534,0.1939876137716919,0.045544398721989544,0.49480731671426753,1.4449912820550272,6.159569806917593,8.966460204265474,9.883523903922603,10.786156581327534,10.87237403908976,10.697523549641412,10.636524293511576,10.848353545981679,10.554617806170727,10.162577635873113,8.906462939903262,5.807483814520801,1.6025226266464772,0.0,0.0,0.0,0.0,0.0,0.0,0.0,0.15760553083300555,0.0,0.0,1.3065787336604118,5.73031289242564,8.696083031787495,9.723878850870022,10.760319368557713,10.639383968913268,10.908911301520849,10.706487507142034,10.413784319522508,10.135182491711193,9.535917939610774,8.741608309925178,6.005705875737784,1.9794942322336482,0.38766901372244594,0.245255508460934,0.058225491281223306,0.111148017533358,0.0,0.15781047261123907,0.05609095540360537,0.35076872434212863,0.33136907297389395,0.26867334757331496,1.5270287890851526,6.046637336978478,9.111363429053576,9.652046899835184,10.40394971505443,10.592354077569693,10.362642425623156,10.64429314337502,10.253797249812061,9.895625181526265,9.540123574103305,8.755484692996466,5.7407717098054105,1.8435676442709386,0.24704585350159994,0.19811855403689888,0.08540939464138717,0.03902809952636722,0.0
0.20794505600841973,0.24853672916425362,0.07937981393324904,0.31151419953238463,0.21413032070976518,2.352030542372856,6.81541757932714,9.622268800129032,11.242073189808657,11.584419396099483,11.521917160304312,11.597782562832396,11.597782562832396,11.597782562832396,11.353742837216185,10.422662415049997,9.385656896485049,6.302458208075873,2.0081229035199297,0.4111436421817585,0.33056084685551407,0.21547479882774337,0.0,0.060565998931015,0.1263548688079578,0.0,0.0,0.0,0.0,1.1497101011023199,6.396125497195752,9.365315932173012,10.882340557233649,11.186904761673178,11.378519064978555,11.597782562832396,11.396005035828955,11.551817168100015,11.578035409509111,10.737271634015208,9.734576500554741,6.433702188379225,1.5604224267022453,0.05382371238941267,0.0,0.004919527890628686,0.0,0.16990241934995998,0.06767472958649275,0.0,0.0,0.25999446427420786,0.0,1.81729804392719,6.349253832141771,7.231188963710315,8.06870440644968,8.642543575323124,9.06119829571804,9.139773522548696,8.99731349650319,8.575403530536638,8.771368069642037,9.077704029103886,9.047018034004095,6.720903470112707,2.0564642334890304,0.45652680489402664,0.05207150767794956,0.0,0.0,0.0,0.0,0.0,0.0,0.0,0.09543012228763115,1.4483708461500302,5.931484643617159,7.198899886325405,7.464986659513539,8.29060237889972,8.526039794918685,9.662649329927616,10.52365383388563,10.536387934262589,10.838892810488504,10.28314586652499,9.400040395021687,6.125634568234228,1.658940958041353,0.0,0.0,0.0,0.0,0.0,0.10920276542085813,0.016728369301521263,0.2020932699244117,0.0,0.29863583730360266,1.6259203317870057,6.06092714378467,9.269247130393149,10.319053112379201,11.57997929367718,11.538037849777778,11.597782562832396,11.346656508408618,11.512253042000753,11.224981249532867,10.693301969579135,9.51807467313171,5.851574551804802,1.721575574283957,0.0,0.0,0.0,0.20031512054627618,0.017132661089010407,0.0,0.0,0.21050545544889934,0.0,0.0,1.2785525687456898,6.206317512998186,9.437335043267547,10.479787170424322,11.527781994330594,11.23618830861279,11.420938875821168,11.324722831037109,11.197531144116835,10.639099953274012,10.445430469445283,9.404542712797873,6.362502246110851,2.072876643844048,0.49690275495128367,0.1867282161674618,0.040497745253509396,0.10210520328550499,0.0,0.1427274224518924,0.25377046619455795,0.47078358285222927,0.3185269068378549,0.24943003795379415,1.3721739740420784,6.378627774556286,9.703130095574128,10.057304131920313,10.910561441756151,11.16285576226956,11.066936277339023,11.219854013090984,10.848077870567147,10.429860731494559,10.007097032616354,9.108196465324921,6.081928282129605,1.7245273471849731,0.0,0.08381211783376123,0.0,0.03436328975783718,0.0
0.0,0.06819202703063564,0.0,0.0,0.0,2.0156842217515343,6.577857742164447,9.454511009788284,11.230523200386582,11.589030057324242,11.423265251554662,11.80406001449169,11.80406001449169,11.665047309543308,11.444785555260788,10.74546398370064,9.484295526635028,6.500588123234135,1.5612814294667825,0.0,0.0,0.0,0.0,0.0,0.0,0.0868470581757309,0.0026890925319351367,0.0,0.04918804377749618,1.4705861579611843,6.545911837375596,9.795179380435524,11.290234356594494,11.393506767049669,11.80406001449169,11.80406001449169,11.601095695937259,11.501281365474094,11.550318557987442,11.135683861505004,10.029560514022144,6.661522874243766,1.86980671792583,0.5688981322358662,0.0,0.15526880303289578,0.0,0.3929056943068054,0.39508212120309905,0.14152223148785276,0.16929808053252465,0.2990071255593717,0.017953696992087084,1.6853309906287817,6.388530149226524,7.213383190592245,8.14954489666924,8.522048710547093,9.114060747950306,9.25033302124683,9.05958209243427,8.7222437508007,8.765897173609297,9.214926925735556,9.048093386800593,6.2388498127748155,1.695549036554307,0.0,0.0,0.0029943569178015154,0.0,0.0,0.0,0.0,0.00908957469212082,0.0,0.09922455720715194,1.3452955752639042,5.587847433599462,7.024565690837274,7.742406107457378,8.681904878316084,8.923454052382581,10.051280633540625,10.702331911303862,10.807873356952165,10.793984047262997,10.795430601172166,9.361394730499876,6.29296894054397,1.6027947475315947,0.0,0.0,0.05419913764384232,0.14737796930748634,0.0993874132505193,0.037878684268530825,0.0,0.0,0.0,0.2688724693187258,1.768860332384915,6.631596938459404,9.49342584282146,10.328332293140553,11.231006557650979,11.413202696102836,11.577899472283836,11.314206625462807,11.178094064100806,10.76259889318699,10.389905817148842,9.13918406847008,6.075425103455577,1.5120277111919813,0.0,0.3239183396594927,0.03602972840098204,0.19929540737572585,0.1266325235303951,0.11010497672016029,0.2419824454571547,0.5151780644352709,0.43266569897587226,0.294676324502237,2.068850002951172,6.862154132115897,9.628891817100518,10.787485811900595,11.80406001449169,11.717517956860524,11.801481405504768,11.652374484148378,11.5244747748203,11.052578072984922,10.692100497419059,9.62880738788403,6.242748331846173,1.8952962501721224,0.0,0.3460386404720644,0.043276459549039456,0.08092074280793894,0.0,0.0,0.0,0.0,0.0,0.0,1.5179525314590647,6.364555066050995,9.692139853902496,10.187887105819083,11.021336448576946,11.144482793016719,11.338798041918702,11.581653054533556,11.345498907400676,11.115948532150808,10.589288226193746,9.756812633732718,6.447205640378844,1.8303153037017172,0.1061648366834861,0.049019888921323175,0.0,0.028151581044821013,0.14297520553536022
0.0,0.18684080168554712,0.0,0.0,0.0,1.956873005132335,6.34176077053473,8.87120220632326,10.388399743410071,10.893409886166197,10.694187439536094,11.15100134807317,11.054597578760863,10.86038075464696,10.732380405810423,9.980151009397025,8.880879078430604,6.299533392168661,1.4455940347887746,0.0,0.0,0.0,0.0,0.029156255452919243,0.07036275355955288,0.04505722944518658,0.0,0.0,0.0,1.1938313311324866,5.945819353289932,8.934277703328508,10.44725004297668,10.66866940082038,11.148981815376727,11.152776914838212,10.996043760952848,10.974344088204338,11.152776914838212,10.68499118696118,9.510013370170418,6.503639810727915,1.7864706129475072,0.3600361301453288,0.17838893187799365,0.09596984898064087,0.0,0.14444376479071896,0.18504714105757503,0.0,0.20558618909667242,0.341202662391123,0.0,1.5314024035858012,6.096083753828,6.831453575439826,7.674357197942807,8.130025064883876,8.820221968505559,8.874167688666521,8.753132666885062,8.387537420671404,8.471086777952404,8.65188281681006,8.659857910213358,5.942885114540065,1.434074621617781,0.0,0.0,0.01963838498376739,0.040631233752721874,0.024954220651669422,0.07702524211429336,0.007263865406589085,0.22030271098483073,0.23104842974599143,0.23503655811028365,1.3621436432517442,5.283843391591249,6.776551934272449,7.316040379475477,8.239103761754796,8.470251178018424,9.605303670994726,10.202153359398322,10.274722920251692,10.304172998433982,10.200090617476972,8.867043484615246,5.8497233666104265,1.533977673390284,0.06701925281934833,0.32015983218220345,0.15471854454772033,0.0,0.0,0.0,0.0,0.0,0.0,0.16538808627631588,1.608523723904516,5.999551686355583,8.991826408089445,10.114032466122115,10.74861710301602,10.8269993017554,11.00257899003077,10.758943443011589,10.90922712151154,10.51795495958597,10.346040078340055,9.185340583730623,5.750415272627034,1.5468370711013872,0.0,0.22168656950715437,0.08293775978556849,0.19171473993410745,0.0,0.0,0.12326042150618702,0.40383806928595717,0.26979341464217754,0.14013252282824878,1.5622394978876193,5.997245643260139,9.081037503347932,10.045554486488825,10.982542540062543,10.954114193859988,11.096641484110402,11.060993208804467,10.848245610021035,10.475808681611264,9.86901023536206,9.045886466507087,5.977794179721428,1.644184131031289,0.0,0.0,0.0,0.054246689031376166,0.05657622714286365,0.12153892859327665,0.0,0.24214748778909945,0.07738508355364261,0.0,1.5574489243599983,6.28708248782226,9.267014660650641,9.806393420898136,10.655206071096533,11.022907933213755,10.773056905380967,11.029420560543263,10.672160706192901,10.055479977828714,9.862551453374358,8.979121566452049,5.887658407049923,1.6437287722764955,0.2716694844024611,0.2748183566675898,0.08809376286864468,0.0027253179927068574,0.0
0.0,0.021237401766590874,0.032304335504411565,0.0,0.0,2.242277176339875,7.04688864801581,10.015631547721522,11.673069394884303,12.020879431935747,11.776573135807935,12.097789578329225,12.097789578329225,11.806793785123517,11.597365622776318,10.896964037682936,9.787886398165675,6.613279656551009,1.6370015927544557,0.12851759716021605,0.05510597224888643,0.13910217046850817,0.0,0.013782718049078435,0.13102546127698347,0.0,0.025860454449113602,0.0,0.0,1.2621462919002517,6.51940167195555,9.71720497925461,11.253714800834688,11.543643389053827,11.850875119744376,11.837552363439086,11.822699465930082,11.895047311005982,12.034399044295991,11.552545176593815,10.517265482982175,7.379200416975155,2.058147360578825,0.3721494314541388,0.30991547181154194,0.29678684496062874,0.11205704186908132,0.4810676152445888,0.48972396366477666,0.2699508984534804,0.38244534564338667,0.4016401179670421,0.1625977608609211,1.7778427259767313,6.540677268664123,7.46593029141396,8.244962530399434,8.525020914661722,9.034064713734518,9.249344476396582,9.154995623655022,8.786262600191245,8.87241055947859,9.269395671708402,9.08044847100545,6.235352085260389,1.3958100209100768,0.0,0.0,0.0,0.0,0.0,0.0,0.0,0.0,0.05781641602843352,0.23631255671585893,1.5667169505622152,6.0818079678179275,7.602869997217434,8.175203378500411,9.024060388069893,9.46948290608533,10.397114786436985,11.165823980430766,11.24362755045827,11.317849494020718,11.112707457646598,9.841342551725972,6.618157071773404,1.9923101870054385,0.2441981334602538,0.3311243006067863,0.2337137232888978,0.1903287083743301,0.005985361480410202,0.0,0.09917649060298923,0.12778024324192053,0.0,0.3241823530012749,1.7451453318451935,6.699144950733803,9.582205711707118,10.751569616698713,11.530924180433509,11.489138057618222,11.450474230473096,11.550731649201099,11.594175545167818,11.184324844174261,10.860428851835344,9.50623658052139,6.087798016347265,1.6042928415428241,0.0,0.13291125485196045,0.0,0.1144812827234933,0.08578029635320555,0.05919778849647801,0.19993181814398273,0.44744065312094994,0.4530437497071005,0.43550436194263537,2.0791402921828466,6.915362844265817,10.142594329069487,11.253941942436558,12.097789578329225,12.032004322836267,12.097789578329225,12.055842653681502,11.806806043559174,11.404844006452814,10.654177066492084,9.740444810006029,6.300680173211804,1.8966213790839537,0.1269663191685499,0.3266331387770166,0.05853137126098899,0.05574440239414493,0.0,0.0,0.0,0.0,0.0,0.0,1.4450865887248376,6.494167321614372,9.763771170891491,10.416176653882879,11.358636914872223,11.689620446273961,11.452373566915407,11.896561588351789,11.961697867839401,11.119084728525792,11.082670684865864,9.914125931809904,6.5851977437152645,1.8920444758062556,0.13076213024925895,0.07093904886485287,0.0,0.0,0.0
0.0,0.2191885925607318,0.0,0.0,0.0,1.9569879962918784,6.455090490154435,9.363884371178456,10.798613207803667,11.333265430806897,11.417739084286934,11.678500343983332,11.678500343983332,11.597092979571471,11.446388178311672,10.589451919967845,9.476000568401146,6.550999557212683,1.9318999393387706,0.2890529317881099,0.15977151958458405,0.030560760806806204,0.0,0.0,0.0,0.0,0.0,0.0,0.0,1.3826637877195342,6.7783574086197245,9.684468547743913,11.293547068050682,11.397322680570785,11.678500343983332,11.678500343983332,11.678500343983332,11.601857039136194,11.657715011048992,11.008362694110003,9.67191729730389,6.382991975619698,1.4747010992537561,0.21922792180757675,0.07806820694079511,0.0,0.0,0.0,0.0,0.0,0.0,0.0,0.0,1.5116486643627778,6.0438430023576935,6.966748677564226,8.024797998044383,8.572190112653917,9.097396355485714,9.101673846138143,9.230801856876651,8.789292427888098,9.019847433821845,9.170081676305234,9.027029023905019,6.542365221321271,1.8400292550339914,0.1616599977731042,0.298157652432716,0.3470886954862409,0.2792132675959908,0.34174574769306787,0.3227267504024277,0.17510133345781856,0.15625614185428635,0.11387320087142566,0.2517596260544458,1.49217111589764,5.712911057314826,7.198239232307877,7.5173776239937435,8.350359934683969,8.552658442968564,9.442283918322758,10.29017653817084,10.363956813066238,10.481149615549818,10.152494242220337,9.216013363970085,5.938920924889739,1.460693448517957,0.0,0.0,0.0,0.0,0.0,0.12821534598152512,0.03943733701506838,0.11851627079513549,0.0,0.30673804112712816,1.722481793235943,6.297254217497705,9.672686479919177,10.874401710613183,11.597370024531546,11.678500343983332,11.678500343983332,11.377558515868685,11.568948552873506,11.312358281621266,10.703478196010757,9.626972669320917,6.056859242831211,1.6914301346893414,0.012145732840640645,0.17277562193877657,0.04555949551135698,0.1251614560674971,0.0,0.0,0.0,0.2057211098877942,0.0,0.0,1.2197796236325769,6.116469155283731,9.257045253961634,10.325600704045875,11.223299464442684,11.241234297096847,11.469369684233548,11.472580760617545,11.343619116073654,10.702099932139022,10.412081193254304,9.614081029470148,6.455931370334766,2.2107103649423268,0.30592972504111515,0.02869120764304,0.0,0.10528021724674624,0.09127261001675105,0.15178333189465584,0.2517314777992371,0.40821326250613554,0.30668559488036756,0.12686392519087833,1.7449516709024033,6.863900260739653,9.87503858735434,10.434168915938146,11.240269512386632,11.353841239789018,10.965601013350142,10.955554305036634,10.671118230925304,10.567774892074064,10.004951094751153,9.153326024963556,6.101629847598056,1.5827646438192553,0.0,0.0,0.0,0.24108658643319122,0.16050426608899346
0.07253195823667383,0.29826051911815693,0.1520478833242703,0.23451325420121202,0.13918277788923808,2.278588109147279,6.669135769743153,9.738589703579414,11.013540161655655,11.422702085627138,11.433754068105769,11.736579927196132,11.737766491878272,11.560132301883854,11.196570562377278,10.376633378256827,9.33476102404894,6.104514982525536,1.4966003559059244,0.0,0.0852615768399103,0.19504023596575557,0.0,0.0,0.34510957865259045,0.026165662093055504,0.16747020705753665,0.17904118040484038,0.2084107114374117,1.6213460138079636,7.184095746661462,10.118156773412231,11.326857603277482,11.375904142473654,11.538006648539124,11.702766331882168,11.697789896396285,11.737766491878272,11.673008465024786,10.954895461566634,9.900870614122448,6.777735822425808,1.8234985760226525,0.28264603889551626,0.0,0.04895989496276711,0.0,0.0,0.0,0.012084651435578839,0.0,0.07491232435120686,0.0,1.6215753160335362,5.938677876063095,7.002750743533748,7.852784413206251,8.376698196021978,8.838660149472464,8.757331494967755,8.832991084838397,8.449017074597094,8.898682411978426,9.266917649171729,8.980883499359685,6.788589810915615,2.124205094863387,0.4898583357455386,0.15753329629025772,0.21069599408712633,0.18670043881194748,0.016532847879503695,0.13026393139863637,0.04998948119528688,0.0,0.0,0.12271847143585667,1.4632050491293032,5.91369775107737,7.404665247963792,7.848386567927991,8.369392007946754,8.792635292388416,9.739863021811429,10.539369045311291,10.773409134107675,10.783330521936342,10.506507640169728,9.65908986987607,6.567926559809389,1.7763385767235265,0.0,0.0,0.0,0.0,0.0,0.012882683523262608,0.0,0.0,0.0,0.0520022597508427,1.3788154460367723,6.223875973519505,9.613523967055867,10.56711688838814,11.45622253789758,11.453257525443036,11.704132000667272,11.47533700351122,11.550344542507007,11.178570600029351,10.807311581847719,9.680201066387601,6.146698896151479,1.6917234318919598,0.0,0.0,0.0,0.0,0.0,0.0,0.0,0.3446088217709623,0.18021985243791125,0.0,1.5716031724302477,6.637826133743679,9.667018024933855,10.814968981874852,11.63448569112858,11.590442872808978,11.737766491878272,11.63705611485628,11.321984712351124,10.947387081750172,10.361392038869793,9.470740217221481,6.3722259430538335,1.8612890170291,0.4802770970421056,0.3744091690082351,0.2043307365879848,0.2573043168933199,0.0,0.0,0.0,0.09613731930706673,0.08392841877271506,0.0,1.3464265504012227,6.457278003949077,9.825981311819632,10.356451284279421,11.144246278171778,11.4462339860303,11.398652462426346,11.543763166348466,11.355174941431725,10.794215293943846,10.59481785656304,9.702419070285423,6.265043331436044,1.8784186453766845,0.2093990416344952,0.16355449113457118,0.0,0.0,0.0
0.0,0.16252121657993193,0.008996056434199392,0.0,0.0,2.0939452276335278,6.342407813555827,9.169340598175689,10.720304540555738,11.234468350672898,11.164332145937141,11.358891191134603,11.358891191134603,11.225378375725196,11.021090904337989,10.318885261808006,9.162774638318487,6.31882574016067,1.4960749079344722,0.0,0.0,0.0,0.0,0.20888507777141613,0.002517858233677174,0.07810368524432107,0.17799365166246583,0.004826658384022016,0.3455522350012712,1.543516134439322,6.73746086003533,9.626376224462067,11.128633039796638,11.185331978571794,11.358891191134603,11.358891191134603,11.201461843248842,11.204600613087775,11.001516923575812,10.576999656945183,9.39184593384807,6.252390250683675,1.5058654527896018,0.4132112040638203,0.3486322079154436,0.0034722345137049877,0.0,0.0,0.0,0.0,0.0,0.08937714397483583,0.0,1.5276267891723874,5.992910937514726,6.854928441102,7.810742759770431,8.11059548170456,8.66728705037713,8.832431976581379,8.858571240158083,8.370733557395788,8.5042727774695,8.729517427802868,8.793898092762786,6.145013990680275,1.7623634085414346,0.06628478400917039,0.21073086536274419,0.17860423836693784,0.34623987762513353,0.18862100010568147,0.20314024373286793,0.022373721481861585,0.020050386071598786,0.054578208385234285,0.18905322838059255,1.4771805087568142,5.615100813869131,6.9779741767637935,7.340070816977152,8.024664548415629,8.30393855825864,9.177837483740538,9.983590032907005,10.130141336141737,10.257078036053823,10.276357503252598,9.033246896091127,5.998830321617791,1.4861616490945913,0.0,0.0,0.0,0.0,0.06637563467305349,0.0,0.21961806602943576,0.09092018770274903,0.0,0.4481343346690235,1.9003130538574422,6.223069563579541,9.31657165225561,10.524951324301098,11.084637452722935,11.24663616161883,11.311442686421003,11.082045733364989,10.967804937684937,10.714099444444038,10.222915139741739,8.946864375338311,5.754755083378836,1.4683498411534424,0.004731068421417474,0.2567247862053704,0.0,0.0,0.0,0.0,0.0,0.0,0.0,0.0,1.4678576311290883,6.151304394168961,8.99928575849604,10.114121829420633,10.970530711492433,11.193977813525029,11.358891191134603,11.358891191134603,11.326068839318008,10.84175177846306,10.218938191071784,9.534332272865166,6.29925582165454,2.125419079703208,0.1975315799022265,0.2399637908101972,0.13381450139364262,0.23290858299034095,0.2647092985687147,0.14262997785200543,0.05346460013119988,0.180872881423652,0.2609527696044747,0.010330571018369702,1.7860659955326512,6.436628457351213,9.355752788871014,9.949626187141218,10.709721009468112,10.669198651314542,10.700711602598675,10.966839474831113,10.90106613308977,10.523872795320637,9.900412632175223,8.840991150072279,5.966143378336093,1.395011393828017,0.0,0.0,0.0,0.0,0.0
0.17557750340147643,0.0,0.0,0.0,0.0,1.9768222061100176,6.419753064673909,9.319303901295354,10.898370478837878,11.279651164387568,11.190302267302595,11.518739689839645,11.518739689839645,11.466782789197232,11.147046959751016,10.47644757263133,9.351096916228071,6.069613838759223,1.4942281046180548,0.0,0.0,0.012103914101281364,0.09672824143083152,0.1063334255175538,0.020527038534021085,0.037910206897829084,0.1998166563779676,0.22402300416313237,0.2170670377377734,1.6084560811912925,6.7184839596857735,9.911195545765514,10.895048164732895,11.217380603384534,11.435585030790454,11.518739689839645,11.393464624089368,11.518739689839645,11.349701254451059,10.683489052107326,9.778683341560884,6.399009026986797,1.6386313646485253,0.4019766633096793,0.18369458908400002,0.0,0.0,0.0,0.0,0.0,0.0,0.0,0.0,1.6450590366160482,5.966312458260022,6.830614635367878,7.859706063736248,8.31328673050918,8.840118278492001,8.91008803982016,8.862989311239506,8.548415804536699,8.681015889750926,9.09692993192631,8.953547258776817,6.224415550593167,1.6204442867269602,0.05769482683442107,0.048297265923935566,0.18468267114819684,0.20844907750226357,0.19576011960955672,0.2181161602004815,0.039578315475493384,0.00440364100992776,0.04634852170039165,0.21460353736622154,1.3084404413418693,5.579017072830874,7.0978202778981405,7.624821408766668,8.321650530969377,8.82010749797871,9.659752872761246,10.501054941888752,10.479970365289454,10.56528085535531,10.280580712781845,9.315788660911492,6.170475148101344,1.7891747952967643,0.0,0.11828024373205148,0.08386247020802573,0.0,0.0,0.0,0.0,0.0,0.0,0.2717130414899972,1.5781855360927979,6.000373215182562,9.137414927964434,10.116139552707779,11.026524334222827,11.069977374046,11.11275414203751,11.128232184852704,11.112830351350519,10.608166788038428,10.102337428208408,8.983286741680601,6.033734356880267,1.732447603602188,0.11009269876351346,0.15711122734078042,0.18089986141114162,0.26862426859337885,0.28189061072662597,0.2155465203380912,0.3739746325926942,0.5292968076909921,0.5632650063431706,0.5194491998915179,2.228141983014928,6.903715844233299,9.763743569929469,10.75012276792275,11.518739689839645,11.47085071874301,11.518739689839645,11.25038541505114,11.007793320911787,10.70404222322672,10.139465781622178,9.214046481762242,6.076636767252685,1.535542134399054,0.0,0.0,0.0,0.0,0.0,0.0,0.0,0.0,0.035446663615628,0.0,1.3776870724094203,6.148705374255347,9.28268223682754,10.090290864189805,10.95558513550756,11.2112110818827,11.099689394134286,11.046587980655953,11.075700624795976,10.744913071822605,10.587140569922065,9.721097250311578,6.4521996946155,1.822630855350537,0.0848947073302669,0.006345519529596948,0.0,0.06950568265687447,0.29426151488733593
0.0,0.0,0.0,0.0,0.0,1.8150860265255608,6.323944700171363,9.249477845023417,10.786441009566131,11.163125359133593,11.072992296334512,11.557930701431344,11.557930701431344,11.364978365328,11.13174498581177,10.45099114980521,9.406294976151026,6.4625533474617525,1.329262893443864,0.0,0.0,0.0,0.0,0.04335974437968459,0.0728598985070847,0.0,0.14543204944151766,0.0,0.021417732558060606,1.1701504985719906,6.318988018955791,9.195646702537688,10.682880473025183,11.205677726794951,11.439138445407936,11.557930701431344,11.546162114189423,11.557930701431344,11.557930701431344,11.065063673108657,10.075092153481076,6.796125937408575,1.9386102080666145,0.5476494213130682,0.377380661664564,0.30690948135430113,0.09125957538580602,0.3117759373658495,0.3198377993861929,0.21233023847613391,0.2489018225703523,0.3341300874136328,0.07015172151701292,1.6256684689235514,6.206998024269778,6.935988394262877,7.829970458177743,8.405858969009262,8.900900185784533,8.90337060396925,8.866604360773437,8.393061155674767,8.453246770367924,8.83362916924257,8.638502644686643,5.9582587405422744,1.0578230258859116,0.0,0.0,0.0,0.0,0.0,0.0,0.0,0.09404943083544992,0.22572688365866653,0.30923940569949104,1.5400685821590443,5.810256166211503,7.21269107579737,7.825623459085282,8.44851122809192,8.966079682636366,9.770084376588109,10.633760761093075,10.733813386480486,10.724648865255919,10.527855876230156,9.276046207463967,6.163003775609923,1.717642117273392,0.2329021447299962,0.25643187041388765,0.24872057561433292,0.0,0.0,0.0,0.0,0.0,0.0,0.15753464862341254,1.5147788299111418,6.077300380665758,9.25305946915681,10.335203903297067,11.087225790510319,11.171144917998149,11.381177309331193,11.37813303215376,11.39490445733696,10.90741434310566,10.452227736710277,9.324503191483721,5.982012920527563,1.651596837361424,0.0,0.2692868845040706,0.05191835093776299,0.13008767224188778,0.0,0.0,0.2364232958025196,0.2769907305036749,0.3369456692099263,0.20181035858544144,1.8265554561833452,6.434257896792232,9.622385609959363,10.659611972019322,11.534954296719492,11.512239676422086,11.557930701431344,11.483250497054291,11.180769628667052,10.700765170876117,10.090460276421588,9.234868207978435,5.9738941591480605,1.485633441027624,0.0,0.013404459963983513,0.279899659110908,0.1801475906486645,0.0,0.12939863671814905,0.06549910634334798,0.19673329098454306,0.12476615052700912,0.03711054567444707,1.760602489722786,6.375844149241043,9.448557314237434,10.13845775990336,11.001801402639442,11.41143338748362,11.194891520013545,11.369124892671506,11.08502542361629,10.551534276516525,10.438001820504361,9.406682141521859,6.234972444578429,1.7814827246266198,0.40498074748322027,0.275641442824792,0.0,0.0,0.0
0.0,0.0,0.0,0.0,0.0,1.985406993952239,6.43350381598429,9.446470961958031,10.903807397052201,11.239385398250178,11.256038244046163,11.47809830877708,11.47809830877708,11.47809830877708,11.216885139734162,10.679025791687112,9.435067583554208,6.307149211111245,1.9258787657634606,0.0,0.0,0.04202385334303072,0.0,0.0,0.0,0.0,0.0,0.0,0.0,1.1586432456057327,6.45706039896968,9.575588156343594,10.738302424459043,11.099340308301603,11.314236659613606,11.47809830877708,11.365748897046865,11.47809830877708,11.314199031475125,10.529510041356719,9.60245601551536,6.218892070228803,1.3745534186943233,0.0,0.0,0.2799519392474782,0.10764488957768804,0.2711004114010506,0.2984378953966149,0.32567788830611333,0.25816103528071044,0.18846724478678137,0.0,1.7157712792212065,6.069876432066228,6.95847107963959,7.918392258222618,8.21388739801411,8.725161440001992,8.814812190304195,8.804894097148434,8.406252020003366,8.568962248129305,9.00495948871493,9.035189251023027,6.464871316370476,2.086275889594743,0.3709816325472863,0.03740820628804205,0.017152231056583277,0.037224234622341104,0.08116966720320279,0.02720311305786171,0.0,0.0,0.0,0.0539330950335663,1.2665262828166857,5.586146529520822,7.031624285735542,7.682843532068028,8.113225970244235,8.718199550234933,9.660140635955536,10.67117040466811,10.46414107089064,10.567588349204096,9.966818858503743,9.262185443374749,6.004565614177802,1.5096217597362314,0.0,0.0,0.0,0.0,0.0,0.0,0.0,0.0,0.0,0.3132721903634869,1.636917068071315,6.326526334133294,9.493580707188949,10.397890233688148,11.162140987279324,11.283003252230008,11.433238042079385,11.187248533718126,11.133212474414716,10.744268878926272,10.18441691015872,9.118889966409341,6.144973302551745,2.104775934916186,0.3342753193196698,0.0,0.169822908382036,0.22028854907490408,0.0964206938037579,0.08801473870397454,0.030942366560216653,0.28705341658052785,0.09609893046049243,0.0,1.6307032941120678,6.3228463021898,9.392749610721921,10.51177145272855,11.425089155580228,11.343642023614972,11.47809830877708,11.35137905303475,11.166282819104184,10.77954218008684,10.257485281906096,9.256499489576202,6.2157285700044635,1.7098197049723782,0.04258940854033313,0.0,0.0,0.08198329017936959,0.0,0.0,0.0,0.056874311305750505,0.11548802607205855,0.0,1.2971597779469914,6.242516383863459,9.379312260396176,10.004011194726871,10.75465766588704,10.937114456940119,10.914467790758009,10.912700636545322,10.918753977805043,10.782547642129558,10.201801110137193,9.636848818235462,6.228390096529516,1.8605918930540684,0.037054672823308654,0.0,0.046696861929579614,0.14408962310398538,0.20850737133295058
0.13215139766386844,0.1298735437710927,0.05522059179291724,0.0,0.0005994082796452965,2.062736463678152,6.316216316519489,9.488261458832401,10.76996686419065,11.044823077833938,11.191726312523961,11.456615392271756,11.456615392271756,11.369844103085244,11.05400627985001,10.392067994790436,9.336788474894046,6.289474542712871,1.3374617920561231,0.0,0.0,0.0,0.0,0.02813177192371812,0.09028284989943583,0.0,0.22400480011289076,0.23297827645085523,0.273437044280563,1.59826416594688,6.738752868057313,9.814335465754498,10.980907363563986,11.198554987431809,11.276003769634128,11.456615392271756,11.348398649537152,11.456615392271756,11.372989390747797,10.805539480388095,9.84561625977236,6.5269970248999805,1.736437793351587,0.2943659512510939,0.3007787171778342,0.29279270991076245,0.23616285033373843,0.28929958662009003,0.2586670259074641,0.20882856094121133,0.09947245379823365,0.2089259549170845,0.0,1.6871304925951194,6.023326255312071,6.87773825419169,7.76423068492088,8.29039920686018,8.724964469248176,8.79060715540232,8.800921868850622,8.29986716461991,8.619514705586232,8.986672069356404,8.627211987942356,6.358090433921893,1.8989150161870647,0.5368904804874183,0.11937725158906941,0.0,0.04122936245344912,0.0,0.0,0.0,0.0,0.0,0.0,1.2525805093672302,5.542903709447924,6.984892455110633,7.444657576511053,8.069016980685257,8.619180783383237,9.326779686081615,10.28620851063402,10.485034940720837,10.481761273970015,10.25964633097748,9.154085229132145,6.084500256606521,1.392595232885529,0.0,0.0,0.0,0.0,0.023194170493945326,0.010191989356442393,0.0,0.0,0.0,0.14147068236708807,1.5452268722388738,6.098779698706319,9.23380864294627,10.253146115332703,11.112122400520725,11.301946588476527,11.456615392271756,11.296071879453308,11.238376405156915,10.751040508816065,10.229548263453657,9.076221263495428,5.779507734859928,1.57453110630466,0.0,0.0,0.0,0.0,0.0,0.0,0.0,0.0,0.0,0.0,1.7211197097983062,6.306994191056442,9.442787946886071,10.455374591258607,11.36018903963304,11.456615392271756,11.456615392271756,11.456615392271756,11.411670419763293,10.896468749725994,10.368897617960624,9.4318040232968,6.376098332521375,1.9402911524718143,0.3353661689821666,0.2719199047725213,0.10176626971860649,0.2183799565724705,0.0,0.0,0.0,0.009331875072580978,0.10372317589071345,0.0,1.3891363383278323,6.040076311993527,9.284961563813455,9.887758744098644,10.712911236733122,10.910055764190137,10.981308206781076,11.177909854582916,11.09218744986225,10.582480814523295,10.441265866031506,9.415083329917449,6.258776917532139,1.7063793321422294,0.012774530187762605,0.0,0.0,0.0,0.0
0.1767435604430161,0.22212452697359505,0.10635004474994499,0.05907262039453596,0.0,1.964444504881973,6.1905741769275595,9.02787246152761,10.230060805178296,10.591900917854561,10.836965062759129,11.112296363246081,11.112296363246081,11.004758113900264,10.57659612401597,10.130999902798338,8.96900858313477,6.055215472498763,1.437461215732411,0.0,0.0,0.06787913186738452,0.11624603009500777,0.24797181646195784,0.1018756387278657,0.020814713356244758,0.09069429113140647,0.15730817946089468,0.3486958037297962,1.6534587044198286,6.979670192243077,9.84604208767729,10.849821169064883,11.10716385589094,10.92134708683161,11.112296363246081,10.819358621861676,10.949825912325093,10.509273444302636,9.875052775786102,8.955840512580172,5.953656206750167,1.4056425182117878,0.017221101299478268,0.0,0.0,0.0,0.0,0.0,0.0,0.0,0.0,0.0,1.4163955152157728,5.55654360127603,6.598308138440803,7.489203850550203,7.9397027455893285,8.506152989525827,8.588449290839067,8.729067010418182,8.410771410717661,8.696072982622464,9.020495931083136,8.818666321938906,6.39026573809884,2.281596898014553,0.41163959991364657,0.3207129707585376,0.3311639386808418,0.2945675848588284,0.30867355589164536,0.16013142279568493,0.0,0.0,0.0,0.014168355603279255,1.2298585293303617,5.222797491951896,6.688140595217561,7.228960094913266,7.638403567522603,8.25586493372824,8.796034011147167,9.728388513473075,9.771803206931256,10.039963966106198,9.805885466703293,9.196585509147809,6.14982873171318,1.741571218174976,0.0,0.009241112941327973,0.0,0.17007515903791312,0.2255026286960372,0.3477723713387527,0.13713641630779205,0.12030394563041073,0.0,0.43125762238540283,1.5670439451463,6.185027704274061,9.294900611646248,10.221779512177736,10.878096654803816,11.112296363246081,11.112296363246081,11.112296363246081,10.738959275131624,10.473590960273274,9.958789013993146,8.795696215463709,5.622974102978347,1.5790303931532677,0.0,0.0,0.0,0.0,0.09652553051364342,0.0,0.0,0.0983858698661919,0.016584836635904567,0.0,1.480686313083945,6.133174742174185,9.02903818780778,10.182969437526232,11.025366962313637,11.081687437913374,11.112296363246081,10.94555047872367,10.79737805803567,10.479775270658479,9.86162175447399,9.045025858802541,6.184860793465765,1.9150458602429914,0.26798173988166807,0.17425204820006368,0.0,0.13562840282067468,0.0,0.0,0.0,0.0045544669107813966,0.0,0.0,1.387370586700697,6.195957050495147,9.343850517901812,9.859379718418092,10.601292300199193,10.73114758436552,10.80704431333841,10.906098592273594,10.905246154931218,10.50893233689679,10.289004827252898,9.239876344188723,6.103761348623131,1.8256056769829554,0.0,0.0,0.0,0.08381116592604605,0.07444563571429709
0.09085485297237521,0.2687571091554175,0.34912979164916746,0.2814542393724478,0.10382938910321658,2.316600750716746,6.857099627112699,9.614829632694434,11.153473924730918,11.509363674030025,11.321266857703728,11.509363674030025,11.509363674030025,11.246414767273423,10.904984083063393,10.340170893296065,9.209481881896199,6.252171912930897,1.5719854815761167,0.0,0.0,0.0,0.0,0.0,0.06597801673736753,0.0,0.0,0.0,0.0,0.9706409771360477,6.105642593446775,9.146472408566657,10.813258166946508,11.107963233594866,11.35410348576056,11.453253418691698,11.076165226999574,11.287356621597155,11.30782240367252,10.75089080041221,9.94919920019137,6.94955888955877,1.993375783585358,0.44221971307301994,0.44109491141259954,0.20651800534000125,0.055008327874972715,0.28719829969289146,0.2594641182320484,0.19197140946683527,0.19802098073609822,0.4825481444587465,0.20043475519202134,1.8594990893200385,6.52437442926128,7.178071389362696,8.15637391480643,8.52598115072703,8.949088368101442,9.120005397597271,9.062587604276318,8.503180185392035,8.62928213944666,9.017485776014162,8.753646426287231,5.864912914244861,1.237291430623893,0.0,0.0,0.0,0.0,0.0,0.0,0.0,0.0,0.0,0.2003307601311328,1.6572049213046474,5.819071565549719,7.136150596580829,7.676379877037904,8.131647315097233,8.75215915328286,9.483699900111658,10.358079910386518,10.394453613909464,10.602208090724805,10.43677160736916,9.234147426578925,6.091609541519926,1.7958063485032476,0.15628706178349622,0.30490337841718684,0.20823826501139664,0.0,0.11440871596525698,0.17424268478249869,0.21600884627716962,0.3227887281097385,0.0,0.3733865592094401,1.658102567396077,6.417576153744473,9.252563406192548,10.282348353170418,11.026822475438054,11.09163204303119,11.218730085832284,11.14348216674722,11.25557439326713,10.808834764579265,10.345705634347386,9.224810123598072,5.765580502245842,1.2646866151979435,0.0,0.20172617190361172,0.039668295349869966,0.0,0.0,0.0,0.17708926820240414,0.21416988517263885,0.21959473575145602,0.29831854664900304,1.7986076765998102,6.124262318485811,9.383045543887814,10.30567411732845,11.25866213117888,11.36115362628912,11.491753757968127,11.317747618537481,11.378887024427026,11.036922623244028,10.39195104383569,9.524488087851912,6.436903156674425,2.0608956112440002,0.299038987386216,0.2584039517207888,0.0,0.02870390163899845,0.006556640981733872,0.0,0.0,0.12280813399067607,0.0738297617426837,0.0,1.376814171311824,6.090326013940969,9.267569908485266,9.878772570162907,10.761490364614485,10.843798714401112,10.767208956756752,11.077481683132133,10.988796856142725,10.29322094996298,10.162972056189064,9.237663921699038,5.991462833830784,1.5699399666864569,0.0,0.04882376239865655,0.0,0.07156450878373767,0.1771299358236174
0.0,0.12069551522054899,0.0,0.0,0.0,1.9541061493852547,6.497144889367401,9.528461786916075,11.001515962456129,11.279534787490007,11.392065968360454,11.664658228136389,11.664658228136389,11.630156953595082,11.323694722449423,10.762944547164711,9.601757614726147,6.434885742775085,1.7084887162891857,0.10139831369658549,0.0,0.04339031694785804,0.027583577101859526,0.046833370052020845,0.0,0.0,0.006004354535267084,0.014835993893245338,0.20782743317732535,1.343725237468765,6.6213231965928845,9.809945826715564,11.089449958740348,11.438816471180356,11.584605787747627,11.664658228136389,11.531033317174881,11.664658228136389,11.385428941845102,10.73547034438023,9.703436360348519,6.3001212878728,1.4807500949302086,0.06614465074913915,0.1995923770546634,0.18183360765041148,0.0684684313146131,0.25050138528245586,0.1798081187025957,0.1881469652730363,0.10055545356665523,0.25672961605257977,0.0,1.771859074659016,6.26037282716856,7.103471260140732,7.981540273426039,8.594350016528688,9.050734931372746,9.175545932305434,9.29427264463181,8.649898438217777,8.859361771370946,9.199786444505072,9.010798053091964,6.445658917492809,2.016816524786334,0.41483666650486045,0.19199922693768956,0.0,0.0,0.0,0.0,0.0,0.0,0.0,0.052219088326119566,1.4260801441191977,5.6920786485102015,7.02761823732506,7.534136828153039,8.021384681088076,8.554331791914123,9.320663620168133,10.2836380431568,10.47968479337819,10.571999672133941,10.358977263060797,9.339915585830202,6.110889552726152,1.5788471684287757,0.0,0.0,0.0,0.0,0.09873209200751114,0.11182420214315608,0.09316108486201692,0.1050028862038855,0.0,0.41310714437296275,1.7263026943029844,6.51111907708289,9.613784357305507,10.653413446894907,11.483019512744,11.533050289092023,11.664658228136389,11.552254976543002,11.42152237967157,11.045624447597596,10.381324561013496,9.340123470905425,5.987279974569342,1.6819103660780372,0.06289029767406522,0.08635788934004746,0.0,0.0,0.0,0.0,0.0,0.0,0.0,0.0,1.5679905615738392,6.142526323889788,9.436398595107587,10.504425898401111,11.45961401718431,11.664658228136389,11.664658228136389,11.51164090741517,11.365134074467862,10.929281808592103,10.345345147107885,9.46770859040047,6.29890526447291,1.948681669930742,0.2993296090444093,0.0632399304740765,0.14507651497206903,0.2627938070737548,0.0,0.07404865075859132,0.1070991403784995,0.31800285116303323,0.31468942205121864,0.2530842834699118,1.862761864492424,6.575755344317986,9.678205786787277,10.285806583456548,11.156261023685483,11.225873322637566,11.084548320679042,11.250189619028507,11.215613950831518,11.00066773572779,10.47049752453534,9.45890302358537,6.312098666437641,1.8000469698505792,0.0038544778307980075,0.0,0.0,0.0,0.0
0.006538124541477472,0.0,0.0,0.0,0.0,1.7084264895985504,6.216704478592449,9.416819948529783,10.808455868748956,11.235907980272655,11.22076183428463,11.599217590453586,11.649482547500904,11.503820409643845,11.098250462181332,10.736543442425395,9.568384868537128,6.375295660519421,1.5177989487544632,0.0,0.0,0.14573741117519495,0.10450959207470378,0.18503316447952417,0.12035951863362683,0.01454678029371299,0.0456426892594412,0.44602467985831484,0.3930767031393447,1.7259157644380219,7.136739281914492,10.410464202004972,10.955390080114935,11.296090527891971,11.455291360769179,11.649482547500904,11.565167404465377,11.649482547500904,11.464468760096358,10.499715573520254,9.654038743955404,6.149022113304007,1.2017174978636147,0.0,0.0,0.10620980563555588,0.0,0.0,0.0,0.020679288191798106,0.0,0.0,0.0,1.571328454711272,5.926373142353089,6.875237908606541,7.86404661627599,8.306677508861362,8.719795879421838,8.89644189507093,9.079017078674536,8.581137783859797,8.91692422278169,9.361253527923184,9.307753532405311,6.716196084917948,2.279354362635853,0.7226764521293142,0.37065632074922855,0.24918406327807946,0.15427786239612248,0.230886679786534,0.213103732681954,0.043960854626367056,0.0,0.0,0.08502972963479975,1.2226765927539922,5.6135874867188384,7.201556009991521,7.855355965600425,8.22916018222994,8.954002526986272,9.708869139496798,10.694515022475676,10.61911689254143,10.759840024465657,10.21744023992854,9.614767640547127,6.427203481061338,1.7877408283703011,0.09227085358849708,0.9883870555743122,0.0,0.0,0.0,0.009539010698393592,0.0,0.0,0.0,0.1607430136977921,1.1533076190850007,5.999053534452233,9.327344992041864,10.353536829391015,11.270450469818629,11.148453620897703,11.300179633183472,11.296398130820165,11.30919316277915,10.978290875091831,10.378092986401352,9.317259365558755,6.163132269294593,1.8768901284850306,0.0,0.0,0.0,0.26071379177001847,0.48912024935717124,0.29949265671708836,0.2797427520620761,0.38917125693251164,0.5216808091447226,0.2528726077587396,2.124008113856019,7.1275563276811615,10.032802797415822,11.052160711470876,11.649482547500904,11.649482547500904,11.649482547500904,11.473995424147873,10.969998094569437,10.95985969647788,10.138448780076901,9.124646466537605,6.026712800912004,1.3764699848779796,0.0,0.0,0.1071687647078333,0.16689867427112998,0.0,0.0,0.0,0.0,0.0,0.0,1.3928980122561,6.132821229510277,9.42428157621911,10.145240347211585,11.109094333354255,11.409875836792981,11.399406227422082,11.644503962861737,11.508117129552794,11.107681998464985,10.901374867051416,10.11664369033858,6.553044325039784,2.270458527614279,0.31211535639223353,0.07385419150663824,0.0,0.0,0.10694997518152265
0.1513479220408684,0.39007027189726545,0.36129994883573596,0.27416051496168753,0.09268249888575747,2.2302946290497196,6.589920844773362,9.4410536458397,10.874480985019428,11.202448767109132,11.209823727285894,11.355662617191006,11.355662617191006,11.241348027050268,10.858184461875535,10.410780363905596,9.049550608901212,6.122198379554325,1.7038865409263269,0.16065962571462658,0.017594700745905842,0.0,0.0,0.0,0.0,0.0,0.0,0.0,0.05763458024494143,1.1693339139072878,6.322040442427777,9.47814706934989,10.962235295030185,11.247223763953212,11.29837942797665,11.355662617191006,11.09048758524066,11.165546215365634,10.949578872458117,10.443384916647405,9.532529955300898,6.308678065059054,1.7367853543084477,0.2425306900151301,0.22460225979949647,0.2284558431662247,0.01661682136674146,0.2363343376157919,0.15439349428622054,0.06776520925013906,0.006122216146873033,0.1776753656894975,0.0,1.7098352084422508,6.215054109797483,6.897489714435825,7.837052601712685,8.254832318532065,8.746424584191049,8.950704754065145,9.073773048314367,8.481911511771987,8.741380696228749,8.97895783663658,8.860325618837292,6.164795272337388,1.8429545594907433,0.07068397783399938,0.0,0.0,0.0,0.0,0.0,0.0,0.0,0.0,0.0656153213833579,1.4844945050347471,5.582449573269776,6.987450556217529,7.391000850515248,7.874460083732603,8.47867955189276,9.22971528169952,10.230998111490905,10.325433610186023,10.406124987979041,10.189402957057842,9.155977863236169,5.939531391431726,1.4979683934799317,0.0,0.0,0.0,0.0,0.10757083511264053,0.26205081816814213,0.04269057308610734,0.207100350990699,0.0,0.3720746008409508,1.7093688586293114,6.215082537507415,9.203092054497544,10.240785365910504,11.0901024574561,11.209393250535488,11.35487205611479,11.111436776910164,11.00299589312166,10.561579212343686,9.973645437723638,8.957979540406905,5.694495361417809,1.4457407678944558,0.0,0.266456647873134,0.0550584247901628,0.0,0.0,0.0,0.06287913315078993,0.06479758053983234,0.0,0.0,1.531511568287188,5.941746045405511,9.132751070520886,10.200597383119097,11.100254534153166,11.281894063616777,11.355662617191006,11.180912069434358,11.355662617191006,10.800579091948611,10.566074174764195,9.60111925086553,6.495819710095067,2.3655188151211273,0.43543848567048465,0.12342349256238833,0.0,0.0,0.0,0.0,0.0,0.13331697016597688,0.09034434089538353,0.0,1.5249300458001491,6.339943808033091,9.293481342478945,9.858325724981716,10.691463388474329,10.565001367139363,10.49612711762517,10.616984819002026,10.318028868598857,10.27192250733961,9.942353297590378,9.051422099805098,5.968309032936437,1.6067510866378623,0.0,0.0,0.14450137038310495,0.39413162713502525,0.4608586961833827
0.06832801708038125,0.044595531221902227,0.0,0.0,0.0,1.8477804661388009,6.35279286309769,9.237084376910289,10.61782794742349,11.002077003454623,11.187543114112714,11.569541320964126,11.569541320964126,11.543015228884713,11.177969419516485,10.652038234481347,9.375101290414836,6.38407649454319,1.401218264227306,0.0,0.0,0.0,0.014950687275648043,0.07191295901601173,0.11147530546111782,0.07192886287912673,0.13750870103321652,0.3136413990378043,0.26761008084584814,1.6696534064596324,7.016963701920783,10.240730716405498,11.2164800422008,11.45103797340278,11.524982230707709,11.569541320964126,11.52180318208071,11.569541320964126,11.327933625312298,10.626447237833217,9.67359878532511,6.270166561928576,1.5416491169333282,0.07592215481769228,0.0373927190270102,0.10994215581687211,0.0,0.0,0.0,0.0,0.0,0.0,0.0,1.526308138512862,5.9073129858760165,6.756935453790785,7.673771698620134,8.257025750709325,8.793442969024749,8.943440965142193,9.11518268843054,8.48536488353424,8.872944699840517,9.160025893228026,9.057508815790555,6.571146611081192,2.2403450444841773,0.6125030234535718,0.3797277041172717,0.3562500033178829,0.39674354465331707,0.33206632615582843,0.25368982598037176,0.1894077042665557,0.028823575350979756,0.0,0.19291579908041373,1.461572088651818,5.599517980528975,7.073417674990018,7.434034883429269,7.943662583076232,8.605767385090976,9.371349185516896,10.324048684770464,10.563372430519339,10.590370207904797,10.263062671012156,9.288049146710348,6.0900027733730875,1.3627500518446318,0.0,0.0,0.0,0.0,0.0,0.0,0.0,0.0,0.0,0.24228587257896822,1.5559839712872456,6.348291164738246,9.465785548895548,10.5281229186717,11.417985522059613,11.517452505771008,11.569541320964126,11.43890586874014,11.410120652300197,11.044922441685426,10.259191955189307,9.29703323467402,5.958265342904863,1.7381737999438451,0.03550009466647551,0.0,0.0,0.0,0.0,0.0,0.0,0.0,0.0,0.0,1.6470135461670836,6.3379561535077,9.338086406661532,10.62154074521259,11.569541320964126,11.569541320964126,11.569541320964126,11.429281143862264,11.351234465671869,10.93246273450738,10.455323394711852,9.526397800320703,6.521110040728408,2.0316598108769934,0.2866979706262975,0.0811147014748887,0.09557346804142287,0.08838022402433986,0.0,0.0,0.0,0.06974425824576672,0.14354326888755695,0.0,1.410870659241008,6.170110661183027,9.436343145179785,10.091694710056961,10.92121193660077,10.98464878307499,10.879118850225078,10.994748641250913,11.014886293746702,10.820638837054734,10.569964991229556,9.575367561947681,6.338914695284604,1.8766487791860227,0.012573835538156745,0.0,0.012409560269151838,0.12919177797222392,0.20429055229953977
0.08647847685729568,0.2724776074101864,0.1963331317979515,0.019155444171849643,0.0,2.0624908700789972,6.515610955804552,9.440157796209022,10.854624319200129,11.148577689314777,11.265227541220826,11.579656550889453,11.593406484264806,11.315635441006323,10.939820282907398,10.493074596049478,9.165410660300552,6.2252149611555945,1.376212557492005,0.0,0.0,0.0,0.0,0.0,0.0864093963641749,0.0,0.15406839476139747,0.17510265990979398,0.3564840650583538,1.7004118249379188,6.798326944446189,10.009409736890575,11.304432610577074,11.547041747620286,11.593406484264806,11.593406484264806,11.489729858270351,11.544552690427702,11.29608507840428,10.785048882377465,9.71042020663724,6.344986154355062,1.8016881899222579,0.1642920702048471,0.044685339973684644,0.12168871134502736,0.0,0.0,0.0,0.0,0.0,0.0,0.0,1.5128174511001542,5.902599427178101,6.814404236129321,7.80264079102725,8.379313604887912,8.96003441903568,9.028518733896354,9.158748528042448,8.478567006260011,8.75780508683661,9.067281549892455,8.927785856830385,6.424244175681467,2.330703885346498,0.44752576304844655,0.34598190820218594,0.28469261066643153,0.33256541399353473,0.22289901905257473,0.2090959634474386,0.15911783545752914,0.0,0.0,0.23396947579541327,1.62194398598234,5.690014110632377,7.067523800684801,7.474695413039099,8.01865668070806,8.622557790115462,9.328015473472108,10.253711875078103,10.399792997081128,10.4664025723073,10.249878782283195,9.108514074496632,5.99457845179664,1.2459229036625945,0.0,0.0,0.0,0.0,0.0,0.14185874691693537,0.015924921580143248,0.2299847902960013,0.0,0.4200452016934429,1.6523051974221592,6.578312116960416,9.65086457250543,10.75994271193856,11.429085866260051,11.593406484264806,11.593406484264806,11.56788155517551,11.444364337811415,11.126649523881062,10.453960050427884,9.372240118466037,6.054507928221951,1.6893314779588036,0.15338465119975841,0.35709544577771474,0.07600534287788753,0.0,0.0,0.0,0.0,0.0,0.0,0.0,1.0652596419586189,5.716427001546344,9.032545312536326,10.32341169565831,11.280867416689937,11.583423996701214,11.593406484264806,11.429794853678038,11.459691180824045,11.113766821704125,10.681791706054275,9.696697223076022,6.660323856474618,2.1879375904819582,0.3474366583053643,0.25627599675272006,0.0,0.037261314011832324,0.0,0.17306056365707134,0.09545973995588412,0.18932777810887996,0.11225973150249607,0.018183458527629745,1.6105682275790631,6.476372026425417,9.69310667860832,10.226692958856558,10.975751986377675,11.026644291796712,10.941500154655085,11.035014627658388,10.821433895541894,10.513541943352955,10.184508207486314,9.193880029339207,5.9862426669787245,1.6005014354686933,0.0,0.0,0.22094096821380207,0.30182893502965996,0.37123092561264176
0.0,0.06548482591601926,0.043497176078005434,0.0,0.0,2.0411151405505974,6.60959157744041,9.261823287430527,10.740261671291568,11.017623783821378,11.216808803413963,11.490695739240982,11.490695739240982,11.406388801705807,10.981722756543698,10.4403198138785,9.27678969683325,6.257286464285273,1.5639379014974635,0.0,0.008748876350451854,0.0,0.0,0.0,0.0,0.0,0.0,0.019904508619879458,0.038052743991945304,1.3506484176894777,6.439428461199049,9.708034880230876,10.903249102409722,11.21537599504537,11.180672855834931,11.391075833491179,11.231132777706867,11.479007255675777,11.220953126281247,10.511356836432084,9.453297031008777,6.246304796320636,1.6238376128255292,0.062212721718622986,0.0,0.1876792755985295,0.04962950343424031,0.09269099823907595,0.00601003010751744,0.18326555205403147,0.2693212075467155,0.2759576846568075,0.0,1.6805076836841395,6.064549767250195,6.90147149063421,7.780766535312733,8.211524755636713,8.792353214998702,8.866752405946848,9.182958556060191,8.596396123628478,9.037146333096533,9.127091357864144,9.17720540582301,6.4825558561139305,1.9989844446693656,0.39253452986274784,0.09821049095713678,0.1872672661414398,0.2475743852625289,0.20130411799970108,0.0259086528780099,0.13762571276827265,0.0,0.0,0.035765695547956715,1.3528675755361734,5.493880754798112,7.049160336413329,7.531820190662728,8.071356783995032,8.598663823680301,9.345915166730645,10.284638198662726,10.401894934383677,10.511973245386066,10.108413042808357,9.368318207713761,6.3310692462794345,1.585062407575191,0.0,0.1882923884768564,0.0,0.0,0.0,0.05090369351262592,0.0,0.0,0.0,0.19139769840416954,1.5614352811442902,6.353914731911742,9.6441064227144,10.57651742695769,11.349260704749446,11.454987853435549,11.490695739240982,11.291744270152073,11.158350632914672,10.843523869060576,10.290761194272298,9.255166755626343,5.9475019256747625,1.5124230641906693,0.0,0.0,0.0,0.0,0.0,0.0,0.022917078963942215,0.11804612443764405,0.09528160668981278,0.0,1.4592934066491474,6.224322283223906,9.267495619604853,10.548553692310804,11.358961611887471,11.490695739240982,11.490695739240982,11.334285391661833,11.169471335343374,10.96046692111383,10.306481677295393,9.2150782568546,6.23981674963054,2.016592851338745,0.30305908886077565,0.0,0.013022730710426186,0.049166212176673336,0.0,0.0,0.0,0.06954514166023336,0.06625214804828543,0.0,1.4383940610643335,6.345475408432868,9.594758091656148,10.05346634865026,10.857423206074069,11.018983308014331,11.030735487171448,11.023210503640984,10.937219399863759,10.731684683146305,10.415938785051935,9.539390869611667,6.3295268540968,1.9277488014528323,0.11106888875267804,0.0,0.18370998719047138,0.25872269767562794,0.18462218683001239
0.0,0.07477360198380373,0.018039166938260253,0.0,0.0,1.8209412945661239,6.294337183256803,9.189704296909394,10.668552586133346,11.005285424179702,11.148920689052604,11.555243754326971,11.555243754326971,11.481070609889018,11.000622612410647,10.550918867775275,9.255392088172345,6.321005436092527,1.7071077333625235,0.01629952317881733,0.0,0.0,0.0,0.0,0.0,0.0,0.0,0.0,0.0,1.2009466018402652,6.492721572255853,9.619851781962701,10.900851526730635,11.16253238018877,11.553928937832566,11.555243754326971,11.555243754326971,11.555243754326971,11.502172415942244,10.859185825405813,10.006902351089105,6.651361173079844,1.6194837200259329,0.03980018919746166,0.0,0.0,0.0,0.0,0.0,0.0,0.0,0.0166917426159827,0.0,1.4294154248234157,5.820465334489058,6.714579120472213,7.611091809467426,8.197465528662482,8.804089763608468,8.896783982090984,9.047220615681672,8.538295717848294,8.97412260406078,9.205602625427137,9.080810767820056,6.220022157101801,2.019936429257376,0.0,0.0,0.4616209909814226,0.34325309069824894,0.4821738232671926,0.3406358981876615,0.44848982945915833,0.25603515781608394,0.12600885061787184,0.34629106408995275,1.5864338892808763,5.5178912085685825,7.0601527047323955,7.60750344176923,8.026224627376653,8.864054073955487,9.609388349703396,10.436641409646246,10.403368769505725,10.624945998018983,10.298670393516138,9.330311144744106,6.2312156603323325,1.7732358056333568,0.06690228756876858,0.0,0.0,0.0,0.0,0.09239220327413492,0.010181842680397762,0.1954712508559634,0.0,0.26001238731372306,1.4236235858472068,6.700397147483051,9.59069233412422,10.403620161868458,11.025018691534978,11.27348870414492,11.555243754326971,11.300328454784262,11.224304649308872,10.944338273006325,10.426038161908489,9.450892696835052,6.2681496752681705,2.1436452334661054,0.43779635596929684,0.23340665971890232,0.24037098148277417,0.10258909075432297,0.0,0.0,0.2089301264291677,0.30262397392664747,0.09567336864413709,0.0,1.436306502733659,6.27285656679398,9.29047130959355,10.527565550396638,11.424729104550158,11.418624058239832,11.555243754326971,11.331143648485789,11.100797992109628,10.750281965123486,10.23724387498807,9.172158487483,6.297215453623552,1.652752916435457,0.0,0.0,0.0,0.0,0.0,0.0,0.0,0.18235042052668815,0.0,0.0,1.4222598683726528,6.646975237282895,9.77224238852072,10.273631714187887,11.069892572655998,11.277039190802157,11.150015106763243,11.144626356500156,10.896599896442543,10.806399627947584,10.293814732811287,9.719711715902418,6.109353040310745,1.9258872748143478,0.1346428007853671,0.0,0.20533220237745764,0.3315831257610541,0.324414095712768
0.0,0.24225108452554667,0.19022277513421207,0.150782309506909,0.03413304789298308,2.1204398479519657,6.600025059984604,9.61446267406979,11.225314686301783,11.566809122405035,11.584678657396891,11.764747022639948,11.764747022639948,11.647779159937494,11.15112768106443,10.696729732013965,9.267042814324064,6.3980999456868375,1.7588370133853175,0.0,0.033547167247623584,0.0,0.0,0.0,0.0,0.0,0.0,0.0,0.08009233415541848,1.3710772902217625,6.542803699671044,9.700315400930362,11.229450561880874,11.358908796881524,11.509455930180849,11.764747022639948,11.476592619056046,11.594987492067663,11.4336077026229,10.962943939748667,9.984368289379965,6.8648213734465156,1.9999300545018028,0.45188012610049033,0.16115666568911216,0.19864973995977392,0.0,0.07701488299175502,0.07655853333437876,0.05536361728577099,0.0,0.15242827999741776,0.0,1.7319603085317241,6.364293475414208,7.188585820037775,8.133089232611896,8.607697434301386,9.082052490673133,9.126016329166028,9.231613689577033,8.570137961977334,8.856939686010191,8.99172098501913,8.872847169481144,6.131671160480586,1.5410610402271463,0.0,0.00014912170076568582,0.014495177153149004,0.0,0.0,0.0,0.06753676904902516,0.0,0.0,0.15193680292103676,1.574221499076032,5.811916718043112,7.295796718886809,7.77342373108291,8.211755016642678,8.82788196945435,9.614047543798034,10.547273016911571,10.85619234888612,10.848196182519832,10.67273351934586,9.58413151735599,6.36816779087275,1.8012646244409638,0.06629107144406907,0.0,0.0,0.03954164048291442,0.0732360886931899,0.10447510182741897,0.0,0.24284689200859122,0.0,0.31497520697406517,1.622112070236613,6.616554537629624,9.703822971233281,10.670946074983178,11.515602943630544,11.53190171543197,11.764747022639948,11.413329430327861,11.356372435069119,11.09515171156614,10.577620301997415,9.323672333506945,5.96572213311223,1.4083542530724462,0.0,0.011672668218244982,0.0,0.0,0.0,0.0,0.0,0.0501465052867714,0.06788666268548742,0.02153391865123014,1.5118835880397115,6.091775879144334,9.52962533341446,10.490577581773378,11.275086141197871,11.574974286061009,11.732106703789501,11.632779072702444,11.4993728927187,10.992219739943897,10.587828860268084,9.972466252044613,6.423936896468729,2.075165053305271,0.22713649899710847,0.13908847280035547,0.18841004253601382,0.08542532500139072,0.0,0.14501021496660277,0.18298332744108128,0.25899623531956517,0.23730524034929187,0.058521272038678004,1.7429700261528691,6.592880892402412,9.82504662045481,10.245517487059095,11.106572001440854,11.309471830396971,11.53982355104014,11.764747022639948,11.549283893094652,10.616547179777422,10.551508467657198,9.228690246835557,6.181894911027489,1.8591526825684992,0.04537840190624189,0.10883429838410016,0.14219892576877324,0.0,0.0
0.0,0.14534672929839776,0.1108802323322332,0.08460938705678549,0.0,2.0691948542221517,6.689734415658745,9.593756217834686,11.130132964160584,11.712947469346739,11.524496048744249,11.750743093456974,11.750743093456974,11.742544924707826,11.165559839299473,10.748444997889893,9.52142602674331,6.416950068565122,1.759429622001416,0.1308033845550744,0.017857172549622297,0.02771375449324691,0.0,0.0,0.0,0.03106170485689292,0.0,0.0,0.0,1.3452985673190863,6.719072023039829,9.696089395231683,11.175604959863358,11.247610866278881,11.516261459253968,11.558561348483876,11.352609761767228,11.601694011967757,11.436254196171186,10.828517398067392,9.859759303088989,6.667954112062652,2.0130902784050138,0.21073375697463764,0.2786260238516131,0.34684382298992483,0.17387649224771515,0.21055887613230076,0.2200427802157915,0.12981899583366008,0.06968837411139421,0.20019457067181906,0.03491956748385833,1.9033097598452926,6.388630140739145,7.135436737261854,8.086094424296281,8.490079588527601,8.948908785713497,9.056275029375456,9.166938050508772,8.56515324198467,8.878858392937241,9.078126073257211,8.978742275493078,6.325934636475045,1.4964681939308275,0.0,0.0,0.0,0.0,0.0,0.0,0.0,0.0,0.0,0.13947793397174002,1.6162146879823582,5.96470462073779,7.415680332298956,7.924935446380513,8.319415497575122,8.875404025720599,9.606783636778228,10.473232367921147,10.706872122684898,10.751832126815213,10.438541611992456,9.562291499091693,6.384462067076079,1.6570178248314948,0.0,0.0,0.08526570457096737,0.15822577311926145,0.18851147980541452,0.07114093570109209,0.0,0.19321360760527856,0.0,0.28604613700834725,1.7033809029939955,6.637097339537023,9.705464934477826,10.81001916356643,11.634373222347746,11.686604067126066,11.750743093456974,11.506046141765175,11.427284187869574,11.178037445131688,10.539942558496234,9.398749063828351,5.904843630692214,1.4807114956986698,0.0,0.0,0.0,0.003581861698070802,0.0,0.0,0.0,0.020325181173034387,0.04108340583363259,0.0,1.4532704809020887,6.121166023446336,9.480412069834927,10.66277641075761,11.462052688072607,11.470559732722514,11.670524309916075,11.64136320304971,11.541952089729728,11.044883915950194,10.566442850063323,9.680209251699052,6.340188453836338,1.9609289482143346,0.41306172071071406,0.21633668526852118,0.0496795324645544,0.09907433090182967,0.0,0.0,0.0031867491866984497,0.15371960379016614,0.0547739274053898,0.009332552265623458,1.7423171266606583,6.58122582144319,9.799964150536997,10.20193987041622,11.075450022945631,11.227069568280161,11.350063811882295,11.694261527949172,11.468310051558714,10.796004882617972,10.582781054455582,9.501143876325724,6.349419010516819,2.0688749470392236,0.03688317948503599,0.11599334105532116,0.0,0.0,0.0
0.0,0.0,0.0,0.0,0.0,1.7443784666144895,6.105913860806035,9.379112358773126,10.814525485251808,11.340323192663554,11.441666257520083,11.441666257520083,11.441666257520083,11.441666257520083,11.333225863718036,10.887784077800719,9.681088804219431,6.6923692818461245,2.1614230940205252,0.42904600640095947,0.14410948854255828,0.25933919236281067,0.0,0.0,0.0,0.0,0.0,0.1612925033149892,0.07535641605337907,1.3887129134298715,6.593347664835329,9.740544875337733,10.896396076448168,10.990306279944344,11.34017520377327,11.441666257520083,11.275903696920913,11.326605236313107,11.164772224035652,10.502742218412543,9.36908935084459,5.975850721587767,1.1050492406855494,0.0,0.0,0.16096087095299363,0.02670847825503558,0.1371840602867037,0.15227756314268617,0.0,0.0,0.03562702531807148,0.0,1.826206434282542,6.161793647405235,6.924321067083255,7.862940262716342,8.331602664879066,8.774836893018287,8.966490689652492,8.923290891242397,8.357569600300375,8.628812094919473,8.978529619975854,8.996332615279279,6.691023742304517,2.208636664844269,0.4625784049791856,0.24476646377568778,0.09593865720832344,0.12478572837265343,0.23663521590401745,0.14993561337983727,0.010582441737571037,0.0,0.0,0.15974443807862937,1.5522208598756932,5.662116320116703,6.885220629131651,7.319747381920015,7.800351873749787,8.478934129861672,9.46150943579114,10.404214352353659,10.518529973297595,10.568859835522948,10.100407482107721,9.308700335938696,5.824222122975325,1.288414125016873,0.0,0.0,0.0,0.0,0.0,0.17704347409511298,0.0,0.0,0.0,0.37142709459976203,1.72135357761107,6.510549585663,9.450323658010378,10.410053434743542,11.441666257520083,11.441666257520083,11.441666257520083,11.357691768966472,11.146025373321388,10.919466657873933,9.90232946728703,9.032969072306491,5.692303666816894,1.7199011382604679,0.16214791490459,0.04911494248624329,0.0,0.04187354601504612,0.0,0.0,0.0,0.0,0.0,0.0,1.2727364240819097,5.936785064435262,9.12769355568745,10.360382361771709,11.189602304709945,11.130007792371702,11.299234793351694,11.142625720703592,11.073013656248433,10.742915911766053,10.409535132639325,9.679670975173815,6.2601885280557985,2.065385976461812,0.570515159170753,0.19206430383533135,0.23589853215251688,0.3480927374690668,0.044857256931855084,0.11616835916063747,0.2308322356426094,0.5172759001501953,0.6619260042140402,0.44289076774812064,1.8440561449729929,6.458758929875497,9.643633975448719,9.985617887529008,10.848410849267948,10.869140205530844,10.970638079042185,11.011041773995316,10.8883405705863,10.467402198622327,9.971431413355406,9.015175624673406,6.076646159352603,1.8238067296388367,0.0,0.15547922947149492,0.0,0.0,0.0
0.1285435759413819,0.0,0.0,0.0,0.0,1.9714619127731219,6.4360426554200165,9.637906762519341,11.342706354458041,11.740365319355154,11.966577201692296,12.072647032538145,12.072647032538145,12.072647032538145,11.72354500039487,11.08150748909767,9.796432242188626,6.767835050233253,1.9360320246666824,0.07905244087352357,0.0,0.06585948666078567,0.18481674007002202,0.12386323224245317,0.2003264683489647,0.05600734462271829,0.09549178410676856,0.13540484939255945,0.0,1.4278421565218264,6.715696019178481,10.104125707291491,11.675079455042441,11.828295110814059,12.031233428396872,12.072647032538145,11.922006054894437,11.990514944174983,11.898985784355038,11.227857576390141,10.182084917380825,6.833182079342186,1.472423107676728,0.0557585028451588,0.06597918526750438,0.09358020432845865,0.08174465885063864,0.21853617263983702,0.09899445812084566,0.11892311805605224,0.0,0.1159294385869832,0.08337611735449901,1.9233860231519004,6.63883849500693,7.400959051756719,8.388808648746439,8.978021363685373,9.456535871669262,9.560096506698446,9.521581394312125,8.862363051549867,9.239493671664137,9.734000255308917,9.402976378170528,6.819521461796003,2.0179982484942136,0.49750775130397423,0.05198663626654486,0.0,0.0,0.0,0.0,0.0,0.0,0.0,0.0,1.2973111744444688,5.520786676719532,7.208043845309642,7.7043105359138595,8.357498749354741,9.063032514985865,9.959691877085277,11.022745389991114,11.088105371645128,11.168379489374901,10.817454026718456,9.741402634823118,6.2847871514707645,1.5658096084924542,0.0,0.4106995692957394,0.06666733419908541,0.0,0.20844357649663284,0.28768601051841236,0.018070824224162806,0.10217280130555889,0.0,0.1659958150710488,1.4770875530260512,6.6793195159023195,9.594805729588256,10.546034164116936,11.607957927257313,11.775459520668226,11.841313138207022,11.668785957304403,11.712249661497776,11.368147311756044,10.594456534319093,9.520312044894117,5.922479999616681,1.433898370829826,0.0,0.0,0.0,0.11341318183428553,0.2776071089931852,0.19046456692797115,0.1867594194487625,0.36287085740982744,0.44132986483768,0.4294770268126936,2.0682195832910537,6.758987022770765,10.062452332662746,11.100320341243025,11.960498140533945,12.056919044879752,12.072647032538145,11.860826866958464,11.847737600567553,11.403090400043162,11.000100743259084,10.024776976949223,6.7072948545213125,2.164450696872122,0.4997750313567678,0.3217122115257356,0.11724511134330445,0.0,0.0,0.0,0.0,0.0,0.0,0.0,1.4017524026427504,6.5283122690671345,9.7232194202859,10.171663875276748,11.123820575536284,11.239392537371247,11.538601365859751,11.567869080643565,11.56326948796788,11.011065792256595,10.828206078307957,9.606413368738986,6.465836387451315,1.7946733445386183,0.0,0.0,0.05202200840788781,0.23679955353680318,0.45321760277580325
0.25208364979401837,0.5597993687078856,0.6415522702571611,0.3813266918149911,0.1301416948187981,2.2263560963422693,6.915619960591191,9.747648475801595,11.274098837447392,11.566143208680497,11.52991319932779,11.782739167106156,11.781690383080823,11.593453573161042,11.025453063799844,10.496154392627176,9.04523711495505,6.057473421774083,1.174744925673138,0.0,0.0,0.0,0.0,0.0,0.008984437881188006,0.10689241117141712,0.13383302858706253,0.020118540594149473,0.1048340213231916,1.5088065626823162,6.56079440993123,9.915833161296742,11.635740061227201,11.7270518660596,11.93736508164694,11.93736508164694,11.80611837029772,11.735914589139341,11.59652806147411,11.15351998152002,10.153827444537761,6.750790814759184,2.0966332881044845,0.3473799578607179,0.06689017684699959,0.27120007778560473,0.08036125266491546,0.11063633089244428,0.14325265135935897,0.08211853512527108,0.014735562307413323,0.16834246558850927,0.03792603418098569,1.6580197484057944,6.221344146926224,7.000217128485286,8.134212365547295,8.705345708058791,9.17280667851396,9.297475365226683,9.3543103519129,8.796738626445388,9.115977384006984,9.346007596966087,9.243495006430312,6.347110712710242,1.8788455296500384,0.07570433852258224,0.07844843585378816,0.06815130584014731,0.249149598215687,0.0,0.06417736426654931,0.21021667089097795,0.007192357528200846,0.0,0.15656576920331028,1.7090478228622004,5.823350176178804,7.392115131025764,7.81810288352397,8.468376017081326,8.957295080233894,9.739673021161197,10.694554588583486,10.756423596286817,10.853192066445045,10.790598728933174,9.441692418501127,6.462755872279638,1.7869646847740444,0.22422621352413868,0.0,0.0,0.0,0.0,0.0,0.0,0.19061451768243556,0.0,0.2529553314456699,1.449468262293843,6.468394687341211,9.739722827729564,10.736073343974384,11.580214275766636,11.72172683237874,11.93736508164694,11.756720927313536,11.737407363145547,11.34515573396966,10.785831528818028,9.621344710601619,6.040250310432705,1.4228933451594188,0.0,0.16462954156226065,0.0,0.0,0.0,0.0,0.16264764037259902,0.24771316788994688,0.1927313635432671,0.05205871466040425,1.7648635537029032,6.077551872527712,9.646756733304969,10.806951648372937,11.722413451499802,11.92801567724201,11.93736508164694,11.713570651047409,11.430716303200459,11.150548663955714,10.647520823029529,9.450741560451043,6.390465195906674,1.8987400518619113,0.0,0.11877630285398143,0.032240569931719455,0.07173588901254974,0.0,0.26109054510112195,0.15778138299759742,0.30451119988124187,0.16919953879577806,0.1141262371147987,1.9610041323807548,6.782334026028537,10.05680780697048,10.46687595717372,11.421430935812001,11.512699337777681,11.727291649110168,11.787465098921798,11.437549052858033,10.83213740695142,10.566492651520146,9.519612660144396,6.197826196865638,1.8552067986611611,0.08217432292885737,0.15730728672495212,0.21707681416115454,0.0,0.0027510569097322396
0.2139186353568818,0.2900370893416782,0.17059116572047273,0.0558836012649738,0.0,1.9860789249847268,6.276157400666288,9.316001655093496,10.79397803494065,11.237789656165065,11.237789656165065,11.237789656165065,11.237789656165065,11.237789656165065,10.679054912600952,10.229043396169997,9.140715961845451,6.202747988916006,1.9029950710950936,0.5290114924488477,0.22178528407334328,0.23118694020114974,0.2831946022253461,0.15228766810449126,0.073119168438734,0.10156671793693228,0.19314938830965359,0.29648720584824845,0.4251296309242129,1.6943923091809698,6.7535620582345155,9.67950400279985,10.929497589616764,11.060120727486504,11.198696021351493,11.237789656165065,11.237789656165065,11.08323636961892,10.864787188135207,10.228263720497957,9.397057113060571,6.1302850391284345,1.3537251146141902,0.0,0.0,0.0,0.0,0.0,0.0,0.0,0.0,0.0,0.0,1.711030413867964,5.761173581389716,6.8345545527023015,7.712441226793066,8.198135631884643,8.617495981002373,8.756892479655955,8.762715933515683,8.181592977183273,8.459406691129162,8.638856013223775,8.685647940562061,6.127525362351108,1.8254334175140718,0.09791868646884551,0.14023691903138608,0.15314805762402442,0.1348267677958105,0.1263441945558899,0.3156715644938376,0.24462749130176864,0.20005381325656904,0.08626964368392057,0.3547738232973388,1.7741695746212645,5.763457682800077,7.065842929445191,7.410417377546277,7.925462820673216,8.424142442756361,9.17684495359678,10.124134819339478,10.171548343777122,10.220736903035135,10.019045389904619,8.910558918616374,5.570159739984289,1.5919604082932088,0.0,0.0,0.0,0.0,0.0,0.0,0.0,0.0,0.08238644103414941,0.3478279738939433,1.4226269426574274,5.955249860228624,9.081653520214969,10.145666996447234,11.006250095249483,11.230004956284944,11.237789656165065,11.094052025182876,10.730914061983043,10.616545554296652,9.92523245526255,8.959752166645611,5.860362527151888,1.8541774271320917,0.5331454815630391,0.43026718453637275,0.08856247374428218,0.0677952571024499,0.0,0.0,0.0,0.0,0.0,0.0,1.3831555268481242,5.917302964891455,9.004750304078634,10.10325036248504,10.99507608359915,11.023920734342362,11.237789656165065,11.00532640731843,10.856702406896776,10.812373424099809,10.322347264222072,9.627674995518483,6.4485059136549685,2.345769636598514,0.3987295045496546,0.2451970514133514,0.0,0.0,0.14703616060598607,0.012448813190781371,0.004893193276157756,0.21452126805120256,0.08989278698689629,0.01781067426915661,1.540343232997479,6.424434432017395,9.372186530841601,9.735444392619868,10.574888501272683,10.62640470053099,10.840779339821383,10.967187942185554,10.719794975938472,10.13822792598874,9.794767395965492,8.754197106026837,5.533384367628564,1.129562916578676,0.0,0.0,0.0,0.0,0.13230693003937705
0.15636060121403444,0.3078595720556809,0.2718613554405369,0.28801546431585834,0.13958622713736868,2.2732344155471504,7.056183519895403,9.660220729999665,11.150624808132607,11.489109774726332,11.570993626284244,11.753991893247955,11.753991893247955,11.753991893247955,11.154085034546855,10.545021431720583,9.582241981100797,6.561284969778963,1.8702145449056644,0.2598058660120431,0.18549603252178357,0.0,0.0,0.0,0.0,0.0,0.0,0.0,0.0,1.236519072690112,6.335631127753191,9.562858688085406,10.841644594567766,11.037926796141836,11.351202342394622,11.38686460300699,11.266972206515728,11.580613462059512,11.41361672805823,10.777037354343193,9.826934424626305,6.936705173578433,1.922079583679387,0.16522239589186977,0.07456791425667958,0.22091118101924012,0.058277649605453286,0.21178318308055466,0.09841133245482606,0.2735138999205296,0.2680084250300824,0.30721623108848933,0.18677656237817516,1.8497794873824,6.530243817372381,7.255886014110566,8.201275357410152,8.806865422564456,9.223862989550804,9.294477109968891,9.462917765136353,8.971710636962953,9.384471721032323,9.438677264238805,9.335334264053957,6.570370954060475,1.761046117987779,0.10193261988515404,0.0,0.0,0.0,0.0,0.0,0.0,0.0,0.0,0.0,1.2563921674450975,5.422576931228909,7.1214339040455235,7.585674525859168,8.21112148456663,8.766223350380418,9.608660624116569,10.577443451967312,10.732625393854828,10.89939163291983,10.48802682972586,9.668928394324972,6.586513306117713,1.7206087939652235,0.13875904631645897,0.47542987238871304,0.16014739131270112,0.20945887984962308,0.2714016572854196,0.22976073722164034,0.09729664598201371,0.058402420753046434,0.0,0.0818290520874044,1.6737650768694765,6.5684022891031875,9.769940523224092,10.5767659790087,11.349001781316032,11.450225489153622,11.65498065656165,11.418941231145553,11.306540270379653,11.06404138200762,10.565518666829242,9.393900995644465,6.034679704370024,1.4536490683507775,0.0,0.0,0.025788197329494396,0.0,0.12228380334868338,0.0021844255573094163,0.15284246645000818,0.4249118540794256,0.2944705047815661,0.0,1.564167186742048,6.285591307620027,9.662522876992421,10.85831239100862,11.753991893247955,11.603972617577607,11.735183086091986,11.552823759498756,11.302825728883734,10.9416941093561,10.460840337317496,9.316018928512182,6.332204529779495,1.8236444091856543,0.044878336165857964,0.0,0.0,0.06810407259754621,0.05804255703081647,0.05831662006390491,0.0,0.2018332368712797,0.11166056584235066,0.0,1.5388637118564406,6.7028670098334375,10.043423115416765,10.303986781697564,11.2916652901757,11.214098489673589,11.335870575873177,11.374185980326557,11.329565243269768,10.999440447115651,10.524184409243851,9.571128482091034,6.472189218907773,2.018425416155729,0.19053154119811697,0.15410859037288224,0.1595837865307235,0.14749050889364118,0.0
0.0,0.1042571507439345,0.17893069370110304,0.043894632450883556,0.0,1.8868720067816045,6.48544157634519,9.118199182274829,10.628735696998895,10.993211444331513,11.121956577972671,11.555294159435247,11.555294159435247,11.53811124430263,10.992541291356362,10.283828003291129,9.33410208389166,6.339764232281541,1.5241783980134274,0.0,0.0,0.12527263234366537,0.2804486458153031,0.025436003129221247,0.0,0.0,0.17307697117247103,0.027215408220259203,0.0,1.5809394251971889,6.676628024039899,9.633809233611599,11.05948289270655,11.227759475640307,11.479988387755954,11.215304823790733,11.031518986289226,11.287690298846558,11.246153211872937,10.757197754717355,9.944324235835188,6.871911840747111,2.0204068745722346,0.4496459572938612,0.21842486444305248,0.08447941603339744,0.07325282553734302,0.0,0.015253319668358878,0.0,0.05572943154058463,0.1527447933529971,0.012610438310072114,1.5486918431077743,6.063898824995091,6.793666487466648,7.790142636562153,8.266517400763895,8.699432778964635,8.850144879706953,8.946538085754344,8.425980060138563,8.847730813748166,9.199804942919892,8.888054324624958,6.326717944866036,1.7145615919493815,0.09820420750814725,0.0,0.0,0.0,0.0,0.013346087029806324,0.0,0.0,0.0,0.007384833531754742,1.4190106992988571,5.612492596924005,7.293958756514281,7.724443538775346,8.3253820402029,8.802931810546067,9.657227395284844,10.538150024236666,10.650516013065864,10.731168544813078,10.581476481641364,9.56039958848995,6.527305819190543,1.6857121262434667,0.038564509980912556,0.4679506726919207,0.044654495009808524,0.20840309001489243,0.10293201879952782,0.1934995473249238,0.0,0.0,0.0,0.051251808397429294,1.551359713148106,6.29070393775647,9.395424869238484,10.382088408429611,11.27833639591181,11.282030846640179,11.555294159435247,11.410490149361825,11.386121513787545,11.012674119328205,10.539169373058064,9.25137021829863,5.671618961060396,1.2098599504999918,0.0,0.0,0.0,0.0,0.0,0.0,0.05008285033494986,0.20720470944736963,0.2855154078085291,0.04935955605405609,1.7888244251470493,6.337839178257345,9.455252380064188,10.7237341859089,11.555294159435247,11.498178254224307,11.555294159435247,11.474965339813748,11.164158996677015,10.651401744541756,10.074630763921018,9.375428413608963,5.946874136552414,1.6085990766538012,0.014049795005221343,0.13512355392249542,0.22970455319802563,0.15258216244728565,0.0,0.0,0.0,0.09699956362755378,0.0,0.12302823544651438,1.7886575756524656,6.650318493209738,9.699038604441517,10.052414469608138,11.076854525120966,10.94172124261597,11.144235548463081,11.305786495423213,11.267843990543433,10.8427080345979,10.661064895868941,9.460344991675964,6.658303162727632,2.48806207385579,0.5319422751092323,0.3842653199200919,0.0,0.0,0.0
0.0870914042605139,0.19218156783789833,0.08722614292284592,0.0,0.0,2.0669234342158864,6.505178258814182,9.218681981622131,10.866324179564879,11.249964001221022,11.150003084966858,11.249964001221022,11.249964001221022,11.198922397547983,10.611206014914169,10.221279115445148,9.28644241113865,6.361293628283706,1.794645221750612,0.3775332056410885,0.21761368942263026,0.14648165014418107,0.07304872294348576,0.0,0.06092987084108285,0.15118956149795978,0.16065305612725986,0.17642873228910647,0.22794632176538993,1.6261135161743778,6.928525375667353,9.557187075506862,10.805923708034085,10.897516158940052,11.212623747905335,11.249964001221022,11.249964001221022,11.133523645511945,10.924610406605058,10.216707975358716,9.422179187306469,6.151993481964488,1.42318208714369,0.0,0.0,0.0,0.0,0.0,0.0,0.0,0.0,0.0,0.0,1.8829803078693013,5.86840308917677,6.821688638605463,7.631676288848205,8.140995305601844,8.521675319081147,8.63170253355704,8.663713925164222,8.192043614775962,8.381084430681309,8.562723714494233,8.642986550774946,6.063572733069498,1.7353637307125906,0.0,0.1488203612834582,0.24100386020026954,0.06272363428944142,0.20171980784955273,0.21909172854356168,0.27053767393174044,0.29952591133156653,0.23369880350464123,0.337555636841143,1.756487735490765,5.828008480119012,7.133859888647689,7.439584469951328,7.893491237427798,8.467649096877274,9.192944927375773,10.049012110492141,10.158854923688324,10.19819207522572,9.984291284615317,8.937543120029366,5.777616639500654,1.729299107898052,0.0,0.0,0.0,0.0,0.0,0.0,0.0,0.0,0.09819037060329601,0.3581171758068266,1.4958100398943877,6.044763131989185,9.072897012085502,10.225974977851672,10.917920328177257,11.157003628094678,11.249964001221022,11.043238767316634,10.64589826585325,10.551254141405645,9.828613018784832,8.8324873640544,5.733625199663431,1.6867738258720333,0.33898126828019376,0.24479435423281057,0.04515991530984538,0.05629324734566395,0.0,0.0,0.0,0.0,0.0,0.0,1.6426699012541879,6.100548207126417,9.082780250127737,10.282848355814236,11.249148612289659,10.98381461674313,11.178956097531321,11.093130377554402,10.882391230703355,10.766811861332986,10.202976450246505,9.558376631398504,6.398363649905857,2.121734535321207,0.4131453675096218,0.3017155927093343,0.04301375682502686,0.0,0.035540182505374614,0.0,0.0,0.06712939995548055,0.0,0.0,1.184842427296073,6.155232238986267,9.23940466216065,9.66397687406119,10.444416063243539,10.531476265969339,10.754913620216126,10.78473700682081,10.616497325816622,10.387800176522457,9.991057805755435,9.217703649014517,5.821612102638526,1.3621970635562217,0.0,0.0,0.0,0.0,0.1835797720067969
0.0,0.0649771015891497,0.0,0.0,0.0,1.8947563199579103,6.25747924617656,9.143087756494914,10.592010159036574,11.025976415602342,11.211730961138104,11.270434274579284,11.270434274579284,11.270434274579284,10.790559912169824,10.353880375639427,9.291696767085375,6.139816674836036,2.049027849771404,0.7038423056446117,0.4253659181782612,0.1658738624153927,0.171065239785198,0.1305191829357271,0.1486228028730231,0.0,0.0,0.0,0.11366746980310546,1.5229679404126844,6.796495587988304,9.334920479084388,10.902411671008732,10.927756218299017,11.270434274579284,11.270434274579284,11.270434274579284,11.270434274579284,11.225621154212774,10.513537319455503,9.732132170979531,6.349799285537493,1.3406046589475922,0.0,0.0,0.0,0.0,0.0,0.0,0.0,0.0,0.0,0.0,1.6177123985387427,5.746312482847993,6.632317630514902,7.35701731021788,7.941836961717217,8.400772917784149,8.557803239995447,8.632195747190991,8.254656846522417,8.624460312976412,8.96871232690885,8.709369383144534,6.3008829925975895,2.0951232115670986,0.0,0.08672028866889568,0.41461515930876136,0.5069456111082815,0.6037173038501494,0.5614783230390896,0.541231084293394,0.27475463343465256,0.16646222817400105,0.17234500406165576,1.5052958488777843,5.5119446127466905,6.97779226626849,7.498179076023031,7.87228187195799,8.431970599100628,9.091640905093325,9.982361208014435,10.123703680011834,10.151073614549793,9.884145041332498,9.024184425536994,5.991853907208183,1.7078344057025332,0.0,0.0,0.0,0.0,0.0,0.0,0.0,0.0,0.0,0.20263757995542125,1.549269928225273,6.428968750848527,9.133855618204775,10.183323959818877,10.776065797657122,11.137159091290776,11.270434274579284,10.982311350561298,10.834810089082419,10.731609387283488,10.104796706849061,8.931922830186192,5.999912462904065,2.0213625042741876,0.4672488187810392,0.12379320945074612,0.02629243607961116,0.0,0.0,0.0,0.0,0.1376223134200001,0.0,0.0,1.5966460199671328,5.992788339600062,8.997241736866206,10.271918361476462,11.263310823045511,11.075921860536752,11.270434274579284,11.115219747303462,11.175809391554415,10.961450197795381,10.523601781062348,9.567610267147652,6.767471083370406,2.4410591855271004,0.7104510972098527,0.5778545278119782,0.0,0.0,0.0,0.0,0.0,0.0,0.0,0.0,0.9221309354009443,6.077726295888133,9.20950500750327,9.670949353614251,10.456980311903648,10.522574644378537,10.766407085270043,10.741493142698086,10.589313673327732,10.221929923247242,9.81793200847449,9.088188677874157,5.4646657597458255,1.0140951044817932,0.0,0.0,0.0,0.18423414056672321,0.4726291105356062
0.22267437737297596,0.41611867877739633,0.347220163178079,0.26616311214141586,0.23644745313501067,2.321211511862508,6.808207674557059,9.378860746849977,10.885232265622003,11.209740206903064,11.360267055169507,11.360267055169507,11.360267055169507,11.360267055169507,10.813871449595661,10.207934916451046,9.206556214548927,6.2366765236487,1.7692518034924007,0.19150965038613782,0.05261485195634582,0.0,0.0,0.0,0.0,0.0,0.0,0.0,0.0,1.1879641323168417,6.140858641219585,9.215067671806404,10.482517100651089,10.652120582594138,10.915594536379785,11.309635734169452,11.145823699634773,11.213363501078462,11.09709848461561,10.628900622986068,9.659017021435346,6.451337913331158,1.6532843833274533,0.005012690543197598,0.0,0.2507795588027865,0.19956722250496028,0.30816403470150294,0.2651314280472292,0.19386566339817576,0.2891574199490841,0.23494491346481622,0.1800835734138069,1.9818747093185636,6.380674535727665,7.2355329361089655,8.107808337570365,8.622551749866501,9.133665773865095,9.186285132932607,9.185469874815025,8.713964936236753,8.861978297682214,9.098288717709629,9.092750514932467,6.437475816833538,1.8127572336162905,0.20777966573473017,0.0,0.0,0.0,0.0,0.0,0.0,0.0,0.0,0.0,1.3839345108293084,5.245741792847562,6.8557811004915,7.2280534168674295,7.7317949073243035,8.387705273402386,9.37276527045922,10.240503936548695,10.470831282882626,10.481892114569254,10.140896187272316,9.274484008435618,6.065967297099329,1.6509616763857298,0.0,0.07822366512354947,0.2717297118349441,0.0,0.0,0.039843201279253976,0.0,0.0,0.0,0.015393265845792155,1.3871086174185356,6.003762561028088,9.286928882973024,10.25033917256022,11.186970535208774,11.182148730345567,11.360267055169507,11.18593859719283,10.958954215415794,10.762829113913405,10.133392291542215,9.034383044436257,5.911429162214485,1.75985652924325,0.05184942598335765,0.2912490157726539,0.23030781551887458,0.09706059666259388,0.005098685377859471,0.0,0.04429722163919794,0.3376920666904507,0.09841683508110227,0.0,1.473387929087592,5.986488433255969,9.317864678336779,10.260485208800956,11.05997376965493,11.066446404493771,11.287507976674057,11.061148580978854,10.894315216111409,10.490199080172655,10.017275565384804,8.959330544641595,6.006625444185177,1.7520560529022675,0.0,0.0,0.0,0.030216900552534696,0.3030564409020409,0.17146587106163444,0.24602751894201141,0.45383655495983966,0.40246979191413884,0.25981477200208336,1.6274927041757152,6.594076473500902,9.642674617226179,10.063324783659212,10.829268587748231,10.819635812016736,10.899625227870608,10.928621061019355,10.730513338446965,10.324480939657084,9.950852342542353,9.066291867968587,6.026715733511302,1.5459227100320052,0.0,0.09164158898967746,0.031818046504600295,0.060322160173062495,0.0
0.0,0.05515256646563442,0.044423797916974914,0.0830977502783864,0.0,2.07742500455806,6.746490241528091,9.383285401695016,10.960185415159444,11.281031522679555,11.287544785560458,11.479611116470448,11.479611116470448,11.463554099974372,10.959022894554899,10.243387116141369,9.23064624104696,6.258921983905703,1.6893417227613385,0.0537312114011508,0.23122006250412536,0.8980298044672764,0.05253978173507544,0.0,0.0,0.0,0.008196403182316419,0.0,0.017903967685353295,1.57001315655758,6.547671164387235,9.634323481176647,10.833088864380501,11.177560346493722,11.392960566548005,11.154320197974986,11.088907715765574,11.25013474934337,10.989000736065362,10.512227019383106,9.590624612189481,6.457590528655153,1.8273248445106127,0.22438606299380565,0.021526089206246466,0.0701057143954649,0.45023271783309365,0.0,0.0,0.07797145949529406,0.10775377995646425,0.12751372222160354,0.045205454465306764,1.7813897142133817,6.261947684972974,6.900792785101188,7.920205666325618,8.44853330587389,8.916656199717272,8.905408693126635,8.909123422003661,8.473834379678609,8.748767423581596,9.028973890850809,8.940742066580455,6.3729694290641286,1.9117825822450543,0.24476117811416725,0.0,0.0,0.0,0.0,0.0,0.0,0.0,0.0,0.030648245213270937,1.4516023247627938,5.5556859691152125,6.950172199149521,7.456614481701715,8.101115494317957,8.62801376038601,9.28898438509841,10.141380209581035,10.350252113515277,10.397738924860745,10.30359459879883,9.18997444160335,6.361008946328739,1.646767057042722,0.0,0.0,0.0,0.02762273658797781,0.12033277120802219,0.025307445772424334,0.048757291899473636,0.1390583806081747,0.0,0.22179200928240464,1.5916776756930828,6.397154510458011,9.514931451885147,10.478096536584252,11.221372799012586,11.421666409351085,11.479611116470448,11.346694436049216,11.243734385756023,11.049675553374325,10.405081484370667,9.181919590186817,5.873470110946489,1.2932904877922136,0.0,0.0,0.0,0.0,0.0,0.0,0.0,0.041577196183570746,0.0,0.0,1.460160946511932,5.950511220392053,9.2921688294148,10.48809394008807,11.273660909405779,11.376432794209714,11.479611116470448,11.442160710202938,11.32396541342312,10.81712695698627,10.429052399225869,9.5764574614437,6.523321181600947,2.073975417961351,0.44384103551718235,0.20511522270608576,0.0,0.1168004345609239,0.012457667275870369,0.03994511715355997,0.0,0.08213263237802787,0.0,0.0,1.2961114305952643,6.295898897378425,9.442617059529747,9.885745418256365,10.746532055083618,10.776930703051876,10.978531208243039,11.197861692189319,11.049297853919523,10.725993962990628,10.267306713135863,9.282843347767168,6.211527544709507,1.7661693499063629,0.1218801757678668,0.16538660277738243,0.0,0.0,0.0
0.0,0.0,0.0,0.0,0.0,1.6086353373873046,6.177039086764654,9.006268223888995,10.628807114125557,11.154165312779197,11.275510772870156,11.50750644135239,11.50750644135239,11.50750644135239,11.144551040793402,10.634405436730114,9.550843992100885,6.537982054277605,1.9847356844734945,0.24031515260363673,0.21486038668305152,0.3082424414230171,0.20394483220934506,0.0,0.0,0.17930849602415622,0.24182644935306252,0.246167258516657,0.010718722368839254,1.7801088310570525,7.035692276226141,9.801915248668797,10.938373365591993,11.321109460293691,11.435763271851197,11.470408122960745,11.360101550887148,11.484829873889854,11.333664875054337,10.557087951153543,9.619650134232229,6.249381047693657,1.5218182967393732,0.02244646916723573,0.0,0.0,0.0,0.0,0.0,0.0,0.0,0.0,0.0,1.8441191545592552,5.94837483863164,6.834946249726702,7.719447612105696,8.265397925588296,8.728691015504069,8.799012998477863,8.725197036657265,8.27296958489137,8.524516170737026,8.873130070764448,8.854911858720879,6.233101877306922,1.5974945930961382,0.0,0.0,0.17934941429576587,0.06013174719731021,0.006439815755485066,0.17142333717128458,0.14256628877159971,0.1832001687480918,0.21889459817398776,0.3350780971970233,1.7505943467082785,5.963719126182059,7.340671222916875,7.69761401676776,8.186331392885823,8.837582574157768,9.641484415470998,10.440013595553955,10.484431161741878,10.578431127395392,10.391009410491163,9.474317350185556,6.32249327525889,1.9432750367795966,0.0,0.0,0.2210533853104144,0.06189747028723192,0.0,0.0,0.0,0.0,0.0,0.1660445242679096,1.451854525475973,6.103474850550021,9.231203915090084,10.296795443777539,11.104945754854628,11.265578242897531,11.449125991893094,11.207511250119229,11.054336561841009,10.908547653739932,10.176452084804597,9.199496091350387,6.0447809444097285,1.7205803550773715,0.29976459994663646,0.09043156656625533,0.0,0.17632079773021841,0.0,0.0,0.0,0.0,0.010345227930495452,0.0,1.8393288231367828,6.349960860044733,9.439911192566132,10.703653984899187,11.496857830909395,11.4745852590379,11.50750644135239,11.487482938314557,11.108418470775586,10.89915698542592,10.14800366182658,9.251280918392945,6.071573602775223,1.5423399352576728,0.07759981950723699,0.06460437792737897,0.05611723392094143,0.0,0.06513811594799297,0.0075138721578362645,0.0,0.18162439732029936,0.06658187289970163,0.09654523647532207,1.4678917443436248,6.448804657385747,9.622917079903083,10.11318322010361,10.898251596325451,10.930097972033554,11.085510754732097,11.30901085548828,11.121104206694634,10.882663813979073,10.45021774225672,9.660029116311403,6.333020481254323,1.9272582234617468,0.23303013554584043,0.040566490219582314,0.0,0.0,0.0
0.0,0.0,0.0,0.0,0.0,1.642319671760556,6.0083793250859,9.03023893449731,10.577465613312308,11.091336517139979,11.40132195316575,11.415191194481372,11.415191194481372,11.415191194481372,10.971602725452486,10.573338996918114,9.327177730892634,6.399417902838749,1.8483194776407663,0.052453955099353335,0.03825965344039682,0.012327862491094185,0.0,0.0,0.2051423763011077,0.0,0.0,0.22850887385931865,0.0,1.56923331508865,6.519220414766276,9.56046729664861,10.78122928979771,11.10141253728534,11.24925903073298,11.415191194481372,11.415191194481372,11.415191194481372,11.415191194481372,10.8549327678331,9.633806081132922,5.935774690492657,1.2260518356855716,0.0,0.0,0.13433142077009555,0.0,0.0,0.0,0.04509510602904791,0.0,0.0,0.0,1.6568303586830408,5.806160833403667,6.677389232585938,7.564814516065616,8.062031988258616,8.59260735360217,8.685417779961016,8.746261727930412,8.315169456213276,8.61065083920112,8.99853168790443,9.001419298782741,6.339528553847269,2.0126287210669407,0.1382488571762118,0.21799344391180167,0.4339362945719091,0.25827415706014006,0.5053042625188254,0.45958803778559787,0.3999922807107038,0.24381048141572373,0.08475757090402494,0.2637406480354164,1.5857719294905899,5.381745991743023,7.018549843643129,7.35466870243635,7.893403405586861,8.5593875813301,9.587609069868854,10.425887134551864,10.521847125179255,10.49067807373358,10.082664235895201,9.13471955449065,5.920839945257281,1.7706468954445302,0.0,0.0,0.0,0.0,0.0,0.0,0.0,0.0,0.16875256402065417,0.3143866569682493,1.4158943054263147,6.43009638702635,9.236820821222572,10.1951279705057,11.034851201424699,11.254357256065493,11.415191194481372,11.286436000193614,10.933088092705622,10.715058502627961,9.894838892309055,8.956609619889285,5.91348755997193,1.9753598978201208,0.36897891292763396,0.2328100549721662,0.17912568438693485,0.07897677838536972,0.0,0.0,0.0,0.1485784745687573,0.006723356949583749,0.0,1.593765420183597,6.2096908456793525,9.298394156294123,10.385214278028846,11.208786891742736,11.415191194481372,11.415191194481372,11.384075894510577,11.109771912226654,10.974608725655216,10.397519283385646,9.348646342118684,6.548658532641162,1.9897651229880964,0.2555802258434874,0.16156243249511343,0.0,0.0,0.0,0.0,0.0,0.0,0.0,0.0,1.073079986018573,6.130985758886547,9.238754513521384,9.878390260597657,10.656366654848975,10.84303668192443,11.108969042095548,11.09726006575133,10.87540119338735,10.607793011917154,10.274940065521646,9.46218782782043,5.911629391897314,1.4079134021040074,0.0,0.0,0.03302096835984117,0.15680736185131547,0.3850247062517471
0.0,0.0,0.0,0.0,0.0,1.8805531134267004,6.4425475510131465,9.294141120440838,10.67700716292725,10.963027877892985,11.227888866006909,11.363678229636793,11.363678229636793,11.303864748240192,10.87580631880565,10.401323150633907,9.16780657842185,6.2355080226354165,1.6566852014521396,0.0,0.0,0.0,0.005433165419345311,0.0,0.0030890813622430954,0.0,0.0,0.17116010933822323,0.12474680051109657,1.557969047469198,6.310955589025409,9.574852938509501,10.808913405108946,11.194300170277671,11.280253094013105,11.363678229636793,11.363678229636793,11.362168465515389,11.246420560202349,10.929767008917791,9.628945707582467,6.139160146019228,1.542043542101992,0.0,0.0,0.33081021456874615,0.30248387060279025,0.24015231651800265,0.17126073487985005,0.1852934471392653,0.0,0.0,0.0,1.7065710862908983,5.909382716539855,6.742791476739484,7.757927340471162,8.286717990693205,8.805787629398694,8.859614885894004,8.854146816915941,8.34880187555995,8.68957507707476,9.0638238605421,8.786926753793201,6.282875601954488,2.0214354756523116,0.3774200331830969,0.0795896599672951,0.07912579611690551,0.00042915079017334803,0.02764095152518629,0.12304653788850498,0.0,0.0,0.0,0.0,1.4095410819445824,5.310212945383392,6.853360532132261,7.117997324676788,7.725641146494039,8.286919157110459,9.2892067859301,10.231333464086974,10.404360966732831,10.3226948519361,9.923574584153824,9.038090137677797,5.839717499321883,1.4016450460693948,0.0,0.0,0.0,0.0,0.0,0.1476957104525543,0.13000032584382284,0.07036178557081106,0.019838725578583176,0.16198847433258953,1.5101319105112019,6.317719386475543,9.36389303564335,10.182808331208694,11.130891431834673,11.289621217639462,11.363678229636793,11.351921847467558,11.15683241706827,10.954692679473062,10.18860761358082,8.965362043224744,5.7751769457838344,1.6734372163164946,0.018008437145681594,0.20061185494968967,0.015999207120665316,0.061025200029649826,0.0,0.0,0.0,0.022681069048789245,0.0,0.0,1.3263830675525585,5.82426764754564,9.081871265214525,10.088373906204424,10.988737894277143,11.363678229636793,11.363678229636793,11.363678229636793,11.261911051658846,10.957666149411585,10.441829397270237,9.460047873778336,6.41107956926512,2.0146776048222144,0.47156320714555156,0.2799496123989156,0.0,0.0,0.0,0.0,0.0,0.0,0.0,0.0,1.089970278945851,5.947736414778775,9.247129815651986,9.841017783031546,10.592757041794425,10.819928790441566,11.020592630315578,11.197176104983587,10.82900092173008,10.529696449945595,10.229420012475055,9.244309421842416,5.96815649944998,1.4755869969720081,0.0,0.0,0.10656469223183312,0.15280752606689782,0.23834416824423899
0.18835149659030903,0.0,0.03193237360124353,0.0,0.0,1.898084374529682,6.445818553186419,9.361884820709683,11.052835902366045,11.471040156724316,11.664715605850155,11.664715605850155,11.664715605850155,11.6616807469308,11.257453530111082,10.672457184009733,9.40470588049986,6.270183306667794,1.8261231069438622,0.2798903852908853,0.17054299312052332,0.42439968592627114,0.27690560762732347,0.24003139821316294,0.23221261695902629,0.2846732864460483,0.4105364555971943,0.4833801961918092,0.2106974487438091,1.8045231156385737,7.058643130272226,9.987872272723603,11.191890148384575,11.62116451126838,11.664715605850155,11.664715605850155,11.664715605850155,11.5652570563854,11.415670841773427,10.91247802279109,9.760853701216211,6.174139929485254,1.383591312244649,0.0,0.0,0.0,0.0,0.0,0.0,0.0,0.0,0.0,0.0,1.7859157455254115,6.071803652399147,6.888640275988581,7.864538965784922,8.30830556218878,8.787371774215671,8.872665562909749,8.926265412580051,8.49942380373034,8.760354924756731,9.126570272884825,9.161716233566008,6.522910922450323,1.9043586759278455,0.2574611309531297,0.15506674440124452,0.18143805625026976,0.12568547303379252,0.1622283857068139,0.27431192003068877,0.22760863950948243,0.11547111302914569,0.0,0.08961376957335344,1.5050981291402938,5.662340000309985,7.344316868563926,7.659928986023415,8.328598443581495,8.875778292206872,9.834704020734192,10.703758990059734,10.810011729984955,10.839656704693645,10.524859445115824,9.45723292666213,6.050332286271425,1.7969210200087407,0.0,0.12117863801142816,0.11379511827455546,0.0,0.0,0.015182583533468434,0.0,0.0,0.0,0.12796825489083313,1.5322795840629586,6.36425350409933,9.056535601877592,10.043239501860802,11.074093820226127,11.378372321363877,11.580040608550862,11.371304194038753,11.206444261044105,11.040380118278934,10.123096269535555,9.201076233172783,5.956876013336061,1.5642052222241607,0.07674484228498693,0.04707316481561561,0.021066023000577323,0.15883195315697235,0.07070549910814274,0.02524057269302223,0.0,0.03734209436117398,0.06224913240878519,0.09983648369637435,1.8942431748012276,6.4876161737258995,9.715715997687365,10.678396886128414,11.480511836691868,11.664715605850155,11.664715605850155,11.652231315642611,11.437964713766348,11.229945819163696,10.768260692617892,10.021676359930709,6.667957015929792,2.2424499551630754,0.45928513716842945,0.2476811416494833,0.0,0.0,0.0,0.0,0.0,0.0,0.0,0.0,1.308780649340102,6.432438753634516,9.42743638282528,9.992014003441266,10.817203615589033,10.976365105581843,11.126821104502664,11.253562792307484,10.947713673460955,10.597836503968809,10.340090420447472,9.278610099667796,6.099184128711426,1.5227644496435258,0.0,0.0,0.0,0.0,0.18562194864986903
0.09665985622700575,0.1466633965217002,0.14041845197803035,0.15148431366455034,0.06786014158344802,2.1035559596468145,6.545728816741377,9.30501168944866,10.880259164825674,11.249473400087991,11.182366226750812,11.255338820626699,11.255338820626699,11.125358337502586,10.653477439522531,10.116308768925988,9.131159631793059,6.142828833327441,1.8623880879371706,0.2493446506722074,0.16791298811786437,0.0,0.0,0.01646903150515912,0.04543780550771884,0.0,0.0,0.0,0.0,1.225953061611388,6.337999812849572,9.267224239229826,10.338020726070486,10.699798362148133,10.7669685973097,11.149725694794927,11.255338820626699,11.255338820626699,11.006268765624656,10.257290856924202,9.326203816795937,6.42379408319072,1.812671554416377,0.0,0.11551754301324246,0.3915673878205984,0.4249103211609075,0.40858619767775006,0.3771918914828424,0.4448707303211702,0.33385078681256747,0.12007344535485946,0.20969591225757578,1.9650592790305943,6.314128899706679,7.1517636830532885,7.959713118874187,8.469955732197304,8.955166155590097,8.856181900894432,8.999407379751785,8.514273435592825,8.815443962338732,9.059304708123907,8.80397006465218,6.3988712451473715,1.970136762199668,0.3400388331543113,0.0,0.0,0.0,0.0,0.0,0.0,0.0,0.0,0.0,1.0248884011319068,5.008173527976141,6.6199894819239455,6.98885956063401,7.665578010770559,8.277663457871512,8.997576574233069,9.990841231468567,10.304157197243725,10.363955236785957,9.991985065623718,9.148197058305815,6.201907028852969,1.5483115227641198,0.0,0.0,0.08167093270120433,0.18939451221509987,0.3753674592336126,0.1695191987812991,0.08753062987619604,0.044274432250062785,0.1675504245570285,0.26001063162787375,1.4931540619959218,6.387612026011933,9.241090479984102,10.255057529122148,10.914823753295913,11.07018527899591,11.143699936213357,10.910424184739028,10.658930274720818,10.546429992621134,9.947302408691304,8.849974336414888,5.589132933212271,1.297871466398974,0.0,0.0,0.0,0.0,0.0,0.33391575642486254,0.2667075751522086,0.5112238871769669,0.2531549014486429,0.02671030952249928,1.7616780189516936,6.153382967596565,9.320448419014674,10.4165514818088,11.12799485845845,11.103646956409802,11.254869882166611,11.040254392877362,10.848680620827329,10.460100367643145,9.976572487394703,9.17598585500653,6.54866857115069,2.2859522236367393,0.5526731580802551,0.447017306185284,0.0,0.0,0.0,0.0,0.0,0.0,0.0,0.0,1.118342922101406,6.261848634676259,9.291282996104943,9.80591779840975,10.520817499732331,10.58386657758299,10.7079138822507,10.675067393059841,10.619203337966768,10.543248053971345,10.19423171601646,9.530835411717456,6.078231386426875,1.5718840662644875,0.0,0.0,0.002275278171270704,0.16301947021109758,0.19895041218624793
0.1080206898708133,0.04706582741554374,0.04699965555873561,0.0,0.0,1.9293775071212484,6.459616261675173,9.31579913971159,10.896623784749728,11.205312732877486,11.506485642115912,11.547454936882277,11.547454936882277,11.547454936882277,11.170571701472804,10.425202958720597,9.348019682616936,6.430731821379405,1.8871878884582907,0.21444521088294566,0.0,0.017466143875709744,0.06424287136362203,0.0,0.0,0.0,0.0,0.0,0.0,1.4312941870000575,6.494049631048396,9.479761665738797,10.717596143410272,11.184828085494305,11.220911954982602,11.328034092768249,11.162038381862002,11.294885745794877,11.245425116616634,10.754892765693718,9.728374612180053,6.647829025631676,1.8178293722588752,0.15645071361922105,0.0,0.22734103356062713,0.1467736952507436,0.17275041316970338,0.042915229153889276,0.0,0.13002211709155587,0.166930774197957,0.16802669113216412,1.9159563532455557,6.205316729766548,7.068108437961707,8.043296588522088,8.53209859862378,9.063268492413366,9.098268317831087,9.139448226874022,8.601643295090554,8.840746938116514,9.207160716791035,9.059608209005539,6.40145574865433,1.4884241698719023,0.0,0.0,0.0,0.0,0.0,0.0,0.0,0.0,0.0,0.0,1.4494254263271638,5.356100694744761,7.197815859640632,7.504291293018565,8.107957236274695,8.676525618076266,9.700434494719099,10.60761625897,10.707557551175753,10.835192555904516,10.602871931491595,9.702540637484791,6.5132430614941805,1.9713728582039394,0.23446057902938527,0.3331723415674715,0.6693171147694165,0.25022800003592777,0.2837309842838158,0.3487528079894613,0.1340129909232876,0.07143115899209375,0.012898382226181452,0.08328818138297717,1.466945815424024,6.182403135383323,9.296637370235485,10.292769252239415,11.232568009798616,11.319228901787366,11.341280078887776,11.313594625748163,11.272231633706642,10.947622035803317,10.184958144222247,9.054733796238665,5.653992219788598,1.365827475049257,0.0,0.0,0.043059779117705005,0.20857932796771234,0.23764470038097413,0.08278186397382276,0.24182874484361563,0.29041527745471296,0.2959217481394038,0.2065577578465736,1.8042506018167301,6.1849119230895155,9.553571645447075,10.591749295186501,11.310857328434713,11.403899970659898,11.461957929670255,11.264282665471027,10.988784737797513,10.574310983712127,9.979754452058591,8.947259258094837,5.711511254032438,1.4993845437073854,0.30845396436841255,0.09403565025352756,0.05504746753495262,0.14476080393481278,0.12861877472280991,0.05569260280981148,0.17883174984396388,0.3412227883730267,0.37276980437309476,0.47365494621982235,1.8974002718850758,6.920609616168278,9.831007086808636,10.398927107013709,11.162253125830269,11.223705003133968,11.246889780605324,11.44571585222424,11.207012101010982,10.80556408282126,10.419549410786805,9.309557110710914,6.347729147952635,1.9746351425744264,0.3231522684191594,0.2723861619618746,0.0,0.0,0.0
0.11361657842650477,0.0,0.0,0.0,0.0,1.8521013912213435,6.276206867853832,9.145871542875819,10.731586183367464,11.111661163430243,11.254326377773273,11.254326377773273,11.254326377773273,11.254326377773273,10.929434921910286,10.354102542821167,9.180037244209863,6.196472363854999,2.0383501456614606,0.3714598075410481,0.1583076050786919,0.2723971884952455,0.14703554231348642,0.09853227027139463,0.15650264369515282,0.0,0.10205161270865536,0.2648079990983135,0.06665142159613736,1.5832323076206287,6.54710012100955,9.601698427219763,10.672651488943451,11.172653232510493,11.105101982018866,11.254326377773273,11.244996079731663,11.092653087701793,10.954575543810021,10.546270861217584,9.24382592070513,5.870131287309871,1.2415482103213518,0.0,0.0,0.036159527212258256,0.0,0.011682703376358955,0.0,0.0,0.0,0.0,0.0,1.8223310055349469,6.001908582498874,6.900832387426921,7.85195259906398,8.172101427336617,8.683237277373902,8.74530532589615,8.739185525117259,8.198280463311297,8.366931520312738,8.768489194658537,8.904232990122185,6.342112621106544,1.9385317541947118,0.4245592085308307,0.1602755628414246,0.07550494134073898,0.0044451757065393244,0.09247099767599115,0.11545031127560147,0.0,0.0,0.0,0.0,1.4014651517806074,5.297551242167455,6.915927627690802,7.212828860239089,7.884669350526007,8.467335696721959,9.391995802941569,10.246148398444564,10.360611413473098,10.34665722123343,10.082536467109136,9.12070341776092,5.8742218874578125,1.685436770705323,0.0,0.1290875771749909,0.04978442504995079,0.0,0.0,0.06991336161038755,0.026375698637069078,0.1680782480423432,0.23905035765961816,0.25294497357497703,1.5736917106045398,6.216467201278699,8.99373583117486,9.928155553916678,10.944516075161523,11.052473573588754,11.204124289568663,11.08530771682282,10.786762328655872,10.586108262166395,9.777518432037054,8.848578557213987,5.821668609761806,1.4301198963763109,0.0,0.0,0.0,0.1068619501960915,0.09254525845321364,0.03848151550036058,0.0,0.0,0.0,0.0,1.6059197768898252,6.056546738066282,9.239960041949375,10.21008229202375,10.92007108336238,11.234410025134308,11.254326377773273,11.237209315789828,11.038297343197401,10.952011036698577,10.378220179278852,9.60961532832603,6.524664876347705,2.2339823598456667,0.6432122007655565,0.2942348461489664,0.23517047574248462,0.06505776540226733,0.012319847219097154,0.0,0.0,0.0,0.0,0.0,1.1282973491903794,6.089720311224071,9.053403050256392,9.650226844160168,10.425840990118871,10.653367710253242,10.735446695642212,10.903852236137562,10.64225976537791,10.35178757707657,10.090073689684125,9.001019487522246,5.834407294053283,1.3247784735889545,0.0,0.0,0.0,0.015371771256889065,0.20644382868640768
0.0,0.0,0.0,0.0,0.0,1.6458668245869792,6.133664818248599,9.252274518409035,10.955832200321804,11.381025080103772,11.648157202444898,11.648157202444898,11.648157202444898,11.648157202444898,11.487070059860928,10.894626181725158,9.874057461325332,6.757805550553761,2.2957748762336188,0.39437867788655256,0.2028201362666353,0.3379234729944593,0.21654683061506225,0.07271974691614017,0.0,0.0,0.0,0.10866247485664345,0.0,1.6101750587145434,6.9108674612337575,9.789098589203403,10.814681430618068,11.232809273644706,11.079686960233017,11.338478645610527,11.187346150923362,11.343193530103985,11.230600755374393,10.494794117843213,9.41214388637932,6.495910414478893,1.4982654597089344,0.0,0.0,0.024538663991462786,0.02501920634164761,0.0950439152836334,0.11059747766822928,0.22242090948672577,0.25454114688394563,0.19193427958955406,0.21286888137872653,2.1227653105539646,6.2969563133972475,7.226376617387237,8.085611724286412,8.558096471563067,9.071991109979146,9.06104780127853,9.109022150212926,8.571393403946916,8.839766906566986,9.345528004732605,9.250939409753325,6.7776141751278836,2.073901583466701,0.2885845951083133,0.04702230077775902,0.0,0.0,0.0,0.0,0.0,0.0,0.0,0.0,1.1279449034636597,5.383184829763657,6.975723332250093,7.664404036227675,8.157740223055505,8.886965045684907,9.703264224614054,10.799897341322866,10.813558772949694,10.949621827505727,10.731463129166894,9.844985001705382,6.747623871699901,2.1301012917465734,0.011544862629832614,0.2579573509496093,0.24284384546356744,0.23607075524475812,0.3526199089002766,0.07890709986931345,0.02909278913129936,0.05148910882215713,0.05505722011697036,0.11703279858854536,1.597927710579404,6.298555250076445,9.456058060889076,10.452395565899977,11.328676045969363,11.45041046171285,11.435979068827999,11.23878428409246,11.090470583550996,10.844308623371615,10.15171285038231,9.101571785686449,5.824536828842193,1.2087490049288403,0.0,0.0,0.0,0.22607084869194927,0.28129717042200136,0.08234174586096114,0.0,0.12823728835386347,0.26160880890167854,0.17908987952477798,2.0277565000188513,6.576153013538819,9.689560441646615,11.003193496243725,11.648157202444898,11.583007649181363,11.58461214013474,11.561108534663227,11.318156944959146,11.068862374142968,10.20279203858261,9.418242479427553,6.207315882426932,1.6797399128080217,0.3843602426222256,0.22565827026311144,0.25509561966094285,0.08222586547663095,0.0,0.0,0.0,0.0,0.0,0.0,1.149417553867512,6.340038735348738,9.532863258516647,10.198300019340572,10.933256158638136,11.1197048114064,11.190527361459223,11.459839536415494,11.38494778624249,11.1218709783361,10.691273789778242,9.707333424734237,6.38759304229837,1.962161389823543,0.15590331245731312,0.025146737683922997,0.0,0.0,0.0
0.0,0.09184031639281247,0.08107683517720289,0.013644410203311277,0.0,2.0088323092149687,6.423964903906105,9.29105938311688,10.692748515386539,11.010202855071103,11.182490369429509,11.339804559822023,11.339804559822023,11.162263235722865,10.863371951579278,10.313676646125732,9.268809265677563,6.333866088487097,1.4990573062068457,0.0,0.0,0.0,0.0,0.0,0.0,0.0,0.0,0.0,0.0,1.266049610677838,6.411132171146821,9.314597775529291,10.574592206573945,10.986887511316151,11.112168534972085,11.294564884848654,11.231571212646372,11.339804559822023,11.339804559822023,10.81602007341025,9.94768691857755,6.8739750330049585,2.0922401718389,0.3025520279901098,0.20046823368642677,0.30065831109301067,0.2826342053194387,0.22352679689888144,0.39396159222421573,0.12622813556886564,0.15865609420474772,0.12708047292440952,0.0,1.6638723525877805,5.991551962070918,6.831415997351264,7.676579128008875,8.187800567765384,8.709809451682759,8.734459707857365,8.883088518709334,8.291448575267644,8.486978435638559,8.822343582517279,8.622604185665546,6.123434550082688,1.7720411508337708,0.23416383107018296,0.0,0.0,0.0,0.0,0.0,0.0,0.00710427927741978,0.0,0.04972124210375637,1.528884149973371,5.43547408548886,6.927793294525301,7.401893354535017,7.962968872854257,8.441807702977496,9.231469568608464,10.28922983736293,10.264227434671543,10.388395918660258,10.130173163822127,9.135979058824091,6.127149324086956,1.3771016507740292,0.0,0.0,0.0,0.0,0.0,0.0,0.0,0.0,0.0,0.0,1.3237847418042084,6.1455738190982965,9.404070702897362,10.342772329634046,11.109886679615752,11.234964255859879,11.295735552347814,11.100065103732197,11.082968762090287,10.896771798271578,10.28615920084521,9.117714077398087,5.955718181392197,1.8249898605425243,0.1440658394104208,0.1737334019339614,0.0,0.0,0.0,0.0,0.2242279005056162,0.27087430280729347,0.18298489417500716,0.018244176224527568,1.68514325262559,6.049288445007334,9.217810879911552,10.330699314120178,11.019458698450732,11.15512905820921,11.316971136348194,11.20279455630873,11.200867551089267,10.601059971354351,10.05294560774869,9.127810070720821,6.175442737952479,1.8464988481245486,0.08713226827477077,0.06468969744128182,0.0,0.0,0.0,0.029052161561469662,0.03939757439856267,0.007003062500283851,0.0,0.0,1.1829942325231986,6.2060652909068725,9.226426641234768,9.950429741159303,10.605908238081536,10.837638219653426,10.879211785784156,11.178793168955828,10.89643587347534,10.42670756715187,10.141894032819215,9.236556429808632,6.018219794738017,1.7217174872565808,0.1254434203986308,0.03545958276057797,0.20188687384075849,0.1307716958630455,0.11615435206273426
0.07449015229248254,0.13095989189306056,0.23244822559542835,0.07608074835857939,0.0,1.8654845787423386,6.131665420182429,8.782043272754406,10.195887081334728,10.601842292448364,10.949273129323029,10.949273129323029,10.949273129323029,10.75619196771335,10.44783133087426,9.950235466491735,8.750531804834088,5.725520947083521,1.2910981111887991,0.0,0.0,0.0,0.0,0.2214146801408682,0.18500807741806563,0.0,0.11347856994002514,0.10960307388588955,0.016486054764211593,1.388600828137734,6.267483083951572,9.233819463130022,10.425547363677275,10.87141466434718,10.949273129323029,10.949273129323029,10.837859166985922,10.76566355113493,10.698636745364482,10.20577765163405,9.282177858249723,5.952870927950674,1.490744379491055,0.0,0.0,0.0,0.0,0.0,0.0,0.0,0.0,0.034019433960502166,0.08134853348379072,1.6585399767114581,5.832553168147805,6.466262989200556,7.4007179363815565,7.879193771858823,8.369788900668876,8.493461818631351,8.612892004986048,8.126538955156237,8.439078366104633,8.738637668001022,8.742456191710776,6.10988528144279,2.04690899678496,0.4018791442627152,0.17935987162353473,0.35317791574081236,0.2517529888824329,0.2659475358048096,0.12144556136791052,0.14644944559451417,0.0,0.0,0.0,1.4214622561150718,5.115751788226425,6.706980739875759,7.071771469192649,7.584402566736228,8.148705449396845,8.891056218388695,9.82388547037896,9.868965717388235,10.054924754703853,9.868484078267095,8.824152759222441,5.90213370546436,1.6765422178054232,0.0,0.1388650978484909,0.0,0.0,0.0,0.2344993115715969,0.08201769085100835,0.04866666985444123,0.01865353278240056,0.054993608285811055,1.4309065923370479,6.13997075819821,8.775434113703186,9.609249979156898,10.511931102148342,10.687363257317601,10.814329986451352,10.730315938561402,10.61446345635589,10.350459955216829,9.72977984290878,8.696622812525622,5.55556172642631,1.327250902984154,0.0,0.0,0.08291253497781911,0.0,0.0,0.0,0.1309684372348525,0.15657097466023773,0.2272473347925978,0.06036298916313815,1.7567578102823318,6.149417541773444,9.066152923004749,10.050056153289605,10.737830944631787,10.949273129323029,10.949273129323029,10.944323602094387,10.68582240370647,10.438030823174827,9.930992090982281,8.991063556661695,6.2039276040420335,2.121977479046879,0.31550380837116776,0.23365528061680185,0.0,0.0,0.0,0.0,0.0,0.0,0.0,0.0,1.185757990166981,5.96712888171704,8.830953790769074,9.578120298344803,10.31667930135585,10.505891686935547,10.48397123327579,10.532230429010108,10.260559206957375,10.089591676757935,9.861633447027769,8.907168286983193,5.843228849372238,1.5375527842141292,0.0,0.0,0.22407754324766346,0.2838154579941407,0.26336204985018286
0.0,0.07368321205388124,0.0,0.0,0.0,1.9969142455358004,6.596452226398732,9.370624908507365,10.938760395131448,11.327902592271432,11.380306816153915,11.380306816153915,11.380306816153915,11.251319004138727,10.998550836186144,10.427558737725471,9.306217149031214,6.222751964599496,1.6717039669916034,0.07265474244616377,0.11585746113648276,0.0,0.0,0.0,0.0,0.0,0.0,0.0,0.0,1.4744716528351598,6.546782985309743,9.510452938782183,10.632641069769665,11.154726357860566,11.29821120664722,11.380306816153915,11.380306816153915,11.380306816153915,11.36777012171211,10.853427168344657,9.82363220980733,6.19346485718583,1.4182062667983442,0.0,0.0,0.0836354045650625,0.0,0.045440164989536805,0.005973055819265683,0.011441378602073915,0.005009090122763193,0.0,0.016594929505293936,1.8642028005729727,6.059723384600999,6.888114535818616,7.734520486894768,8.293129869359598,8.756797634345713,8.852600717138849,8.85433178759743,8.314743152283482,8.486313126958487,8.781016341106355,8.80900446735694,6.048168217962315,1.75536547624502,0.05946618330581053,0.0,0.3200319901896501,0.18168078787879852,0.35940315959582037,0.20206444777219973,0.264732149061097,0.12718953496754778,0.0,0.1654598029997759,1.707807503495502,5.56341591982601,7.051234688901716,7.31724432488798,7.8639587028223765,8.247172390633208,9.026179194802824,10.144669129810612,10.186254841646113,10.316716641163845,10.030936715371238,9.101111754136083,5.913489986637947,1.6620925238635247,0.0,0.0,0.0,0.0,0.0,0.05388484619416802,0.1160046987859403,0.033315538829711645,0.07321284012162342,0.17874837181910128,1.4887212726984105,6.25976851867285,9.28127467574263,10.252670425792092,11.111082625738492,11.273093727019171,11.380306816153915,11.30924406754409,11.005863794890672,10.658833006923729,9.965864881451925,8.940171040466547,5.865365278242604,1.6908973463649442,0.1462767997896095,0.17487819013988537,0.044209206518236954,0.0,0.0,0.0,0.0,0.0,0.0,0.0,1.5316561613137374,6.072852929975719,9.17856630405124,10.307167264237554,11.161231438463147,11.380306816153915,11.380306816153915,11.380306816153915,11.334318134746844,11.169359058461074,10.719143718762801,9.688630420250695,6.572706986401447,2.2331763649885867,0.5351605679340034,0.2691132004452872,0.0,0.0,0.0,0.0,0.0,0.0,0.0,0.0,1.019148909133014,5.9661967408591945,9.005742795595882,9.717256166497778,10.397381675593289,10.639494128093741,10.666135112521934,10.837484633474745,10.556000502828764,10.457553332007592,10.027458294794592,9.293903621588184,5.8409695301850615,1.3081239724692482,0.0,0.0,0.2635049213450958,0.29489691665877305,0.3812722536273423
0.0,0.0,0.0,0.0,0.0,1.8056339413208784,6.592550987340419,9.685981857403181,11.238203677881337,11.547068750834901,11.858265582416141,11.858265582416141,11.858265582416141,11.858265582416141,11.542512668351117,11.025583903676505,9.764992357007548,6.6186307781388445,1.8452126991246622,0.0876586894873166,0.0,0.0,0.0,0.0,0.0,0.0,0.0,0.0,0.0,1.548340209249438,6.714318405606209,9.963881684682752,11.125558319891024,11.634674032164805,11.718524750951449,11.858265582416141,11.834812289059501,11.85179758508305,11.858265582416141,11.48452687081976,10.34231925391987,6.628425719352043,1.6730654410699917,0.06507935281736645,0.0,0.0801088677382507,0.0,0.0,0.018894538256212737,0.0,0.0,0.0,0.0,1.7113528611918218,6.218931726246638,7.056688284327503,7.909923224399119,8.556150443464979,9.098457845691986,9.221739952875359,9.247054977734061,8.677447127797445,8.914277186413855,9.243860206895292,9.096396794416355,6.435775383312638,1.9212372895678842,0.06566192802656128,0.061131809682164896,0.1126714104806648,0.06635850911023275,0.217560205467413,0.13738995589729744,0.19744991377848803,0.16196397018157746,0.0,0.193762674669385,1.6558364730892148,5.628663887014182,7.262946789163105,7.591304911887111,8.191429184603335,8.672446463265523,9.415433537091316,10.614520797460026,10.654099908667664,10.771299228718638,10.402204950569503,9.42783871916902,6.0771835608921005,1.397494191783413,0.0,0.0,0.0,0.0,0.0,0.28690137684088407,0.1719577231503046,0.03668747252450552,0.11010692437136031,0.1683207999148929,1.7391415363255198,6.7625905448107515,9.835031346378178,10.668742137140214,11.54354672802747,11.844885005701821,11.858265582416141,11.853450808311342,11.464959606240011,11.203635126513529,10.376304688928832,9.276287130908793,5.959225836170772,1.9510944374581431,0.27241471232724823,0.1953439581256784,0.03626871104543879,0.053952056987427985,0.0,0.0,0.0,0.0,0.0,0.0,1.6233307400163064,6.2206217034757305,9.575985614701297,10.735717821905707,11.564589100293174,11.858265582416141,11.858265582416141,11.826609785611733,11.808338099560183,11.379765246001044,10.860036815996265,9.840544446498178,6.539952478157092,2.154248466139634,0.48396431339941065,0.1971003090160708,0.0,0.0,0.0,0.0,0.0,0.02128054437545453,0.017683533687786558,0.0,1.2379417169740359,6.416865449901042,9.5601905828575,10.413864450515593,11.1217613488853,11.387434816437212,11.38611874048549,11.602751062046888,11.274559745941898,11.011167853670417,10.583696206519864,9.607926961819613,6.23420796123299,1.5324423368841722,0.0,0.0,0.07071024685940032,0.10689186594260691,0.2124976731733271
0.0,0.0,0.0,0.0,0.0,1.7294897501089572,6.464495370797723,9.362038080440811,10.842808785479933,11.298278872891325,11.668206397668934,11.668206397668934,11.668206397668934,11.64748181008276,11.273126168617976,10.713495537778755,9.578270244305523,6.469681559919173,1.972810484871605,0.15446776674081916,0.04259568366113635,0.3875326269097621,0.39226901479555465,0.33835776342860535,0.16123453036761187,0.03724141675383606,0.22237917936938362,0.28265891292980316,0.07710501866338783,1.6119768735182687,6.797431047220658,9.93510606678701,11.088847801076858,11.584698807459635,11.571253801680383,11.581642175947126,11.399409213019952,11.365846773081245,11.316737588926246,10.680881731601838,9.673911861818286,6.329961160010219,1.508460865529396,0.0,0.0,0.0,0.0,0.0,0.0,0.0,0.0,0.0,0.0,1.8678602247014653,6.258489534523437,7.040896093937537,7.984272727716374,8.441886977801953,8.904815385199724,9.019054119127611,8.989686114832121,8.4726577638405,8.798777047668647,9.196770639496828,9.144357233199411,6.5411246707547575,1.9788992322513845,0.2230592059862413,0.10196930549869092,0.0,0.0,0.0,0.0,0.0,0.0,0.0,0.0,1.393654620494749,5.5804838066344535,7.332021641432724,7.660733672081948,8.286614269842328,8.893563921124786,9.657594526540366,10.653600165198844,10.631387251916024,10.758063242121086,10.61395575880351,9.60350084226019,6.5037433539934835,1.9538310287126819,0.06694636990210046,0.3171785497191489,0.29630008733840457,0.25364742870919343,0.23504198827622833,0.3102930873366283,0.18612712538369597,0.1837631477840408,0.08910576387960557,0.0006891439157733422,1.5087437517336537,6.4759485238689365,9.30940907556117,10.241920236275181,11.273744449713453,11.435627688395806,11.432155855742693,11.471246660617219,11.301211013609581,10.979926701857647,10.319147648428064,9.165306460598675,5.777058943634653,1.217209436281361,0.0,0.0,0.0,0.19223208612459827,0.3283732887638854,0.17295501916066555,0.14879395969691017,0.07008493756934514,0.3130804596923641,0.09142485046398,1.8689557784648505,6.401898756626325,9.737300626909535,10.701515211400038,11.351773749496353,11.668206397668934,11.668206397668934,11.569232738841851,11.232513655040522,11.049174184551026,10.472086327865284,9.571489321154907,6.444119913818895,2.132267022415161,0.6150769354181184,0.38944849850454744,0.0688105043572703,0.0,0.0,0.0,0.0,0.0,0.0,0.0,1.3873000261535007,6.657285013981635,9.550168707810778,10.262603095103504,11.009109013180705,11.207260801748333,11.229516139268302,11.437739859022312,11.175012122202602,10.907422289614079,10.611987552391588,9.409897488298206,6.250137523639772,1.806077842917615,0.0,0.0,0.0,0.0,0.0
0.0,0.0,0.0,0.0,0.0,1.627665159314222,6.293464287874739,9.205693634578354,10.648188550307783,11.01491096236501,11.346367262806456,11.511706365314547,11.511706365314547,11.358352265269495,11.0853834904449,10.420358916264862,9.45400076409886,6.273016296897408,1.5787612786078835,0.0,0.0,0.11884815815525275,0.30551161677862615,0.19559052119214554,0.2660213655885382,0.15146818139464455,0.1485030434459387,0.26957361307315547,0.05957870967615183,1.7593828545578172,6.897210073483806,9.767191720430493,10.923955449598187,11.301820270483336,11.365942469497247,11.343943090727569,11.288864364116638,11.36915914617594,11.353662422031682,10.66027167238794,9.615192768943551,6.474306289887607,1.7896194781072974,0.04041648021999921,0.06271569632927178,0.2868924116457984,0.2388394870419464,0.1261430493526794,0.2099806979235899,0.19703435478880504,0.05680617650471213,0.0,0.0,1.7603348893043373,6.094302735809735,6.896857391783113,7.825250799786981,8.31187744241693,8.809828323934497,8.865867662181556,8.889160435904165,8.350720460074953,8.659845970732256,9.016912863544055,8.798460857523253,6.2826690715381615,1.8857242123193523,0.16409022161222797,0.021185303292507954,0.0,0.0,0.0,0.0,0.0,0.0,0.0,0.0,1.409303982554372,5.551176690574138,7.092841377786039,7.4456109058285005,8.074484233385181,8.571412063510271,9.364622026717626,10.363039906088245,10.421784052242174,10.451816888894562,10.397374224416982,9.334161031735993,6.415409818174234,1.693003046661212,0.0,0.0019982973464993882,0.0,0.13028769188142925,0.052354899451353895,0.0,0.030600755397800147,0.0228770947677431,0.026941757800895666,0.02491335557187118,1.4675581310049797,6.309209398742054,9.347943064109762,10.363518153452803,11.1716580799391,11.288980323664143,11.314761767675492,11.306726251339278,11.225262953839742,10.963945025859045,10.387645286996507,9.153679945237842,5.890555635484554,1.392278856681917,0.0,0.0,0.0,0.0,0.0,0.02986154544579769,0.08239334324532256,0.03352001770821366,0.23054752170644408,0.18254852429600424,1.9363755485144838,6.317172869205558,9.515856605802677,10.541163377170868,11.226108292079536,11.511706365314547,11.511706365314547,11.45916090881832,11.193232731135376,10.896115552080849,10.301392654339702,9.414319955863899,6.450863935210229,1.9959739528733986,0.3737061444207773,0.3114632705733865,0.050676820278380004,0.0007443668068794431,0.0,0.0,0.0,0.0,0.0,0.0,1.2021944841960532,6.25918280318599,9.316230529396487,10.018847267654074,10.660976349638158,10.90838667958122,10.96294736205981,11.347248967058189,11.10226349534518,10.739257278017433,10.554689475158726,9.552576671744855,6.25690889821304,1.8179523752393216,0.0,0.0,2.1367176236651738e-05,0.05236978035482428,0.02746414398360056
0.0,0.0,0.0,0.0,0.0,1.9082150838501124,6.676844801198561,9.526278904684533,10.973952232761244,11.295239602731783,11.6289155313987,11.708947393262731,11.708947393262731,11.475288609927226,11.158388287445021,10.519023922694263,9.468469818214004,6.252987339712657,1.6523031661383272,0.0,0.0,0.06799606277034216,0.2621289662970577,0.04869336024674689,0.23339370928616318,0.1801665392056369,0.14786815830654249,0.14023767225296757,0.017017000445583613,1.7380730502243142,7.013528711837275,9.983017587195794,11.262853198230324,11.654213985806058,11.697276981538275,11.637162008191916,11.708947393262731,11.615080908051379,11.419390394602587,10.772415346927822,9.826107010230746,6.570728640913194,1.8942968860616958,0.21474343591490874,0.28064314767654863,0.22186859321060545,0.1867046689291692,0.06963751975369077,0.21335470873934143,0.16287768737314082,0.0,0.0,0.0,1.652533824616675,6.214293943777523,7.010673571640843,7.947089067398189,8.437602292726899,8.9361233104325,8.98415820026381,9.018309613212296,8.505951878436422,8.82985989163297,9.092642361205861,8.863529748302906,6.174816797551361,1.7203617243577716,0.0,0.0,0.0,0.11790502002380757,0.0,0.16895592866969864,0.16719839001549086,0.164573297628212,0.0,0.08956353559485054,1.6258966088595728,5.773159080506508,7.23607959701428,7.620078156789433,8.303320673407692,8.766214901392562,9.446067680554435,10.448101151478934,10.437146095095798,10.449645621108537,10.320518747692741,9.255725931335773,6.24554834207057,1.5331717260868214,0.0,0.0,0.0,0.0,0.0,0.0,0.0,0.02091482557602691,0.03793450860414048,0.09427593890580191,1.3193065633302967,6.500584036727694,9.690296973157887,10.637617275947564,11.283776469579397,11.645095822357904,11.708947393262731,11.558939820864516,11.385353438508714,11.235396115461302,10.579135406502369,9.357836101709742,6.218409505189981,1.8272242968748864,0.20287303002947926,0.10021508938866235,0.0,0.0,0.0,0.0,0.0,0.0,0.020755282796740396,0.0,1.6825061665565453,6.188490204231516,9.440141048790048,10.695880700298288,11.469212625925724,11.62002837538272,11.588621135314307,11.558361953330259,11.288351952133251,11.048161451100748,10.58167788407157,9.682345013392998,6.737767951603698,2.1886600257540416,0.3432471214184213,0.15726765487132316,0.0,0.0,0.0,0.0,0.0,0.0,0.0,0.0,1.4477808058548218,6.7090741764787545,9.645866776339185,10.358649630061919,10.919376552433487,11.10689526520762,11.118676644248437,11.358332548020986,11.160643924970046,10.836219460112446,10.47480798352413,9.46862196208172,6.118180195932948,1.5595011645702432,0.0,0.0,0.05747207340919457,0.1665167087182858,0.22901769746254516
0.03184700689932508,0.11430905212314721,0.16952896026300338,0.06833987748794244,0.0,1.9991584544692251,6.592176020930869,9.352253301989817,10.81965921559424,11.09618454948977,11.258703872688807,11.47915946534324,11.47915946534324,11.218941621718862,10.9434453415016,10.21400570482524,9.292358135805113,6.112152585313196,1.6168571445640614,0.0,0.0,0.0,0.0,0.025580936381140576,0.1315332464517107,0.0,0.0,0.0,0.0,1.5688889773528456,6.7437883330359885,9.682643848568345,10.679890599746301,11.077108056402166,11.290068799328054,11.400419069464053,11.372802936111524,11.41244066063902,11.331906262935087,10.556957685233089,9.521592842652261,6.456519514528662,1.8658771873250655,0.22030859414965337,0.3082574253819162,0.3469207476025208,0.44321838831350274,0.38299471521571465,0.2782041744189275,0.36990964598536336,0.2516850668532758,0.14640571059219143,0.1463881028440188,1.8658238188497298,6.239717609801053,7.158024175422924,7.942674868256453,8.525108986987116,8.991970251322329,9.054956683809168,9.15950415856925,8.565506870182531,8.832548352326427,9.132243815052291,8.902537686673012,6.368931583334536,1.887590630463228,0.36279992164854163,0.0,0.0,0.0,0.0,0.0,0.0,0.0,0.0,0.0,1.0977664455254472,5.254180791586326,6.877892364174906,7.3903857275557625,8.045006867078884,8.579099410323787,9.249958250573389,10.257960117953921,10.415271225329176,10.513567746362765,10.259225908715088,9.261967525946353,6.452919195077173,1.6108706384749687,0.02036568601073074,0.155387276471089,0.0,0.2707280335909892,0.3219876202684482,0.05902573684642893,0.0,0.001015765013434605,0.014083098206009068,0.03301711499737921,1.3188704993657705,6.332130598534499,9.211272263856047,10.270975183823596,11.045197813418785,11.101135501893983,11.165772936060115,11.153886134495934,11.105581506416177,10.80936183669935,10.33999772771314,9.253798728163888,6.051428839338345,1.1900477235986093,0.0,0.0,0.0,0.0,0.0,0.23641032927731234,0.4407890108424948,0.34215994177329034,0.4319605906785778,0.2510698968196693,1.9861043885598821,6.364818105466358,9.603593505005477,10.58869413856602,11.339539323330529,11.465876188674443,11.431092942768826,11.406319707044753,11.081196902666344,10.738094395789599,10.11446939305693,9.143935616418132,6.363095261608728,1.850112105500355,0.361510739416215,0.26495425304721487,0.03864998544717084,0.022372498907196104,0.0,0.0,0.0,0.0,0.0,0.0,1.3637689529283532,6.34981472178482,9.389184286922083,10.079170251889735,10.70864320793899,11.003668929072987,10.972743266038425,11.173405312244336,10.915219575950045,10.787924814894978,10.511545902201012,9.654713662264802,6.347295456064488,1.8512932251227674,0.2023545281905531,0.16256689726058388,0.07999928038332835,0.0,0.0
0.23367524465811632,0.2193875492698601,0.4364118349008826,0.1873923856484507,0.10399604312211613,2.058458893487509,6.5456125457910685,9.473436340913883,10.87053146453996,11.299440876564535,11.52646583917458,11.617898918386711,11.617898918386711,11.324343868866894,10.951274718598553,10.34944247906762,9.212591311537393,6.204979885774517,1.4688513626660384,0.0,0.0,0.0,0.0,0.15177437920570627,0.05679595550484062,0.0,0.03226885040311301,0.0,0.0,1.5050797043192965,6.618947640913823,9.748399667578083,10.84287032145788,11.35737935495711,11.40987562722922,11.550099514284064,11.514987278460385,11.572572591676547,11.58588622634662,10.869712952307566,9.895933381303958,6.715469761070007,2.0241433567529765,0.28928201056548286,0.13777326264289438,0.2605358583669677,0.16178877595935207,0.17240604211555421,0.0,0.15183795759347005,0.2530148467108469,0.027678022300070097,0.1368362821042323,1.85122831965492,6.278641831805638,7.196288221700809,7.956685393115024,8.505446601361255,8.9502345967097,8.993946058338693,9.168180444362951,8.711669442599772,9.06421761867624,9.250649360420807,9.120974032448936,6.354109767601638,1.8317000166010662,0.3463142913522061,0.0,0.0,0.0,0.0,0.0,0.0,0.0,0.0,0.0,1.3130532375717026,5.481832638222392,7.20738176312464,7.687839441290909,8.296906027092428,8.86427557773199,9.71631911242566,10.674765082446251,10.713487912838211,10.744557446113056,10.597583256823537,9.277795990314504,6.38089976991523,1.795527939007776,0.17774903955028187,0.3392857417009661,0.13191337161724598,0.11507615691163525,0.0,0.0,0.0,0.0,0.0,0.0,1.169864580796918,6.158387704275166,9.135726642092711,10.123652902094285,11.161790247932348,11.256688500757765,11.32943914213759,11.367254822762682,11.372922777603758,11.127752049733411,10.560989112220396,9.388020226834817,6.138116023148997,1.3260981031553132,0.0,0.0,0.0,0.0524589215922992,0.23558320221167497,0.33211135993429386,0.6128561433605427,0.5771668979618697,0.6933677626122523,0.3040013162137623,2.0969776151819235,6.647601108893552,9.871992244746775,10.814319340627385,11.382347440448848,11.60248221971513,11.606630871816888,11.521836605440603,11.13920429617956,10.725366034938272,10.065982413747342,9.158780710824432,6.275693248822949,1.7792103228959693,0.0,0.09621385802762877,0.08920656969904975,0.0,0.0,0.0,0.0,0.0,0.0,0.0,1.2366283799557867,6.252868391215529,9.415895346464959,10.200574354959487,10.898313791751201,11.16687998135714,11.155745583569763,11.299449186333392,11.242679615426672,10.889979786068567,10.707063076550428,9.738963925041183,6.472533668541399,1.942731858782149,0.35799401772081035,0.16612351061944286,0.24298145001695037,0.0,0.0
0.0,0.16382045833688144,0.2047348171849739,0.06552986293256799,0.0,2.0222577494091705,6.609013619586666,9.328136223570313,10.662480677164599,11.186560185182623,11.389809508105476,11.523670427497809,11.393660756136555,11.229294820236952,10.907643145460101,10.355655654786334,9.191633624148102,6.182171427426625,1.2772917032844116,0.0,0.0,0.0,0.0,0.0,0.0,0.002555607349497721,0.04581742147277575,0.0,0.0,1.6468610051320884,6.941523931803023,9.772739352343095,11.025754953722668,11.403266553125075,11.523670427497809,11.523670427497809,11.51879781227889,11.523670427497809,11.50753323804852,10.806744842977249,9.921336258048743,6.571203114572432,1.887009707598652,0.29049065995092715,0.11284514759067438,0.06830490732189161,0.0,0.0,0.03231400238186439,0.0,0.022968049371029378,0.0,0.0,1.4618063736162727,5.77620716199258,6.591812477364034,7.456265519902639,8.092702287225787,8.727410217150286,8.735184147097808,8.918302851633849,8.470266775177933,8.83617380253021,8.932546356256726,8.890151719022157,6.165319899123703,1.8200572682454506,0.0,0.02749726464554047,0.45819522848189537,0.5313040323977075,0.5379823708858785,0.4470870017337922,0.572569207178005,0.5515656272173575,0.35208626623067035,0.4425090942210158,1.8444404351202974,5.817750087517048,7.129417716829891,7.544375096312609,8.102926262068413,8.463011427763579,9.25936874535103,10.295357900032581,10.27964244525265,10.392813638732347,10.081497897676146,9.079619796984145,6.025062899534222,1.3849106293378162,0.0,0.0,0.0,0.0,0.0,0.0,0.0,0.0,0.0,0.0069979181939112236,1.4127829809089134,6.198990673108277,9.714019324845875,10.635321376576606,11.191238417809638,11.523670427497809,11.523670427497809,11.389185148472828,11.233698994015313,11.076951756735422,10.414693700446277,9.24705670309009,6.196458891363572,2.137383758636407,0.6009188435672929,0.37750258430870026,0.03680982961290112,0.0,0.0,0.0,0.0,0.0,0.0,0.0,1.6107884384682436,6.0127357462590725,9.157096714303497,10.518003583424424,11.320468498210438,11.444099947845887,11.40422816312035,11.3857714329896,11.231400746126605,10.939200438047916,10.469380460877598,9.491432711782313,6.476197420767772,2.1591144273689284,0.01434218770219223,0.0,0.0,0.0,0.0,0.19925578666278557,0.09831938467677245,0.1036192938728319,0.05797967365889242,0.0,1.2660516844521343,6.392406846965154,9.491322126632857,10.23197543778684,10.757412189626766,10.925474829093922,10.900323232803208,11.015498696258772,10.747526152011051,10.523449043454812,10.169428202508424,9.321050531633697,6.0095651807317925,1.5829707784656277,0.0,0.0,0.2896516552300492,0.35296650427299747,0.3315822512483721
0.07859413382404323,0.11772102450582318,0.14043064543829997,0.014031824428942137,0.07472394401248852,1.9856459836367026,6.310200788086673,9.079460139325462,10.437430263712017,10.823299813378762,11.07591237832375,11.122460106591905,11.122460106591905,10.998290181408576,10.655810064858525,10.050291164252021,8.941630786497152,6.05353428215697,1.4546715332533802,0.0,0.0,0.0,0.0,0.0,0.0,0.0,0.0,0.0,0.0,1.3698590604301775,6.3612890628477645,9.222114444318409,10.283601268737328,10.700277455136487,10.890701305770413,11.122460106591905,11.058953447116885,11.122460106591905,11.122460106591905,10.670445355321085,9.669321480131968,6.370085750161939,1.681856142855038,0.15463916165574063,0.0,0.15365579921307676,0.14187575275354825,0.06952808670202919,0.0895955969683783,0.025577813183237298,0.21640275909739054,0.14728028920369374,0.13895321929672222,1.8476129393337308,5.974143333884932,6.876888701727079,7.552774471344144,8.167853777991624,8.728528069608751,8.782762706416198,8.896564089162743,8.401614025719551,8.661620475178443,8.798898916321015,8.717826063179276,6.2733261674077205,1.9366246221225598,0.2921698968156452,0.04020259484794195,0.07391087692394545,0.0,0.016765707095667954,0.0,0.0,0.0,0.0,0.0,1.356699082955165,5.126451677925719,6.65442313798224,7.119686950672442,7.7278556635628215,8.112468259491706,8.983368147506912,10.01622944162673,10.133108239590127,10.186463141371126,9.86080671417007,8.829094975842155,5.859457575459955,1.3739145759218159,0.0,0.0,0.0,0.0,0.0,0.05000256418908546,0.0,0.0,0.0,0.0,1.3359861128981654,5.928668922126058,9.051742850915007,9.996466893670174,10.759978779983173,11.062738230286424,11.122460106591905,11.07840241958926,10.87037392417216,10.602982208553051,9.925308462020897,8.95521927846178,5.786155162593252,1.7224716262472364,0.1462721800699718,0.1679269642323253,0.08882052521796874,0.019478551449485054,0.0,0.01859395306119252,0.2291435033867595,0.21308823556814124,0.2405146338244345,0.2635034707709214,1.7796137972613402,6.087067633406166,9.183018940189124,10.144656170581582,10.894877229607326,11.091683302622258,11.108052871026931,10.957734860754622,10.837665283075864,10.329441629052795,9.886708844703804,8.7563878923302,5.958326003066566,1.7771721513665397,0.0,0.0,0.0,0.0,0.0,0.0,0.0,0.07636294356851737,0.2030032079636127,0.027594331850028426,1.2632840015133355,6.091815683337896,9.054142067991652,9.824973588386783,10.432739227504683,10.688771952963187,10.64774792645867,10.663772760715828,10.474803423004298,10.185974547012053,10.002686693231677,9.13179343471931,5.985925286326526,1.6607415077949126,0.10959132732862158,0.16009522177324598,0.2604203168906771,0.07651167232122214,0.0017731382231935139
0.1332271941867791,0.21732916052516443,0.1818177513181633,0.13841876441215634,0.08365606121631443,2.1715281071285757,6.77345158277358,9.658699299139485,11.221581681860949,11.616250069226908,11.616250069226908,11.616250069226908,11.616250069226908,11.480127677787827,11.056502471221638,10.484982986648475,9.408574751061405,6.210257304887416,1.6717318291005974,0.16595134207575085,0.14737300056315283,0.0,0.0,0.0,0.0,0.0,0.0,0.0,0.0,1.448314289970038,6.794706339499912,9.682692428491157,10.728320801863456,11.29676195402391,11.495574038065621,11.616250069226908,11.53215675766926,11.610715163849674,11.589365550726459,10.995720984676005,10.137153580251297,6.508230327559498,1.556139616144507,0.0,0.0,0.0,0.0,0.0,0.0,0.0,0.0539023098057772,0.08187353339409903,0.23734433628037108,1.9793680875616906,6.285017993280225,7.139363249469961,7.83761918886802,8.426836661475638,9.001368702127902,9.121042855871018,9.124542156818794,8.626725400241094,8.941800962032895,9.09659136933149,9.15478126833309,6.319329698418349,1.8575146600288777,0.1404543904785634,0.008102332559911475,0.34864185230195754,0.008675590075915385,0.2165364907943705,0.0,0.14480419672941333,0.005654157437319571,0.0,0.011751658722535521,1.5209780115379627,5.672589091117144,7.247132579213058,7.669326631236498,8.268915993079911,8.542702711694263,9.509620354745168,10.620441383309377,10.65837563347298,10.875158504237996,10.528337899083578,9.512237560440182,6.236227878541986,1.8322356033552323,0.12297902504162572,0.0572654061416989,0.06239407774806647,0.0,0.022555905643928943,0.22821267712425622,0.05993918705654608,0.0,0.0,0.0,1.33370543320134,6.34274815032905,9.210302032955251,10.09543407518435,10.998602680470357,11.302501804609006,11.51699773611195,11.359231469004579,11.176989481971617,10.803938659740504,10.104902405311153,9.163190945680084,6.000062453219771,1.6985678808289155,0.14983883414306817,0.08084644351779251,0.2664232527998552,0.029743170941085667,0.0,0.0,0.22636817025348455,0.10123855120183027,0.10165637156040802,0.02462900961554828,1.8365197198202847,6.442986436065622,9.621329340679965,10.593264679411233,11.44722843286606,11.616250069226908,11.616250069226908,11.616250069226908,11.441548127172437,11.191854933366312,10.681702690899096,9.562697701669524,6.425903283654756,2.0891271513963345,0.20938286013885482,0.04537405655344148,0.0,0.0,0.0,0.0,0.0,0.0,0.0,0.0,1.1455269589649253,6.265560661417452,9.301130841074036,10.106581432774224,10.754907595906534,11.022955156318249,10.945533642135509,10.98069005387361,10.845033635829434,10.839851845506292,10.311879755691834,9.50925200727698,6.146039524197776,1.5943025256151941,0.05026696652328214,0.014072308355579643,0.39304643818185225,0.1599924389901887,0.18806719539308264
0.03660908944464282,0.03532822198468933,0.01181851608753697,0.0,0.0,2.0196908346274203,6.647249984321997,9.716197664276573,11.186873127074584,11.68276028986999,11.78277599747009,11.78277599747009,11.78277599747009,11.705096499156651,11.228418869640356,10.708854088938695,9.528717900829964,6.4116965237969925,1.664668256708467,0.0,0.0,0.0,0.0,0.0,0.0,0.0,0.0025949244680905257,0.01799517659830608,0.06788245286308041,1.5147856836750102,6.845726489216553,9.83932914324069,10.908843365648227,11.403364539037817,11.50774368734657,11.78277599747009,11.59878178950989,11.654138422392043,11.705777738089115,11.02342564716402,9.951095871271692,6.390881514023438,1.6445343102903323,0.0,0.0,0.1487645971764912,0.0,0.0,0.010736835297728578,0.0,0.03537238509815097,0.05631968943130572,0.08339702210958037,1.9313223814249538,6.298900914285516,7.29114929789634,8.04594377505304,8.553477314360856,9.103097373531348,9.216850931397339,9.180123022931255,8.666728019571543,9.016730323058558,9.321408465983252,9.289128977515338,6.559644764531751,2.084722464966908,0.3162999167037516,0.1268830995142568,0.3101588242614401,0.17269749313181015,0.30755484111521253,0.032817791225848714,0.09574467528465247,0.07435542981366222,0.0,0.0675809376967172,1.638465840903031,5.685247555850276,7.177390121564927,7.588880208326264,8.201585801875567,8.70611416449059,9.68364638254385,10.718617577226432,10.79928469452822,10.859078510477696,10.561667852576846,9.469973333298118,6.340524613059023,1.779685266986315,0.0,0.0798664585451848,0.0,0.0,0.0,0.0,0.0,0.0,0.09748598257010896,0.14619589404263267,1.4500010024485404,6.443635392798676,9.565179634496662,10.578483919586024,11.596676269592853,11.714931622878524,11.78277599747009,11.716049697497578,11.41765370122328,11.115739843286395,10.400377863388474,9.404510485737463,6.1433522944506365,1.5793139346280616,0.021303871133126765,0.0,0.027439981576802046,0.0,0.0,0.0,0.0,0.0,0.0,0.0,1.6831658250723343,6.371961331713582,9.66597069032505,10.672029964252255,11.48633522716278,11.78277599747009,11.78277599747009,11.78277599747009,11.585373321779384,11.365255190386007,10.715424181941989,9.783376953023764,6.577540279210202,2.071845820104041,0.3222099278084373,0.19291457528049158,0.1836985252437825,0.0,0.004433361523214641,0.0,0.0,0.0,0.0,0.0,1.1607460738394062,6.250011837412698,9.455955262069285,10.348094531092363,10.992764979045926,11.27373249558001,11.229338191045093,11.419831558882628,11.148281995012805,10.877761312623457,10.502605841748636,9.70647771909586,6.170044219055997,1.5421319839250331,0.0,0.0,0.23594238562559006,0.2110827611089719,0.2521717399936084
0.0,0.004633804395081091,0.0,0.0,0.0,1.8843596514589687,6.439597510012961,9.242498529058652,10.63388047733845,11.078754712762857,11.357274803097708,11.357274803097708,11.357274803097708,11.223362633939297,10.787147895971513,10.343496225619546,9.144725816687243,6.164307807566088,1.6125479300203636,0.0,0.022363720605102305,0.0,0.0,0.0,0.0,0.0,0.0,0.0,0.0,1.5514384616589896,6.590422506286465,9.532245774280785,10.755284709152734,11.199071091824422,11.357274803097708,11.357274803097708,11.357274803097708,11.357274803097708,11.357274803097708,10.87944546642382,9.884731728444633,6.230713534778795,1.5741247947882473,0.2226646351428882,0.0,0.0,0.0,0.0,0.0,0.0,0.0,0.0,0.027823044192379316,1.6026501284891206,5.849967102165786,6.651164223553928,7.362990890421788,7.998784976314381,8.541208531821214,8.660131755335115,8.702656169909082,8.329575477539882,8.73528565997371,8.822187968173882,8.80236156405337,6.106680043417798,1.6481805232425855,0.0,0.04359288444934021,0.4993349907848899,0.3202026798380001,0.5658452215873306,0.2313141264865678,0.42622584484597653,0.3574591403790673,0.11680590462944532,0.3020609201240461,1.6915746446143478,5.656363497971304,7.114372873386967,7.619205599174732,8.077377768310672,8.5352006331402,9.360972260209264,10.310759101088408,10.310507953999883,10.41954911498472,10.03936251698683,9.121021187040698,5.997734331865528,1.6127276592710462,0.0,0.0,0.0,0.0,0.0,0.1198866450692908,0.02147999890281346,0.0,0.0,0.0,1.2501469968121424,6.256370477641795,9.275540279438406,10.055577412435433,10.81974556955862,11.317290291154858,11.357274803097708,11.284720372367293,11.008598702880535,10.676527419198191,10.107753050839847,9.096659919453808,5.926872266960751,2.041873215948559,0.38492048368536214,0.30260452918181385,0.2782029409791265,0.04406218542575439,0.0,0.0,0.12265984032947222,0.0,0.03847240158789352,0.0,1.6290677897907446,5.9784630237358245,9.164688287020137,10.310834919077397,11.10882737653811,11.357274803097708,11.291639440808831,11.290477800906112,10.92057063293315,10.822468247698906,10.290408063561948,9.097219754068929,6.1107701531452,1.826973049440833,0.0,0.0,0.0,0.0,0.0,0.05422833006890335,0.1162677428741789,0.17560672157248902,0.21871818611951052,0.046493319176393585,1.557144780749875,6.4992378356010985,9.420758806204736,10.165667163285834,10.678392406338045,10.872552798889162,10.818325336157743,10.867074272238407,10.593799839016702,10.458946037512908,10.009116554951031,9.204368850060701,6.015422262528764,1.6941443328839962,0.1672731737738832,0.1383796447330695,0.13094619227611556,0.09140276375385913,0.0
0.08213710975100028,0.0,0.0,0.0,0.0,1.8222319393034876,6.258160268037351,9.290281649842274,10.660433359279363,11.13444660127545,11.285149876725377,11.285149876725377,11.285149876725377,11.21121517064243,10.792071790898465,10.223514600673832,9.182049328048569,6.165344350850027,1.6173580185213863,0.0,0.0,0.0,0.07871527385752408,0.1740160449454479,0.1278521417284423,0.0,0.036063075898446685,0.09855816046958547,0.12023350662390161,1.4554106018130513,6.442512054505633,9.426063589135154,10.466587155470922,10.944610720965558,11.051570393973746,11.26013883032374,11.15297803575801,11.149945741505837,11.128127079425589,10.54706873820791,9.495350974679447,6.1453230024880146,1.6590080060873744,0.0,0.0,0.40625306021869223,0.3551828146828437,0.25174384096335706,0.2390491567156824,0.23454586679076625,0.09418317802661302,0.004770831138500999,0.0883976120509877,1.77695856862683,6.1481467760618,7.075477919047623,7.876897549949172,8.252425802895177,8.711130263860824,8.837971374582299,8.672403265352692,8.16880968350887,8.471497627609788,8.859379049131917,8.738530553648378,6.20349085469542,1.9103510963719543,0.5174995568265901,0.11873469067718277,0.0,0.0,0.0,0.0,0.0,0.0,0.0,0.0,1.4846599991647647,5.445244757606792,6.897809556645357,7.30992309893824,7.9434425522489835,8.419294139451635,9.381826263538779,10.316236347232206,10.442963780551592,10.344922066104921,10.133393981416514,8.989270615584006,6.048720753369572,1.4779286489750874,0.0,0.02039347737055693,0.0,0.0,0.0,0.0,0.0,0.0,0.07986159106268743,0.1331321711803544,1.4973098052220806,6.223816912306819,9.109105431511638,10.10416341819059,11.221759590495374,11.15932177291246,11.285149876725377,11.285149876725377,11.007074771795109,10.835999026066657,10.199963199020912,9.143508652856289,6.060620557632041,1.3908442757731219,0.0,0.0,0.0,0.0,0.0,0.0,0.006321829476949986,0.0,0.0,0.0,1.5847746445811859,6.022905893385118,9.27082263466456,10.108867913753967,10.85406028005182,11.285149876725377,11.285149876725377,11.285149876725377,11.05605560650114,10.901905686031661,10.188153529503296,9.612559102706737,6.573549139394157,2.115239142748398,0.47478842602608673,0.44942352507808053,0.43657209297771027,0.10056300691541496,0.0,0.0,0.0,0.0,0.0,0.0,1.0137896178289487,5.853680600515522,8.947172308559484,9.829469038839608,10.449915590910113,10.770251783523516,10.719796505827077,11.015950353573599,10.788382992833043,10.430727652614303,10.18009117837052,9.166006688759673,5.857624331926457,1.3483922403236077,0.0,0.0,0.16696501910285436,0.2034507881723316,0.29563481623535737
0.0,0.0,0.0,0.0,0.0,1.7025918623160523,6.234101457534158,9.186772292694608,10.447216379903068,10.807743410187705,11.204426177113994,11.261349731293803,11.173251629029245,11.088066659541532,10.716980529783958,10.221404288600022,9.114378929503747,6.1177687891117145,1.4813162705227545,0.0,0.0,0.0,0.2211358084060219,0.15583716529996922,0.1842052010996975,0.0,0.17761623090243764,0.1820546051592336,0.2131435506024043,1.6592924058908107,6.4805847094353,9.471894156385225,10.8982686756138,11.211253915963319,11.261349731293803,11.261349731293803,11.22827157847285,11.261349731293803,11.24644308320436,10.60005852251864,9.564798256502828,6.205680289783654,1.8211169316445728,0.18327800346047735,0.06415336953858888,0.0783859833511889,0.08679346955258907,0.038046131805810325,0.09095045737564235,0.05782554403306669,0.0,0.0,0.0,1.4236476524299726,5.754362187487755,6.566139525964497,7.472793705856341,8.00070169349076,8.512237069444804,8.625090759253794,8.602042777650444,8.10909036965192,8.450421600131897,8.791607173973029,8.649235528635339,6.176254292593764,1.902514996329574,0.166023911111559,0.11358954530254227,0.22674633684414636,0.3399991560488581,0.36715017022047175,0.28700489107044375,0.18087311670309453,0.23584287082170566,0.0,0.062255994644222885,1.4436091564316804,5.379807147547983,6.945628768448644,7.405603707938778,7.915920132482052,8.371854946123376,9.062267414235736,9.95495063891623,10.041675407157419,9.986781648718894,9.771599807136331,8.865016106263282,6.034887476695461,1.399509511432338,0.0,0.0,0.0,0.0,0.0,0.0,0.028711057289081344,0.1139916218119962,0.0,0.14263857413342462,1.4395092912240832,6.459845754733412,9.35844978527586,10.126017984563347,10.909880261767405,11.211351915360881,11.243589018557552,11.2105934268729,10.982789799867342,10.73889480602784,10.121889256519482,9.00684942614313,5.855029719332776,1.7409430203931595,0.1458895866825153,0.0,0.0,0.0,0.0,0.0,0.024012026030186647,0.0,0.006145923825150624,0.0,1.6451536434918541,5.888374349967648,9.044985287598537,10.163275207584448,10.947526126235003,11.261349731293803,11.230298689299133,11.205759908641088,10.782031321673916,10.742895329380374,10.224097929575478,9.29432663151899,6.463202569714289,2.2125589122947296,0.4600470126772103,0.6079559176397353,0.13744166943685127,0.0410855106494691,0.0,0.0,0.0060033401554313946,0.0,0.0,0.0,1.3927339606183584,6.284706064257465,9.25097800758778,10.019409407048313,10.502139672406612,10.75966866462475,10.742756385029036,10.978719468724764,10.682073278618095,10.33365454376238,10.10602208008818,9.108284843678637,5.810497719114565,1.3415583060356273,0.0,0.0,0.0,0.19019264545708417,0.25421996033393307
0.05339562479183006,0.0,0.025703288568547977,0.0,0.0,1.6506695774811562,6.108013743238024,9.153131203203962,10.524558789122285,10.913665687725436,11.211910700798624,11.333225382159142,11.330279470519715,11.184286277367585,10.837055772791357,10.117434611168797,9.202655078466833,6.349833166024257,1.6963979147885035,0.0,0.0,0.0,0.2113012710852091,0.21304593084833537,0.18824236473609768,0.12998153263169368,0.041183961667368214,0.08203350224301566,0.0,1.6395043629587336,6.717618176302046,9.488177482088751,10.560662925648886,10.85738735924481,10.933365669642575,10.882962276618976,10.833845735618562,11.135671642431857,11.148905615128035,10.472759110990065,9.356513943512908,6.591305375193735,1.8832491663114144,0.10281210934021638,0.0,0.3284849590193961,0.39763334874561634,0.3837277051558409,0.44955436587766007,0.5112711640602091,0.3993274505921493,0.2908574565249298,0.3117750926153178,1.9386013666430726,6.278194350323049,7.175984058754604,8.007419488690923,8.441826956074555,8.940609449235348,8.982643913274568,8.827494818640941,8.195276241125388,8.507063936277744,9.10195502345358,8.741535130030798,6.094406211923042,1.6722393790309318,0.34088266788849936,0.0,0.0,0.0,0.0,0.0,0.0,0.0,0.0,0.0,1.236868799168531,5.40478660353183,7.045724911441859,7.336863529090424,8.056338779932402,8.597380682919145,9.4503217406823,10.36795869283732,10.517525349087952,10.548103114800025,10.527016304954488,9.329351570887043,6.493526237843606,1.7532223954270028,0.192414332240135,0.4491318747951137,0.23956874055185035,0.22845359842114374,0.16499088444372007,0.0,0.0,0.060142610425873426,0.0,0.04584094741426478,1.3961037334148787,6.01159846637861,9.104001151946088,10.002062416552615,10.956588451192735,10.989370415409612,11.009219685671695,10.952791393333248,10.902327204151073,10.62484880782159,10.210750634966598,9.096627928936606,5.627843994025174,0.8933394296238161,0.0,0.0,0.0,0.0037850978512953028,0.04207571782147623,0.21090778483664988,0.3349434531596427,0.3072607456335239,0.4378299111354506,0.47139213494026905,2.0701421307542365,6.414245345009436,9.643094875806918,10.497712556521014,11.201422012418575,11.333225382159142,11.333225382159142,11.333225382159142,10.9568100194151,10.654044474195373,9.93339247992852,9.149925894621278,6.181976323222569,1.7034095695326796,0.25038349055181675,0.5129607484144034,0.6426170849270492,0.13168098580676793,0.0,0.0,0.0,0.0,0.0,0.0,1.093460371586068,5.937951350905785,9.100668846943268,9.90335107143766,10.464840073579147,10.833480958667108,10.857661617471273,11.308478643567351,11.208481121942084,10.709412886835985,10.52679608775787,9.503046195937742,6.215212232090144,1.7690037271675012,0.1560042094918146,0.08684839440143503,0.1851947461897192,0.0,0.0
0.0014733204560355064,0.04684080446047208,0.04234297673099323,0.0729950758739087,0.06691976961901873,1.9179271960260134,6.545229987981503,9.476946876993459,10.67739498479646,11.039804955681623,11.37567787897281,11.431668964371562,11.414561542455527,11.199409495744021,10.82779952443227,10.192102798170518,9.100743719274094,5.969177228342537,1.550227156757506,0.0,0.0,0.08169227067430804,0.08189121250696617,0.13655355256562918,0.10142061229785895,0.08436681716182355,0.2722077040748903,0.285299345735103,0.37093472316904913,1.6496293388217949,6.4707503222557605,9.641935686302702,10.993239407677404,11.431668964371562,11.431668964371562,11.431668964371562,11.431668964371562,11.431668964371562,11.289689014076169,10.719201089534518,9.566022395862285,6.065829017744856,1.911387816371587,0.39296971900635436,0.23428018787395605,0.1560094271346266,0.08843349335209133,0.0,0.0,0.0,0.0,0.0,0.0,1.365873511711069,5.816096225836364,6.783297544569066,7.721138174634783,8.187925427800108,8.740377208711797,8.863747974319697,8.80965112689946,8.348073709555619,8.652607215010898,8.799606214568787,8.640238794943988,6.206025113713719,1.8799681659738179,0.16461523176636825,0.18851389927577952,0.10007934658983668,0.3033032515469516,0.3060625873288741,0.29658615932318305,0.22302352537600167,0.3000181028981062,0.039362567556172914,0.16395172679189068,1.6009467413933862,5.570727676464703,7.067694210103818,7.499110997994063,8.186921754223722,8.435441688721511,9.226766418051914,10.053052102936146,10.103299831528817,9.974046707479003,9.81381461591365,8.720971490140533,5.857318387427807,1.2503746506305207,0.0,0.0,0.0,0.0,0.0,0.0,0.0028363424326565707,0.1307676733534884,0.007270335981831452,0.186315808150306,1.4889260725938014,6.489354737279279,9.59659730470111,10.41980110527713,11.293229467506517,11.431668964371562,11.431668964371562,11.431668964371562,11.235896743769745,11.092221518621638,10.332599382969786,9.218731578396286,6.200375106045428,1.8347868425931073,0.2918190505256337,0.16569567776891803,0.0,0.0,0.0,0.0,0.0,0.0,0.0,0.0,1.4537796111803887,5.9005342685606665,9.078737852456062,10.101851897822218,10.771712364373458,11.282302848721097,11.338997118865828,11.184699170665544,10.804237384397359,10.94337257082214,10.247636677208268,9.524015965237291,6.490222134742102,1.9826740217211394,0.29749007452581283,0.29216655461521746,0.0697579805249511,0.13312845473609822,0.139414712156154,0.19751674649369905,0.1590712958886573,0.1475490333746844,0.03860580393976189,0.0,1.6617913005766574,6.436823021023304,9.566210456899,10.301458928259677,10.754833204947639,10.944107780454809,10.814131711622545,11.0360014893521,10.793624882053699,10.401860354926662,10.220493882289508,9.182013342358074,5.998794797483588,1.4247025471747545,0.0,0.0,0.0,0.03015864386803516,0.19136718040348902
0.10730814687193631,0.08611579321689608,0.055127716175508525,0.0,0.0,1.8495798369968177,6.405989160536304,9.328059888317677,10.711488445389177,10.981509320617938,11.418327372090031,11.418327372090031,11.418327372090031,11.359673846305176,10.980529277718341,10.282001659274348,9.263368889920093,6.147860153074671,1.787799191689098,0.16497829063533614,0.0,0.0,0.1321433016940484,0.0,0.0,0.0,0.0010821466528577169,0.0,0.003279889664960772,1.556201612953662,6.717824518895869,9.502788606194276,10.682490064926649,11.255604860318844,11.39202342901605,11.418327372090031,11.418327372090031,11.418327372090031,11.382951226341305,10.852669069758939,9.843529104823839,6.7096316324893746,2.0063057112760943,0.3901571626222966,0.2533629108135796,0.1030535207462552,0.03947175948858219,0.04020321593167218,0.0,0.0,0.0,0.0,0.0,1.683433130198826,5.93698146390987,6.925411897322856,7.714163354040327,8.257593738940276,8.867652068135207,9.031476447583094,8.878310715253674,8.429881197177394,8.7776235578563,8.851904003792303,8.624638861229167,5.971615771630429,1.2827129852358918,0.0,0.0,0.0,0.0,0.0,0.0,0.0,0.0,0.0,0.0,1.380032776482931,5.648941070742784,7.2735149682356415,7.886887067484835,8.455166984572351,8.713544405685619,9.588856790339324,10.536231593283349,10.484315862433224,10.571643129470116,10.202715508111583,9.118356570047045,5.99773527607539,1.4980706065689215,0.16081501182419,0.09529149803510571,0.3253521236425167,0.20030243540989792,0.21296002549721166,0.22159844008644827,0.09950034416205887,0.08570197605766292,0.0,0.0,1.215906897726348,6.192079824821569,9.120799190857221,10.05766439487376,10.90537564078221,11.225600574713535,11.29293768894003,11.264411634708281,11.136973389663982,10.91795013565232,10.088063419980294,9.114185943040981,5.873623732206947,1.7068028996958025,0.15983312921732679,0.1703358691206139,0.1455004697131428,0.31769154005049977,0.25521452832310515,0.11995867588627553,0.19021622437308566,0.0,0.15724728772820276,0.10923264018431496,1.7139657201796992,6.011738319588733,9.360857976772184,10.410347805171467,11.140388566934941,11.390338299697019,11.321478035464066,11.275068240070707,11.043862508348774,10.553651175238343,10.053459738600347,8.979956136819544,6.0088403871814515,1.5815450799567716,0.06337726662920888,0.0,0.0,0.021092137462702946,0.0,0.07219482404273604,0.16360477369789167,0.13227186851974423,0.1592916385006656,0.18123281681782544,1.6732811788711575,6.59948638052554,9.591238158468277,10.303668774379611,10.81934148590451,11.051005251564936,11.024974223215077,11.212692593023423,10.99992459893551,10.613203073681163,10.198120876434373,9.18718756911008,6.1910643914839305,1.811409207813545,0.2515164614990324,0.1355474513555564,0.0,0.0,0.0
0.013527884223135877,0.0,0.0,0.0,0.0,1.6769664793701544,6.354364692547887,9.72233110500723,11.077990815213944,11.33212409584148,11.772746461671273,11.778003215120405,11.778003215120405,11.778003215120405,11.455014748188882,10.741400639137533,9.762470011952681,6.653240751531051,2.1874503824747316,0.2350070398692879,0.07274670110506064,0.15132982978947096,0.3902797638192157,0.03740594240131294,0.09474900132375559,0.025071440876556723,0.0,0.04136096292423727,0.021176221255108717,1.6221019233396372,7.033590170762471,9.85762019788149,10.910318773207536,11.384765342821064,11.388274759286368,11.249236157842157,11.17451135140086,11.435754026016022,11.337280459901827,10.75109558640416,9.595173552624598,6.697783453132805,1.6910583765620317,0.0,0.0,0.16726638200028154,0.20399011916185633,0.30019029122192814,0.343553549134896,0.3713091529394729,0.27382618613935433,0.1609929227308104,0.25242231724655334,2.1574650197764966,6.40519261231605,7.462709878303801,8.367339721360825,8.693268965562435,9.262499264734519,9.379132077839724,9.101467664885607,8.454814682201578,8.86419769550294,9.344409985746504,9.213243878049429,6.518900092672521,1.7237488120738171,0.10136296402490062,0.0,0.0,0.0,0.0,0.0,0.0,0.0,0.0,0.0,1.3353972002170922,5.649641011605485,7.294131523703532,7.69541458757967,8.36547725249056,8.888462442593722,9.932458030138134,10.891670917722857,10.962221491257033,11.050591532312481,10.846920417106555,9.762199732829028,6.626544194351087,1.7784431273576178,0.09199427130270608,0.09261814001852503,0.36731189581891766,0.21266761470796475,0.2661334104588547,0.02762515628394927,0.0,0.2339253091039393,0.17138308187154544,0.2016887319127819,1.5821578279703263,6.378062906514543,9.721204356972262,10.749072354107097,11.573258003656843,11.668806939046002,11.597240537221108,11.539906261821729,11.32315153095989,11.010353640025642,10.411001610052026,9.403782235940598,5.895680661021078,1.2352202613531447,0.0,0.0,0.0,0.15184610240448168,0.11667287233246187,0.03656667307059225,0.0,0.0,0.05320411641753476,0.14240041742705492,1.6824169913598788,6.1654332669009815,9.690593315653361,10.720179866800414,11.440962339830007,11.738714458872991,11.689635280136049,11.766358046021288,11.348668688327548,11.107885792361087,10.373975476182622,9.46276275691132,6.374521898982837,1.860062157523167,0.530725133000858,0.5091162731882992,0.5435119242620425,0.24108483197123767,0.0,0.0,0.0,0.0,0.0,0.060861675737381445,1.5044087034389033,6.544514129310476,9.778371550731563,10.534911600808632,11.060491470498867,11.396308016460301,11.374760803103706,11.778003215120405,11.71723604383878,11.110312688284385,10.614192541048658,9.492473803849641,6.197239152553538,1.5509212835366861,0.0562392719984948,0.0034662036159697875,0.0,0.0,0.0
0.1042866388084983,0.004251454414858938,0.01746795689353349,0.0,0.0,1.7649901931859608,6.308490093682015,9.165169904334734,10.630527815587117,10.959197698549506,11.313685001415124,11.313685001415124,11.313685001415124,11.313685001415124,10.967894766970348,10.243377784487652,9.337552854117746,6.358925942432239,2.124628841765064,0.46898176074213005,0.23708960750606115,0.3839439269920488,0.40552399584031074,0.31584519257877897,0.01951678996973549,0.02979123779850648,0.09335508609770145,0.02324972858934667,0.20339382001394096,1.6598748226163988,6.796761331106904,9.572406744541095,10.857683347237701,11.313685001415124,11.288362553072792,11.105335691685951,11.009780555202013,11.083768688333592,10.787289489882124,10.104100609689862,9.060715394977269,6.236027336123666,1.4891553211955726,0.0,0.0,0.0,0.0,0.0,0.0,0.0,0.0,0.0,0.0,1.6899177081880004,6.07601058318499,6.959076936976234,7.809417173805124,8.283026058847724,8.852919050752098,8.98246605572401,8.827650550263815,8.384693487195392,8.823395413275716,9.164058578541328,8.952371919691062,6.48797865019143,1.9566419677388533,0.3421714714006475,0.16451691012170663,0.0,0.0,0.0,0.0,0.0,0.0,0.0,0.0,1.2288177289224003,5.490272769372396,6.957127396400545,7.389721751054369,7.902837998313257,8.385382671030866,9.182895146130642,10.098273567104416,10.18531033743405,10.279824280334847,10.218770819559643,9.159167531223629,6.105645488110348,1.599383431045566,0.0,0.05992034510637407,0.19407647771182035,0.26454253246894965,0.2923498484715017,0.24793380051804575,0.1310326782963036,0.23545098358608976,0.17371769555634917,0.28869009770232473,1.5624498872285373,6.21917402651882,9.258554988389559,10.280829733464682,11.04872888278072,11.234460554699933,11.154461281930965,11.061893507864978,10.7664818025755,10.694569987476624,9.934884398939515,8.85854850932209,5.69060778820853,1.2624113948126765,0.0,0.0,0.0,0.17659094561896002,0.12945521986319813,0.052964991582849466,0.0,0.0,0.15904501721762163,0.10411097110875189,1.7665246724595614,6.226642432563701,9.363757349873776,10.408690867997569,10.994020363989831,11.313685001415124,11.23904477359773,11.266491418693233,10.946364852767648,10.687394248539958,10.180747697677871,9.294884147654198,6.374935642469397,2.071450081810546,0.7355304368867585,0.4513874267858111,0.1501476884620036,0.043102365023916435,0.0,0.0,0.0,0.0,0.0,0.0,1.2849115274530363,6.3345489302321125,9.432330467155206,10.12588745054747,10.682578728217926,10.871497369615073,10.844183571110165,10.971168727362935,10.931443550685923,10.522566695716481,10.196986001746561,9.045399599212814,5.927722093716524,1.3423462673308728,0.0,0.0,0.0,0.0,0.0
0.04733240967841204,0.0,0.0,0.0,0.0,1.7946385923620862,6.349818880087567,9.240386242780877,10.722783028660423,11.109768732907966,11.312764737988392,11.312764737988392,11.312764737988392,11.312764737988392,10.933165917101276,10.282327212435245,9.343660333935546,6.428307297252047,2.1652114913923506,0.4751643486226531,0.16725978644273273,0.001654294382873909,0.0,0.0,0.0,0.0,0.0,0.0,0.0,1.3532437383970792,6.457873036613487,9.313376472184435,10.415697711797053,10.909430117815987,10.945282968127003,11.092802838591977,11.0523722109068,11.260454410527407,11.166315645321351,10.713553975939826,9.595539233512918,6.40284126129831,1.701288581771352,0.0,0.0,0.15626454879087084,0.21735592427389566,0.290477135155569,0.2253775705118583,0.30369667683710666,0.22890220707283215,0.22044857060274925,0.2877288419984294,1.96794782242948,6.241512537858608,7.115038635535188,7.915308832238699,8.291480220161777,8.913741699478818,9.030991194059153,8.819134974706158,8.261271204969589,8.574876938272512,8.973220439263368,8.835292391327108,6.1929681386101265,1.5907916291072322,0.06992394899724101,0.0,0.0,0.0,0.0,0.0,0.0,0.0,0.0,0.0,1.251114681592609,5.420491638413543,7.001535514660971,7.539798926066107,8.21188326477324,8.657277605300726,9.522658913921113,10.459413496554982,10.545557165822693,10.59069908096011,10.253521401649541,9.272353140667784,6.148901047030585,1.630223291233443,0.03775857181694033,0.2327573316490528,0.33222128623518704,0.0,0.09954937912157229,0.056683435739754984,0.0,0.09010077017329948,0.005041701716654792,0.10101213205720103,1.4488036610693629,6.19563968875837,9.192032668542986,9.994248875778508,10.96100951131415,11.177281677643633,11.229722818009403,11.103865969152862,10.878142233305983,10.666507856456464,10.020740511877495,9.022186946132445,5.848467633804878,1.3573066085319787,0.0,0.0,0.06055512264573742,0.15817250389342985,0.049167651728266815,0.07164413448083391,0.14268636734782464,0.04107700631879655,0.05112515158636323,0.0,1.575550745686433,6.060055484415066,9.27233021469478,10.301186522404002,11.059693687814832,11.312764737988392,11.312764737988392,11.255196945483023,10.97473879767669,10.708951924006016,10.072463529853593,9.11404187985135,6.154329108285849,1.9295951981944168,0.34180872585729644,0.12649024207576412,0.09074525762486353,0.001965322714233902,0.0,0.0,0.0,0.0,0.048207436963743695,0.0,1.3169774619920094,6.365756477085013,9.273558777130443,10.074830299419553,10.631524844532937,10.918067140998431,10.909594645386953,11.060545994575907,10.951440614758441,10.641296029085737,10.058524538267402,9.094382183707436,5.977002775742898,1.6469005880069163,0.03761289811945214,0.0,0.1689121843756339,0.0,0.0
0.0,0.0,0.0,0.0,0.0,1.7090841276551052,6.202826422532553,9.439478331108738,10.782588625631254,11.10268536829922,11.465937761768972,11.482723936976962,11.482723936976962,11.412154380043688,11.111012751229808,10.293747224334485,9.399232165376233,6.304864411485437,1.7512225537605337,0.021266904555414787,0.0,0.0,0.20330775509996915,0.13499142786679308,0.2710492092173187,0.031762370602496585,0.015837510515084228,0.0,0.0,1.5460179612042735,6.748767238290586,9.531608602850872,10.68674330214693,11.060797270155232,11.098152430257855,11.01653148414235,10.972349197818586,11.248640087187514,11.082833659422608,10.566258041711498,9.525344072895773,6.6174263338457795,1.7488397327140273,0.0,0.0,0.3219774106147859,0.47159456617477075,0.5185413680768145,0.4130324955300498,0.5370762457905707,0.37685711074809897,0.28159707645250137,0.3003471840257918,2.0320451834293842,6.2902670232102995,7.284236371724464,8.133322124411594,8.480908744239672,9.077276527989808,9.195598325168596,8.961199640485741,8.329792786370563,8.680513382235395,9.25536767641068,8.921456526159004,6.351773441755568,1.8929083510425322,0.38037966832991926,0.006401190114841086,0.0,0.0,0.0,0.0,0.0,0.0,0.0,0.0,1.0485053396300155,5.3039680108926595,7.001519428411647,7.49803185032862,8.150903599937275,8.644051395036891,9.59708946971355,10.553403196128995,10.734284055474916,10.731147341743439,10.58518646304201,9.436058265973196,6.496513993033206,1.6593301192476582,0.11234930225321126,0.0948969689208988,0.19826015183849346,0.15756316478239943,0.2040010976773837,0.0,0.0,0.1429748665092797,0.04430660012194186,0.18075740642440397,1.4432267639900997,6.182577747920778,9.258509181107927,10.264974737195583,11.19159816431548,11.237761857196656,11.261147245539908,11.237372420121986,11.107690558680693,10.848917493435083,10.30050864588222,9.126546135536802,5.726085974133317,1.028293795002952,0.0,0.0,0.0,0.01463099454730191,0.0,0.12532469195658644,0.22943370419265668,0.1657355899138898,0.2610780330983661,0.311101062789051,1.85010825834319,6.388422961042751,9.626813990193165,10.575885829636588,11.289303066941944,11.482723936976962,11.47757980858818,11.400363128861953,11.10184968698433,10.792693456862223,10.13630582280264,9.288564962649298,6.349820096569088,1.8303104478314831,0.3744146592883577,0.40094595830630547,0.38094046798379866,0.16155945049289153,0.0,0.0,0.0,0.0,0.0,0.0,1.1840024924325818,6.213778570280994,9.329714567641144,10.13814418481066,10.689364644846375,11.068274598873625,11.050422091570143,11.438874964986,11.341674482612667,10.828104169286222,10.405775061339877,9.310206439452555,6.143974199023433,1.645086578015762,0.12833823081366694,0.04173775485767732,0.21392498439760532,0.0,0.0
0.23772004649515455,0.12038478317070848,0.14943836326625268,0.12250300683130992,0.1529216569667211,1.9672362542681283,6.507511430253567,9.282700461773711,10.623028360313855,10.873775519415151,11.147021324834752,11.21937489566626,11.21937489566626,11.113479323228715,10.746751521985725,9.960501940457686,9.063675698505294,6.250675513135145,2.2738406629537113,0.40812257871946483,0.19200675637370682,0.041075517871804516,0.09082299156288234,0.0,0.013600268989811967,0.0,0.0,0.0,0.0,1.5114123022819619,6.601224805568874,9.464088608901344,10.47749333480403,11.020620580834427,11.07304809755981,11.148281874956913,11.05951640964366,11.191132554388144,10.91772491706957,10.350682661241432,9.268873196587538,6.327494173179212,1.8557196982487114,0.14870352649203802,0.08193045514551642,0.15089593703814466,0.34420096390819244,0.34397505961740055,0.17290200333440864,0.3891918827419618,0.10590268810923899,0.07164088563437361,0.13407648488469132,1.8019938483338462,6.189135924280016,7.123323266908825,7.900383872718764,8.334744701921993,8.875938658613839,9.03215124582157,8.77320549547481,8.234246423933236,8.472588031142639,8.72512403458175,8.515678783514907,6.0697120075606,1.6180464835311392,0.12298749943794443,0.0,0.0,0.0,0.0,0.0,0.0,0.0,0.0,0.0,1.1912557259202885,5.377445632633964,7.02408553904223,7.51543058976257,8.221428267571648,8.524563488513866,9.480149421784079,10.345651829109325,10.405046142212786,10.470528544606516,10.053731157529786,9.100652949966792,6.032984859942969,1.4579920605399495,0.04828492626319986,0.0,0.1724342393480127,0.1708599204955926,0.25441805158237873,0.06268866012074735,0.0,0.016858248759915415,0.0,0.0,1.1868346890893202,6.138671789601673,8.97059761370248,9.946896023860605,10.714401191635758,10.929326659281443,11.004792484897322,11.01094009087771,10.86345973894594,10.72669707232339,9.955894412424957,9.008636134683274,5.885114640254582,1.6508642539529315,0.07189860669507582,0.0,0.06602169403149641,0.2939584494892241,0.21222537847900852,0.26848850346900843,0.2884481402018972,0.16894322394213745,0.1761330616241594,0.13061723400444084,1.6386492892147866,5.891492288273179,9.186553589432119,10.337129574065916,11.004058222810249,11.075960403014458,11.023898679878902,10.922262897509352,10.612124768938871,10.339632618685147,9.731798024686263,8.82406484772461,5.990981457437351,1.5230952948067489,0.00681098302080398,0.0,0.0,0.09831846876432858,0.013502148997088508,0.12837669602246984,0.2579454812552942,0.23677670277724183,0.3368057434907494,0.3835175263979544,1.5922533543604058,6.493278916593108,9.344285524054996,10.053866909081403,10.544736495007655,10.845239607047576,10.895764595869748,10.980689562853254,10.84016932003101,10.518861446797153,10.016247011112004,9.15864293667421,6.2927638439513816,2.1282212106784097,0.5643597834345557,0.4099858189199278,0.10081773089728467,0.0,0.0
0.051155893281239234,0.0,0.0,0.0,0.0216791409537815,1.8865128418309884,6.552836328043572,9.641153834606545,11.024341746338106,11.304587676305832,11.624491617872872,11.624491617872872,11.624491617872872,11.583428458422983,11.174836684077981,10.466203578339735,9.458187371217143,6.3512010758544095,1.970984884620375,0.23445607278946104,0.0,0.0,0.19017113727364648,0.0,0.0,0.0,0.0,0.0,0.0,1.5005054587465798,6.66957515230603,9.636332126572936,10.743811045282317,11.353539895630798,11.378409211114386,11.496863590642144,11.437025632717377,11.594589960752828,11.387558608238082,10.910586436200193,9.871045861767197,6.837163976940165,2.0282152123993624,0.17487239951023656,0.19469880703354242,0.18178333825301096,0.21730961410370248,0.298353577684901,0.09542696049703078,0.18605680997657553,0.0,0.0,0.023170232207739623,1.8736997018340773,6.212526563326971,7.152687571016406,8.044136786552547,8.45832767321535,9.048652595775183,9.21556586855808,8.999047689430867,8.483436722996917,8.888596001063933,9.14589534004775,8.848058039873775,6.207675061724539,1.4282473934275832,0.0,0.0,0.0,0.0,0.0,0.0,0.0,0.0,0.0,0.0,1.2722145760825743,5.582161162888969,7.390932883426832,7.8365074840402436,8.552020825555717,8.949860585923778,9.80651576318952,10.661932082291147,10.736425704582471,10.824494801152067,10.460937738268544,9.426678247127999,6.256061896115546,1.5489381960197863,0.15871364310082461,0.0,0.40589567288947215,0.2579531519229188,0.30706841308890526,0.2186832578535234,0.09843906648758842,0.12416002117594735,0.051744711420038565,0.16069172171292906,1.357945223936345,6.458623520433021,9.446304587372284,10.439334629376482,11.279574243093979,11.56809793507888,11.536807759076906,11.496779060051528,11.280001053289222,11.062137313449082,10.343336979131275,9.271063665666276,5.838894424065132,1.4829877063702754,0.0,0.032820355075786505,0.0,0.2505878396032778,0.15818336737605687,0.0558477686934374,0.111631544005582,0.0,0.023506736060562007,0.0,1.464742436615714,5.9879918355650625,9.501762890679947,10.575337420941484,11.28486710523922,11.554002112656732,11.519998643270707,11.41526108425471,11.286912468382662,10.914626582707445,10.306688810856864,9.236299420964702,6.279358388314713,1.8693425656120133,0.3797847710515979,0.17013247222477362,0.0,0.081768628268545,0.0,0.0,0.14878699325905567,0.04808012952008414,0.03164959881744204,0.08429552780287183,1.562174855061897,6.772312384968669,9.727715238018915,10.473724722283523,11.01459370634316,11.261234569298667,11.278701222240072,11.527335482812003,11.34574922382021,10.85893339521766,10.36903843592085,9.233529311937778,6.1334766036266775,1.7251290475596899,0.032661703239184374,0.0,0.03861791616296586,0.0,0.0
0.04372433085962393,0.0,0.0,0.0,0.0,1.7472386989268833,6.297151058193753,9.324880948748604,10.680259376739851,10.992432319447797,11.387468612704778,11.387468612704778,11.387468612704778,11.387468612704778,11.106994466695314,10.40811819563697,9.321766862001727,6.248436777481003,1.864725562781263,0.09214742952912812,0.0,0.06372811089324194,0.11348559242489599,0.003142413787869982,0.0,0.0,0.09353098966162067,0.10250990867258948,0.3143286400723939,1.7353877933905997,6.829474594245804,9.70222436946181,10.788573666858987,11.292221540992545,11.277686873687047,11.320041304177861,11.090337360580426,11.252012626675851,11.03650940734131,10.491318882958714,9.41079119018838,6.323092731137439,1.6682087362210665,0.18068891476469973,0.19226342219451975,0.1348219736123573,0.17780980140615865,0.13525523628764524,0.0,0.07091327915845967,0.0,0.0,0.0,1.6889671651711768,5.889570180966464,6.9557396803969045,7.795816843810583,8.285597257977827,8.874448120196703,9.063343816740417,8.86058880518265,8.394155217918701,8.754956919340682,9.023693510399463,8.799764337953384,6.366474104358861,1.6694846090550772,0.039036253299583115,0.0,0.0,0.0,0.0,0.0,0.0,0.0,0.0,0.017121341880112013,1.3442927237510094,5.578795115689902,6.97412012266051,7.333002330333545,8.0464546722047,8.38857592562155,9.315041846420199,10.169152083829447,10.349849207178844,10.34440837907009,10.017767286166759,9.077771920920531,6.00144585146068,1.4226033853604874,0.0,0.0,0.0,0.10696142203330654,0.10382438518657602,0.13287711173085506,0.030184328729787192,0.008762049051676619,0.06301440945158088,0.18006173222997326,1.52310624204735,6.210063192406586,9.384306520427453,10.469518918238533,11.206709044721396,11.387468612704778,11.3585730370753,11.387468612704778,11.10474849611,11.001913722622847,10.156732389127104,9.049572059963143,5.82334696788178,1.5861904244688652,0.11176331681683621,0.0,0.0,0.07239478022078075,0.0,0.0,0.0,0.0,0.0,0.0,1.443747596580597,6.022476796938443,9.237772041834768,10.364687273955974,11.067217234848329,11.33738122879043,11.387468612704778,11.25051124047618,11.168617817991946,10.936110653325503,10.405528100818731,9.485867287632155,6.427720751613531,2.1102614270178854,0.7133908305129519,0.3414412347465084,0.0,0.0254685657558517,0.0,0.0,0.02004446767598803,0.0,0.0,0.0,1.2641295945622129,6.364896698604776,9.352269708210237,10.130313557730267,10.648475736788674,10.883321860245381,10.869647164149189,11.100051573640867,10.959050232615867,10.42310965901497,10.154195915244566,8.968995404760717,5.814665806266141,1.4244603496321988,0.0,0.0,0.12309826932267504,0.0,0.0861868198381513
0.0,0.022652585425540894,0.004063511086678409,0.0,0.01366405144729395,1.8301123860415889,6.514583321021626,9.484574787322973,10.995718324382576,11.347070599631044,11.575169637872978,11.575169637872978,11.575169637872978,11.516232726579373,11.107473813370897,10.468727512906034,9.448307723277042,6.289896695722872,1.6147553915604944,0.10805183770837534,0.16007684052440224,0.0,0.007794447095315339,0.0,0.0,0.0,0.03781143790308877,0.0,0.0,1.5337048922055148,6.951978629624282,9.780381866204781,10.652801180683504,11.166374158169154,11.306846074881094,11.331734749469096,11.22334613778824,11.444319538974542,11.23584428992445,10.675467578261806,9.694864562462946,6.410709636615369,1.4974490395850433,0.0,0.0,0.0,0.0,0.0,0.11463173706929403,0.09865243732765859,0.19389272043734052,0.4182287730861245,0.3566012921655143,1.958466304182156,6.30346631516615,7.143874077736736,7.894361378578555,8.339946892205166,8.937040504799905,9.09208244507312,9.003899926774167,8.521534038299011,9.043491092227345,9.257134635931168,9.215744122933346,6.540424794290286,2.2180351237572915,0.3119431876568523,0.11493277462312,0.22155085427880775,0.20594608082884722,0.0,0.0,0.0,0.019107222763759788,0.0,0.055715297407370225,1.4982738555319846,5.5789871066236785,7.00521047770981,7.505099996662892,8.233009901396217,8.76888154170507,9.701112603630241,10.570002216407122,10.672683695078279,10.84522511814381,10.636600153442958,9.554653440755562,6.376337820922634,1.7742298120103075,0.0,0.01332851450468976,0.0,0.0,0.0,0.0,0.0,0.0,0.0,0.06290787960926099,1.3824913087600572,6.143845973701884,9.402743110338614,10.33942079608481,11.045706103390298,11.455741394266562,11.564256953780323,11.407829626287153,11.059275032899702,10.946218328624113,10.139410345740718,9.214347006837523,6.142681365321762,1.631504398780847,0.14892017856538414,0.16874050188950326,0.05372354455347989,0.0,0.0,0.0,0.07004675477111018,0.06914881661369085,0.0752848836691997,0.20096318434344826,1.8017866333743942,6.339421529100817,9.580373485662312,10.747825083281802,11.500028939603329,11.575169637872978,11.477072769797745,11.424054111279432,11.18297396718915,10.888281821448503,10.170642272370692,9.244023132580544,6.148867312440352,1.6916795688956763,0.0,0.0,0.05095120698213261,0.0406184230911951,0.11617451545436629,0.07721403041408934,0.061159592561436285,0.14280111191175116,0.3181016021017643,0.13493757979714507,1.397426997274807,6.46462106956726,9.575222439355443,10.396661159981067,10.928204155161431,11.18581028534714,11.178716385249732,11.19980697385872,10.95547448148414,10.75271878425349,10.23976467745325,9.357104674475616,6.241655829285334,1.7999569287392723,0.2486438460353413,0.19458847562888673,0.16962211879870442,0.0,0.0
0.043350959041072376,0.2697416886733838,0.34218531503770977,0.17199760658955435,0.2030739306101843,1.8701684835272503,6.413555570001836,9.274340381158504,10.700327145081115,10.976139198402379,11.326466400336294,11.356595479247916,11.356595479247916,11.20351660819717,10.847221127477278,10.102226683505496,9.163211395692795,6.021457862530324,1.344551099234409,0.0,0.15045890699935502,0.0,0.09752557899420239,0.17669971184962768,0.15694175056646445,0.20058463053910425,0.2079619945963249,0.0,0.02374843490544441,1.6086022520490453,7.02684038336684,9.745573796502402,10.709071414714463,11.188916426147186,11.331428120139085,11.062083225207433,11.004282235581206,11.15407675949919,10.880380036926047,10.315826351845171,9.416464885010267,6.459261606089693,1.7328214118635017,0.020549322381015533,0.035903617198540495,0.0,0.0,0.013009707167087223,0.04838462653093292,0.08695072328473862,0.06468114519110264,0.24249593249129428,0.18486677118173647,1.7458374650228332,6.098342181580871,6.889535449091594,7.785869116106869,8.243775609284691,8.832468433504353,8.972873596524042,8.889742113481688,8.486861295988561,9.000125148712382,9.035905037571302,8.887723580268602,6.273242466176303,2.044584103541673,0.21751679551243025,0.0,0.10776715376764613,0.1645596700363613,0.0,0.0,0.0,0.0,0.0,0.003198216153024362,1.4239387853055105,5.503673971063921,6.872428684718318,7.365377916295953,8.013072561100936,8.489470767999443,9.267155025673292,10.122868927077949,10.269695895796012,10.447446630881151,10.316584486385299,9.33246967011684,6.32753369902525,1.7818229640304701,0.1627734847526488,0.021244076323601174,0.0,0.12220098620759762,0.05606153728706796,0.0,0.0,0.0,0.0,0.0,1.424111734747477,5.866129633375257,9.12483895746898,10.208619358812935,10.754405829496491,11.093446303464278,11.195016701571845,11.090550500283332,10.747604956528056,10.690680559963848,9.951018780194847,9.017663779011194,6.050035473258045,1.5457887746820727,0.07673200466002832,0.142403494824132,0.0,0.0,0.0,0.013634314097901772,0.15389043884557013,0.24756360921125772,0.28708896615272084,0.35046947908003445,1.9674090534331048,6.377217233825412,9.485367130402627,10.673699023170862,11.356595479247916,11.34467719813363,11.184719609942917,11.182357885469255,10.913149725517162,10.498706679381272,9.86302711322561,9.00310827274661,6.029969953460759,1.5748876029061303,0.0,0.0,0.0,0.09944719832906325,0.03244125176250809,0.19583753219401837,0.10153416249185089,0.11265783018726064,0.20212266637275475,0.08751680694624299,1.3796172754989127,6.28630877959421,9.421926838228373,10.183405970107025,10.64749599812775,10.867184434492815,11.000805647190056,11.006900507367998,10.698293043033724,10.494294607120073,10.172106380929948,9.29706072565791,6.266895797026104,1.7661358404288725,0.20023310487538168,0.1272775578933569,0.03294783645839472,0.0,0.0
0.013064357300522751,0.1654498953764575,0.24964328080879924,0.10511034542611393,0.29346248184012597,2.0373540629146225,6.704751375126487,9.702160325480154,11.044654391367144,11.379110586367442,11.607292616953478,11.607292616953478,11.607292616953478,11.439681235354834,10.994543108807598,10.386911204410016,9.28816299416269,6.154782280247041,1.3120226341324748,0.0,0.0,0.0,0.0,0.0,0.0,0.0,0.0,0.0,0.0,1.2869426916722686,6.514182382985764,9.475537029684563,10.579287304971796,11.199313676200628,11.36943785174463,11.490754187403383,11.452969570516869,11.607292616953478,11.607292616953478,11.090948053609928,10.074253081776574,6.793057540764619,1.9649963901257228,0.16679121675904673,0.0802802413696289,0.31881172634967975,0.14285507291948057,0.20778144905618523,0.2224785824550156,0.3138574637207477,0.24359183285550162,0.32998077805127535,0.2849965472968312,1.9381319108035095,6.381189027445467,7.174700574489929,7.914577254293205,8.474686081568901,9.0511861847679,9.22365434321027,9.148686325830004,8.646312952170534,9.112104141729018,9.211324910143023,9.008589069345065,6.2760342739903425,1.7790620914431374,0.05977661224081475,0.0,0.04363518823389941,0.0,0.0,0.0,0.0,0.0,0.0,0.0,1.3092395003649384,5.440762056423911,7.0433254527156555,7.581751746332888,8.235784549499003,8.646641580233322,9.626854686005908,10.455871900802519,10.64912872457257,10.760454767122575,10.491773997775674,9.331416673862547,6.359182708664088,1.6925474676336147,0.09578446475141225,0.33910589292393445,0.0663516490171758,0.03048788477792367,0.013703563205445772,0.043493618723693186,0.0,0.0,0.0,0.03894667652541289,1.3383512767502055,6.3008287424412694,9.286029333224507,10.229480374272264,10.907029109762924,11.285814117114809,11.39822705374195,11.37170088836227,11.032838309926401,10.86635533331809,10.309484357271545,9.170643523364104,6.030780880353172,1.4699953546495503,0.0,0.00539456207479929,0.09503259833618137,0.004434130346101405,0.0,0.09862557326568308,0.4202539772275975,0.4673063378900742,0.45952546313608833,0.44609521253957235,2.10680441512068,6.656101968559931,9.710146333330174,10.748393771293985,11.407493673264012,11.607292616953478,11.543000514598221,11.426731214135335,11.348722522363591,11.080014770923116,10.48615065273496,9.353920431753703,6.427892264031767,1.8367947776651494,0.0,0.0,0.0,0.0,0.0,0.0,0.0,0.0,0.0,0.0,1.0895476622620963,6.136745096615585,9.372256493960158,10.221824378182138,10.789363658919605,11.054355491780642,11.090233374054433,11.163934616733721,10.961549543152254,10.676539072403289,10.50870629926761,9.596530272068954,6.335530482174557,1.7481855823607,0.15965884192238464,0.07961000767861323,0.4633856753794117,0.23226103993431946,0.12123568125163307
0.00880781409579766,0.12682266067041523,0.2718944602756141,0.097511647363848,0.16216500156495314,1.8558462481761153,6.409671573447006,9.38719874124349,10.657300746351744,10.961879616769357,11.255672505356426,11.470508807248471,11.395424672447987,11.234953793807687,10.949884861112974,10.174669764866568,9.24149568762473,6.024447388195335,1.3319995318926885,0.0,0.08101567487866998,0.027671420447612977,0.21374918315254135,0.24966817855710724,0.40189879457858146,0.26664107145624766,0.31813736611063836,0.047901444540098086,0.20994450258463682,1.7412855292671283,7.079750694669699,9.882962831563793,10.818026643451907,11.25940753443479,11.330127640202287,11.170309007167106,11.082151245048943,11.214010830101216,10.978381293839721,10.340436549646537,9.427700868756267,6.444907193731037,1.7172138035581188,0.08247474539161258,0.12755896878645226,0.09382454107414592,0.17030455795802782,0.08024581226437437,0.08878906954544381,0.22599538923236012,0.13130050365578738,0.1527043743432734,0.01173067021772518,1.7251986845037925,6.1264534047492045,7.084820981260428,7.9008827876034475,8.43423372738598,8.978648913109417,9.157608971937563,9.061464277786918,8.512909998883831,8.949903615183233,9.113911934872673,8.930149598130114,6.523876770642512,2.405751509590431,0.5123878925177267,0.19907333655507298,0.0,0.1568837414670268,0.0,0.0,0.0,0.0,0.0,0.0,1.2040413703361228,5.369271463723544,6.9241340548096275,7.427505626102833,8.116514227481607,8.587881323909846,9.365283562389767,10.23996269493865,10.424228915340509,10.537121416978543,10.304086505529861,9.372188887978542,6.4187722456165295,1.5186087771255097,0.0,0.0,0.0,0.12656894550529546,0.11868956733733622,0.0,0.006578927705563553,0.0,0.0,0.07705871179797462,1.3173325519725696,6.046799448539278,9.351168666668947,10.418721063563956,11.17159162011805,11.406906656402235,11.470508807248471,11.470508807248471,11.058608186964836,10.951919539227053,10.199193926140762,9.120987500666558,6.0394900588492195,1.4322130694997892,0.0,0.0,0.0,0.0,0.0,0.08778289395566972,0.1741434019405872,0.19279585718458903,0.17014689134236455,0.24665594392387993,1.8018782229935246,6.329406393368132,9.48812246765805,10.683921118344275,11.431942905682963,11.413515941794977,11.319784009426785,11.282863763177334,11.099130825345698,10.59281867926464,9.992547613875244,9.172116308934417,6.288658819133933,1.8446857720791083,0.11119089010998216,0.13429544292681136,0.26670892824483045,0.2005619769028388,0.0,0.0,0.0,0.0,0.0,0.0,1.2068957994780174,6.374218537961269,9.450159585614253,10.260626027143557,10.77671365295415,11.084352061194513,11.244656118107718,11.343564993580683,11.06575554079702,10.630282463518355,10.28112800718619,9.302639269083121,6.259303664730006,1.8237552858173889,0.23965934497212435,0.23804810945657265,0.03731818379716835,0.0,0.0
0.0,0.1266125327060039,0.2432246216595781,0.04704189805619893,0.2357724886575652,2.001162933400565,6.736974799249349,9.766149559528879,11.002006391597819,11.327574543788314,11.55069502318525,11.777029101264207,11.598770543704166,11.52780673165489,11.22475202134508,10.48839147301764,9.421412831713665,6.278352570566119,1.415644885004316,0.0,0.0,0.0,0.0,0.0,0.21557228678490842,0.035951005529168294,0.07123392623240071,0.0,0.017017544519688708,1.6954160093849413,7.107129702747392,10.124231356051807,10.927837404454154,11.339959323505855,11.478042281815542,11.564034476167874,11.331106834869122,11.580540496134901,11.421073558652997,10.80977731394831,9.810737714767699,6.571687864678621,1.7728928340972718,0.0,0.0830914420115334,0.2705144351560594,0.23505150414002207,0.24560432903877644,0.3135776358597508,0.43836858967652653,0.364977117220537,0.3785795440795811,0.15207049009761614,1.9202703439030195,6.332973920641576,7.365189819715086,8.109438355895275,8.655239100855832,9.269204920874571,9.465216189371336,9.438935999887388,8.805423946731713,9.208008258685856,9.37410947339445,9.243249039514497,6.759843435741899,2.469936989112934,0.47043394120460846,0.19545028827139735,0.1579177870687568,0.3129771481309278,0.0,0.0,0.0,0.0,0.0,0.0,1.3476646901455376,5.418889712568793,7.095372480308517,7.448379767248146,8.161975569997182,8.645809596466231,9.475861498242645,10.458440003256937,10.763336671395848,10.87472177066811,10.406227799244542,9.532684914518518,6.5088893169083475,1.420421848903615,0.0,0.0,0.0,0.0,0.0,0.0,0.0,0.0,0.0,0.0,1.239906471823544,6.164776636543618,9.841641049930937,10.699363033150759,11.46741522405077,11.708750307772975,11.777029101264207,11.776165683531815,11.401183362354379,11.208116137735377,10.54030814949724,9.580972428659534,6.4398615260834084,1.7093726656530976,0.11581693737929293,0.0,0.0,0.0,0.0,0.03609654274831332,0.16309520042701914,0.21264489265457676,0.09534911110787674,0.2328142519120978,1.7606363385997263,6.455768769362851,9.663205597030602,10.937562436376549,11.652268748761879,11.718028187585181,11.588766831424243,11.603042706565411,11.423562728798574,11.03319472480931,10.356775724113254,9.28977181204638,6.341749895023977,1.7980089890651734,0.0,0.0,0.17354526413757773,0.2558312005816975,0.0,0.07161044305045865,0.11609482802548017,0.03353228970020815,0.16350916272447727,0.026258856309539006,1.1898746608225492,6.320166557611109,9.680808789286838,10.571880457911673,11.108046022551253,11.464601745781321,11.554884354101437,11.57405924741688,11.375026016856747,10.857077162439344,10.623014442707035,9.644893419481916,6.349989567660405,1.8220711426304854,0.379463011705453,0.364108895410824,0.2067576604196704,0.052679756998884227,0.0
0.0,0.17104642225392233,0.3010857384979703,0.178104818463566,0.37801549999562856,2.0321393354132065,6.754304968607037,9.623002263295746,11.030065173241084,11.477402376686834,11.629227097068288,11.629227097068288,11.629227097068288,11.543268827692282,10.984291233762145,10.452079163690447,9.344688365666153,6.359831303698189,1.7633218475894248,0.04235019043067228,0.0,0.0,0.0,0.06993752918956717,0.004235575463175636,0.0,0.0,0.0,0.0,1.1562851523017468,6.489673969433071,9.540784263426657,10.733693869954575,11.348223061196228,11.579924300647221,11.629227097068288,11.628240736151248,11.629227097068288,11.535736301982185,10.744304701239212,9.75431372648896,6.5474166327029595,1.8439384839247175,0.06089812576612826,0.0,0.05450140647897611,0.0,0.011760167786811552,0.018592354176713535,0.14720767358098769,0.1184705434363265,0.17751333982686804,0.2122100623723478,1.7437594270757808,6.300491609119194,7.158223576492399,7.801760651091174,8.47062287148401,9.022232217664232,9.181547181242825,9.246387068286126,8.82870723532277,9.299229118988572,9.34060844974367,9.218425850413707,6.667389450863897,2.159954173415975,0.3619589972943875,0.0762086951899706,0.3015892079901248,0.27530921821362997,0.3811666735894274,0.0,0.07463082855982894,0.11770528843681784,0.0,0.0,1.504493430163011,5.526180613766533,6.964207146582293,7.50016572456446,8.13717327011298,8.52878420094778,9.496073625175221,10.364369289228454,10.62545548887344,10.547196795791512,10.258118879412303,9.15663099745934,6.1531328925244475,1.5988066547839463,0.0,0.591497915097816,0.0,0.0,0.0,0.0,0.0,0.0,0.0,0.10938511012557407,1.2974789398760094,6.493887664453931,9.529416505844475,10.364458013190072,11.04675914114409,11.415584649586114,11.507730722128958,11.472288965242702,11.012723797680655,10.850696514869192,10.32184763746754,9.154038594205844,6.071813915922682,1.4208732624512976,0.0,0.0,0.1491839261781875,0.0,0.02409922097468016,0.2564561778315769,0.41290446501165307,0.6297126423625792,0.6233617309362253,0.5472005277594005,2.212325051361319,6.710901622477553,9.739556436310627,10.848095100588342,11.354655548413463,11.552865571821874,11.459515487393649,11.302282071133307,11.203274447840094,10.997465355750375,10.49906751239402,9.345163177491994,6.627205120966831,2.080471020348137,0.13235321160289465,0.0858004464306101,0.0,0.0,0.0,0.0,0.0,0.0,0.0,0.0,1.1838611487548794,6.229503428798212,9.473950859870774,10.229664134503388,10.855546527052272,11.068235191947064,11.019341357536575,10.868176521619649,10.87719517368683,10.760125985801,10.527382239801007,9.602489699263456,6.358493512714432,1.7070537003144575,0.17695513267577648,0.18941476250728306,0.4664096060248961,0.04737608822845944,0.011252336285923998
0.0,0.02279885063670526,0.0,0.0,0.05380617948039884,1.778428750030844,6.3519648472936305,9.203371892154557,10.54979096415069,10.986823340801399,11.155160568502659,11.269018031295346,11.168324267138793,11.027498618804684,10.687478496349069,10.166277841690638,9.079450560769912,6.093813150609279,1.3288113320751067,0.0,0.0,0.0,0.0,0.04622669306040791,0.11594367695906463,0.13793846982147095,0.3010452170973641,0.04421869355886045,0.19006055454280057,1.6687735216290291,6.663054789937177,9.549576225924739,10.441053090653064,10.950581860874303,10.924811962829914,11.269018031295346,11.103389040807112,11.200469806955514,11.246012120386773,10.750678086530337,9.72329701544703,6.298669936165758,1.9773943472103017,0.330714461209646,0.0988788166043135,0.24227472319156657,0.08462046949364808,0.08197651471230019,0.2142077016343499,0.26969531012073283,0.02299782181727307,0.050031662023506666,0.0,1.5622016669688805,5.977409998571212,6.924200861992479,7.632705136758973,8.083198097176808,8.49275516549447,8.666254970383061,8.57846899256647,8.033221985669362,8.441949522003371,8.676410188246093,8.597297017695029,5.9774697786089,1.8126098337151437,0.2677263471097369,0.1890199033108792,0.1997034020687642,0.15822182821304928,0.020827312392783147,0.07240029002328278,0.18743208002050998,0.2612575509106971,0.1495776515554619,0.306350842373476,1.7502851143101574,5.663873776183162,7.091845581616697,7.465102733341208,8.109313241730991,8.697826890512301,9.40468016154129,10.220204809172047,10.390540973863875,10.38598358559741,10.234758225762981,8.946382883618952,6.103127417829774,1.4707954705216082,0.0,0.1367947253117735,0.0,0.0,0.0,0.0,0.0,0.0,0.0,0.0,1.182401791625127,5.674327222548819,8.99603860099182,9.95143913321184,10.736598208440194,11.066902395556912,11.177696299339527,11.225930057838394,10.847480103064798,10.86895524199706,10.426646101570176,9.313561950387937,6.296495689177026,1.7050490896113248,0.1405604898628665,0.0,0.03229117232163218,0.0,0.0,0.024862062187632792,0.21929083098367233,0.2804571232468113,0.12117473461442937,0.1600577659470614,1.9883238508985615,6.612886576286148,9.453998692634164,10.578349701706111,11.127942515837416,11.269018031295346,11.269018031295346,11.046346794507743,10.87663731268292,10.698385330641015,9.96541758674366,9.344074621984205,6.126509472795712,1.5754054988325636,0.0,0.0,0.11382062502367617,0.0,0.0,0.0,0.0,0.0,0.0,0.0,1.1191665181348458,5.913876580539033,8.963422209417576,9.85913606827779,10.416580889606584,10.755521612954725,10.783258878756294,10.726387240654374,10.701315895859377,10.357257598273623,10.329092468606802,9.471295945786409,6.274032500408365,1.7694525086976143,0.5343548237520405,0.5237145227882434,0.5382620621282806,0.0,0.0
0.0,0.0,0.0,0.0,0.00591714082770085,1.7709492131611082,6.425658979784604,9.670104590324422,10.90432062587262,11.188746978670762,11.581451641603536,11.581451641603536,11.581451641603536,11.487983896283149,11.137777374213774,10.570205190534548,9.443869847533799,6.238943007186754,1.661443707426451,0.0,0.0,0.0,0.1117848174893083,0.027134013500070667,0.0,0.0,0.13033532172804882,0.0,0.18839687333533242,1.5267422934914876,6.669261879682029,9.720385957395262,10.81643816509719,11.262808776750036,11.345979883302336,11.581451641603536,11.38054431074648,11.52681166785653,11.41036839101843,10.829748689951458,9.887111291612513,6.7031836300885566,1.7746906842071681,0.0,0.19700544941720868,0.018650446590645815,0.07164406872218353,0.12831906058418913,0.067431257318531,0.08403805828854687,0.0,0.02642464081492959,0.0,1.8340753195533124,6.062488467633126,7.108183374349997,7.8278587816011544,8.31784583358135,8.805126876982106,9.068181284469176,9.016342581848537,8.433430366880465,8.855333000447038,9.071354631775217,8.940211239452642,6.410740726873829,1.6592778651004338,0.0,0.0,0.0,0.0,0.0,0.0,0.0,0.0,0.0,0.0,1.4490850245739477,5.599923568156473,7.31237105030131,7.8262828077269555,8.387854831566266,8.849055336666066,9.605899704619077,10.547953102126847,10.686594623324384,10.760682653119478,10.320450262968768,9.247075373594164,6.062072211721544,1.469668120062532,0.11036296573162627,0.0,0.21743654764454673,0.1366637015977505,0.0001403186468114432,0.06152698561744982,0.07387671455639876,0.012752755738913043,0.0,0.08538839841962784,1.3181594245235204,6.1139537134574695,9.451930577682294,10.475819335160423,11.409344663793096,11.581451641603536,11.581451641603536,11.581451641603536,11.278512600518821,10.984061590427158,10.444023044043714,9.229713429262164,6.010250766808682,1.7206838957585016,0.3099400185428921,0.217341867545255,0.0,0.1601609983379679,0.13107561267527917,2.8490048674718048e-05,0.0,0.0,0.0,0.008294017954662596,1.5079703944341025,6.026197579102968,9.408361078320096,10.569207004716723,11.131059293730333,11.404179777009587,11.498724403295261,11.36552044066411,11.28146228793207,10.922591706250316,10.336687695062018,9.212392213120514,6.069614520328416,1.8624984191079228,0.12226988885418506,0.056886350244971066,0.05311082758425372,0.18402374861249865,0.0274476480702666,0.07569831954260094,0.39216725791259743,0.1981815837743479,0.16629628602977933,0.133737290517865,1.6464027522133817,6.5781639627935835,9.617568676309592,10.406584863100539,10.927359665754954,11.186109310614121,11.210836154317047,11.355165125689583,11.125183389386411,10.461198605131724,10.268476259919158,9.094751941671,6.071957426736226,1.6376237562672074,0.06309231364316312,0.10572915254675314,0.0,0.0,0.0
0.02456110541651893,0.0,0.0,0.0,0.0,1.6530644516519535,6.331702607703256,9.18634282051176,10.598318702661604,11.104709981169625,11.379276164463239,11.379276164463239,11.379276164463239,11.360201522784118,10.971239037002018,10.45322106476774,9.364158932251197,6.465965078622617,2.1675307273690487,0.4339603492299326,0.09971293439819906,0.18314032881330283,0.05767642361119995,0.13423690908177965,0.0,0.0,0.07039233033992189,0.0,0.1289722727089414,1.6154089399092026,6.808547623692136,9.727552458746612,10.950888592563647,11.338205625132593,11.352787487716933,11.379276164463239,11.272843964047652,11.247787089334723,11.080075661012259,10.379783389087157,9.443241068624227,6.278933479328715,1.4308996114876913,0.0,0.0,0.0,0.0,0.0,0.0,0.0,0.0,0.0,0.0,1.6889324151905543,5.8881851409867485,6.9087635921627255,7.710473026969173,8.157643589731043,8.640327048118454,8.875497988633972,8.691108881392195,8.175938235039542,8.627325526006764,8.87238817701719,8.81183129357528,6.07371982550677,1.4714404315440281,0.0,0.0,0.05996031869059567,0.014820206584004377,0.13918558333785552,0.07871111880592134,0.10935082813935144,0.18789073986147672,0.12313184852615432,0.23193743164822173,1.74167356543441,5.746403505054596,7.193831239635757,7.50519358214901,8.11627258223328,8.570454294980467,9.312125713495895,10.1444157538347,10.25437082481464,10.460203049671374,10.057650992339907,9.161865856143944,5.992664637444926,1.6952174902934793,0.07991711400955738,0.0,0.1402778326033682,0.040929167637914994,0.09741563313118329,0.008481832612234756,0.20500913792574593,0.2619994667674371,0.19785618968718302,0.18470780358494876,1.5666457711555164,6.380162764823399,9.255664828386317,10.24643385305028,10.935806854044396,11.205914171128907,11.257473287742414,11.180219734165208,10.71054390220891,10.586372549552252,10.19450305120973,9.01267832423717,5.98560261813109,1.7085895106812143,0.40793865291942943,0.0,0.2509357905301171,0.06867983559089029,0.0,0.0,0.0,0.0,0.0,0.0,1.5585368610607642,6.10560675539549,9.231362854508605,10.481946635453447,11.060994236756002,11.333329630429638,11.379276164463239,11.25023153013448,11.128708773849365,10.96839306763582,10.340198912406974,9.468504133682085,6.306098379015464,2.0686712743256273,0.4799070104368545,0.3015421882071282,0.0,0.10327238848798027,0.07149533634886093,0.03102727003008266,0.1803671237824402,0.031075601191063902,0.029260286811763687,0.0,1.562484490518251,6.337246007996377,9.2972366001673,10.076148436704766,10.60129082796253,10.858844273026316,10.969430801937603,10.779777058322987,10.732183036303091,10.406927262784786,10.143076194850371,9.048866764545439,5.86905216914426,1.4197909370901858,0.0,0.0,0.0,0.0,0.0
0.0,0.0,0.0,0.0,0.0,1.7448973355342907,6.594857748927796,9.527221724253268,11.037514369819267,11.7245259724174,11.921247713837658,11.940303415567422,11.940303415567422,11.752940496845442,11.45923074927665,10.802526786572521,9.667221883146526,6.587618361514345,1.6908618774612052,0.0,0.0,0.0,0.0,0.0513098733264611,0.0,0.020045496478553013,0.08370196968305253,0.0,0.15746440483307572,1.735503283807605,7.185116917264326,10.06647708812804,11.367547024920531,11.683695172643796,11.832504012034132,11.940303415567422,11.834385740339398,11.908675576730047,11.911618446072815,11.241194378123256,10.230700584615109,6.710112184230247,1.6796723907564142,0.014584456351989208,0.0,0.0,0.0,0.0,0.008867153678463306,0.03415770953957866,0.0,0.08373783812722231,0.0,1.5992256589161218,6.010556200728702,7.176931683815437,7.927529903446091,8.425019296974975,8.946612462910347,9.164386929367696,9.102538277736636,8.508398934392424,9.049557377498772,9.263703609878874,9.305683089487841,6.393888596567361,1.689061460600295,0.0,0.13121057190684124,0.39802886115170827,0.2639925719899408,0.41912660105843264,0.28291138314530356,0.34342397832210164,0.30731994002483315,0.21828310779553864,0.3555341570022742,1.912537514003773,5.923273969830949,7.576969044397364,7.8681437253158695,8.582973449800512,9.058282077685707,9.995508744173351,10.862036088377783,11.003488110259976,11.173999454544708,10.636341851655304,9.666755721255472,6.352993032317289,1.6589340581092054,0.19829746202232662,0.0,0.07438517050066908,0.0,0.0,0.0,0.09048611531463334,0.06612438590941748,0.044320491915745996,0.0317399701214499,1.4545618349818765,6.352413710516802,9.669803921834689,10.691943933946229,11.46157081079999,11.733307608407822,11.889594253888715,11.696073016322005,11.316093427611223,11.227662161029336,10.863051680772495,9.62696898177832,6.374000208711591,1.7509850183978188,0.5295270811891774,0.21759594157664916,0.3093596207036807,0.0,0.0,0.0,0.0,0.0,0.0,0.02393862521554847,1.807006824315079,6.535926345527932,9.785259767541977,11.05718355483161,11.713637000000393,11.936291576514176,11.940303415567422,11.934856082568745,11.736276098862158,11.511305658541517,10.588649575863899,9.74093666792195,6.350014578097343,1.8293726313201044,0.0,0.057636669884226055,0.0,0.0,0.0,0.02508133902384658,0.09227070246533557,0.0,0.03513133679983377,0.0,1.6580300243044535,6.402507965517843,9.564311841737736,10.550121117643824,11.112594190483307,11.48648520670863,11.51124302915768,11.407177190938091,11.188187856773823,10.858814233597927,10.704188690183786,9.806297546930654,6.41988548443981,1.83242919434546,0.27338675715991617,0.33212916038085866,0.2399689990003998,0.0,0.0
0.0,0.0,0.0,0.0,0.0,1.5421515466431863,6.136309597582637,9.114635712239295,10.4702544282019,11.03148187595339,11.342447951359224,11.44924247876995,11.44924247876995,11.278635471046352,11.07661493620462,10.346605293284144,9.235051503146673,6.273699420902451,1.5430161829583295,0.0,0.0,0.10620832173218749,0.12200738368243136,0.2285379394004568,0.08369286707950886,0.09413928344355658,0.20233878088876214,0.0,0.18685681338824855,1.6744707590864474,6.875921685325829,9.675504202846534,11.024930566856803,11.323061535857576,11.44924247876995,11.44924247876995,11.44924247876995,11.398645899703377,11.410462823486345,10.695929965878522,9.718903895899293,6.600303334636231,2.09085968156091,0.3499781187598351,0.27209770447821346,0.0,0.0,0.0,0.0,0.0,0.0,0.0,0.0,1.1875449663931898,5.460772383730197,6.679226818837199,7.444015041496146,7.937088401802212,8.378280171059531,8.670641211059092,8.774299981667859,8.251560110002751,8.749928429400526,8.879735794869074,8.83636408136558,6.27380519724724,1.6513038629006522,0.0,0.15799249617952374,0.2680443805369643,0.2126690138805501,0.29431099279433764,0.22848046616472992,0.3532864872018592,0.43517744571754335,0.3727847995746979,0.5370601547241548,1.9787439215792852,5.742618913843753,7.352727326231434,7.663502321788618,8.23111797833731,8.627958067438772,9.564709964746736,10.329818928580204,10.4170816833187,10.543019681852076,10.055029727948144,9.0316162949969,5.948487660351696,1.3052969847854752,0.0,0.0,0.0,0.0,0.0,0.0,0.0,0.0,0.0,0.07525604665384439,1.3112067262295168,6.239500904990241,9.468815177845455,10.414678854221922,11.046927952004653,11.306478534706843,11.373393332848162,11.284765039619844,11.020322812792203,10.943719583896277,10.587554935148246,9.319638457576033,6.24926713254037,1.913089056190005,0.5993625071081625,0.0276010682829734,0.22944514216402703,0.05035686022631366,0.0,0.07633030566678997,0.08802858827029254,0.09327282376601834,0.16163822931638328,0.04561022672595869,1.5717064810191763,6.0101791543445495,9.258332535420635,10.499970074379165,11.047888128244121,11.257650126668317,11.44924247876995,11.280587215214709,11.18669262487198,10.786669009006395,9.936444209019625,9.176978242573622,6.081015183951387,1.7339071696512103,0.0,0.0,0.011187797113314106,0.0586310548533346,0.0,0.27638113462112984,0.30293287384016127,0.12375007028870003,0.053935155611901445,0.017367569464564733,1.849599364335745,6.507168969119919,9.399062843951677,10.267856510659087,10.773629174192065,11.092787798108787,11.124546633810551,11.097112344540566,10.816427648149608,10.305863657411718,10.330813226221217,9.280022145526551,6.232052885461059,1.955251677829761,0.44666398903005394,0.4675853131284392,0.11397710376176526,0.0,0.0
0.0,0.0066605243862558556,0.016013427480465282,0.0,0.07943853102172195,1.8199830987979122,6.374418822155146,9.27518089676526,10.682189648868617,11.214220923554363,11.436527189811002,11.436527189811002,11.436527189811002,11.346732827198503,11.06151658700499,10.122895658579205,9.294478978446007,6.219444524037534,1.705304367702343,0.0,0.0,0.4940431610896756,0.13980143915264667,0.3325220177328502,0.17420534180046968,0.04728486943799349,0.17677956257553437,0.0165556055430072,0.21781518904617236,1.6561257866604393,6.7660076427808615,9.69755666762161,10.809730813847409,11.064438225227656,11.032970286526549,11.326557436046786,11.236713993184162,11.226440542494986,11.203022446484376,10.585308643474308,9.662919644436794,6.4810115820427665,1.779090218315157,0.16771752493499564,0.0,0.0,0.0,0.0,0.02877025042182463,0.0,0.0,0.08147606437420545,0.0,1.7721748451561754,6.207281483718579,7.01689020300213,7.753355034527788,8.310362703165586,8.738898727082654,8.993321882014266,8.909715720938248,8.356808979866377,8.863644362814792,9.03813624039843,8.956122460770885,6.246434571584956,1.7223991210710952,0.05335710716735254,0.040024470002450414,0.0,0.0317390623484406,0.20862016182163845,0.0,0.0,0.0,0.0,0.0,1.5562241304555386,5.455179480002334,7.039621857181144,7.503272755051599,8.244195709296864,8.49727733739175,9.355921316570141,10.202590396388386,10.315619485743673,10.49868745536636,10.081243567977342,9.13972281477339,6.1700534323292935,1.7183314249245234,0.16209436403850513,0.0,0.06665227377671286,0.1696465342708744,0.22821336406888784,0.0,0.03651991327524456,0.0,0.06457075672351592,0.1461764609120412,1.4334413638932941,6.757880089694335,9.32395030530526,10.171584630042613,11.106806751147303,11.331243236593359,11.431424207138376,11.263101444327283,10.943795562071866,10.811861714706964,10.218031588413547,8.825793264916987,5.767981888281235,1.40152710166762,0.06096729391934553,0.0,0.16193811246096154,0.0,0.0,0.0,0.0,0.0,0.0,0.0,1.6053563579278805,6.179091015053538,9.351995578230351,10.687846147695423,11.423634762441592,11.436527189811002,11.436527189811002,11.408917504105762,11.301191808444443,10.981960228234353,10.375962289930998,9.400302132744876,6.567675715369573,2.2602884985277307,0.7024999777038697,0.7792168821081674,0.2616439376157793,0.041614497558717566,0.0,0.0,0.0,0.0,0.0,0.0,1.2763700780056213,5.9591119706569495,9.20162732525286,10.07626873929115,10.657872429942538,11.021041740735965,10.940822798588654,10.947731525463764,10.872084544949542,10.693089554417016,10.61489108256648,9.273681904126052,5.827739137817773,1.2743163762894902,0.0,0.0,0.0,0.06438829812439456,0.26214956644257886
0.06259699356821334,0.05196435918993747,0.0,0.0,0.11604038342830861,1.9267003627002797,6.430059172735489,9.425457504847333,10.721678952222922,11.202531442842673,11.352957375591096,11.352957375591096,11.352957375591096,11.233976503589721,10.883283110422301,10.260299540712207,9.200427287472571,6.3862124328408125,2.207676519138135,0.3704674297054344,0.0,0.08438600903093782,0.0,0.07111135350455096,0.0,0.0,0.0,0.0,0.0,1.423068659731163,6.681801688050591,9.64085370104979,10.802056070635937,11.175858392863839,11.352957375591096,11.352957375591096,11.352957375591096,11.279154967419712,11.252025152371601,10.569966633701615,9.564077244760668,6.445434223311866,1.8602767404647025,0.16833997328731964,0.1957281672242711,0.0,0.0,0.0,0.0,0.0,0.0,0.0,0.0,1.6306406394691455,6.049694320667802,6.916511941449078,7.69449315473432,8.102586691607614,8.54738113262511,8.87460830494452,8.78676460019905,8.226626490509611,8.694148207996372,8.824881814402506,8.798034178663862,6.1980211641645235,1.7059410678955114,0.03952946412876424,0.13718691441337919,0.04720175334137811,0.0,0.0,0.0,0.16816507032954214,0.13415118186475541,0.04094498119310839,0.2645486853074129,1.7886067484778536,5.704535566762043,7.142824484462773,7.5357256767874015,8.242961762764958,8.588485252037147,9.4246380344786,10.297026159038086,10.366239262468966,10.492752359634975,10.119281615012918,9.010864370210466,5.894980886469094,1.4725351325281837,0.0,0.0,0.07524001807397437,0.0,0.0,0.0,0.0,0.06130674855342475,0.00493403020198983,0.0,1.3213777835660487,6.1140954886799666,9.201949837703497,10.120088904979804,10.801273141472745,11.22279218793784,11.212775160796337,11.140271995488675,10.844249659324323,10.67159313982641,10.338830651556348,9.23407294082005,6.1547996848980135,1.8000987884486281,0.35186154868556513,0.0,0.33809386707589406,0.13813607645664408,0.12985720957598895,0.21135137234175816,0.0845161394959872,0.04883578808365648,0.05257242240178042,0.04046511882536242,1.5504636518253743,5.938909505731744,9.236058346321176,10.362145294070256,10.939996414801781,11.134036306431797,11.306161625071367,11.078386080458,11.072105729927681,10.9617776800609,10.117595982735036,9.439420305498404,6.084237263618039,1.7983661262858355,0.08877100127569676,0.006829272181628541,0.0,0.0,0.0,0.13090220769767819,0.2927003641723149,0.1279593824329373,0.1622654207965483,0.0,1.6301562993234633,6.456546809930645,9.312215632183058,10.110553003711273,10.628559780099543,10.909633379752178,10.985768334877339,10.780371571902604,10.601858985872058,10.155950038085527,10.083741909178169,9.146334799557257,5.9031586729316405,1.6207951529869924,0.08250803848048116,0.18219719988244698,0.0,0.0,0.0
0.0,0.04525002357719395,0.05221298528803934,0.0,0.033885159395066415,1.832555255690733,6.4207049384439925,9.535250169160468,10.755419671365752,11.172716824006592,11.57048956078461,11.67707622288472,11.676426151431139,11.552745533335345,11.367090972659444,10.594018204770695,9.505028806648722,6.339155075410522,1.4310848025154812,0.0,0.0,0.0,0.0,0.0,0.0,0.03374864939237161,0.16977705262775505,0.010746901534198595,0.07315923670332515,1.6484721070323085,7.02168555716058,10.024643308438632,10.989584596251225,11.289423442139976,11.6388243202965,11.67707622288472,11.36064941880195,11.459727546810798,11.506269600452136,10.922968976450626,9.825172293346187,6.4477462404938395,1.6601888793743407,0.07543827133425392,0.05707737418709299,0.07633990617220815,0.037106529018108764,0.027645583790913038,0.11801448237907923,0.1062620940036813,0.0,0.22076233421420358,0.0,1.8022963087480512,5.989514074500801,7.0915160378220925,7.930666411342684,8.436682309213879,8.993623022978236,9.287318206425054,9.216816774070551,8.594257123933357,9.057310537205796,9.098566410236906,9.043413345863542,6.5642795526401345,2.0471087637158494,0.20300292933862574,0.1889672541585445,0.17187042712994408,0.16284250761772953,0.0,0.0,0.0,0.0,0.0,0.0,1.5624637908791577,5.570085397420354,7.105833617984437,7.567124739050807,8.24686144476802,8.58551943974892,9.512061271281473,10.43190681003575,10.53573449650203,10.70903769955988,10.402667514784179,9.428751900073854,6.351690179135368,1.6453599073484857,0.18493612818850727,0.0,0.0,0.18687540217381238,0.001004442829228907,0.1619865483034812,0.2206335944881011,0.02447872029282638,0.015523577115049904,0.03366308391129592,1.2363102752719726,6.210944837379066,9.700288973460472,10.652168279507146,11.317500404064479,11.631456379817253,11.596267608350248,11.58574257567245,11.242937765145042,10.882237893436649,10.423679299700858,9.336568427117662,5.97947694341718,1.520183046097086,0.07213742086240096,0.0,0.0,0.0,0.0,0.0,0.09296994022365912,0.11270981405687489,0.12469416884195057,0.18812145221075838,1.6650094306457612,6.332315404988308,9.557752107162928,10.741195356272767,11.416654396943178,11.632523360051024,11.67707622288472,11.51047766470091,11.36780090079933,11.247514017615384,10.377061381189671,9.391328942990148,6.08586385122695,1.8174191701435796,0.06403101591607743,0.13070951568764447,0.03413553739084753,0.08574817229539641,0.0,0.05590371441765846,0.156413068649143,0.06330592785237114,0.16403115874655183,0.0,1.6253691661388776,6.365608946725012,9.58371807688324,10.407842334117563,10.950367330594357,11.302140203947676,11.235427143029838,11.416197119700133,11.105602166484132,10.488918911724443,10.506606562527304,9.521563868236239,6.320314139384337,1.9140221197725555,0.26507768432462936,0.1655934030339142,0.027770169219383193,0.0971033249911741,0.0
0.0,0.0,0.0,0.0,0.0,1.7110046652800395,6.267666587191593,9.181523630809275,10.404086261300067,10.803439072116312,11.142460523046978,11.142460523046978,11.142460523046978,11.142460523046978,10.860765851777959,10.120594420692859,9.237067852265564,6.2963389429448355,2.182786023787766,0.6252075927336528,0.3157163619943378,0.3075891891650555,0.048702226437065475,0.0,0.0,0.0,0.0,0.0,0.044213272380165154,1.546920481340946,6.654513596589477,9.516122557489018,10.617820568918624,11.023431593583263,11.142460523046978,11.142460523046978,11.101191378366382,11.014957136541398,10.860836250872508,10.124511532576317,9.17295818625842,6.257950848001513,1.493857994003089,0.0,0.0,0.0,0.0,0.0,0.0,0.0,0.0,0.0,0.0,1.6335792761960248,5.776258990544495,6.6012507042819975,7.435207012153597,7.979525505635434,8.477358680016078,8.772606505270469,8.629099943460753,8.141217614680285,8.647994794780583,8.689760717977427,8.643831286066206,6.181800280256986,1.5825655021308866,0.0,0.03281170109915536,0.019067377874431995,0.1472901810704913,0.24393211545001484,0.03737673059269106,0.11577046005239695,0.06976261264029879,0.009224611072858204,0.10228012978730901,1.5936234731141972,5.496899111887597,6.936363013038022,7.467538792538553,7.987481931604206,8.28719545036561,9.16316806311938,10.00083825529961,9.957297743606226,10.209347754646354,9.837287875815642,9.011221579672675,5.933564439028098,1.7625045915830027,0.04539509302900646,0.0,0.2688268707329936,0.1626253536455182,0.3190280458155689,0.32292135234482605,0.22658222539144085,0.131339556033867,0.19294503160763282,0.19781842553130605,1.4276391777646982,6.459611710905019,9.221939352504073,10.033676112194433,10.614595493417426,11.064598460334043,11.010978923557012,10.929335898152907,10.641765559058701,10.362724136683275,9.663463877524418,8.655841637253125,5.676787726517206,1.6368627962285467,0.24813700853777884,0.0,0.23875718012165595,0.23296388670869356,0.1286186683875813,0.06950713573748524,0.0,0.0,0.0,0.02258490951980954,1.4429466639033668,5.747263861584172,8.98095860286808,10.287719214581163,10.90929008805145,10.99440790649968,10.98760576002454,10.886666077147757,10.7412899544781,10.682624263735232,9.937433908522753,9.02525158790225,6.038538786993387,1.8826975966407724,0.3686658621061566,0.12298914833991412,0.0,0.0,0.0,0.08032202541327078,0.2546540511326669,0.19103481278005605,0.32333525834204857,0.2256967782892243,1.8254930191809837,6.499466232270633,9.309549697384757,10.025006397286557,10.558820814547852,10.757024152109668,10.715570375841484,10.71283145257811,10.463181652176642,10.218722124642115,9.840285814615562,8.848059059351124,5.87272168949344,1.7057428310693474,0.0,0.0,0.0,0.0,0.0
0.0,0.11985890729553836,0.08724252084710474,0.04070615106918711,0.07499775166158537,1.8576904139321488,6.480536189280859,9.389857658675806,10.715163426531904,11.238610403519388,11.48156239168657,11.48156239168657,11.48156239168657,11.332447032341529,11.036606079383244,10.309571182067355,9.261041620962091,6.28560672142631,1.5236207371640262,0.0,0.0,0.0,0.0,0.08104895269873322,0.04398364214323199,0.0733599310723713,0.18498323139850215,0.012945901010352237,0.14101483752781072,1.7191520947554355,6.951851097496534,9.848442205453079,10.746391204340513,11.083430979412187,11.35418418266773,11.48156239168657,11.247918992718676,11.294565960591184,11.270768219022589,10.570575071859212,9.641229259614555,6.303989166249283,1.6184433496568682,0.07730875247365403,0.05813771746602444,0.0,0.0,0.0,0.0,0.0,0.0,0.07068235152311098,0.0,1.7022938783763768,6.058527650321934,6.987354037540693,7.69941389082932,8.192545334487143,8.712698513517255,8.958498784896276,8.955110546025105,8.453907826009658,9.010312628849848,9.022209446570804,8.885057287328156,6.380962617122618,2.012665558236674,0.21154101722732085,0.12105668797480225,0.3036620122209228,0.2890412499368681,0.2483971826477444,0.04929071464875484,0.18507728736292484,0.12249550042919703,0.06764667281598903,0.09837112931430134,1.7299650661196504,5.65660559876106,7.023578971527306,7.444980488091012,8.172850982187693,8.561690914123984,9.467023413148981,10.34060870933947,10.365874391198647,10.491890734866319,10.255711118314792,9.229553788463308,6.224951018006865,1.7136964210973908,0.0705303820635413,0.011698151763359022,0.0,0.0,0.0,0.0,0.0,0.0,0.0,0.0,1.2623393416435778,6.227197753659068,9.437019945447526,10.39424977966873,11.096731408105626,11.429884049913667,11.469241958562414,11.439380152231658,11.061882710913586,10.877523097505662,10.357392502172328,9.243660386696282,6.21004919990552,1.6455431014362096,0.11474002157012858,0.0,0.08713160196136617,0.0,0.0,0.0,0.0,0.12704692800090261,0.11442299437217458,0.07988958141285339,1.6164561554290022,6.396135439585302,9.394262163901995,10.60543403436797,11.276704993857452,11.443531446312152,11.452816083105766,11.28176100451797,11.141330103115802,11.053621868373915,10.22040732541495,9.42562955001796,6.290717480442653,1.8007610204811,0.0036612321376233653,0.0,0.0,0.0064322581481262705,0.0,0.0,0.0,0.0,0.016162003351819755,0.0,1.444110042175387,6.23037521136031,9.396526692769841,10.250958276674663,10.849112122604293,11.062238575226454,10.986241698150161,11.035326336565817,10.75942199738151,10.474748340302801,10.411044522172753,9.366863349228955,6.2022797238593865,1.8728986517375066,0.3151486877668663,0.15740819545514761,0.22124661755065209,0.001666285457028194,0.0006078029870110157
0.035109133117767824,0.0,0.09887972105751894,0.0,0.037115766912014875,1.879801928872081,6.518060673253382,9.570076814478336,10.815169527691666,11.242971885683504,11.596763312343937,11.655847003737422,11.655847003737422,11.58525073238437,11.273351590980225,10.458822837674084,9.449641791778987,6.452239367929061,2.00588243010329,0.28327283621660326,0.0,0.12772209119994735,0.11475207148741218,0.1540668941887665,0.061347781605288955,0.02991337016825561,0.15670952143040578,0.045159410126025853,0.1388244473529852,1.8563550601824765,7.010260114198103,10.024662195222048,11.124194518875985,11.474345494206496,11.639845691708652,11.655847003737422,11.499807116494722,11.548086865401258,11.365170165152957,10.637872600498275,9.704239256610496,6.587383481383583,1.7392673074273184,0.09312250837269279,0.09640997617477856,0.0,0.029998606403473124,0.04843909463969454,0.01341745567065993,0.06009600737861137,0.0,0.0,0.0,1.7444221239836517,6.174183918526024,7.119277041934234,7.968057995902169,8.504770291266626,9.007916096935439,9.282419327321321,9.114966208313744,8.498532197279722,8.907316670785821,9.177153314991726,8.997509547227253,6.51257081706845,1.826165193306729,0.17990906174721424,0.16036539821756696,0.0,0.0,0.0,0.0,0.0,0.0,0.0,0.0,1.4649353310973188,5.649882505329072,7.247275727539854,7.667628360415137,8.302010352299769,8.652090463883019,9.514782249335498,10.458523403604772,10.558106421301018,10.687370927960668,10.389500029543884,9.269182396178381,6.222372656149313,1.5366843541429618,0.0,0.0,0.026289049893546978,0.13980273180507413,0.13467020128935484,0.03549402052936642,0.05716794947359853,0.0,0.03552496914202627,0.0,1.3107462381948687,6.362932288328403,9.405892459498867,10.481015001191583,11.218131363297749,11.563289918159404,11.51255564357565,11.555056523367247,11.276377195091257,11.07951909468312,10.478299947031786,9.322842926678476,6.105086207004773,1.5969022128639465,0.14914834440007316,0.0,0.0,0.0708730611550874,0.0,0.12126196181376618,0.01817528109630814,0.004979632862504993,0.020149696201542763,0.11461110386762936,1.628728024924643,6.27348209174798,9.602491420909665,10.806046862345635,11.43135551561027,11.548355730795281,11.574628812463917,11.4037374122289,11.28424098680946,11.081986820470119,10.445416389331815,9.550511472807868,6.525108837135454,1.9879763074955479,0.39803767359966186,0.3668544116198359,0.08452218092352841,0.0,0.0,0.0,0.08388737070966124,0.0,0.0,0.0,1.4910910012631382,6.43026535359431,9.441691851975877,10.303502703785925,10.911783215429114,11.191542173736917,11.229871818836747,11.341206407953912,11.153829460083836,10.662019769749056,10.530747456916988,9.368160293052421,6.033574264878278,1.5781365199493445,0.0,0.0,0.0,0.0,0.024897502135965074
0.09184289885053111,0.05758519755602725,0.029260867701827092,0.0,0.05681513892086176,1.8718953865335641,6.4245106383936195,9.336230841007906,10.644338226220695,11.194255786165307,11.323685116333282,11.323685116333282,11.323685116333282,11.323685116333282,10.84904678601563,10.31362702810795,9.29528399947278,6.384348756996713,1.8536642992304886,0.06565299575222205,0.0,0.06606682093257092,0.0,0.0,0.0,0.0,0.030557203553479566,0.01303203409181606,0.12426810547154415,1.699268275827057,6.7289408581211685,9.703499043390964,10.640026007542206,11.079305359595855,11.228267575748411,11.323685116333282,11.145374975219374,11.190717728517376,11.170515972801947,10.62545126186318,9.50787185819598,6.046353560765597,1.6789183698533838,0.2490036941896353,0.04573550756320335,0.0,0.0,0.0,0.0,0.0,0.0,0.0,0.0,1.6698555562197293,5.983765982419012,6.760148254433161,7.6786758058879,8.073110513484481,8.658818341055367,8.897558938760273,8.671076003196555,8.165573148235197,8.684948806877518,8.961050267429366,8.892176933478964,5.991737073762409,1.627320908386098,0.0,0.06884820282387695,0.4297921672360695,0.36480997113334923,0.5326654792455666,0.2574795805402333,0.32958163676165503,0.28739935199952765,0.20324715789530007,0.30597191889841613,1.8229221082282705,5.598943830530529,7.045622665491845,7.354094451262091,7.982013965853076,8.566609485334723,9.412552859468528,10.284623999647568,10.347905420661471,10.388773968666044,9.97444325508973,9.089575847274832,5.994762173796372,1.7491635279490383,0.03782950615388194,0.07143981992682423,0.023992168682947134,0.0,0.0,0.050195929229955936,0.06784336905708745,0.0,0.11260242214912614,0.0017660337589505794,1.4308714723842462,6.1131919378658415,9.33617212085999,10.093417699151928,10.891408985598776,11.235225575804217,11.231203583144158,11.202169507249247,10.808385445889332,10.672414556254786,10.155770396906853,9.091727569476589,6.113185863367781,1.7613317599798959,0.21835217772616952,0.09276910161465289,0.20586975915675562,0.0,0.0,0.0,0.0,0.0,0.0,0.0,1.3925698216502365,6.077038550244415,9.16257714012923,10.451497210802641,11.154380081121458,11.307395337368602,11.316635998806573,11.137283743803232,11.035842325975363,11.157610364201009,10.259522148830273,9.551334891816472,6.235591723889745,1.9105216010736499,0.1900022421752852,0.09122184469990051,0.0,0.017432944660385453,0.09182434843023973,0.05196820622302391,0.1492315927219141,0.014173143316823402,0.25445726465121443,0.005488709745496625,1.4451202200007107,6.092539994349733,9.222328602825947,10.085117235024823,10.659706706312917,10.877123116049722,10.834186538927776,10.850241437300797,10.708720481271946,10.33070109226662,10.106245014222313,9.166993300218971,5.7482637671244055,1.4456213660906745,0.0,0.0,0.0701907196251917,0.11209192175398985,0.12516824906082796
0.06942673499920311,0.1210230027563982,0.11315563135734458,0.11679250276717214,0.1847408036726753,2.0342677730338607,6.643756282490471,9.66746163952583,10.901484047411117,11.473867445294795,11.595907321021059,11.595907321021059,11.595907321021059,11.419350725366241,11.020468260847151,10.483101605467407,9.42175694755208,6.400095380019593,1.674255150623423,0.04930109758843021,0.0,0.0,0.0,0.0906482763422934,0.0,0.0,0.024059625497147026,0.0,0.05815407731724343,1.6390167153622863,6.809872756251166,9.839742657952113,10.753167273030714,11.206220181340063,11.293848779426957,11.515146187425392,11.272019559315599,11.33802628827215,11.302972222591633,10.80315199168421,9.744869216588542,6.387341912347276,1.6795752584188242,0.06647253429577778,0.0,0.0726329967389252,0.0,0.0,0.03274005033144655,0.09711993804944802,0.04384074709305688,0.09991719997911735,0.027204729496999862,1.9386286881728911,6.3521903917056814,7.180596266378435,8.002227293331481,8.439519453573853,8.995302331917443,9.215104739342758,9.041956302645895,8.467002443767564,8.941183725872438,9.243088136570652,9.06644168882406,6.283510908603843,1.9007022930278588,0.15621935224810699,0.038620740143646914,0.2580189211512845,0.23680421591084957,0.1725074737763292,0.029678037917423506,0.08468749721367586,0.07661437316408555,0.005342084839482751,0.11307815552725062,1.7451123374033755,5.60367477650833,7.046339962020684,7.421118566166677,8.120420117189974,8.749502258492425,9.613622957305198,10.56108354474753,10.645500276138497,10.672182200375552,10.334338335307885,9.306245863048053,6.257978399971551,1.7530920671152668,0.12442871022098444,0.0857846970896246,0.0,0.0,0.0,0.0,0.0,0.0,0.0,0.0,1.2917382078659376,6.010564444744295,9.453716645425912,10.361307786238614,11.273002402965611,11.595907321021059,11.595907321021059,11.572236824198285,11.17557716219568,11.096070502035156,10.57166535647868,9.416166765103906,6.342880332658093,1.6989898763562592,0.047212230846245325,0.0,0.00014820195377466454,0.0,0.0,0.00235033416933918,0.0,0.1266016513062529,0.0,0.024999022636918885,1.5848758190868224,6.517424241457189,9.575021116339508,10.70774565829943,11.368955451770335,11.529332450376526,11.538439996632656,11.328784655048295,11.08857061705183,11.101318555364655,10.209789512711335,9.47198910504292,6.29121676222831,1.6764383836610304,0.0,0.0,0.012763900018549398,0.15452369640273297,0.09525413560480855,0.0,0.0785694229268037,0.05200870181787093,0.19115172882164086,0.0,1.3360549010571365,6.1606354084240875,9.510864649303551,10.368005914095347,10.982484325804887,11.20617663763405,11.16320729383824,11.259492104212589,11.092339566716753,10.659206867153548,10.459962618325969,9.631600287359229,6.160794377509532,1.7940996978381871,0.1995324234930706,0.14533092025378083,0.1810109483072987,0.0,0.0
0.022704217300603718,0.023224882420104367,0.13141873411264438,0.04470273981552391,0.04286318416214699,1.8358353050220353,6.474435926425922,9.423658389140977,10.538640102190667,10.957150228210388,11.012950230455095,11.299294901136363,11.116408971754062,10.998767718652138,10.66457964781444,9.952070176666673,8.98336836224993,6.063041318350299,1.5951630871418798,0.1149538527872848,0.3321212902035626,0.0,0.03933511038894621,0.0,0.05840737151597956,0.0,0.0,0.0,0.0,1.6145103812676818,6.586256311135804,9.556758607065948,10.464683330772635,11.008113996626069,11.212715128099372,11.306931379051175,11.306931379051175,11.306931379051175,11.306931379051175,10.689993463513819,9.648879561059218,6.647905487488943,1.954704992518031,0.10090448736752868,0.0,0.08758825895701038,0.2328044502500149,0.1859263508413892,0.2865243193128248,0.39646317419316457,0.09620957151244722,0.05174569277017047,0.0,1.5785767797690127,6.001038994487906,6.855659336611659,7.681636315584991,8.229047978265077,8.666082847771202,8.90775031485802,8.785095580226814,8.169593168877839,8.547119987292087,8.91107623653392,8.548048010422322,5.963445633393023,1.6442863100465417,0.032824795619103925,0.0,0.0,0.06440358160579715,0.0,0.0,0.13893976724740034,0.0,0.0,0.0,1.400692622110701,5.390276105770288,6.992900276477202,7.377613377126525,8.125487471176228,8.533742840515007,9.252975593251174,10.121308707074926,10.219854384743236,10.209534255336342,9.916254010193745,8.81554848738935,6.028700418857824,1.4030919527908237,0.004411795508772621,0.0,0.0,0.022476181479011884,0.0,0.0,0.0,0.0,0.012441847140139349,0.0,1.2857019129218659,6.398336681855373,9.15292566894039,10.140609161979558,10.864349937023745,11.02830405976012,11.09258499379196,11.203591926128425,10.933089695332734,10.703568076360005,10.348812532836382,9.158947373129681,6.155235732417057,1.5788712940086007,0.11265570872501834,0.0,0.0,0.0,0.0,0.2073056331582624,0.13951070449861558,0.1538120624009712,0.15376351725492926,0.0,1.4540356713240608,6.142682147197818,9.178596931869796,10.411530586956081,11.045675008330791,11.283195014020755,11.306931379051175,11.173980103110068,10.949973381214111,10.781901450688528,9.94340256194049,9.183795074501246,6.350265488076562,1.8455327086683355,0.07753259002684044,0.16921253084955856,0.14121629239755742,0.07389272552253744,0.0,0.0,0.0,0.0,0.0,0.0,1.4395562864718168,6.165207431934095,9.117759859998817,10.054422973189522,10.658034961817552,10.878604561008935,10.987148896019418,11.13758838707053,10.925704599137296,10.476906682633985,10.447231508726562,9.283151508760458,5.998746231460266,1.65604177515541,0.13888999004450656,0.13327885563808634,0.14010158632826974,0.04798481290397721,0.06792664290838708
0.0,0.0,0.0,0.0,0.0,1.706087980550583,6.4065502868680735,9.7783000980196,10.972448425618861,11.340067438201503,11.692283953381946,11.702337915774631,11.702337915774631,11.702337915774631,11.361084223330824,10.66142706923626,9.628854998915768,6.506139199629318,2.141123958627252,0.4076541189172965,0.2584309817494409,0.22104287449354743,0.29689661687953667,0.18409304560813958,0.03296204500602328,0.0,0.14482262135704693,0.0,0.12094803543210125,1.7683738609293616,6.954560291125236,9.909980220837921,10.994030894354431,11.458628025939761,11.550176698344373,11.692729664632738,11.477031227255749,11.469967506071432,11.29779113317717,10.554834421468426,9.67672048117422,6.390872969070236,1.3559834496479095,0.0,0.0,0.0,0.0,0.07900362704119057,0.0012034181974101058,0.021206672334000178,0.0,0.0,0.0,2.027245082806554,6.141858487588608,7.148960147840322,8.038722566832867,8.427875222192462,8.889536518637595,9.108087787025136,8.84973987479725,8.305626182037628,8.757539724601964,9.120630478279837,9.044472445544619,6.615018994801454,1.8414884670370049,0.1572928801740353,0.17468444686264836,0.0,0.0,0.0,0.0,0.0,0.0,0.0,0.0,1.5423107188087806,5.850490277062556,7.372855068641514,7.6650916837172325,8.374744209054144,8.71611647882602,9.62423676074441,10.61539116539851,10.57774565379204,10.75109245466569,10.499364644912411,9.557379375611804,6.349894039517696,1.8257342483543482,0.05208545100889617,0.0,0.12147834201565645,0.16712780146934214,0.24385950652234306,0.2585710730155229,0.38188857336653065,0.2160037957940651,0.19227884835389503,0.1313351369044771,1.5411052407662416,6.525906040218074,9.574911382323345,10.829237006402877,11.496415830339913,11.702337915774631,11.610510935405909,11.599557877860997,11.247379725933753,10.958739491466936,10.394906389049783,9.066389023339859,5.752742800454821,1.3481507196153946,0.0,0.0,0.0,0.07229812273361179,0.03919698913744236,0.0,0.0,0.0,0.0,0.0,1.4764431056086866,6.283653256491038,9.529185872079655,10.683276685716827,11.209591921533601,11.643544486464272,11.702337915774631,11.633676062714324,11.50458371570264,11.388484653792313,10.760830443354763,9.721323691883441,6.706038254311932,2.2781590684567607,0.8304239699191364,0.6177187817783242,0.1408243311776388,0.0,0.0,0.0,0.0,0.0,0.0,0.0,1.5144499293089144,6.405017151767537,9.393389720950022,10.280594357224794,10.956305866186785,11.135910759927592,11.082341708189121,11.484539264663468,11.174421886028952,10.779579611463227,10.597572480558524,9.24171188051006,6.104668452424653,1.6548205496255766,0.0,0.0,0.0,0.0,0.028107970915358587
0.0,0.0,0.0,0.0,0.0,1.6058385394184709,6.494282405635409,9.733565097202687,11.053672928559317,11.571001304538987,11.799084787842284,11.975470338057372,11.975470338057372,11.958265055784763,11.598485929244712,10.928749759526122,9.840642711054274,6.726912040730703,2.1600939594758874,0.23933947390557825,0.0,0.32476924299681786,0.41600710645090505,0.20016121386253344,0.0,0.23928045209268758,0.44225213924961676,0.13438002042068983,0.20961616923563015,2.057600506928452,7.287782543490635,10.238259325479685,11.342355351835138,11.806919387005252,11.941179690846282,11.975470338057372,11.862147029720001,11.822118909105855,11.664611059698256,10.995877770065668,10.039030950700708,6.755948452843525,1.9747169290306528,0.3988216319522365,0.3048700588561798,0.0,0.0,0.0,0.0,0.0,0.0,0.0,0.0,1.6059518541612843,6.021809536762155,7.233140925367065,8.130480909052446,8.615347377166461,9.093000960391468,9.410726219923012,9.143732416870108,8.65860041751624,9.0806972991513,9.455386147567815,9.327550700420105,6.563502545379281,1.4277670085890501,0.0,0.0,0.0,0.0,0.0,0.0,0.12440315920212483,0.1463645043665807,0.101122846045556,0.1328854257302418,1.6496190732796756,6.103866541606865,7.653987954311314,8.055135705950574,8.836840403648361,9.30567006970385,10.018812745408155,11.027339653019942,10.963964055727454,11.15876833742953,10.775646730766725,9.62922845098829,6.301049183769128,1.585474363323366,0.0,0.0,0.15717015809038332,0.10821774307391481,0.03518681514559431,0.0,0.06797793802880414,0.026864817599192896,0.023307069265624886,0.0,1.3412870705821296,6.407167458947698,9.6960281164463,10.823283891748694,11.43036539576687,11.903337920198986,11.861852232940272,11.800650137328837,11.499665480400159,11.355282154936573,10.704954748505175,9.496868979651905,6.3034446752770465,1.9660323800723774,0.4731983955119847,0.13740232313538644,0.04380640888121745,0.3208124840098152,0.16525585647773064,0.04165071858247507,0.0,0.0,0.0,0.0,1.4956700205900766,6.411791414248145,9.73091906412168,11.065290634096531,11.69613504270056,11.870474146505275,11.944134082786471,11.789387187238416,11.566450869985058,11.298364248845557,10.569619471418937,9.63882397909942,6.331155572571572,1.7891646622429882,0.20292711966556276,0.08297460889492977,0.008415805646972712,0.05750076322285025,0.04764119837733343,0.0038442472620516,0.21272349146651448,0.04880461511767279,0.07039042674814502,0.13764065214514842,1.911920396841203,6.877532495156207,9.91280368065888,10.854806447163687,11.428438866690627,11.607784519195146,11.677812673357066,11.846549924553274,11.550751692325592,11.045876160460093,10.850742106089166,9.503459436473305,6.269384583416688,1.7243266801987565,0.0298497799832852,0.0,0.0,0.0,0.0
0.0,0.0,0.0,0.0,0.0,1.6769634014347683,6.278516819937164,9.376922649587343,10.697191995758521,11.21022310051328,11.571615369771077,11.571615369771077,11.571615369771077,11.571615369771077,11.313085484223794,10.722276496034562,9.713560105696374,6.5973022009095486,2.0799688419724864,0.22477840298421536,0.0,0.1438093158463652,0.0,0.0,0.0,0.0,0.0,0.0,0.001777952500129205,1.588661049642295,6.687396450519315,9.833504145043184,10.89586918354248,11.355605467534236,11.571615369771077,11.571615369771077,11.541775925864389,11.548564170020587,11.31027003892349,10.68211743121088,9.694763801109428,6.455876079415922,1.6761128017491727,0.051262770358621104,0.1997695565926369,0.01044850194324557,0.056681258906684864,0.07659234826807677,0.1340891603600335,0.0,0.04064374542194887,0.09074015273104831,0.0,1.8090084412550056,6.1745888157002,6.935475667965122,7.824204566469013,8.328192036050426,8.84236049242209,9.09216263548283,8.916504230514253,8.39348939946799,8.859772524907687,9.056457105765487,8.877022472717739,6.212569738373376,1.5618094815418093,0.0,0.0,0.0,0.0,0.0,0.0,0.0,0.0,0.0,0.0,1.5305140344433161,5.576941923369069,7.189142323524052,7.524543797766807,8.200145142370449,8.600582575383827,9.369367434540909,10.34464334228723,10.373942733849445,10.526005058668895,10.21838903614657,9.24594512702912,6.148180738860884,1.6602269516712809,0.0,0.0,0.1369050690673233,0.14667221186651228,0.2508369416342621,0.3916391664499229,0.11544243923695309,0.04352582433587711,0.1763415638560394,0.1401714632481787,1.6660832089431001,6.819055418436847,9.682629521548362,10.493013585114387,11.178823505389225,11.497970300701972,11.382113554066972,11.469884130179254,11.087082889309142,10.79885564259203,10.21735445311118,9.13474400405337,5.91600375239103,1.620332567674152,0.07883258695451896,0.006216604698426646,0.0647460707594876,0.04614483895924446,0.0,0.0,0.0,0.0,0.0,0.0,1.2387469618706215,6.006693232107158,9.304387343254197,10.55084263846049,11.245280981250472,11.443780220752343,11.496571544438126,11.407014588284737,11.353835640821696,11.181263741908696,10.49237490252054,9.50641520062877,6.538400629816759,2.0982062992898176,0.5717924467386273,0.33262163584191723,0.055426320461664645,0.12184775834717866,0.0,0.021025874135836783,0.2288326537003327,0.0196799893758619,0.18151418805650563,0.08220219157006102,1.6697799465590508,6.494721223784659,9.480799614394561,10.35804395148361,10.936059975579248,11.055446719530995,11.164591781154414,11.39650805269935,11.041732976535902,10.652135214845307,10.340118765812461,9.155594300826577,5.893713316032563,1.5149473532318418,0.0,0.0,0.0,0.07657093455462555,0.19929522182472428
0.0,0.0,0.0,0.0,0.0,1.720516083096179,6.3306522089896395,9.275461081635672,10.503524843160369,11.059113233901286,11.327654807515094,11.461825508739443,11.461825508739443,11.422147211474742,10.972196591204197,10.310355569758775,9.381566145883985,6.4101440727705485,1.782863252426318,0.0,0.0,0.0,0.0,0.013172558567729777,0.025113165663912786,0.0,0.0,0.0,0.0,1.574833148754741,6.465344175056925,9.519404829993958,10.66435178506851,11.052831411842556,11.268035226501375,11.38060862041277,11.265258790955244,11.28649264755202,11.292288730025783,10.782926898043085,9.856156265270368,6.709258546759581,1.8871196369040037,0.10529554097199856,0.11761961376593802,0.13582961762028514,0.17690016767833694,0.1491939036995647,0.27236527839345304,0.2503231581298699,0.21246256278164044,0.18217108905941545,0.020263508940470337,1.8421870173496158,6.246176561422061,7.008768580832572,7.833587188649528,8.368836686023352,8.876092963293162,9.066821924743284,8.892910073874747,8.309605833313213,8.702793239946606,9.014213799932799,8.832198091178384,6.075862326101242,1.665962950411718,0.22785998670178756,0.0,0.0,0.0,0.0,0.0,0.0,0.0,0.0,0.0,1.4820999282427516,5.420640958254302,7.096733218639838,7.40119356077564,8.075169190530703,8.537355529460502,9.315789764392477,10.3507170450614,10.429712238408737,10.462240394328504,10.269083418131594,9.201581525436325,6.382601750171565,1.6469861432577402,0.09212089017152762,0.1866792955344339,0.01522479336968873,0.12269961890938677,0.0,0.035126548864420445,0.0,0.0,0.016550073366010283,0.0033061440426309326,1.3733070707987283,6.398221932830704,9.447150554346837,10.30058065839213,11.10740367351208,11.405758453522937,11.362086297448522,11.377099818009983,11.171011647911211,10.917905115708262,10.524589271603737,9.213699054295017,5.788913203433556,1.2592470814768053,0.0,0.0,0.0,0.04980890954665283,0.04186476587645438,0.18093073663293358,0.18124956728350813,0.35597017285306765,0.2515920759380626,0.13934321294399502,1.6350001261713487,6.390584685544729,9.484455491107783,10.55026105273488,11.143658565628732,11.461825508739443,11.4536970564442,11.264733427044078,11.060810248147494,10.748099848025698,10.093551752135134,9.045229399676598,6.280081321088249,1.823870501769293,0.289632859493795,0.3211104583857415,0.09071737561520671,0.03039116434247795,0.0,0.0,0.0,0.0,0.0,0.0,1.4287986339155352,6.157946167358042,9.340686821628612,10.264089386674355,10.913877781174689,11.173511396351982,11.154107090540771,11.461825508739443,11.268935655155362,10.80416485370809,10.55067984087213,9.516721989839024,6.238819417131637,1.933443548532628,0.25344297603731336,0.266976797016567,0.1313288834050565,0.011156404105898788,0.015467631138200868
0.0,0.0,0.0,0.0,0.0,1.8409620722984745,6.395682393117913,9.394840598163787,10.745339966724538,11.335970944059845,11.451831102724684,11.451831102724684,11.451831102724684,11.451831102724684,11.214130681646507,10.668516691221054,9.708607310947128,6.550193093348211,2.2172364321306337,0.6041778047851515,0.27467087157367165,0.22395189055132264,0.0,0.0,0.0,0.0,0.0,0.0,0.17373052270917871,1.6573023764654042,6.795356186984582,9.78443401625625,10.652766104073857,11.239821032608981,11.324723352510048,11.369420208309522,11.249898678053889,11.34490321636356,11.04748025476776,10.373737370969614,9.313099317009359,6.002841248323549,1.2340698509141497,0.0,0.0,0.0,0.0,0.0,0.0,0.0,0.07950368030524903,0.08921486436447267,0.03337483078021648,1.9899694525342209,6.233947241560813,6.9860922137799495,7.872849246293734,8.3809109701145,8.993433727774182,9.23729513691696,8.995293764609551,8.485103066517404,8.903541731078054,9.096906382406633,8.920626766670443,6.26143005370849,1.8055544793586424,0.0010292488231671442,0.07953530306452004,0.24348810060314563,0.23228398101516734,0.3457132080526458,0.0387249643695713,0.05797142888982063,0.0,0.0,0.0027803391202708663,1.5438853505869834,5.54489232975922,6.931932719210309,7.356120092111316,7.9035401953684685,8.443097632825033,9.252748118170498,10.19547144066795,10.190686538570361,10.360217462860208,10.056099733821734,9.33519791977818,6.155602490055114,1.9259051764934552,0.10132488801643787,0.024277960148059118,0.1780129588928463,0.047412136291901684,0.1337993607140573,0.2017644667574731,0.07324010225028685,0.0,0.08783198457026026,0.0,1.5211169639118485,6.259056032382468,9.469603840210706,10.327638491074785,11.11547978855719,11.451831102724684,11.450012703411135,11.451831102724684,10.904543420438563,10.804647497188618,9.954290532315078,9.018163685405515,6.067472238339568,1.7610963567273048,0.19760615390345004,0.0010796532617218977,0.06688064270937308,0.08286119610797177,0.0,0.0,0.0,0.0,0.0,0.0,1.4308490350002787,6.1845562671129635,9.27830741332659,10.554490631263237,11.379129259298981,11.349467644370204,11.292284310101232,11.212428321328192,11.02184314522663,11.071860047666418,10.368970898594798,9.444611088384285,6.287608451033273,1.7669965983437894,0.23856341844383475,0.0,0.0,0.13936447573971092,0.11306052592854114,0.19353096677818196,0.31163261914452334,0.4443639518270798,0.580944750192337,0.32193773514920554,1.5943575354374837,6.406112933624796,9.481967453861722,10.342948130040094,10.866876480003294,10.967648156376093,10.92487140465658,11.02817000079618,10.61308213286849,10.498219226980337,9.94223408071027,9.204741420677557,6.022963775261768,1.634008401400092,0.0,0.0,0.0,0.0,0.0
0.0,0.0,0.0,0.0,0.0,1.5826361197971297,6.117799102119596,9.216598682715228,10.45614617908352,10.966228227884207,11.305775979619181,11.488294186086234,11.488294186086234,11.488294186086234,11.051945945663741,10.479215598415621,9.451693116126124,6.565627956508312,2.118753436029716,0.16656183669706787,0.0,0.06423283382274089,0.2324715195221201,0.06598270560023664,0.02225014124210972,0.0,0.013903333108262908,0.0,0.0429574744090158,1.783841309154449,6.6407340152973555,9.651108354099232,10.731791844695278,11.168594762898612,11.4227178722911,11.473515103941837,11.402210808766085,11.433652735969176,11.317492834299845,10.67369991063597,9.813806991758083,6.617264698639937,1.7991729891439343,0.22745624042730153,0.13543622382739173,0.022728122115162883,0.06521232334652202,0.10597929638823708,0.1252786541558185,0.15872360945635147,0.07179712668791938,0.0,0.0,1.680350414958342,6.142774196548202,6.9287415754535635,7.839648108781501,8.33960535989016,8.906887790836523,9.127640016235818,8.92509681425235,8.35119758903451,8.762732337372189,9.14459799099864,8.928974585747682,6.212611060271633,1.4867946314591083,0.0,0.0,0.0,0.0,0.0,0.0,0.0,0.06727655148411928,0.0,0.0334271302538726,1.428631054835309,5.508365507293254,7.158445612041002,7.524106522168071,8.198139626792003,8.775261997061676,9.513666245459236,10.527283393869926,10.468234171350352,10.60418419733304,10.199911283130621,9.067612962585159,6.043053909581309,1.4115704523128425,0.0,0.0,0.09115067644909916,0.004997122369618865,0.0,0.0,0.0,0.0,0.05490243833025646,0.0,1.3097093622630047,6.338026119901565,9.47887312388953,10.396304009470251,11.186123139154569,11.486123510536137,11.40624881309382,11.488294186086234,11.32309824441123,11.15324801828386,10.502157653188632,9.399584577321308,6.02746544620656,1.8252272585463425,0.23018473508465315,0.1900888868189405,0.09258197633925197,0.2215907087466436,0.037326878127258815,0.11867461345914179,0.0,0.01519553129875677,0.0,0.0,1.254365695181711,6.044919868847559,9.330817986747657,10.49276006604367,11.111133488833511,11.303308804853566,11.358996561671113,11.228895034071193,11.090142303032811,10.774004294209876,10.10418928466121,9.022413608733174,6.197431396046224,1.6171591052455387,0.01419661183215735,0.0,0.0,0.0,0.0,0.0,0.17710508431399963,0.13435296171804084,0.1443890621490766,0.08731120847540363,1.716556016335923,6.611159416871904,9.496081034480676,10.444534776779737,11.018314854506814,11.152290729823596,11.249707498635749,11.488294186086234,11.142647315384474,10.632259865544246,10.326413050046991,9.221252282411902,6.031402106691578,1.8246390534051649,0.18939867447796682,0.12716355119673212,0.0,0.0,0.0
0.1418322510070726,0.15449758971309152,0.18959340604285715,0.12660559999704699,0.2275815326811064,2.147590143786603,7.01742240327606,10.081149836768374,11.29458307395053,11.85833914528609,11.94177378188713,12.08454270885206,12.01627964321229,11.883368671912551,11.370005150357242,10.800604128082906,9.690027558522996,6.512472646160698,1.712961154696408,0.0,0.0,0.0,0.0,0.0,0.0,0.0,0.0,0.0,0.025780096395879016,1.6952091273438954,6.931411992200467,10.098107018725845,11.19000562187087,11.74515272885524,11.947209847312031,12.08454270885206,12.08454270885206,12.08454270885206,12.015669553452797,11.450943244920028,10.320358324310309,6.897567496888442,2.0861855458769973,0.18069401654697148,0.016201873998326365,0.2965946503783531,0.24029334166119823,0.20994657575506662,0.3138738041451432,0.3863415461018316,0.19639253948265853,0.11483845774608704,0.0,1.7473998932806662,6.490379761741381,7.358391269639832,8.323915577479685,8.86834253583297,9.419211091257258,9.656949456958433,9.505118500165665,8.822170914022763,9.142370077653391,9.53573679473062,9.314977940128056,6.5311376472678235,2.0331837279104876,0.27376188806667634,0.0027949579542257,0.1117269977217526,0.1439419271695747,0.04173870205463492,0.0,0.14791897905124732,0.0,0.0,0.0,1.4879284304504552,5.6651357620718334,7.371600037065544,7.799643190035926,8.52745362220037,8.995215275191942,9.880538350126578,10.990590545017172,11.053926793708973,11.069776882442902,10.678138873066713,9.532771340728459,6.527562823801044,1.4753918782172424,0.0,0.0,0.0,0.0,0.0,0.0,0.0,0.0,0.0,0.0,1.3223269662659969,6.341878728157746,9.749364009771512,10.835665921734414,11.692095088035884,11.99889604668856,11.930770557369998,12.08454270885206,11.875969802952092,11.691118368184796,11.118857775254986,9.98926758186824,6.718186701700069,1.8457392315916288,0.13243962834062598,0.0,0.0,0.0,0.0,0.2399374259558743,0.20399322606352896,0.42613387634775424,0.20616572544469783,0.14637244968065302,1.6078735537712219,6.707707851852253,9.941388140908382,11.123838614318613,11.792969504160938,11.992938487773845,12.002050938242963,11.817074892462218,11.699893000357335,11.424929075198849,10.539899160278514,9.634955973231927,6.527358980351296,1.7151006105501665,0.0,0.0,0.0,0.030771447262844625,0.00018209954819569955,0.0,0.0,0.0,0.0,0.0,1.4657708995660683,6.60125835339134,9.730902852114134,10.849815394267443,11.448584999497857,11.657113247115548,11.803247391738507,11.931990736888984,11.504511574806067,11.170099552693372,10.863563662554855,10.048812918630633,6.556860097564453,1.9728689361474134,0.3111714378462331,0.16836024983040832,0.2615036397659595,0.09752292908808746,0.08678933120112355
0.0,0.0,0.0,0.0,0.0,1.7093470976220422,6.301790324370161,9.424830945650552,10.718104258090008,11.2792465960306,11.474210600541015,11.474210600541015,11.474210600541015,11.474210600541015,11.187269435646876,10.722767882977777,9.646365780270184,6.471069854227374,2.2175987726068223,0.4310648018674893,0.42735575308136264,0.17212730367844456,0.0,0.0,0.0,0.0,0.0,0.0,0.15753937013157124,1.7075812258724863,6.760897829599776,9.698209367451955,10.706821007848268,11.286789508317916,11.415171530525365,11.474210600541015,11.474210600541015,11.474210600541015,11.286461228519393,10.584090869505394,9.514267357176955,6.1185329142583305,1.3415410435241897,0.0,0.0,0.0,0.0,0.0,0.0,0.0,0.0,0.0,0.0,1.7915834098798984,6.007839701861306,6.876310064100572,7.696225108473273,8.160947566090128,8.735386603703402,9.042590155245136,8.804643382448086,8.391319282536257,8.830995359358287,9.032667898334774,8.869754260903923,6.401374001252165,1.8475397274125431,0.0,0.07808192713306909,0.05601643804522564,0.018260147031388306,0.16645314979108022,0.08435010502565171,0.0810669543961052,0.022023385493892236,0.0,0.01616896624450683,1.4576804519745263,5.620496896253844,7.199251212400258,7.523164205686822,8.069784266040244,8.558631185351071,9.42106598671124,10.386893878448772,10.312417450907569,10.564230625610989,10.101508623016384,9.386074779769903,6.116796450907392,1.8036234134488591,0.013522445465123661,0.0,0.22471059971222035,0.1631346171819468,0.3035046332650156,0.44100714881760544,0.271891545135827,0.005554671581788565,0.19183963999826084,0.0,1.5386484415524635,6.397245198869489,9.358738647380381,10.35943532505105,11.14510531510781,11.474210600541015,11.402636713551754,11.474210600541015,11.067382337142462,10.942025960411403,10.028514241982263,9.065882290866602,5.891130762156344,1.7939360817693146,0.22184550357479704,0.0013789354466676824,0.08790502687381936,0.2016826267411287,0.05456141691608774,0.0,0.0,0.0,0.0,0.0,1.2955553699763778,5.990132426312216,9.18627753914248,10.400991444046602,11.193259858053677,11.21872205992663,11.236693327147034,11.158467670740198,11.072747660099575,10.97084824280549,10.34031439461957,9.351511704399142,6.334136143268397,1.92447432092425,0.4108930341226109,0.07646486059817581,0.015358952939557085,0.07158957431817464,0.071574100713088,0.16760503572996074,0.42052855914645115,0.4546508504960703,0.47636356703479765,0.3858512697624537,1.7833960775089184,6.681824117046755,9.523636325843556,10.40909448374015,10.929625874938436,10.998196685687457,11.010143334688713,11.253179812195366,10.72831786332156,10.498675885510899,9.871434410137669,8.950935119413714,5.929891031534473,1.6272311546236442,0.0,0.0,0.0,0.0,0.0
0.0,0.03907001386550614,0.09870875214684219,0.0,0.06689013772345458,1.9349611127790018,6.605963047831264,9.602551745007283,10.744577186100852,11.200800625885316,11.342927981314212,11.587578314622402,11.42221920943692,11.40636221130349,10.963028819957996,10.367897244863943,9.323899655343139,6.263410305112117,1.5230194491631273,0.0,0.025620684406950936,0.0,0.0,0.0,0.005980842739351839,0.0,0.0,0.0,0.0,1.5427102300511286,6.543412457379579,9.679878174628755,10.766607186086311,11.269154822209789,11.560473104963378,11.577836795139731,11.59850009930705,11.58671893185643,11.536211481988861,11.010782086670746,9.996279345338863,6.631646117622727,2.04403619119822,0.23350568953428275,0.16269014559881073,0.2552717888392145,0.373043418014404,0.3338279501505039,0.38910776822952287,0.42351898755355727,0.21394485563710372,0.2733978130372272,0.04413761081118947,1.685210446712357,6.30846067441576,7.1172611410540725,7.964651359137643,8.536497126526926,9.072402674982495,9.285011199081644,9.203681016041603,8.614763332786028,8.969112490069383,9.182398124622045,8.886177201798704,6.27442149332645,1.87242906143134,0.21320747143768162,0.0,0.0,0.0,0.0,0.0,0.0,0.0,0.0,0.0,1.4005393856959718,5.457411149070628,7.147252906535899,7.6693771434581075,8.361018789272118,8.802776183512917,9.526509538180445,10.511588815537031,10.554571121797398,10.55608127909341,10.308052324023835,9.098724044392876,6.240238157708655,1.4922455760592046,0.0867175362144741,0.31989618165960443,0.0,0.08527124786445184,0.0,0.0,0.0,0.0,0.0,0.0,1.2967456128777601,6.5152725231483,9.53769329599859,10.484192524618567,11.150728411805677,11.48799664356471,11.413757754445179,11.619768436663636,11.356511080370902,11.151997387486722,10.621831684247109,9.365771694513919,6.147111560104405,1.4893364960913256,0.0,0.0,0.0,0.05000951465656848,0.025731864886515462,0.24680502767868112,0.28026605294798984,0.5293556136988253,0.3373786433855689,0.17983001291238765,1.6205256068834029,6.452041356990014,9.55985358950018,10.688344445080299,11.2924032051812,11.50255833009362,11.607591537310297,11.432608038196541,11.28122707091985,10.975754615400568,10.118166850527867,9.194674823264334,6.321149738175593,1.5520047318853694,0.0,0.0,0.0,0.0,0.0,0.0,0.0,0.0,0.0,0.0,1.5579024193795108,6.428287740118284,9.443061392452652,10.419338926964198,11.015151077764852,11.181077098355628,11.323568998409444,11.622254409229395,11.236532929633716,10.907457249226749,10.639994461785692,9.675161965175171,6.540871733815018,2.186986370973003,0.6277610479112561,0.5533563031157721,0.3285496116724543,0.0008576284815964913,0.0004841716588886175
0.0,0.0,0.0,0.0,0.0,1.645022190640549,6.408685082885814,9.500584071417627,10.92392048250293,11.561639368126974,11.62791562394051,11.62791562394051,11.62791562394051,11.62791562394051,11.317547077014247,10.84649052597194,9.779786989799694,6.6418080319706325,2.318521389939093,0.5157990101757685,0.08741089383888875,0.4086688947495472,0.09441013473080029,0.033564619816444416,0.0,0.0,0.07481279736872767,0.04289985770798499,0.16116374786547794,1.887638399350804,6.987084134376624,9.889808235868838,10.893231691471541,11.458451868971029,11.551948061525835,11.532486437456605,11.494973602600943,11.590762496452793,11.219522314243331,10.492894717891911,9.415314712114307,6.180435856751665,1.3625170165397906,0.0,0.0,0.0,0.0,0.0,0.0,0.0,0.0,0.0,0.0,1.8683003163959035,6.056992466390332,6.911393109996266,7.799894566545725,8.164652392276572,8.795421786998117,9.078036034214541,8.881330164014821,8.478365732570289,8.997528119261494,9.20117654958591,9.115846199437929,6.506204591954932,1.8490287689079064,0.0,0.12428493839731376,0.3673733280040398,0.3749046143856911,0.4552641673764066,0.33314628826978765,0.3400187175865953,0.31521627946017383,0.2134144593737396,0.2765696776494365,1.7342838512275145,5.9207014932166295,7.223943465774734,7.553885915370625,8.108433388132145,8.710273716306341,9.532216834385705,10.52925635055459,10.437101956582334,10.678573720607963,10.420138184833101,9.632123303329982,6.393149744441663,1.9532518995369814,0.0,0.0,0.02574734138637991,0.0,0.0,0.0,0.0,0.0,0.17409795457103602,0.0,1.5102227208499304,6.354036592991419,9.519356776173293,10.541139169096859,11.361538109881842,11.62791562394051,11.582318036778311,11.6013250018237,11.025374594130488,11.063816153211677,10.222649136741706,9.223594843465657,6.207025785790695,1.8588195321705119,0.21777736234168985,0.0,0.0862199587962843,0.11980786169440877,0.0,0.0,0.0,0.0,0.0,0.0,1.444906204492587,6.426095196725523,9.532331192219447,10.703086495539603,11.353203156496638,11.448714819236391,11.411878428294246,11.41251813908541,11.343197192583267,11.18374771846052,10.568064547781526,9.623544386566131,6.612386187121529,2.1733399615393214,0.5572053394140309,0.1589573672400947,0.0,0.0,0.09376716430820062,0.0,0.0,0.06550928944431386,0.05071490529394434,0.0,1.4034639651618357,6.408058540572474,9.546438790436296,10.528095445272683,11.092032042723158,11.161351603069742,11.190143440216604,11.325210438030396,10.978530853119413,10.796519618016408,10.227488898881145,9.278287690337987,5.918924441788086,1.375045523669079,0.0,0.0,0.0,0.0,0.07158296827807188
0.11566995333633888,0.10529588657743315,0.11948237939573167,0.0,0.07489403327652054,1.9350288038401269,6.501373826329044,9.55876694159864,10.732129049467963,11.156391462918814,11.36367187320166,11.561707584766339,11.561707584766339,11.546123565622644,11.057537620427189,10.410166825008146,9.415800415219767,6.267601134807094,1.749282201561056,0.0,0.0,0.0,0.0198265601517195,0.0,0.0,0.0,0.0,0.0,0.03407551627749111,1.5857742165003728,6.576906770623014,9.732324014090036,10.744246737299516,11.296572519881448,11.539713953786812,11.49126043074744,11.519047590025412,11.517069782696218,11.302133121741821,10.75419572838369,9.7508857703311,6.6074490775323875,2.0697769205478695,0.26745997912318786,0.3239934825489316,0.45852559961042216,0.5108061281469242,0.4270610625065214,0.2953857830395026,0.30719624744598684,0.1118888827589943,0.04812500114469711,0.0,1.7603501698754676,6.212740067326313,7.029122424036972,7.979919874670763,8.472602706476692,8.978797339085242,9.205498163425242,9.063112574878604,8.471839148803959,8.779912617545104,8.974741800363182,8.674224658229917,6.215473162750558,1.7125085955846415,0.0888618560641065,0.0,0.0,0.0,0.0,0.0,0.0,0.0,0.0,0.0,1.1909478816609196,5.495043405027723,7.1824114507587025,7.661530796901494,8.255238235340848,8.823881962085846,9.427497043720958,10.422349291198216,10.395764666341652,10.472553897311972,10.245452687585818,9.270745820475927,6.346299259959249,1.575190707611893,0.13617335903959277,0.18498890222386183,0.1054955516542257,0.3412393853118986,0.21585983870470166,0.1222228076095636,0.06741202519099442,0.0,0.0,0.0,1.4709220145665582,6.554089627532551,9.477472858185484,10.594713477108833,11.314487181668813,11.55984210586734,11.328915527331302,11.561707584766339,11.250858294449584,10.91112336928596,10.455873469993799,9.201960162439846,5.992178026153025,1.3089165084011627,0.0,0.0,0.0,0.11371202314308565,0.1575022688744489,0.2794976415623703,0.23238389778444488,0.30091136840687394,0.2086796702046066,0.12648792844102735,1.556662029681561,6.280283910446989,9.48549710506393,10.546203445288628,11.149532537362203,11.343514088467769,11.356460801462047,11.2370246692488,11.14367974375703,10.778440751887427,10.104224839914805,9.055520413434095,6.245273275062878,1.6230881015520795,0.20262226915785309,0.15745315748927655,0.063215332961322,0.13644858092185655,0.0,0.0,0.19270583953580545,0.029309009228275756,0.0,0.05246663710508757,1.7823057263410789,6.610973295888311,9.599582131384773,10.5177602328478,11.075308253736575,11.25525908803991,11.341707185744024,11.561707584766339,11.332935231216736,10.923862653706689,10.530856487371848,9.516787119622144,6.440869461211058,2.0962128652890066,0.31085887355130865,0.31438457784697216,0.0,0.0,0.0
0.05579982730110052,0.06115241728121663,0.10800657516514588,0.10609390602591769,0.11690779630361427,1.998271128298498,6.835724575919648,10.032507052048482,11.339099276644182,11.872133295546355,11.872133295546355,11.872133295546355,11.872133295546355,11.810719838610439,11.295575522138318,10.73911173196685,9.562144663845947,6.417983288627027,1.9776333281117469,0.3898386481443841,0.14800644359916057,0.17193003303348647,0.0,0.0,0.0,0.0,0.11426828723973644,0.0,0.0,1.6948814190126453,6.92922570963618,9.911365723050203,10.940969366003849,11.643128687326213,11.74719975439972,11.692636905004063,11.7295577239704,11.726002569308456,11.524576592187021,10.870484745132531,9.914678159151428,6.538247151108424,1.6046943135744867,0.0,0.0,0.0,0.0,0.0,0.0,0.0,0.0,0.06820853729815667,0.0,1.98107066166477,6.367923116204687,7.236890237654674,8.125211156876187,8.640569886537515,9.230889023940538,9.429953625443561,9.254841029314234,8.801541826693592,9.233298518690521,9.333612755330059,9.358989936159398,6.674996769592863,1.9179608284324072,0.04454786717210834,0.15225833055816418,0.38999291241912604,0.3556871559633804,0.3793702603077094,0.16349711099854594,0.32865041793413297,0.1738886652310649,0.03136257277132686,0.10004490439552764,1.592970936328386,5.935549720925935,7.246586950300496,7.792102222771011,8.387613272943675,8.894616256934576,9.742106677749616,10.772473858099804,10.692641388286557,10.866742775018608,10.619455727338678,9.561005372642578,6.348831143119651,1.848112016968685,0.0,0.0,0.0,0.0,0.0,0.0,0.0,0.0,0.0,0.0,1.530433756143431,6.505454670577154,9.639128905650772,10.738157840946887,11.482112166210003,11.872133295546355,11.811733170910578,11.796924508169639,11.236173869482636,11.162856588557228,10.43535971392564,9.306997214497057,6.334372051716888,1.8570315702579219,0.25123785836304097,0.0,0.0652641373673057,0.07504615311516477,0.0,0.0,0.0,0.08201901553543,0.06301538616851211,0.0,1.689760623488929,6.7262004790243,9.850834686071181,11.010281436860268,11.584259175654962,11.727443312718432,11.695359881743544,11.751034424605345,11.737301365981873,11.544441301914343,10.942655658511692,9.758961111216607,6.798532733021081,2.226326622030119,0.43288298042025997,0.1548256940950429,0.0,0.0,0.0,0.0,0.0,0.0,0.0,0.0,1.2484205287865142,6.289421706486803,9.508994960123042,10.560910312171245,11.154615479641425,11.262195705148168,11.096878182830666,11.434080073656519,11.212678288224575,10.98613341678885,10.731416916721235,9.555269289105613,6.234645859170517,1.4542196858065979,0.0,0.0,0.22597644208047266,0.3053736062388628,0.4093322921420369
