0,1,2,3,4,5,6,7,8,9,10,11,12,13,14,15,16,17,18,19,20,21,22,23,24,25,26,27,28,29,30,31,32,33,34,35,36,37,38,39,40,41,42,43,44,45,46,47,48,49,50,51,52,53,54,55,56,57,58,59,60,61,62,63,64,65,66,67,68,69,70,71,72,73,74,75,76,77,78,79,80,81,82,83,84,85,86,87,88,89,90,91,92,93,94,95,96,97,98,99,100,101,102,103,104,105,106,107,108,109,110,111,112,113,114,115,116,117,118,119,120,121,122,123,124,125,126,127,128,129,130,131,132,133,134,135,136,137,138,139,140,141,142,143,144,145,146,147,148,149,150,151,152,153,154,155,156,157,158,159,160,161,162,163,164,165,166,167
0.0,0.0,0.0,0.0,0.0,0.0,0.0,0.0,0.0,0.0,0.0,0.0,0.0,0.0,0.0,0.0,0.0,0.0,0.0,0.0,0.0,0.0,0.0,0.0,0.0,0.0,0.0,0.0,0.0,0.0,0.0,0.0,0.0,0.0,0.0,0.0,0.0,0.0,0.0,0.0,0.0,0.0,0.0,0.0,0.0,0.0,0.0,0.0,0.0,0.0,0.0,0.0,0.0,0.0,0.0,0.0,0.0,0.0,0.0,0.0,0.0,0.0,0.0,0.0,0.0,0.0,0.0,0.0,0.0,0.0,0.0,0.055928901101738364,0.2068608930404987,0.0,0.0,0.0,0.0,0.0,0.0,0.0,0.0,0.0,0.0,0.0,0.0,0.0,0.0,0.0,0.0,0.0,0.0,0.0,0.0,0.0,0.0,0.0,0.0,0.0,0.0,0.0,0.0,0.0,0.0,0.0,0.0,0.0,0.0,0.0,0.0,0.0,0.0,0.0,0.0,0.0,0.0,0.0,0.0,0.0,3.050974849504276,0.0,0.0,0.0,0.0,0.0,0.0,0.0,0.0,0.0,0.0,0.0,0.0,0.0,0.0,0.0,0.0,0.0,0.0,0.0,0.0,0.0,0.0,0.0,0.0,0.0,0.0,0.0,0.0,0.0,0.0,1.276489545639186,0.0,0.0,0.0,0.0,0.0,0.0,0.0,0.0,0.0,0.0,0.0,0.0,0.0,0.0,0.0,0.0,1.718761679279412,0.0
3.4297298996278323,1.764134988710248,1.2162076649109959,0.4917868121131403,0.4463004766745475,0.0,0.0,0.0,0.0,0.0,0.0,0.0,0.0,0.0,0.0,0.0,0.0,0.0,0.0,0.0,0.0,0.0,0.0,0.0,0.0,0.0,3.4297298996278323,3.4297298996278323,0.0,3.4297298996278323,0.0,0.0,0.0,0.0,0.0,0.0,0.0,0.0,0.0,0.0,0.0,0.0,1.141900164078199,0.4412816858411861,0.0,0.584560170458203,0.0,0.0,3.4297298996278323,0.0,3.3008253937457064,3.4297298996278323,0.0,1.4044907683649743,0.0,0.0,0.0,0.0,0.0,0.0,0.0,0.0,0.0,0.0,0.0,0.0,0.0,0.0,2.7476363895472504,0.0,0.0,0.671147858014652,3.4261761647377065,0.0,0.0,3.343490603946415,3.138720257245912,0.8159741469490706,0.8722040915132431,0.0,0.0,0.0,0.0,0.0,0.0,0.0,0.0,0.0,0.0,0.0,0.0,3.4297298996278323,2.443639768394326,0.0,0.0,0.0,0.789957923176162,3.0199617573507203,3.3331516667742633,0.5519318241224375,0.0,0.0,0.0,0.0,0.0,0.0,0.0,0.0,0.0,0.0,0.0,0.0,0.0,1.202738108876106,0.0,2.5080308854888758,0.0,3.4297298996278323,0.0,3.4297298996278323,0.0,0.7165998200194811,0.0,0.0,0.0,0.0,0.0,0.0,0.0,0.0,0.0,0.0,0.0,0.0,0.0,0.0,0.0,1.8155708612962158,0.0,2.132256437788091,3.289446214840124,0.0,0.0,1.653435135083318,2.2748245553831823,0.0,0.0,0.0,0.0,0.0,0.6786733989343458,0.0,0.0,0.0,0.0,0.0,0.0,0.0,0.0,0.0,0.0,0.0,0.0,2.858308738200475,0.3995645473167609,3.4196905985632275,1.2681368274630618,0.0
2.3538515689989072,2.551571464585519,0.025772557630054926,0.0,0.0,2.003635277078776,0.0,0.0,0.0,0.0,0.0,0.0,0.0,0.0,0.0,0.0,0.0,0.05564978174706702,0.0,0.6760130178378971,0.0,2.892621815287167,0.0,0.0,0.0,3.705478366672992,3.705478366672992,2.649377977922162,0.0,1.0962158532290676,0.0,0.0,0.0,0.0,0.0,0.0,0.0,0.0,0.0,0.0,0.0,0.7733967994885571,1.3616533167238645,3.610166206749103,3.6568682565116184,3.398199863347986,0.0,0.0,0.0,1.3474525038385654,0.0,0.6109016537699824,0.4644714202669967,0.07920826537588349,0.0,0.4128754678236121,0.0,0.0,0.0,0.0,0.0,0.0,0.0,0.0,0.0,0.0,0.0,0.11375063093862828,0.0,3.705478366672992,3.6986277479624747,3.705478366672992,1.1764829442144031,0.4601409886839538,0.0,0.0,1.2221456330874014,0.0,0.0,0.5133054169178006,0.0,0.0,0.0,0.0,0.0,0.0,0.0,0.0,0.0,1.7796215016263215,0.0,2.0674754965462285,0.0,3.705478366672992,1.6891994321183972,3.705478366672992,0.0,0.44070969129270643,0.0,0.01648275234613561,1.159942235427585,0.0,0.0,0.0,0.0,0.0,0.0,0.0,0.0,0.0,0.0,0.0,0.0,1.5960269832723486,0.0,3.705478366672992,3.705478366672992,0.0,3.705478366672992,0.1067366390857314,0.0,0.17695196402797342,0.0,0.0,0.0,1.69029550074203,0.35219105061053746,0.0,0.0,0.0,0.0,0.0,0.0,0.0,0.0,0.0,0.0,1.5375906342779788,0.0,0.8149167998566593,1.3113981211626502,0.0,3.3670830572918513,0.290158234349561,0.0,3.705478366672992,3.175896351291385,0.9538605745157372,0.0,1.6872509436337662,0.0,0.0,0.0,0.0,0.0,0.0,0.0,0.0,0.0,0.0,0.0,1.1919674963808031,0.8850653213560901,2.8099398934149216,0.21858012681487843,3.695211184526758,2.080308673441221,0.0
2.0253439540987337,2.981600989052593,0.741273543371761,0.204649821825732,0.4515415303080337,1.0066383539000834,0.0,0.0,0.0,0.0,0.0,0.0,0.0,0.0,0.0,0.0,0.0,0.0,0.0,2.693694100604254,0.6533969436891458,3.091632383726046,0.8748418823392634,0.8708838652591802,1.9907280245440107,2.9721312235612523,0.3656548125334603,0.9401944964678549,0.0,0.8827676263537897,0.0,0.0,0.0,0.0,0.0,0.0,0.0,0.0,0.0,0.0,0.0,0.0,0.989873106719415,0.0,2.6957296033069165,3.202447542847983,2.068838018646116,0.516210592343526,1.5439522374362218,2.33073751970312,0.41376245962585656,0.0,0.7768196425419261,0.07413091059054058,0.0,0.0,0.0,0.0,0.0,0.0,0.0,0.0,0.0,0.0,0.0,0.0,2.9374553049688896,0.9868334214643819,0.6398821218707523,3.6107287335448257,2.29287998933033,2.0622474475886206,0.0,0.9175792614767584,0.5716704230743412,0.0,0.9162847247191837,0.5436164786777388,0.3618852235385906,0.0,0.0,0.0,0.0,0.0,0.0,0.0,0.0,0.0,0.0,0.6090781707684373,1.4783916504858654,3.6107287335448257,3.6107287335448257,3.101342336884277,0.055084820426896795,0.7867846250325432,0.39466268037848684,0.0,0.7657750848111727,0.0,0.39729750333880964,0.37148823520282476,0.0,0.0,0.0,0.0,0.0,0.0,0.0,0.0,0.0,0.0,0.0,0.0,2.952464257424686,3.550782021355496,0.052644828886329265,0.0,0.5558669987790037,2.0629862773932572,0.0,1.6958595751690462,0.38338803486018547,1.9966554526101652,1.78760601052914,0.5157502153323814,0.0,0.0,0.0,0.0,0.0,0.0,0.0,0.0,0.0,0.0,0.0,0.0,1.8700971511728228,0.0,3.6107287335448257,3.3494448491872433,3.6107287335448257,0.0,1.1573672304287952,0.0,0.0,1.6109686136662908,0.0,0.4233502887631474,0.0,0.0,0.0,0.0,0.0,0.0,0.0,0.0,0.0,0.0,0.0,0.0,2.1377198185692627,0.52037829398424,1.0321942378419244,1.5349988209494707,2.5114253647067004,3.6107287335448257
4.009651464469242,1.662042956131318,0.0,1.4744332097312522,0.27299885347654074,0.5491857122042934,0.0,0.0,0.0,0.0,0.0,0.0,0.0,0.0,0.0,0.0,0.0,0.0033321284078802194,0.0,2.5486527379247583,2.641306901396401,3.5754884844022436,3.216110315324237,0.9409607390893888,0.5543198280368662,0.41560364692804685,0.0,0.5962680152752593,0.0,0.24710905636966962,0.0,0.0,0.0,0.0,0.0,0.0,0.0,0.0,0.0,0.0,0.0,0.48653753637701413,4.445449003132542,3.920428656390606,3.435119156610746,0.29015474094454496,0.5924151350144609,0.3540885736407796,0.8832848936234516,0.7393052346901305,0.5173645277472971,0.0183576979208878,0.0,0.0,0.03109426903571144,0.0,0.0,0.0,0.0,0.0,0.0,0.0,0.0,0.0,0.0,0.0,2.4960249343816985,2.576446509146073,4.521557369361168,2.5352826517316633,0.0,0.26519553800089385,0.9397640744568166,0.6423938639281717,0.1735431394456606,0.759849932028356,0.5755904041563603,0.0,0.6407342534934923,0.0,0.0,0.0,0.0,0.0,0.0,0.0,0.0,0.0,0.0,0.0,0.20053238449721908,3.760254239223765,4.604632039895524,2.3912488882237426,1.3524799642496017,0.1567119132802327,0.49726155485929485,0.5532152884897492,0.5726625197270517,0.4898028331921004,0.644024808141277,0.19742632591902753,0.5870476009133512,0.0,0.0,0.0,0.0,0.0,0.0,0.0,0.0,0.0,0.0,1.639758870166295,4.604632039895524,2.2442065462396705,4.18661783919586,0.0,0.0411574037801512,1.571639560238643,0.0,1.05861121719306,0.10974297766637661,0.0,0.5476310107686643,1.3969542869882265,0.6187600179333597,0.0,0.0,0.0,0.0,0.0,0.0,0.0,0.0,0.0,0.0,0.0,3.5383319038278622,3.78705729209306,3.746142423264924,1.3340959714210738,0.4300613954516921,0.606363889324509,0.8457980338053469,0.19035803684892066,0.8028576449734202,0.830742025460575,0.0,1.2080723126436297,1.2757095552773396,0.0,0.0,0.0,0.0,0.0,0.0,0.0,0.0,0.0,0.0,1.4080599988102591,3.7560727484138723,4.163517155190566,2.2669597297065294,0.5260157043257087,0.8388880958200801,0.11157098614832928
1.993895055668828,3.9979098039949554,0.7573950638690965,0.6488905564502869,0.20786260762120268,1.0533310494333916,0.0,0.0,0.0,0.0,0.0,0.0,0.0,0.0,0.0,0.0,0.0,1.7193774434140998,2.5213086798968094,3.496880868760231,3.0949497526249994,2.019427436812638,0.3286711403386444,0.49191909261572775,0.0,0.4906322074938766,1.008039648713668,0.3179595267520549,0.7222123251793738,0.6066854649626925,0.0,0.0,0.0,0.0,0.0,0.0,0.0,0.0,0.0,0.0,0.0,0.0,2.823628276867383,3.915044809897131,3.956275247569684,1.5082063874228737,0.5052774875180275,0.04708162839878575,0.6632896130041512,0.40950529878086744,0.622104281073522,0.07368030793542246,0.493945896501917,0.6757317367900458,0.0,0.35011504236308877,0.0,0.0,0.0,0.0,0.0,0.0,0.0,0.0,0.0,0.45725707553681993,3.859074401837177,3.53618605842882,2.586515461827645,2.068134130585137,0.9596055859111347,0.3021508858023439,0.3797822919932154,0.4606004695005267,0.5046583932574169,0.0,0.7234481653318208,0.7208417338897093,0.5755009041880963,0.7129871716407816,0.0,0.0,0.0,0.0,0.0,0.0,0.0,0.0,0.0,1.0342182114380882,2.8671639640139466,3.7902189117468876,3.158895151950916,2.370346769722273,0.12986889424830056,0.8568117819463419,0.5251032352129873,0.07651019572303538,0.6784168843325906,0.0,0.6669947517503563,0.2911109112411712,0.1261272907533879,0.0,0.0,0.0,0.0,0.0,0.0,0.0,0.0,0.0,0.0,0.0,2.6001414720467175,2.3343387668909616,3.5246077729977277,3.7474443219882883,0.3814234820683322,0.30475771025647264,0.18094737990100493,1.094530082983396,0.45887770317012944,0.0,0.9433513993003833,0.5810033266977457,0.0,0.0,0.0,0.0,0.0,0.0,0.0,0.0,0.0,0.0,0.0,1.8059745639870908,2.8216417228984594,4.003862182376428,2.645053317752062,1.6230941011953914,0.5537586500670765,0.24499303876138695,0.3720824685049041,0.7002108935614896,0.5753053220108614,0.0,0.8504796613327187,0.969717790463547,0.40091377281846097,0.0,0.0,0.0,0.0,0.0,0.0,0.0,0.0,0.0,0.0,0.0,1.8805834439125484,2.7663738975781706,3.9544820059505,3.6624690746554904,0.0,0.3750076446560262
4.718457829349043,1.6673840427230577,0.44894406048505536,0.8145709502337003,0.2657801194339927,0.7338561796340508,0.0,0.0,0.0,0.0,0.0,0.0,0.0,0.0,0.0,0.0,0.0,1.3553494537590172,1.7421978789932264,4.6512752267724,3.8232326860320955,1.639967719242665,0.7566006404749218,0.3951169846426892,0.720888663512717,0.39170979240617027,0.0,0.0,0.0,0.4905661408404156,0.0,0.0,0.0,0.0,0.0,0.0,0.0,0.0,0.0,0.0,0.0,1.3441591242711688,2.6434936948656382,3.6389744057152438,0.0,3.906868683013191,0.0,0.0,0.0,0.0,0.0,0.0,0.0,0.0,0.0,0.0,0.0,0.0,0.0,0.0,0.0,0.0,0.0,0.0,0.0,1.3241491976708595,4.2393212036843835,0.0,0.0,0.0,0.0,0.0,0.0,0.0,0.0,0.0,0.0,0.0,0.0,0.0,0.0,0.0,0.0,0.0,0.0,0.0,0.0,0.0,0.0,1.63436960055338,4.344644001286766,4.470478184053412,0.0,0.0,1.7899639088380612,0.8059527339758848,0.5789948893580646,0.0,0.0,0.0,0.0,1.0605923243728879,0.0,0.0,0.0,0.0,0.0,0.0,0.0,0.0,0.0,0.0,0.0,1.8027409138824193,3.4794737991791433,4.718457829349043,2.9333882613812334,0.42179236051786806,0.5124031025567123,0.40183744243082087,0.4922292352265768,0.7084492533320216,0.5938692573083075,0.352956915335472,0.5380449147567277,0.6001904424285494,0.851227727930999,0.0,0.0,0.0,0.0,0.0,0.0,0.0,0.0,0.0,0.0,0.48062982121276754,4.718457829349043,4.423083099298244,3.159218547685138,0.4969573704493059,0.6046147321483027,0.6231138238192874,0.2752220482912384,0.4924608343943014,0.8222988515617419,0.46472688683156715,0.9895613788980596,0.8027668918448151,0.29875920970567293,0.0,0.0,0.0,0.0,0.0,0.0,0.0,0.0,0.0,0.0,0.18985209970543507,4.011528348186446,3.739877038903485,4.566854340974314,0.5062175453860902,0.4240510060693479,0.40984363624095144
5.839066204852178,0.9551536683122205,0.8017867469550474,0.8039581984924052,0.6775426704395131,0.7846935576650755,0.0,0.0,0.0,0.0,0.0,0.0,0.0,0.0,0.0,0.0,0.0,1.3621961116855026,4.772299087358149,5.839066204852178,0.0,1.3136553851882018,0.5726233923168026,0.8273886492671191,0.5677507569876403,0.0,0.0,0.0,0.0,0.0,0.0,0.0,0.0,0.0,0.0,0.0,0.0,0.0,0.0,0.0,0.0,1.4937357401217173,4.661001673929544,0.0,0.0,0.0,0.0,0.0,0.0,0.0,0.0,0.0,0.0,0.0,0.0,0.0,0.0,0.0,0.0,0.0,0.0,0.0,0.0,0.0,0.0,1.7392694689171933,5.839066204852178,0.0,0.0,0.0,0.0,0.0,0.0,0.0,0.0,0.0,0.0,0.0,0.0,0.0,0.0,0.0,0.0,0.0,0.0,0.0,0.0,0.0,0.0,1.8221871717653546,5.265451144010291,0.0,0.0,0.0,0.0,0.0,0.0,0.0,0.0,0.0,0.0,5.128309235866048,0.0,0.0,0.0,0.0,0.0,0.0,0.0,0.0,0.0,0.0,0.0,2.152139418227155,5.637540667053212,5.102796499555916,0.0,0.0,0.7511005339604624,0.6497770964758007,0.7903186988404642,0.0,0.0,0.0,0.0,1.3394501354323936,0.32684580328561275,0.0,0.0,0.0,0.0,0.0,0.0,0.0,0.0,0.0,0.0,1.2756909748928962,5.839066204852178,5.632533844742423,0.0,0.0,0.9784312299228232,1.0183610654296227,0.7246279605143309,0.8211879076485064,0.4453805414982855,0.7388600994160796,0.6049833657813978,1.0833698540820602,0.9294450448528757,0.0,0.0,0.0,0.0,0.0,0.0,0.0,0.0,0.0,0.0,1.6532676278938199,4.484212972823029,5.723113604602357,0.8920940489852375,0.0,1.085272883315178,0.7519857367410169
6.191623491784622,0.8112261243583317,0.7814335333713853,0.866610675558224,0.7995733197623371,0.9884498566344826,0.0,0.0,0.0,0.0,0.0,0.0,0.0,0.0,0.0,0.0,0.0,1.5718847613610307,5.932568765081858,0.0,0.0,5.447715544215917,0.9879936587402138,0.6043516362321326,0.0,0.0,0.0,0.0,0.0,0.08890996957980513,0.0,0.0,0.0,0.0,0.0,0.0,0.0,0.0,0.0,0.0,0.0,0.10036699399083027,0.0,0.0,0.0,0.0,0.0,0.0,0.0,0.0,0.0,0.0,0.0,0.0,0.0,0.0,0.0,0.0,0.0,0.0,0.0,0.0,0.0,0.0,0.0,1.4477086203497116,0.0,0.0,0.0,0.0,0.0,0.0,0.0,0.0,0.0,0.0,0.0,0.0,0.0,0.0,0.0,0.0,0.0,0.0,0.0,0.0,0.0,0.0,0.0,0.0,0.0,0.0,0.0,0.0,0.0,0.0,0.0,0.0,0.0,5.9848924285699034,5.138627479066215,0.5540582806470888,1.2137927129274877,0.0,0.0,0.0,0.0,0.0,0.0,0.0,0.0,0.0,0.0,1.9100094456291465,6.2680680808849685,0.0,0.0,0.0,0.0,4.755452831798465,0.6159748642483979,0.0,0.0,0.5346091268837487,1.2835233451523143,0.6025093609007225,0.3135744368274125,0.0,0.0,0.0,0.0,0.0,0.0,0.0,0.0,0.0,0.0,1.3215584814979007,4.605342369134316,0.0,0.0,0.0,6.4866995963611815,1.6812723336506497,0.885058445249322,0.7935447729231323,0.5894821027649597,0.7469048250570758,1.1043155149278057,1.0674007140610844,1.3771492598935902,0.0,0.0,0.0,0.0,0.0,0.0,0.0,0.0,0.0,0.0,1.5290563539259303,0.0,0.0,0.0,0.0,6.380875853388737,5.235096671941274
6.009248220659082,0.9767640117998302,0.6571605170828793,1.1717436392002674,0.8316511742179398,1.2396690286310617,0.0,0.0,0.0,0.0,0.0,0.0,0.0,0.0,0.0,0.0,0.0,1.6156058375453033,6.854671702539891,0.0,0.0,0.0,0.0,0.0,0.0,4.545714857043677,0.6554934371355632,0.8437041015945258,0.9703280768607395,0.5167344449740678,0.0,0.0,0.0,0.0,0.0,0.0,0.0,0.0,0.0,0.0,0.0,1.2550420609341424,6.781889647208228,0.0,0.0,0.0,0.0,0.0,4.480230031405808,0.7701176555536221,0.7183007135741569,0.7889249193353189,0.778607257421846,0.8033112249496095,1.1733110673082372,0.43128010193255406,0.0,0.0,0.0,0.0,0.0,0.0,0.0,0.0,0.0,1.5786291242928094,6.027259030907636,0.0,0.0,0.0,5.3505039022238225,0.7576107472348934,1.102305964751322,0.856838455382303,0.833662981628833,0.8254798430834762,0.7304049027529322,0.8103733070209743,0.8240756782810722,0.3987223952801404,0.0,0.0,0.0,0.0,0.0,0.0,0.0,0.0,0.0,1.4864828854418093,6.905375951630064,0.0,0.0,0.0,0.0,0.0,4.340130607954677,0.7713988785840896,0.7400837618813049,0.7393428159791136,0.839836014267537,0.853727646058202,0.8349758069394079,0.0,0.0,0.0,0.0,0.0,0.0,0.0,0.0,0.0,0.0,1.775092640176982,6.83136870647711,0.0,0.0,0.0,0.0,0.0,0.0,0.0,3.5981219076270707,0.8747790246105455,0.7782596096136176,0.8224496759932317,0.4228249332986689,0.0,0.0,0.0,0.0,0.0,0.0,0.0,0.0,0.0,0.0,1.5908208319296584,5.790077816932041,0.0,0.0,0.0,5.611430619272873,1.0237428391553027,0.8859789123677123,0.8166197423855276,0.9537633333713152,0.6774481178265932,1.1552187943902748,0.7992978147473615,1.2700721133263582,0.0,0.0,0.0,0.0,0.0,0.0,0.0,0.0,0.0,0.0,1.4920701411565238,5.640244482767117,0.0,0.0,0.0,5.302728400984493,0.7822012266173702
5.83956123390716,1.2852470947309929,1.194281344268067,1.0912807422687296,1.177350309234039,1.3910645351772617,0.0,0.0,0.0,0.0,0.0,0.0,0.0,0.0,0.0,0.0,0.0,1.2201748632066263,7.412679381523866,0.0,0.0,0.0,0.0,0.0,0.0,3.388490867539788,1.184616470628149,1.015027836465175,0.778217052621368,0.3398384734659841,0.0,0.0,0.0,0.0,0.0,0.0,0.0,0.0,0.0,0.0,0.0,1.0646870354819484,7.646490758999908,0.0,0.0,0.0,0.0,0.0,0.0,3.2809367348888063,0.9556751189049021,0.7111133842443805,0.9076720718136051,0.1716448967281603,1.0656682078897166,0.3479009081783494,0.0,0.0,0.0,0.0,0.0,0.0,0.0,0.0,0.0,1.2983934325905309,6.9324371464115675,0.0,0.0,0.0,0.0,0.0,0.0,3.48256550858672,0.9657079380928278,0.9041363104980735,0.8135567738193886,1.119823971559767,0.0,0.39342003769729267,0.0,0.0,0.0,0.0,0.0,0.0,0.0,0.0,0.0,1.5893229417661645,7.740097718379264,0.0,0.0,0.0,0.0,0.0,0.0,3.1767105764271277,0.9644612119533654,0.8906895276671414,1.0531059120782649,0.3541726977007422,0.4661820442831921,0.0,0.0,0.0,0.0,0.0,0.0,0.0,0.0,0.0,0.0,1.730760976614926,7.668440798412758,0.0,0.0,0.0,0.0,0.0,0.0,0.0,2.760475404484499,0.8659274662277215,1.079669927673275,0.8689077651102453,0.629499623770005,0.0,0.0,0.0,0.0,0.0,0.0,0.0,0.0,0.0,0.0,1.2841332158622265,7.421367740931433,0.0,0.0,0.0,4.246357100702339,1.0293074628182914,0.9945763790080746,1.1410878357669776,0.9824059119320859,0.8119057123405666,1.1134972873471007,1.2602156082022278,1.2290289885283625,0.0,0.0,0.0,0.0,0.0,0.0,0.0,0.0,0.0,0.0,1.7376482953971144,6.444680628058908,0.0,0.0,0.0,4.674771680382649,0.975546779084548
6.029111322746775,1.0667999100080348,0.8957686078891092,1.0892757876423287,1.3202758033792357,1.3587603987693753,0.0,0.0,0.0,0.0,0.0,0.0,0.0,0.0,0.0,0.0,0.0,1.5531163266045087,7.593139950858404,0.0,0.0,0.0,0.0,0.0,0.0,3.146933172271632,0.8086347003179597,0.9843381951675968,1.2368716087098952,1.081823162478111,0.0,0.0,0.0,0.0,0.0,0.0,0.0,0.0,0.0,0.0,0.0,1.327840237863347,7.66087842734537,0.0,0.0,0.0,0.0,0.0,0.0,3.4006280682591967,0.8791000230898935,0.8981581082581677,1.0711612496213354,0.3077424998304488,1.0790112059830186,0.5225006400255037,0.0,0.0,0.0,0.0,0.0,0.0,0.0,0.0,0.0,1.4489525519644795,7.427665214309006,0.0,0.0,0.0,0.0,0.0,0.0,3.9227729549733534,1.1599221934416604,1.0357844126683167,0.7949741975661644,1.0689999711371274,0.0,0.42191238988337965,0.0,0.0,0.0,0.0,0.0,0.0,0.0,0.0,0.0,1.5689883349587515,7.657227075526271,0.0,0.0,0.0,0.0,0.0,0.0,3.5679656235111703,0.7986234070769253,0.9728391090528377,1.001210155022548,1.0006056442751559,0.6393241805741015,0.0,0.0,0.0,0.0,0.0,0.0,0.0,0.0,0.0,0.0,1.7460331328697716,6.981659912669371,0.0,0.0,0.0,0.0,0.0,0.0,0.0,3.2759583396531586,0.9707842891025658,1.1045526241783588,0.7491095513835246,0.4575732622474664,0.0,0.0,0.0,0.0,0.0,0.0,0.0,0.0,0.0,0.0,1.449105495821055,7.324480850347388,0.0,0.0,0.0,4.203841097722484,1.086141003888309,0.7220720606829787,0.7193111190506349,1.1935104770386862,0.8529841014144277,1.1721095433141444,0.9642582641614669,1.0810483529318038,0.0,0.0,0.0,0.0,0.0,0.0,0.0,0.0,0.0,0.0,1.6350571256369,6.568105143160995,4.7084503422429425,0.0,0.0,1.5464745816450538,0.9902639635448343
5.977846478833777,1.058187511986415,1.0450985892368005,1.1109893036045533,1.0053598768497738,1.233559777977091,0.0,0.0,0.0,0.0,0.0,0.0,0.0,0.0,0.0,0.0,0.0,1.457030987078797,7.4917304493706975,0.0,0.0,0.0,0.0,0.0,0.0,3.390311758837619,1.412157503789729,1.096619629765768,1.0390993327853335,0.9976341771447712,0.5224505999087157,0.0,0.0,0.0,0.0,0.0,0.0,0.0,0.0,0.0,0.0,1.4014272959121996,7.712430026106164,0.0,0.0,0.0,0.0,0.0,0.0,2.982138182615667,1.1433769698080165,1.0369211588621619,1.0015521686196918,0.0,2.123356135456898,0.8640494947102794,0.0,0.0,0.0,0.0,0.0,0.0,0.0,0.0,0.0,1.8131973666403538,7.399431847647934,0.0,0.0,0.0,0.0,0.0,0.0,3.020403660312871,1.3169280809378787,0.961544215267811,0.8908086341492729,1.0360740257124097,0.3732721750820536,0.5507745718228652,0.20016655348000434,0.0,0.0,0.0,0.0,0.0,0.0,0.0,0.0,1.9407202337537974,7.822510389094633,0.0,0.0,0.0,0.0,0.0,3.1170325902055964,1.1715553316492255,1.2452159139953487,1.0811472991437054,1.0122363840269466,1.1540022375685568,1.1203149360260862,0.0,0.0,0.0,0.0,0.0,0.0,0.0,0.0,0.0,0.0,1.9646037314987188,7.69925354638834,0.0,0.0,0.0,0.0,0.0,2.96103491177922,1.0324793356305133,1.0686327444008097,0.9273682799098218,1.0213740978980645,1.0742511132048176,1.0392198246614033,0.0,0.0,0.0,0.0,0.0,0.0,0.0,0.0,0.0,0.0,1.4116837348052815,7.405792688961754,0.0,0.0,0.0,3.840356473712873,1.029771033974281,0.9127895835873888,1.0558748886846,0.8150668063884232,1.1047202319971876,1.1248701277882804,0.9594055667132735,0.5640065181524028,0.0,0.0,0.0,0.0,0.0,0.0,0.0,0.0,0.0,0.0,2.0211331533559873,7.457739466961588,3.3171359295113287,1.0902540712575577,0.8577712583748697,1.016324208383373,1.0109210793385712
5.9344978805989514,1.0296155156442393,0.9806577182570968,1.0861107144812272,0.9833446852923339,1.1478934921703916,0.0,0.0,0.0,0.0,0.0,0.0,0.0,0.0,0.0,0.0,0.0,1.888736057914274,7.6527320459773795,0.0,0.0,0.0,0.0,0.0,0.0,2.528117410875428,0.763158884084798,1.2966784441918717,1.1070539874161678,0.942461004387944,0.0,0.0,0.0,0.0,0.0,0.0,0.0,0.0,0.0,0.0,0.0,1.3580613970435778,6.979340937870447,0.0,0.0,0.0,0.0,0.0,0.0,0.0,3.6073312549047674,0.9380715783874639,1.0173125209089646,0.0,1.4691023068752669,0.27983887570645294,0.0,0.0,0.0,0.0,0.0,0.0,0.0,0.0,0.0,1.5635855787455222,7.555011433832604,0.0,0.0,0.0,0.0,0.0,0.0,0.0,3.16277120548312,1.0922497616717357,1.0043677122665167,0.8346890644327767,0.3129782629641817,0.7228687901920683,0.10526694447369422,0.0,0.0,0.0,0.0,0.0,0.0,0.0,0.0,1.8907736781384648,0.0,0.0,0.0,0.0,0.0,0.0,0.0,8.992382318088872,1.8052720752471239,1.0462732369918044,0.956167852213037,1.0347943285288432,1.2334407095888704,0.0,0.0,0.0,0.0,0.0,0.0,0.0,0.0,0.0,0.0,2.0921301326473514,7.595380065439675,0.0,0.0,0.0,0.0,0.0,2.6458718350973727,0.8741596529053275,0.8829851343588563,0.8785483063723675,1.1050229755113667,0.9859965002144573,0.46183522579524094,0.0,0.0,0.0,0.0,0.0,0.0,0.0,0.0,0.0,0.0,1.8383172142426765,7.1829766046600465,0.0,0.0,0.0,3.2424079518395965,1.1840861200262573,1.0641626117650924,0.9493404852687074,1.1314627069407632,1.0649079862230177,1.110899909378647,1.058020061288475,1.3878962680442921,0.0,0.0,0.0,0.0,0.0,0.0,0.0,0.0,0.0,0.0,1.9487994174680132,7.423818319512792,3.619870902729747,1.2515319344601288,0.9064002294659302,0.8804880865536526,1.1506235582481839
6.108557056460073,1.1358786740279363,1.1693531613523314,0.876854579435792,1.108093050831503,1.5314890025366628,0.7561386348580079,0.0,0.0,0.0,0.0,0.0,0.0,0.0,0.0,0.0,0.0,1.9928472590761457,7.160805193628283,0.0,0.0,0.0,0.0,0.0,0.0,4.166508688265394,1.0806979920614683,0.9877652567248689,1.2868278775259279,1.0970626530690495,0.6522283842982601,0.0,0.0,0.0,0.0,0.0,0.0,0.0,0.0,0.0,0.0,1.5165702275852997,0.0,0.0,0.0,0.0,0.0,0.0,0.0,9.576627132475114,1.2042560357047563,1.0473676800505212,1.0684286710391924,1.0300221970529906,0.7717347154599743,1.0141645936371138,0.0,0.0,0.0,0.0,0.0,0.0,0.0,0.0,0.0,2.016348452475235,7.387494908513703,0.0,0.0,0.0,0.0,0.0,0.0,2.866255550582072,1.7256754571033446,0.9151385149558281,1.0790386788382078,0.5276329238375536,0.7050387180195496,0.7304052031077735,0.2320472459289693,0.0,0.0,0.0,0.0,0.0,0.0,0.0,0.0,1.8701441754343726,0.0,0.0,0.0,0.0,0.0,0.0,0.0,9.510054219987252,1.1794177314107221,1.0423056233113037,0.9529023541004101,1.218555133924813,1.2928182442972342,0.0,0.0,0.0,0.0,0.0,0.0,0.0,0.0,0.0,0.0,2.1560037954906526,7.833775826493418,0.0,0.0,0.0,0.0,0.0,3.1948884984332335,1.1630588633993377,0.9834436070699636,1.1360115554030479,0.8985721395528912,1.2720040003501618,1.4985221432045621,0.0,0.0,0.0,0.0,0.0,0.0,0.0,0.0,0.0,0.0,1.8744064839307502,7.612857508285016,0.0,0.0,0.0,4.186700880020443,1.1914183929179933,0.9111414954817648,1.1667846930061854,1.198555818219961,0.9164201109652779,0.9550746443737028,1.0793101652310897,0.26280921196514023,0.0,0.0,0.0,0.0,0.0,0.0,0.0,0.0,0.0,0.0,1.8373004003842386,7.819036582392549,3.658487834515289,1.1766170041612032,0.8296373296012085,1.1947285361791384,1.3971478083842326
5.873314901127962,1.1903387812859285,0.9678584586251524,1.0840807647970394,1.015380934849229,1.3258125212884981,0.08695539613367925,0.0,0.0,0.0,0.0,0.0,0.0,0.0,0.0,0.0,0.0,2.058915799259272,7.72845092802558,0.0,0.0,0.0,0.0,0.0,0.0,2.005982052991358,1.1603703603736706,1.075327385127037,1.3027901326607125,0.9886382948408757,0.0,0.0,0.0,0.0,0.0,0.0,0.0,0.0,0.0,0.0,0.0,1.8355226938463876,0.0,0.0,0.0,0.0,0.0,0.0,0.0,9.162754590946502,1.2109304394442775,0.9780865791609884,1.1061400934351997,0.600613305322736,0.9754674944342865,1.0457437790490203,0.10450466119471627,0.0,0.0,0.0,0.0,0.0,0.0,0.0,0.0,1.8226474998817344,7.531708114236419,0.0,0.0,0.0,0.0,0.0,0.0,3.3104845261529117,0.9715159908680295,1.0609276049232945,1.0938463039582487,1.1606202670302115,1.1317100862520313,0.45074882864237154,0.531730014776649,0.0,0.0,0.0,0.0,0.0,0.0,0.0,0.0,1.9103042280820222,7.907773989582357,0.0,0.0,0.0,0.0,0.0,2.188643476438459,0.962467709704411,0.9018253058861874,1.471241835537221,1.1827110321988235,0.8058056695895188,1.3261689421796234,0.0,0.0,0.0,0.0,0.0,0.0,0.0,0.0,0.0,0.0,2.5399043739431395,7.634088227592454,0.0,0.0,0.0,0.0,0.0,2.4217738483747433,1.2684215203902256,1.1493318444699705,1.080913756677979,1.1463350230364395,0.9095830255734052,0.7022290099613784,0.0,0.0,0.0,0.0,0.0,0.0,0.0,0.0,0.0,0.0,1.7534612852508156,7.2894153236655175,0.0,0.0,0.0,3.220610444260045,1.034170873466401,0.8661393694839248,1.2126525721527475,1.093720345494259,1.0721153537629762,1.0139347896917312,1.1399597221546047,0.9914165107979818,0.0,0.0,0.0,0.0,0.0,0.0,0.0,0.0,0.0,0.0,1.8457919256601385,7.605474870074055,3.3578145333551914,1.1071502974788496,1.0368375991569903,1.0040873862230824,1.0916166452433431
6.237984753943156,1.0827367538210213,0.9244596208626514,1.2051048779873172,1.1403788723967765,1.525160412120192,0.3705270551650752,0.0,0.0,0.0,0.0,0.0,0.0,0.0,0.0,0.0,0.0,2.1249856952032213,7.678576653911469,0.0,0.0,0.0,0.0,0.0,0.0,2.689955208637174,1.2199248715987498,1.0396844346133274,1.0700245277368643,1.1563739491614542,0.1410155324500766,0.0,0.0,0.0,0.0,0.0,0.0,0.0,0.0,0.0,0.0,1.7958378103710597,0.0,0.0,0.0,0.0,0.0,0.0,9.206619964940474,1.0068058139310032,1.032191139005604,0.9252200012579774,1.2171539420933044,0.44152132514646514,1.5812844333473788,1.0687890014022219,0.0,0.0,0.0,0.0,0.0,0.0,0.0,0.0,0.0,1.8212781559562954,7.572327638868689,0.0,0.0,0.0,0.0,0.0,0.0,4.3141593766514905,0.8462012030833185,1.344404155137468,1.1657272706227004,1.2528143893349477,1.3774987557554748,0.7330920424682982,0.5598896912163349,0.0,0.0,0.0,0.0,0.0,0.0,0.0,0.0,2.1754593968526352,7.532108229450721,0.0,0.0,0.0,0.0,4.001703460454425,1.1445051149261651,0.8786008708425382,1.1265446640066634,1.3829347989948084,1.3798021779152214,0.9889062685856197,1.2620623318984128,0.0,0.0,0.0,0.0,0.0,0.0,0.0,0.0,0.0,0.0,2.4727636515708795,7.76758561320796,0.0,0.0,0.0,0.0,0.0,3.627291974468418,0.9434477198929822,1.081574983134995,1.1134246260202225,1.0973688083942403,1.0228510988044237,1.3462604382006462,0.0,0.0,0.0,0.0,0.0,0.0,0.0,0.0,0.0,0.0,2.017149645599904,7.49190182636657,0.0,0.0,0.0,3.9816821485838956,1.3582228795619893,1.0948683940847528,1.168187163849922,1.29547351936564,1.0304858790072475,1.1025997436298063,1.2737585630091188,1.4537940900670405,0.0,0.0,0.0,0.0,0.0,0.0,0.0,0.0,0.0,0.0,1.6520477039963817,7.39903917025263,4.282820608854789,1.0842845889588477,1.2744165336104571,0.9804578444412325,1.2135183221219505
6.312002258116889,1.1282204428616107,1.2100686345305023,1.1659501561439762,1.0844810866065207,1.390059000920887,0.0,0.0,0.0,0.0,0.0,0.0,0.0,0.0,0.0,0.0,0.0,1.9477416385080017,7.754612583704174,0.0,0.0,0.0,0.0,0.0,0.0,7.857483381060261,0.8919365722634436,1.2322553666447598,1.0978724846101462,1.036096412331369,0.0,0.0,0.0,0.0,0.0,0.0,0.0,0.0,0.0,0.0,0.0,1.6848977876232658,0.0,0.0,0.0,0.0,0.0,0.0,9.926825592916353,1.4691560085272373,1.0520618468540597,1.1761248799426425,1.1997708142022077,0.9400849702084924,1.550329470412857,0.9288396698925218,0.06336826871112322,0.0,0.0,0.0,0.0,0.0,0.0,0.0,0.0,2.0604689767019178,7.315825312838106,0.0,0.0,0.0,0.0,0.0,0.0,5.677311911390377,1.1064605678717514,1.1786229992764237,1.1104615497790378,1.0496928148154272,1.5081378513701265,0.9568615827670168,0.11147180486526391,0.0,0.0,0.0,0.0,0.0,0.0,0.0,0.0,1.9803190916854319,7.791130316743935,0.0,0.0,0.0,0.0,5.104644119538469,1.1501809984808067,0.9383766064090917,1.0269087795313514,1.4043273919995447,1.1559318472379794,1.364065977200246,1.2467182606849891,0.0,0.0,0.0,0.0,0.0,0.0,0.0,0.0,0.0,0.0,2.456351121415394,7.992291826506664,0.0,0.0,0.0,0.0,0.0,5.0204251985595825,1.2550373509852104,1.1099921379941904,1.261221266522249,1.1638391230999532,1.166686957669122,1.4732430918597608,0.0,0.0,0.0,0.0,0.0,0.0,0.0,0.0,0.0,0.0,1.80071851729788,7.0127222681762715,0.0,0.0,0.0,5.74358747069879,0.9989552068652063,1.1874336830207721,1.134503982652253,0.8269645198772515,1.4748802849188476,1.1143463046254896,1.5665088128112576,1.6035051278726462,0.0,0.0,0.0,0.0,0.0,0.0,0.0,0.0,0.0,0.0,2.2641953067249245,7.883228340717931,4.059695386436859,0.9232244617455841,1.3464695525412327,0.9414054757073514,1.2624203278191641
6.366184337044589,0.9902061223585212,1.0979751439241467,0.9548161594675814,1.2595706339765131,1.4181901740056162,0.0317588364061051,0.0,0.0,0.0,0.0,0.0,0.0,0.0,0.0,0.0,0.0,1.8283960832172657,7.802832783800793,0.0,0.0,0.0,4.621402722840552,1.159766190639127,0.0,1.8841354216407016,1.0833036866138437,1.1436676562302026,1.2691094906287974,1.2159327287956845,0.14571999529202273,0.0,0.0,0.0,0.0,0.0,0.0,0.0,0.0,0.0,0.0,0.0,0.0,0.0,0.0,0.0,0.0,0.0,9.839456206364288,1.8075888369485884,1.0368359515755654,1.4221121241939836,0.9747822590756233,1.2830019894669882,1.2622388158890059,1.2480532065709262,0.28897758035945736,0.0,0.0,0.0,0.0,0.0,0.0,0.0,0.0,2.1839693729272125,7.5994717965161795,0.0,0.0,0.0,0.0,0.0,0.0,3.774545685836657,1.4678141004083476,1.2122043770372493,1.274813913011897,1.2230419527359777,1.2307587984923918,0.8323094041359328,0.625863684518259,0.0,0.0,0.0,0.0,0.0,0.0,0.0,0.0,2.33511620530862,0.0,0.0,0.0,0.0,0.0,9.893739513303196,1.562515444543938,0.9380035642775333,0.9641622306518925,1.0484372778341924,1.0471721634240512,1.0366631542419773,1.1749224104201246,0.0,0.0,0.0,0.0,0.0,0.0,0.0,0.0,0.0,0.0,2.2300303588174915,0.0,0.0,0.0,0.0,0.0,0.0,9.43783765639403,1.9069545674057524,1.1455093609129507,1.122681769252388,0.9570113772770605,1.0341733237227335,1.4468148137555477,0.0,0.0,0.0,0.0,0.0,0.0,0.0,0.0,0.0,0.0,2.1820459708237587,7.420103048314083,0.0,0.0,0.0,4.366420109947273,1.0503067716063543,1.1025962469936788,1.1146093358080995,0.995314481027598,1.319500553708164,1.078956588466346,1.2026651452519646,0.7622316788935137,0.0,0.0,0.0,0.0,0.0,0.0,0.0,0.0,0.0,0.0,2.4128751280916627,0.0,0.0,0.0,9.734785816862036,1.8642911641776276,1.3129224793661811
6.2996614658079535,1.1860535438095936,1.1772039736142534,1.2574450556356669,1.070992190062856,1.3599314219631218,0.0,0.0,0.0,0.0,0.0,0.0,0.0,0.0,0.0,0.0,0.0,2.3579188291351567,7.690678029753586,0.0,0.0,0.0,0.0,0.0,0.0,6.762019381336726,0.904623250501562,1.2034176807581776,1.5823528654922654,1.0779625509603419,0.04972031316066087,0.0,0.0,0.0,0.0,0.0,0.0,0.0,0.0,0.0,0.0,0.0,0.0,0.0,0.0,0.0,0.0,0.0,0.0,9.70761933277843,1.9127440787715395,1.4189673742066802,1.2197504650635544,0.7182941902689528,1.0916812198590355,1.6630703821368866,0.7448948686988448,0.013420752610937114,0.0,0.0,0.0,0.0,0.0,0.0,0.0,2.173236042810448,7.7762547830658315,0.0,0.0,0.0,0.0,0.0,0.0,4.818772864248323,1.3364414230699921,1.2247786507746938,1.1637188153246936,0.8802415449786342,1.3358487448190899,1.564822259629068,0.8851415625808956,0.22197430336460222,0.0,0.0,0.0,0.0,0.0,0.0,0.0,2.549685819793768,0.0,0.0,0.0,0.0,0.0,0.0,10.0,1.713987385175585,1.2243681961675144,0.9925873784732278,1.3987293887839214,1.104508920823292,1.3919770509094485,0.0,0.0,0.0,0.0,0.0,0.0,0.0,0.0,0.0,0.0,2.278558264083574,0.0,0.0,0.0,0.0,0.0,0.0,9.456230835255026,2.2143483171869383,1.1129334407868583,1.1646625946544822,1.0295175323324395,1.2609014858603669,0.7339259823783424,0.0,0.0,0.0,0.0,0.0,0.0,0.0,0.0,0.0,0.0,2.498130112245651,0.0,0.0,0.0,0.0,9.565808258670808,2.0755572271214184,1.1988285210941139,1.159225611693523,0.9021567523955429,0.996250810917666,1.222776606139491,1.369373322432522,0.7724195947034227,0.0,0.0,0.0,0.0,0.0,0.0,0.0,0.0,0.0,0.0,2.6423734725314265,7.629716042837157,3.655566816489919,1.3038099457908185,1.2153868758768316,1.1989205511939465,1.2261233878855085
6.4857209210628755,1.0727084065544443,1.1672617713282085,1.3067114281574799,1.1174382937703748,1.2896214810451332,0.16710821076831703,0.0,0.0,0.0,0.0,0.0,0.0,0.0,0.0,0.0,0.0,2.329098234197829,5.071170919257662,0.0,0.0,0.0,0.0,0.0,0.0,8.015483747435471,1.3296991801250313,0.936646306373919,1.082747522785455,1.3571119339874778,1.5954028079273468,0.0,0.0,0.0,0.0,0.0,0.0,0.0,0.0,0.0,0.0,0.0,0.0,0.0,0.0,0.0,0.0,0.0,0.0,9.665560319459514,2.1684475807860433,1.1222611604491337,1.2257378748615344,0.20482313397467372,2.312696057330772,1.408091895050426,0.5270579694571556,0.0,0.0,0.0,0.0,0.0,0.0,0.0,0.0,2.105692147657463,7.507778908976751,0.0,0.0,0.0,0.0,0.0,0.0,4.980296107441313,1.2165763467281032,1.2835925899740495,1.0334404899527176,1.0809602071901205,0.6605829350263692,1.2614930948242513,0.4720630298700718,0.0,0.0,0.0,0.0,0.0,0.0,0.0,0.0,2.2616939269808194,0.0,0.0,0.0,0.0,0.0,10.0,1.946253326802583,1.1434655941274103,1.2226146840748975,1.0455105302310355,1.1946743067556325,1.3856507487252503,1.2041205484529547,0.0,0.0,0.0,0.0,0.0,0.0,0.0,0.0,0.0,0.0,0.0,0.0,0.0,0.0,0.0,0.0,0.0,9.774560615652655,2.1630550963661435,1.2829236383238645,1.2682935699031372,1.1077005291137063,1.1716736941329566,1.5310158327822672,0.0,0.0,0.0,0.0,0.0,0.0,0.0,0.0,0.0,0.0,2.325975277993392,0.0,0.0,0.0,0.0,9.691372765056682,1.8260948183247598,1.1960320609914907,1.0968351301010084,1.0395248461510842,1.2681840673783153,1.104331320950918,0.8576866009464227,0.0,0.0,0.0,0.0,0.0,0.0,0.0,0.0,0.0,0.0,0.0,2.4734432266988824,0.0,0.0,0.0,9.721909475792607,1.9959812611026937,0.982328202159088
6.5722871398399185,1.1435312512645572,1.2622557884344878,1.2098524193591702,1.0793638309403952,1.3362141959431826,0.5427085979267154,0.0,0.0,0.0,0.0,0.0,0.0,0.0,0.0,0.0,0.0,2.1967054334421383,7.8182389443467,0.0,0.0,0.0,0.0,0.0,0.0,4.744335705638619,1.0285673061819018,1.065941164552537,1.0633174459183126,0.908221231447933,0.44537941395721226,0.0,0.0,0.0,0.0,0.0,0.0,0.0,0.0,0.0,0.0,0.0,0.0,0.0,0.0,0.0,0.0,0.0,9.952467205351965,2.062388398207139,1.1477827724840974,1.039133763623745,0.9895661558362001,1.2016670813966333,1.2763175443805834,1.3174294980704637,0.5364005625950254,0.0,0.0,0.0,0.0,0.0,0.0,0.0,0.0,1.9517502267952123,7.810283534207066,0.0,0.0,0.0,0.0,0.0,0.0,4.534248630726529,1.2500769375520262,1.2842870811883549,0.9696373730439192,1.244065512625868,1.32236342658648,1.3664698540047557,0.9582611133207021,0.0,0.0,0.0,0.0,0.0,0.0,0.0,0.0,2.4851880906097286,7.955809948505364,0.0,0.0,0.0,3.7775344161332542,1.0681496401076649,1.2328736271728309,1.245396769114136,1.0696640269057403,1.379494596057126,0.9513607153077347,1.1972905009447523,1.3016392929057512,0.0,0.0,0.0,0.0,0.0,0.0,0.0,0.0,0.0,0.0,2.7522111812285854,0.0,0.0,0.0,0.0,0.0,10.0,1.6776564819518804,1.1374229602310164,1.079377313274383,1.1831586111385906,1.1243093795985706,1.0415544446401732,0.8531616025917671,0.0,0.0,0.0,0.0,0.0,0.0,0.0,0.0,0.0,0.0,2.3984090190051717,0.0,0.0,0.0,0.0,9.832534659584688,1.9283828180508227,1.1806987811946557,1.250838096973927,1.3854441649722482,1.0432252900499284,1.106811614741182,1.434329531467269,0.4522196040972606,0.0,0.0,0.0,0.0,0.0,0.0,0.0,0.0,0.0,0.0,2.052566944352682,0.0,0.0,0.0,9.736631787993197,2.004148961411146,1.1005687357067706
6.275810984177167,1.0548323880446884,1.3423959489020758,1.2501234561245083,1.246534339305479,1.5161333521659082,0.0,0.0,0.0,0.0,0.0,0.0,0.0,0.0,0.0,0.0,0.0,2.052732770380765,7.835532930730773,0.0,0.0,0.0,0.0,0.0,0.0,6.206082523997639,1.1846855490065316,1.1882039566652587,1.0453171263645766,1.2891923495546223,1.1710066771414447,0.0,0.0,0.0,0.0,0.0,0.0,0.0,0.0,0.0,0.0,0.0,0.0,0.0,0.0,0.0,0.0,0.0,9.726764139292507,1.972659419177957,1.0287713468447857,1.070081171522966,1.3213900970522559,0.985766964610074,1.5432012590980841,1.539178313647724,0.41607286107236635,0.0,0.0,0.0,0.0,0.0,0.0,0.0,0.0,2.1404302184993833,7.8240221729385935,0.0,0.0,0.0,0.0,0.0,0.0,5.425698455044087,1.157135099531796,1.2519024077424767,1.562050047827151,0.9869007424303818,0.6838686115873305,1.0891208786322526,0.6955219297192415,0.05586359712798834,0.0,0.0,0.0,0.0,0.0,0.0,0.0,2.167152476373734,0.0,0.0,0.0,0.0,9.971060591583349,1.7817375675910994,1.1871414987652253,1.240612067569868,1.1539221333932683,1.2012475517924963,1.2840283145373417,0.9809354188410726,1.531022820185737,0.0,0.0,0.0,0.0,0.0,0.0,0.0,0.0,0.0,0.0,2.0043711578654113,0.0,0.0,0.0,0.0,0.0,9.882058300734963,1.4128789638924917,1.4297543425835435,1.0855829193395945,1.2247038086813828,1.1715205291359012,1.4494226548339846,1.5257016193854445,0.0,0.0,0.0,0.0,0.0,0.0,0.0,0.0,0.0,0.0,1.9221646520722209,0.0,0.0,0.0,0.0,9.699027524467166,2.101421477207056,1.2454407266943683,1.0330729025477547,1.1417770895509216,1.11608616076355,1.2633168121654523,1.3255069303768594,0.46836849476556086,0.0,0.0,0.0,0.0,0.0,0.0,0.0,0.0,0.0,0.0,2.15691937770628,7.829577336963469,4.016338723466562,1.1373402657311753,1.3571678650328456,1.043229092240794,1.1992548911890366
6.38875276298369,1.394252298918715,1.2011928131351821,1.2144330763288287,1.141984973130387,1.1669387806722356,1.135155040192286,0.0,0.0,0.0,0.0,0.0,0.0,0.0,0.0,0.0,0.0,1.906660061654259,7.232849226439214,0.0,0.0,0.0,0.0,0.0,0.0,7.693558984943475,1.445824582397957,1.1545926803691726,1.1064624948637234,0.7216146053569993,0.6404617467014262,0.0,0.0,0.0,0.0,0.0,0.0,0.0,0.0,0.0,0.0,0.0,0.0,0.0,0.0,0.0,0.0,0.0,9.723675742438473,1.948716221611763,1.3699777357127392,1.2202948293975686,1.0813995398695608,0.22953123159164823,1.4603369781635227,1.6176800587972888,0.51265370962124,0.03949500548674047,0.0,0.0,0.0,0.0,0.0,0.0,0.0,2.4248489143225056,7.677530743835223,0.0,0.0,0.0,0.0,0.0,0.0,7.454770459561004,1.4004734507582466,1.3442583771906282,1.225980261063024,1.4506776559834107,0.9108549855926968,0.769036857032178,0.9795338876309628,0.0,0.0,0.0,0.0,0.0,0.0,0.0,0.0,2.462638737190434,0.0,0.0,0.0,0.0,0.0,9.541396170163438,2.201700289262438,1.182313363271923,1.275472849233766,1.3561981126852338,1.2442150316065967,1.3017088625895026,1.281761232575845,0.0,0.0,0.0,0.0,0.0,0.0,0.0,0.0,0.0,0.0,2.1581419222639706,0.0,0.0,0.0,0.0,0.0,9.609607891421891,1.846754900869418,1.3474769340706163,1.2614653871645436,1.181863849712902,1.1506709388602119,1.1688323402890575,1.341044733407311,0.0,0.0,0.0,0.0,0.0,0.0,0.0,0.0,0.0,0.0,2.466012528547651,0.0,0.0,0.0,0.0,9.379000666052397,2.207455098318014,1.2546453514911144,1.2299921110914656,1.237148306653111,1.1420169163516258,1.1017654031568263,1.2536606937999257,0.7251313737330767,0.0,0.0,0.0,0.0,0.0,0.0,0.0,0.0,0.0,0.0,2.289195598868714,7.923749521909097,0.0,0.0,4.867189034582317,1.2678619273365308,1.3001898727682766
6.292240368840975,1.4432122163766585,1.2604987215369317,1.2447459444879447,0.9671059998923561,1.423035508672285,0.0,0.0,0.0,0.0,0.0,0.0,0.0,0.0,0.0,0.0,0.0,1.9514540793896336,7.007645879704431,0.0,0.0,0.0,0.0,0.0,0.0,7.407361789490326,1.1186630389277756,1.127465699430305,1.0901672577706434,1.24218857855433,1.0495547627475004,0.0,0.0,0.0,0.0,0.0,0.0,0.0,0.0,0.0,0.0,0.0,0.0,0.0,0.0,0.0,0.0,0.0,9.711345130254477,1.7008274300277846,1.2163612982578078,1.0426872726315703,1.056100787096988,1.3596704295223077,1.2541633352694852,1.2154353580180033,0.1779742033884552,0.0,0.0,0.0,0.0,0.0,0.0,0.0,0.0,2.0695175646604107,7.81593176369169,0.0,0.0,0.0,0.0,0.0,0.0,5.216249937368947,1.3868082959812045,1.071341258493062,1.3810522124628448,1.2553949251836896,0.6084966144435282,0.9811782640136677,0.3209133963044941,0.0,0.0,0.0,0.0,0.0,0.0,0.0,0.0,2.2882589184660294,0.0,0.0,0.0,0.0,0.0,9.906177021539962,1.6204638701781036,1.4198850270745969,1.2564454769995013,1.28798493344779,1.0769495123271704,1.1124436611190893,1.3060608875854365,0.0,0.0,0.0,0.0,0.0,0.0,0.0,0.0,0.0,0.0,2.502036547654855,0.0,0.0,0.0,0.0,0.0,9.64086948038843,2.149765271791167,1.122287464029652,1.239372859018032,1.1785546877044584,1.1072034100373922,1.2866031771015352,1.4442063414857356,0.0,0.0,0.0,0.0,0.0,0.0,0.0,0.0,0.0,0.0,2.18158677435352,0.0,0.0,0.0,0.0,10.0,1.0407259746206718,1.2467897807412869,1.1526541492727613,1.077224591887078,1.075267062431061,1.391837680450232,1.090310769688283,0.3221490755455556,0.0,0.0,0.0,0.0,0.0,0.0,0.0,0.0,0.0,0.0,1.9952260225131129,7.844591977111436,0.0,0.0,4.732155515089007,1.3399814061547919,1.036339714836854
6.34464792048111,1.2972159095071691,1.1128965360837904,1.1658826483762,1.1460286431624944,1.1825800431163003,0.9750584183440454,0.0,0.0,0.0,0.0,0.0,0.0,0.0,0.0,0.0,0.0,1.9310694929697378,7.758602027596075,0.0,0.0,0.0,0.0,0.0,0.0,5.4336080325356075,1.1327740161129143,1.3740730917538935,1.0018190617979559,0.9590541248917879,0.8525878943379189,0.0,0.0,0.0,0.0,0.0,0.0,0.0,0.0,0.0,0.0,0.0,0.0,0.0,0.0,0.0,0.0,0.0,10.0,1.9049700078658853,1.1691142875775007,0.9877684157973573,1.3482861324987991,0.9853445094744226,1.160648688109763,1.392692074988508,0.35926643219633014,0.0,0.0,0.0,0.0,0.0,0.0,0.0,0.0,2.076101306155425,7.244613134957409,0.0,0.0,0.0,0.0,0.0,0.0,5.360644780851651,1.0751604758624569,1.3402286024296075,1.2764667972915096,1.1521899901962238,1.3389939990494295,1.1187061991656773,0.6308041042566614,0.0,0.0,0.0,0.0,0.0,0.0,0.0,0.0,2.1861869094627453,0.0,0.0,0.0,0.0,0.0,9.76855895594647,1.8272842159773766,1.1712298393898561,1.16314950055803,1.2151309636579173,1.0917307126835598,1.1663431350410531,0.9306716108988162,0.0,0.0,0.0,0.0,0.0,0.0,0.0,0.0,0.0,0.0,2.633055311887035,0.0,0.0,0.0,0.0,0.0,10.0,1.8640922473299804,1.250452598221947,1.174709384746903,1.046447926611695,1.2200577113631224,1.0754465645895217,0.6568213566525971,0.0,0.0,0.0,0.0,0.0,0.0,0.0,0.0,0.0,0.0,1.8945633840069735,0.0,0.0,0.0,0.0,9.511338980549768,2.5846145575119817,0.7963155122408284,1.1943474058429606,0.9864204424636632,1.1303022044415878,1.042215661696985,0.9591475378684876,0.5731750584754494,0.0,0.0,0.0,0.0,0.0,0.0,0.0,0.0,0.0,0.0,2.2968081806745446,0.0,0.0,0.0,9.977575560300247,2.005789717618031,1.1076504239834248
6.5726071019201715,0.9261545450822485,1.2037657491584601,1.1141312225871067,1.3085488524568578,1.1595180835220995,0.40401994772066313,0.0,0.0,0.0,0.0,0.0,0.0,0.0,0.0,0.0,0.0,2.385809969937889,7.830701252883152,0.0,0.0,0.0,0.0,0.0,0.0,4.249698147536489,1.1971678048473597,1.008116247054059,1.3450589048222956,1.144860307153059,1.0285666992938274,0.0,0.0,0.0,0.0,0.0,0.0,0.0,0.0,0.0,0.0,0.0,0.0,0.0,0.0,0.0,0.0,0.0,9.526408468297774,2.4591146384988862,1.1492286069793782,0.9544829116213123,1.037524071763806,1.1464003853819271,1.1639884217434675,0.9715113823585515,0.48085866271777666,0.0,0.0,0.0,0.0,0.0,0.0,0.0,0.0,2.243843432788246,7.563878985609364,0.0,0.0,0.0,0.0,0.0,0.0,4.852926176677601,1.3198451651770895,0.9119208415839956,1.3617329406930985,1.0806584423530323,1.097296335215326,1.309512008390651,0.8352733424328731,0.0,0.0,0.0,0.0,0.0,0.0,0.0,0.0,2.000262377071234,0.0,0.0,0.0,0.0,0.0,9.567354292562772,2.0032341075536766,1.2429037522513293,0.8836067001016299,1.317426038845857,1.0329902045073711,1.2311534947857006,1.2919225768527745,0.0,0.0,0.0,0.0,0.0,0.0,0.0,0.0,0.0,0.0,2.7509270907649803,0.0,0.0,0.0,0.0,0.0,9.71139788972307,2.053667540335206,1.2367949478308518,1.055001421989466,1.0873663043366766,1.037717259601776,1.0671203942754752,1.1444364232443593,0.0,0.0,0.0,0.0,0.0,0.0,0.0,0.0,0.0,0.0,2.3544488711574503,0.0,0.0,0.0,0.0,9.829051374857219,2.147742061400712,1.1092210014550279,1.110285811622794,1.0371732147311958,1.2497495018582563,0.8602316765094333,1.6003959699446,1.2903856925087798,0.0,0.0,0.0,0.0,0.0,0.0,0.0,0.0,0.0,0.0,2.393904853475993,7.965887286469625,4.116333807556602,1.3829686178591303,1.0204802504076254,0.90777580036613,0.9838733371526273
6.63462722506344,1.0013210689553593,1.1462335333479963,1.1270426149976627,1.1206835876428398,1.1322776376089068,0.5766557756284767,0.0,0.0,0.0,0.0,0.0,0.0,0.0,0.0,0.0,0.0,1.8814926316611988,7.589845302738327,0.0,0.0,0.0,0.0,0.0,0.0,4.863548928327675,1.116652905356847,1.2417777941949733,1.2705071548834084,1.3463359133784942,1.1116759687349536,0.0,0.0,0.0,0.0,0.0,0.0,0.0,0.0,0.0,0.0,0.0,0.0,0.0,0.0,0.0,0.0,0.0,9.91635692608081,1.7749593579823721,1.1642300624211817,1.2579471183753184,1.091358074181318,0.8901765790791423,1.4617019356736562,1.3714367955519688,0.4639119764141846,0.0,0.0,0.0,0.0,0.0,0.0,0.0,0.0,2.1604798113517543,7.670024545109914,0.0,0.0,0.0,0.0,0.0,0.0,4.829425015186111,1.2841618911721224,1.1185165225008942,1.302884793589408,1.0861023532509502,1.1479268106388796,1.0448582729326592,0.9293049861248228,0.13761251296300753,0.0,0.0,0.0,0.0,0.0,0.0,0.0,2.4847571252164884,0.0,0.0,0.0,0.0,0.0,9.989751943500536,1.8837926856692426,0.9600095022336577,1.0947838288059457,1.0113082053871605,1.20680936421662,1.3161609934078184,0.8918207681982874,0.0,0.0,0.0,0.0,0.0,0.0,0.0,0.0,0.0,0.0,2.25889707115333,0.0,0.0,0.0,0.0,0.0,9.921477559846874,1.7366175256845577,0.9989930127321385,1.0985985951363875,0.9122850625982629,1.2630495972451277,1.0421886833508667,0.7458605150906932,0.0,0.0,0.0,0.0,0.0,0.0,0.0,0.0,0.0,0.0,2.070541844427714,0.0,0.0,0.0,0.0,9.187132427059458,2.3751307305575793,1.0228760818461236,1.1030410790749465,1.2290227607741935,0.8627297513122909,1.2733395827603275,1.1845636362818848,0.8821025582937709,0.0,0.0,0.0,0.0,0.0,0.0,0.0,0.0,0.0,0.0,2.0580337400621325,7.868615135367327,4.4396500715688605,1.455947252469778,0.9733448090526278,1.1226853470012665,1.232677636104808
6.53797792539824,1.1349417966586752,1.0948404258373081,1.144997756042962,1.368381142156737,1.1973538111264421,0.2909321087448982,0.0,0.0,0.0,0.0,0.0,0.0,0.0,0.0,0.0,0.0,2.306043406383523,7.504244652875736,0.0,0.0,0.0,0.0,0.0,0.0,7.320451485921693,1.1586849193041244,1.0971979251663548,1.0165440855891263,0.8146758772402611,0.9812397580551869,0.0,0.0,0.0,0.0,0.0,0.0,0.0,0.0,0.0,0.0,0.0,0.0,0.0,0.0,0.0,0.0,0.0,9.967071120181132,2.0426061779591387,1.3017066348703463,1.1989011871409385,1.0688485173202322,0.6755564301909902,1.488417799875931,1.6046738908364488,0.2800289383283012,0.03002025922934454,0.0,0.0,0.0,0.0,0.0,0.0,0.0,2.36742353781725,7.7584836977234195,0.0,0.0,0.0,0.0,0.0,0.0,6.5588226144608495,0.9438009188172419,1.4312101717408052,1.271329605548151,1.2335123884229047,0.7590768510778462,1.1799972559309282,0.9526717818094372,0.19102776229154728,0.0,0.0,0.0,0.0,0.0,0.0,0.0,2.5513511901980035,0.0,0.0,0.0,0.0,0.0,9.896676727308817,2.0248455522365365,1.2950049232737908,0.9495671273746731,1.2612073725243664,0.9477527836358548,1.2059182145907983,0.7640471819428926,0.0,0.0,0.0,0.0,0.0,0.0,0.0,0.0,0.0,0.0,2.8467346960966946,0.0,0.0,0.0,0.0,0.0,9.798566763231406,1.986852332140338,1.2180866602225275,1.0407358551417754,1.123863377960816,1.1532899731091744,1.1721506231757226,0.9234710535131885,0.0,0.0,0.0,0.0,0.0,0.0,0.0,0.0,0.0,0.0,2.135345924892635,0.0,0.0,0.0,0.0,9.803614000450874,2.3425656047651877,1.0187731265337208,1.1064049581006217,1.2573796375669268,1.0490659162428644,1.3164769348398464,0.918480858965843,0.6588292767900752,0.0,0.0,0.0,0.0,0.0,0.0,0.0,0.0,0.0,0.0,2.668434206113634,7.811487008811191,3.818481470829681,1.280294561869311,1.2658797998467028,1.0631868739081622,1.270415832674995
6.524548400352611,1.1512849801587435,0.970085187015753,1.5207763148961821,1.2127103689128493,1.0799649135220695,0.0,0.0,0.0,0.0,0.0,0.0,0.0,0.0,0.0,0.0,0.0,2.0345797550867384,7.681750777299111,0.0,0.0,0.0,0.0,0.0,0.0,5.589094546484351,1.2927657709702531,1.1615766652810804,1.301521869521093,1.128178179007961,0.9914926224986632,0.0,0.0,0.0,0.0,0.0,0.0,0.0,0.0,0.0,0.0,0.0,0.0,0.0,0.0,0.0,0.0,0.0,9.790652568171447,2.1780196313686506,1.1837367618176244,1.4871397489846243,1.00327197267866,0.9829200516272505,1.3221811931025647,1.369919023374914,0.31805480691908605,0.18521865601690912,0.0,0.0,0.0,0.0,0.0,0.0,0.0,2.5365061123908372,7.810717711983943,0.0,0.0,0.0,0.0,0.0,0.0,4.893121572676584,1.133096073141354,1.3898110993011428,1.2755376016597035,1.1168024338646627,0.7718275483586448,1.477080745718986,1.122966546419244,0.3427531848301495,0.0,0.0,0.0,0.0,0.0,0.0,0.0,2.330276132313266,0.0,0.0,0.0,0.0,0.0,9.983972137449676,1.6740829101082033,1.030998308790285,1.0216325906701538,1.333544285095764,1.0614058692238137,1.598887474861304,1.0433880870043213,0.0,0.0,0.0,0.0,0.0,0.0,0.0,0.0,0.0,0.0,2.32268453139067,0.0,0.0,0.0,0.0,0.0,9.588082242312128,2.378290976974531,1.1995427777691303,1.2722498060380893,1.088027365152754,1.109445760842535,1.1654706908208392,1.2122115245614085,0.0,0.0,0.0,0.0,0.0,0.0,0.0,0.0,0.0,0.0,2.105328823256837,0.0,0.0,0.0,0.0,9.967961236480752,1.8219744435140413,1.1989881357439909,1.1177293224037224,0.9981692295688982,1.1168831856546477,0.9337192572771431,1.1401443159729086,0.7425130493059244,0.0,0.0,0.0,0.0,0.0,0.0,0.0,0.0,0.0,0.0,2.4650732488966414,7.754772435098493,3.9050500801010464,1.3704877522873968,0.9207669403053558,1.2112942868871202,1.1794693070343458
6.669894364425442,1.1839799868596481,0.9502178949909674,1.1866612177538785,1.1835988154805133,1.0895596300953778,0.19894522833961295,0.0,0.0,0.0,0.0,0.0,0.0,0.0,0.0,0.0,0.0,2.1898024864457954,7.50907174529951,0.0,0.0,0.0,0.0,0.0,0.0,4.695550204111355,0.9845119912537109,1.3414215165185053,1.0106905787755613,1.0758582184272145,1.1749140376420422,0.0,0.0,0.0,0.0,0.0,0.0,0.0,0.0,0.0,0.0,0.0,0.0,0.0,0.0,0.0,0.0,0.0,9.87732340375594,1.858984839192226,1.3254890485747484,1.0585634526869256,1.222924112679078,1.3079431757163622,1.2853784543615692,1.0372228967258499,0.0809048263706682,0.0,0.0,0.0,0.0,0.0,0.0,0.0,0.0,2.1647205720771066,7.474491169652527,0.0,0.0,0.0,0.0,0.0,0.0,4.594654921095758,1.0133135865245924,1.0699972242826528,1.1772633948988915,1.044317410911844,0.550366170737064,0.8673530579968419,0.29754434897017656,0.0,0.0,0.0,0.0,0.0,0.0,0.0,0.0,1.722212325059287,0.0,0.0,0.0,0.0,0.0,9.514177816676135,2.43200879477868,1.0947139659316165,1.1795714104222361,1.2482662320789106,0.8580894244925271,0.9998152274848261,1.1875745783411702,0.0,0.0,0.0,0.0,0.0,0.0,0.0,0.0,0.0,0.0,2.366273000365526,0.0,0.0,0.0,0.0,0.0,9.900282445868672,1.4124414398549259,1.3120112239911765,0.9652444892534404,1.0858826843377025,1.3886969520825283,1.1040455881641706,1.1068198964535272,0.0,0.0,0.0,0.0,0.0,0.0,0.0,0.0,0.0,0.0,2.004825825188334,0.0,0.0,0.0,0.0,9.824421776738522,2.3515280389489286,0.9570584199367461,1.2200652517092152,0.9540781443140254,0.8848040435949763,0.9701662712117133,1.4000459517815727,0.6872176093761744,0.0,0.0,0.0,0.0,0.0,0.0,0.0,0.0,0.0,0.0,2.187096018356593,7.8659304086533375,4.46400554767579,1.3382658187061356,1.1363203148831138,1.1270053489583864,1.2118075805728157
6.568100508405625,1.1447648003025632,1.3729820150943772,1.0639835001091849,1.097942453983254,1.336078439825379,0.3612115934742466,0.0,0.0,0.0,0.0,0.0,0.0,0.0,0.0,0.0,0.0,1.333335166258741,7.327786732883788,0.0,0.0,0.0,5.439478986683327,1.072559304414395,1.3196492413981475,0.9910959581117499,1.0699142121125895,1.185511854828566,1.0525168321938299,1.1641037585981262,1.2102085099756235,0.0,0.0,0.0,0.0,0.0,0.0,0.0,0.0,0.0,0.0,0.0,0.0,0.0,0.0,0.0,9.834263750806818,2.4321445587373924,1.094577854245654,1.2619848604601964,1.3586873960372357,1.1430938468929053,0.9841641838931744,1.0696159129151215,1.613500989988262,0.5171717442202244,0.15879429309511867,0.0,0.0,0.0,0.0,0.0,0.0,0.0,0.0,1.9115270569615301,7.605447284645888,0.0,0.0,0.0,4.798163345860972,1.218562808542447,1.061199151024215,0.9872707549919555,1.2742487123476187,1.252584249108779,1.1594507303138926,1.0643252792399585,1.2792497601691757,0.9816125349720881,0.5479559178747677,0.0,0.0,0.0,0.0,0.0,0.0,0.0,0.0,2.228199305046256,7.759568018625703,0.0,0.0,0.0,4.362474230725295,1.0773430162779525,1.0714681743532504,1.0381149458082144,1.0526690095870759,1.1529937454861057,0.9220380639272918,0.9399197571132154,1.0401202003200976,0.0,0.0,0.0,0.0,0.0,0.0,0.0,0.0,0.0,0.0,2.4028668198900576,0.0,0.0,0.0,0.0,9.633559117234284,2.5357338150476565,1.1749887390130382,1.1801439571776946,1.18469963318998,1.1895602936987897,1.1988053887861934,1.160845538231524,1.0880262019106917,0.0,0.0,0.0,0.0,0.0,0.0,0.0,0.0,0.0,0.0,1.9439087870642089,0.0,0.0,0.0,0.0,9.914533514916156,2.185521348541129,0.9886198605960443,1.117131702887156,1.1911115836724802,1.3063134148151763,1.349003792069019,1.1458887802829685,0.7201973304820646,0.0,0.0,0.0,0.0,0.0,0.0,0.0,0.0,0.0,0.0,2.2400747535618666,0.0,0.0,0.0,9.868640821738435,2.0534245820710617,1.2047546459579348
6.663953684466574,1.116687371161716,0.8829785748429969,1.4446888991086158,1.2436062156420882,1.0315364597840797,0.1942428522022812,0.0,0.0,0.0,0.0,0.0,0.0,0.0,0.0,0.0,0.0,2.24533254837033,7.8329767332303515,0.0,0.0,0.0,6.429012193204862,1.1259401072508102,0.0,2.1615329794771467,1.0727288179063508,1.1862465559781572,1.2963075114287608,1.383176581226531,0.5059390414083751,0.0,0.0,0.0,0.0,0.0,0.0,0.0,0.0,0.0,0.0,0.0,0.0,0.0,0.0,0.0,9.87638972039449,2.3520573718497317,1.2573743525035104,1.1071793752502626,1.235554954660846,1.2198095077484252,1.2420845924987238,1.2912278242819388,1.4318582429133908,1.2020835071545424,0.31658398125657394,0.0,0.0,0.0,0.0,0.0,0.0,0.0,0.0,2.1835743855743637,7.647237491452908,0.0,0.0,0.0,6.082996078186792,1.1899627554750638,1.50097869007531,1.242530467186302,1.1433170939998338,1.4054372208714538,1.0441140902122876,1.1879457680978913,0.6876078089947617,1.0953747734857302,0.6380178163229484,0.0,0.0,0.0,0.0,0.0,0.0,0.0,0.0,2.1773074180487195,7.793946505327939,0.0,0.0,0.0,6.251593679138759,1.200472848496909,1.221018330888401,0.8083421537358993,1.291302670920808,1.1255332771284616,1.0749919713710638,1.0860642082877359,1.3361660550886594,0.0,0.0,0.0,0.0,0.0,0.0,0.0,0.0,0.0,0.0,2.4199564178782573,0.0,0.0,0.0,0.0,9.755412817421766,2.3224507218744024,1.1505284513694964,1.2013910145023645,1.1653749063779737,1.2105094125889377,1.0915532932721257,1.0980083877768725,0.485621788408225,0.0,0.0,0.0,0.0,0.0,0.0,0.0,0.0,0.0,0.0,2.1347087413439176,0.0,0.0,0.0,0.0,9.717318656748832,2.55014539359558,1.3434556877965576,1.310158398598929,1.3170142699765597,1.1574181723613144,1.341413880938022,0.7152076825772563,0.6293023853770299,0.0,0.0,0.0,0.0,0.0,0.0,0.0,0.0,0.0,0.0,2.2562857902194233,0.0,0.0,0.0,9.799873279135925,2.0980651448180594,1.0371859863192194
6.833326742786182,1.201020905505816,0.9962383499523721,1.1563408831871163,0.9080622153641189,1.4153079276745475,1.314975219032486,0.0,0.0,0.0,0.0,0.0,0.0,0.0,0.0,0.0,0.0,2.378199980566038,7.753934419523733,0.0,0.0,0.0,4.672597416312541,1.3000498174386823,1.2171366185283528,1.1152684298658584,1.2363634345115295,1.1714034003571943,1.214066580379898,0.6843306885564946,1.1232930383945883,0.0,0.0,0.0,0.0,0.0,0.0,0.0,0.0,0.0,0.0,0.0,0.0,0.0,0.0,0.0,9.590488552877813,2.0919030641246095,1.1046537295089518,1.2182447305094135,1.179131713386904,1.1277565189285486,1.0417038908615275,1.0102984500656331,1.1853111556321787,1.4802832289483199,0.5906295822035883,0.0,0.0,0.0,0.0,0.0,0.0,0.0,0.0,2.160028770233776,7.882815314027718,0.0,0.0,0.0,4.75473665875404,1.0592398063166941,1.0854287798297817,1.083867381435267,0.8858268036343463,1.3601980727709966,1.0930503351407217,1.1771660064872096,0.22849829773397357,1.1638908667616688,0.9015027015616893,0.058809027355067656,0.0,0.0,0.0,0.0,0.0,0.0,0.0,2.4835215516795457,7.852884276921303,0.0,0.0,0.0,3.9726806905355603,1.2613873026192473,1.1561349553068603,1.02814037777765,1.0114946786436947,1.2940951606680313,1.007888940818138,1.165354867374826,1.2860959431070504,0.0,0.0,0.0,0.0,0.0,0.0,0.0,0.0,0.0,0.0,2.1769856865921384,0.0,0.0,0.0,0.0,9.792712312930464,2.5891120313930447,0.9447753761453777,1.1471305263463996,1.1179187049900863,1.044122410693019,1.2091567459054786,1.2259502889209772,1.2520943796073718,0.0,0.0,0.0,0.0,0.0,0.0,0.0,0.0,0.0,0.0,2.4335056902710317,0.0,0.0,0.0,0.0,9.571355238133204,2.900511685238104,1.230694025835939,1.1815899060369832,0.9800251716842759,0.9884314452245352,0.8627684530765323,1.406265569355453,0.6479184559021469,0.0,0.0,0.0,0.0,0.0,0.0,0.0,0.0,0.0,0.0,2.355419915368429,0.0,0.0,0.0,9.779888952806216,2.3983125426679517,1.2024032360279198
6.569189460338818,1.276271769016502,1.068898951368958,1.1796393163629832,1.3491877560800984,1.0999264672517564,0.0,0.0,0.0,0.0,0.0,0.0,0.0,0.0,0.0,0.0,0.0,2.3105826268034964,7.548028927229704,0.0,0.0,0.0,5.709199367151391,1.2669725395909752,1.039268266561169,1.1127217450807052,1.2971484944087113,1.0777087728666301,1.3286505193185563,1.104267672123203,1.4801385339350006,0.0,0.0,0.0,0.0,0.0,0.0,0.0,0.0,0.0,0.0,0.0,0.0,0.0,0.0,0.0,9.812509776746513,2.349574164028808,1.0640039462586888,1.4533319156240891,0.8619368025362304,1.3818802613315986,1.4695442981781583,1.3944859819378945,1.4384054538887283,1.0830701470047586,0.5811753461165833,0.0,0.0,0.0,0.0,0.0,0.0,0.0,0.0,2.4108766056212327,7.851259269644224,0.0,0.0,0.0,5.09038590452748,1.27616132112046,1.05016293405015,1.1034908454198202,1.0869719669345816,1.3075316189967676,1.2899208443279158,1.2454679894895573,0.5166973091987694,1.3514234366863993,0.9189779785505858,0.16728493699754488,0.0,0.0,0.0,0.0,0.0,0.0,0.0,2.2831381336288255,8.001201002057595,0.0,0.0,0.0,5.059447760801785,1.0291890705906688,1.2547998163082383,1.44898240543944,1.2652768966022163,0.8899133015675804,1.433158980028462,0.9582134030200542,1.1774525536202347,0.0,0.0,0.0,0.0,0.0,0.0,0.0,0.0,0.0,0.0,2.8008218711599446,0.0,0.0,0.0,0.0,9.33585389993072,2.8056037596619237,1.1742358096160492,0.860643696500713,1.221036730348444,1.2456146194769435,0.9737502795102392,1.4939825488283967,0.9072901636139621,0.0,0.0,0.0,0.0,0.0,0.0,0.0,0.0,0.0,0.0,2.341336378614445,0.0,0.0,0.0,0.0,10.0,2.5098384035291392,1.34410223912192,1.0801452844737347,1.2055834150445914,0.9944420466960502,1.3907219712379069,1.199664426899755,0.9866900251837558,0.0,0.0,0.0,0.0,0.0,0.0,0.0,0.0,0.0,0.0,2.2438975909683396,0.0,0.0,0.0,9.718281939205214,2.4630497138669845,1.1758853189574594
6.711908403264272,0.8801495308015831,1.5943186682382602,1.307547160298638,1.3300962687664202,1.0672099575110887,0.3628768921635451,0.0,0.0,0.0,0.0,0.0,0.0,0.0,0.0,0.0,0.0,2.076113585017751,7.465738467170829,0.0,0.0,0.0,5.186993552747124,1.2775090745074538,1.1957096256282789,1.1741936341250456,1.2047194517288293,1.3088658189157514,1.3283376995396232,1.465192953193457,1.0536568572867968,0.0,0.0,0.0,0.0,0.0,0.0,0.0,0.0,0.0,0.0,0.0,0.0,0.0,0.0,0.0,10.0,2.2489635925058,1.0932605720598403,1.3131697807366571,1.320824425913681,0.9916118052945655,1.1246150045664618,1.0231993854247923,1.6934117061236729,1.3358057046904825,0.22346743779021416,0.0,0.0,0.0,0.0,0.0,0.0,0.0,0.0,1.9721798626196843,7.491804136307527,0.0,0.0,0.0,5.995882694245799,1.2336708455090688,1.1611930080170867,1.3135317974382505,1.1359366269967892,1.3083582149012585,1.1350759240384511,1.3128872958688225,0.8418403943308617,1.1166017019905077,0.7904057917247447,0.0,0.0,0.0,0.0,0.0,0.0,0.0,0.0,2.40904664374736,7.647299577272442,0.0,0.0,0.0,6.070782251603674,1.1262185967446343,1.3512018300942483,0.8693285299189392,1.4897867258417212,1.0718631717035334,1.2893599304788756,1.169835091284075,0.9128845610035741,0.0,0.0,0.0,0.0,0.0,0.0,0.0,0.0,0.0,0.0,2.6053979109406713,0.0,0.0,0.0,0.0,10.0,2.24233570004946,1.0948335795858588,1.0159791057009022,1.3386609072984463,1.4471157329146722,1.2863849260310805,1.0818076612995438,1.1759123917348528,0.0,0.0,0.0,0.0,0.0,0.0,0.0,0.0,0.0,0.0,2.0762898374173906,0.0,0.0,0.0,0.0,9.703841342956144,2.276547988749492,1.103338353429918,1.204267868134881,1.2880467878928885,1.1745883866662759,1.2462811154052182,1.1570647274185466,1.3783506776724748,0.0,0.0,0.0,0.0,0.0,0.0,0.0,0.0,0.0,0.0,2.431747574241554,0.0,0.0,0.0,9.495231086906282,2.834795587061752,1.0992187582483184
6.648680958125327,1.116560804093687,1.0031923992406628,0.900310380637121,1.2595862196712226,0.9762490326563769,0.949135012437329,0.0,0.0,0.0,0.0,0.0,0.0,0.0,0.0,0.0,0.0,2.222896847057622,7.713412640376462,0.0,0.0,0.0,4.719126446175759,1.0268436079192806,1.0219134542471584,1.196348404291378,1.007076009179358,1.1502637677942433,1.1465084417096636,1.244201006299708,0.6588042400897063,0.0,0.0,0.0,0.0,0.0,0.0,0.0,0.0,0.0,0.0,0.0,0.0,0.0,0.0,0.0,9.876628129852266,2.2990664049773724,0.9711970785087578,1.1936301281522088,0.9617459147908507,0.9995387762887146,1.1254058417490156,1.1505886487306687,1.2659730698932328,1.320505025800708,0.50551792657172,0.0,0.0,0.0,0.0,0.0,0.0,0.0,0.0,2.2886459369835643,7.714444188087169,0.0,0.0,0.0,4.658408099008968,1.2189935493335946,1.1109680852679598,1.1196980338101479,1.2160313470957196,0.9306854077265609,1.0259033306378724,1.117982964778533,1.2689747752941383,1.1592536861892915,0.8595030553774592,0.0,0.0,0.0,0.0,0.0,0.0,0.0,0.0,2.314413279229349,7.988954628249842,0.0,0.0,0.0,3.7997499770858703,1.1641837759243756,0.953917105316753,1.1712031529902627,0.9782472315323293,1.0304610938710326,1.1075348858175567,0.7951407443060137,0.8690393794518779,0.0,0.0,0.0,0.0,0.0,0.0,0.0,0.0,0.0,0.0,2.4236037600327758,0.0,0.0,0.0,0.0,9.704932119788463,1.970699281561069,1.0708412146101685,1.0817926344718218,1.2409541161956252,1.1497753863336357,1.1411279447097338,1.0081454633378537,1.292173394543545,0.0,0.0,0.0,0.0,0.0,0.0,0.0,0.0,0.0,0.0,2.365063612912474,0.0,0.0,0.0,0.0,9.850663703296949,2.2142049956987457,1.3794308088402132,0.8783270517551249,0.9506397670749718,1.168939058858338,1.2660344005253144,1.0309199703113794,1.389558409921865,0.0,0.0,0.0,0.0,0.0,0.0,0.0,0.0,0.0,0.0,1.9590871215680976,0.0,0.0,0.0,9.48636570133968,2.5129608141715583,1.0720328691944054
6.745630289519988,1.2096651955048154,1.0606527064866453,1.2701949687185077,1.0104714959451657,1.0390994544707042,1.1175498899618412,0.0,0.0,0.0,0.0,0.0,0.0,0.0,0.0,0.0,0.0,2.4442260302090486,7.543106754283995,0.0,0.0,0.0,5.14860467221503,0.5439445392523741,0.0,2.0529611327966855,1.0017307267038351,1.2976664917101748,1.1070792127150888,1.0624328863128376,1.2347565814332278,0.0,0.0,0.0,0.0,0.0,0.0,0.0,0.0,0.0,0.0,0.0,0.0,0.0,0.0,0.0,0.0,0.0,9.930114212693272,2.574532452674762,1.0676643984280765,1.3284073019101799,1.1095626007026704,1.0854157052301276,1.6467806664882279,1.4167585223324632,0.45481631071224626,0.0,0.0,0.0,0.0,0.0,0.0,0.0,0.0,2.3950123115085376,7.803377299792475,0.0,0.0,0.0,0.0,0.0,0.0,5.956734793717386,1.1753505988782011,1.01599001690098,0.9576700564757571,1.410277146960288,0.937003399528491,1.1469802430448883,0.9369641627718175,0.0,0.0,0.0,0.0,0.0,0.0,0.0,0.0,2.4672603999103355,0.0,0.0,0.0,0.0,0.0,10.0,2.401490035249841,1.1342695192685492,1.1136640070633892,1.0729228198899121,1.140247315057426,1.0672453176563046,1.1015356360833763,0.0,0.0,0.0,0.0,0.0,0.0,0.0,0.0,0.0,0.0,0.0,0.0,0.0,0.0,0.0,0.0,0.0,9.82941707573351,2.5079320492280353,1.144353163433806,1.1406620020729348,1.0081677666708584,1.2843180911903094,1.612099675289377,0.0,0.0,0.0,0.0,0.0,0.0,0.0,0.0,0.0,0.0,2.176728343911585,0.0,0.0,0.0,0.0,9.99532821744275,2.3316674190491744,1.3101536823053541,1.1319431342079396,1.2617606064780833,1.2534567579831333,1.2769412317168138,1.4521207831584964,1.2320803823214528,0.0,0.0,0.0,0.0,0.0,0.0,0.0,0.0,0.0,0.0,2.338352161192117,0.0,0.0,0.0,0.0,9.477228098740289,2.882409123848896
6.566564420667572,1.1877140087278446,1.140578077746134,1.2957830395244407,1.137615385818884,0.6792209476572642,0.2976424083707183,0.0,0.0,0.0,0.0,0.0,0.0,0.0,0.0,0.0,0.0,2.186753862614628,7.8258853211360595,0.0,0.0,0.0,0.0,0.0,0.0,5.151231972702183,1.3684383445056367,0.990956843687822,1.4704961139331199,1.029262473784476,1.559293893482311,0.0,0.0,0.0,0.0,0.0,0.0,0.0,0.0,0.0,0.0,0.0,0.0,0.0,0.0,0.0,0.0,0.0,9.70417079827013,2.0567890872679184,1.0335789431468538,1.066785522628437,1.2239297949093522,1.035293445422486,1.283005472236773,1.3829425503533983,0.612919111631749,0.0,0.0,0.0,0.0,0.0,0.0,0.0,0.0,2.1086625051779153,7.614978194782916,0.0,0.0,0.0,0.0,0.0,0.0,4.76565380128714,1.2568368178178826,1.130975097192885,1.087303173668576,1.2046632971342752,0.8247723116920419,1.2910317959118895,0.787517966455459,0.0,0.0,0.0,0.0,0.0,0.0,0.0,0.0,1.8847775779359266,7.572307966377285,0.0,0.0,0.0,0.0,4.675931683600834,1.170257705039198,1.1432068324434452,1.111015069366708,1.043131883076127,1.251431584411546,0.5084246945142843,1.7042811053830285,0.0,0.0,0.0,0.0,0.0,0.0,0.0,0.0,0.0,0.0,2.5188138424355104,0.0,0.0,0.0,0.0,0.0,0.0,9.76764059840069,2.3723756296562906,1.3251485050059375,1.0255414886489977,0.8930584978606508,1.4423415012585517,0.7094762052270871,0.0,0.0,0.0,0.0,0.0,0.0,0.0,0.0,0.0,0.0,2.0146222053352756,0.0,0.0,0.0,0.0,9.654179671460836,2.307992586063774,0.8884695757980361,1.3098080000551735,1.2746072174298677,0.8362244531544282,1.3394764067154346,1.2269653397435312,0.9393084895482575,0.0,0.0,0.0,0.0,0.0,0.0,0.0,0.0,0.0,0.0,2.509664939990416,0.0,0.0,0.0,0.0,9.806091022551602,2.184392910491779
6.380776483638121,1.3704001150978267,1.1214983078440426,1.345092709726203,1.0059473596889972,1.1170186249105651,0.8399842931444477,0.0,0.0,0.0,0.0,0.0,0.0,0.0,0.0,0.0,0.0,2.5240757855042832,7.751877915042111,0.0,0.0,0.0,4.164716195022009,1.2199930874397553,0.0,1.830012968465317,0.9945222143905296,1.0541132148367978,1.1075552845547432,1.2017590622355516,1.1197470912337064,0.0,0.0,0.0,0.0,0.0,0.0,0.0,0.0,0.0,0.0,0.0,0.0,0.0,0.0,0.0,0.0,9.12154250029461,2.392528728491744,1.2559501591523419,1.0860423211222654,1.0951681322150773,0.9643886487291532,0.9426152720738201,1.562026359289649,1.7292367415443763,0.7158783676805679,0.0,0.0,0.0,0.0,0.0,0.0,0.0,0.0,2.3561338818391215,7.5555968623324805,0.0,0.0,0.0,4.377605922918738,0.0,1.5843789576419671,1.0616483749909762,0.82338016124219,1.2370186269864587,1.0318806753444498,1.3579330229445365,0.9491049494745631,1.2272113580981359,1.1587026909743787,0.3460497050536766,0.0,0.0,0.0,0.0,0.0,0.0,0.0,2.3686230297648367,7.909091638868248,0.0,0.0,0.0,3.9242268821349033,1.0831668152892424,1.0164596787702216,1.060788820886045,0.9481998890092519,1.1566231272887633,0.9422824111787143,0.5769270482963695,1.2275963951021025,0.0,0.0,0.0,0.0,0.0,0.0,0.0,0.0,0.0,0.0,2.805525924516037,0.0,0.0,0.0,0.0,0.0,9.549175581704917,2.5702380135983582,0.9186937233051675,1.1698067992559702,1.063808758291309,1.260384620744647,1.0720149553179579,1.3537565378533056,0.0,0.0,0.0,0.0,0.0,0.0,0.0,0.0,0.0,0.0,2.299612830690545,0.0,0.0,0.0,0.0,9.52245798920075,1.918947895247551,0.9782036946298323,0.8960836276351325,1.0844061870176334,0.9348093286568666,1.0616829849810223,1.0840946597631924,1.2546083192787305,0.0,0.0,0.0,0.0,0.0,0.0,0.0,0.0,0.0,0.0,2.3029966575218843,0.0,0.0,0.0,0.0,9.517793643338665,2.2697863727680128
6.678461799586604,1.3631603253538989,1.115803975805659,0.9743056781632359,1.2323169844638513,1.2109169540198144,0.4747665993791622,0.0,0.0,0.0,0.0,0.0,0.0,0.0,0.0,0.0,0.0,2.1248725490615,7.844171810637423,4.945647642517422,1.0696364013116608,1.1334910211826743,0.9864160463664905,1.0175672660491795,1.164058630799337,1.151370037131503,1.1205867914314598,1.1626629496759464,1.05677984246958,1.3915846467049307,1.2900615142045313,0.0,0.0,0.0,0.0,0.0,0.0,0.0,0.0,0.0,0.0,2.102711459341538,7.3154732450639,5.290691493934819,1.0875351521238374,1.1479318222692534,1.3506056506933954,1.270143341678083,1.2311205766661424,1.3873267627024624,1.1245024026520676,1.054568367057344,0.9829581729356988,1.2962745998281437,1.0333137389421652,1.459892361608592,0.2956073755155827,0.0,0.0,0.0,0.0,0.0,0.0,0.0,0.0,2.313765308815689,7.702181980719354,4.797387584041206,1.2094346080931087,1.1403500260304789,1.1106085963022825,1.0720624176027458,1.029427558831307,0.9437846113774587,1.0738160796979364,1.2620719016123487,1.1527869391018981,0.8760749661648926,0.7437371147740732,1.0234840616721061,0.711068963865479,0.0,0.0,0.0,0.0,0.0,0.0,0.0,0.0,2.187888412884705,7.60658540444844,5.103511498821505,1.3084286937387508,1.075646795655279,1.2255162039778862,1.1406813293119806,1.157003365789513,1.0949331627190955,0.8881998340329696,1.294946772186746,0.9640036824530741,0.7182782916937827,1.8698680644731536,0.0,0.0,0.0,0.0,0.0,0.0,0.0,0.0,0.0,0.0,2.5357105845154124,7.957805481659568,4.132743242964194,1.2751580213521598,1.1377679138710337,1.1840340873521877,0.9520560631440484,1.1692084719770202,0.8734110274689564,1.1878259965521334,1.2049989254365714,1.4982129808897695,0.9802283735976952,0.8624599192729958,0.0,0.0,0.0,0.0,0.0,0.0,0.0,0.0,0.0,0.0,2.141884022671765,7.392981843189915,5.282673511834026,1.3100099271315737,0.9672179141608344,1.1307286545321538,0.8621824499704714,1.4331743342453476,0.9153594801051952,1.0648537226863497,1.2057581869538725,1.1597884912572276,1.1217663782349583,0.9036466587797903,0.0,0.0,0.0,0.0,0.0,0.0,0.0,0.0,0.0,0.0,2.4715355825924945,7.721160960538878,4.80318084898461,1.1237308778631523,1.3621077164916082,0.8209641433474127,1.4317094951297034
6.930459834988131,1.0612607264340952,1.0763481879537262,0.9163210669582553,1.1939568180663689,0.8925368356751812,0.9330981201050177,0.0,0.0,0.0,0.0,0.0,0.0,0.0,0.0,0.0,0.0,2.1730019272791585,7.725691199713183,5.434995441125454,1.1019543646759635,1.027322993644236,1.0789808948144282,0.9570078026084375,0.7027375273896642,1.3215670413630085,0.9483885900752863,0.8687530113045451,0.9959741137815401,1.1379630305775754,1.0927737756465807,0.0,0.0,0.0,0.0,0.0,0.0,0.0,0.0,0.0,0.0,1.6717087464874316,7.470917589744815,5.786724288885232,1.0626527726316524,0.9602723595933623,1.0639548455779912,1.0639189227602797,0.9523897127233111,0.8922456131219573,1.163491333064929,1.0440800190592023,1.046477530941633,1.0630911867644899,1.0877368004056687,1.2245288691360763,0.48247430970914884,0.0,0.0,0.0,0.0,0.0,0.0,0.0,0.0,2.350110073284496,7.847565072958668,4.865612835763856,1.0722846677775462,1.1197060221341204,0.998521995566605,1.0674865183835893,0.9267128408776398,0.819695414965698,1.0779597345894374,0.9867710396362563,1.0482189217133044,0.9177827603449876,0.8486246381772492,1.3457209704677418,0.8218407739693913,0.025267219222245174,0.0,0.0,0.0,0.0,0.0,0.0,0.0,2.5009234111783165,8.03424115061405,4.735899889490276,1.1120536253544904,0.9607674891623132,0.8529695894952278,0.9026485442346027,1.0740275281794305,0.9449913422379066,1.1550824813467166,0.9139044247034382,0.992471531404183,0.2956535162034146,1.5361140850173403,0.0,0.0,0.0,0.0,0.0,0.0,0.0,0.0,0.0,0.0,2.6195183762919805,8.028742124534316,4.257691621413495,1.2215654890371381,1.1229681703089802,1.0576708547459233,0.9459997664540645,1.0938887476526653,0.8713386805319306,0.9876834545769453,1.0672791743965377,1.0245169864878503,0.9730465097246335,1.1256552734534315,0.0,0.0,0.0,0.0,0.0,0.0,0.0,0.0,0.0,0.0,2.321688790464439,7.374280126362377,5.64150244309788,1.0593511615664657,1.1235194884835165,1.0710842280328625,1.2092607231536672,1.1194139369983291,1.0108993945347453,1.1949061725410806,0.8176779287178897,1.0013255706816815,1.0922748962992521,1.140106945915546,0.0,0.0,0.0,0.0,0.0,0.0,0.0,0.0,0.0,0.0,2.3147615060183417,7.872254392553757,4.9019339749369,1.1437244701525258,0.9913850384945628,1.0907784459413294,1.02514630257211
6.969277562622979,0.7687556490949619,1.0625719370131081,0.8544955524076366,0.8221146680764791,0.4993465701651106,0.408945447509563,0.0,0.0,0.0,0.0,0.0,0.0,0.0,0.0,0.0,0.0,2.7303909511800604,7.631942459583467,4.482892020807646,1.1580957683306556,1.078180460035473,0.7522210962437416,1.0679026842325914,0.9982957919909433,1.03537627474022,1.0662989713052817,1.0422941308731506,1.1469464788673633,0.9597677247547779,1.1452233841313044,0.0,0.0,0.0,0.0,0.0,0.0,0.0,0.0,0.0,0.0,2.1710590214272263,7.779895980080341,4.936333994096078,1.0159959115785273,1.048465154696332,0.9670579465967607,0.8654610598439725,0.9153927875668278,1.1329709221025426,0.9591935176199473,1.0426307999137459,0.9523976806659225,0.9820727100133473,0.5658853939674122,1.495850339984733,0.8981080770429024,0.22264283904351273,0.0,0.0,0.0,0.26293035610127724,0.0,0.0,0.0,2.535542286609203,7.934219158283133,4.523034899908777,0.9629952230011095,0.9202034013739028,0.8790090621639466,0.9260617128403088,0.9623863984670055,1.1505668135142033,0.9871625581189317,0.9962878990216253,0.7822481233270918,0.8081943628094237,0.5884139458242492,0.8581937239085276,1.1386486392409179,0.38464223589927643,0.0,0.0,0.0,0.0,0.0,0.0,0.0,2.7017565900369784,7.829583923192872,4.306952579797614,1.0607413171846418,0.907186917827554,0.902250278198444,0.862260597122802,1.0475900407363057,0.6982953142394602,1.2317629413898767,0.7906212885221943,0.9071610951719387,0.7451512404531415,1.4159277552163498,0.0,0.0,0.0,0.0,0.0,0.0,0.0,0.0,0.0,0.0,3.0419927309360015,7.723165965284347,4.078636417601789,0.929219314995586,0.9820865714214962,1.134520612825952,0.8874071092700578,0.879712268473053,0.9780887698510109,1.0158641421750192,1.0230170137702732,0.9442289571114417,0.9008029574877147,0.9162968727333308,0.0,0.0,0.0,0.0,0.0,0.0,0.0,0.0,0.0,0.0,2.698928903290339,7.635526611232303,4.19462961802216,1.2625810178694308,0.9240068309128199,0.7644102083226756,0.9371854261808414,0.8274247250483738,0.9703861259101243,0.8929461411995256,0.9545855974756515,1.2434463901125603,0.8870802220102746,1.1055176585105242,0.0,0.0,0.0,0.0,0.0,0.0,0.0,0.0,0.0,0.0,2.7281326297371926,7.626051165618665,4.462740805439922,1.070027749561796,0.836955209528702,0.9089125008782704,0.9251388084764238
6.7607080126657655,1.2118338053916242,0.7277192622178141,1.1611560711775242,0.7171954087772011,0.8827156794881623,0.6650004439407162,0.0,0.0,0.0,0.0,0.0,0.0,0.0,0.0,0.0,0.0,2.291978319425886,7.2783028438151565,5.297356292835254,1.0258070851696242,1.103407391160772,0.8044482469147095,0.8227778936390407,1.0031981597090907,0.7447814611888207,0.9219261893492628,0.8326611287328441,1.1020186741099558,0.7495067583520924,1.2021259603402852,0.0,0.0,0.0,0.0,0.0,0.0,0.0,0.0,0.0,0.0,1.5280754793041504,7.424003760580706,5.765327252873989,1.067810087712568,1.031338549282032,0.8652171032599942,1.0626827793701845,1.0876920120613556,0.9226357019002608,0.9607342068559402,1.1101698149724997,0.9930309795653686,0.9810122185017853,0.9599556865295407,1.0003440010770266,0.20029263872116765,0.0,0.0,0.0,0.0,0.0,0.0,0.0,0.0,2.206739234339503,7.544484664949893,5.221261826601523,1.023515245754056,0.6908705218816938,1.0899825853814662,0.9471288767802828,0.9809718986469855,0.7787302505582719,1.117752047380129,1.0209672155685978,0.8080807853568897,0.8758058835417245,1.0308332283974644,1.2412224018351203,0.521081504870617,0.0,0.0,0.0,0.0,0.0,0.0,0.0,0.0,2.3589635163077958,7.948852152240952,4.624262808511811,1.0270932552351173,1.0022352247921815,1.121131840419368,0.9096580777533975,0.996480382729681,0.9468280627246612,0.8396985224388235,1.0031914968575624,1.055587107092404,0.13524887746001066,1.4114063286330012,0.0,0.0,0.0,0.0,0.0,0.0,0.0,0.0,0.0,0.0,2.5864387367847206,7.614933492363047,4.828486449410168,1.03195118352458,0.8858749498958174,1.0594850211478841,0.8967223021367648,1.0817160530409209,0.9396508854232579,0.9415054809379654,1.0277305053756969,0.9901783942863005,0.9956564151241685,1.1606222800537687,0.0,0.0,0.0,0.0,0.0,0.0,0.0,0.0,0.0,0.0,1.796580004884479,7.605870027633079,5.6655385553365205,1.1047751269122044,0.9171266521482369,0.7906270849379373,1.0585564169862205,0.9856465878281997,0.9116877149014314,0.8313822637844313,1.0255135613685906,0.780253106723479,0.830339966237158,0.7013452185816238,0.0,0.0,0.0,0.0,0.0,0.0,0.0,0.0,0.0,0.0,2.505578417560539,7.66172842148491,4.755786022488597,1.0060294659796385,0.9367666157180373,1.011822288079452,0.9106061909473264
6.98094336686423,1.0046338663092629,0.8592023490480277,0.8688360195329883,0.9818413752867304,1.034866374957038,0.5137179998173872,0.0,0.0,0.0,0.0,0.0,0.0,0.0,0.0,0.0,0.0,2.935323917261716,7.943785615682412,4.024338849399232,1.0399632313483658,0.9645244156923362,0.9578240096978711,0.9492698080236673,0.7679967856769263,0.994447928670602,0.8888894168722908,0.8603258049502598,1.133767956655687,0.8180273608497689,1.1284901700358032,0.0,0.0,0.0,0.0,0.0,0.0,0.0,0.0,0.0,0.0,2.6440106520716307,7.581560116395374,4.5717739904068315,0.8853225993269332,0.8868355560717401,0.9976321171151508,0.9461609597389425,0.8346064843526554,0.9742609372276008,1.0031646065463384,0.9330187476671774,0.8605803488282501,0.7286045923892082,1.0162638061729723,1.2917506806181154,0.8979132405713361,0.5444869616067869,0.0086171363024527,0.0,0.0,0.24460409974841468,0.09445735632952307,0.0,0.0,2.883390646936869,7.903313178996936,4.2529407187116846,0.8470460393887648,0.8581572073247602,0.9324089355171274,0.7886421607800023,0.7977594673436108,0.9087689856012253,0.8543211248595831,0.9304012440522599,0.8450062386480355,0.962243262260293,1.1409025907576416,1.1854696554489794,0.8862742653703907,0.7351546834110252,0.014063344861895399,0.0,0.0,0.0,0.0,0.0,0.0,2.749306605622147,7.831931089981501,4.43563750272742,0.8204839821510109,1.0382180270438595,0.8792431856077852,1.032213681243369,0.9197718980604898,1.0604719295765732,0.827514405627774,0.895393576677436,0.8903423994654002,0.939363263511445,0.5451032595128709,0.0,0.0,0.0,0.0,0.0,0.0,0.0,0.0,0.0,0.0,3.2384059327158594,7.3765647677935835,4.411090661393475,1.0191003892119144,0.8697421961030231,1.0599346655037258,0.8543862597883739,0.9335746058070666,0.8446963150712999,0.8780360277599957,0.8884367719258991,0.9597689274174676,0.8610014878720036,0.8590198806394973,0.0,0.0,0.0,0.0,0.0,0.0,0.0,0.0,0.0,0.0,2.195246191069105,7.592529293978547,5.092504912786626,0.9475693718916114,0.7156889784257403,1.0092668823568116,1.0362208008941052,0.9074237761393692,1.044615434481397,0.855322472910915,1.0490339127339234,0.9876391180558638,0.5976862553072375,0.7498017019959825,0.0,0.0,0.0,0.0,0.0,0.0,0.0,0.0,0.0,0.0,2.5779191797152583,7.5034812633592765,4.794939890857469,0.9272477624467472,0.9015605565863688,0.8016955078503126,0.813756784069437
7.048340210887013,0.905123145419984,0.6741094195934232,0.8461150959030853,0.7874262745819419,0.7225091138562466,0.5902302041639725,0.0,0.0,0.0,0.0,0.0,0.0,0.0,0.0,0.0,0.0,2.8953910891101757,6.612519264894678,5.22866868049966,0.8546442445680253,0.868458658979571,1.1177547941386683,0.7640492975090765,0.6999218809144508,0.8682288713865949,0.9471378086161424,0.8676853784162301,0.8201598767793583,0.5761183269341896,1.1188738707219954,0.0,0.0,0.0,0.0,0.0,0.0,0.0,0.0,0.0,0.0,2.681287006049196,7.188704460854833,5.187495298541498,0.6380522545224184,0.8880950643534518,0.623109897768567,0.9672647859950451,0.8084421112878443,0.7806567075364782,0.8551194956357405,0.8794371924250071,0.8213738401020438,0.8895409489082062,0.7770325474773147,1.318123142115666,1.1761620309340142,0.2343086449623044,0.0,0.0,0.0,0.4457390829274722,0.05745244147425943,0.0,0.0,2.414241002181246,6.580597247734406,5.856739008643078,1.0320019139331549,0.9376614939525783,0.7117249914810542,0.7395563438954096,0.8860337176667094,0.7109126816380124,0.819379757098001,0.9250778342347409,0.6266747371335839,0.9754878153703186,0.7317638544768066,1.4501853525187918,1.203701012338401,0.2505353362740106,0.079161623096052,0.0,0.0,0.0,0.0,0.0,0.0,2.9908779438534876,7.376763476895796,4.9057298867785235,0.8104613079634346,0.707362727807323,0.7422121255796755,0.6788803381944573,1.0037018756015892,0.9631260020519886,0.8456780523088431,0.7564785518178577,0.7830726643752035,1.0086911692429636,0.6812249365271261,0.0,0.0,0.0,0.0,0.0,0.0,0.0,0.0,0.0,0.0,3.222893799784014,7.179101142856327,4.240804828465044,1.0930096662913042,0.8842366622904203,0.6470008824785994,0.9225195121973604,0.7883073939306012,0.79431734256277,0.646215014739491,0.9072084274368153,0.906372473047791,0.6449993667948664,0.944249622321972,0.0,0.0,0.0,0.0,0.0,0.0,0.0,0.0,0.0,0.0,2.418404804264772,7.315786610461624,5.362282774668851,0.80793013197243,0.9200190161345456,1.0556033913983123,0.7532887253632412,0.8142357780202665,1.0391034374236978,0.8941086828749483,0.8835945294224533,0.8811456667172524,0.6419803769548267,0.8603432833055944,0.0,0.0,0.0,0.0,0.0,0.0,0.0,0.0,0.0,0.0,2.7140895934462037,6.699762873766,5.415880991859914,0.7500276447060392,0.9190293205865823,0.7670176479323878,0.9584911432373661
6.907548060571287,1.0393224576548232,0.6843604168236167,0.9877374116115187,0.8966099499424065,0.6858129349858078,0.1301969101383662,0.0,0.0,0.0,0.0,0.0,0.0,0.0,0.0,0.0,0.0,2.707876802999289,6.897800409232471,5.632783326001168,0.893200332506653,0.7708814825900714,0.9116260000207647,0.7965431233359399,1.1221491214917538,0.7710388941449304,0.8000831855696431,0.7552655910494753,0.6660795318382088,1.0040654161710887,0.995326355520724,0.0,0.0,0.0,0.0,0.0,0.0,0.0,0.0,0.0,0.0,2.6672734814786248,6.865862729405642,5.777281651981133,0.6654623205541296,0.9665103293794963,0.7589257628603029,0.7611701470040855,0.9309248164388041,0.8208432590322976,0.9295595151840598,0.8790053936963631,0.9460398307958764,0.6523975145648591,1.0992749827972819,1.457627429590335,0.7637305111320174,0.07335243200726183,0.0,0.0,0.0,0.022485554205445926,0.0,0.0,0.0,2.5733486315300906,7.141842463147962,5.17448424191024,1.1391775936278454,0.6403028243106653,0.8138489318045735,0.7211320897652362,0.9456933402865708,0.8698600645326781,0.7644793530877737,0.8838760286270896,0.7773505597668143,0.735755840851764,1.038978240334421,1.4048065091969753,1.340750189417755,0.611646604539791,0.0,0.0,0.0,0.0,0.0,0.0,0.0,2.0274732957697355,7.175875860969774,5.968403759899174,0.6526106321404574,1.0117023998029975,0.7605148777569694,0.7878506931020784,0.7606467036767762,0.8394890882986782,0.7578264102158183,0.6279792919881998,1.0321655003820567,0.7202209622573357,0.9391060353929749,0.0,0.0,0.0,0.0,0.0,0.0,0.0,0.0,0.0,0.0,3.0954722917674884,7.209061141693224,4.896378305420359,0.964906733284229,0.8613063569494315,0.9080372837114736,0.762250885369961,0.9004025842029123,0.7034974322535198,0.8871951057222431,0.9356984139315877,0.6160577419192544,0.699434297206065,1.0568263879372466,0.0,0.0,0.0,0.0,0.0,0.0,0.0,0.0,0.0,0.0,2.610093629451856,6.46278424835932,5.754907795841063,0.9669226832847713,0.8711703075835062,0.8724518971716342,0.8319020661287252,0.673169573947454,0.7629829490582934,0.9536943896610511,0.9397389900566879,0.8042844896347296,0.8441630443216351,1.1022551521794346,0.0,0.0,0.0,0.0,0.0,0.0,0.0,0.0,0.0,0.0,2.813926908782923,7.09235145734295,5.1603399221291015,0.802829383503399,0.9668279743227385,0.5704216004253042,0.9242437316564561
6.953634001698977,1.1543857704121,0.7709475233973591,0.9017666149384681,0.6997741815428791,0.6160265065659194,0.42483003852429757,0.0,0.0,0.0,0.0,0.0,0.0,0.0,0.0,0.0,0.0,2.376705503075085,6.33789586549239,6.724773657881896,0.7110314437093936,0.8272820399955876,0.6176512674660253,0.9323268557803553,0.8280666344024001,0.8840249479052942,0.6648386846493313,0.7907611096492895,0.8050968666511447,0.2741541876089437,0.8505262764176441,0.0,0.0,0.0,0.0,0.0,0.0,0.0,0.0,0.0,0.0,2.548463741396035,6.646721645027668,6.680096878822263,0.8128080903887417,0.73585255280759,0.8917516812195697,0.647920166066401,0.9144129844036417,0.702946610395757,0.8556355647656531,0.887328835859821,0.7852959264025365,0.5767013141402242,1.0280017736348688,1.5453732013545518,1.0918829810339084,0.565428002957745,0.0,0.0,0.0,0.3611293203697379,0.03108132124810106,0.0,0.0,2.5835227924222024,6.5856148747960335,6.618755030014317,0.8773461659380717,0.7600537329451417,0.8347973225504712,0.8298760412732504,0.710360987009865,0.7821303802928701,0.607741074475578,0.9247077703711086,0.7278105975689677,0.43957925279855203,0.5823356633169832,1.6808764322567136,0.7921878561352771,0.5420979480060257,0.0,0.0,0.0,0.0,0.0,0.0,0.0,2.806114152316749,6.8245833811404575,5.935896560843239,0.8224789262717543,0.8134771512486125,0.8543710643181394,0.5434262244828778,0.7512230732028284,0.6886015626474835,0.8368261341894847,0.7096462781144098,0.8491581201509362,0.5719622388582735,0.603815457912523,0.0,0.0,0.0,0.0,0.0,0.0,0.0,0.0,0.0,0.0,3.120903167901894,6.497021838539895,5.771084291220794,1.2343321388588504,0.7172558521007932,0.7616801367346142,0.8667414019084846,0.8598236972219732,0.7730331794906101,0.7251867637771844,0.7614309220303984,0.8628080405416336,0.39054764885095383,0.8071195633026209,0.0,0.0,0.0,0.0,0.0,0.0,0.0,0.0,0.0,0.0,2.494316692928287,6.323365067301203,6.380584107046111,1.2172358608028804,1.0299233061861284,0.8313941310825296,0.7068322993147563,0.745684826853309,0.8796599861132388,0.7192456143013598,0.7003060450525024,0.8450999298982446,0.7597519700637566,1.0112740130564721,0.0,0.0,0.0,0.0,0.0,0.0,0.0,0.0,0.0,0.0,2.5773302004684124,6.953634001698977,6.216358990823637,0.6922842746885973,0.9457400188019232,0.7035457508967071,0.9273251956308869
6.633491970365243,1.457041253293354,0.5874015074379068,0.8449830716963684,0.6757509863894487,0.679522597939681,0.4339809070576157,0.0,0.0,0.0,0.0,0.0,0.0,0.0,0.0,0.0,0.0,3.045894373176396,6.512478123634643,5.693611622407701,0.8741221035807644,0.678212082125587,0.7971583451590839,0.7748291938393538,0.4659888814717994,1.0816440269347332,0.8118517433061664,0.8122850844272285,0.5808411609426319,0.8589485165204709,0.7222692754632491,0.0,0.0,0.0,0.0,0.0,0.0,0.0,0.0,0.0,0.0,2.483443490956655,6.36354995173243,6.409619896394734,0.6026033477056322,1.0069253101293225,0.7003562090096402,0.8047632802579521,0.6300286655458159,0.8421269291399716,0.6573727698283197,0.8394948393160754,0.8174355691995464,0.4804971468515733,0.9985266295965468,1.303756967672196,1.0120062972956774,0.6542418105216097,0.0,0.0,0.07346952522080186,0.5182959250002863,0.23722427026336135,0.0,0.13421621310115883,3.007720445899685,6.81938759378506,5.499621815976185,0.9251667702214262,0.6745347940637719,0.764995180608817,0.7162638867475365,0.8837260376017277,0.6089024259315454,0.9330989851386322,0.5958909676582563,0.7707168010186092,0.7080373079485109,0.6865225022730161,1.176588130364352,1.0208354811538163,0.7968426247280701,0.3835843235974232,0.0,0.0,0.0,0.0,0.0,0.0,2.90069205834965,6.81938759378506,5.678279146269045,0.8229927564221583,0.6760341259345383,0.6592819365326744,0.8621434088114491,0.8492256280065786,0.6993184891562401,0.8597369834806586,0.741298121135651,0.6807008168507522,0.7524873381003119,0.46847147727294397,0.0,0.0,0.0,0.0,0.0,0.0,0.0,0.0,0.0,0.0,3.2983358937595595,6.1415499215719995,5.834793928682407,0.9261022482811406,0.726875987323387,0.6742877300921168,0.8197371564717975,0.7008253792663055,0.7543080973714725,0.9935328474824919,0.6369379970155016,0.5376737391826517,0.9015829557033607,0.8677455396155551,0.0,0.0,0.0,0.0,0.0,0.0,0.0,0.0,0.0,0.0,3.004278886910451,6.47677814757019,6.067958110973348,0.8945333293667593,0.6372341401718382,0.912840745843615,0.8748250128398356,0.6909546043876962,0.8733298812555471,0.5181162311869066,0.879848770959528,0.626022778023405,0.5704320607244919,1.0179796737032651,0.0,0.0,0.0,0.0,0.0,0.0,0.0,0.0,0.0,0.0,2.9460122911204785,6.526822414464055,6.0632280296757095,0.8384647946556368,0.8424616256149996,0.8522043878704754,0.9623462951863218
6.145869576087478,1.9250186048409283,0.6522011232374928,0.6371104516240765,0.5939493813136106,0.7660449846252668,0.4417010965423067,0.0,0.0,0.0,0.0,0.0,0.0,0.0,0.0,0.0,0.0,2.675962660200811,5.90536919023716,6.23712325132402,1.3731822470312793,0.4061816782689252,0.8982444417557444,0.5570027743801566,1.0018145806074408,0.5438727953604189,0.8852995812489551,0.7862650915073588,0.5146438805799414,0.0,0.8305923065091694,0.0,0.0,0.0,0.0,0.0,0.0,0.0,0.0,0.0,0.0,2.5466623902920005,6.06931231833186,6.108576817697269,1.829750298788357,0.40912274082599015,0.887268182730927,0.6267212618541855,0.9109349893855758,0.7553179360892239,0.48023555033705057,0.7383900858495671,0.5548716193449279,0.4586473994249196,0.7980997062209347,1.2147948647173348,1.0138647935708038,0.575469370849874,0.0,0.0,0.06042310003073471,0.5633646437916444,0.0,0.0,0.054854224111892336,2.727518022881242,5.615633939866803,6.2819681006028985,1.204896777254417,0.6485541899985479,0.6928166963810207,0.7848995676513286,0.6285648944639884,0.7293366317140006,0.6535437190677049,0.7217225088198417,0.8087846231381239,0.4933905959051689,0.6948358445596239,1.0786031750276017,1.3029633741503197,0.6187206293603051,0.0,0.0,0.0,0.0,0.0,0.0,0.0,2.9467742838659943,6.046820425354203,6.283209726352973,0.9838119932530666,0.6707535398251974,0.713915306986886,0.7152304992096691,0.6717362112382342,0.8575610816905972,0.6682087456822486,0.6710788585586108,0.6228821132712217,0.691286178143223,0.5227701001059476,0.0,0.0,0.0,0.0,0.0,0.0,0.0,0.0,0.0,0.0,2.9147669582473594,6.323282837607211,5.859633979561471,1.2021700140736773,0.6357556182915202,0.9518698816823284,0.8208895807381321,0.8301619626228666,0.7831989070226532,0.7612301824986143,0.7743297574240112,0.5746670421639843,0.44896757444085594,1.0234861561366217,0.0,0.0,0.0,0.0,0.0,0.0,0.0,0.0,0.0,0.0,2.4857153360889908,5.103159108108728,5.555435881060149,3.1125731699167245,0.8254337118651027,0.7010227876625929,0.6886871494908394,0.642180261405472,0.8170767833246966,0.6730223820319914,0.5574730203274713,0.7099879776081391,0.6912599349260813,0.7513828779162863,0.0,0.0,0.0,0.0,0.0,0.0,0.0,0.0,0.0,0.0,2.913034748714937,5.998697213011284,6.010331154799125,1.1162872235001329,0.7726386925433394,0.7871430169284684,0.589684859871256
6.116334717382217,1.6829722892668242,0.9019606951311786,0.5935790129763143,0.7089880419972558,0.7661144283122627,0.9122611464054787,0.0,0.0,0.0,0.0,0.0,0.0,0.0,0.0,0.0,0.0,3.2427393273793728,5.621967977845171,6.116208791916908,1.1096078659697628,0.6973012995568062,0.8829188543946029,0.6607678735786358,0.6764652452622568,0.6993532271280379,0.718790383763552,0.6924560576650579,0.6722240993093282,0.4635312878558666,0.9375191541831054,0.0,0.0,0.0,0.0,0.0,0.0,0.0,0.0,0.0,0.0,2.5855273160589363,5.858947272329852,6.057774057850392,1.6490407531523965,0.5939657103930293,0.6027143527133698,0.697561089844633,0.7175219303409295,0.800210648892096,0.7232350894250151,0.6297062187148422,0.8110584660122783,0.5170554851853375,0.7117842475445372,1.1895579293320047,0.9791551432545749,0.8866003897886792,0.0,0.010208027563129773,0.3744192187210275,0.6586600756122625,0.3234688495544746,0.00041461374754625524,0.3691463612623879,2.9231776553014956,5.735326413441458,3.427909631559004,0.7617334235631001,0.6432647721679563,0.7109478265602952,0.7019013856858188,0.5976861951461638,0.6960280107168726,0.8445794888359458,0.7586851824363365,0.7263678683119005,0.5091623457967211,1.0442985862470031,1.2387128099703828,1.110264619089394,1.0896387849559819,0.5868079062907029,0.0,0.0,0.0,0.0,0.0,0.0,3.170363697748467,5.791959255063248,5.994170418797557,1.2931987107702694,0.7478278320333208,0.620429650975327,0.6499026802801892,0.6853429272214987,0.7176502090160076,0.6001130984123972,0.7983861889488002,0.7347302509582184,0.7421000176593804,0.7057455155225715,0.0,0.0,0.0,0.0,0.0,0.0,0.0,0.0,0.0,0.13812779538982944,3.1865609532519055,5.471480378380572,6.050445561422557,1.4288644518638662,0.7136254855069262,0.6934838773024219,0.6382252846588372,0.7021609287127382,0.7674301966133658,0.7394835596701201,0.8260010286471776,0.7246001078221818,0.4121379684612737,1.0957751849762267,0.0,0.0,0.0,0.0,0.0,0.0,0.0,0.0,0.0,0.0,2.8505128262123307,5.817418383980476,6.033983311572029,1.683772918689528,0.6890551770236785,0.7246330174519966,0.6503677821644679,0.566036426988632,0.7578048989436924,0.7016618524642406,0.6099525196770007,0.5975477870635477,0.21882542557308685,0.6705297713834844,0.0,0.0,0.0,0.0,0.0,0.0,0.0,0.0,0.0,0.0,3.132636405779069,5.887797673803323,5.9052920131430495,1.2590260376467444,0.8256636387814751,0.7143084776610279,0.4609867451051372
6.114313981864552,1.730196632371009,0.7649696370659153,0.5317503553617382,0.830252276261955,0.7342243352438867,0.0,0.0,0.0,0.0,0.0,0.0,0.0,0.0,0.0,0.0,0.0,2.577867925086877,5.656370520147239,5.885165786511638,1.8904412493492224,0.7205245407013986,0.636730027098407,0.7931140988951945,0.6432681255151734,0.7473427659010927,0.6203469751133516,0.6138874932325075,0.8300735160349813,0.40524489072064146,0.8330478896377036,0.0,0.0,0.0,0.0,0.0,0.0,0.0,0.0,0.0,0.0,2.353326759782582,6.0805079724681255,6.041443112274914,1.5099976208269432,0.8989408930611508,0.44104320259981367,0.7594812887244873,0.683460377356415,0.8592666422684276,0.8390968324526729,0.6827937770214594,0.7789203199917373,0.6919549103516038,0.8803040088437353,1.0861025112271523,0.8346325616774424,0.3306037742061143,0.0,0.0,0.0,0.22026969634573138,0.0,0.0,0.0,2.6912336177329603,5.8287937579028855,5.999659420897449,1.619026098302461,0.5148699670320318,0.5736579589883738,0.8284454282942979,0.8026692872562938,0.699911042331153,0.61496653565465,0.7201770694559954,0.6394445629074517,0.7769616898434953,0.9411914364402751,1.3153838637220172,0.8353267577536911,0.5117879452732321,0.0,0.0,0.0,0.0,0.0,0.0,0.0,2.6630280632756875,6.143627580239535,6.143627580239535,1.0370959443039498,0.6150119444855184,0.7662306568908513,0.7207249869214848,0.498183654624583,0.5668506485230916,0.8077040977046407,0.8614079716547841,0.7466495272445555,0.6839706916248101,0.5380270563630116,0.0,0.0,0.0,0.0,0.0,0.0,0.0,0.0,0.0,0.0,2.813471685158124,6.060444119870722,5.541765852356117,1.6185229389933735,0.6195870915856402,0.7388960573401699,0.5342747680487584,0.8404449074270648,0.8258143553985384,0.6035212508785563,0.578217379009171,0.8021367966862294,0.428387916352677,0.8857346891349621,0.0,0.0,0.0,0.0,0.0,0.0,0.0,0.0,0.0,0.0,2.3695277525826963,5.877443058585086,5.807516663947336,1.8816536787989493,0.7128052931797833,0.6696689676282327,0.6755972373722278,0.6891841719631147,0.6745467494791418,0.6837630541553611,0.7048193592171611,0.8234050415173579,0.7014516676625174,0.8965470750301944,0.0,0.0,0.0,0.0,0.0,0.0,0.0,0.0,0.0,0.0,2.242879211285029,6.01371921836208,6.143627580239535,1.5860389912685147,0.7110123200736046,0.7799877325737788,0.5450831233560494
6.261015383943863,1.6384944718179202,0.7749108152323505,0.8566533965704475,0.6214338414515279,0.7448697745561751,0.2953823319875548,0.0,0.0,0.0,0.0,0.0,0.0,0.0,0.0,0.0,0.0,2.619770409296568,5.940176983851884,5.789968152255943,1.766071903971471,0.8406739675122679,0.500347325061148,0.7588916339050702,0.7974458170035026,0.7038308764025896,0.7010649462173464,0.6202198432900111,0.9109083046269713,0.3393031709449594,1.1263612923903072,0.0,0.0,0.0,0.0,0.0,0.0,0.0,0.0,0.0,0.0,2.528200289942011,5.879126444548343,6.28559371951934,1.3314124529391866,0.6562917239017241,0.8597274412104342,0.6332036891084233,0.5946570459333649,0.8492163680022102,0.710238403114212,0.41569235769997154,0.7477187147242091,0.4465735088346612,0.9444147077765548,1.4051305823041123,1.076074797841441,0.3841072540776018,0.0,0.0,0.0,0.17382385267015615,0.0,0.0,0.0,2.5054544475831526,5.547496524615013,5.990078296638916,1.807516352069398,0.7800701379214388,0.6932907809947718,0.7220395134973442,0.6083819679382142,0.7752585118295966,0.5853320928197568,0.9274007956778973,0.7782095064058955,0.6215425512033828,0.3806901785825632,1.3566643730469439,1.3142021475229142,0.17326754882214984,0.0,0.0,0.0,0.0,0.0,0.0,0.0,2.8497014773795613,6.134722187476616,6.185447400451142,0.9211253007176329,0.5693717219084342,0.7320204560881112,0.6271092161401381,0.7440464351126118,0.6031583351049631,0.6863668924177113,0.7496088541775452,0.7488165929631371,0.39339315901896293,0.5949281817716761,0.0,0.0,0.0,0.0,0.0,0.0,0.0,0.0,0.0,0.0,2.8536689085740394,6.28559371951934,6.193826931575862,0.7192464369947571,0.6833469941436762,0.7790044435228731,0.7381348177349749,0.761790188801823,0.6439681722920954,0.7964148510010651,0.8008934730177157,0.6842647494660333,0.4615290165134985,1.1087812786221127,0.0,0.0,0.0,0.0,0.0,0.0,0.0,0.0,0.0,0.0,2.651785843819155,5.114770036447118,5.706987689921916,2.2266927244787897,0.7731069156407571,0.7293278098824517,0.7436649642740013,0.7285039766102885,0.8279335321571782,0.5438494396054481,0.8662614341027763,0.7760116074644322,0.546447347192972,0.9886172127377019,0.0,0.0,0.0,0.0,0.0,0.0,0.0,0.0,0.0,0.0,2.9103757774732033,6.175897222931339,5.779553299721955,1.297061600844001,0.7939664318820966,0.7113471000762128,0.6364582243086833
5.9854641978418055,1.9725755171806374,0.7334110980074561,0.7224079455179621,0.7566216468455467,0.549772136068676,0.2573393863531974,0.0,0.0,0.0,0.0,0.0,0.0,0.0,0.0,0.0,0.0,2.577710021627242,5.9844417817473685,5.950651329259504,1.557720437791595,0.8061996362128958,0.8732300365132142,0.6477421832529872,0.6621613259079338,0.6541330123431671,0.5138619246222599,0.7242421604206613,0.6445989775956422,0.30776065347338444,1.064515675890048,0.0,0.0,0.0,0.0,0.0,0.0,0.0,0.0,0.0,0.0,2.46461101709746,5.596788839625635,5.541979577923619,2.539796395049017,0.6418642070984427,0.6066866043106514,0.569592347431854,0.6037459131757478,0.6820720567484114,0.5494867716484777,0.7175289171789367,0.6781278100638726,0.29123793850254387,1.1615550207029368,1.230431359919626,0.9544649156245235,0.5870787308145475,0.0,0.0,0.0,0.09204109260766735,0.0,0.0,0.0,2.5832926755896577,5.314726216614688,5.907143402120135,2.1040948687735215,0.7173224797617612,0.6115421093013376,0.6897508046606688,0.6211713357715014,0.5882018135429098,0.5747795682996137,0.7021032759652424,0.7974301605175914,0.5977658253794148,0.9184984155296666,1.4142106615048458,1.1599609316877206,0.7030216628735655,0.0,0.0,0.0,0.0,0.0,0.0,0.0,2.883266908549496,5.888525730056022,5.821092734273904,1.4389173742840757,0.921127896302875,0.7372940089441211,0.6437070424809376,0.6448294977392657,0.596445868056301,0.6829290914311087,0.6494134899605316,0.76652720400212,0.6401570517889809,0.19360107331994747,0.0,0.0,0.0,0.0,0.0,0.0,0.0,0.0,0.0,0.0,3.0286485795423266,5.999288976444911,5.68262429813824,1.4264956457510385,0.5581558385881246,0.5840851852702899,0.7376245459762122,0.6904913410876174,0.6232616849351134,0.736487438263745,0.7998034517180141,0.6053282943502013,0.6685411351187202,0.8070498364459663,0.0,0.0,0.0,0.0,0.0,0.0,0.0,0.0,0.0,0.0,2.717378158787764,5.592589331404938,5.555776955878629,2.154710445030812,1.019044390080218,0.5920864839945932,0.63817659764287,0.7750955901463297,0.573833807522928,0.7454572236628513,0.66967437105242,0.7326807098027045,0.7282209542250014,0.8287440440563061,0.0,0.0,0.0,0.0,0.0,0.0,0.0,0.0,0.0,0.0,2.630247767432068,5.769211302521583,5.6767782099977335,1.8161927229211634,0.9242451253512312,0.6616151644267847,0.7098514361897448
5.613433211352649,2.247474652193605,0.6489734484483741,0.677560958378266,0.7080153512145184,0.6207704099782242,0.5870422160526961,0.0,0.0,0.0,0.0,0.0,0.0,0.0,0.0,0.0,0.0,3.174291736918075,5.611988979354751,5.636214854474254,1.7016669372286133,0.5620681254060796,0.5711661503987049,0.8345549267458551,0.6617991235248185,0.6311443899110524,0.6811257010951356,0.6145029250356577,0.7647149292468941,0.06741046995027022,1.123863527256054,0.0,0.0,0.0,0.0,0.0,0.0,0.0,0.0,0.0,0.0,2.6541151090701947,5.703092226268253,5.584948027187351,2.052570540270503,0.5726432136381506,0.7618902485407533,0.6042046663185383,0.6314731534394383,0.6557638198831328,0.720048373030071,0.6738703980657577,0.7420253621955281,0.1451657153928283,1.0653921344178245,1.0836267997222517,1.1345957814176373,1.040443143071844,0.2256211955912022,0.050243366862679224,0.442295824090691,0.9088721549629213,0.46455207699522916,0.1276471543700077,0.22277121384916884,3.206892048099866,5.26824923083908,2.1882507568527623,0.6555021357696799,0.47723195750215214,0.7282307075679532,0.6415647702086547,0.5990565421567015,0.8171946418029485,0.6826905390470646,0.5230721432846067,0.6411678415213454,0.4185323923775208,0.8062946025830193,0.9470867771299546,0.9735803703676549,0.9995665170579606,0.2373887652991488,0.0,0.0,0.0,0.0,0.0,0.0,3.338042407448467,5.459069890927786,5.57701751646205,1.84060622258253,0.6408135933684193,0.5959732616818643,0.4387649319724016,0.8155946164702689,0.5661363903431197,0.6721237249822208,0.4924473259585277,0.8751018418718284,0.19625156115111708,0.7062800646620347,0.0,0.0,0.0,0.0,0.0,0.0,0.0,0.0,0.0,0.0,2.7012678049458367,5.362157297467606,5.021651093388364,2.806165153109937,0.53733885700252,0.7577186195651109,0.830511247300755,0.6041720213882952,0.651751313747148,0.6859908813086106,0.5940224849501071,0.605862931491217,0.47706751590841767,0.9201297339744505,0.0,0.0,0.0,0.0,0.0,0.0,0.0,0.0,0.0,0.0,2.882430577008041,5.254934092446925,5.123490205320334,2.8463458584721244,0.8495081708552878,0.6403230698378154,0.617652968509501,0.663512064073077,0.7260475073488961,0.5080454711716803,0.6673192755825115,0.6096238318961152,0.6506184547667271,0.7222447365758939,0.0,0.0,0.0,0.0,0.0,0.0,0.0,0.0,0.0,0.0,2.648410396857815,5.537180133609636,5.653310460541745,2.233919818305168,0.8154756853800915,0.6502568198564321,0.5911120917959021
6.181949776906256,1.80796605739551,0.7105305123298573,0.6799544992087619,0.4523742214664475,0.7976765755588756,0.7229652350688391,0.0,0.0,0.0,0.0,0.0,0.0,0.0,0.0,0.0,0.0,2.7477188914194954,5.916837271090911,6.123459470609345,1.3833592852039975,0.6695051608389477,0.6667406643341675,0.7074266671796087,0.6369685356065415,0.6930009028747499,0.7402957704485403,0.7683886663650131,0.6110885053050653,0.37688083687541996,0.9528424356780265,0.0,0.0,0.0,0.0,0.0,0.0,0.0,0.0,0.0,0.0,2.426272080602371,5.8323225985877105,6.056363254463765,1.625484118072598,0.6035814102485986,0.85504309049149,0.648457907317319,0.6524534058035613,0.6336714665716541,0.6443607109750877,0.7645590066029283,0.7218788136459868,0.6622029952476685,1.0231741736451299,1.0210554081256114,1.0555083634406746,0.38925915937161726,0.0,0.0,0.005460571471884279,0.22461252691462996,0.0,0.0,0.0,2.4275707873348993,5.67654460954898,5.760893314517652,1.881465658025489,0.4779148941370055,0.7344622706639717,0.683893371822541,0.6200290898689136,0.6784459148838369,0.5403287486272329,0.9430144425373701,0.6546369772921988,0.5679457101181178,0.9487246577681029,1.244270874373098,1.2252372727691305,0.6974836462856868,0.0,0.0,0.0,0.0,0.0,0.0,0.0,2.5725676987851616,5.780554478082017,6.181949776906256,1.32471020989634,0.6289286904744777,0.7365899142838956,0.8180763935207968,0.7029128005866591,0.5098724433773599,0.6739091505100574,0.7101888915633476,0.7506768726992448,0.7789691200367896,0.687216724379959,0.0,0.0,0.0,0.0,0.0,0.0,0.0,0.0,0.0,0.0,3.2096034094989117,5.30983724607001,5.895210403904211,1.4366849889253361,0.7631276813111882,0.7057320432355916,0.6813098753721463,0.5165502510049957,0.726036714392608,0.5947582427194757,0.8625074586231021,0.7278104549023863,0.5110602820212417,0.8552794195736332,0.0,0.0,0.0,0.0,0.0,0.0,0.0,0.0,0.0,0.0,2.5703382149819607,5.872797302130521,5.974622610130152,1.5042376779152087,0.6474456113349059,0.8350160321045204,0.41691449539336994,0.6064569525666111,0.7633725330116805,0.6487288563978898,0.650275574109035,0.7498154382796388,0.8004697369387839,0.9373652425680733,0.0,0.0,0.0,0.0,0.0,0.0,0.0,0.0,0.0,0.0,2.920751370951404,6.044415956719189,5.908052554606755,0.9353588121548354,0.6357802882343572,0.8493604515812043,0.767663384881671
5.6650177610844485,2.213746657263866,0.7926289883136445,0.5598575235606985,0.7001599110926919,0.7434225174071701,0.32392331169318356,0.0,0.0,0.0,0.0,0.0,0.0,0.0,0.0,0.0,0.0,2.9725972643679306,5.539635473240194,5.55191895640804,2.0850200073945744,0.6517674333017055,0.7977552742976745,0.7062302489652875,0.6885103032248068,0.7945480919014168,0.6683212463429643,0.819191024572906,0.5793228286817497,0.7450077078679254,0.7612128932929414,0.0,0.0,0.0,0.0,0.0,0.0,0.0,0.0,0.0,0.0,2.6329904225936236,5.79053533362026,5.593778586648818,2.3019091438526105,0.5498222208317431,0.7490516580905614,0.7076710991517456,0.563881012000033,0.6420154934614288,0.8012608037934519,0.7839241990260727,0.6009328655370577,0.7811237074821945,0.852951718954533,1.0444008594388887,0.9017587727791341,0.692746596641564,0.06319124754404372,0.0,0.0,0.30977193158695737,0.10891332837678114,0.0,0.0,2.5035122590519796,5.277339560532657,5.873952492558426,1.7708673101757282,0.7892056682058963,0.8244600645168528,0.694450092610492,0.747090516612501,0.59080385680529,0.706796500183986,0.8866550833366522,0.41189948925518544,0.6493211265720675,0.6686405184253322,1.1907921253523388,1.1208746612659297,0.8688971313793452,0.2814854878581438,0.0,0.0,0.0,0.0,0.0,0.0,2.710053151060296,5.346732871276681,5.9290463628585135,2.1300712980910785,0.7956756497032487,0.7085235398401514,0.6778746708681921,0.6286023698520302,0.7486814073650232,0.6720972450072753,0.7156401889664118,0.7566471041730551,0.6583808115294975,0.6712235914342878,0.0,0.0,0.0,0.0,0.0,0.0,0.0,0.0,0.0,0.0,3.144330596700819,5.607488831101694,5.85102493342461,1.6559308872677974,0.5783749234834783,0.7757488026924022,0.8107994498974301,0.7451870936822635,0.6339356553736869,0.62105011274213,0.5700133041007654,0.8193919389411626,0.48088044845594174,0.9322643577424238,0.0,0.0,0.0,0.0,0.0,0.0,0.0,0.0,0.0,0.0,2.5347020732492753,5.328130911820788,5.789101005975112,2.7210326553124555,0.700968590960482,0.45439800634733873,0.7339121661175261,0.5767907488667569,0.4340618312818911,0.8346320226871005,0.5674121873614966,0.5674918004285605,0.7315702082965108,1.0331421505412068,0.0,0.0,0.0,0.0,0.0,0.0,0.0,0.0,0.0,0.0,3.114234857204067,5.485627355864359,5.5982065214362695,1.9210747455756312,0.6308080138658224,0.7686931800383466,0.5454465256461741
4.845813200411109,2.7915372692641136,0.6252894091244003,0.6757828855369405,0.5858894159581232,0.5258066710952966,0.7285265466117155,0.0,0.0,0.0,0.0,0.0,0.0,0.0,0.0,0.0,0.0,2.994960069480549,4.750267824969939,4.623949576364457,3.458012210882483,0.2912316013931782,0.7195804383808233,0.5844254235341066,0.6417540266851314,0.587303942212253,0.4768392906126636,0.4974766702444373,0.46900109301083254,0.541689887933189,0.5539350159005465,0.0,0.0,0.0,0.0,0.0,0.0,0.0,0.0,0.0,0.0,2.5618983256291896,4.881081404790167,4.641896253221109,3.5246375630527518,0.6273968342278649,0.5762950197749429,0.5857786257297858,0.3770953134636921,0.6470745925592645,0.6262628198490705,0.6832757717494865,0.5604985171026733,0.6485333268905702,0.7856156692440804,0.9601763694053015,0.7774786697426013,0.217994885337907,0.0,0.0,0.0,0.5079795551927283,0.1333510059168752,0.0,0.0,2.782731318991412,5.047119179474596,4.7959158696774775,2.7153905406554415,0.6804406468987859,0.6000173722435558,0.45305612623125724,0.6261300233057628,0.48378586978201377,0.5510751813097173,0.4594471539132163,0.6140575974562185,0.3961419580429068,0.7196130509185661,1.1260641318963913,0.7673231158478495,0.8589104782816026,0.23458980199988652,0.0,0.0,0.0,0.0,0.0,0.0,3.0428760147108145,4.973384202408773,5.086076435118745,2.624684546265348,0.5658239982997879,0.5362783561955544,0.5250659959924509,0.7229398328158112,0.6174658623767534,0.6659135194678911,0.6238658423586244,0.6752350714021448,0.5410493583967959,0.7716751888796565,0.0,0.0,0.0,0.0,0.0,0.0,0.0,0.0,0.0,0.0,3.0899698647409988,4.639724768640837,4.260149742947435,3.497049846815279,0.6881550012854472,0.6078882235690031,0.3911020154673674,0.7025956649194636,0.4712766283325954,0.5893140203213163,0.5604389837281021,0.574187057512674,0.2985985318434161,0.8876196072014609,0.0,0.0,0.0,0.0,0.0,0.0,0.0,0.0,0.0,0.0,2.8466383142337235,4.68330848471698,4.86796898003197,3.4633902749015744,0.5218620292273718,0.6594398164373542,0.5873120584436443,0.47365573000580014,0.3173378966637125,0.6090539645138738,0.6306526719877636,0.6705186666129683,0.4239690817955563,0.694449529653287,0.0,0.0,0.0,0.0,0.0,0.0,0.0,0.0,0.0,0.0,2.9383949538472254,4.935595810897275,4.829717314321942,3.0063094709736906,0.7803592687899694,0.5343355729590065,0.48945680691434407
5.039534394786493,2.791381762649086,0.47144119190202266,0.5293913896972683,0.6323980911419699,0.6610520920490973,0.44550786133023035,0.0,0.0,0.0,0.0,0.0,0.0,0.0,0.0,0.0,0.0,2.831931959202116,4.355967641074283,5.187438321873712,3.475349623996259,0.595513980839976,0.49883518015779515,0.5049729875003973,0.7033132053054912,0.5455043973823316,0.6131722857935866,0.6081962005631205,0.5608321922052353,0.5865371754755178,0.6155761378315558,0.0,0.0,0.0,0.0,0.0,0.0,0.0,0.0,0.0,0.0,2.7228901246582486,5.219409704506555,4.925639361792333,3.1324208719809654,0.5842596598643182,0.3249814339796649,0.7521664303914064,0.6346662184044363,0.5996178207199565,0.5983727046165219,0.6182594442220225,0.7660845621405873,0.12729365229308698,0.990685789864646,1.0410748643902403,0.9066546667051314,0.6095041641383965,0.0,0.0,0.0,0.3032875948100848,0.0,0.0,0.0,2.7526723936663586,4.719575370552093,5.177808387345746,2.470409317454796,0.6280894260971744,0.642090152448339,0.5609853118339007,0.5169290724582313,0.6137588425387243,0.6618986217286162,0.5105167604334323,0.6514108299514683,0.49285645627537134,0.3455621449760818,1.3017551977576394,1.0717083805803878,0.1737420886544374,0.0,0.0,0.0,0.0,0.0,0.0,0.0,3.026626824899953,5.219409704506555,5.011751793875871,2.863734023341669,0.48457943489052574,0.6775512032220133,0.6164032907409762,0.4697655723809855,0.7184892880200096,0.5026948840845662,0.6034333199784624,0.49003217590234066,0.38292781464295067,0.8877794675417925,0.0,0.0,0.0,0.0,0.0,0.0,0.0,0.0,0.0,0.0,3.123521272523499,5.1297003698006005,4.881663829541021,2.8241530249865887,0.539746441713195,0.6646224322144841,0.6386831824032438,0.5140587027096235,0.48625518349141994,0.681476051782539,0.48774257482580663,0.7029884449127488,0.047161325482091954,0.9858348779891306,0.0,0.0,0.0,0.0,0.0,0.0,0.0,0.0,0.0,0.0,2.902969371318523,4.620137710612328,4.573018154544585,3.7114156734198818,0.6884193203338402,0.6242924842647332,0.4369799032958657,0.5112272449661552,0.4501758473152718,0.8516883269843443,0.5386496363653152,0.5790803331992851,0.598196886714562,0.8034024204577384,0.0,0.0,0.0,0.0,0.0,0.0,0.0,0.0,0.0,0.0,2.8961765742950774,5.20411518985334,5.219409704506555,2.5004355897248307,0.7668092282977985,0.5891329560777495,0.32141703390176307
5.250556430220736,2.5491488075928275,0.6219324641401225,0.6763280406745712,0.6187014743144694,0.7336633230271831,0.5852706021258651,0.0,0.0,0.0,0.0,0.0,0.0,0.0,0.0,0.0,0.0,2.540186035225497,5.253116001118096,5.459144568267097,2.2359201586667026,0.7988830465193824,0.39958803415421557,0.7203039148089307,0.538065603611296,0.5692867198303022,0.6253378493386915,0.5604986627489628,0.7018891486468471,0.5356499038290838,0.3636898714555148,0.0,0.0,0.0,0.0,0.0,0.0,0.0,0.0,0.0,0.0,2.420138359084719,5.417732286646594,4.903342484460971,2.966947749617867,0.5932859099196842,0.5386484855422684,0.442392553144517,0.5535778071408924,0.6513883478009029,0.6044972281864577,0.30795298322951653,0.7719837018197008,0.3794372676532519,0.8968316982484228,1.1593367042248004,0.8595858136139718,0.6548111521036475,0.08100003498023511,0.0,0.0,0.6256926451648471,0.16894128761823823,0.0,0.03943874494461497,2.9648933973421183,5.459144568267097,5.0768753856729925,0.7406338304004395,0.7103712086684942,0.5829971469454064,0.5526357755378951,0.6397082453503291,0.5696626126015827,0.6106802583701595,0.5792317323679235,0.6272305853067153,0.4726716073761801,0.7382193879300702,1.2196597465217365,1.0142654049789215,0.9025254011142287,0.0,0.0,0.0,0.0,0.0,0.0,0.0,2.8742480421752443,5.247520260076854,5.427232230677274,2.1981478765777784,0.6147540160496148,0.5066141495115299,0.6407691535638069,0.5884556794752643,0.6337459073897397,0.509021158470737,0.6551903062763386,0.6106145742023764,0.46788476047792016,0.2999759812195598,0.0,0.0,0.0,0.0,0.0,0.0,0.0,0.0,0.0,0.0,3.0448438713978905,5.086433891580222,5.394053035796442,1.9435384563014995,0.7345097395168949,0.5634946169577049,0.5908128378360111,0.5704519243163967,0.5094558837200786,0.796837491649224,0.4257385895803903,0.584046596005467,0.5660294419983083,0.9974002062981226,0.0,0.0,0.0,0.0,0.0,0.0,0.0,0.0,0.0,0.0,2.97765494556357,5.185845352287617,5.231363250620134,2.289938434971278,0.6483385264812618,0.39932807901642453,0.7100691541743087,0.6353782235873578,0.49140847408102706,0.49157113567740734,0.6982424919518485,0.526334300903115,0.5830280973791717,0.9330390645759773,0.0,0.0,0.0,0.0,0.0,0.0,0.0,0.0,0.0,0.0,3.1449545934020238,5.314096480274522,5.397527479725635,1.7997290675915756,0.5131762906907276,0.9239556213174249,0.5616808633009812
4.606403660278223,3.1603054931469954,0.6444140163028983,0.5290499628183937,0.6024601180133454,0.49567093306801213,0.2991686347901199,0.0,0.0,0.0,0.0,0.0,0.0,0.0,0.0,0.0,0.0,2.6687486605953694,4.976920520472381,4.7084493469269075,3.4443960317102986,0.605420958711933,0.5425320028836417,0.612492684433806,0.6653277289066737,0.5896502421077742,0.6369163168034329,0.28004332450913927,0.8211880933841966,0.4432890045020963,0.5235000538282744,0.0,0.0,0.0,0.0,0.0,0.0,0.0,0.0,0.0,0.0,2.5881404980123452,4.2999748447162505,4.897073901233621,3.858010776617561,0.5755329495317585,0.657171525587137,0.47868744208210134,0.6658814687559529,0.4412601340659806,0.5936513120697182,0.4540901836081071,0.6709496682410976,0.48231976726416614,0.6648969435884978,1.1626931793969213,0.9419067492328548,0.4710624189547464,0.0,0.0,0.17657027506243678,0.41775265237418324,0.0,0.0,0.07682436615709243,2.7841250586688497,4.941735853456608,4.859185267405739,1.045775672356906,0.6764087407954279,0.5463578029754182,0.5833893292115452,0.3628458152937752,0.7447726914743211,0.5345367273659456,0.46721787519570446,0.47138865836440147,0.46796092260193256,0.5085429547965097,1.0506384621501053,1.1282861122809433,0.6642850249806717,0.35690324297416964,0.0,0.0,0.0,0.0,0.0,0.0,2.871189034896195,4.604053940161434,4.781866061355595,3.5535243999141692,0.37683890644696655,0.39777402127742756,0.6807898795228314,0.4913552028127385,0.5832436937259827,0.634228736809554,0.6582388797301241,0.491094345725085,0.6225632919543086,0.5084695927193046,0.0,0.0,0.0,0.0,0.0,0.0,0.0,0.0,0.0,0.0,3.2332921161717625,4.760155916396576,4.398056205524689,3.5591254409333892,0.5906502702271336,0.5360287645787526,0.6414208765078845,0.4861747813064017,0.42846354493144634,0.523539596679936,0.653788756216596,0.45423253676877534,0.7072857336864442,0.6090932253913915,0.0,0.0,0.0,0.0,0.0,0.0,0.0,0.0,0.0,0.0,2.6495710156575902,4.85326976203774,4.976920520472381,3.4719606816837736,0.5474782658466756,0.710047265837236,0.5422584990234242,0.570958793062995,0.5046999343264078,0.4748128747329427,0.8486835715102663,0.5539848898272602,0.5335867413687576,0.6593254210209925,0.0,0.0,0.0,0.0,0.0,0.0,0.0,0.0,0.0,0.0,2.942909367923296,4.279162567862672,4.631428872760928,3.7543254388117577,0.7584795971115796,0.6802773109717263,0.5448285234739342
5.106193428674316,2.7961408833749024,0.31051969141993346,0.6975275207184461,0.7009987330026306,0.5260706755561444,0.46069729311592766,0.0,0.0,0.0,0.0,0.0,0.0,0.0,0.0,0.0,0.0,2.589058884909528,5.132807918157635,4.991782962615706,3.096764956135501,0.537753551541542,0.679771055804717,0.6743358581904879,0.5004877305124761,0.5846528544394768,0.5706509434417141,0.576535246616777,0.7200501118132439,0.44592722150344277,0.5708837683759924,0.0,0.0,0.0,0.0,0.0,0.0,0.0,0.0,0.0,0.0,2.3105009150044955,4.711111406296556,5.074648769786592,3.6245509213750906,0.5111123462535021,0.39512048466304095,0.7432313178833091,0.4634819344760748,0.706353761839735,0.49784339597855204,0.5185727080016542,0.5313633455746085,0.6757923505075093,0.6802117915520247,1.0820186375635739,0.6248381960957676,0.5397489593751132,0.0023184343003457286,0.0,0.03719453398892725,0.39976632837666853,0.0,0.0,0.0,2.79358753083331,5.18661355992848,5.149734527750817,1.2722009244155443,0.6864615149719197,0.5136508674098821,0.586088762129347,0.6310455407801092,0.5739079802229766,0.4743714904872686,0.4938653276047581,0.7296808515006159,0.4676666283740589,0.43891172824568647,1.2945681201012702,1.0437142221297968,0.4772045580725006,0.0,0.0,0.0,0.0,0.0,0.0,0.0,2.8077799855069774,5.022313394215376,4.9220981429918425,3.222561509392923,0.5371087604962461,0.6582273435472408,0.6262295704884039,0.5769409329060751,0.5312734979325846,0.5894264474463196,0.6151279790394896,0.5123116007314784,0.6269954519489744,0.8111165062507677,0.0,0.0,0.0,0.0,0.0,0.0,0.0,0.0,0.0,0.0,2.7839581803340527,4.930377111330065,4.5296889193875485,3.4703179669748927,0.6009759967475311,0.4192874987591767,0.6734046866209003,0.5134750694805087,0.4339293536510414,0.5849643458561459,0.567955534277794,0.6301379063064712,0.23541757660681095,0.8949655303368061,0.0,0.0,0.0,0.0,0.0,0.0,0.0,0.0,0.0,0.0,2.748993463775679,5.18661355992848,4.676030416814516,3.1368540792175637,0.6790674983216621,0.5596883805963948,0.5931201163949653,0.6160818016149165,0.6594847759463686,0.5097060001366114,0.557769156742026,0.7441421962445608,0.5303026521352011,0.7271899166746223,0.0,0.0,0.0,0.0,0.0,0.0,0.0,0.0,0.0,0.0,2.8259730565246786,4.63582731346775,4.9048496143239095,3.443015388369835,0.6621305089501334,0.6358739547822114,0.5571459828537458
4.850844963263773,2.9528504940131084,0.36459712598771987,0.5738608440531074,0.5723841372483283,0.22849695297825878,0.21574556186100227,0.0,0.0,0.0,0.0,0.0,0.0,0.0,0.0,0.0,0.0,2.6146139220171993,4.676812862425043,4.818455420561076,3.6923718315151217,0.4954705793067099,0.4482764328210973,0.7425454770889139,0.48484321003500896,0.6123933428978281,0.5178392029379629,0.4333407530097748,0.7757445281441329,0.5331645472623009,0.4362173126983512,0.0,0.0,0.0,0.0,0.0,0.0,0.0,0.0,0.0,0.0,2.5683678611210636,4.781002553279794,4.428813770329281,3.7922230455952786,0.6984490831959732,0.4030833006229435,0.7493745178578699,0.4597672176596592,0.6050350296849929,0.40090629252686305,0.6337480612785185,0.48519209799439844,0.5855709689234816,0.6214782682879237,1.0724672052153874,0.9788239569417466,0.18921884610838546,0.0,0.0,0.0,0.0,0.0,0.0,0.0,2.7017082599600073,4.554984293529744,4.311988110739048,4.1593276547897915,0.507798106628149,0.5449227853222964,0.4826279048404242,0.6642298282463063,0.2963690130267303,0.6720744519927601,0.7493116921801417,0.5058599003387427,0.5192605247437921,0.7988528340220202,0.8672809938414742,1.0024263572204637,0.6623627099149461,0.11237015441142084,0.0,0.0,0.0,0.0,0.0,0.0,2.8812733904697483,4.850844963263773,4.850844963263773,2.9630520746760043,0.788297913913397,0.5360042847123256,0.600089956188875,0.510498405842435,0.609076658982598,0.4924341200109904,0.6319194066285758,0.38432970351945217,0.4926289074226129,0.5290943981434097,0.0,0.0,0.0,0.0,0.0,0.0,0.0,0.0,0.0,0.0,2.9659959916732115,4.314616510294254,4.690745937165101,3.7654538588146513,0.6432119322580419,0.5656692975851103,0.520189763824807,0.4379664161715665,0.4973116909763191,0.599125802373768,0.5560327807381744,0.6860541713070984,0.27931719970781266,0.645580542744277,0.0,0.0,0.0,0.0,0.0,0.0,0.0,0.0,0.0,0.0,2.7386065718418307,4.601931284404074,4.484125124394347,3.8890578012096797,0.6753531101406836,0.6032421083721435,0.5708720226365989,0.6228373689727048,0.5912561245328483,0.452877792229765,0.5639512817936297,0.45452521216769765,0.5146918825000272,0.6738719237546753,0.0,0.0,0.0,0.0,0.0,0.0,0.0,0.0,0.0,0.0,2.480263817526658,4.593762821338579,4.709992534564039,4.053386878459051,0.5105806665413222,0.5758181869977083,0.5159431616461468
5.065791534241083,2.4988014508450798,0.5694616970122484,0.7011949519741366,0.5830696351556346,0.6061522760484316,0.23447724372802536,0.0,0.0,0.0,0.0,0.0,0.0,0.0,0.0,0.0,0.0,2.919820158962639,5.038241236735625,5.056955078869221,2.4013754518338075,0.5913163192104102,0.5533789785830432,0.7924203277028958,0.6436483246733589,0.570769254098751,0.6291443402703899,0.5162492715461389,0.6059829371689218,0.2815299619558239,0.5410365216186603,0.0,0.0,0.0,0.0,0.0,0.0,0.0,0.0,0.0,0.0,2.7343219240510863,5.08517744133259,5.072841671650355,2.524112203244382,0.519020028428804,0.6314937783842047,0.6059569197718189,0.5954384564229686,0.6157623106233997,0.5347479281494888,0.6221283773541127,0.42621091637192693,0.5957250104542678,0.6537629831906244,1.2450664895786947,0.8917220625374648,0.0,0.0,0.0,0.0,0.2527673206904507,0.11560579172506047,0.0,0.0,2.60926964918952,4.817914703199499,4.875680958912786,2.607979207170949,0.4918295814650817,0.6366531406281949,0.5683998879347766,0.6131022748521102,0.3802649170281658,0.8035868495092404,0.6271884440661183,0.5475776751258046,0.37226812700057604,0.9515863595556509,1.154383999147103,1.037440466372299,0.7881692544305363,0.2439990789703083,0.0,0.0,0.0,0.0,0.0,0.0,2.609985603262631,4.302788320581279,4.905036761624828,3.58456572364897,0.5521395349909158,0.6895741493972164,0.5446661649323575,0.5476039009016546,0.5279999055760852,0.5206645600811858,0.8011741252498523,0.2893587947666512,0.5699690345322181,0.43434748121244104,0.0,0.0,0.0,0.0,0.0,0.0,0.0,0.0,0.0,0.0,2.8715256624536236,4.9416021024746986,5.0280586485982415,2.6577770614690888,0.5899829996689165,0.6146006906219514,0.4605773886514482,0.7970035276452881,0.5577820670687577,0.5325830174905238,0.598959021939686,0.5700265232838889,0.5933442179587944,0.6826756746797953,0.0,0.0,0.0,0.0,0.0,0.0,0.0,0.0,0.0,0.0,2.729603818125566,4.976092214975999,4.678262033007521,2.8484972779878652,0.6583187943986653,0.6627732355384627,0.56092332276477,0.5119403680986604,0.49274683351131876,0.7117248701490049,0.617983687763045,0.3177291893852359,0.7594997555728847,0.8116956834239726,0.0,0.0,0.0,0.0,0.0,0.0,0.0,0.0,0.0,0.0,2.842411539700509,4.556276081711555,4.944207365710019,3.013074211649234,0.5135532906406616,0.5563187660591161,0.5841074358975127
4.903374605731516,2.7857023356841206,0.6548454249499049,0.5070124570246203,0.5394430590244487,0.665813423869731,0.6572053672809154,0.0,0.0,0.0,0.0,0.0,0.0,0.0,0.0,0.0,0.0,2.5048263657145378,4.790072883259137,4.454916293421737,3.698569724712493,0.5140769319962398,0.7757900197696611,0.6776664885933491,0.41943798111719827,0.72388234316406,0.5549580403579968,0.7067618823114544,0.5532709809333651,0.4288454008434195,0.35205937884645966,0.0,0.0,0.0,0.0,0.0,0.0,0.0,0.0,0.0,0.0,2.29533030361776,3.900078691939728,4.58455339843484,4.619251866791442,0.5120012527026163,0.6573256805122967,0.469862552389157,0.5856433860583431,0.408344393447237,0.6171711612496753,0.546727421023489,0.4889004895740089,0.6403873608839722,0.6324274684524228,1.0903820489646996,0.8690857323094918,0.1071088956806231,0.0,0.0,0.0,0.005271968283029338,0.0,0.0,0.0,2.5788809247182787,4.8699746494604135,4.903374605731516,3.2157303683233427,0.7555537144073446,0.49500335582414945,0.521610463877508,0.3669174436494179,0.685386262686826,0.39242454788525555,0.6023669592211377,0.4456463979922069,0.5311774801486546,0.7887400968184293,0.8812936871709135,1.1703033140445314,0.349827208592396,0.0,0.0,0.0,0.0,0.0,0.0,0.0,2.4971733134722474,4.291751694289019,4.440217545022118,4.163050366083116,0.48647829345923727,0.6818469317614708,0.5072122650420821,0.6806088414013011,0.5643138968964908,0.4969835694541591,0.7367355641089064,0.5119547711165594,0.5379790496062102,0.7698198464363226,0.0,0.0,0.0,0.0,0.0,0.0,0.0,0.0,0.0,0.0,3.0503579958332705,4.884842753599386,4.487567767859256,3.283297766104308,0.5568183831789301,0.5715481812913452,0.5751227536975746,0.4176643842454522,0.594880733565725,0.6545256390644115,0.5554345084519179,0.5512705810444353,0.4326651503899601,0.7641184614927476,0.0,0.0,0.0,0.0,0.0,0.0,0.0,0.0,0.0,0.0,2.578121250180665,4.903374605731516,4.774528678959265,3.246917950799997,0.7649111440950743,0.5094333822561661,0.4239290870152175,0.5727473451882926,0.5009784101307613,0.40500897864732255,0.6080117388330822,0.5619580411516973,0.4789784595841379,0.8003445154307232,0.0,0.0,0.0,0.0,0.0,0.0,0.0,0.0,0.0,0.0,2.8817311702704678,4.5516554249883,4.903374605731516,3.312478411257636,0.5662663164474143,0.5664428858732653,0.5956960662928463
4.6515609574828005,2.9028124531950406,0.5569642315929549,0.5351048559584043,0.4493790354762731,0.0,0.5025321568053858,0.0,0.0,0.0,0.0,0.0,0.0,0.0,0.0,0.0,0.0,2.509548745195794,4.533063810578055,4.287338265738932,3.949286800128905,0.589268214787261,0.33703522982140915,0.7850764960112571,0.4377242215711541,0.4844430501234694,0.569799825867707,0.4643067084846554,0.44050717728217814,0.5456399635693616,0.030827079884855557,0.0,0.0,0.0,0.0,0.0,0.0,0.0,0.0,0.0,0.0,2.30286763106745,4.6515609574828005,4.364210726493847,4.007584046671811,0.5390236614709258,0.5739410961210191,0.5730335611737882,0.2856100333616597,0.7957237491584428,0.45155577182489953,0.4627781376589256,0.5166569705678322,0.4885139060153329,0.6631463779908509,0.7768693749331583,0.49726194095421483,0.0,0.0,0.0,0.0,0.10249840275001176,0.0,0.0,0.0,2.6519615316558545,4.332951974029342,4.608825666352743,3.79477821282791,0.6054441972819847,0.4968536659212466,0.5242521409314439,0.606237706516909,0.6164499943311619,0.49576971558925265,0.4944293270321589,0.5185402329810641,0.23623556209640298,0.903308488590217,1.0067246377599206,0.8900780015235876,0.3156191374784765,0.0,0.0,0.0,0.0,0.0,0.0,0.0,2.3231083345112715,4.6515609574828005,4.2660355182427825,4.344988726560032,0.5033700089347612,0.5174614888225834,0.42148826683257606,0.525223964503647,0.4613448541576958,0.4770116130264765,0.5356651311961964,0.5530878021427792,0.5889261492240648,0.6921808983143058,0.0,0.0,0.0,0.0,0.0,0.0,0.0,0.0,0.0,0.0,2.790842060769175,4.142446328465348,4.449158741607765,4.067303346914763,0.49072776091585135,0.5256612404859093,0.5468398638369557,0.5870673823648962,0.5209922284139982,0.3250930536620417,0.6177517340765967,0.49541315762820365,0.2599578254517152,0.903133886211789,0.0,0.0,0.0,0.0,0.0,0.0,0.0,0.0,0.0,0.0,2.2754855364951037,3.829332045730082,3.948873379065152,4.48134862305669,1.3848150101650645,0.4215222678887796,0.4645504262882403,0.5312301779297456,0.46722551533592227,0.561007879338321,0.5649992257162455,0.5460645418000227,0.3952236185501129,0.852853585396989,0.0,0.0,0.0,0.0,0.0,0.0,0.0,0.0,0.0,0.0,2.5383760656366925,4.270493736863367,4.46007761757204,4.078775847000146,0.2249410431743179,0.7658718264383958,0.39068703031551094
4.5043028311365045,3.0743594498807774,0.3812207357729484,0.4561241249400269,0.41790915490277974,0.7777268579056321,0.31222960714947945,0.0,0.0,0.0,0.0,0.0,0.0,0.0,0.0,0.0,0.0,2.102535654171324,4.4898862344329675,4.314940473709495,4.347959856789523,0.4472277071086952,0.57196739710837,0.3040351187256208,0.8030022304452342,0.41239335686505685,0.5917219691029735,0.6940129825504096,0.3994956925148481,0.6448316302090045,0.6641419778561748,0.0,0.0,0.0,0.0,0.0,0.0,0.0,0.0,0.0,0.0,2.342735639129026,4.569900741115541,4.768703301694002,3.7017935850931125,0.48465466470182567,0.4874237107047384,0.566200073860352,0.7718667736480761,0.39451998618274087,0.5770223809616665,0.5223415172694303,0.5520746905787838,0.547828202086762,0.5339262021434452,0.8113455327042013,0.6178747477701152,0.27888156042145695,0.0,0.0,0.0,0.0,0.0,0.0,0.0,2.483690450728061,4.643786426208463,4.583552605384135,3.6010515259201785,0.5111485237933803,0.6208047808377261,0.5045206723210562,0.46732844018373537,0.6145484082190774,0.5956581585288956,0.5609990700755844,0.5113709651687071,0.49842419588026043,0.8098571259786341,1.1272207021386156,0.933291254961194,0.3175772086407527,0.0,0.0,0.0,0.0,0.0,0.0,0.0,2.8092589091407705,4.829358315730045,4.66620903778781,3.1327505507190088,0.36526033494831234,0.5382717477761477,0.6752619667876749,0.4109138171869221,0.6091965582172246,0.5980066113600616,0.4937341671947538,0.6083675976356783,0.16609757243553225,0.7885554662330252,0.0,0.0,0.0,0.0,0.0,0.0,0.0,0.0,0.0,0.0,2.8957788774693656,4.604595383647919,4.748130353853483,3.176299066137354,0.41556515980393943,0.7007427668767587,0.7258251671391176,0.5312695474133187,0.3047789216926919,0.8583538318033259,0.36891171885282753,0.7139958868519724,0.430973569754441,0.7356394592056408,0.0,0.0,0.0,0.0,0.0,0.0,0.0,0.0,0.0,0.0,2.678197354214695,4.694609326074071,4.374674274312618,3.5729029455822827,0.5919691075438683,0.6036181885384522,0.6993268730259842,0.4179985448638479,0.6891473035313742,0.4539488285050764,0.5051255110298625,0.597451909671352,0.5439185369415181,0.41396730549637273,0.0,0.0,0.0,0.0,0.0,0.0,0.0,0.0,0.0,0.0,2.709183016306544,4.575277367767281,4.562176114859213,3.445459886999728,0.5365069749764213,0.44077895367298575,0.5492338974845671
4.827594177938957,2.795231249774557,0.6500591483314315,0.5419849338044096,0.49994076918778724,0.6332291415898915,0.7457689323320527,0.0,0.0,0.0,0.0,0.0,0.0,0.0,0.0,0.0,0.0,2.5189232131094803,4.395190788668325,4.808448703934772,3.715175759360164,0.4720579714225732,0.6692256851729624,0.5942841154670363,0.5308246664586196,0.5604863717497269,0.5563395658883713,0.5242568802733121,0.8534378717422341,0.5170781808546024,0.5566434386918045,0.0,0.0,0.0,0.0,0.0,0.0,0.0,0.0,0.0,0.0,2.540638692110278,4.994669776777927,5.061557797271133,3.0672822784049756,0.5513780320238418,0.6316194000743653,0.6122259438924597,0.5614079505020204,0.5223860753755161,0.6215494307258426,0.5680539843655634,0.4224513854412472,0.25165334995810873,0.8722088328688283,1.3117516059992589,0.6669759901103676,0.14045512985862096,0.0,0.0,0.0,0.0,0.0,0.0,0.0,2.2820019381265526,4.526088266508417,5.066121933826421,3.525607275746689,0.5490340676053096,0.5491274814309292,0.5926682394082013,0.5312809477421487,0.5863748167170616,0.46669833195293203,0.6210319906304501,0.5023082437975778,0.23605144613723547,0.6921393575465107,1.09220835647146,1.0564740323860722,0.4798183129382302,0.0,0.0,0.0,0.0,0.0,0.0,0.0,2.4793187978934625,4.559836211529705,4.916327573563532,3.581242211244313,0.3793016738451608,0.6841704518487683,0.45042253334375637,0.5374472671780702,0.525468212524401,0.7528784561505325,0.6054624057495905,0.33186031645795666,0.4860540238499831,0.5127672282082086,0.0,0.0,0.0,0.0,0.0,0.0,0.0,0.0,0.0,0.0,2.9929519301926657,4.847314957933479,4.934568774890182,2.6961074278512736,0.6710755981831735,0.6184936074636981,0.47619035745693333,0.6782407311511414,0.699097182492969,0.5253016166699797,0.7005906789815909,0.5627583366103328,0.6702208156847512,0.8690157874662645,0.0,0.0,0.0,0.0,0.0,0.0,0.0,0.0,0.0,0.0,2.5389530208391293,4.722963561072553,4.61699240001672,3.628212143631929,0.7826502737751343,0.4769769005009133,0.5327705355834321,0.584418009736566,0.5758651277381189,0.5609002159263974,0.5762457056634254,0.4504398221307602,0.4621298237806273,0.536419333320503,0.0,0.0,0.0,0.0,0.0,0.0,0.0,0.0,0.0,0.0,2.645709026242982,5.021704076174472,4.822873010143908,3.166267620118283,0.5522512183260204,0.7423295893099989,0.6721664547620558
5.0095373611501595,2.5926040698298918,0.5633775921578562,0.5024995539031016,0.2726984744995336,0.653373445462836,0.6733497401806434,0.0,0.0,0.0,0.0,0.0,0.0,0.0,0.0,0.0,0.0,2.470334088864317,4.769658327680377,4.646288641333045,3.1453550743756096,0.7650992907638606,0.4769835763706298,0.5265163372457148,0.6127241310496856,0.605859256667218,0.570872812363207,0.5168220924585228,0.43879804809193634,0.2941876730958583,0.37682557900743685,0.0,0.0,0.0,0.0,0.0,0.0,0.0,0.0,0.0,0.0,2.40853507880452,4.747670564649163,5.0095373611501595,3.17038236178914,0.656037772306869,0.5860999325749109,0.5645972094948604,0.3690181862938694,0.6042087533141439,0.5630400223873169,0.67227562436588,0.49485086112109505,0.20060861453667425,0.9477336489124346,0.8394704668637454,0.9013912613316655,0.4883832430369992,0.0,0.0,0.0,0.42796288251414083,0.14968860808972728,0.0,0.0,2.453391438749438,4.326721027810623,4.815934038649345,3.114075975486227,0.48630767914822237,0.8113538721788136,0.36473094715588483,0.5858789365323991,0.6209676960374467,0.49791280208498706,0.5720826321120103,0.414948360047006,0.30819547868086306,0.7422000341493832,1.3442483949544684,1.1869836303355292,0.4759093371680909,0.0,0.0,0.0,0.0,0.0,0.0,0.0,2.663374495827262,4.90259126333655,4.782665338746644,2.911183599736407,0.5342983993165712,0.6603071942661344,0.5734235446282794,0.5818680911960532,0.3911272976170156,0.614256541964383,0.5686090782843358,0.7162419494364507,0.2918535544841201,0.5468700200883454,0.0,0.0,0.0,0.0,0.0,0.0,0.0,0.0,0.0,0.0,3.06368802132301,4.521622146107091,5.0095373611501595,2.692199721930141,0.5705712647528098,0.5606281486262447,0.4776273297530936,0.5514244176818551,0.5741952622139301,0.5244816182611513,0.6197615983708237,0.41477772520172546,0.341563367507448,0.9961629323593623,0.0,0.0,0.0,0.0,0.0,0.0,0.0,0.0,0.0,0.0,2.418159267505157,4.831620636826657,4.770528005238364,3.1183383770643194,0.6773619568073367,0.5796313009045497,0.5060820595413874,0.626401749253418,0.39313193838628613,0.7370917626132281,0.5275861046321128,0.4922569706654572,0.44584165282028243,0.8716746929694316,0.0,0.0,0.0,0.0,0.0,0.0,0.0,0.0,0.0,0.0,2.974540603068691,4.726651317405858,5.000128776376224,2.508196733703034,0.6894728068689323,0.5670354815355116,0.514363620006192
5.1530952467838915,2.43752499738846,0.4931594269650534,0.4399112899595443,0.5914374945975033,0.32841240392186277,0.36396629632789107,0.0,0.0,0.0,0.0,0.0,0.0,0.0,0.0,0.0,0.0,2.612058394466669,5.1530952467838915,5.093269957259914,2.509634888051609,0.5005709512858428,0.5854081872071322,0.43549320282130743,0.7316673016504117,0.4428535414389753,0.6590282437573418,0.6866111633796989,0.5339144994222658,0.5200610496701514,0.5085447491783119,0.0,0.0,0.0,0.0,0.0,0.0,0.0,0.0,0.0,0.0,2.472032481526013,4.901848425206774,4.859083169114601,2.9367326240200846,0.540634655786118,0.5929265362318948,0.4306842372716265,0.7473503639765429,0.5596452288708732,0.5995903507557941,0.5938604144221814,0.5484708562745947,0.5860043567058124,0.6307949777349572,1.1250550404242734,0.43471291737826334,0.19823781696088333,0.0,0.0,0.0,0.1657821359224272,0.0,0.0,0.0,2.480173460411624,4.528573847683288,4.845000073891674,3.5572659257446237,0.6319269319639808,0.7017632174881148,0.5353351560658861,0.39516686029983106,0.779476176625116,0.5430953277389607,0.49771195248747274,0.7067777152490047,0.5130622076869373,0.6447289383203417,1.013734830136424,1.0819347150229939,0.43981761965809807,0.0,0.0,0.0,0.0,0.0,0.0,0.0,2.4483601510296347,4.429509571451364,5.126600304955755,3.07126658014092,0.7151103987983517,0.8438341928368164,0.6513452064844966,0.47457550525270775,0.5551207409912055,0.7938380853277484,0.6039765329852416,0.7071740639384497,0.5931819847263413,0.41531986426961415,0.0,0.0,0.0,0.0,0.0,0.0,0.0,0.0,0.0,0.0,2.98200674894169,4.963596607161781,4.855958486625615,2.419996300699222,0.48665518048125384,0.6150044393321539,0.48263370081750584,0.5204488459348959,0.7865202588779308,0.6293935741938692,0.5577720494091281,0.6358273140853056,0.45683282663927804,0.8188225344893224,0.0,0.0,0.0,0.0,0.0,0.0,0.0,0.0,0.0,0.0,2.619134831019589,5.1530952467838915,5.066079994334915,2.312639042618304,0.7920497262711192,0.5501174013450052,0.6769156838316044,0.4110443902669442,0.6096100777591253,0.5242789394331443,0.5421105852883044,0.492964907184487,0.5238567745086612,0.715645730305744,0.0,0.0,0.0,0.0,0.0,0.0,0.0,0.0,0.0,0.0,2.5914033806973165,4.8206114108780005,5.1530952467838915,2.658315500541152,0.5722831621745638,0.4625701412074096,0.6682796476818035
5.182614541485326,2.5648845236735918,0.4532555552662308,0.6909678826968284,0.5038517990118406,0.6439482284395887,0.28195326397760034,0.0,0.0,0.0,0.0,0.0,0.0,0.0,0.0,0.0,0.0,2.706766898389173,5.072530932374384,5.352008005914198,2.473656084385764,0.49423508490905566,0.8016696904302044,0.6806118138067179,0.5417120798678411,0.5472110506560788,0.718010122490644,0.41815712743335326,0.6490529667305717,0.4087710384461443,0.8482377097920188,0.0,0.0,0.0,0.0,0.0,0.0,0.0,0.0,0.0,0.0,2.1978816841998547,5.407662506315301,5.196638458956771,2.8795116797502134,0.47607729342566746,0.7073623142298658,0.789653795498305,0.5243301842936574,0.6673982397973006,0.5586777000507185,0.6557164670762142,0.5868593877394532,0.5176693385018751,0.867245753822148,1.232240071906028,0.6689659466635502,0.20159698803228213,0.0,0.0,0.0,0.07425643263480317,0.0,0.0,0.0,2.659767973594305,5.1876833187777125,5.2673822674982835,2.522627220359862,0.8462632334531439,0.5630189585228338,0.5792186558608745,0.5407485365448754,0.6245586449385057,0.44417595433872126,0.6957545066606636,0.6037855942827915,0.5465758918607123,0.5706677588170022,1.3369382520279676,1.0235379806870162,0.5644775305059418,0.0,0.0,0.0,0.0,0.0,0.0,0.0,2.651440663484311,5.431284967953916,5.211263939666696,2.3347515714563296,0.5876382743106352,0.6731235422997803,0.5098359814209118,0.34563548388901255,0.874569399613473,0.4983457252108263,0.5411494651833394,0.5829038036653775,0.2556053575762607,0.7720366641846361,0.0,0.0,0.0,0.0,0.0,0.0,0.0,0.0,0.0,0.0,2.6009330144139247,5.212314208692764,4.955495540516729,2.74550695351208,0.6040901026447871,0.7417077353648446,0.5070763789817534,0.7536413341044359,0.49188915074497946,0.4545309289565964,0.6885221139632124,0.636066416666626,0.49873646589798176,0.703318967489933,0.0,0.0,0.0,0.0,0.0,0.0,0.0,0.0,0.0,0.0,2.2247752501220672,5.0030577613609015,5.002512786681346,3.574429954814211,0.6765005306250709,0.5080536946990193,0.7490911735097056,0.7522162508699994,0.6251500366580306,0.6849683757718044,0.6196697362694112,0.644714430467891,0.5511789671481893,0.6984077788085112,0.0,0.0,0.0,0.0,0.0,0.0,0.0,0.0,0.0,0.0,2.3257570425297267,5.345681984846773,5.431284967953916,2.435412067213792,0.41256441670351596,0.6256051380646109,0.5823418560016804
4.591365707309984,3.1207110629519548,0.4007782991423481,0.4941997853519761,0.5584866811575734,0.0,0.24313711933299614,0.0,0.0,0.0,0.0,0.0,0.0,0.0,0.0,0.0,0.0,2.6679361958405976,4.1978729245752815,4.630177477078511,4.0248527454481735,0.6711760197170258,0.4667824134722935,0.5632678167910895,0.5133244895639465,0.5789142857355544,0.4982902697197915,0.3957050885121932,0.4714751853215725,0.26512504068160464,0.37809450032562264,0.0,0.0,0.0,0.0,0.0,0.0,0.0,0.0,0.0,0.0,2.170404225724477,4.461380768537076,4.567400975474981,4.064583730260488,0.4837928882618899,0.462607556206441,0.5819092405339692,0.5190123394205696,0.5097697991261242,0.3742756805494011,0.6667041215620546,0.5017374415362759,0.18935730047542654,0.7941457045072318,1.2037990138290713,0.3132172637563375,0.25505086528055304,0.0,0.0,0.0,0.007224238212211631,0.0,0.0,0.0,2.526856765403543,4.671195011230042,4.615140764239761,3.675997187212994,0.6697378682753908,0.3042204022763208,0.6203024058763628,0.6100290661758317,0.3755941641281824,0.5827436514108932,0.43462167317559064,0.7115911030100042,0.42488754926140315,0.6903666557840438,1.1227550877563617,1.0321496632936693,0.11828900675530231,0.0,0.0,0.0,0.0,0.0,0.0,0.0,2.8258651886454764,4.3927438104357925,4.601696485874219,3.5810805304271445,0.40980933749355614,0.4746128638034584,0.5166047124380572,0.5274570675802364,0.4594203109576159,0.3996477206406078,0.4806058490667445,0.6746912926203064,0.22447197646013173,0.8857768891323468,0.0,0.0,0.0,0.0,0.0,0.0,0.0,0.0,0.0,0.0,2.882277666548532,4.7018681780927745,4.664695552127588,3.0258292766601618,0.4619013077291653,0.5798503068719504,0.5482889253036877,0.47982472743862353,0.4762432613432038,0.5680575258313151,0.538679829558519,0.43342871181904224,0.3789245670662793,0.8828129061239316,0.0,0.0,0.0,0.0,0.0,0.0,0.0,0.0,0.0,0.0,2.578322721846719,4.302979241190951,4.077769457527072,4.257635500668745,0.8826892867000943,0.5301370232793573,0.434430614536291,0.4673515499247387,0.5826760370206582,0.27283549786368555,0.5500296396774781,0.6888190534579708,0.509936516937667,0.5908009819229048,0.0,0.0,0.0,0.0,0.0,0.0,0.0,0.0,0.0,0.0,2.868765465772733,4.61361246223289,4.7018681780927745,3.1308474981940697,0.7340943734306339,0.49655262341770456,0.5431957372381857
5.046495794019664,2.48620876798552,0.5625173810578645,0.5527357659774718,0.48823340837896456,0.6334685030653769,0.7282891241424779,0.0,0.0,0.0,0.0,0.0,0.0,0.0,0.0,0.0,0.0,2.684648484001583,4.471654278080995,4.748513618080316,3.4518408924198063,0.5827404518473066,0.5055126269383522,0.6354737166018368,0.582377421790967,0.5422548741453839,0.603194341987453,0.3819866831498261,0.6390989910244818,0.6365882870356387,0.32125486839724304,0.0,0.0,0.0,0.0,0.0,0.0,0.0,0.0,0.0,0.0,2.510471142507816,4.535304504033712,4.733251089669652,3.606094618470902,0.5469110456200268,0.5850101810773937,0.581640920626816,0.6566726134455074,0.6070088955218309,0.5955564271306707,0.4865369052122247,0.5101811595026186,0.5430951032162418,0.6705538521016652,1.1667795959063767,0.523420629609257,0.15079583791638207,0.0,0.0,0.0,0.0,0.0,0.0,0.0,2.3654402143320166,4.312006717818777,5.003596344716606,3.5731514406424876,0.5501346439812127,0.2808288349715556,0.7614757271124131,0.49990309356553514,0.5539238717674255,0.5858057033653702,0.6044988182222493,0.5222505182372211,0.4357071506306236,0.5708995315852743,1.0713985744237973,1.2139850314895142,0.4979308662219548,0.0,0.0,0.0,0.0,0.0,0.0,0.0,2.737882037773735,4.991446558089441,5.031456547254652,2.418566714745873,0.5234442563323316,0.7742067143479733,0.6265793052445211,0.5709022298146796,0.4674390897361993,0.632439022862168,0.6459315659241271,0.4938732242107533,0.7222118656544242,0.565488290072573,0.0,0.0,0.0,0.0,0.0,0.0,0.0,0.0,0.0,0.0,2.7781575127960023,4.631388254177965,4.541361428265555,3.13343546204297,0.5731478342132443,0.6127504349763497,0.41381615405202665,0.5885665463577806,0.38220543612183044,0.7370215484214673,0.6777673032886746,0.5577448647742409,0.5632272217249447,0.4826852280995352,0.0,0.0,0.0,0.0,0.0,0.0,0.0,0.0,0.0,0.0,2.6165331760259516,5.046495794019664,5.046495794019664,2.748260607400534,0.4888014268159496,0.558349063609642,0.6367548351597624,0.553019696630109,0.4370403094024158,0.6173625708204501,0.6436548548190042,0.6298929567757217,0.6382235610300362,0.6948797908980119,0.0,0.0,0.0,0.0,0.0,0.0,0.0,0.0,0.0,0.0,2.872177054872301,4.214074743870701,4.995731445677713,3.1696617078855702,0.7289669488097245,0.5208714341339329,0.581914916611746
4.475500642929297,3.1635684888044393,0.6078879431675934,0.4730240212297341,0.46734973246297457,0.7424645395033472,0.7168905032091848,0.0,0.0,0.0,0.0,0.0,0.0,0.0,0.0,0.0,0.0,2.694126031063656,4.698296702949894,4.698296702949894,3.4375232369675057,0.3706614393665356,0.6933476161016385,0.4907677373448136,0.54957148305324,0.5581960658336802,0.5341777462183771,0.4098368169625279,0.5717551127378581,0.5772054230273694,0.47669933866325387,0.0,0.0,0.0,0.0,0.0,0.0,0.0,0.0,0.0,0.0,2.4868304626278848,4.163407249090233,4.374751583841179,4.31159055288412,0.6347098773424853,0.5102741075926734,0.5310501642962571,0.3816436644161608,0.5793427117057083,0.6480145342874059,0.5367159028391838,0.6182101036483331,0.26730132933420486,0.7920159871073816,1.2031070960389934,0.8286824536522597,0.4040084097679578,0.0,0.0,0.0,0.0,0.0,0.0,0.0,2.4319637264426666,4.6302832430068355,4.044983095266566,4.351071064961476,0.532672177727318,0.3313338926553408,0.5657811901646943,0.5585227383079173,0.584700831011193,0.5252165458115859,0.6051789986122353,0.5482506493709649,0.280127609841468,0.7326936476616028,0.9614010050445511,1.2339214088991621,0.3745798191132868,0.024548125382703366,0.0,0.0,0.0,0.0,0.0,0.0,2.9157849936437232,4.34979020265163,4.435188262874932,3.6939926684218656,0.5478374392101829,0.388902001957057,0.3716187319667863,0.6282892041130674,0.5767070496141847,0.42642481034274865,0.5907869930449741,0.5795699942116377,0.5768090311412303,0.4217016230949803,0.0,0.0,0.0,0.0,0.0,0.0,0.0,0.0,0.0,0.0,3.1217042114618843,4.197078945723943,4.3768675266864046,3.6907397532876702,0.45680239075152584,0.5749433659199402,0.4793718546385766,0.5923720494687142,0.4110574665751077,0.6892118888606925,0.506381753620414,0.38513681066752287,0.685391529813837,0.7474162368270113,0.0,0.0,0.0,0.0,0.0,0.0,0.0,0.0,0.0,0.0,2.6895378230488793,4.698296702949894,4.698296702949894,3.498971688137006,0.6380899275267737,0.4945146592096985,0.6720783012108508,0.5965355687385664,0.5452083532377693,0.5323822705650972,0.3314269193729117,0.6267628057088812,0.39767260009555905,0.842859277742294,0.0,0.0,0.0,0.0,0.0,0.0,0.0,0.0,0.0,0.0,2.3361842587067176,4.274965729130159,4.497571700402145,4.018507231229473,0.6456601454407622,0.48167532970857063,0.64029331216669
4.735597812713171,2.805076471904564,0.5723504872895612,0.379118749052054,0.5986421998024789,0.07488605236946326,0.7155972369286197,0.0,0.0,0.0,0.0,0.0,0.0,0.0,0.0,0.0,0.0,2.7637412675915085,4.993003228352382,4.760494558842176,2.462086008408567,0.8600794910420839,0.6414607483476448,0.6046119386281251,0.36923019018682346,0.6075493856012147,0.4333939521502504,0.6053523213762145,0.5224018324260835,0.5216926192974308,0.37657972443587795,0.0,0.0,0.0,0.0,0.0,0.0,0.0,0.0,0.0,0.0,2.646037700913735,5.128156385167114,4.950885113252769,2.402322538188302,0.5641070694356409,0.5990254631056408,0.5031271213439162,0.5480973149669136,0.7041167559562136,0.44309121535268553,0.672683601874268,0.4707902953986591,0.313347423057521,0.4632350001193126,1.3140771733683616,0.7299479868759315,0.2575734248390287,0.0,0.0,0.0,0.34319583810143856,0.0,0.0,0.0,2.808667326230734,4.694632805921721,5.128156385167114,2.63928308351699,0.5690698272299883,0.5480383323531844,0.6024750083205335,0.7086312540389487,0.5613161863375282,0.6651778077296956,0.5374795980002841,0.5516042506011254,0.6174504673089505,0.7826570159729265,0.9988581249059871,1.2514924963988059,0.5539890122475768,0.17435469173996088,0.0,0.0,0.0,0.0,0.0,0.0,2.7168718045046436,5.0501142265264045,4.99604655532901,2.3991848947430023,0.7087689546441474,0.5292224988853517,0.5045959729083913,0.48522110021428577,0.5761422630994676,0.613173395283828,0.5258570949710732,0.4748222605860989,0.8021957824514884,0.7295499199367115,0.0,0.0,0.0,0.0,0.0,0.0,0.0,0.0,0.0,0.0,3.025211313231752,4.588210151032817,4.7248990644113,2.7733173144479863,0.5411738666533197,0.6280124335904403,0.6598910981546304,0.468756956528394,0.8456497169248467,0.5331557913304981,0.5708065403056427,0.3798776742224851,0.12403562165250914,0.7651575291876642,0.0,0.0,0.0,0.0,0.0,0.0,0.0,0.0,0.0,0.0,2.5612369148643057,4.978506140891639,4.800874801903973,2.7591575506666093,0.612207507612245,0.552871714866974,0.599170211531194,0.501421908714047,0.5697087960517467,0.5708065403056427,0.5004970983978877,0.5335554134832123,0.7573751868450233,0.6671556091222257,0.0,0.0,0.0,0.0,0.0,0.0,0.0,0.0,0.0,0.0,2.9238552465019794,5.07575742022143,4.889986427603773,2.4094675471338034,0.5988839505056444,0.6286581388629922,0.5082730132132864
4.966245295611946,2.5305980917474624,0.6641304873628074,0.6046769615145958,0.5948291413832802,0.5057281541778863,0.6749841321120029,0.0,0.0,0.0,0.0,0.0,0.0,0.0,0.0,0.0,0.0,2.0905268966749775,4.940761865716485,5.145157163070718,3.0659851156982043,0.5135417892700316,0.5536755753961807,0.7055030067406314,0.49154584028891457,0.722672506944407,0.652043202240876,0.5146801052467682,0.5572897385796703,0.03401981772144625,0.5551763314431513,0.0,0.0,0.0,0.0,0.0,0.0,0.0,0.0,0.0,0.0,1.534310450745334,4.92347584309295,5.17878825292135,3.630351897229139,0.4366317707838148,0.7204458105561293,0.5264167296239591,0.5672613190420128,0.7402543158714685,0.61182147765867,0.5717700039175693,0.5912323705842534,0.33362320210109253,1.032815129833045,1.1178324970492755,0.5364423486282259,0.0,0.0,0.0,0.0,0.01075592665513092,0.0,0.0,0.0,2.1896775858050828,4.920869429162385,5.0216292358664605,3.177945821177911,0.47896150168542545,0.5208286566458169,0.6630696588833037,0.710574371261767,0.4875332956057674,0.5752624580208925,0.4869408594439459,0.5151743171807479,0.2518040696100894,0.6622481197585914,1.3500688837246324,0.5305240207851085,0.15986702810018166,0.0,0.0,0.0,0.0,0.0,0.0,0.0,2.6061478369389035,4.803197469665578,5.161754042647131,2.428939767921472,0.654696292687958,0.5567915103132867,0.5779868274398574,0.6271252469441853,0.5572819089770725,0.620888336172424,0.559322713785605,0.6151799081536563,0.2240847345426852,0.9075315811632539,0.0,0.0,0.0,0.0,0.0,0.0,0.0,0.0,0.0,0.0,2.747964259164931,4.611901812657081,4.822280213919684,2.911215493280434,0.35189967841611686,0.7096553789518968,0.6832562210318416,0.6319594910234558,0.4930137416899458,0.5348695147634435,0.6636900804829946,0.6336929740449495,0.3382176567948565,0.905357022514555,0.0,0.0,0.0,0.0,0.0,0.0,0.0,0.0,0.0,0.0,2.0105861932430438,4.21902558835742,4.620362793748413,4.055764571298372,0.7684434738476301,0.5491961723560881,0.5328400282931272,0.598906300129213,0.5991628955554232,0.6029353146877217,0.5552454544202425,0.48917806664549673,0.4849307974313837,0.7698661195052364,0.0,0.0,0.0,0.0,0.0,0.0,0.0,0.0,0.0,0.0,2.5027009647044163,4.77997760422292,5.095126470023534,2.6916076665160564,0.5060894308576341,0.5306055260184785,0.6023872826147801
4.544907316048578,2.778514832027925,0.7091143305710763,0.5494850491757437,0.5941672930599176,0.385757325057482,0.46415371529374383,0.0,0.0,0.0,0.0,0.0,0.0,0.0,0.0,0.0,0.0,2.6472892208939176,4.536490648961871,4.615167851114997,3.3525666942509837,0.4974148658798709,0.7484526815149083,0.4689020950322723,0.4825611698243887,0.77398480623675,0.5720243796015873,0.391593364073252,0.6473802859760225,0.5471267056008974,0.7672287699337609,0.0,0.0,0.0,0.0,0.0,0.0,0.0,0.0,0.0,0.0,2.4569520046104296,4.252088627087711,4.683113737617895,3.5578203050360413,0.514463101176178,0.6238566833199566,0.5683470702911734,0.3650666398957007,0.6861234817187194,0.505176061359682,0.5589929709712302,0.4525424030688916,0.32035443760210347,0.8267777558827412,1.0501547640394813,0.7005423001571298,0.04864456560597752,0.0,0.0,0.0,0.0,0.0,0.0,0.0,2.5112154213890827,4.686610403837984,4.767022659626867,3.288511537096595,0.45556270815682015,0.2769753939039225,0.9024943517743149,0.3836153376059763,0.6120751452706727,0.4950302139806024,0.5500358280605873,0.4867688258964206,0.16483187577079472,0.7231463764860597,1.1455293182389976,0.7148577387025927,0.3180796504229786,0.0,0.0,0.0,0.0,0.0,0.0,0.0,2.5596009383757776,4.648938891728836,4.767022659626867,3.3234674139403397,0.4715341140484086,0.6049926384967943,0.5158766097031096,0.5287116778412304,0.5073255244682113,0.5547611198760652,0.5568876960504784,0.5651344700021126,0.6245621756290101,0.6409354648341559,0.0,0.0,0.0,0.0,0.0,0.0,0.0,0.0,0.0,0.0,2.865011626842189,4.291903041185177,4.444760139145204,3.2557246469593615,0.6157759480267804,0.5369462322679424,0.5091305750759005,0.49559423300142996,0.480526196504704,0.5130937497044813,0.5197815160702085,0.6731509374621222,0.3177918390997772,0.9924138827325831,0.0,0.0,0.0,0.0,0.0,0.0,0.0,0.0,0.0,0.0,2.3337956430516344,4.767022659626867,4.6512753941350145,3.517298004156098,0.6882172876942195,0.43393467390724044,0.6610109855760692,0.3967324431569713,0.4127273207127648,0.6585851952460418,0.40526517487571,0.642233539903732,0.3712127901242896,0.36176879300490583,0.0,0.0,0.0,0.0,0.0,0.0,0.0,0.0,0.0,0.0,2.2550360115821784,4.275257341390947,4.552920484649036,3.939106639352678,0.48871335911549696,0.5534098075418297,0.519193199050372
4.861150633103318,2.6543938903018693,0.6533429481904152,0.4934081910301469,0.4260606169527317,0.31812748261030055,0.63732411979404,0.0,0.0,0.0,0.0,0.0,0.0,0.0,0.0,0.0,0.0,2.7085597506193126,4.861150633103318,4.692752696234628,2.9023149301672926,0.8151370405532008,0.6058303905612823,0.4523359206842609,0.61416191974871,0.5763967110997142,0.35488941111832856,0.7454145010408748,0.3210528658238264,0.7178420292428032,0.2352042487416277,0.0,0.0,0.0,0.0,0.0,0.0,0.0,0.0,0.0,0.0,2.4115821223062905,4.820774721045285,4.440469332668354,3.7561408143525674,0.4792806462637633,0.6723681903118367,0.4334818640669015,0.5742053383041501,0.5343456884354918,0.586995326430281,0.4313049516127243,0.5311039700959347,0.45194983567612745,0.791121151795493,1.3527730854908335,0.5601690541729176,0.2903643697433069,0.0,0.0,0.0,0.08013309067443686,0.0,0.0,0.0,2.0272922295832703,4.784532643150552,4.697851995873319,3.9341654450235737,0.2692336962518177,0.7007621527556132,0.3678134910342533,0.6594203692296393,0.5005979544109986,0.6586203087291904,0.5026068531716791,0.5510104254479776,0.3715974834297524,0.8697258654557938,1.3658991883289562,0.7483783233099999,0.5149167262428335,0.0,0.0,0.0,0.0,0.0,0.0,0.0,2.812520273890131,4.753810301357825,4.819993991375611,2.941947461981398,0.6155084623984509,0.5084323593198381,0.43525724310168734,0.6021672321750293,0.5450544063935626,0.5347025113241208,0.40350460323164555,0.5181747835794219,0.6422651469129541,0.7235460537284817,0.0,0.0,0.0,0.0,0.0,0.0,0.0,0.0,0.0,0.0,2.820684745170162,4.5683766699738495,4.780133474489096,3.322336680030123,0.6148228496673517,0.615818678890652,0.4892662244557072,0.42184680690589843,0.6248239784504569,0.21720035967159496,0.7130001865338552,0.5574379386531818,0.4035784976516952,0.7220869757311755,0.0,0.0,0.0,0.0,0.0,0.0,0.0,0.0,0.0,0.0,2.3693092502832807,4.599074032540487,4.662859095353374,3.7136050962450105,0.6978462315553331,0.34708365568617533,0.6326497579618273,0.6605239431127129,0.5355740063662926,0.5047503490956086,0.6027874035068012,0.5949604615551771,0.5197370248953007,0.5169274405080602,0.0,0.0,0.0,0.0,0.0,0.0,0.0,0.0,0.0,0.0,2.7806214760837613,4.6831847330347705,4.078266798973407,3.803651144654554,0.5861301670837206,0.49688231441666786,0.6064491115148963
4.770571000113055,2.773475032902046,0.5995050786658113,0.5716372261125584,0.46309201951962997,0.0,0.7143449188072045,0.0,0.0,0.0,0.0,0.0,0.0,0.0,0.0,0.0,0.0,2.597361426134088,4.102026993898166,4.973805814745571,3.69442027389126,0.6347497106935318,0.6335164619207304,0.3697762013942888,0.6063085903024128,0.7134575186478253,0.557255432745636,0.6174821390317963,0.2401051295215484,0.5101260353117755,0.6928243786224639,0.0,0.0,0.0,0.0,0.0,0.0,0.0,0.0,0.0,0.0,2.450289492539051,4.936252967404944,5.043397924773431,3.206824133793678,0.5557360403772342,0.5868698112766774,0.4872149058334284,0.5770533046949146,0.5685834397101388,0.5408803822902785,0.5584627232799566,0.5308421019663502,0.5450464070766408,0.5255698489497258,0.649856855370834,0.5296514930699271,0.06992753807582197,0.0,0.0,0.0,0.07455975962905759,0.0,0.0,0.0,2.3515275570322736,4.327823251351571,5.021039125280364,3.669788980326416,0.3876502172095987,0.6336527644220049,0.36681323385988185,0.6750053719697144,0.594391560056524,0.5484536236762432,0.6052512568214168,0.560018312165332,0.42222316610384847,0.670729505680696,1.046648566996621,1.1537960050589895,0.21776014776217334,0.0,0.0,0.0,0.0,0.0,0.0,0.0,2.7505480382802574,5.080052558846965,5.080052558846965,2.623471951992764,0.5247000214248596,0.5610984368757859,0.4367904151897385,0.737885161781303,0.47651241329067195,0.5291207264654224,0.7313078211506168,0.5218701522671458,0.19881295886356243,1.1734146931950633,0.0,0.0,0.0,0.0,0.0,0.0,0.0,0.0,0.0,0.0,2.8906278447314993,4.691436352457224,4.914165729925568,2.9726816510425014,0.6314194871095091,0.4256323781988076,0.634829339258377,0.7724694189403266,0.5168211078169546,0.5665344919557787,0.6085471906039217,0.601317512076839,0.22435322253670797,0.7813157847585939,0.0,0.0,0.0,0.0,0.0,0.0,0.0,0.0,0.0,0.0,2.384819199255711,4.4410270213743575,4.637032024296279,3.700622023965875,0.6936502585295647,0.43835938405786073,0.7682057084887378,0.6343806915177175,0.5498092744481393,0.4239636726938526,0.5272622193987374,0.6004995889460941,0.4838339637325455,0.45523030266179365,0.0,0.0,0.0,0.0,0.0,0.0,0.0,0.0,0.0,0.0,2.7011876970568443,5.009471288249897,4.802135882351517,2.9845144832762487,0.6245499516045074,0.6041618309824903,0.44470427528735706
4.961872190997725,2.6067899205108103,0.665462538623828,0.5466843108135075,0.6093844823325232,0.5277889167628378,0.7487760606204749,0.0,0.0,0.0,0.0,0.0,0.0,0.0,0.0,0.0,0.0,2.498570525812874,4.510182603826865,5.048813594856522,3.2049473415959837,0.565178445098207,0.5559858887991446,0.6075154276811686,0.37868852739169545,0.5422339469298082,0.6943224218486038,0.38488462434785004,0.7912227983125719,0.6402532877429032,0.7315496419780021,0.0,0.0,0.0,0.0,0.0,0.0,0.0,0.0,0.0,0.0,2.313877989712241,4.390331273563451,4.973304539681122,3.33798007950093,0.6857075339614158,0.5055150093780545,0.6277047665460964,0.5431549699170066,0.35305322513436893,0.6554086297979752,0.495922602788367,0.5518326342314922,0.5022957943312221,0.7405594968405129,1.139667113145163,0.6579276102379594,0.12783078681908805,0.0,0.0,0.0,0.15472212076761593,0.0,0.0,0.0,2.2688802520008693,4.688189645021866,4.732394828488147,3.6407525070779774,0.45967990541174697,0.7324951108336692,0.42138245829506,0.654975169233823,0.537307626934141,0.34011162579918763,0.6683620353874502,0.4798375737855013,0.3957778242071351,0.6943659394159408,1.170037624540474,1.1596629638334417,0.33357187491046747,0.0,0.0,0.0,0.0,0.0,0.0,0.0,2.682544083824119,4.790767613976478,5.029341712588994,2.784827313578032,0.5159462337687959,0.4663484278027085,0.43266774279490366,0.6191101764847896,0.41202477705844676,0.7853685609434505,0.45105073087319747,0.6386117237604703,0.6136358659792573,0.6162817741953805,0.0,0.0,0.0,0.0,0.0,0.0,0.0,0.0,0.0,0.0,1.969726818320917,5.048813594856522,4.710824893605662,3.3977705282858484,0.7055871133819476,0.5100020880947645,0.5229425663116216,0.5631317275254833,0.4232292018586656,0.5311538235991367,0.6049388513357224,0.5822580218608954,0.6158409662571498,0.6984693973560555,0.0,0.0,0.0,0.0,0.0,0.0,0.0,0.0,0.0,0.0,2.4615390332036267,5.048813594856522,4.790925510844561,2.946624690450385,0.5577710859148411,0.6338902638984276,0.46727676710758803,0.607077302026561,0.502098974960176,0.5418002338589514,0.6111442991593792,0.5035855471254004,0.5138428766581901,0.6719996447917846,0.0,0.0,0.0,0.0,0.0,0.0,0.0,0.0,0.0,0.0,2.412961595689258,4.982075669018998,4.9315611360451195,2.8423084355485524,0.5330430087050635,0.6538834114303346,0.5071104658639726
5.049008658676069,2.595764136135811,0.554953219437161,0.611025325165275,0.5271420175895305,0.26886764741298924,0.89761119832715,0.0,0.0,0.0,0.0,0.0,0.0,0.0,0.0,0.0,0.0,2.327828710520304,5.049008658676069,5.049008658676069,3.127610118593114,0.5886309243146192,0.4807373011490461,0.5602755036664647,0.4631274677105009,0.5633279648664621,0.5007703821219556,0.44605934419643406,0.7080493679930956,0.5138953442082965,0.26763924260345023,0.0,0.0,0.0,0.0,0.0,0.0,0.0,0.0,0.0,0.0,2.2126269224449797,4.296156313214182,4.922782048965917,3.8207453238074485,0.6545908433769778,0.49650078450823143,0.6790384867515732,0.6583431695198317,0.5062912137393875,0.6242802037160953,0.4071385609598442,0.4981844925449474,0.8180659508217216,0.7650182360902215,1.1017406202007638,0.8065266257838246,0.2319620158746183,0.0,0.0,0.0,0.0,0.0,0.0,0.0,2.6747447155942354,4.4792156742225755,4.872706963860182,3.4657132866430636,0.5202270186718908,0.47674452851918714,0.4049599363965855,0.625654145618945,0.567530124752674,0.6925235542460475,0.6062953613260749,0.6028070567229391,0.30767914123774043,0.8646243949839312,1.0709243060332858,0.48964815351462,0.4854311221921538,0.0,0.0,0.0,0.0,0.0,0.0,0.0,2.6040229505880146,4.512647565906521,5.049008658676069,2.9931567361765667,0.4882195201229635,0.5893322998409091,0.4613073315722176,0.5289704992821104,0.454780024809199,0.6577852533012917,0.4831763873687078,0.7255267492793571,0.6441490100241367,0.623397403932297,0.0,0.0,0.0,0.0,0.0,0.0,0.0,0.0,0.0,0.0,2.8437385230046432,4.861372963827709,4.750785751841546,2.851294486509938,0.6470245443177454,0.5832590450555967,0.539656683802098,0.5859264949421074,0.5028987274449371,0.6405393071446991,0.4056598037533628,0.6190327513121654,0.6243544609488939,0.7507599325300924,0.0,0.0,0.0,0.0,0.0,0.0,0.0,0.0,0.0,0.0,2.637053304213271,5.049008658676069,4.628986951986185,2.9597841512847056,0.8740712101744322,0.6116128725711751,0.5588994253312547,0.6453229076551175,0.41193990167328587,0.6609104689763159,0.5955183126999681,0.5636973575990221,0.5851100780136945,0.6375816166085777,0.0,0.0,0.0,0.0,0.0,0.0,0.0,0.0,0.0,0.0,2.844995329237613,4.829374225608249,4.846704731508463,2.9080785363302533,0.6251487171646577,0.4989020507019556,0.4164143235020788
5.026118633306029,2.7204527385849526,0.537045033912396,0.6816723482283451,0.5664304515583165,0.0,1.0144409503666978,0.0,0.0,0.0,0.0,0.0,0.0,0.0,0.0,0.0,0.0,1.9884270366763075,4.643255266638577,4.721024503147235,4.0715028066446015,0.4825413916121668,0.21227772204844989,0.9219505630831064,0.6431418648450332,0.577568116794825,0.42868050828400495,0.6801036046677612,0.6436742610090382,0.6108949928261922,0.5918089898861917,0.0,0.0,0.0,0.0,0.0,0.0,0.0,0.0,0.0,0.0,2.436161246904099,4.824655494295977,5.19210737362382,2.932440094149605,0.6181658524316851,0.4958849655896432,0.5491584264575785,0.619742357093235,0.4875400209196658,0.6858127711710679,0.5662060048810011,0.41000157988311514,0.7788117208516517,0.7452785228703498,1.1870901841005084,0.5072597807687154,0.10212640005778131,0.0,0.0,0.0,0.022524664982016773,0.0,0.0,0.0,2.2569343335346312,5.19210737362382,4.935357516956268,3.281869776889747,0.5622591960213191,0.5711028775921714,0.5261889732235371,0.5375788669778746,0.5350117417209445,0.6379156241256291,0.6008602032740084,0.69907494344495,0.1772426488601666,0.6492122634172575,1.4259766866705639,0.9721137878474053,0.24005476888814137,0.0,0.0,0.0,0.0,0.0,0.0,0.0,2.5525757695465963,4.640200602400627,4.690381268463002,3.5410598988689785,0.6261006154860949,0.5694488254026894,0.4933517549317504,0.46261152458368954,0.6256699404212109,0.5793384069603097,0.5926661088799154,0.5091038183653736,0.6192682766933972,0.5410022798407725,0.0,0.0,0.0,0.0,0.0,0.0,0.0,0.0,0.0,0.0,2.427380657974008,4.374618900857262,5.001877559204127,3.639178983294623,0.43213548407379165,0.6860726100036375,0.633998762086528,0.25988029956933884,0.7895614371489416,0.31305155744385965,0.6807649308332383,0.5593543631589115,0.5164761124576085,0.5725304367176618,0.0,0.0,0.0,0.0,0.0,0.0,0.0,0.0,0.0,0.0,2.6088999881972894,5.059871284275378,5.120896973204413,2.8483405747211012,0.3813992149643514,0.7716934859676716,0.673320844035359,0.5157079932629653,0.6000061815352616,0.5092623143085235,0.6155425545904012,0.5067083796271906,0.7394933414186506,0.7473575684380915,0.0,0.0,0.0,0.0,0.0,0.0,0.0,0.0,0.0,0.0,2.496162261863927,5.19210737362382,5.046219093453007,2.782077326380922,0.7083968271135019,0.5583821325381659,0.7013897003799932
4.7331718154653615,2.867222126032569,0.4848852521261512,0.4963213433855856,0.5267481282674643,0.11931511726714927,0.7752451986765863,0.0,0.0,0.0,0.0,0.0,0.0,0.0,0.0,0.0,0.0,2.646472390881249,4.4778278023372655,4.7331718154653615,3.44405889873856,0.5517009532699766,0.5190787931063813,0.4112012715604434,0.5384416625322632,0.5178647343479735,0.5095108425554297,0.48663941135447475,0.6539607679537337,0.4515943427937214,0.6405491059974295,0.0,0.0,0.0,0.0,0.0,0.0,0.0,0.0,0.0,0.0,2.3852814741780612,4.612647615054442,4.433365690526583,3.944942414317562,0.47247522477258597,0.5758093961792407,0.4803680785778474,0.5398674297735249,0.6320326665857623,0.6055938733760482,0.5608969801534314,0.5009425210777271,0.2909305158178591,0.8421931622186003,1.0600428576223084,0.4397227903975756,0.4858757328019666,0.0,0.0,0.0,0.23585375933259556,0.0,0.0,0.0,2.7376110993915836,4.715043947952366,4.5061404346760074,3.181011227455129,0.8216369719150836,0.36714351804275197,0.28799630039395197,0.7678743250645205,0.5166430548327879,0.5402673581167792,0.5848817395238267,0.45982628189829255,0.40365220764100584,0.7032588978003979,1.096893832278482,0.8241487627300206,0.5610181229257627,0.06144678603985506,0.0,0.0,0.0,0.0,0.0,0.0,2.8416892797847852,4.601712267126373,4.255897573515659,3.4579868185274987,0.5261930840826612,0.41724414458988723,0.5321934257187491,0.37033097784812696,0.6634628839452824,0.40498601224857866,0.5523663866826848,0.557892827947395,0.1290160401484161,0.8462383135464744,0.0,0.0,0.0,0.0,0.0,0.0,0.0,0.0,0.0,0.0,3.089349400440062,4.495681310430821,4.653539013962468,2.9476800879670106,0.4778015766087111,0.6213534115272591,0.5341431072222877,0.5468293831573711,0.3419710442599128,0.5818625116301416,0.5408074179694311,0.5718723642798454,0.5297101862968392,0.6013065724602331,0.0,0.0,0.0,0.0,0.0,0.0,0.0,0.0,0.0,0.0,2.4717152767937973,4.668552681213032,4.111751996139837,3.962189789208401,0.7861655206237637,0.40388113574150636,0.4034626414308702,0.6428996927314815,0.6332890271723631,0.5057419800480367,0.5469231371736308,0.4354667524957737,0.45794860755811323,0.781053463441264,0.0,0.0,0.0,0.0,0.0,0.0,0.0,0.0,0.0,0.0,2.733000221554005,4.692613047541549,4.422725230958977,3.44190484740846,0.46286018497894926,0.568784459259895,0.5377554973516715
4.463348599097751,3.1577646220458857,0.4063936402200675,0.601893608201507,0.3970252173013483,0.2262353774971634,0.7706367934926206,0.0,0.0,0.0,0.0,0.0,0.0,0.0,0.0,0.0,0.0,3.061300778448132,4.062862126911485,4.609016661573982,3.3731230156909153,0.5416414883192883,0.5465604339248227,0.45935029389863985,0.6380238524558502,0.5748293588579632,0.5622243039938214,0.5679604164660913,0.38631463619185386,0.16463672508641203,1.0295340105323671,0.0,0.0,0.0,0.0,0.0,0.0,0.0,0.0,0.0,0.0,2.6431162166079276,4.558784664895076,4.456167566254988,3.416429334070214,0.6661669603024555,0.22560520865609457,0.8863939416496418,0.5780163526526766,0.21209169302776304,0.8528733825956675,0.557239001058489,0.45979798667432875,0.12504614099487488,1.0771877416367812,0.8278449074231782,1.213125614890462,0.7722562279597057,0.0,0.0,0.17042668792436544,0.2851664750604986,0.2066141121665268,0.0,0.08570134760195991,2.761878894705501,4.757387564151009,4.520643961266779,1.146661221299134,0.5963932785511669,0.3055625078792521,0.75214793623022,0.5185044725369942,0.5463046530100234,0.5764607384991504,0.48135190539985223,0.5179513521279259,0.4938147946961131,0.2979295144982279,1.386116099493666,1.339034603277182,0.7335554142481016,0.24725849103428596,0.0,0.0,0.0,0.0,0.0,0.0,2.89772617554924,4.719342627134428,3.9027555267772263,3.720640552379972,0.7425919307195289,0.532160259276926,0.4907851565934634,0.5700421049642015,0.27089503583244645,0.6718606936044271,0.5152546848578667,0.6103019946098501,0.3453070606761478,0.8821281997220441,0.0,0.0,0.0,0.0,0.0,0.0,0.0,0.0,0.0,0.0,3.230098797592561,4.757387564151009,4.33801128212281,2.7346040967695293,0.6209049252439605,0.5071935273501909,0.6149526273494916,0.48792410368649985,0.5363059926680406,0.44847725991974235,0.681841105341213,0.4693767771352144,0.3019598493537001,0.7330595164355964,0.0,0.0,0.0,0.0,0.0,0.0,0.0,0.0,0.0,0.0,2.53072008856254,4.757387564151009,4.611848223199976,3.1972449350012826,0.43314966672265387,0.6624549427174963,0.30489182801229825,0.7504107908029933,0.579586057189406,0.5274033717751722,0.58376484329521,0.5047165770073725,0.5733184078500496,0.6825922635538849,0.0,0.0,0.0,0.0,0.0,0.0,0.0,0.0,0.0,0.0,2.940729456499592,4.389473432800224,4.638374514881339,3.1291633679353996,0.5430164513628501,0.5105144889246227,0.4985522072130276
5.192490685070426,2.423907842223943,0.5411461812372773,0.5042328701576215,0.6890326734084924,0.4207835773624724,0.9928373642962405,0.0,0.0,0.0,0.0,0.0,0.0,0.0,0.0,0.0,0.0,2.5855330738752,5.31207590992756,5.31207590992756,2.1433585685725998,0.4696677534729487,0.7967124405201418,0.7598214093531644,0.5864003729800336,0.7475297234050341,0.599136580058183,0.4960117862077923,0.6875541085664687,0.49115365665122335,0.5818855392937566,0.0,0.0,0.0,0.0,0.0,0.0,0.0,0.0,0.0,0.0,2.25499014046594,5.294170053958088,4.748268779503891,3.0836343494308287,0.6025393620679352,0.6355354713363024,0.6881431710982825,0.6859046653767386,0.6134148109247377,0.5037315872969326,0.6160888601135802,0.49491490527725873,0.5958360948776316,0.7262482102300121,1.2349629652301646,0.39301078255999755,0.3893907261389832,0.0,0.0,0.0,0.0,0.0,0.0,0.0,2.6263330777106626,4.722397235650873,5.143742208053958,2.783385892062643,0.6874950420169992,0.48293691995515664,0.7538721714865151,0.6237814568315473,0.3538139505263212,0.7493806285697922,0.5277842400879401,0.6269295472608669,0.44428782645931,0.8189454331104903,1.333480966958984,1.1919040292335694,0.43971327134988236,0.05948672236607955,0.0,0.0,0.0,0.0,0.0,0.0,2.655401511123485,4.917922526834441,5.288458089008706,2.4006735558478,0.6517691340403665,0.6861795117910254,0.7337500714167947,0.5531159439921965,0.5726107550557606,0.48661883695662284,0.7582838399883066,0.6129774818083853,0.6764762036549368,0.6982907161880969,0.0,0.0,0.0,0.0,0.0,0.0,0.0,0.0,0.0,0.0,2.314514165556773,5.120354654309558,4.959900552523779,2.9961702979256017,0.5256396216117998,0.6517317761906136,0.7478948068453892,0.6468847231055027,0.4443359297383119,0.5949338179608896,0.8452386883398285,0.5641868470413867,0.5342046998295353,0.7301717088306597,0.0,0.0,0.0,0.0,0.0,0.0,0.0,0.0,0.0,0.0,2.510651912571875,4.906617750824038,4.935323315404537,2.9942270196724907,0.6544102888477288,0.5236295922163197,0.5785642434909803,0.5786329900484036,0.419623135971607,0.7191476940227497,0.5102438057680209,0.6486460198355857,0.5387169916265713,0.8026909219096333,0.0,0.0,0.0,0.0,0.0,0.0,0.0,0.0,0.0,0.0,2.9600062176696254,5.049046207860028,5.147183290059304,2.2527952930591773,0.6957951166379815,0.579293226147096,0.5641884118239175
4.879373694395232,2.7298204851309684,0.48489306392625475,0.5111344775796414,0.5975844530737856,0.08583081147676519,1.0526438851885813,0.0,0.0,0.0,0.0,0.0,0.0,0.0,0.0,0.0,0.0,2.308662282068118,4.8414518430200095,4.86622108219251,3.4276648287849087,0.5138482861027632,0.6408362749663308,0.5113901539296523,0.3895364824949052,0.6813629481401974,0.5320951758507234,0.45766963736716526,0.8555440718090976,0.3422387948220196,0.6695119448323323,0.0,0.0,0.0,0.0,0.0,0.0,0.0,0.0,0.0,0.0,2.530624308590149,4.39571454965949,4.719972166616981,3.826962448643404,0.5543677579329981,0.6547020325780549,0.42776272490927053,0.5961623551396066,0.64839687476631,0.31683755410997333,0.7054410682830875,0.7139693751155528,0.6201167055104675,0.6252710923427065,1.131376841273096,0.5019453477410283,0.09725079195925328,0.0,0.0,0.0,0.26651218835097623,0.0,0.0,0.0,2.460150703038767,4.592120826051033,4.545872211735028,3.8746626918467166,0.5142400839079686,0.5890917515906181,0.5927072769067938,0.4836964267289514,0.4764327032511279,0.5272916040279491,0.5442295185268637,0.5019823904457371,0.274838696962233,0.8170806511321149,0.9802359553615272,1.0216707041203765,0.4274006609815846,0.0,0.0,0.0,0.0,0.0,0.0,0.0,2.712369343493423,4.370560476722705,4.579751657693892,3.689000959776154,0.5984756836969878,0.53984900333715,0.45333771633124126,0.5351012242593352,0.6498184284621835,0.39788921699201923,0.5554961581983325,0.46456874680482707,0.49574620949163783,0.6257877933297097,0.0,0.0,0.0,0.0,0.0,0.0,0.0,0.0,0.0,0.0,3.1211906377746006,4.465973381953785,4.747323869064179,3.1429753467068355,0.5264958150209169,0.4555929225690566,0.4313748773234837,0.6227473035430162,0.522760093273876,0.5420571207351151,0.734368073812334,0.4797601292202536,0.5470454835824329,0.8481330580449491,0.0,0.0,0.0,0.0,0.0,0.0,0.0,0.0,0.0,0.0,2.4850550529419344,4.638344644921372,4.886471366492735,3.398000031006078,0.8125223441255675,0.4027905714715817,0.6693068343471058,0.6421575471530746,0.4530281091226479,0.5533046237491259,0.6552687931274542,0.5422870576157712,0.5262758050792816,0.5373656391979699,0.0,0.0,0.0,0.0,0.0,0.0,0.0,0.0,0.0,0.0,2.625252237724063,4.847074412723471,4.515403001258145,3.303501804228269,0.6412971636506732,0.6159461478488347,0.3716629166355012
4.376822700224831,3.4668843710482027,0.5950203505350463,0.5140868308861809,0.7400863091224329,0.25877893874018887,0.8485025770680675,0.0,0.0,0.0,0.0,0.0,0.0,0.0,0.0,0.0,0.0,2.8815030136013524,5.052551663663007,4.861771393153897,2.829369786927844,0.6954152073844959,0.5346256423113042,0.7675152188705552,0.5560095589516303,0.6132543216044903,0.4519501578685346,0.5111168381775062,0.595144571743105,0.5531033524604867,0.7767132401221863,0.0,0.0,0.0,0.0,0.0,0.0,0.0,0.0,0.0,0.0,2.71432929714328,5.111083027688368,5.097002848131286,2.6972277796810187,0.6753016075607903,0.563195213198413,0.3445571485300691,0.6566007717966732,0.671373231490028,0.6419260578648881,0.5806363829672748,0.5560123935405338,0.32309570213618877,0.9241361752245535,1.0530773109277718,0.741782655848289,0.3830848987706865,0.0,0.0,0.0,0.27399605093779383,0.13383078252683767,0.0,0.0,2.921753621370997,4.635611690926643,4.808526792015973,2.8476581287454428,0.6452057876034202,0.6181419160543893,0.4603253243362443,0.5198907934477033,0.6338209831900845,0.6017291272377743,0.5908928249062375,0.39102930989362356,0.44630497504505606,0.9619700855638572,1.1867706478829134,1.404519379641983,0.5339570884282256,0.15859325019367354,0.0,0.0,0.0,0.0,0.0,0.0,2.873568474756829,5.114662339633382,4.874994579304365,2.9384987899382806,0.5373009674140354,0.5908580578475601,0.6939407317455072,0.49233507906322904,0.5801321578809808,0.6828559995979623,0.5409185193101359,0.5619704811182269,0.1571695366119814,0.8343579832119525,0.0,0.0,0.0,0.0,0.0,0.0,0.0,0.0,0.0,0.0,3.043003670451095,4.788176002214133,5.051804572193134,2.8602793068094825,0.7141238394780061,0.5555413320222707,0.48547296811537893,0.7581238640594641,0.455260177719562,0.6409846979029121,0.41587706667247293,0.7121437018029539,0.5757310565012385,0.5199048527449892,0.0,0.0,0.0,0.0,0.0,0.0,0.0,0.0,0.0,0.0,2.8678507843115044,5.149690617601348,4.961356226438208,2.7198780270637615,0.7255663017264576,0.579856470528721,0.5912781099775833,0.6751484788692578,0.4662166952653833,0.7540302082002144,0.6489968832035872,0.40271777312541535,0.2769990398732567,0.7357082030613925,0.0,0.0,0.0,0.0,0.0,0.0,0.0,0.0,0.0,0.0,3.0694344174387345,4.5404403860522216,5.1407782927463215,2.828841490428998,0.64044452376077,0.4901970439393514,0.462791954610879
5.17238308789661,2.2733459136280363,0.7800511205780131,0.6027166174515346,0.4141832316990671,0.6576534097893595,0.5806802043822032,0.0,0.0,0.0,0.0,0.0,0.0,0.0,0.0,0.0,0.0,2.697857188412571,4.94824536817879,4.9657135398812695,2.9029726326087437,0.6300248673296976,0.5796707580072324,0.4662551401576296,0.669089550233125,0.645356513721443,0.6035249543606357,0.45911747779550516,0.6002247787748479,0.5782125253406548,0.5800978919993947,0.0,0.0,0.0,0.0,0.0,0.0,0.0,0.0,0.0,0.0,2.7260293464401713,4.753269237986258,5.152933080194051,2.9256197234438237,0.6558337668303686,0.5969614050635753,0.5874246086839149,0.4681899694297788,0.6210684300813737,0.5695928870123328,0.601072620084801,0.5200946714357495,0.48453353856146325,0.777100856307404,1.2075219764596008,1.1298225352770461,0.5917019668944858,0.11840754069134243,0.0,0.0,0.5234538332138002,0.2611614059736125,0.0,0.14373870975621195,2.6198814556609618,5.029009224595968,5.147407630024565,0.5565094274138968,0.5183085159354859,0.5742197079850078,0.39526959780419835,0.7058750566023952,0.549771649867645,0.6558742953600957,0.5541431874917605,0.5412239320708248,0.0,0.8784538663708013,1.3225969539997997,1.1814724112693706,0.9307261464340346,0.377340684314289,0.0,0.0,0.0,0.0,0.0,0.0,2.4809390788641394,4.715225826018814,5.149559769808159,3.234882249215766,0.5697716037240562,0.7531155537813624,0.6263286610484388,0.5259434000669014,0.6557275157686268,0.5441778956775272,0.5984590436136871,0.3544985887880298,0.8298195712475085,0.7602019770210333,0.0,0.0,0.0,0.0,0.0,0.0,0.0,0.0,0.0,0.0,2.948403964392299,5.068215935160354,5.068922669708243,2.326943940709875,0.7005178058737009,0.5830152028692394,0.49765581744548315,0.6838750152376323,0.7309360536749793,0.558448372643311,0.567519030607956,0.5421888095954511,0.5215205148020998,0.7382663155932798,0.0,0.0,0.0,0.0,0.0,0.0,0.0,0.0,0.0,0.0,2.7539702377850874,5.046029416163525,5.077727990119093,2.8213110195908477,0.6256594762801059,0.7044621120141895,0.48115012071336566,0.4193338497338782,0.5782216856331676,0.7434797025628848,0.328656365487655,0.7348196961262088,0.610218698482567,0.5051247517240552,0.0,0.0,0.0,0.0,0.0,0.0,0.0,0.0,0.0,0.0,2.8160018236378304,4.569787979883718,5.062514771545841,3.1150982288773283,0.5632105885691236,0.5731815704571028,0.5469454119001484
4.75960731683533,2.8713812570419406,0.4277732408248078,0.5876137945360497,0.6558116117594323,0.20233400973666216,0.7714418665673736,0.0,0.0,0.0,0.0,0.0,0.0,0.0,0.0,0.0,0.0,2.941955202670203,4.712365252481568,4.75960731683533,3.0769681948667555,0.593285894212697,0.5795140583899674,0.47667465435087936,0.5858969904910178,0.4371575539692123,0.5024777591944671,0.5814098921713029,0.6009394376012214,0.3717242286971274,1.036129715655832,0.0,0.0,0.0,0.0,0.0,0.0,0.0,0.0,0.0,0.0,2.1467481873879564,4.215965553586444,4.6038600544055726,4.456288935166477,0.6165727575038091,0.5815408540278377,0.48524594729099985,0.6026918953708224,0.4303745372266896,0.5484638646310788,0.5496533108902277,0.3761517716040671,0.689328812379135,0.6201545579275036,1.2503596239171664,1.061509711235876,0.3876421482874134,0.0,0.0,0.06369114097325769,0.4087826579052418,0.0,0.0,0.0,2.3066754938162912,4.419899780384201,4.657881638949489,3.3762767958995292,0.5734840866693076,0.5212548256324624,0.4707754550002908,0.5138126304056213,0.5530094351966458,0.5581138175150477,0.35474547088055336,0.5626788700367116,0.5969529419914144,0.6822970717134065,1.0446219342915946,1.1480654954425509,0.8173991117788058,0.19615391581010755,0.0,0.0,0.0,0.0,0.0,0.0,2.6263121050805105,4.276750767251126,4.437400759144824,3.9578888113641386,0.6390458631905631,0.5608004468112501,0.4624044353807203,0.6571159210181006,0.5538576795451523,0.4531904740566401,0.3009974111483316,0.7502880024498985,0.29285540994826026,0.9435493532256465,0.0,0.0,0.0,0.0,0.0,0.0,0.0,0.0,0.0,0.0,3.0385365291044626,4.609169964168127,4.384164674856989,3.270331709107741,0.5667763730801085,0.7227999489918518,0.4157215081885207,0.43125647539375805,0.4477903552920639,0.38534356956497284,0.6606003953269494,0.5941305229374371,0.4226372346967189,0.7803454242167008,0.0,0.0,0.0,0.0,0.0,0.0,0.0,0.0,0.0,0.0,2.8807499646733064,4.370163581426363,4.300162617478695,3.9281152765646095,0.4542450409820378,0.49226416684633506,0.5386683212891429,0.5847481245986592,0.6011757280590657,0.6332717825934341,0.5219036941957563,0.5068036472807339,0.34665841351827736,0.7546614461032508,0.0,0.0,0.0,0.0,0.0,0.0,0.0,0.0,0.0,0.0,2.676022249010533,4.691144312593755,4.75960731683533,3.2771907961233344,0.5496230150818071,0.5796364717876739,0.5087366153455309
4.798283294827418,2.756825608063318,0.47066910417093255,0.6751229133922765,0.34229228453093136,0.4972548582717642,0.926012627504193,0.0,0.0,0.0,0.0,0.0,0.0,0.0,0.0,0.0,0.0,2.4760281561888307,4.9113966799228255,4.615260571366024,3.3902701548682384,0.43758393224710557,0.6615741072448517,0.5473585024871557,0.5277940101013898,0.3801688923951744,0.6791091561827765,0.5540906868130853,0.5638398494124987,0.36847313189773145,0.8982280387632681,0.0,0.0,0.0,0.0,0.0,0.0,0.0,0.0,0.0,0.0,1.8461558237737759,5.038017682907553,4.88778420230033,3.6181240610724714,0.8180597561317267,0.39574242033546037,0.7808753564112244,0.4734357588945512,0.6802108830044551,0.49250552653257784,0.6701104404279484,0.5345687005905246,0.5653152034602182,0.8251614760364063,1.0921435904167065,0.7063333732615025,0.0,0.0,0.0,0.0,0.0,0.0,0.0,0.0,2.453001637499154,4.459795359967162,4.57785131976282,3.537057393366054,0.8113243525530108,0.5846935306869242,0.5526897918159983,0.5941396691878782,0.38793294417994867,0.40394901866198224,0.642746689141825,0.4246488671164849,0.1347747187235211,0.6922902410655924,1.3444156409033639,1.1474383985134597,0.28043141413077793,0.0,0.0,0.0,0.0,0.0,0.0,0.0,2.4465724410392156,4.266799168710738,5.013888135655078,3.4467331945496364,0.6126874186750487,0.45365559191932336,0.6542487490463198,0.7884271313256616,0.30078908694582085,0.7594862290309004,0.4538025786146608,0.5335433749621864,0.3550171914513136,0.9562983817669473,0.0,0.0,0.0,0.0,0.0,0.0,0.0,0.0,0.0,0.0,2.96128290762223,4.98829106344891,4.791870830269919,2.719153565995915,0.5853574011441518,0.5170993902817944,0.6146413865021739,0.4874928187008025,0.5723296048323524,0.6223223411590301,0.5299358580288193,0.5732535280386766,0.7144651973624844,0.7771371280786005,0.0,0.0,0.0,0.0,0.0,0.0,0.0,0.0,0.0,0.0,2.4351249779614568,4.603987000704347,4.518650349273514,3.649293743329058,0.5187323270765851,0.6227929756559218,0.5724612919390656,0.44821699588310293,0.5837918550126915,0.6526946885792468,0.3938069585641124,0.755780228536529,0.45906786521964427,0.7529779519799551,0.0,0.0,0.0,0.0,0.0,0.0,0.0,0.0,0.0,0.0,2.6943485595998666,4.718029836056658,4.976624198096466,2.8439633967311133,0.5426702401974205,0.4566097277428823,0.7025172822895364
5.009652805106093,2.6703853093883323,0.5773892366621479,0.6933584944700791,0.5901492688316601,0.46995361677573705,0.6289675145616084,0.0,0.0,0.0,0.0,0.0,0.0,0.0,0.0,0.0,0.0,2.5914769633613073,4.553723266049356,4.903108590123642,3.1512667764760165,0.8283394387415398,0.6161454685906712,0.4599516361296315,0.5856423399873915,0.5823723936002385,0.5262214377483304,0.48746440393386575,0.617005262800359,0.20658756840936388,0.9373452457049131,0.0,0.0,0.0,0.0,0.0,0.0,0.0,0.0,0.0,0.0,2.5354353294564618,3.9529733192871914,4.928660465007561,3.926151175133514,0.4490995035450133,0.7106497578269921,0.6109641020342128,0.5025147237105786,0.4419726122525258,0.49584938286544633,0.48854969155603467,0.722162595117579,0.524023622054757,0.6192489150240092,0.9766965825822995,0.6319198145217244,0.3809618579996741,0.0,0.0,0.0,0.29599746335681765,0.0,0.0,0.0,2.5751950337933938,5.01122716165674,4.9687238097115,3.077466709893903,0.6837134271300097,0.6036692458637558,0.433779537016562,0.5330711186474684,0.5511701206529721,0.4134552255672841,0.5548173137362241,0.4145812188862617,0.6066512448104513,0.6460985541952047,1.0226819516099752,1.2215091364136588,0.33761038382745134,0.0,0.0,0.0,0.0,0.0,0.0,0.0,2.750217053412268,5.01122716165674,4.721499917852592,3.2154610268047867,0.6332221580265412,0.5906557068373869,0.5483591070823962,0.5814844404403363,0.593432914831969,0.4699459486852538,0.796219225758816,0.5576550886564053,0.4461213198750398,0.7568846586854227,0.0,0.0,0.0,0.0,0.0,0.0,0.0,0.0,0.0,0.0,2.390383949111862,4.687941848507506,4.651005532539998,3.8263416986327963,0.5107729757205111,0.5611974472924138,0.5645462768155085,0.5335997606937843,0.43547247580049747,0.5660358164486433,0.5563958253681358,0.5830413118903789,0.08876747663151947,0.27227029322979046,0.0,0.0,0.0,0.0,0.0,0.0,0.0,0.0,0.0,0.0,2.184109152623419,5.01122716165674,5.01122716165674,3.323557303138092,0.48968853251696925,0.6583280213265514,0.6470202946804889,0.5402720876931394,0.6021526038253499,0.501189101514005,0.7005954848188193,0.5235891776795131,0.3632785182426639,0.7774979980046215,0.0,0.0,0.0,0.0,0.0,0.0,0.0,0.0,0.0,0.0,2.868890715264625,4.841979120555183,4.807623124529227,3.0868143630722162,0.4770881401989404,0.49609784170855215,0.6032678766865684
5.440432915490912,2.2819611200084347,0.6706654765189055,0.7210398929357248,0.7997711979295158,0.6203172202465834,0.6928759770822343,0.0,0.0,0.0,0.0,0.0,0.0,0.0,0.0,0.0,0.0,2.613595500777729,5.052340248648559,4.8992722902267944,2.8897375406037935,0.6904793717527969,0.5905722274545926,0.6120315590419193,0.4021846865594387,0.7724878625110285,0.7035913906853212,0.5861419487971735,0.6043815321441757,0.4464237795965931,0.9942910011138378,0.0,0.0,0.0,0.0,0.0,0.0,0.0,0.0,0.0,0.0,1.9033153334305262,5.405381823175588,5.279732671984458,3.0225986859212743,0.8176032971226443,0.4877480356433771,0.5993770331560111,0.4570255116777834,0.9366756396782426,0.6577786420958466,0.6847762049030571,0.6138888620468879,0.6054546956443376,0.8032010092348896,1.2544381933535647,0.384100459085035,0.25278702501039485,0.0,0.0,0.0,0.18283388377635207,0.0,0.0,0.0,2.3762438102607915,5.276585834171236,5.440432915490912,2.548651498915833,0.509859053136078,0.6289086314093764,0.5774840847826429,0.5395406678195004,0.7975855185424053,0.47384012655536983,0.6503491917774179,0.5821530970632921,0.45626916189023403,0.8403311870885846,1.3629936683917765,1.1049652349069778,0.26450945755207605,0.0,0.0,0.0,0.0,0.0,0.0,0.0,2.414100368521858,4.76031415640852,5.4083448596791035,2.851612282513797,0.6076714078432526,0.5996652015293388,0.48918082765751947,0.6249720871311928,0.7775413819613225,0.3759854501401738,0.6858661656295212,0.6181509474947776,0.6731408978653665,0.7920295429078698,0.0,0.0,0.0,0.0,0.0,0.0,0.0,0.0,0.0,0.0,2.9256575922019543,5.215482636960673,5.201300551496704,1.931453709968018,0.8037500442292849,0.5535677022246307,0.750667699281206,0.5852943318167592,0.7508504632223079,0.4004091083886194,0.7638674878201831,0.6938569946367781,0.6478001489301668,0.5689809087315195,0.0,0.0,0.0,0.0,0.0,0.0,0.0,0.0,0.0,0.0,2.545859618678456,4.914016937230339,5.37660946268542,2.7632320535616577,0.5836988068633182,0.71323011465818,0.49079410394098455,0.5957387302974861,0.4635649084685217,0.7911253974777365,0.5542927680426291,0.6725519502762043,0.7898696308790752,0.5527770204387409,0.0,0.0,0.0,0.0,0.0,0.0,0.0,0.0,0.0,0.0,2.672714750045132,4.493215448248397,4.994023717551195,3.118942470761809,0.6228101698894399,0.5366759504618857,0.5720636959788672
4.89482939131948,2.762230524265414,0.5384250553022288,0.5199092802424683,0.5292088489910332,0.25030209135310655,0.5762787599635091,0.0,0.0,0.0,0.0,0.0,0.0,0.0,0.0,0.0,0.0,2.705210018923414,4.840882305812308,4.725231013601693,3.322634665025205,0.5689683461586799,0.5111029781147122,0.5181949558915012,0.7220342885715845,0.5146066173552457,0.6508837334350158,0.5256730268253298,0.6780618566764777,0.5746493806739061,0.6695301221775743,0.0,0.0,0.0,0.0,0.0,0.0,0.0,0.0,0.0,0.0,2.3632643229836865,4.836377957146181,4.94262148422876,3.4627997753855477,0.6118662047657268,0.5460565215510571,0.6013377247949331,0.4345997804746542,0.6102008894634788,0.3906814429593052,0.852882174571313,0.5461178594528755,0.5088473287106703,0.8751959605581612,1.1638966642146726,0.8799004109727857,0.17559217073259425,0.0,0.0,0.0,0.18364514318297914,0.0,0.0,0.0,2.6490291931049095,3.9840781813436754,4.744263959326639,3.8165286700088847,0.8671026813430833,0.4568193575864449,0.7148773225134369,0.5336918700866167,0.5855699774513953,0.4124590190427909,0.4611695729361118,0.6930205204590811,0.28412251365379326,0.7508068202772569,1.2945563092019439,1.1485775024612839,0.11579043105504283,0.0,0.0,0.0,0.0,0.0,0.0,0.0,2.7973989811533,4.471991992729155,4.417478464356249,3.6191372476981147,0.6164551749544457,0.5115391928203076,0.35757055967226714,0.23360145929174767,0.4437992020141628,0.6320718518216655,0.5239606304442058,0.5714721394924764,0.6388423616824548,0.38613136939578574,0.0,0.0,0.0,0.0,0.0,0.0,0.0,0.0,0.0,0.0,2.6129676149695724,4.947854013832282,4.561465456528209,3.248275167598295,0.6048165818460453,0.4069560591812196,0.6507769041490727,0.5916622588233706,0.560612327143999,0.6361428326581303,0.522764698833305,0.5874945694484952,0.7486904977762568,0.43409678793369977,0.0,0.0,0.0,0.0,0.0,0.0,0.0,0.0,0.0,0.0,2.2811923812860013,4.295029972311888,4.5888016725328935,4.469180268939431,0.6714469139924587,0.3868298219709405,0.5810986288748631,0.7171065241315399,0.6080180678934859,0.282081040067614,0.763093753611751,0.5175575667846015,0.4756386693722643,0.29295382396315794,0.0,0.0,0.0,0.0,0.0,0.0,0.0,0.0,0.0,0.0,2.5831546130000307,4.75964131156258,4.673399224704948,3.373888648884386,0.6190362318388756,0.4706653089839014,0.5880112880020075
4.935401473271318,2.6298509304656275,0.555273043360889,0.522575741502437,0.6019348672642022,0.39913361991377755,0.6419272254998275,0.0,0.0,0.0,0.0,0.0,0.0,0.0,0.0,0.0,0.0,2.681186801011899,4.746323015664272,4.2246448105646195,3.654634408031221,0.6217896174853562,0.4737861740629583,0.738790765330496,0.5135234027505327,0.5316379647993912,0.7030426635264927,0.5006287986198708,0.4678320381262712,0.4032468185087739,0.8972090160576905,0.0,0.0,0.0,0.0,0.0,0.0,0.0,0.0,0.0,0.0,1.875224357970251,5.018656461303112,4.390728393614363,3.6845907304324235,0.6992359568128538,0.6535970407020356,0.5708602186545141,0.7347990170668685,0.596875204135038,0.5629725256633266,0.4552553440865642,0.5017775102260841,0.6360682042972783,0.6142471457787355,1.1616200214017454,0.8605236208845067,0.5708346166650546,0.0,0.0,0.0,0.09660587571820045,0.0,0.0,0.0,2.561380068840964,4.48102172651774,4.53257043548677,3.6003235595675487,0.6295142328213499,0.5053669828537497,0.49692393406577723,0.44251416074110617,0.6604101950076923,0.6195828948893949,0.4155751810865955,0.6611952662346433,0.21945800519151915,0.7560057494134215,1.0576474408640593,1.2325042070210284,0.6918347350861135,0.0,0.0,0.0,0.0,0.0,0.0,0.0,2.7840522956555143,5.060105340038289,4.703394676450505,2.711661422280312,0.5103650280010851,0.6585562428101043,0.4421846274359544,0.549892771878044,0.6381761595109585,0.6739996812404773,0.5726889266887315,0.5547321653069729,0.21663886714419145,0.7094178021987689,0.0,0.0,0.0,0.0,0.0,0.0,0.0,0.0,0.0,0.0,2.656758810717843,4.8865567998768284,4.9943575340209225,2.596429435742739,0.5219915389389421,0.6431015311650594,0.5497338732987194,0.48403644744335517,0.5836029546507547,0.6110451469852973,0.576789883363134,0.5238837439911094,0.5033624418952186,0.8813536398587435,0.0,0.0,0.0,0.0,0.0,0.0,0.0,0.0,0.0,0.0,2.649715489783304,4.926354686706293,4.728097776600091,2.9232946401047184,0.13248434197393302,0.8074745657667037,0.8148126479814193,0.5443789569072839,0.24605606327165935,0.612260065994098,0.7449612836021413,0.5018964432070554,0.4600596573600012,0.8423267989370549,0.0,0.0,0.0,0.0,0.0,0.0,0.0,0.0,0.0,0.0,2.641183445363003,4.7405341991182555,4.750582519106981,3.0902867945795793,0.4471044813150356,0.654605249954998,0.4605937731906824
4.625767515051,2.933588343120226,0.4490553012590867,0.4994775858404102,0.44606071601499736,0.7077904187503846,0.6184186138644977,0.0,0.0,0.0,0.0,0.0,0.0,0.0,0.0,0.0,0.0,2.5653821154481884,4.625767515051,4.427220591242314,3.6048160407129397,0.5647660023104721,0.4270055678500438,0.5546249667128184,0.5076738289115749,0.4699618705236074,0.536875548600693,0.546468266276996,0.35261227595600947,0.7583819875617944,0.7578849362300837,0.0,0.0,0.0,0.0,0.0,0.0,0.0,0.0,0.0,0.0,2.372506841780745,4.18202478317451,4.625767515051,4.04932439657594,0.5980206981314238,0.5204345735002817,0.6095287734009855,0.5434172055995732,0.4978646952605069,0.4300946235852956,0.45534050698281814,0.6309561318684778,0.5622245428804314,0.3843349334910595,1.3306062217266712,0.9746140777380656,0.27575248358360227,0.0,0.0,0.0,0.0,0.0,0.0,0.0,2.7148325313563504,3.79355003662792,4.321237862408169,4.127570389519912,0.5843028532125517,0.5663273903606926,0.6184366111383883,0.49097950745673513,0.4816446926420223,0.6702276230311838,0.5922218105414657,0.46000996225894986,0.30086237826183404,0.8407325524867878,1.0690537263904805,1.219437435704572,0.6262200108203572,0.0,0.0,0.0,0.0,0.0,0.0,0.0,2.442541301401392,4.593860387391856,4.209684629819741,3.779052070410079,0.6739285072176143,0.439265738983745,0.6226882665001018,0.40894931760217956,0.6174650098009219,0.6178212056641604,0.4260654204892295,0.5241099905569504,0.0,0.74551771695192,0.0,0.0,0.0,0.0,0.0,0.0,0.0,0.0,0.0,0.0,2.79744650025945,4.202099889404618,4.442612125970855,3.6789102131669607,0.6229158051837432,0.5484399518125225,0.4246726116216355,0.5372214212295112,0.5034054630972465,0.625208494601521,0.6171854966428206,0.422626531761182,0.5373784055581214,0.5247722017172798,0.0,0.0,0.0,0.0,0.0,0.0,0.0,0.0,0.0,0.0,2.7807290762239925,4.625767515051,4.397950250266067,3.432534644813829,0.5499625904151324,0.48241615440298535,0.5729591974031335,0.45685528758105115,0.5353357830161585,0.5658757265665665,0.5827813087430825,0.5512078682044131,0.4460887711969188,0.42427608058639166,0.0,0.0,0.0,0.0,0.0,0.0,0.0,0.0,0.0,0.0,2.8656870650939483,4.625767515051,4.597433140465898,3.212234077662076,0.5028673274089314,0.46239830555389044,0.4567545153412591
4.978254234581196,2.6320627758750366,0.6103363515820539,0.6551639300801007,0.4942724697576584,0.37467672730377954,0.9664476783134033,0.0,0.0,0.0,0.0,0.0,0.0,0.0,0.0,0.0,0.0,2.298625813815545,4.671973650784585,4.89870522499987,3.6795357166730773,0.483777728883706,0.4660213401404159,0.5224259639209836,0.44746254520318296,0.7214507378890734,0.4225793254613315,0.3327743909269953,0.7737403961649997,0.5658524197840551,0.4926694117221451,0.0,0.0,0.0,0.0,0.0,0.0,0.0,0.0,0.0,0.0,2.57241214558229,4.099708389732482,4.690704191999575,3.970737177557811,0.5960187976621905,0.6868004262626819,0.5944810972633832,0.4688304899420099,0.6577131714604023,0.41715184974005126,0.6449525051006613,0.5583793135659653,0.6128835765734915,0.5674252306229084,0.954687789010439,0.9579485764872232,0.0,0.0,0.0,0.0,0.28776230337914055,0.0,0.0,0.0,2.420253935551257,4.773611539945179,4.922164198078874,3.462998522046622,0.5753600337537507,0.596569739990266,0.4569664300509859,0.5226125282130937,0.5453718988383667,0.5436442314254117,0.4078086355028271,0.6789687873205237,0.3833230604442112,0.7458025136440689,1.2437575158005083,1.298012043128793,0.4552721219540139,0.0,0.0,0.0,0.0,0.0,0.0,0.0,2.5145499008997527,4.978254234581196,4.627849518681867,3.421693269887553,0.5918203862218804,0.4166257672478974,0.5897729284274796,0.572783496978635,0.5192273136387971,0.7013311621015548,0.39229889779785126,0.584387622954785,0.27297703106136373,0.7369021859046059,0.0,0.0,0.0,0.0,0.0,0.0,0.0,0.0,0.0,0.0,2.9030998918416655,4.787797155411684,4.842091510986947,3.0694853377672864,0.2917556464894564,0.7262940762737532,0.38861345724893437,0.6162953255193168,0.3456655757764048,0.506943665436329,0.771792081494179,0.466697107820351,0.3207508963425776,0.8342738466737849,0.0,0.0,0.0,0.0,0.0,0.0,0.0,0.0,0.0,0.0,2.5343889494007303,4.444782437011966,4.449182729102859,3.9781063040859523,0.7679942420117736,0.6538762673550524,0.24532174002311308,0.5603082505258461,0.8122301477508435,0.5444916066860856,0.5386018793555324,0.5155233412741205,0.4657992956011575,0.8191343462366004,0.0,0.0,0.0,0.0,0.0,0.0,0.0,0.0,0.0,0.0,2.8830247672696334,4.978254234581196,4.672152357541162,3.2579241425170227,0.5171241842241636,0.4491136708127015,0.580939875309432
4.42639709167388,3.0751573667226966,0.5268340639831213,0.5267142166463834,0.454513190597311,0.1449232973173879,0.6680269071176745,0.0,0.0,0.0,0.0,0.0,0.0,0.0,0.0,0.0,0.0,2.2202437304285008,4.307822798644825,4.544979929081305,4.076472916015897,0.4134361763143999,0.5045771423236769,0.5458206949030955,0.5462748209260339,0.35919142558324635,0.584606140221002,0.4929528991066882,0.3572795028167774,0.03976590437238221,0.7841286068284121,0.0,0.0,0.0,0.0,0.0,0.0,0.0,0.0,0.0,0.0,2.259424182037514,4.395728617510575,4.360316609862215,4.292691794710607,0.4294987660253651,0.5458585673044379,0.44431172951197023,0.5621638551372468,0.5559218902236084,0.4242088234874415,0.6293886696893134,0.49355403178275953,0.312659773457618,0.9152523300960603,0.7934757900683298,0.6412792854389804,0.12495970678993236,0.0,0.0,0.0,0.0,0.0,0.0,0.0,2.6990294754473565,4.2604978410797445,4.079526565784784,4.311773185710064,0.523679111243717,0.4341047324974195,0.5468963796418173,0.5093335399417167,0.3808390672440493,0.6905546101544636,0.5175052552099862,0.42899011850722624,0.3130199951157102,0.6544684567630856,1.3268234395460206,1.118254284245239,0.15023421408938842,0.0,0.0,0.0,0.0,0.0,0.0,0.0,2.593094578366363,4.192627122643,3.719671062764182,4.544979929081305,0.6348275424424739,0.366483167535585,0.5976424936763017,0.4525902377895057,0.516500047159477,0.5710529597807923,0.5069994507914897,0.5324715668581721,0.0,0.7187261860851688,0.0,0.0,0.0,0.0,0.0,0.0,0.0,0.0,0.0,0.0,2.9481261797438676,4.43936567171537,4.463993627866848,3.1894083013162495,0.7263718827682875,0.5183249797996632,0.6158223683033688,0.5243124263072353,0.534558215292731,0.4885046682914452,0.3083389389410233,0.5139579283327371,0.5923674308323608,0.619549354930115,0.0,0.0,0.0,0.0,0.0,0.0,0.0,0.0,0.0,0.0,2.430064859337444,4.28608595414462,4.459333663799017,3.9522560927494257,0.44337775911474553,0.7001502291277866,0.4379920779123877,0.43716616007006887,0.4696353990005311,0.37654672571337083,0.6203723784198906,0.4450058291429647,0.35477609978173863,0.5074460237841638,0.0,0.0,0.0,0.0,0.0,0.0,0.0,0.0,0.0,0.0,2.544792310904554,4.488378405395909,4.281046129404834,3.867684014210339,0.5654805689709795,0.5771344702751912,0.4206978957408486
4.514141680896421,3.05395762525124,0.5552254104081886,0.5964518195827396,0.7057925356941869,0.4391657739157182,0.7798795647924502,0.0,0.0,0.0,0.0,0.0,0.0,0.0,0.0,0.0,0.0,2.526989775991739,4.995146873619881,4.930576068830463,2.8614364126172758,0.39305575097135825,0.692028983595171,0.5886976502792872,0.5882703094838857,0.6438199386276899,0.509026234443469,0.6514228882767573,0.551116106066822,0.5584229175902227,0.46551520417878667,0.0,0.0,0.0,0.0,0.0,0.0,0.0,0.0,0.0,0.0,2.231636472539155,4.321823687303909,4.850019009735825,3.7312699274380865,0.5208557606054365,0.6184754049609639,0.5597136295939809,0.6312838746445963,0.5812877902713139,0.5555336252741946,0.45631812531299065,0.5206081206948807,0.3619267902057146,0.7901207537902408,1.2315270516471009,0.8985414824105513,0.39091280698923336,0.0,0.0,0.0,0.10803466666871223,0.0,0.0,0.0,2.5115280901990693,4.7394964897107625,4.866077142763752,3.040951431529295,0.5847547840244594,0.5811909242228216,0.525705335925706,0.7388918905702383,0.5260964772287682,0.5812754244568448,0.6001650837825049,0.4256453436731373,0.6979499651621943,0.7628644435496209,0.7360813335001062,1.0483857905982799,0.125225527251958,0.01292434752443679,0.0,0.0,0.0,0.0,0.0,0.0,2.8379767848549258,4.683456237042788,5.040674563354766,2.461098676013531,0.5468049369961505,0.7819895813082862,0.5186606182479738,0.6936448322832949,0.6087329443128338,0.5378298310812003,0.549064101540289,0.5204314502097771,0.30931741009448993,0.9744170594069624,0.0,0.0,0.0,0.0,0.0,0.0,0.0,0.0,0.0,0.0,2.8936063104206866,4.616510251607117,4.291865162960977,3.3016338360357356,0.7185238574849593,0.584082040226587,0.5366736741024504,0.7841248756789835,0.3771120290493539,0.7204688187429693,0.4693437821517338,0.5174291328940731,0.4798161296412038,0.7411037120518573,0.0,0.0,0.0,0.0,0.0,0.0,0.0,0.0,0.0,0.0,2.4457017443372693,4.912976023230855,4.726980029649918,3.227760722150617,0.5409442545332774,0.5310358260723846,0.4925456138091677,0.5540696447785781,0.5211748891986081,0.6222741036521168,0.6333199569493697,0.4295563084058837,0.56829705174708,0.6167385480803973,0.0,0.0,0.0,0.0,0.0,0.0,0.0,0.0,0.0,0.0,2.9270906410209534,4.839667640556837,4.96603985632261,2.502192484768114,0.5902686002348084,0.7125656607717092,0.567342407636623
5.151034336474809,2.4690960898647236,0.5144018570492765,0.5357592618461089,0.49826982991237617,0.2785416396378637,0.8012022212778674,0.0,0.0,0.0,0.0,0.0,0.0,0.0,0.0,0.0,0.0,2.091083420589768,5.151034336474809,5.151034336474809,2.884887542905634,0.5815055160545585,0.5388022603121794,0.6436632985326668,0.6266763053307406,0.6553943439670863,0.5732518785857108,0.5136166212441379,0.518414463312799,0.5306871909027671,0.5504240218613992,0.0,0.0,0.0,0.0,0.0,0.0,0.0,0.0,0.0,0.0,2.4378063804162635,4.64709700561398,5.151034336474809,2.8680766084755813,0.6859177072169323,0.46962494955934925,0.6623987893342015,0.4990922884129469,0.5319940720005248,0.5247170598421054,0.5687943024205273,0.5708470666655262,0.34606852929614806,0.9343140606990864,0.9697106234134242,0.21464821163048825,0.0,0.0,0.0,0.0,0.25111311957263993,0.0,0.0,0.0,2.7012487994924723,5.064000918533108,5.104420513031922,2.4365660549984782,0.6603537535069495,0.6385300962196966,0.8143923574426745,0.5428390014407183,0.541048055064286,0.528372655987612,0.5162676286148385,0.6631553242025199,0.23284153553138373,0.9712382301625375,1.1118949965811158,1.13576625971953,0.5246379029112518,0.0,0.0,0.0,0.0,0.0,0.0,0.0,2.8661088732293836,4.811472466993944,5.063030215293385,2.4870371628888903,0.5318170460307344,0.44125645233819094,0.6548875644786767,0.4427892343276674,0.6233081974900303,0.6093972528865856,0.4263993214690651,0.6496375076208558,0.504264968890158,0.7535956181657621,0.0,0.0,0.0,0.0,0.0,0.0,0.0,0.0,0.0,0.0,3.0891199347182168,4.436365263698681,4.940681113243241,2.7885880558244516,0.6826872126188646,0.4253394184029349,0.41763235092878065,0.758703643600746,0.5065447687539346,0.5112640934222332,0.7257041061115588,0.5898149452830233,0.5541300624728223,0.4746822079764581,0.0,0.0,0.0,0.0,0.0,0.0,0.0,0.0,0.0,0.0,2.4309462062568254,4.81778313539996,5.151034336474809,3.0415882411549497,0.6241639066109804,0.45252143653359533,0.6925509253816793,0.620766408912745,0.46875936277423075,0.7001267958208152,0.6097553031448681,0.5538264738839459,0.6050782120778282,0.5753602404437395,0.0,0.0,0.0,0.0,0.0,0.0,0.0,0.0,0.0,0.0,2.499904399975149,4.724829030421837,4.937402456512532,3.2590954070308427,0.5816809519669526,0.544447450733219,0.5058537752719142
4.689424782173283,2.9019946026931898,0.4587124066126682,0.5877538039994298,0.6397951769808642,0.5906526393847302,0.6376119117647495,0.0,0.0,0.0,0.0,0.0,0.0,0.0,0.0,0.0,0.0,2.6607122638782874,4.473658364675144,4.76849640237687,3.5054129127819142,0.5535803030167593,0.28363767686459845,0.6668438867804933,0.6791989554043545,0.619218361904005,0.4532443560960356,0.46481042908405096,0.5704847706579208,0.6164402811381886,0.6484735029242336,0.0,0.0,0.0,0.0,0.0,0.0,0.0,0.0,0.0,0.0,2.1430644209229874,3.569097812867442,4.680882642529154,4.605432251874226,0.7619037329804043,0.43758830839552504,0.7019750713151404,0.5721597611153285,0.4506574889096364,0.607992915102495,0.4143149484204464,0.5112458210186429,0.7457527991329322,0.601030108168354,1.163263612338492,0.6475309272065192,0.08687023892727586,0.0,0.0,0.0,0.09352544272288377,0.0,0.0,0.0,2.526457387277393,4.643120212085717,4.218533694357498,3.7111893366621733,0.6253213511538674,0.47774082928287687,0.47653650310268636,0.5290723596347844,0.43950706262984984,0.43982056177789997,0.5578957858121519,0.3389382987805505,0.6282878180960013,0.7271327669584046,1.0878300636594822,1.0097944955877614,0.13734320474528214,0.0,0.0,0.0,0.0,0.0,0.0,0.0,2.2139148378736957,4.832357546368936,4.333630189209695,3.820842853354567,0.3844107784181574,0.7174188264372062,0.6359213543167288,0.5788567434819671,0.5893510643405167,0.4394221810029213,0.6209857860947514,0.4708126430941916,0.611475713574328,0.4793428083040066,0.0,0.0,0.0,0.0,0.0,0.0,0.0,0.0,0.0,0.0,2.904571353982475,4.422906688030707,4.3523965816897885,3.419837896199846,0.6409458487201015,0.6688710241220849,0.620369425542575,0.5946177921298494,0.5378816645570824,0.3795029944172753,0.7610056660761485,0.5508506488834232,0.6202856482284171,0.3658622791539182,0.0,0.0,0.0,0.0,0.0,0.0,0.0,0.0,0.0,0.0,2.447508761912263,4.505492177473665,4.755212297291487,3.633971317306078,0.6009881803573838,0.6333025174438088,0.34247538934257327,0.8068447672559189,0.33801138492172567,0.6200737618495797,0.5870340645107388,0.43360199354808304,0.23031066112906684,0.2165823592222906,0.0,0.0,0.0,0.0,0.0,0.0,0.0,0.0,0.0,0.0,2.4423767025133074,4.650556451169452,4.790076988560698,3.219970785019087,0.6523715424554094,0.46811890112354715,0.48365150880314933
5.006838281935717,2.615348229958362,0.5626758172619643,0.5671744519167643,0.49908507280463044,0.624810547482491,0.6721765506307995,0.0,0.0,0.0,0.0,0.0,0.0,0.0,0.0,0.0,0.0,2.453924281330007,4.7846980423966805,4.771491781729882,3.447553142268485,0.49118602574525716,0.7294465810905048,0.38702104788478614,0.5147957287447537,0.6206461372544873,0.4650757202732374,0.5841223961154786,0.40100769501312195,0.3077438826103469,0.9468087626973078,0.0,0.0,0.0,0.0,0.0,0.0,0.0,0.0,0.0,0.0,1.8278904966767062,5.006838281935717,4.937928406940703,3.916101872590202,0.6601693405264467,0.41613245962076983,0.6927012139901415,0.5739250275952534,0.6060599920832564,0.5476638205519737,0.5886510820461788,0.597227462231865,0.4808458989186919,0.7522684567295074,1.0484543038823007,0.6871867967992298,0.0,0.0,0.0,0.0,0.019223724431753453,0.0,0.0,0.0,2.4777009071135008,5.006838281935717,4.760979921489017,3.1867291296726785,0.5349012976097393,0.43833983974566726,0.42446132703800016,0.7607780007414486,0.48398733005680467,0.4228943247372169,0.6120127878560645,0.42120210786796525,0.565902146455072,0.74947617438254,0.8713577145845903,1.068515837784617,0.02373269203949846,0.0,0.0,0.0,0.0,0.0,0.0,0.0,2.4536029303121163,4.858708850378815,4.734830132196631,3.315572308539483,0.6735452539393644,0.4760840094807505,0.49475697361366094,0.6670675223512873,0.6094374354796895,0.6412040358845145,0.4119119659629048,0.6149165058606813,0.25214670251190946,1.1378925685770807,0.0,0.0,0.0,0.0,0.0,0.0,0.0,0.0,0.0,0.0,2.582317378020111,4.968559835961897,4.401519603788371,3.559952735410313,0.5366962227089849,0.4665699302864291,0.5255291490984115,0.5582629307158958,0.4751786478434451,0.4909925714522352,0.6225821641933019,0.6105065571117861,0.5058271457528262,0.3242825904301097,0.0,0.0,0.0,0.0,0.0,0.0,0.0,0.0,0.0,0.0,2.3196099115485973,4.742919004194666,4.485211013560476,3.8751485717366854,0.6804349126000913,0.6135007971307598,0.5457146876980664,0.647480288893977,0.4819916319410116,0.5286915212044063,0.5965191961457449,0.5573028244317946,0.4952809185008036,0.8741999319651043,0.0,0.0,0.0,0.0,0.0,0.0,0.0,0.0,0.0,0.0,2.3038822281566427,4.4125994723530395,4.95529924709926,3.8940700849845813,0.54269452650467,0.5295260569992128,0.664945303141155
4.704101336487132,2.969823989324971,0.3215627201699749,0.8192493505551701,0.5241194799592092,0.30425602427655307,0.7373213943962514,0.0,0.0,0.0,0.0,0.0,0.0,0.0,0.0,0.0,0.0,2.690528735631489,4.969023567860024,4.322953093974974,3.4772913609025182,0.459197356271072,0.4518910955003275,0.7395826911845532,0.4840739868340806,0.7412817555305107,0.5033116576464276,0.6184514740356775,0.5728704570378915,0.5319153724042025,0.8235999803466516,0.0,0.0,0.0,0.0,0.0,0.0,0.0,0.0,0.0,0.0,2.549839826201328,4.297774211657246,5.008487072172571,3.5123460272573714,0.6849206259124498,0.19398665510661045,0.8004751144781374,0.5556851288259369,0.49149001400270204,0.6063874994646713,0.6549399246880435,0.47499228628250323,0.3475582105381454,0.9772611726227309,0.9646117712959521,1.122612978836082,0.6133182512524689,0.0,0.0,0.0,0.4784681773501216,0.0,0.0,0.011522855694945378,2.9202277672890222,4.919684846220538,4.772272482315026,2.3967630283587447,0.4917028416456483,0.5174263663276475,0.6348582592339562,0.6629221007717991,0.3658371663602624,0.47226454281459096,0.7514577329985686,0.48959514871495274,0.3723821156014878,0.7683149308237969,1.0239500652946112,1.0897884744239101,0.4623877683383846,0.0,0.0,0.0,0.0,0.0,0.0,0.0,2.808286060840352,4.599485809867879,4.946823618573328,2.9984603961085794,0.4651377160455725,0.6558469598203167,0.5761964641499383,0.4117491414787373,0.5783247697476536,0.5245081777205325,0.5140197283510021,0.7272737677431835,0.32422286835357933,0.9536785938477308,0.0,0.0,0.0,0.0,0.0,0.0,0.0,0.0,0.0,0.0,3.1077179801231134,4.858989818408728,4.929954421665368,2.601441014107372,0.5395778375097624,0.6075179506468462,0.5828138598463515,0.48838984814934194,0.4760055832993168,0.5159872152567001,0.5744839659021185,0.39807195331118433,0.6696094874056316,0.35234746195169375,0.0,0.0,0.0,0.0,0.0,0.0,0.0,0.0,0.0,0.0,2.8135727011526726,4.522386054936895,4.6714388485435,3.5319709192561377,0.6863797193781933,0.6656534012630391,0.46511932944192247,0.5673898973189179,0.36005260263360495,0.5810184462320418,0.595050931081699,0.4039610637581483,0.5490140030929223,0.6300403682305283,0.0,0.0,0.0,0.0,0.0,0.0,0.0,0.0,0.0,0.0,2.6012947901744963,4.564225763769725,5.008487072172571,3.1606988488926318,0.5940790668110485,0.5138067804607223,0.5567420983864051
4.286935239403688,3.155705972027026,0.3723763221242741,0.8154136568866633,0.4586262105825866,0.6013283249603762,0.6231265288015926,0.0,0.0,0.0,0.0,0.0,0.0,0.0,0.0,0.0,0.0,2.2932864245983042,4.341458893870223,4.557727096799637,4.0196070802665576,0.5317713409982497,0.6066187111444941,0.44462240826036287,0.49019578613789944,0.48542350938211204,0.5055575853033597,0.4344326161887707,0.5697027806431887,0.48920168345650905,0.8273883732328833,0.0,0.0,0.0,0.0,0.0,0.0,0.0,0.0,0.0,0.0,2.466856696020871,4.670633797547145,4.643332186114035,3.513380260217683,0.591834914942296,0.540968092838861,0.2961608100368979,0.7033812100606509,0.4948943151731514,0.609257259565317,0.49376976423914,0.6257481584768103,0.3505937592632198,0.8094473497796437,0.951697724094247,0.8656112929534737,0.0,0.0,0.0,0.0,0.0,0.0,0.0,0.0,2.206614405600234,4.733585774290885,4.30356672944785,4.157503337762257,0.6178134977818476,0.36430767527146773,0.6352753876347841,0.3242735673534339,0.561419662394926,0.8088215677401578,0.5931617492067106,0.40714946220297593,0.13325589704457427,0.6414942041655529,1.2049477309127248,1.25582882679184,0.4009975691019161,0.0,0.0,0.0,0.0,0.0,0.0,0.0,2.2656853541207487,4.4197226880101566,4.709621810460874,3.740301342684508,0.4061180804122623,0.6926539278886387,0.47196796110152117,0.4849127629386141,0.47194548996881974,0.6815888191786864,0.4512834809845041,0.5827136847783275,0.37299581219066924,0.6899566427894793,0.0,0.0,0.0,0.0,0.0,0.0,0.0,0.0,0.0,0.0,2.9364386169750425,4.376888778460962,4.555400170830637,3.432230923769855,0.6594478213210705,0.4683579206392352,0.5892970043867507,0.5545871072667998,0.5056657801924601,0.453811163607709,0.4018072342872002,0.6473711751508248,0.5789580761372054,0.6497856281431391,0.0,0.0,0.0,0.0,0.0,0.0,0.0,0.0,0.0,0.0,2.6172971765599335,4.568842942347246,4.733585774290885,3.5468188536983716,0.46060435146135503,0.5849275204363292,0.4854399155233116,0.46833397631329926,0.45595143002909244,0.5223583004756498,0.49853319149056335,0.5290850084547911,0.3276998358356884,0.2627548127449746,0.0,0.0,0.0,0.0,0.0,0.0,0.0,0.0,0.0,0.0,2.7898146130466324,4.393862187733796,4.682712110213219,3.425530212943326,0.5850459691140707,0.42304954689015545,0.591557576822766
4.724748945201637,2.8401774916940186,0.652150977927103,0.5264641076887112,0.6167030839024554,0.0,0.8431839083131685,0.0,0.0,0.0,0.0,0.0,0.0,0.0,0.0,0.0,0.0,2.4412998430033093,4.7853444448980875,4.851244966423522,3.2779501386432246,0.36376985472760015,0.4646259724409627,0.6346479049360562,0.5407764345220084,0.7799013629248647,0.2985601514773738,0.7859811157348399,0.5204241653408619,0.37939488796316634,0.7056247302548473,0.0,0.0,0.0,0.0,0.0,0.0,0.0,0.0,0.0,0.0,2.5352922269957974,4.939474706253637,4.5597668234192845,3.563666139734645,0.4815853781491508,0.5134371163642661,0.6728820021287036,0.48547295162118814,0.6041421281055007,0.5107713278526667,0.4546284934000372,0.5980303231823161,0.009167664228643277,1.0437664176550918,1.1550206952673339,0.5111575684600406,0.37288187086291913,0.0,0.0,0.0,0.0,0.0,0.0,0.0,2.5787811525041313,4.313380773917139,4.700077101697143,3.6465850489372387,0.508188366867117,0.5514628677325301,0.6183350486240222,0.571783384442944,0.7006687271049786,0.5473204905533746,0.4198107296260096,0.6675444517776988,0.4135631610095061,0.5964535957379579,1.2667065454013215,1.295377938512111,0.5078624458770342,0.0,0.0,0.0,0.0,0.0,0.0,0.0,2.5556766230542483,4.595858405196634,4.837984929789122,3.2744621838304973,0.6213259405425272,0.46110062854056144,0.3448122900486175,0.8157518827931233,0.5263666463666277,0.6281532775376127,0.5349451106872688,0.38110056747008614,0.5872739489424244,0.8502829127685602,0.0,0.0,0.0,0.0,0.0,0.0,0.0,0.0,0.0,0.0,2.9882893446550995,4.912588654639498,4.939474706253637,2.7272075200229575,0.6242837378204508,0.38949637886246286,0.6599324345789297,0.4880060760137537,0.595374732242041,0.5747452854887626,0.44476075507756857,0.7967115951660982,0.5772789787780713,0.7835717313937786,0.0,0.0,0.0,0.0,0.0,0.0,0.0,0.0,0.0,0.0,2.330222112635445,4.341776138750763,4.587100996045143,3.9077928931400305,0.6912508613054568,0.5002416197391745,0.509957885250493,0.4894576061866646,0.5018090630164445,0.42712290350735027,0.5221551006456001,0.6127620116574047,0.5827300921997369,0.7072593675985176,0.0,0.0,0.0,0.0,0.0,0.0,0.0,0.0,0.0,0.0,2.540881137690203,4.537181747255839,4.2623261217033415,4.103850154739708,0.4937553167038019,0.525527812905028,0.500210254776634
4.888836925877484,2.858337595069262,0.61483141080533,0.3087094536722789,0.7279296331337629,0.48822222946299537,0.5514080401553191,0.0,0.0,0.0,0.0,0.0,0.0,0.0,0.0,0.0,0.0,2.6863755872022335,4.613162732815076,4.865712634404951,3.406640652043202,0.3418984740790384,0.7074959131406392,0.646509003425467,0.5331709511230321,0.5915803420199213,0.6078046681250687,0.5320333135332186,0.4796485541210022,0.417923962886654,0.801915482428389,0.0,0.0,0.0,0.0,0.0,0.0,0.0,0.0,0.0,0.0,2.8042216626885175,4.8193925648435005,4.95163088630817,3.150422746153972,0.45443805101212553,0.7261862110186376,0.6168740072155512,0.48354825325641876,0.6775662587647596,0.5638403032582711,0.49094883142450385,0.3818740676751132,0.7043508609381472,0.7889392598207234,1.019649899517067,0.7163876506421687,0.5339458800845267,0.10480451182216832,0.0,0.12016928071883545,0.562694796274279,0.20471843518468802,0.0,0.0,2.972610266909401,4.921989011794295,4.514759434438176,1.160143698960771,0.646445327284577,0.5947384068137184,0.594393659036276,0.5667107605702216,0.602484537008839,0.5114346979044352,0.47253789476967395,0.5822538703747437,0.3435842854751916,0.926355348717446,0.7665477478781009,1.437073661958326,0.6334524792156486,0.17922394930351224,0.0,0.0,0.0,0.0,0.0,0.0,3.0314341941460716,4.95163088630817,4.95163088630817,2.7686331337248813,0.6190941287342375,0.47713781936167426,0.6501104191376632,0.40708819674776603,0.7042406924900095,0.5348740997629131,0.48047199074265184,0.6775581419719672,0.3422871430942618,0.8398660265594469,0.0,0.0,0.0,0.0,0.0,0.0,0.0,0.0,0.0,0.0,3.3059149262704706,4.684333425687001,4.772342411489961,2.6320984123047886,0.7414759532596716,0.5122906852243686,0.42370377204487797,0.7845123332815116,0.48811083957392143,0.4718946202497119,0.5117635841833069,0.43964735469546223,0.394397441097329,0.4413870526852969,0.0,0.0,0.0,0.0,0.0,0.0,0.0,0.0,0.0,0.0,2.6030583855490343,4.859048733158574,4.605912170417187,3.374531187247218,0.8225908348666217,0.5386177729763599,0.40080288937253916,0.44324060872432974,0.7919718962960752,0.2654871621056539,0.773314330029476,0.46810651456077734,0.6285642121902928,0.4168813066114341,0.0,0.0,0.0,0.0,0.0,0.0,0.0,0.0,0.0,0.0,2.751626709047711,4.629061194643544,4.898159195847943,3.2513881908131737,0.5752138818558584,0.5176279581235398,0.5215329041565491
4.660978411176657,2.877772581752557,0.5508133175539071,0.5864577881697709,0.507423593118574,0.20076393888959987,0.9399056280373108,0.0,0.0,0.0,0.0,0.0,0.0,0.0,0.0,0.0,0.0,2.510433416256114,4.347408759664448,4.915506135244541,3.4602863122174465,0.589846183688052,0.8504781101039081,0.5414815861155015,0.5214109164937876,0.5130169600026347,0.4746287789943089,0.487167455224422,0.6097889367415084,0.3798200284738922,0.6339271442393181,0.0,0.0,0.0,0.0,0.0,0.0,0.0,0.0,0.0,0.0,2.133483639562985,4.567976184085094,4.821566575292794,3.6648272532792707,0.6695008229597076,0.5956604490353725,0.5769584088850708,0.5562464087458768,0.5695738660941065,0.4768257747853756,0.6887968169556952,0.6320878376499007,0.11403420924900365,0.8481697751240294,1.1322554335067714,0.4886870582001688,0.0,0.0,0.0,0.0,0.0,0.0,0.0,0.0,2.0998863783074855,4.478235928656652,4.569424710220102,3.9912653263522677,0.6260753046982912,0.5805792614113983,0.42881686591656254,0.4844188663025231,0.7451727184120307,0.368559796547078,0.7440869813885269,0.4838254572645627,0.504908853179521,0.7218643686818306,0.917599125076635,0.7793635421959187,0.020327717876755358,0.0,0.0,0.0,0.0,0.0,0.0,0.0,2.4244853906098918,4.59734244500953,4.541276631423561,3.6810018959139112,0.6188784381083373,0.5180190723596709,0.6235844332223558,0.5737516403133851,0.41599294418775257,0.6727685146603101,0.5615404429833961,0.5531659100323431,0.4289499804773502,0.8894539788451056,0.0,0.0,0.0,0.0,0.0,0.0,0.0,0.0,0.0,0.0,2.5939363509255315,4.564329758520929,4.754770031639509,3.3215647249526645,0.5115133895596984,0.5700307364426146,0.6384804550497281,0.6112158795502405,0.6099034934889537,0.6700065068564556,0.46207073625660655,0.7699530455031477,0.5273421709353798,0.79010312099611,0.0,0.0,0.0,0.0,0.0,0.0,0.0,0.0,0.0,0.0,2.1528848905832665,4.7091518382442334,4.638733311474459,3.7201564210185785,0.41524584247780083,0.5593869195233957,0.6467299058380664,0.4457998126817077,0.5177641045848738,0.5546174609711128,0.46228092725527004,0.6162972634398715,0.5551347683163708,0.6043011299898611,0.0,0.0,0.0,0.0,0.0,0.0,0.0,0.0,0.0,0.0,2.5382470487602697,4.07201916627904,4.8503967799692065,3.677438833679048,0.2565169343104406,0.7618629769966562,0.5289878631683445
4.845094886036184,2.7868156795807595,0.44477514287602027,0.6289558065418577,0.6049473294933346,0.10214563051123363,0.967142082236812,0.0,0.0,0.0,0.0,0.0,0.0,0.0,0.0,0.0,0.0,2.5445139669238737,4.528557709530955,4.627158847435177,3.54846757334531,0.561225585733603,0.5218104308698925,0.5431130603001257,0.5821078559029325,0.5046496874400951,0.576354333313168,0.2717224027885571,0.6440820050918524,0.49087132059864197,0.6864586913607559,0.0,0.0,0.0,0.0,0.0,0.0,0.0,0.0,0.0,0.0,2.2903909295811533,4.586956278728297,4.232327029478971,3.9735351100234184,0.7355629049595211,0.5766518782343109,0.5865516259269242,0.47570077849565984,0.6666928584511578,0.5595724090402768,0.2786638935649976,0.8045987197759018,0.2344262982020499,0.7306897940798436,1.457333724262467,0.7317662777365402,0.14314702113339095,0.0,0.0,0.0,0.0,0.0,0.0,0.0,2.707783242731654,4.711296890643578,4.5421071665450485,3.3970716530830667,0.5389748356967631,0.4317001874315722,0.6921983342901726,0.5513459213631013,0.5463109548648569,0.3574964810504372,0.5051360867870254,0.709931586178654,0.5995701601582439,0.719725450491664,0.8591866879475045,1.3281745809301062,0.09867685204446275,0.0,0.0,0.0,0.0,0.0,0.0,0.0,2.599134022985452,4.571067269195286,4.313219079564572,3.569555655301125,0.6917802606962042,0.6126991939384134,0.5687341990295781,0.5639923285150594,0.5137504571803564,0.46179637722887734,0.5328210041721225,0.5054399224494243,0.4602916135116554,0.882831137267684,0.0,0.0,0.0,0.0,0.0,0.0,0.0,0.0,0.0,0.0,2.919342463228725,4.848020519016913,4.8188962255016845,2.7574228305106314,0.5840160133978295,0.48633605643198957,0.5872933654235954,0.6023023249882892,0.4992161805770002,0.6835275749351428,0.48504228034820474,0.5000502068498669,0.4015180310250625,0.5587780071505328,0.0,0.0,0.0,0.0,0.0,0.0,0.0,0.0,0.0,0.0,2.647621553555368,4.848020519016913,4.848020519016913,3.0140876215433674,0.6659048340418942,0.5798993955506502,0.5357426702729506,0.447155745318827,0.4054550243443286,0.7379116566459549,0.498069771023748,0.6082573081175899,0.5625039488021476,0.6754441959550083,0.0,0.0,0.0,0.0,0.0,0.0,0.0,0.0,0.0,0.0,2.5735872529967088,4.045996050848569,4.628257611325222,3.7003920055379274,0.7214135378919763,0.5247845566967843,0.5764923332897041
4.766458698079137,2.943474891379375,0.6620411492137188,0.5205368239613678,0.4604720793815626,0.07164410939629764,1.1338876132256215,0.0,0.0,0.0,0.0,0.0,0.0,0.0,0.0,0.0,0.0,2.776478793824852,4.472294707024281,4.782304912794996,3.3523020957464333,0.6123286028190635,0.7210180192772933,0.6066186416458067,0.5715630401673321,0.4250222485283375,0.6700235299932819,0.6201704836351982,0.6578953165546076,0.5866020092849675,0.5698009222635093,0.0,0.0,0.0,0.0,0.0,0.0,0.0,0.0,0.0,0.0,2.6093764763206684,5.000468236375334,5.083324823258985,2.949630948922691,0.6251451083706284,0.5962027910913166,0.49772379493882524,0.49525833637199557,0.7941549508164703,0.4025890727385419,0.4349238420893643,0.7029312071199638,0.08491144755846573,1.0668344590301022,1.2678035731345998,0.8960472633381098,0.4823002277169753,0.0,0.0,0.0,0.4538802868527565,0.0,0.0,0.0,2.330593712080729,4.795540199302136,4.990462451934765,3.2442587155207345,0.3355757105416329,0.7115110890743678,0.689201388189274,0.6145527152528428,0.5251377928564971,0.5048974110956979,0.6073181534093218,0.5432763199872931,0.6612840794592794,0.38919257812815783,1.0826238803614834,1.0999081698821007,0.6887237752690832,0.15107232037210494,0.0,0.0,0.0,0.0,0.0,0.0,2.67862529405787,4.362287039393285,4.562067320644577,3.888607251459843,0.43616387898768677,0.5075248567800208,0.6885707017622924,0.6777731142725323,0.5984348416733037,0.3225890279473733,0.706396828828676,0.38939459034092055,0.39059207471485724,0.673127597719973,0.0,0.0,0.0,0.0,0.0,0.0,0.0,0.0,0.0,0.0,3.106052972482063,5.018499444916439,4.680888631031804,2.781538322539257,0.4716321849143764,0.2381976629700412,0.7316254404007305,0.5358890903098203,0.5539601303721027,0.4195404832430025,0.8776864973527141,0.557151072794706,0.4673404717734463,0.8386951490629717,0.0,0.0,0.0,0.0,0.0,0.0,0.0,0.0,0.0,0.0,2.611265653847642,4.853470834618817,4.821379029678781,3.2403370735460406,0.6929351223898849,0.5142414213651888,0.621529179408806,0.6838237979833196,0.6017523067059621,0.4383156832801993,0.474275106529496,0.5774893152628399,0.35661405182267797,0.7881182987064476,0.0,0.0,0.0,0.0,0.0,0.0,0.0,0.0,0.0,0.0,2.9381564290606494,4.459982539364802,4.910047324028688,2.922083322522339,0.6257155477518923,0.6225940409750536,0.5317153980639779
4.970780287358536,2.304462443109193,0.803708562950538,0.5588698151825912,0.5723332044173629,0.15502888458160946,1.1345289792165818,0.0,0.0,0.0,0.0,0.0,0.0,0.0,0.0,0.0,0.0,2.650861868009321,4.921404061657758,4.551816659484202,3.084205225488216,0.4747758221037675,0.6778273319909535,0.496150201133732,0.5793447041709762,0.4488703958391189,0.6072906469454304,0.598842503516149,0.6359910688747875,0.08328032025548704,0.6688025377977134,0.0,0.0,0.0,0.0,0.0,0.0,0.0,0.0,0.0,0.0,2.337446882438188,4.178714911009706,4.8096102906980995,3.7930283785836836,0.5980677507320012,0.6006488831946935,0.5741946784510298,0.6463034919905065,0.4254011325306716,0.692570027312919,0.5904148935616067,0.63730793557419,0.582406029376348,0.6685085035938081,1.2874106034318367,0.4946202235683631,0.07433052209963874,0.0,0.0,0.0,0.04399680265456318,0.0,0.0,0.0,2.14632496745552,4.986496042867635,4.913517418457802,3.1362564321746853,0.6305276779880918,0.5940506355445866,0.48216607029074576,0.5316554745611367,0.42850182887381943,0.45573547876225273,0.47919384293339623,0.7076177715303765,0.4404974708648896,0.6355743031117171,1.1485911432373033,1.1225066243408968,0.5416313890891917,0.0,0.0,0.0,0.0,0.0,0.0,0.0,2.715340870137874,4.870264596237347,4.986496042867635,2.461458541758282,0.718615279679696,0.5870658476502216,0.41784541220408156,0.6502440503381203,0.5792138104154013,0.5865845624401946,0.4036775373246931,0.4310265699925027,0.25978084503916476,1.0241576262388319,0.0,0.0,0.0,0.0,0.0,0.0,0.0,0.0,0.0,0.0,2.8483081328548403,4.690554435381431,4.857371590071629,2.9308723968796224,0.48045044093021366,0.6151812480324133,0.3881934193478305,0.4967720210400838,0.6955778589233044,0.5716181628927307,0.46680202465973447,0.5807135351685968,0.0,0.755713932623352,0.0,0.0,0.0,0.0,0.0,0.0,0.0,0.0,0.0,0.0,2.7017965686870853,4.965548223879577,4.774177319779121,2.4739593204695263,0.8276214893753847,0.6037599893937656,0.6303049481004565,0.6730870640573906,0.3587432984812755,0.6661890644669699,0.46796675002017324,0.5228265202430882,0.5190632585475935,0.5672742448401517,0.0,0.0,0.0,0.0,0.0,0.0,0.0,0.0,0.0,0.0,2.6751264544966094,4.928151549303114,4.8603936071904,2.756419371475043,0.643500786318143,0.5817613055021382,0.5359070326827594
5.080284628471349,2.1922499395719695,0.8121315395169466,0.5531954410821172,0.6949584804715095,0.11718653017347247,0.9600656632990099,0.0,0.0,0.0,0.0,0.0,0.0,0.0,0.0,0.0,0.0,2.5707142638507254,5.130905604509647,5.023252192381948,2.5699659406341935,0.6500789014744847,0.47084851997278593,0.6256106559013845,0.45791907268691795,0.49316205935622814,0.5511848605428955,0.29308011624019764,0.7728862116546744,0.27336016594777635,0.6602357685216678,0.0,0.0,0.0,0.0,0.0,0.0,0.0,0.0,0.0,0.0,2.371603793172267,4.030894839438862,5.016770002509421,3.7278045986302257,0.6160973859625738,0.41302130985845814,0.7559981275500003,0.5911464587774891,0.6228047755602605,0.586548025688861,0.5838972296933538,0.42450227646639915,0.5665027832445041,0.8473290293018584,0.9881830995596421,0.5719587503258357,0.0,0.0,0.0,0.0,0.07533066583633108,0.0,0.0,0.0,2.2508413993288086,4.9758306115326985,5.130905604509647,2.834639617057165,0.7620145743016165,0.5765751562265224,0.5841448748803859,0.6014179403279397,0.3775081099706846,0.7906750970681181,0.552390749028141,0.5993620099785111,0.6546069768985804,0.6678051629128319,1.1460038700448631,1.0180428700847504,0.18262228245154644,0.0,0.0,0.0,0.0,0.0,0.0,0.0,2.5812006789066997,5.130905604509647,5.103193385882181,2.4820580919811315,0.6470159296045619,0.5797348652847708,0.44883155597530466,0.620452746027543,0.5944135049052863,0.6043090381961029,0.6626172379507499,0.4878685344372899,0.6042608388312226,0.45966810010198567,0.0,0.0,0.0,0.0,0.0,0.0,0.0,0.0,0.0,0.0,2.541544220655658,4.30790195274022,5.048682366104497,3.2645151447362504,0.5762597665789633,0.6316741254028393,0.7034674939633535,0.3939884778347642,0.6761007712122254,0.5969495223043007,0.647009662583208,0.5207834649208661,0.2956220340974141,0.8072362375853228,0.0,0.0,0.0,0.0,0.0,0.0,0.0,0.0,0.0,0.0,2.4757410855555646,4.857213580499193,5.130905604509647,2.9227303574303427,0.5355444536511499,0.6367564873716298,0.5934677021290226,0.5128565529159782,0.6015709376809238,0.6259339967173045,0.5205925171592038,0.5463041752779242,0.5209758748587736,0.5954905331147637,0.0,0.0,0.0,0.0,0.0,0.0,0.0,0.0,0.0,0.0,2.779783878568068,5.079103699695067,4.855597160020268,2.5475797105246496,0.5528043253791955,0.5279142930599594,0.5735280211938336
4.621089234181765,2.9390095023896214,0.4712883033801559,0.5686389313787926,0.487029828581937,0.41959998879021265,0.813039958342126,0.0,0.0,0.0,0.0,0.0,0.0,0.0,0.0,0.0,0.0,2.4458125917489797,4.410306249516993,4.7051743999045845,3.8113601300460243,0.45939392096857173,0.24072355384368202,0.787128806962654,0.6126980675403623,0.561672281689853,0.42885558741829205,0.5416072780066855,0.5621231015462674,0.5549162993259318,0.6125659900683087,0.0,0.0,0.0,0.0,0.0,0.0,0.0,0.0,0.0,0.0,2.393306102129816,4.116000845195007,4.264182066056371,4.260017408386593,0.601409027999543,0.651433885749318,0.49912370526749683,0.5539440926229021,0.376440562984265,0.5987467300138597,0.4808583263934607,0.6975119624407711,0.2132025923664902,0.8616613995664801,1.1922374534351285,1.0165292298508255,0.5809989511751095,0.0074777451209282475,0.0,0.0,0.4588292801609519,0.0,0.0,0.0,2.899646599104817,4.509896629030078,4.663687469302773,2.2005772738637446,0.4830430337536318,0.632675619093906,0.46662802670630427,0.5211471553123634,0.5300596959126559,0.4414439035498123,0.6185801164708365,0.32376807183992945,0.7426822038432648,0.6118202112694631,0.9639816979720983,1.1709924535257412,0.6555878279288396,0.2668587702180556,0.0,0.0,0.0,0.0,0.0,0.0,2.940830313235401,4.240384401205122,4.627207043680861,3.352953773903965,0.5563074307781087,0.6645494110147472,0.5846575558416423,0.47307910930314107,0.5574327923162508,0.5253945673260674,0.4495900231178577,0.5950752078783671,0.5829819141584269,0.553430116991704,0.0,0.0,0.0,0.0,0.0,0.0,0.0,0.0,0.0,0.0,3.133428365037105,4.4386588496258454,4.626656542358194,3.012573992982201,0.5543317255703709,0.5726528695782916,0.5082701326186038,0.34017029636165724,0.5778391327343291,0.5022575040784688,0.4310368550874745,0.501565060884743,0.5611088284869646,0.7522068291405138,0.0,0.0,0.0,0.0,0.0,0.0,0.0,0.0,0.0,0.0,2.765859494634398,4.340106012905856,4.128307402640872,3.9978719026011342,0.5556319323134847,0.555787210564694,0.39468406060826067,0.6217968340605095,0.5579391058267595,0.45520585844585554,0.6140438474193626,0.5628405456587802,0.36980065855764327,0.6453827610083241,0.0,0.0,0.0,0.0,0.0,0.0,0.0,0.0,0.0,0.0,3.073183663441215,4.7051743999045845,4.569861425074088,2.8868843594454274,0.6093129709723244,0.659216486150432,0.4974554444933714
4.608674190149122,2.9517426930770725,0.598831734160213,0.46083360134970963,0.6793975729677836,0.4536216806915246,0.8641508356693106,0.0,0.0,0.0,0.0,0.0,0.0,0.0,0.0,0.0,0.0,2.3943672733851993,4.510487633331694,4.372854497068175,4.054331943064412,0.5558552701950552,0.44564927735427384,0.4788507792867733,0.6077080947072406,0.5522759995343741,0.43715766239242493,0.5617644591838552,0.5480505358399199,0.6159236346084612,0.6013225997934988,0.0,0.0,0.0,0.0,0.0,0.0,0.0,0.0,0.0,0.0,2.033609812072055,4.267685432706619,4.445458393612396,4.532076257480585,0.5964544766482356,0.4958496047953692,0.6451420216587956,0.4430202520896108,0.605208484600304,0.5360489275494255,0.49987785300969706,0.44331959721046876,0.2388890741561922,1.0110271328558333,1.209369560800491,0.45125175505765136,0.0,0.0,0.0,0.0,0.0,0.0,0.0,0.0,2.220590776295971,4.720403952498048,4.50149614442906,4.009240896881975,0.42910989794823806,0.7160472163779752,0.5533001521843766,0.3282070652810447,0.8560269349818438,0.39242287382685437,0.7559066091376883,0.5686801333885223,0.5331785062630797,0.7433730797527041,0.9043639217215649,0.9335361524844108,0.15721282096694544,0.0,0.0,0.0,0.0,0.0,0.0,0.0,2.40976467414568,4.720403952498048,4.69563404629705,3.6509332963123633,0.6100443184751297,0.5353667274837866,0.5755757157756314,0.5030532880389214,0.6306807113235557,0.5133932211940286,0.43457849619848693,0.49459753793749844,0.6088798724531516,0.6412255858610951,0.0,0.0,0.0,0.0,0.0,0.0,0.0,0.0,0.0,0.0,2.4054742805779297,4.690778337414452,4.631555920342391,3.8575666561096913,0.30578993570391355,0.798253530393062,0.50835194982405,0.49352207287533156,0.48831748360710436,0.26558842308244,0.6855767333575115,0.5939649728891957,0.4463724196066747,0.6714223305824314,0.0,0.0,0.0,0.0,0.0,0.0,0.0,0.0,0.0,0.0,2.3642991847553487,4.720403952498048,4.5153573535272455,3.7178105298483586,0.493662932101591,0.5462485629125228,0.6459873878827491,0.5405910574439166,0.4150316052231758,0.630607090177072,0.3670172788179644,0.6476907269408555,0.29712498918478425,0.5669481142892285,0.0,0.0,0.0,0.0,0.0,0.0,0.0,0.0,0.0,0.0,2.6125359154881163,4.683568486684684,4.674093848600233,3.2757209105800174,0.5600112493059899,0.32761854961596437,0.6883103448973631
4.796620796708778,2.732688005738087,0.6815447348309106,0.5495278131353464,0.6340800858094542,0.5125791417191295,0.6904942699977576,0.0,0.0,0.0,0.0,0.0,0.0,0.0,0.0,0.0,0.0,2.4833154614020287,4.845983372417605,5.049011050716385,3.0901418054140453,0.3510885243410879,0.7394964671682726,0.5837514619601543,0.555434905910053,0.4704414314366873,0.7610066469949837,0.5995096764574336,0.5282470925445081,0.5794841736681351,0.6480448669590584,0.0,0.0,0.0,0.0,0.0,0.0,0.0,0.0,0.0,0.0,2.085057125619305,4.975203392621673,4.82321864629339,3.525906883063485,0.40876807429394957,0.6151069395779989,0.7666654243016985,0.6006098498871864,0.5123079028824475,0.6309897906003094,0.6551742045662258,0.5919721655027029,0.47311928145128035,0.757880349889184,0.9706217793156882,0.8804847182407451,0.2976771079026135,0.0,0.0,0.0,0.1746000752156719,0.0,0.0,0.0,2.7085978949708074,4.762204720145293,4.784048629776625,3.0661657437333805,0.6021303936230363,0.705940878245574,0.5234346029222983,0.6448494977146196,0.5405828780079198,0.7602538512617769,0.5212330061053553,0.5508992495238929,0.6865104845223003,0.6099058114400231,0.9861450211041696,1.1312794585512318,0.4771239598341559,0.0,0.0,0.0,0.0,0.0,0.0,0.0,2.6608614565477,4.930847895152823,4.876305308366562,2.967977864034033,0.5616228165256799,0.6158943342539612,0.3497305308978611,0.8682697157190002,0.6947277120145497,0.48003297277621987,0.6799338039365719,0.6019320500253019,0.5436108364208725,0.8482020570576345,0.0,0.0,0.0,0.0,0.0,0.0,0.0,0.0,0.0,0.0,2.9269514967077397,4.9170580323962545,4.752099352801479,2.8081592367664903,0.6136385016083631,0.5825931521927867,0.47289082189420906,0.6260836541529086,0.5529499259375995,0.6203499306582713,0.4612277455130223,0.6511351312306606,0.5024369652049026,0.3986680533483744,0.0,0.0,0.0,0.0,0.0,0.0,0.0,0.0,0.0,0.0,2.4333641194852653,4.671029393779358,4.743085252613,3.375906298340653,0.7799567008325532,0.5847856983006288,0.4022584763046291,0.5475239240512675,0.5886500813432993,0.46297605960347116,0.6702760800460618,0.6494592033944435,0.5792459693975063,0.7480015705794576,0.0,0.0,0.0,0.0,0.0,0.0,0.0,0.0,0.0,0.0,2.6756731505914613,4.840681598294711,4.929666209321386,2.8883219971412486,0.49152321308488445,0.47910385560050633,0.6863526043607212
5.186684847689874,2.3257019622011366,0.6375583081396067,0.6070513062721504,0.513215989367683,0.29285269594488583,0.6287699349192408,0.0,0.0,0.0,0.0,0.0,0.0,0.0,0.0,0.0,0.0,2.6476484456493266,5.076668893628385,5.124370512858901,2.501060363371574,0.4550327172723699,0.7776261591548598,0.5628492254965308,0.6745185900325664,0.40479247334743834,0.5655976321164692,0.36422862066303463,0.8233312357576756,0.21744567569937878,0.8910200679966742,0.0,0.0,0.0,0.0,0.0,0.0,0.0,0.0,0.0,0.0,2.0614170025081613,5.105511165798403,4.847006001292905,3.0506238040087483,0.6268653713612224,0.6539440246810243,0.4089143660082492,0.660916765921671,0.5499889184212103,0.5682366431367776,0.6579233535030263,0.564004974412976,0.5232227388386677,0.7684409852769936,1.2205827789403478,0.8070967321797333,0.06549214639436052,0.0,0.0,0.0,0.13949840886702988,0.0,0.0,0.0,2.223613769064718,4.687812559481543,5.14348998209102,3.079351072712382,0.5011113022269861,0.7061841650433606,0.5564205902240161,0.5687615687076855,0.5627102833583011,0.6533782340330824,0.7094891999145776,0.47886928963225994,0.5455150234587557,0.8260837806145788,0.797715395994105,0.9902575636153345,0.1059284739968724,0.0,0.0,0.0,0.0,0.0,0.0,0.0,2.740707768736595,5.027783891055777,5.058907749503272,2.673351329495151,0.49898115201632454,0.6302905833605109,0.5197139154424986,0.38690823133006785,0.6343039267479297,0.7274338463846596,0.5102944356663007,0.6749810592106069,0.04852539740885137,1.0246063102202603,0.0,0.0,0.0,0.0,0.0,0.0,0.0,0.0,0.0,0.0,2.537479233980223,4.6402631682388025,4.915010779868684,2.9440706335233826,0.5706845283471014,0.67462546531309,0.49060507347700766,0.4581433414503198,0.4615956442803092,0.8289955500089554,0.3939553780544068,0.7759721051238303,0.6447601039206887,0.4013179233950064,0.0,0.0,0.0,0.0,0.0,0.0,0.0,0.0,0.0,0.0,2.6287884698565436,5.019510016681407,5.186684847689874,2.58726812974154,0.5350365226499669,0.4712627687152467,0.7564976974482458,0.5695042983315151,0.37872607081993215,0.8501175947123498,0.5659385433066895,0.5221508496118538,0.6142546866115834,0.7321380841132396,0.0,0.0,0.0,0.0,0.0,0.0,0.0,0.0,0.0,0.0,2.6108177287320036,4.978225783363637,4.76412052964011,2.884097119816958,0.6462796371904116,0.6873740890864231,0.620986715824606
4.927534864468699,2.62117246260491,0.6852190296256407,0.6013744038446927,0.5545482305633838,0.46561175113237097,0.7389682833510444,0.0,0.0,0.0,0.0,0.0,0.0,0.0,0.0,0.0,0.0,2.76915720169658,4.9762941226127,4.967003989038753,2.556609662454064,0.6051024499203418,0.6029996985357267,0.5081625780149518,0.48255766499903535,0.5806907747601533,0.5013981139739577,0.5051687980333073,0.3949512514900545,0.6276982603874486,0.8180821120652388,0.0,0.0,0.0,0.0,0.0,0.0,0.0,0.0,0.0,0.0,2.6365450241410935,4.21058400552016,4.556286589284662,3.6593485536046324,0.5114574841255404,0.6625758021388738,0.5501910904733138,0.6562226777415752,0.43710217526284245,0.7067079035747301,0.49009001455948364,0.5420695285247861,0.3977084269457977,0.8670990186149936,1.0273834228044105,0.45354627773512846,0.3376010264888638,0.0,0.0,0.0,0.3235169031514058,0.0,0.0,0.0,2.425596037397966,4.947396057610432,4.92462831812154,2.839794416984128,0.49219848761459795,0.425630630630701,0.40614592431526897,0.5690354997240601,0.5379204935951181,0.3815892376125112,0.7275162898181824,0.5668481219335504,0.3756674242109088,0.5619482072565978,1.0008314000797203,1.3480305888004407,0.0,0.0,0.0,0.0,0.0,0.0,0.0,0.0,2.9434773442159097,4.9721504424991645,4.858756133590102,2.5130135579842907,0.561454781726949,0.45317199781255396,0.4671119714733754,0.6233508255507777,0.40428634882253056,0.6994581260338334,0.6235586762166787,0.5089473401465787,0.31477029830211256,0.7837812135014628,0.0,0.0,0.0,0.0,0.0,0.0,0.0,0.0,0.0,0.0,3.0787718722793787,4.604944013532937,4.805333799636785,2.6505768683252713,0.44644444168099134,0.5728411816326315,0.48970406687357854,0.3394981065878865,0.5735741671633544,0.5024327046183656,0.5563921617366834,0.45874767363950264,0.6450249774046334,0.5978235890502117,0.0,0.0,0.0,0.0,0.0,0.0,0.0,0.0,0.0,0.0,2.82336211542556,4.785544019789791,4.9762941226127,2.748651246390763,0.5761738272114315,0.5577842654897184,0.4268324399831668,0.45264585843915667,0.7938778742428627,0.4241131367307335,0.557925133147078,0.5762260214739929,0.2815206592907257,0.6548388556791123,0.0,0.0,0.0,0.0,0.0,0.0,0.0,0.0,0.0,0.0,2.4575532200043626,4.7603828699004245,4.737016218977779,3.1833529949452766,0.6855322163875315,0.5860210892443334,0.46220133880179065
4.863793897934465,2.6737168703642724,0.5415709607412895,0.6873152740310052,0.5252312789891593,0.1199400450719266,0.972453113796921,0.0,0.0,0.0,0.0,0.0,0.0,0.0,0.0,0.0,0.0,2.659990697294355,4.672886118519269,4.575982876224102,3.433144473439237,0.5997184593127276,0.3878546870097278,0.5785246322596136,0.5541209896034454,0.5628500846853398,0.5281702853014267,0.6486583243941432,0.4917081149115316,0.5942964869803986,0.6230376119602974,0.0,0.0,0.0,0.0,0.0,0.0,0.0,0.0,0.0,0.0,2.4249901247150483,4.556424679694421,4.602892704233028,3.8249776555874275,0.580171783490199,0.589060012925531,0.4378911132526104,0.6405021928967403,0.5475386633928809,0.531581447601351,0.5945529618276318,0.4829020566959542,0.24889073636981976,0.9246197658245165,1.3550279670085335,0.5042143428108861,0.15080032959693487,0.0,0.0,0.0,0.2645563875532684,0.0,0.0,0.0,2.6372561456686214,4.828239063211706,4.743759089280368,3.3874958421362824,0.657162276082219,0.3809240531803433,0.7177526974417933,0.5445215765235887,0.6852540443269802,0.5014833748272545,0.41553658430549045,0.6429376554517998,0.5363820922622802,0.6891872556832355,1.2171035170014939,1.1136371848921114,0.3334354026728157,0.0,0.0,0.0,0.0,0.0,0.0,0.0,2.7442680577664227,4.644766919140555,4.6225534570175455,3.2578872538495314,0.6121138568383423,0.5495786983810182,0.5617109588153644,0.4614495808835128,0.49339732121608976,0.6113315441016046,0.3583897163349383,0.6978900996697321,0.20692888532868547,0.5335130555987089,0.0,0.0,0.0,0.0,0.0,0.0,0.0,0.0,0.0,0.0,3.0837543214784406,4.5730969084045405,4.791726163302595,3.0395382058600324,0.49856154988825396,0.6365640456339343,0.5589617736388355,0.6241873119686222,0.5629665721932907,0.4959862079869094,0.5471257755441876,0.4190287048774523,0.6828818142628809,0.7549848200505604,0.0,0.0,0.0,0.0,0.0,0.0,0.0,0.0,0.0,0.0,2.6480230686901316,4.911169553765443,4.760555886497398,2.760228116477239,0.8315186601364869,0.5546501486021361,0.5443703411859301,0.5128423676169043,0.5157044989706137,0.5855390885585218,0.5749598398994912,0.6213625040010636,0.4884381906320914,0.5478154939216857,0.0,0.0,0.0,0.0,0.0,0.0,0.0,0.0,0.0,0.0,2.822456472494788,4.676890948529229,4.755695702364647,3.1062143248969014,0.7106044838440415,0.5309629596366282,0.5993500639395518
5.137106268637345,2.580138812982698,0.6647069588075456,0.5941798014976097,0.6379530277045521,0.429272973184295,0.8729133059161678,0.0,0.0,0.0,0.0,0.0,0.0,0.0,0.0,0.0,0.0,2.6774981971563356,5.035825255388244,5.348933714930267,2.4679938112874176,0.8608604168103734,0.6228917023145895,0.6948883072145755,0.5203132373979802,0.4784831586506371,0.6043229982780554,0.7692879059755161,0.5754421412751678,0.47762209000927935,0.5636239257736859,0.0,0.0,0.0,0.0,0.0,0.0,0.0,0.0,0.0,0.0,2.4480751727868135,3.4972127643510302,5.07397124909316,4.401101518330399,0.6789852823592255,0.5696269841340225,0.579463038275835,0.6454040733830229,0.45799660031956585,0.767460824445815,0.6576580897694247,0.6611825483697077,0.6685843957597213,0.5985470520287149,1.3810232744146071,0.721820885269362,0.03140440652068796,0.0,0.0,0.0,0.13041362935280354,0.0,0.0,0.0,2.4407076982091853,5.287039098123576,5.304904215843271,2.6394887874550133,0.6106268890493028,0.5658447747595693,0.5524901616999223,0.6193292617510395,0.4703989774178773,0.6555869711886836,0.7316023387190065,0.5227115709786073,0.23749195281356456,0.8583233189727997,1.0265545197231511,1.2667990815416268,0.6265371939407647,0.0,0.0,0.0,0.0,0.0,0.0,0.0,2.196325406613411,5.348933714930267,5.117600478614142,3.0133262254540427,0.7515733446640533,0.5858084157021205,0.5577376442970051,0.4838389682813228,0.5004204607449105,0.8294079719289851,0.5156939731992586,0.6275619313286473,0.5296121012304026,0.7428100238896045,0.0,0.0,0.0,0.0,0.0,0.0,0.0,0.0,0.0,0.0,2.8490399912127593,4.854589206106759,5.208647910901849,2.618215489111605,0.49287019844102076,0.5124180027060664,0.5373525953678155,0.5652012031899405,0.6170056138485239,0.5556794043839137,0.6127860757818615,0.5856692501863711,0.19165118213590993,0.9605836946139688,0.0,0.0,0.0,0.0,0.0,0.0,0.0,0.0,0.0,0.0,2.3969396920021007,5.348933714930267,5.322774560120079,2.334573111052926,0.8806364632537454,0.6089578096249602,0.5806299116283412,0.6142465752734538,0.6247730714006473,0.5050493549607226,0.5714473486976382,0.6226288839671569,0.6262754778154368,0.6838554678759778,0.0,0.0,0.0,0.0,0.0,0.0,0.0,0.0,0.0,0.0,2.56003321787348,5.348933714930267,4.8910568658657585,2.730432222902095,0.6807611261261713,0.42216693881836803,0.6380338225281765
4.5049536364739176,2.9887006289802835,0.5977032190563747,0.44110865892765183,0.6209088559700986,0.5287363175033841,0.5450635731726291,0.0,0.0,0.0,0.0,0.0,0.0,0.0,0.0,0.0,0.0,2.591135530185487,4.249934415108218,3.5885308364474824,4.46196571299955,0.5934273983973802,0.5565800470117631,0.5080322362871519,0.4258348641589088,0.5776198296208144,0.5684270232776425,0.5565514236587565,0.5231190896428567,0.31932166929786243,0.7299943973781859,0.0,0.0,0.0,0.0,0.0,0.0,0.0,0.0,0.0,0.0,2.5242621538976673,4.611330448872181,4.539492549135475,3.3534728516623384,0.5803352191777852,0.5312557762136312,0.5122577407650946,0.4334350071339803,0.6158460382082125,0.4276163204164162,0.6018595869803759,0.5382256738585693,0.3246588290795242,0.7987987762495096,1.1151684026965487,0.9157989720324871,0.2154806261024116,0.0,0.0,0.0,0.0,0.0,0.0,0.0,2.263084657249118,3.9840362889811507,4.521474188792879,4.201967210941237,0.39394462345614856,0.6900061658463218,0.45578986894968915,0.4544650730799405,0.5546588611799653,0.33610980915043526,0.6380924179082188,0.46842021845936627,0.5327130868330233,0.7778880363808366,1.0499990983977954,1.1936763763657043,0.0,0.0,0.0,0.0,0.0,0.0,0.0,0.0,2.452459929736648,4.299916063086434,4.56192955836998,3.7956222532885153,0.6113255677702502,0.5728366723006043,0.4478982424600386,0.4068053251042733,0.6484773710901487,0.5543504926010442,0.5026312796765144,0.29020938229986204,0.5487659323182248,0.6487871451621208,0.0,0.0,0.0,0.0,0.0,0.0,0.0,0.0,0.0,0.0,2.5364016605161126,4.565908326858882,4.530288772089189,3.4483322138696253,0.4381913241877621,0.4717689858153166,0.35652140300138635,0.6942502005977645,0.45196617433183645,0.5046508553743827,0.5366478362777218,0.33496994780738765,0.5146514493421995,0.7096264513879317,0.0,0.0,0.0,0.0,0.0,0.0,0.0,0.0,0.0,0.0,2.3172768326492386,4.437974215450709,4.490227931432376,3.9425826271496978,0.4974867647068107,0.3534156605085762,0.6464667086050536,0.5409697160676925,0.396392619700817,0.673018577417285,0.5229954531377333,0.5061106861829539,0.5243005009084716,0.4582002497110545,0.0,0.0,0.0,0.0,0.0,0.0,0.0,0.0,0.0,0.0,2.7659775752438867,4.365783369874752,3.951856543685844,3.9896050634557496,0.46459130484803374,0.476583170315264,0.4521651916633909
5.097088154320667,2.657366359114222,0.4508249682621432,0.6780926313178487,0.582961851802099,0.6349802265344346,0.5176744036862271,0.0,0.0,0.0,0.0,0.0,0.0,0.0,0.0,0.0,0.0,2.622426129069721,5.013218593275494,5.127970568413054,2.657609156293815,0.4984163133710684,0.6498492057165782,0.49623828101567136,0.5866017416090267,0.44863513206762196,0.5059145117751269,0.619044412166315,0.4234964795386167,0.7657155691314489,0.7172861248536844,0.0,0.0,0.0,0.0,0.0,0.0,0.0,0.0,0.0,0.0,2.2621129490259353,5.182914405392241,4.708818007502057,3.491383799121687,0.6783544212801167,0.5517395961555923,0.5344002701611826,0.588013336896651,0.5034052500019353,0.5363552510376527,0.6826473306171105,0.37261181477331934,0.7292535473930393,0.7448537114401319,0.9752314230159715,0.5005698112863719,0.055347680189306914,0.0,0.0,0.0,0.0,0.0,0.0,0.0,2.256789535804873,4.4230685869964335,4.930954528944296,3.7853596103717515,0.5939237674587415,0.474986823555835,0.6651153016206454,0.5337508594503471,0.6255268867299679,0.5589541992333988,0.432372708664796,0.8032391912310022,0.3720437829985126,0.6403626130300157,1.1109074436453839,0.9914744609060848,0.242048602161713,0.0,0.0,0.0,0.0,0.0,0.0,0.0,2.407867544003007,4.578768418211981,4.955550161110346,3.5039099662361917,0.6226746587124122,0.5486310677239901,0.6421662938273432,0.540294109400853,0.4071625507453056,0.8602001116705688,0.585122283855286,0.5704125071592809,0.1528606872024819,0.6552500463121699,0.0,0.0,0.0,0.0,0.0,0.0,0.0,0.0,0.0,0.0,2.453515407953198,4.740588747019448,4.707342159522245,3.40116252307315,0.491840166753455,0.7260279377650459,0.5567038008488162,0.4863506265436706,0.5996548338577983,0.5484112650727722,0.6837983489658636,0.55038239647937,0.5828651843587919,0.5672081258897423,0.0,0.0,0.0,0.0,0.0,0.0,0.0,0.0,0.0,0.0,1.7530152263487877,5.182914405392241,4.909232421636782,3.584782882372386,0.8093894290369291,0.5832976625595852,0.49486886544272624,0.5911403729703545,0.6342942081549029,0.558936074653745,0.6159605461049896,0.4461307800129789,0.5385179096871556,0.6325966822083098,0.0,0.0,0.0,0.0,0.0,0.0,0.0,0.0,0.0,0.0,2.7067497067689352,4.449111601822291,4.813767572591313,3.322362398864712,0.8054919124516621,0.692025789341342,0.5364728052218233
4.401582230521462,3.0766644491120148,0.5665654404941471,0.6703813221688806,0.48429348115758303,0.5577594751468021,0.8720056168119056,0.0,0.0,0.0,0.0,0.0,0.0,0.0,0.0,0.0,0.0,2.6576182215043582,4.5564341776176684,4.429104002622707,3.734533536293112,0.44205520476539417,0.7605271635345359,0.5613157690290649,0.5226871733466971,0.534085453017291,0.5361220244889757,0.4932957061189165,0.5143720915511809,0.2751613869389522,0.9189600258248328,0.0,0.0,0.0,0.0,0.0,0.0,0.0,0.0,0.0,0.0,2.291106416176777,4.734618946693739,4.782326870077897,3.6571807850174944,0.5789648469698926,0.561174708542816,0.5232779050621682,0.4944217772526217,0.6068208182274333,0.5737443573111638,0.5977205933708054,0.5091640862270749,0.44401027391687764,0.7165296230298095,1.334222954002338,0.6223251893808239,0.2061644857064509,0.0,0.0,0.0,0.02729800851942224,0.0,0.0,0.0,2.5701252034710715,4.151856634986216,4.690617398250684,3.8181150249387237,0.5626548380304602,0.3546710564880108,0.7739673574830496,0.4893372177106708,0.5554062933259537,0.38961909916125465,0.5895725580385806,0.44865934469083596,0.6741841011201237,0.6884883249661709,1.0491859876924865,1.1442037771375233,0.03472079453572974,0.0,0.0,0.0,0.0,0.0,0.0,0.0,2.7116427706122592,4.388489126902137,4.845553364073615,3.539157767947406,0.5301344458014481,0.5693485849944028,0.705822145327289,0.4874278830220647,0.39954052303594473,0.7420563155061198,0.6018506467774357,0.6244463398670353,0.4934046229954887,0.5469093270949277,0.0,0.0,0.0,0.0,0.0,0.0,0.0,0.0,0.0,0.0,2.415592709785747,4.687260407963978,4.720545090913328,3.6279056608443963,0.6078969585458371,0.6238698545440938,0.6167185205645387,0.5702906054470704,0.569824291973792,0.4636550333686014,0.5313538042333293,0.5749540204085813,0.530126029275971,0.6124768172238159,0.0,0.0,0.0,0.0,0.0,0.0,0.0,0.0,0.0,0.0,2.1526872455914354,4.845553364073615,4.794457292434242,3.4103838027305065,0.7573984818237781,0.40707477624132565,0.4543429428375129,0.4869724812108105,0.6052191616835332,0.49757100725187126,0.5313136794902008,0.6577955128676106,0.34989879175526883,0.718262630385623,0.0,0.0,0.0,0.0,0.0,0.0,0.0,0.0,0.0,0.0,2.8105861779290198,4.014684414053086,4.704328780049435,3.8300568856200154,0.4028072353767893,0.5846695138727802,0.5617469990298549
4.867070701537722,2.7407095215326844,0.38246597839805835,0.727752634330584,0.3605524671550661,0.5417306794407359,0.4043966246041534,0.0,0.0,0.0,0.0,0.0,0.0,0.0,0.0,0.0,0.0,2.396332192701951,4.638271165644519,4.75473033994675,3.6078301897059513,0.42702871791011315,0.5469219723282168,0.6723830919221565,0.4987629035943114,0.6025713727612113,0.5194846639282285,0.5671706506378847,0.47065285349278496,0.6663017194206167,0.6239907428002937,0.0,0.0,0.0,0.0,0.0,0.0,0.0,0.0,0.0,0.0,2.103302063529915,4.654566979390936,4.867070701537722,3.78689924152696,0.46458369444002556,0.6223554898004171,0.47819850330778463,0.36314869467558497,0.8092631390127603,0.5921918445150585,0.5082116016503914,0.5110327763891553,0.11957643291081066,1.0252764328000576,1.2740352940128508,0.6863316172353845,0.2882569374654338,0.0,0.0,0.0,0.13582693220715925,0.0,0.0,0.0,2.3341146221654068,4.792419237567743,4.536898384162264,3.4723602502123003,0.6583201017440311,0.43893482162569514,0.6654399720198058,0.46751181902735994,0.570882232406152,0.6621090673764839,0.7781625981176487,0.5333038972627049,0.5516074322624931,0.4031394020128669,1.160371585363201,1.1926601769671512,0.33014997175354033,0.0,0.0,0.0,0.0,0.0,0.0,0.0,2.7381005143111325,4.106249281137254,4.380924814121242,4.058103751425902,0.5260229554674618,0.5544025477242794,0.5018507814426646,0.6389591621760181,0.4218488486547223,0.4844463150591224,0.5691406001958532,0.6288732283302698,0.09551070150091778,0.7400782376285324,0.0,0.0,0.0,0.0,0.0,0.0,0.0,0.0,0.0,0.0,2.9362363702346697,4.83110107316645,4.847342939844496,2.8805985486092798,0.5544698811429396,0.5158023229300576,0.6056156914024025,0.5160809005023237,0.5465297082879187,0.7573647309426292,0.5993935774020125,0.6253931374965644,0.5481528287550989,0.7298162967282109,0.0,0.0,0.0,0.0,0.0,0.0,0.0,0.0,0.0,0.0,2.534418153061234,4.754259454076025,4.66915943311512,3.4935077146900144,0.5640702406847229,0.5853814899059473,0.40469678570496936,0.6348473432152283,0.5598710192383987,0.47377355569911594,0.5408895788181893,0.4312809716587565,0.759455323049887,0.5762298758312595,0.0,0.0,0.0,0.0,0.0,0.0,0.0,0.0,0.0,0.0,2.523352104870609,4.397876963650113,4.816233414099968,3.3756236318875255,0.6000321335380661,0.5164114394454046,0.6100478714901841
4.896594860880674,2.7408790504049305,0.6116272139962817,0.52673966344346,0.8874397005790169,0.5538152515822198,0.9229480839553645,0.0,0.0,0.0,0.0,0.0,0.0,0.0,0.0,0.0,0.0,2.3834690176132285,4.740481385854317,4.997374170368791,3.6701176048819484,0.47980365881978726,0.5065794272761083,0.6666728986738739,0.4368547163498546,0.6066273113933597,0.44505120327408154,0.7772352077662612,0.5841598872323099,0.49380386175776636,0.5595962330441613,0.0,0.0,0.0,0.0,0.0,0.0,0.0,0.0,0.0,0.0,2.109638590264435,4.800107768092316,5.0491813233865885,3.6470741002936555,0.6393146519196571,0.5693856139863449,0.517025720171863,0.6224650228880991,0.45181243299405577,0.6917504432771747,0.6069424957127514,0.44370780320201963,0.352839359023747,0.8805539660794118,0.8998959687293582,0.805465869902445,0.0,0.0,0.0,0.0,0.039449746482628,0.0,0.0,0.0,2.2000473826544567,5.114742729901761,5.041585515099006,3.0321952641263348,0.8433672797288334,0.5527449511989115,0.6079682807040916,0.5086332606819342,0.6861964478945107,0.6206353877323576,0.6291209495160174,0.5922370911065131,0.5844399170194269,0.7882183718857579,1.1367044703474756,0.9219316662137552,0.29157563714582796,0.0,0.0,0.0,0.0,0.0,0.0,0.0,2.701450824252559,5.195405734024481,5.114293428361579,2.794450772709013,0.6309752693993098,0.5333498047186346,0.5368532368413165,0.4699733524287135,0.4378368877048469,0.8110626584434434,0.6125573399436778,0.5390282084641894,0.26537157605738937,0.7422164974847592,0.0,0.0,0.0,0.0,0.0,0.0,0.0,0.0,0.0,0.0,2.933156485516392,4.93455714387549,4.905699023123638,2.748600362269871,0.5726076505167855,0.5240791303531088,0.5141168838850799,0.6985080428283467,0.481726794401351,0.6886093948607576,0.5952037083833399,0.6023982111361484,0.5848779402852363,0.7491676569338509,0.0,0.0,0.0,0.0,0.0,0.0,0.0,0.0,0.0,0.0,2.454443102683379,5.195405734024481,5.195405734024481,2.77862929175565,0.6481483275492034,0.7627453600866027,0.6778790759485188,0.5642800372330599,0.37168019833763616,0.9058478875001517,0.5328573637266623,0.7241218155548492,0.469017821976491,0.5238621853950114,0.0,0.0,0.0,0.0,0.0,0.0,0.0,0.0,0.0,0.0,2.6355103082631763,5.195405734024481,5.04753164338197,2.560550479072015,0.5905250679916314,0.6514073206999969,0.34271125062715013
4.90553337436521,2.5325724326831436,0.6171543932883995,0.4889911752708135,0.5973005557130313,0.0,0.8170629808650204,0.0,0.0,0.0,0.0,0.0,0.0,0.0,0.0,0.0,0.0,2.4922284518063686,4.615885382012395,4.6532110264836755,2.894259137211194,0.8455736113320146,0.5616753239798455,0.6045488981434752,0.5764868449698823,0.47888690339155093,0.5142242282075556,0.5362837290184278,0.4675338291587054,0.5024280497657347,0.4421076481903333,0.0,0.0,0.0,0.0,0.0,0.0,0.0,0.0,0.0,0.0,2.021585931151055,4.90553337436521,4.876173747939007,3.522249267369928,0.4969739683217293,0.505235642868473,0.38762224961490965,0.5583817749593116,0.5073854415137641,0.6891444295846698,0.4835851003500971,0.4446458281058208,0.6155937428778988,0.7196708583456928,0.7865391606039402,0.5628577177158061,0.0,0.0,0.0,0.0,0.0,0.0,0.0,0.0,2.2641021726461354,4.276985382927098,4.647262184600237,3.6819824963038923,0.4431958329197966,0.7163812516329057,0.4708541909501445,0.6869926155703309,0.39646507229125694,0.6870686367365952,0.3961657435161468,0.696174688291382,0.5521388010811652,0.42806534191313533,0.9571161966503148,0.6082979243459719,0.0,0.0,0.0,0.0,0.0,0.0,0.0,0.0,2.5836874413583453,4.852565229141302,4.558700359586533,3.038343093366608,0.6522967253937298,0.515571884522751,0.5622405548694541,0.6394907812748869,0.5825411119396011,0.524433052682431,0.5127051903607115,0.5418665329498329,0.4829121025780731,0.38089419464692575,0.0,0.0,0.0,0.0,0.0,0.0,0.0,0.0,0.0,0.0,2.271893619977261,4.90553337436521,4.90553337436521,2.9908491157293753,0.593612171157691,0.4339883307190151,0.561729406738657,0.6520688215006523,0.536772690414541,0.47631123126993097,0.6675959253287047,0.5234517761805587,0.39517184970847363,0.7719791578614446,0.0,0.0,0.0,0.0,0.0,0.0,0.0,0.0,0.0,0.0,2.2847440802526418,4.42286353998444,4.378851744423557,3.8986330183589737,0.640602120158728,0.5597810098727647,0.5624978224824572,0.5005790024786072,0.5780839538226644,0.5593533873487533,0.567650223641301,0.3985816539023003,0.4930914813730375,0.9088020485276379,0.0,0.0,0.0,0.0,0.0,0.0,0.0,0.0,0.0,0.0,2.670996682057983,4.489859991408357,4.526266531452054,3.29494491023979,0.5800909370108484,0.5943345141009061,0.5139331411962922
5.042888697790381,2.5128017842793606,0.5481988577470849,0.6399038296421473,0.5733519747384466,0.46298690739770915,0.8339763553197289,0.0,0.0,0.0,0.0,0.0,0.0,0.0,0.0,0.0,0.0,2.516571543411027,4.847755994114254,5.014164841022527,2.8843753887336434,0.6897507661331412,0.5320233551424254,0.8245309220265646,0.4454015305496237,0.7857717212167352,0.45438522390448954,0.5658636701555203,0.6283739393766647,0.5160367780955832,0.42665722162625574,0.0,0.0,0.0,0.0,0.0,0.0,0.0,0.0,0.0,0.0,2.22502321842578,4.090770174040715,4.520457613278555,4.262225009980305,0.4058502037770935,0.7685576061819827,0.6412686533511959,0.5322984461878133,0.4630946358503235,0.6450027217766608,0.6246352302481056,0.6014120409395016,0.2557881680838001,0.7999008627680322,0.958661892190582,0.19988301110474005,0.0,0.0,0.0,0.0,0.0,0.0,0.0,0.0,2.409461233095011,4.897767471937861,4.810098711316924,3.317634589625494,0.5384333064720273,0.6428423122786552,0.6059045536591916,0.6539184664439794,0.4888757030295404,0.33727570362632603,0.6831301295139931,0.7144209563535182,0.5668764735316077,0.49500202294812706,1.1201315118152961,1.1449535932141115,0.38421831688474484,0.0,0.0,0.0,0.0,0.0,0.0,0.0,2.454228097829941,4.8065668175773455,4.991144445538498,2.9768178598452253,0.5484537380602771,0.5650932964755836,0.4764484112657866,0.7632742445453083,0.5484111567808941,0.36466460455789906,0.7579307971798556,0.5636425428484642,0.2824757682664114,0.7822949709380547,0.0,0.0,0.0,0.0,0.0,0.0,0.0,0.0,0.0,0.0,2.9516448546953296,4.533664024900277,4.834871165056879,2.867636529127467,0.5483455681155273,0.49284922642633533,0.5748168209984612,0.5625620044364288,0.521983398745069,0.48576354214840495,0.45459305012673684,0.503503406612893,0.5772043701479211,0.6755390401252532,0.0,0.0,0.0,0.0,0.0,0.0,0.0,0.0,0.0,0.0,2.47552048493382,4.960435254972411,5.042888697790381,2.861799158356177,0.6230031706264565,0.7153631791951776,0.38256945324661173,0.7352230844153895,0.6809862719662422,0.5275641895905588,0.4859284271257604,0.4646550876727864,0.612528431472259,0.7157758754687588,0.0,0.0,0.0,0.0,0.0,0.0,0.0,0.0,0.0,0.0,2.475060813556329,4.835543034324796,4.982318526084839,2.9888313433203177,0.5280323799533961,0.66679384713766,0.4492972099162592
5.016213132715943,2.5346124745477736,0.5166207702480853,0.5902560387151989,0.6380079877785453,0.7411131220638731,0.7146273615530162,0.0,0.0,0.0,0.0,0.0,0.0,0.0,0.0,0.0,0.0,2.6119346054698562,4.7850827410071535,4.729396156039472,3.0521784223233683,0.6090753270523115,0.548976045855235,0.5359945083267497,0.553845646187945,0.5914124329890238,0.5713978441096217,0.6178215002125412,0.4652444057278767,0.5527436486200745,0.5744454294575657,0.0,0.0,0.0,0.0,0.0,0.0,0.0,0.0,0.0,0.0,1.7902908145459333,4.178496058999784,4.286256698143842,4.684186382897909,0.5819282941997168,0.5151062183991557,0.6043608327085486,0.649355385650415,0.48575048704286494,0.5832028310541836,0.5270228639700669,0.6404358239447004,0.6182319035047241,0.7120534735637677,1.175186919124315,0.65475402017825,0.09142306135519007,0.0,0.0,0.0,0.061334255254681835,0.0,0.0,0.0,2.335677421127787,5.0753262427148655,5.0753262427148655,2.9888019275208637,0.6465744010157393,0.5532086324788396,0.4673355904148744,0.612449692166164,0.5110907811156957,0.4195641414884555,0.5564929608892147,0.6686835283588846,0.38727326399590706,0.6684651580473522,1.1876149733342416,0.7360495278485466,0.3552314385830774,0.0,0.0,0.0,0.0,0.0,0.0,0.0,2.6831371599923566,4.793001928988562,4.795455944423714,2.9565377769446646,0.6465059418345036,0.35873059959041703,0.7014022560807409,0.7015017817724102,0.6153248286295491,0.4254294424385647,0.6661601410329756,0.5018409518757412,0.6247462936569214,0.5306426054292279,0.0,0.0,0.0,0.0,0.0,0.0,0.0,0.0,0.0,0.0,2.8369343136970713,4.335681827961865,4.6851296956766255,3.3573709218545726,0.710452818925415,0.5002638014879696,0.621949923376257,0.42204107740585484,0.6841812913029863,0.565002741929431,0.3463517964696037,0.7722239929654701,0.4578117562161512,0.29858550308873344,0.0,0.0,0.0,0.0,0.0,0.0,0.0,0.0,0.0,0.0,2.3555709568715884,4.70596563661117,4.654987209487857,3.4643735184624185,0.5688383369191162,0.6462003623999278,0.42746886692550234,0.6414415389957555,0.6314104356874565,0.37763378259024716,0.47065360921290306,0.648020222946021,0.46686862767752224,0.49740242908102306,0.0,0.0,0.0,0.0,0.0,0.0,0.0,0.0,0.0,0.0,2.2441215410173774,4.721584469522444,4.6479971310061785,3.543904654324231,0.641130870339173,0.5686113627705986,0.3409871560707583
4.6748697109054245,2.89828329714779,0.3807807164781218,0.5826371705883171,0.46798897978789666,0.06441514996913389,0.6455093824761511,0.0,0.0,0.0,0.0,0.0,0.0,0.0,0.0,0.0,0.0,2.5298549659248137,3.9031182049116797,4.592474598430619,4.1105304844127915,0.6705460402182926,0.3842094316415102,0.7305897288380832,0.29760353439504256,0.3001400265254041,0.747902309780296,0.2885540844172313,0.6100696354591281,0.37369168951227394,0.915362746093723,0.0,0.0,0.0,0.0,0.0,0.0,0.0,0.0,0.0,0.0,2.505753691213953,4.6748697109054245,4.6748697109054245,3.3620897435210404,0.634139171821851,0.5986180236050371,0.41203948729337087,0.7205317052151373,0.4907510347242904,0.5389152056597786,0.5412428203163242,0.4714426066511013,0.1848869073035284,0.7081873058992149,1.0370035852199333,0.9375667622934429,0.3027974058436205,0.0,0.0,0.0,0.09252770776414267,0.0,0.0,0.0,2.7529109594764556,4.147870002123595,4.567206687085392,3.9917089423253866,0.46954727756816467,0.5134284409651673,0.6207095837255227,0.4674166523964177,0.6280740580205837,0.2968596203207284,0.6129758489611248,0.5795423046728355,0.47380631961010944,0.6750563534100363,1.2032348758507836,1.1451962139959755,0.5796358479309269,0.0,0.0,0.0,0.0,0.0,0.0,0.0,2.622041881255101,4.641566038332159,4.6623787227398905,3.3663661437585337,0.41661210382136515,0.7676365032153412,0.4934458558491313,0.521145721526257,0.4962253593497714,0.5456414871324887,0.32583581730532535,0.4406360946548205,0.70046242503629,0.6985802350914371,0.0,0.0,0.0,0.0,0.0,0.0,0.0,0.0,0.0,0.0,3.015261243878832,4.195357196758636,4.552729951326471,3.664910241125414,0.4918032029489269,0.3287104718963535,0.7062136596102573,0.35024383467073206,0.5556102497892282,0.4452873466153633,0.6461368587274742,0.540849819713577,0.5618643783523128,0.6799225462322301,0.0,0.0,0.0,0.0,0.0,0.0,0.0,0.0,0.0,0.0,2.759045900097563,4.352151848631481,4.430735163533843,3.4778549427369554,0.7223980142952854,0.4771939325322631,0.5684229473354536,0.5202702893513509,0.596648308574206,0.37495064863043454,0.6713982879203456,0.5363072873144341,0.46268215179971717,0.6171245993640956,0.0,0.0,0.0,0.0,0.0,0.0,0.0,0.0,0.0,0.0,2.6337737974614033,4.394641966509008,4.571087866467517,3.706224409701954,0.37866031457699934,0.6600934253008409,0.5319426590725355
4.635618218804399,2.823446915434265,0.682103757311397,0.5955895339392243,0.43433167957060154,0.1966005749044794,0.8293029927894393,0.0,0.0,0.0,0.0,0.0,0.0,0.0,0.0,0.0,0.0,2.663362333708309,4.756439683363787,4.506745615366973,3.4714641608020025,0.6338436670179877,0.47453109073594407,0.6170555737810479,0.5383398557385479,0.4811639406692113,0.5639190698499486,0.38051222195876283,0.5979304487252902,0.5053088651877508,0.7695811877508866,0.0,0.0,0.0,0.0,0.0,0.0,0.0,0.0,0.0,0.0,2.2781901791475363,4.9958494810335985,4.651650029282772,3.3867385553521534,0.5323646839489807,0.38681394357063364,0.6144653200615406,0.5586501991355876,0.6773456540033186,0.5085091634070219,0.4207947737123018,0.4751944869152959,0.7490407721845307,0.7684508612894076,0.9048892204891512,0.8146216536128066,0.24032432933716494,0.0,0.0,0.0,0.0,0.0,0.0,0.0,2.0696810244082418,4.386282435570725,4.943519779298013,3.7306532413202924,0.6204744472704862,0.7077909522709032,0.30256435819547994,0.7619111616454238,0.4239254576037822,0.6594480576327559,0.5808866555737715,0.5577890650191302,0.362731560314849,0.8106392818811372,0.9651731982944001,0.7919178556243562,0.42103588352616883,0.0,0.0,0.0,0.0,0.0,0.0,0.0,2.5493388124070377,4.961759620773872,4.9958494810335985,2.6413253726015444,0.6315383095643775,0.7929717669320027,0.5597648801775593,0.5090504865965155,0.64224156676849,0.6460730585196457,0.4576590563480352,0.6079011390943312,0.6534329362186366,0.6068087433950615,0.0,0.0,0.0,0.0,0.0,0.0,0.0,0.0,0.0,0.0,2.952932649890821,4.679249334925166,4.844974895098005,2.6489476969735133,0.4981819628917544,0.5858785471020627,0.49590179512120214,0.4140011790936431,0.7654524918134916,0.5308141531778515,0.591520486845409,0.5316267926576009,0.6743005779078541,0.6348158722761561,0.0,0.0,0.0,0.0,0.0,0.0,0.0,0.0,0.0,0.0,2.384416731291048,4.2601276204475536,4.490021677379483,3.94270695313419,0.6560854430867261,0.5516094122505817,0.510478568088088,0.5094803384256819,0.6669753345935786,0.5089885563692055,0.669260767195093,0.4985962111024824,0.6213719401615996,0.5776191396788668,0.0,0.0,0.0,0.0,0.0,0.0,0.0,0.0,0.0,0.0,2.090369935177579,4.9958494810335985,4.930697060507981,3.160944144371905,0.574426866022801,0.5459515876075646,0.7261025530954713
4.475861160022788,2.7932199724655726,0.7922838979181634,0.5769447846019843,0.5372294108981631,0.30240954012609,0.7633922020145546,0.0,0.0,0.0,0.0,0.0,0.0,0.0,0.0,0.0,0.0,2.333780781515623,5.080720741857945,5.048721583680615,2.6853745477960342,0.5914439106416416,0.5283558245366466,0.5753310460048897,0.7331683246127095,0.5427488756892423,0.6577253591677612,0.48667164853444633,0.5679242717650583,0.5420476373535701,0.7197018394842035,0.0,0.0,0.0,0.0,0.0,0.0,0.0,0.0,0.0,0.0,2.115301517850901,5.048713430292414,4.870412469457392,3.076626402775049,0.5316949097359164,0.4677857753391917,0.5534020541253354,0.6752593104057194,0.5427178533063017,0.4100848817743478,0.6911487692344117,0.46380691713139993,0.5619714187697191,0.7151647474862193,1.1213049234563837,0.7139820133427754,0.0,0.0,0.0,0.0,0.008283878828352798,0.0,0.0,0.0,2.5317261744369572,5.023699691368728,5.05638582582594,2.6856810176054338,0.5506484777051879,0.6296513148172963,0.5663777099248514,0.5504358841848863,0.641383157880217,0.605842762697278,0.46051835737751345,0.5720653600012638,0.6657854980728912,0.7159780456791961,1.1131928330523673,0.9825640822884593,0.30177570118934177,0.0,0.0,0.0,0.0,0.0,0.0,0.0,2.3287676222695572,4.738363864541923,4.821957174313204,3.186322591943175,0.36124321241227075,0.8237446170109785,0.43401636670324933,0.7371636948629456,0.4410648485694565,0.6581430464104523,0.48471605180233673,0.720502852556826,0.24136387100693094,1.0038284069366792,0.0,0.0,0.0,0.0,0.0,0.0,0.0,0.0,0.0,0.0,2.7505145077219293,4.502942939169386,4.749570391104568,3.0550559512964557,0.6576916789318701,0.5013768652885162,0.5542482829303617,0.4871647432677805,0.6203256615758231,0.48402607201903936,0.5103040384406288,0.727522708262912,0.6289046890782051,0.6581133194219316,0.0,0.0,0.0,0.0,0.0,0.0,0.0,0.0,0.0,0.0,2.188314070415541,4.881877060395103,4.9147604031684775,3.0613388932889927,0.5252915323395968,0.6599315761088382,0.5025255708783188,0.5954877449265777,0.6494014967633789,0.4477665929327332,0.7096644965792321,0.49624656799078115,0.5628195887043695,0.7562159349321514,0.0,0.0,0.0,0.0,0.0,0.0,0.0,0.0,0.0,0.0,2.5672588952505615,4.751730976404363,4.7772687698613705,2.9037842500305664,0.5315778222479282,0.5194736759046136,0.41278735066477723
4.6893967448847365,2.845207843360548,0.41464616582133523,0.569232000570177,0.5172602933838737,0.3067571312905075,0.5983072692246258,0.0,0.0,0.0,0.0,0.0,0.0,0.0,0.0,0.0,0.0,2.5740368976538712,4.487557154904924,4.573698841324136,3.556289363250878,0.6696474602347006,0.481293087337337,0.5166462536703903,0.6668158877449183,0.500898438740641,0.4562810337365175,0.48318560818475775,0.6278861355841266,0.47013560845819824,0.7125142608424442,0.0,0.0,0.0,0.0,0.0,0.0,0.0,0.0,0.0,0.0,2.5479408293624823,4.688013475379857,4.329347862018973,3.6725236202435236,0.5302441757136414,0.3990908175314494,0.5905659328641313,0.43997863009449417,0.6539395902657459,0.5069513166859477,0.603887048018462,0.6612874776661211,0.4922267695834954,0.6576619308869599,0.8439019776604831,0.84660127730975,0.18158514109123836,0.0,0.0,0.0,0.29355417052782684,0.0,0.0,0.0,2.676646000009782,4.704237174632333,4.716716321031461,3.1763678813309344,0.4577201551276061,0.4193007704181202,0.3466187324956995,0.532927090130658,0.6159505769869789,0.5663661803300627,0.4592882672352768,0.6100300463652315,0.4292624506615107,0.7390282062872062,0.5778425700645062,1.2288458681894454,0.3993594047715121,0.0,0.0,0.0,0.0,0.0,0.0,0.0,2.4506897394069913,4.440309139023894,4.6537221590104965,3.6079415084059954,0.7212457186680793,0.4400246111061894,0.5573697771780679,0.44511621230152676,0.599781493486549,0.49328185960152465,0.6791553955119292,0.44234330378722264,0.3653000554183515,0.5657482542882493,0.0,0.0,0.0,0.0,0.0,0.0,0.0,0.0,0.0,0.0,2.6506243677965404,4.482177447928745,4.436992362956298,3.5848354412883188,0.5750215547254626,0.48007966949847763,0.6764519330139405,0.38104598339204027,0.6375791580161646,0.37519237416453494,0.5764039402875251,0.35318934540688884,0.4512261693000765,0.6801011448402413,0.0,0.0,0.0,0.0,0.0,0.0,0.0,0.0,0.0,0.0,2.4229902567924606,4.4589805509753155,4.4957063737044125,3.7326826454093758,0.5611627581698015,0.5163523801090926,0.6599378711291066,0.5069939790500467,0.2774886109359395,0.618103534341312,0.5941120598004637,0.5490654557349219,0.4435587636906112,0.7789207154037293,0.0,0.0,0.0,0.0,0.0,0.0,0.0,0.0,0.0,0.0,2.879407000372076,4.170967988896895,4.526455264630891,3.6355102695649637,0.4982496749641276,0.5050675234122499,0.5072499900958527
5.022954617258994,2.259135317223751,0.767354104683723,0.5212357631773049,0.25222314284247566,0.8029080501538046,0.8644068894523269,0.0,0.0,0.0,0.0,0.0,0.0,0.0,0.0,0.0,0.0,2.573004774504753,4.549379557913374,4.7208890629485,3.03590203868575,0.8100512737642453,0.5442499065599354,0.573574115310739,0.37641283695726657,0.7251599490857297,0.47564749217993235,0.5406775930447879,0.6083140374769916,0.4972003969829819,0.63049067806609,0.0,0.0,0.0,0.0,0.0,0.0,0.0,0.0,0.0,0.0,2.6037980569899855,4.37607770166737,4.615958337013896,3.3408525819321286,0.45643760943826217,0.5321042300725102,0.7155858699901926,0.4628775219989256,0.34213684478665146,0.8777242626768578,0.5086153509454201,0.39085484997938374,0.5286406484663528,0.7749805206814919,1.3123561797647465,0.9845980446926728,0.37112419484912174,0.0,0.0,0.0,0.3453965425237898,0.0,0.0,0.0,2.5489373670663573,5.026579110525884,5.017465701386188,2.2146303850039395,0.6442950607003013,0.620217690931045,0.3697612218605612,0.6782203265270305,0.5279733786863591,0.47876270435263096,0.6387670706742796,0.5754700039575247,0.5940293596480675,0.7091963525302569,0.9579259574864014,1.0189562224830597,0.5731687738565937,0.0,0.0,0.0,0.0,0.0,0.0,0.0,2.7418991829625625,4.850698485436139,4.889436924530356,2.7374427438833164,0.4996168296725032,0.5542104811536467,0.3882658905987357,0.48526752394267975,0.6408611048097401,0.24627892662637324,0.7293553385231928,0.695942755783705,0.1545668936200295,0.5915554806851722,0.0,0.0,0.0,0.0,0.0,0.0,0.0,0.0,0.0,0.0,3.0774624756897087,4.872857744415997,4.914236450568828,2.251346778144799,0.39797502075719493,0.6115889637956522,0.6483172979324336,0.4541267438130796,0.49018362733618304,0.6351484947042844,0.5748254373914647,0.646508207755711,0.5496401198104734,0.688935570675661,0.0,0.0,0.0,0.0,0.0,0.0,0.0,0.0,0.0,0.0,2.6316560290356428,5.026579110525884,4.910164457664152,2.43346038693913,0.8705075474584552,0.5281408918792291,0.5460073314280637,0.6025630166303185,0.6009653730339942,0.557507338272079,0.4659468157933313,0.5165152487751171,0.2866508077033936,0.6968587727794588,0.0,0.0,0.0,0.0,0.0,0.0,0.0,0.0,0.0,0.0,3.059529780563797,4.754587025602849,4.977200802745167,2.323873867659959,0.5609795109869011,0.5734337223255492,0.3257943727808418
4.883260316850961,2.5444306143721107,0.6863712841140468,0.5083555819211308,0.5793630184094308,0.5547650801803886,0.7159996117912738,0.0,0.0,0.0,0.0,0.0,0.0,0.0,0.0,0.0,0.0,2.385249861466068,4.318632482879726,4.5367282528233615,3.780277895348904,0.5409846670523517,0.5452287541878913,0.42146152979852664,0.458162844489161,0.6573422763559146,0.4842487267637607,0.6147586614179797,0.6070830143537379,0.550831558883728,0.6894046341752709,0.0,0.0,0.0,0.0,0.0,0.0,0.0,0.0,0.0,0.0,2.456578991150854,4.648083297284086,4.6858573619342705,3.2336501351590616,0.6426125576228823,0.4954067900247129,0.4941116860430686,0.5059236227665362,0.5328040029577081,0.3091981213726275,0.7194677148799624,0.8146954590968841,0.2587022189507585,0.9169535893757498,1.2270801100199211,0.6808757520615026,0.049068819463387925,0.0,0.0,0.0,0.07403361675529041,0.0,0.0,0.0,2.277645962557129,4.933929342209522,4.650555082119026,3.2539028085812673,0.68348924305597,0.5787857459803568,0.6539209726968181,0.5042884400627888,0.5740071496883885,0.4997816904976163,0.6220081178117475,0.4690331872559413,0.18824925318134617,0.6584651910799946,1.455435912453252,1.1157979714990656,0.42607831713987304,0.0,0.0,0.0,0.0,0.0,0.0,0.0,2.2407187980158114,4.729483400317221,4.840189961148857,3.1240514968588085,0.6079720130599244,0.35541479247973884,0.6290138555489103,0.574841278310938,0.6463925416673472,0.49294592734785775,0.5967352936594141,0.4237831317225531,0.2003905998600935,1.1485451137146019,0.0,0.0,0.0,0.0,0.0,0.0,0.0,0.0,0.0,0.0,2.7954527919568792,4.821035624325435,4.6677792077561495,2.7504369143843572,0.6480545677876142,0.5364565822980237,0.5498202638344838,0.644903360315593,0.5130232660466332,0.6882027957922228,0.600084274096699,0.43914345282175876,0.36843597953060003,0.6892959789658103,0.0,0.0,0.0,0.0,0.0,0.0,0.0,0.0,0.0,0.0,2.2057028105445413,4.011806380154123,4.534317485739234,4.146031927001983,0.48807657660063464,0.4933529301410801,0.6795146479480684,0.4382006935805758,0.710885399533645,0.6557968673879302,0.49756010622910063,0.5212144423226837,0.6836690774794238,0.7166214455945873,0.0,0.0,0.0,0.0,0.0,0.0,0.0,0.0,0.0,0.0,2.810592014421058,4.676168613791051,4.719053219097122,2.9702859368815,0.6077683955312725,0.4385125610579682,0.5687732849822096
5.204522547128405,2.421256141976179,0.6705428735067147,0.5294036752718158,0.42811703593847084,0.6550077961796825,0.5005687580024256,0.0,0.0,0.0,0.0,0.0,0.0,0.0,0.0,0.0,0.0,2.6898475088968947,5.276358704263265,5.276358704263265,2.278207780138195,0.711146296132121,0.5843260679019174,0.6811774787335838,0.7453961645419017,0.5944861440657626,0.700111139317772,0.6108109160780223,0.5385936791790107,0.2250606279394749,0.8871186513827016,0.0,0.0,0.0,0.0,0.0,0.0,0.0,0.0,0.0,0.0,2.5230460313613596,5.006906624054234,5.276358704263265,2.754383075738562,0.6141111002100105,0.7099998986942944,0.6517256473529122,0.6644718682793697,0.5474956241931204,0.6534362532716369,0.5483136073277546,0.6602495190692235,0.6506744381275892,0.8473999653900526,1.1326602588858223,0.9008467349974851,0.2621202953981759,0.0,0.0,0.0,0.10980565188913183,0.0,0.0,0.0,2.5061007532597106,4.377396909952313,5.0963992445482456,3.403862198656059,0.5116043311202284,0.7793402492342143,0.46076874084268876,0.5606223042272529,0.6823359260473522,0.5209761758823394,0.5644202065400569,0.5882510603476768,0.5010480339249532,0.908596072643167,1.1148331065353103,1.0140045970160836,0.4701205628774545,0.0,0.0,0.0,0.0,0.0,0.0,0.0,2.869968728465772,4.9315584309230704,5.276358704263265,2.3298244356340567,0.7179571833304148,0.5529638242769652,0.5992548409035182,0.6692678568114622,0.49942340009167147,0.8197645369138289,0.44629595757635876,0.8068589726214604,0.44301867973458414,0.6760637620235386,0.0,0.0,0.0,0.0,0.0,0.0,0.0,0.0,0.0,0.0,2.6572491416452912,5.0669621992927585,5.077212114557992,2.5042628652553907,0.7981810116579827,0.5152626741734383,0.5674561590095455,0.6182211817590658,0.4263521624082015,0.8186018599571391,0.46925859170027423,0.610059273306919,0.2562486971493318,0.8195674887286764,0.0,0.0,0.0,0.0,0.0,0.0,0.0,0.0,0.0,0.0,2.1097391578767515,5.141843876674043,5.2523088813449235,2.5867959880633724,0.8553164113894328,0.4370673475262357,0.8140696238836105,0.5194691650702955,0.48575103164034367,0.7118224852074546,0.7749752709548022,0.7369075873157489,0.5618104285653868,0.8963734706763314,0.0,0.0,0.0,0.0,0.0,0.0,0.0,0.0,0.0,0.0,2.9363824240980625,5.210095271710264,5.008928254940567,2.433918052317495,0.6191243893806228,0.6502305889434076,0.6029629783198946
5.35814656390498,2.4296477284514824,0.4549840401356308,0.41664118514315757,0.37375495625889427,0.4327004369217342,0.7586823844723416,0.0,0.0,0.0,0.0,0.0,0.0,0.0,0.0,0.0,0.0,2.7521834724547256,5.333125060704135,5.616498746772224,2.203157858815746,0.43704033718042345,0.7164726661982317,0.7499257884247362,0.7105962461846888,0.6725397607762,0.607280691210721,0.5913781270750105,0.8557906954392143,0.400781601176438,0.6303366005925906,0.0,0.0,0.0,0.0,0.0,0.0,0.0,0.0,0.0,0.0,2.2550356071922604,5.634900984825738,5.553265286573638,1.934532829674639,0.45648316873924627,0.49883471301217475,0.6419189882416201,0.9436689914469002,0.4684347173711022,0.8142459342834046,0.7194782833269081,0.6133938071675172,0.549867502970429,0.9155901726145964,1.305955881594954,1.1166064501208488,0.1542082285951189,0.0,0.0,0.0,0.2451360640722111,0.0,0.0,0.0,2.6097857790641363,5.154640118031663,5.644603097203091,2.377133255898936,0.5196028346202485,0.6735039159544227,0.5973685345025826,0.682691098207592,0.7974950493935347,0.5530374289849916,0.5404774837996924,0.7255238339876797,0.34466997355483675,0.7966185429094574,1.1304811564438868,1.0739020281230434,0.4254558010430564,0.18154168346413968,0.0,0.0,0.0,0.0,0.0,0.0,2.990246131429946,5.213996021609993,4.932654169729045,2.3118037128355446,0.6906687589639429,0.6941045058976917,0.39356835952443764,0.764093052337897,0.5867421361099302,0.7613141987055246,0.5705667371581592,0.8452350838213928,0.6808994381935499,0.4930695311052036,0.0,0.0,0.0,0.0,0.0,0.0,0.0,0.0,0.0,0.0,3.0410565814884656,5.400335330752786,5.638173629937617,1.4794399308108563,0.5277447787161647,0.742235495028702,0.6675983701862929,0.6194717307352664,0.6833833253369229,0.4777144873010482,0.7988349964585346,0.626768367506693,0.6408806377834327,0.8303183921879971,0.0,0.0,0.0,0.0,0.0,0.0,0.0,0.0,0.0,0.0,2.856006929864246,5.675008788666879,5.555506235643011,1.6397008471291707,0.6961396403441651,0.594616602475896,0.6854586560376456,0.6370458877760017,0.6168815572396875,0.679153486206226,0.4892363222508276,0.6772015343532592,0.5313070399500766,0.9014784097894039,0.0,0.0,0.0,0.0,0.0,0.0,0.0,0.0,0.0,0.0,2.9904815561381164,5.219534120811895,5.442028006267995,1.9985764899814824,0.546532590605489,0.6763821934964784,0.562050896335546
4.556329549056694,2.929376312190237,0.5824928610981993,0.591389164523059,0.588160993015809,0.35661020944914323,0.42411360970769807,0.0,0.0,0.0,0.0,0.0,0.0,0.0,0.0,0.0,0.0,1.6232696197210243,4.568821303846603,4.573380016133694,4.517938863414744,0.2243142188028519,0.6965403805040147,0.24811373738379366,0.7501733989222086,0.6133568545962043,0.49747260079181016,0.5640698636769056,0.5758788996629098,0.4841442090702207,0.6694918360530957,0.0,0.0,0.0,0.0,0.0,0.0,0.0,0.0,0.0,0.0,2.024132754337367,4.641590683771623,4.424356729467478,4.264158785344779,0.2675290428180368,0.8569196652864377,0.6276039424073578,0.4882083529115856,0.5518267496386825,0.6092105597916008,0.48235219851624567,0.4503889857366278,0.4787270638793402,0.4668326178774063,0.9600837643771527,0.4449069371252907,0.0,0.0,0.0,0.0,0.0,0.0,0.0,0.0,1.8345984004170601,4.600107786799889,4.684455459498894,4.127142045237219,0.5593747920938482,0.65679242192608,0.5094545544781647,0.5002548966765966,0.47594366907003777,0.5817363193637662,0.5570591557931562,0.5221487870657536,0.4539993466867785,0.7438551448488047,1.067501353160593,0.8803257005320099,0.10652931915748036,0.0,0.0,0.0,0.0,0.0,0.0,0.0,2.5868885446510186,4.440016141552453,4.573260878916645,3.9756865248687574,0.46253488980165336,0.5993243510026537,0.4413693711586722,0.3382881912722731,0.6417541614106282,0.4805206635430187,0.5044184004806266,0.5920541723088675,0.5687074882104395,0.0,0.0,0.0,0.0,0.0,0.0,0.0,0.0,0.0,0.0,0.0,2.8215866228040984,4.672716527214409,4.224747531436863,3.8230045414461165,0.5444051880774027,0.5734347806066241,0.49709486453139545,0.4357977545585783,0.5410630997685941,0.6998548497276759,0.658143471117057,0.5231755791459647,0.51192727347985,0.6271151584527264,0.0,0.0,0.0,0.0,0.0,0.0,0.0,0.0,0.0,0.0,2.178987758873427,4.494297391499591,4.684448107890318,3.9737228444814554,0.658952187666304,0.5044699757989876,0.5632812464553277,0.3812983341399857,0.6784463781896333,0.48296351974715634,0.4924665708847785,0.501430388752824,0.45702754314719574,0.6776901433341991,0.0,0.0,0.0,0.0,0.0,0.0,0.0,0.0,0.0,0.0,2.4879592343666035,4.49362521252813,4.491604462110518,3.9726866603334106,0.34236755748257364,0.5600054739336218,0.6223581826612715
4.781337630596491,2.8575424521511343,0.4581662153031702,0.4815914860115171,0.5357132272575444,0.39605555451675456,0.7040908194539061,0.0,0.0,0.0,0.0,0.0,0.0,0.0,0.0,0.0,0.0,2.5827063089113,4.355638171204556,4.724076173989487,3.964997721546154,0.6436770718514592,0.4953881193736917,0.6271012770682465,0.41435473989001465,0.7113784317098251,0.5145206335312172,0.592295894866261,0.4982672687362293,0.597027198914912,0.7768890573481837,0.0,0.0,0.0,0.0,0.0,0.0,0.0,0.0,0.0,0.0,2.036079646373583,4.812180049810583,4.7926699408416376,3.8735628696542115,0.4277412116940927,0.4807619481577977,0.7504977557704338,0.4532316633323234,0.6454726031572464,0.5011364188208387,0.46486520531633574,0.5501140589495416,0.4738908387709286,0.606398645823094,1.1527290173713585,0.7624921167511705,0.0,0.0,0.0,0.0,0.0,0.0,0.0,0.0,2.5707403930267576,4.496936694216894,4.628704778647586,3.849666828942584,0.464712461012617,0.6277858175383096,0.4766028048513239,0.5595365262335736,0.544901326091949,0.5395500052135674,0.5667700416536096,0.605698671862397,0.3226702808617251,0.7192007570707721,0.960482750877071,1.0628192211709215,0.1892098306850836,0.0,0.0,0.0,0.0,0.0,0.0,0.0,2.542606269783337,4.631902525491988,4.641144248589734,3.6007293529977713,0.5965648335989684,0.50354971849646,0.61671185394586,0.5097518147346384,0.5930830606193389,0.5546130329291029,0.48839490361493243,0.5880118742923554,0.4914116359362148,0.4581923415815573,0.0,0.0,0.0,0.0,0.0,0.0,0.0,0.0,0.0,0.0,2.9102420913689224,4.5693661331576765,4.7007068461908394,3.3157508025310314,0.5611368966221195,0.5276590688444592,0.5308248467054474,0.598530463962552,0.5969316882350063,0.6064418844939365,0.5047642034618334,0.6099178458918194,0.3947349812537316,0.7884438174972335,0.0,0.0,0.0,0.0,0.0,0.0,0.0,0.0,0.0,0.0,2.3691205759938967,4.564615832726045,4.510345165685249,3.8355968901555535,0.7996732040803701,0.4416640087423295,0.6895388184899289,0.4837987371110761,0.542939350608729,0.47456719664185665,0.5636471565601253,0.6848995652949593,0.5984964967510487,0.6733693515848754,0.0,0.0,0.0,0.0,0.0,0.0,0.0,0.0,0.0,0.0,2.547570284581265,4.336302483637192,4.63243929164746,4.0707460946059575,0.3789237589767417,0.8560011473838436,0.45903881371395616
4.835255882883795,2.6486867236074088,0.5550757556748785,0.43850535583084094,0.5053370743460549,0.18083806668017266,0.7874373713160021,0.0,0.0,0.0,0.0,0.0,0.0,0.0,0.0,0.0,0.0,2.3602933645638786,4.401640785627109,4.494374392034984,4.052648752761323,0.5125755602663872,0.5507348376990121,0.4691366131746536,0.4058145575037334,0.6774601646724254,0.368314852058946,0.4832738949763697,0.6188264914708478,0.26958003970758315,0.7128408223457351,0.0,0.0,0.0,0.0,0.0,0.0,0.0,0.0,0.0,0.0,2.2985567607777355,4.677206138540353,3.989483095241899,4.434990577266795,0.5927154353271631,0.4903008718692415,0.6424683607153866,0.6341697879768448,0.6897053074411179,0.4099298733222658,0.7876958525363431,0.4737195867292156,0.282471980414184,0.93395503464071,0.3390098295124059,0.5580585248866292,0.0506217945104428,0.0,0.0,0.0,0.0,0.0,0.0,0.0,2.070321036839468,4.614849372956444,4.753566243441695,3.8570866936984034,0.5816362981700767,0.4760047939834995,0.5796262215588778,0.49401346490713755,0.6224059412836678,0.3412681463240004,0.6857859690712231,0.4338278399502894,0.5685133478909355,0.7150581342510526,1.0762697704391493,1.0892674151917858,0.0,0.0,0.0,0.0,0.0,0.0,0.0,0.0,2.63110978004807,4.730092203936158,4.708291361501207,3.2709306552930126,0.6674731667925202,0.5707465278355648,0.5423092169346156,0.7042630559834502,0.5968404813986364,0.5354037663701077,0.5766746029230274,0.414881984415775,0.2885005007376347,0.580963971389552,0.0,0.0,0.0,0.0,0.0,0.0,0.0,0.0,0.0,0.0,2.7168473429336806,4.835255882883795,4.571379556520332,3.4249975471327554,0.4350330774230635,0.6757642258569064,0.5468765905638235,0.5919766894384177,0.5812292163306922,0.6355275528381003,0.4837608322074834,0.4582970832914778,0.6122260185825346,0.7199782242430117,0.0,0.0,0.0,0.0,0.0,0.0,0.0,0.0,0.0,0.0,2.534769381188206,4.402156879723652,4.451451938646969,3.866918668780439,0.6431046678251242,0.5899492772799234,0.4899756970791641,0.4425573498739107,0.7258754874334927,0.6007543824737105,0.49351986683341004,0.6127971449103243,0.45424035046061684,0.6966019138973663,0.0,0.0,0.0,0.0,0.0,0.0,0.0,0.0,0.0,0.0,2.6202114469658335,4.805698178931412,4.516948394333124,3.4318076681219774,0.47601976452068673,0.5239006067014368,0.5769488526915921
5.0615090326893,2.5802588939001208,0.6346311656681383,0.554582051412969,0.4816148059553136,0.6490152871287883,0.796341720128225,0.0,0.0,0.0,0.0,0.0,0.0,0.0,0.0,0.0,0.0,2.3916923291718226,4.622857279060882,4.9419185508217245,2.8710444513603752,0.9853073384179353,0.5333496883005543,0.7439114223207356,0.5697466953903152,0.45633013542372786,0.760301637700704,0.6284440878929147,0.6776282690913618,0.2458746962905367,1.0582193015704293,0.0,0.0,0.0,0.0,0.0,0.0,0.0,0.0,0.0,0.0,2.17156861630321,4.9872333082895075,4.816516636030746,3.0609629857656886,0.5436592603997961,0.28248008952900266,0.7840313417750562,0.6478375639395432,0.6650257051836619,0.6135655886380431,0.527120225787636,0.4975670804526471,0.519597357046159,0.8077226529594611,0.9830110232909735,0.6123972941833885,0.40146053570670237,0.0,0.0,0.0,0.0,0.0,0.0,0.0,2.3892990926601616,5.160536338996348,5.006497295619913,2.7284934958474905,0.6252862040905847,0.4888187190851194,0.44541682061572346,0.6832438478040623,0.5904649260179105,0.5293338991935126,0.5647774313934288,0.5911662266817977,0.3719134741216224,0.7085037045547198,1.0613103865777749,1.3734403367805132,0.44655840216373616,0.028543620825081106,0.0,0.0,0.0,0.0,0.0,0.0,2.8510456691858543,4.847720997710266,5.123812948606831,2.413326926632146,0.6544068913624608,0.6812880515522928,0.47239196958207674,0.5901216520137684,0.5413296232433603,0.5339133059621182,0.7423707877475538,0.4769939159751142,0.4115325501933127,0.24851606437585616,0.0,0.0,0.0,0.0,0.0,0.0,0.0,0.0,0.0,0.0,3.0809640686950805,5.082844184149065,5.0627967910238825,1.9552821635019775,0.6624432470674722,0.4540664394003705,0.8533254450437766,0.592712903083658,0.6674544040058921,0.5502330681325289,0.7002439447885812,0.7094683892402555,0.5690880914308655,0.6807755032284166,0.0,0.0,0.0,0.0,0.0,0.0,0.0,0.0,0.0,0.0,2.6676789706188844,4.985200234164506,5.112655924617119,2.561913672576536,0.541091244293781,0.6669842960026208,0.5670049927598477,0.5845565213398416,0.5305950250586171,0.7332376823465165,0.5034885332712599,0.6463149979058613,0.15706438230208475,1.0678129705225743,0.0,0.0,0.0,0.0,0.0,0.0,0.0,0.0,0.0,0.0,2.556360845730565,5.100564935719754,5.160536338996348,2.235385253607621,0.8232637772372822,0.4323712539941782,0.6998860375817456
5.086243811229155,2.7039782689248497,0.5105061934938986,0.6418817975718341,0.3880664145446727,0.7209477139182005,0.6774362754967307,0.0,0.0,0.0,0.0,0.0,0.0,0.0,0.0,0.0,0.0,2.565661940597955,5.086243811229155,4.861520103184303,2.751986346032331,0.6478369944302558,0.4740373304692954,0.7556992793856129,0.521716141576204,0.5833204478281248,0.649159702619751,0.6186601245646471,0.5932227775781086,0.5900130263572521,0.7850972052603281,0.0,0.0,0.0,0.0,0.0,0.0,0.0,0.0,0.0,0.0,2.3842091120798186,4.545561390026122,4.5470582447619154,3.8826609614393464,0.6502308204798454,0.44956428591564307,0.6890526357729505,0.5515613735118982,0.5888496693289247,0.45274697326113617,0.7957521234037782,0.7068637787707139,0.6361749358045374,0.7925211846374726,1.0178887602079225,0.8568724800124247,0.2385756349781981,0.0,0.0,0.0,0.28552288453312435,0.0,0.0,0.0,2.4290668361843983,5.0273523177505375,5.086243811229155,2.995475635578435,0.5889348132165128,0.6169584452969579,0.5695272882451771,0.31859150831860433,0.6633770854834586,0.4293473855033761,0.5504714531634561,0.5945740676838809,0.5136524856761238,0.786582870396013,1.0702914764319589,1.2770812758339545,0.19111910530692997,0.0,0.0,0.0,0.0,0.0,0.0,0.0,2.742566067953554,4.88423208144746,5.062771169870965,2.603618538246923,0.6037953024395379,0.5407787750015378,0.6927444598705048,0.5625167283167842,0.4905793566773736,0.6429984736688602,0.6562848797127143,0.4481517578995351,0.10514595014663519,0.5763174538301277,0.0,0.0,0.0,0.0,0.0,0.0,0.0,0.0,0.0,0.0,2.7098768608333215,5.081743283808942,5.086243811229155,2.3406213297130543,0.7268616645621809,0.536980642107654,0.61993764442222,0.4891333966007214,0.650742719219129,0.6039715233581655,0.5381368150125688,0.5811532190355376,0.4127583005739377,1.005618358857763,0.0,0.0,0.0,0.0,0.0,0.0,0.0,0.0,0.0,0.0,2.592837623299841,4.8048917773252375,5.032689773045824,2.97632910330427,0.6379792050655184,0.6514185853445327,0.4199091478914754,0.5987033279838901,0.6642832816395147,0.5995584956154455,0.46535100354747866,0.56377121944596,0.6360480908987468,0.7553912326256373,0.0,0.0,0.0,0.0,0.0,0.0,0.0,0.0,0.0,0.0,2.763474303373598,4.958215128476469,4.822210526051117,2.870635656710024,0.4188337013969842,0.6715541803588786,0.6768777194333012
4.5679281061902435,2.9828118311276515,0.654842002102316,0.3855909748337175,0.6205276423389504,0.7425548940358284,0.5835060574255688,0.0,0.0,0.0,0.0,0.0,0.0,0.0,0.0,0.0,0.0,2.2802140787759493,4.8982844656099465,4.657932211336244,3.4944773073766418,0.40266992053734896,0.6314391367951037,0.5495001636651817,0.6542037207713712,0.5830990691690767,0.5843225161782757,0.5208453231883171,0.5162701513391351,0.6396115410691631,0.7231764360994493,0.0,0.0,0.0,0.0,0.0,0.0,0.0,0.0,0.0,0.0,1.8822123579175454,4.703027297604788,4.9458243956000185,3.8140396321322303,0.6640250120062032,0.5751350961527376,0.6277612072408313,0.47892058829603285,0.5689398457230481,0.683351488073512,0.46977039585065433,0.5480660840177288,0.26729814492061976,0.9553375465294324,1.070467575335918,0.4598941026878256,0.07116727805204626,0.0,0.0,0.0,0.0,0.0,0.0,0.0,1.8411925626438217,4.821061822079318,4.448102499744603,4.2473198973695485,0.5914145109185209,0.5822398754975152,0.6169473585743528,0.5652389796880269,0.43711050238963717,0.6040777616286054,0.6117023891375137,0.46303031959278124,0.579822057493296,0.8081700429902581,1.0383816772524286,1.0336188958881802,0.135279483843334,0.0,0.0,0.0,0.0,0.0,0.0,0.0,2.3197212975041457,4.817984894400448,4.638168379428872,3.712166275876559,0.5390966659555554,0.5909779497711808,0.5223578631980699,0.5226875108864032,0.6106790113027716,0.5117027333495352,0.44491578885823546,0.6751300933814771,0.3970648472029159,0.625104223198456,0.0,0.0,0.0,0.0,0.0,0.0,0.0,0.0,0.0,0.0,2.5164547089051097,5.004515594653709,4.777345937038954,2.9412717260278907,0.5250312420874649,0.6524772991332753,0.595943424905536,0.543759750136983,0.5890793662391862,0.6065843199271312,0.5132296287369457,0.5071768387285824,0.506889021973399,0.6740492120735979,0.0,0.0,0.0,0.0,0.0,0.0,0.0,0.0,0.0,0.0,2.309355593246096,4.8447369180660855,4.697009621856333,3.765095858956122,0.49044630839196646,0.46933093405275134,0.507299751702078,0.42034842807206235,0.5044098877996004,0.532055253091292,0.5833918926176309,0.3192583818114868,0.5774200559284394,0.7118119272240928,0.0,0.0,0.0,0.0,0.0,0.0,0.0,0.0,0.0,0.0,2.562506699353473,4.807777890817748,4.648553002666669,3.3632134157729037,0.6029124618933235,0.48097042226589226,0.5936779615525518
4.628098493159679,3.0074536407119563,0.5893939601931956,0.4651726251725382,0.5788134572269392,0.45859798465542134,0.6332167178544522,0.0,0.0,0.0,0.0,0.0,0.0,0.0,0.0,0.0,0.0,2.536413661278676,4.7796125254386395,4.767982189285197,3.421103765052045,0.5771356466148365,0.4253961282874816,0.6040738419177002,0.5002690132249519,0.5196513440163177,0.6395539966239396,0.4751594639020382,0.6969210124472681,0.33799321597414256,0.6363441029764288,0.0,0.0,0.0,0.0,0.0,0.0,0.0,0.0,0.0,0.0,2.0374609104258044,4.4149014387812855,4.558923509977451,4.354156005196482,0.5618542811695999,0.5241160635849459,0.5129572906125751,0.4044166519319194,0.5463187374803496,0.5737599105355211,0.4302754454918684,0.531591510008085,0.2200045302505971,1.051887910077314,0.8661371315181463,0.9678027076430543,0.0,0.0,0.0,0.0,0.21521325012689374,0.0,0.0,0.0,2.431985628616621,4.79648769088049,4.79648769088049,3.5414813818045894,0.37684154731337954,0.7774199515525957,0.5041110266695695,0.4825185775874734,0.611221374720226,0.4539062258199274,0.4483103863845255,0.7720718023861884,0.43295826441316165,0.5601904609547184,0.9225299343414672,1.1174039740620216,0.5761753035492649,0.0,0.0,0.0,0.0,0.0,0.0,0.0,2.6413133197869048,4.626066019467593,4.79648769088049,3.437644286172654,0.5023873790911506,0.6860500782688432,0.5025753241585657,0.4813297512549328,0.6745735419571959,0.5418636544738057,0.5984718619566468,0.4065450215463114,0.34906461576182135,0.6283809297754626,0.0,0.0,0.0,0.0,0.0,0.0,0.0,0.0,0.0,0.0,3.0145456170862994,4.79648769088049,4.29979925239435,3.4213633374884664,0.553386716075962,0.5021654256133212,0.540220380094236,0.536751591160736,0.5206215285794493,0.6073762593365903,0.5100177819502354,0.5137618856068799,0.5268685497354691,0.7265836702143046,0.0,0.0,0.0,0.0,0.0,0.0,0.0,0.0,0.0,0.0,2.2278048607932903,4.286867345805277,4.366626133721478,4.136112121539806,0.7382842188058296,0.3093193166639756,0.7181377773514228,0.5003063881702595,0.6065903095563403,0.48502468641826313,0.42616182104028166,0.7022796342878869,0.5626474980272762,0.780943632279616,0.0,0.0,0.0,0.0,0.0,0.0,0.0,0.0,0.0,0.0,2.7967605416087995,4.79648769088049,4.746396800868455,3.0357350201814053,0.6797616779406409,0.51765426686595,0.662075179170572
4.335610318660058,3.0830218712867583,0.7017619791077976,0.5707860589835093,0.5676228390123272,0.4470534446571799,0.7150884625689103,0.0,0.0,0.0,0.0,0.0,0.0,0.0,0.0,0.0,0.0,2.5901202557623986,4.212900346921535,4.216477971665492,4.169186819641245,0.7354425297419525,0.45326982298991436,0.5952070736021742,0.4892354779343003,0.44137717016637024,0.5979748570172536,0.7165964195859517,0.38342343285295344,0.5291728955061867,0.6060622395173128,0.0,0.0,0.0,0.0,0.0,0.0,0.0,0.0,0.0,0.0,1.8269207844466306,4.345679441812184,4.313732539423398,4.3385019297863785,0.9823676152236809,0.5542001303985479,0.4449983488134095,0.4902520317528303,0.5263754273872528,0.4198376274960358,0.4668397749467285,0.6804672971414197,0.3568550241413828,0.8845217510013524,1.0463548235076303,0.34641479445562595,0.0,0.0,0.0,0.0,0.0,0.0,0.0,0.0,2.2142365803800086,4.423041908234705,4.453112419382106,4.326436652895187,0.5124323233477682,0.5472871728522879,0.4957628506616515,0.5777831458404004,0.417720675396022,0.5800637179124094,0.4737639418343947,0.42103341423080815,0.28123700931576995,0.6526892708818499,1.2276022324350873,0.8774041705812157,0.1597565235362346,0.0,0.0,0.0,0.0,0.0,0.0,0.0,2.257959111867434,3.91218275432432,4.186695758648434,4.35067920655016,1.2859435428044486,0.4886582322294129,0.5496890479150909,0.25659194240846356,0.5924455732856387,0.5025126429655019,0.5257133673839188,0.42016838052910305,0.5564170577241804,0.622417845224337,0.0,0.0,0.0,0.0,0.0,0.0,0.0,0.0,0.0,0.0,2.938884181664582,4.296636381193789,4.180559846857378,3.871708808028106,0.47456063549393507,0.5623012851051193,0.4688756284907742,0.4908293317150634,0.5898173549017689,0.5027287250578613,0.3268355580007226,0.6791489683599491,0.5580096954798872,0.49351188736209656,0.0,0.0,0.0,0.0,0.0,0.0,0.0,0.0,0.0,0.0,2.137974311711251,4.131592871616715,4.453112419382106,4.328723160386653,0.9036827510164662,0.5562088291925088,0.5249093980037635,0.41208799341323926,0.46250049919398756,0.5457515635689013,0.533413193373459,0.4415436244995684,0.013003077923032388,0.7700599406513079,0.0,0.0,0.0,0.0,0.0,0.0,0.0,0.0,0.0,0.0,2.3540746753394695,4.381798862107296,4.344750614846335,4.2915485426287425,0.4904810465173745,0.5811602628130478,0.5398207967036308
4.779566294298187,2.7481007891981655,0.7497254865052739,0.3362640207058974,0.5167173858235955,0.5477243164493946,0.8877563252734353,0.0,0.0,0.0,0.0,0.0,0.0,0.0,0.0,0.0,0.0,2.7503419802401186,4.634211362292721,4.976339296419116,2.9020066032908836,0.3904953806377885,0.7524879811548443,0.520440542756643,0.5267372565407363,0.3518590831332771,0.5264106256562652,0.6239284648049778,0.5265529904233398,0.5497239727749904,0.5796342067701912,0.0,0.0,0.0,0.0,0.0,0.0,0.0,0.0,0.0,0.0,2.3338152879649003,4.976339296419116,4.775233245815491,2.993766404220229,0.8069789532357046,0.7045815812889001,0.536712018038358,0.3069172239819224,0.7910643339097211,0.6112994750647579,0.5707507192701874,0.5585820020325364,0.6097311199733985,0.571244869405419,1.0233094532756282,0.9757095892727885,0.3343600679123693,0.0,0.0,0.0,0.24609161214592384,0.0,0.0,0.0,2.6907240137170203,4.971435738646927,4.545895090176834,3.173980501177399,0.5663924915360607,0.5597558393457692,0.551175907012601,0.48890082519555395,0.2848916735558714,0.7314399528917312,0.41227660557579643,0.6637583897597702,0.37359184024873726,0.6148303474733297,1.2839503064131215,1.0964278428309409,0.4917492266621757,0.0,0.0,0.0,0.0,0.0,0.0,0.0,2.4202296442811013,4.886488539376312,4.86066717185056,3.1393915668239116,0.46554878492267276,0.3864457270867514,0.7157873610136269,0.27929553976016697,0.8572919083584725,0.5219451459927507,0.4813091475094387,0.3181599222557773,0.4927009484033839,0.7531446443531795,0.0,0.0,0.0,0.0,0.0,0.0,0.0,0.0,0.0,0.0,2.9288647999063127,4.907417963576236,4.8168533246311735,2.6482226831223175,0.6584052661362084,0.5218624348293533,0.591830562552409,0.5505546157065978,0.5792835150593418,0.5869728871641625,0.5323138181309254,0.5553615817269986,0.3544399058453793,0.9177144515574388,0.0,0.0,0.0,0.0,0.0,0.0,0.0,0.0,0.0,0.0,2.5274904272045875,4.681694054488806,4.976339296419116,2.9678114126497013,0.7114386340941565,0.497224679340252,0.5485890096943635,0.41923708266366877,0.5147355974409099,0.6547403170928975,0.44121406801182955,0.5318515253657782,0.5311716933847146,0.6915244290106415,0.0,0.0,0.0,0.0,0.0,0.0,0.0,0.0,0.0,0.0,2.676921339419679,4.759134256631727,4.846474808424897,2.9693425624190346,0.6200798081918794,0.530994410695329,0.5462917376917701
4.7635555595135495,2.6116227972001718,0.6130255542866936,0.6369834697535153,0.5270394530458747,0.2836610799492246,0.6118072133855441,0.0,0.0,0.0,0.0,0.0,0.0,0.0,0.0,0.0,0.0,2.445804906527731,4.032616989562498,4.733657460506098,3.862004879318178,0.45124937037261703,0.6855626932845713,0.5441188828724246,0.6283356693143954,0.5413068838788433,0.5041891335738077,0.7360318396258506,0.4752989672031253,0.620070537853352,0.7018764056995068,0.0,0.0,0.0,0.0,0.0,0.0,0.0,0.0,0.0,0.0,2.6271153596376076,4.842530544249035,4.663004007686741,3.109826131681993,0.37836766585008974,0.6099418261473595,0.5550559000517197,0.579577792540419,0.35755562246100053,0.7968640306733612,0.6678711705511106,0.4465869191689431,0.5296852527008068,0.7016046118335362,0.9169694137885034,0.9100868196574944,0.0,0.0,0.0,0.0,0.23966933703622217,0.0,0.0,0.0,2.537825550703024,4.949521330672361,4.949521330672361,2.662323768757978,0.7261204246806683,0.49582221393986553,0.6008592321140864,0.37050606526193697,0.6936059192263099,0.49114925703258905,0.3989433655223128,0.6696745519428174,0.3280465261228701,0.7987665894419045,1.0551965280431925,0.9838709379198175,0.257186670962012,0.0,0.0,0.0,0.0,0.0,0.0,0.0,2.7860755513510247,4.949521330672361,4.77933757041159,2.6535651701909333,0.5605942597276351,0.586179289078146,0.5234971755130091,0.5381320089569995,0.5470165433555618,0.5127447450406106,0.689147669102404,0.4167563983735027,0.5038633192892288,0.5754777693210774,0.0,0.0,0.0,0.0,0.0,0.0,0.0,0.0,0.0,0.0,2.7219842005698247,4.8848294887038355,4.671128877385481,2.677542137045357,0.7779814954178145,0.4726070772275602,0.627662342228046,0.569372742875263,0.4463349692758576,0.6013059827486597,0.6185116894294724,0.4412147929967931,0.413456481285753,0.903062482057095,0.0,0.0,0.0,0.0,0.0,0.0,0.0,0.0,0.0,0.0,2.6311259153939024,4.438986127505941,4.539719768982253,3.4406357954245825,0.7388163507397757,0.5996745825945777,0.5151133931575453,0.36364550895098474,0.5083597378510237,0.6499905987374704,0.5875916378545383,0.5750868065224181,0.6010662043067435,0.7392015382262486,0.0,0.0,0.0,0.0,0.0,0.0,0.0,0.0,0.0,0.0,2.6818546101744776,4.728229669173308,4.949521330672361,2.929865454160314,0.4441153970877436,0.6201283633284679,0.6508918937356047
4.594647512873967,2.8448469547566466,0.421783678503113,0.5700185051864056,0.5120890144671465,0.410345676597464,0.6841545684684147,0.0,0.0,0.0,0.0,0.0,0.0,0.0,0.0,0.0,0.0,2.850732041875677,4.2762108787422815,3.772073663838346,4.164512143622205,0.4982051843064678,0.5588542495254714,0.46379850332439004,0.623406471079076,0.34764544603737724,0.5079293600335499,0.6513232936545018,0.45166965187500674,0.5991802827204588,0.7570685133475714,0.0,0.0,0.0,0.0,0.0,0.0,0.0,0.0,0.0,0.0,2.3912748420490217,4.463066523708681,4.367479935956894,3.8788892052712964,0.5288801188749064,0.3269316767825794,0.8162727835327118,0.25691435305337473,0.624980887166129,0.6112085460591454,0.5500486453758044,0.36844853340926637,0.4823962217179627,0.7099679984288053,1.1814007191446558,1.0251149566137625,0.4493287371957688,0.0,0.0,0.0,0.0,0.0,0.0,0.0,1.9727819319269448,4.524760640184413,4.466036802501796,4.251959860396872,0.4761640409411006,0.5550204003772776,0.4345408065908754,0.4220459162359879,0.41737117651894085,0.647378302841287,0.5613718102734889,0.5570052369528593,0.5428962326771017,0.39104439085912185,1.173163746635474,1.1075661807166541,0.6818834432362024,0.13352421597911374,0.0,0.0,0.0,0.0,0.0,0.0,2.9818847187750963,3.928348570006413,4.450454256108371,3.565046090548707,0.7095296544108576,0.5258345697053671,0.2955382451588037,0.5745247371798619,0.5470161916764061,0.6269670044348484,0.4917315085389331,0.6259825380546958,0.5024502584192218,0.6063236177005519,0.0,0.0,0.0,0.0,0.0,0.0,0.0,0.0,0.0,0.0,3.165071642463955,4.594647512873967,4.456619467089136,2.7914326564880696,0.5364603581240858,0.3676957674760953,0.508734127330241,0.646773413797104,0.3768429432890376,0.4360434500086152,0.6130088409666568,0.3262656280378561,0.46596583397019864,0.5450814918335043,0.0,0.0,0.0,0.0,0.0,0.0,0.0,0.0,0.0,0.0,2.5263548776176563,4.393962527182963,4.39761514253721,3.752519368666176,0.48211756420030744,0.5724865179514118,0.45629706909544504,0.5176640508526347,0.43898936848077974,0.4405589743916331,0.6293042650657178,0.5289996282647794,0.5577254623366128,0.645087526622144,0.0,0.0,0.0,0.0,0.0,0.0,0.0,0.0,0.0,0.0,3.035972131372638,4.518373615473162,4.57093285681964,2.9547767261635673,0.550419430925053,0.42439790795341636,0.5162212948142209
5.028098229202484,2.345971760074586,0.48696671356156795,0.5701199862507162,0.6506401115391715,0.7071502185184685,0.6836962166605449,0.0,0.0,0.0,0.0,0.0,0.0,0.0,0.0,0.0,0.0,2.4752920212749494,5.025565310212492,5.183359212918811,2.4298633101181246,0.5916637791544571,0.603512199742858,0.7207745198926663,0.43735515696157123,0.5584454437235085,0.6457749068722201,0.5851874324083501,0.5802311318737493,0.6410825302844413,0.712458290771481,0.0,0.0,0.0,0.0,0.0,0.0,0.0,0.0,0.0,0.0,2.4007510803456897,5.190237542131482,4.9847104691113,2.49891706346725,0.6145842233518708,0.6236249416960772,0.6324087216367676,0.5770900543916825,0.6994809140187692,0.5703075762243205,0.4986267331461352,0.4476000168285599,0.5564082716714274,0.8012650133253038,0.9609719922921163,0.9328138357428237,0.41755666666551505,0.0,0.0,0.0,0.0,0.0,0.0,0.0,2.5732747825335336,5.190237542131482,5.190237542131482,2.2198509078117317,0.5592069785447622,0.6722008026637594,0.5562637050194219,0.6925310375330583,0.6811968716988989,0.5904166047102442,0.6443951361722247,0.5741278057779745,0.38066594467293263,0.6883701064572416,1.3624925640508894,1.2620066110658434,0.4709251608199434,0.0,0.0,0.0,0.0,0.0,0.0,0.0,2.503887090831533,4.778538569324191,4.85929930125499,2.9165335724791084,0.6698780140892465,0.5784886048971319,0.3615499253209992,0.7010756239673421,0.5617059372806811,0.6919064856045152,0.46175053719354725,0.4276813495115582,0.6409680296589351,0.4607739315559701,0.0,0.0,0.0,0.0,0.0,0.0,0.0,0.0,0.0,0.0,2.832958382173145,5.127152072845447,4.986100278080492,2.2469815470577417,0.6086515285921794,0.5730144783869466,0.627045949168201,0.5688570920296069,0.5039733434802218,0.5149951313976048,0.5421599233883517,0.7622475476551039,0.4334687099053899,0.8189901927588626,0.0,0.0,0.0,0.0,0.0,0.0,0.0,0.0,0.0,0.0,2.249705629319715,5.0119665895030865,5.190237542131482,2.6979150175656486,0.441560351728679,0.8387696907166492,0.5214817124468872,0.6324546158206638,0.5853774945562612,0.5322754275008097,0.545394478958404,0.5114447435717564,0.5013299291441008,0.6863870446526499,0.0,0.0,0.0,0.0,0.0,0.0,0.0,0.0,0.0,0.0,2.711665232035176,4.808506252092493,4.962673393807208,2.4303909232236727,0.7240261602597723,0.5376353720301101,0.6228155126300966
4.3041497506825745,3.1644450507097743,0.47667482180881954,0.6987544807837213,0.34083585367092084,0.371522831306216,0.6759006740967708,0.0,0.0,0.0,0.0,0.0,0.0,0.0,0.0,0.0,0.0,2.7662287264366245,3.9083186454359393,4.636967956309359,3.683796102173591,0.6346174152505482,0.3471027879073031,0.6577587990491447,0.5544268767579528,0.4865842513054939,0.6369060239714152,0.4904914280734062,0.5430187708683869,0.5023745171105749,0.49359226224761243,0.0,0.0,0.0,0.0,0.0,0.0,0.0,0.0,0.0,0.0,2.236512579595477,4.062648977499941,3.9615226785042146,4.562114434581604,0.6900538168370277,0.5905365474609081,0.6305224534642223,0.4158564634738315,0.5971801932853077,0.5257297949635221,0.44251194781912184,0.563188279048246,0.4830985366282109,0.8248828567006267,0.7755599709050754,0.8010409966156622,0.41016424857785977,0.0,0.0,0.0,0.017649317189942264,0.0,0.0,0.0,2.610750609728801,4.689515842670259,4.689515842670259,3.3348785181293406,0.5843938271141799,0.5823511463866833,0.32372221591459643,0.6617135870065155,0.6498191698444084,0.5454306950997421,0.3474710407971593,0.6491564157053531,0.29218561147780076,0.5417875815679982,1.1435524108964068,1.2465136678100786,0.4318772628144387,0.0,0.0,0.0,0.0,0.0,0.0,0.0,2.6678912303460622,4.304571338138516,4.426702980020618,3.725175131245521,0.5507132755987358,0.5770198732825246,0.597225003011529,0.4269041171328912,0.5562428064079301,0.650464334508359,0.5210696849430868,0.5339387237467171,0.3771313877390359,0.7544377848540265,0.0,0.0,0.0,0.0,0.0,0.0,0.0,0.0,0.0,0.0,2.904254802723683,4.582333912034511,4.6384573620906195,2.9840908106413533,0.6036673238771362,0.5160568507749727,0.3493416409485699,0.5321700795606847,0.5396371849112902,0.6038621219626993,0.3781944830528212,0.49326752233096327,0.2871975702531836,0.7451924153013779,0.0,0.0,0.0,0.0,0.0,0.0,0.0,0.0,0.0,0.0,2.7534410292230866,4.2311699229333755,3.863585147687446,4.099059621181251,0.7597083643049467,0.4706995826840142,0.58026742367026,0.5820917024092558,0.5756413190197881,0.5179188347329973,0.3622367552258479,0.6760087317311064,0.6865007810684958,0.710842821157121,0.0,0.0,0.0,0.0,0.0,0.0,0.0,0.0,0.0,0.0,2.901929996410175,4.1439236022462005,4.51118693465779,3.5375669035955206,0.5397261873884103,0.3383455544970955,0.7127947194076397
4.551387059054078,2.9387134557773273,0.5342005863196568,0.6891931298768327,0.3861254796966721,0.7981074880369684,0.8368568614303281,0.0,0.0,0.0,0.0,0.0,0.0,0.0,0.0,0.0,0.0,2.5085075482287795,4.499850670202092,5.047049218857651,3.2288440671214227,0.6096996876592166,0.42766460145855145,0.7454180740614497,0.6642228906996122,0.6174503936025798,0.45895562810559737,0.43455567680268764,0.636531243278276,0.2367930074166988,0.511676269790919,0.0,0.0,0.0,0.0,0.0,0.0,0.0,0.0,0.0,0.0,2.4294044074152468,4.484756182807902,4.965098836654112,3.4444471637007137,0.5340912399690497,0.5999693941203563,0.4320212679363828,0.5486789993071239,0.7370069577974359,0.6284791414671553,0.525384963305338,0.8840821726865825,0.5084376734382416,0.542198597118745,1.2783821836932052,0.7082859298322681,0.3734703160073636,0.0,0.0,0.0,0.0,0.0,0.0,0.0,2.565723978643551,5.0454754928012235,4.934531889934479,2.7636241961189354,0.46718601365663454,0.44997829190061445,0.6349455713383095,0.6651986859789712,0.5095328334224848,0.5117570061131548,0.6271067440454491,0.5640597995652772,0.5807240329997229,0.483703840213588,1.4486919830130276,1.1810991229757903,0.6559377363194336,0.0,0.0,0.0,0.0,0.0,0.0,0.0,2.902772712661986,4.660920095508718,4.815606867764139,2.8100146097718817,0.6567809315625105,0.4269608266085917,0.7180556762023348,0.5177798079818081,0.7681017281583405,0.6052102470483802,0.48584018705397836,0.5941599788501368,0.37724877829096376,0.7866574377266111,0.0,0.0,0.0,0.0,0.0,0.0,0.0,0.0,0.0,0.0,2.435622615335194,4.538432057594807,4.900136576261344,3.2090879325184223,0.638586021946569,0.5110424658903402,0.42211993255980773,0.6159887660323036,0.782710556115126,0.47163317425249107,0.46443309246754005,0.4686889375306611,0.4001831542044309,0.7102790335504847,0.0,0.0,0.0,0.0,0.0,0.0,0.0,0.0,0.0,0.0,2.3338738293736765,4.882848401908715,5.02475042072043,3.119383720475967,0.4332698916529529,0.6314078136126643,0.5668397056023681,0.4160331364486601,0.612559927118118,0.4635530391783135,0.46441116668068255,0.49433672955365177,0.26586827452098366,0.9272641942032518,0.0,0.0,0.0,0.0,0.0,0.0,0.0,0.0,0.0,0.0,2.9022887754626105,4.662485686681553,4.933594318243689,2.7643959269419676,0.5229095701653097,0.5864276442618085,0.4679534334887284
4.597582037514684,2.961360607680139,0.5481119792502043,0.43080957529649583,0.5490775463650309,0.6464431055078299,0.5737510813610395,0.0,0.0,0.0,0.0,0.0,0.0,0.0,0.0,0.0,0.0,2.9121018081773897,4.4184728793949635,4.675904423522226,3.271791213554158,0.6073064353925297,0.5643338655419169,0.43158952355766134,0.5833680462597841,0.5809403032038667,0.37015351232942467,0.7526852274058138,0.6061651176714912,0.27936909079935274,0.5500857601753112,0.0,0.0,0.0,0.0,0.0,0.0,0.0,0.0,0.0,0.0,2.6873083801578037,4.2699545642600105,4.495869561022778,3.8410721546443,0.587489694056149,0.4757856218280898,0.6943228141128274,0.5402462835966351,0.2859219890775938,0.5258174096330999,0.44165426365107047,0.5532644100872025,0.4289885108243783,0.7091142923176426,1.0197411836282682,1.2606912117156863,0.5904147858465105,0.0,0.0,0.0,0.5841053953392397,0.0,0.0,0.0,2.9143762358499754,3.924429127267291,4.310810210848366,2.2049344458310043,0.4733157722162297,0.5098000508299034,0.6178411727414853,0.3222806402128799,0.6435203814159791,0.5589858811227671,0.3239740074726345,0.6270830146639957,0.5900489131385691,0.552738663763841,0.9648208528906299,1.1966359814378515,0.5287070744302351,0.3997038381443482,0.0,0.0,0.0,0.0,0.0,0.0,2.683862059492998,4.648141563293827,4.317398903176828,3.666863988015026,0.6327090103686708,0.4368350700131271,0.6348397028917416,0.44027660259228496,0.5328956697782262,0.4998794604381641,0.2672831449323344,0.1849211347176049,0.595819523148743,0.35496669569275985,0.0,0.0,0.0,0.0,0.0,0.0,0.0,0.0,0.0,0.0,3.3487209230833495,4.478022837872822,4.341189685362187,3.2548241471972887,0.48239726736744176,0.5085857861913257,0.4651042224211094,0.6691865626544576,0.5168292904759934,0.4986380797589158,0.4171625478270686,0.6149936240017486,0.4073382227038045,0.5959067961168164,0.0,0.0,0.0,0.0,0.0,0.0,0.0,0.0,0.0,0.0,2.327539777097399,4.601066054526048,4.379969214913302,4.081483204284743,0.6936835645753411,0.4104503173801033,0.5721584334269291,0.5885810031066123,0.4212375537844457,0.6820788363799457,0.5082668436637879,0.41190266159266603,0.5817226537960373,0.6269160661330823,0.0,0.0,0.0,0.0,0.0,0.0,0.0,0.0,0.0,0.0,2.6186128830581006,4.376440338489326,4.509609413097484,3.720370989149389,0.6186335927829676,0.47025268210428306,0.5308983473624653
4.027545222031462,3.5199250016766843,0.45354453159390745,0.5095074843036924,0.384400883191344,0.6486253462720423,0.5997324251744471,0.0,0.0,0.0,0.0,0.0,0.0,0.0,0.0,0.0,0.0,2.9417567863678764,4.226081777034958,3.9379309198627626,4.216851467475136,0.5768634785180016,0.3910010477215907,0.5658880037579153,0.4589179643011445,0.4923867306148062,0.4857077306970172,0.5255261253552931,0.4320901389902029,0.6144869156627516,0.6580354106969516,0.0,0.0,0.0,0.0,0.0,0.0,0.0,0.0,0.0,0.0,2.717874237264061,4.153119644197851,4.305662736284548,4.161826261088432,0.4963159694991173,0.5130082757052383,0.43846287483232105,0.4925007913600274,0.3203343608972563,0.6731950806632618,0.4726467972991659,0.4512286959104875,0.6302347848971421,0.590390684508293,1.129223042500421,1.0566689217221534,0.0880265565146523,0.014501178501019396,0.0,0.00771005950597133,0.08020329606356391,0.10668070288551472,0.0,0.0,2.5704575112652215,4.0300935407719605,4.125896345089431,3.304567994919158,0.5173910973848724,0.5171339829977155,0.42091815512251424,0.630889016758118,0.46221074744613627,0.4952929260519249,0.5376597718908078,0.4502164088712421,0.32137698562999995,0.5729969588444981,1.0497396762366105,1.1022548678238657,0.46257903698923464,0.0,0.0,0.0,0.0,0.0,0.0,0.0,2.5904280755233353,4.317065436477133,4.220835139443182,4.125595517680705,0.5400955728406744,0.5686978824257582,0.5278380927647186,0.4529846369478472,0.5982928978085507,0.4757259628005839,0.41307980920631826,0.6270507837306654,0.4402492692928184,0.3737569920660908,0.0,0.0,0.0,0.0,0.0,0.0,0.0,0.0,0.0,0.0,3.055261125609645,4.319989584421071,4.285725013838679,3.6630587277171993,0.5003274301673888,0.5698018258506715,0.49866685912522246,0.3785271700512106,0.5066743830731064,0.5902062308318654,0.283935126365702,0.5162149566403048,0.35313906087439073,0.8119769780361769,0.0,0.0,0.0,0.0,0.0,0.0,0.0,0.0,0.0,0.0,2.527281937663433,4.386466144859158,4.069386687278813,4.358581954291877,0.5475523763157677,0.5238836302100363,0.3926783007547157,0.35245377488569474,0.8045997448727202,0.38196632100933403,0.5024006260732216,0.36888492856390975,0.47050032061409497,0.42846934281761906,0.0,0.0,0.0,0.0,0.0,0.0,0.0,0.0,0.0,0.0,3.078965974888434,3.987211849163719,4.307580006230162,3.7977893507953477,0.3883260285394225,0.7079867099364544,0.412234526590156
5.028004660512188,2.514882264348664,0.5526265629601537,0.5440850516325918,0.5571737612554037,0.5019297783086147,0.7664488357014481,0.0,0.0,0.0,0.0,0.0,0.0,0.0,0.0,0.0,0.0,2.581055806867485,4.879017921124808,4.885574963003824,2.951471202877044,0.5660890083142309,0.4547857323201626,0.6411483732425546,0.5957787149905679,0.4217862755363428,0.623026164776995,0.5753342744855785,0.5435868782746981,0.74001608581375,0.6337271370554535,0.0,0.0,0.0,0.0,0.0,0.0,0.0,0.0,0.0,0.0,2.391424623223771,5.089126422836404,4.708482515346347,3.271749176731759,0.5575669103298542,0.5483144896000209,0.6312758965771091,0.5838654355241295,0.5359996287467603,0.644694881761717,0.521624074502171,0.6741703983280303,0.40319384841955047,0.7194393178449277,1.3893258655423208,0.6962395549488902,0.17422302633220832,0.0,0.0,0.0,0.0,0.0,0.0,0.0,2.491513457319834,4.668665296173481,4.758897411689839,3.271785947452544,0.4776150223054206,0.7675790071400624,0.569502347195388,0.39133229076258835,0.6955930380194034,0.573546348248246,0.5125661748476715,0.5811707562962549,0.6114522670450983,0.8248811591295582,0.8673208374205551,0.8448447737250802,0.27826599459173945,0.0,0.0,0.0,0.0,0.0,0.0,0.0,2.6182410649088137,4.7331827434976015,5.064967263012398,3.060193540322514,0.40874059419226266,0.469604281537817,0.6898312060709785,0.7488591429119071,0.5793410996129663,0.597583189031956,0.4609126551902683,0.5391292662127003,0.5139206139354237,0.7532761248422332,0.0,0.0,0.0,0.0,0.0,0.0,0.0,0.0,0.0,0.0,2.414434709427942,4.967691810093979,4.7132017100029415,3.2375040623334974,0.5417702622610518,0.5662993070496569,0.48652909483261453,0.7174837458968568,0.46077807565805495,0.43215711957627173,0.635059869763376,0.4939480842333741,0.7259718433700144,0.42963429252014684,0.0,0.0,0.0,0.0,0.0,0.0,0.0,0.0,0.0,0.0,2.5009364156556764,4.869331100287267,4.473774114455525,3.569840243548399,0.4650156541757441,0.4784672418643294,0.5125547890813926,0.6231390195051363,0.5246473369110948,0.561409973004992,0.7185148986442828,0.45004973132110254,0.6403519332688606,0.7350859680281708,0.0,0.0,0.0,0.0,0.0,0.0,0.0,0.0,0.0,0.0,2.425357878996719,4.836491935726042,4.941076992884631,3.1657683706098205,0.49320301899835695,0.6337156820644326,0.6053376955645717
4.725123570195229,2.7054300514409793,0.5561378375570777,0.4871819621727112,0.568033988681056,0.3835196508505012,0.4870017129934106,0.0,0.0,0.0,0.0,0.0,0.0,0.0,0.0,0.0,0.0,2.6591511530725844,4.799717072720069,4.758748081417823,3.0577687380217284,0.5298367994297762,0.5935163202649576,0.5413708220362633,0.5030427677854643,0.32451906021358506,0.5688181720667685,0.6136414140221409,0.5056241510718197,0.19135127208767355,0.7733622194113536,0.0,0.0,0.0,0.0,0.0,0.0,0.0,0.0,0.0,0.0,2.514748932458251,4.165250821523335,4.819802794659202,3.7739341325755715,0.522183259500479,0.5105428071113959,0.3727126082617486,0.5649387562808241,0.5049691331325584,0.5529258234439378,0.4943635222643298,0.5311022346720208,0.7586830412905547,0.6214253885660701,0.8758055130246554,0.799355545283257,0.0,0.0,0.0,0.0,0.0,0.0,0.0,0.0,2.3920290097067296,4.480760149386829,4.777235180324351,3.544337243122868,0.5577953045499316,0.44440891866790677,0.5095975493809662,0.4441570017793032,0.6858083480251637,0.6026530865051534,0.4639423661072679,0.5827134700379784,0.6492574729944192,0.6047836501757818,1.1101004419271188,1.3572497983544682,0.21565348287298028,0.0,0.0,0.0,0.0,0.0,0.0,0.0,2.6519060893503674,4.819802794659202,4.61373676365726,3.264236315571294,0.543668617738655,0.5147286893819946,0.5606648267428967,0.42189731572587363,0.40716016852039727,0.7867999209923895,0.5322888582950123,0.3783651167224793,0.497643195975074,0.7940648963733575,0.0,0.0,0.0,0.0,0.0,0.0,0.0,0.0,0.0,0.0,2.8675791914051922,4.812603381552723,4.739239643084725,2.8971789790431766,0.5320756000153016,0.46308568017984936,0.6636757321687816,0.6048986146064431,0.34270359553735014,0.6141481615177852,0.4643495826449631,0.4806068421341064,0.33497958038121844,0.8134491991910674,0.0,0.0,0.0,0.0,0.0,0.0,0.0,0.0,0.0,0.0,2.548056602987301,4.281642858230035,4.67003122420152,3.515031188690847,0.39345631238112133,0.5911770051435081,0.37313270659247844,0.6419715167354269,0.4576849264458658,0.7171947215925336,0.4500441882177322,0.532956223625473,0.4289513023377522,0.5325395798721446,0.0,0.0,0.0,0.0,0.0,0.0,0.0,0.0,0.0,0.0,2.7999922539006277,4.7679914022989935,4.819802794659202,2.699452033989349,0.5745644576009223,0.5662963049836175,0.5523968187218331
4.962382661537661,2.5230998900551986,0.5800073750830952,0.5121831170771682,0.631102435048193,0.24324572814256618,0.7378929832890604,0.0,0.0,0.0,0.0,0.0,0.0,0.0,0.0,0.0,0.0,2.9201725752169976,4.9608060954803435,4.301740517582668,3.1286232024424336,0.4559787595139748,0.6624966347110606,0.5162798702193869,0.3583844014094013,0.7108698897461684,0.5938597199011257,0.5577192081007685,0.43272726176367204,0.5775462593416424,0.6364473375275723,0.0,0.0,0.0,0.0,0.0,0.0,0.0,0.0,0.0,0.0,2.1405214151503644,4.389145098860378,4.865207373141649,3.8980668440518587,0.6025935092076735,0.5556018878525925,0.5735321436169835,0.632033023484481,0.49008874687505866,0.5248914659835447,0.7278784115255401,0.5557492811084654,0.5373799910623052,0.6717529978454406,1.136050800823516,0.7768785347622369,0.35903837779470327,0.0,0.0,0.0,0.0,0.07745547497126992,0.0,0.0,2.8637423792388867,4.962382661537661,4.8479972564784735,2.58294105874229,0.6592388631242503,0.5091530336889939,0.4783494863306372,0.6513138709943199,0.4944200739062568,0.38123300368952884,0.6138722522625595,0.6477351957760381,0.4549528366421358,0.6463434661049505,1.168644074656971,0.9324896782155321,0.7585424297077896,0.0,0.0,0.0,0.0,0.0,0.0,0.0,2.948188719422814,4.744453596796726,4.536042374446447,3.0565523748658965,0.5553659483493052,0.6190738874456325,0.4680683282629214,0.6392679731013713,0.4180938279121134,0.7095640545810898,0.5759060226862722,0.5378893575007666,0.5021240675247212,0.2684778889141626,0.0,0.0,0.0,0.0,0.0,0.0,0.0,0.0,0.0,0.0,3.1104543273979774,4.806494755156608,4.609644391004269,2.5203599782191053,0.5872485062809444,0.6676112762915406,0.5626396765454247,0.6136342383270299,0.5885900499458151,0.4559025068394644,0.4829258874867396,0.8052262895940833,0.5397811314756842,0.5592877026631091,0.0,0.0,0.0,0.0,0.0,0.0,0.0,0.0,0.0,0.0,2.6583097435339558,4.824498533816115,4.70454745566387,3.1896477679072635,0.598806727300176,0.4459889771154756,0.42761258615843933,0.8190590845817507,0.504142109849255,0.636892365112701,0.43803075466014857,0.6197362613110269,0.5840529659070264,0.6583893346714822,0.0,0.0,0.0,0.0,0.0,0.0,0.0,0.0,0.0,0.0,3.0676705895779746,4.6941261931196605,4.904972000552959,2.5644902730107337,0.5652210032610854,0.4480785481030684,0.5154792618247697
4.645142982428602,2.596392440994695,0.578976605613625,0.25378031313290467,0.8157556388478472,0.6679879908187561,0.7355256667655503,0.0,0.0,0.0,0.0,0.0,0.0,0.0,0.0,0.0,0.0,2.162202925453945,4.347355386809611,4.720221542389195,3.708279776470129,0.4495981670470979,0.6209124719331374,0.5847241964956715,0.41612190485180417,0.6450548535750239,0.5358855779129912,0.5184946959153466,0.55043581349029,0.2752801987649989,0.5196591692653474,0.0,0.0,0.0,0.0,0.0,0.0,0.0,0.0,0.0,0.0,2.3032325786565373,4.36501472279082,4.929010656272318,3.527993137843184,0.5554445416868506,0.5831734940877273,0.5860522766448977,0.5788444373936268,0.6043337154532633,0.30963006150794015,0.5313229336062719,0.6426687216343987,0.5486585608229254,0.76445843221759,1.1372741077871524,0.47716170066982855,0.0,0.0,0.0,0.0,0.0,0.0,0.0,0.0,2.33805301437695,4.843976299217801,4.576394668331584,3.2345737915774753,0.5559596604019201,0.6119760408418825,0.6363624394494765,0.6000282934983013,0.5931681982715706,0.4761429526182654,0.42979354434485295,0.5586166072800072,0.5625742789358343,0.5187037638791825,1.0404618758891255,0.8381708650923521,0.0,0.0,0.0,0.0,0.0,0.0,0.0,0.0,2.525524558364782,4.7592127821535675,4.641293234060115,3.230679147391631,0.4802641577274917,0.6505864977040127,0.3728209035300052,0.5573448830568833,0.447144379606625,0.537222229516578,0.5258404719597146,0.4735624854499954,0.5605786891696938,0.49393779694991513,0.0,0.0,0.0,0.0,0.0,0.0,0.0,0.0,0.0,0.0,2.804455817799999,4.361243377314076,4.472522556845659,3.2937540698999075,0.5076788064026289,0.5433147485440617,0.6730028835425329,0.6093608970690084,0.2662219738960021,0.760244223251554,0.5941192310114928,0.5763202850176601,0.33729081112708514,0.43128804823155065,0.0,0.0,0.0,0.0,0.0,0.0,0.0,0.0,0.0,0.0,2.18332449937813,4.069268291133855,4.1247993562661005,4.723029844199492,0.6140732704624786,0.41626502652707353,0.6317890761177166,0.5586672588647671,0.5726262158355963,0.4554041030538055,0.5624624387717667,0.6392159248040048,0.4876598440403794,0.7931894732716681,0.0,0.0,0.0,0.0,0.0,0.0,0.0,0.0,0.0,0.0,2.27669989405583,4.771491854055421,4.377270471672856,3.5885511054900676,0.6053971142462546,0.5722255968891548,0.5470251429073872
4.562392563490383,2.8753274414098895,0.568320745621327,0.5073943869774639,0.4681234995772482,0.2985871573783839,0.37119385076391875,0.0,0.0,0.0,0.0,0.0,0.0,0.0,0.0,0.0,0.0,1.8887611924256058,4.475259168431403,4.37854616124899,4.085620956505145,0.8058587283474324,0.487555936237413,0.4953825888130703,0.5034011411833563,0.505795844433663,0.4097303432504501,0.6721278256882903,0.5421535297825759,0.6139757623812591,0.7449474813235866,0.0,0.0,0.0,0.0,0.0,0.0,0.0,0.0,0.0,0.0,1.742649056096603,4.338656813249502,4.471184429903133,4.472062343956543,0.6066919248679395,0.44748465503137674,0.6699101895145263,0.42264899084520596,0.5814605358010236,0.5246405073507354,0.6129338317143703,0.4319235131612998,0.4345752296548211,0.9223467115710765,0.7230491386513072,0.7882772330001853,0.2112841444742024,0.0,0.0,0.0,0.0,0.0,0.0,0.0,2.5874212587650502,4.562392563490383,4.226279568504875,3.7985412283128803,0.47783443161184724,0.4166403835494156,0.683500384713139,0.4858956015753384,0.43928443037937925,0.6454557517626834,0.4909605199138081,0.495817629064452,0.31596359763349735,0.7515426515864571,1.0844645892945115,0.6798849929042937,0.39470411472672673,0.0,0.0,0.0,0.0,0.0,0.0,0.0,2.2941197423646384,3.843855565847756,4.391815593479566,4.34767894853239,0.5998771503927918,0.5338846141959613,0.4070793641788994,0.5702946276435302,0.5014088060767771,0.5576581636007556,0.4530112821994811,0.5267307192192073,0.20862493327886256,0.8708615808936326,0.0,0.0,0.0,0.0,0.0,0.0,0.0,0.0,0.0,0.0,2.5919372883866165,4.309538331624112,4.562392563490383,3.8223048408168303,0.5425806356968935,0.6803570906517662,0.4989850134421538,0.5840641570459472,0.2339506401298985,0.7719247919946461,0.6263705569121915,0.5221231826890651,0.5347623623616868,0.4647645907896347,0.0,0.0,0.0,0.0,0.0,0.0,0.0,0.0,0.0,0.0,2.4143121179734894,4.33715108411587,4.161875763053732,4.2859177540696125,0.6460913048312202,0.5283994641993855,0.5094293795877357,0.5907958482855746,0.4300215770620457,0.5666785618467051,0.5913549621360502,0.36980301084860934,0.2924723826019291,0.7566816245371195,0.0,0.0,0.0,0.0,0.0,0.0,0.0,0.0,0.0,0.0,2.759438917216481,4.341187422432568,4.479412174153835,3.5506478387437514,0.3286710752939508,0.2956364255450788,0.42679254120166293
4.88291858851997,2.7731574410977697,0.6805256922452992,0.5555425818910393,0.5426088408247324,0.593498286406086,0.30477157650779674,0.0,0.0,0.0,0.0,0.0,0.0,0.0,0.0,0.0,0.0,2.569220214750411,4.477152396134255,4.827234494354918,3.7327040441214767,0.4214453587488733,0.5205123985904726,0.6387855431403779,0.5508976656447667,0.572806094699894,0.49609986067092543,0.3239981649503114,0.7488112664866529,0.5115628878899989,0.6780316510898449,0.0,0.0,0.0,0.0,0.0,0.0,0.0,0.0,0.0,0.0,2.6841021155569584,4.788818214522916,4.923377989850138,3.3553504309541595,0.5813914660885565,0.5969831798704633,0.537187697607148,0.5858487904406157,0.46301126190433406,0.5738532081171465,0.5957737046052403,0.4224042254266718,0.6368612216725456,0.7506481778108145,1.2581110139402707,1.1310733164748452,0.5633672491183752,0.0,0.0,0.0,0.4570723588305743,0.05775040391107744,0.0,0.0,2.744841461947056,4.691587761868417,4.72167820331091,2.632475660341452,0.5029480421155126,0.6649169244962291,0.328899790990057,0.7131765890028945,0.6070157374907303,0.5845183399221762,0.41194592226689936,0.43906308549140116,0.4911012397397545,0.505400875776296,1.377856004186151,1.0544276734849996,0.3696884639682292,0.17152121806071985,0.0,0.0,0.0,0.0,0.0,0.0,2.9957628485010233,4.715429733400735,4.895788034139454,2.786553886335556,0.6315327593681052,0.6322292155269538,0.524924377967407,0.4402989056698296,0.5972648522698093,0.5649266664202987,0.40581088581960256,0.6775310071259739,0.4676732240285101,0.7070891470064701,0.0,0.0,0.0,0.0,0.0,0.0,0.0,0.0,0.0,0.0,3.1446344547040113,4.864259660625006,4.566954264375558,2.977354212766592,0.49082268246615945,0.6500138205153764,0.6671534938095363,0.5906609300312813,0.4410797847608789,0.5738661451397385,0.5762731263561497,0.5237067632200361,0.4666792236825674,0.6296829982865291,0.0,0.0,0.0,0.0,0.0,0.0,0.0,0.0,0.0,0.0,2.8681005949798424,4.740857740553325,4.521899640046359,3.084477766302577,0.7130302141311567,0.5554537140508322,0.6198152506960367,0.5609772704245811,0.5419832443682145,0.5311791919385144,0.6281638260612518,0.6149732341301665,0.6159293193967631,0.7246202659901175,0.0,0.0,0.0,0.0,0.0,0.0,0.0,0.0,0.0,0.0,3.034047193508041,4.611440540867498,4.765578504982758,2.944585530965129,0.5062637955030528,0.601750886574999,0.5973129548523879
4.590035133035685,2.9099883090548584,0.5446947153955222,0.5294785553559714,0.6112568338271908,0.45051969155814564,0.6197270386847515,0.0,0.0,0.0,0.0,0.0,0.0,0.0,0.0,0.0,0.0,2.3221477937561033,4.659904806561348,4.549124442713827,3.7026149587691606,0.5274242364118601,0.5045631251937522,0.5993513669438335,0.6189130933827066,0.5744345499242446,0.3886215643288806,0.3203706825103354,0.7468739091580463,0.3605730068424424,0.498525672794962,0.0,0.0,0.0,0.0,0.0,0.0,0.0,0.0,0.0,0.0,2.4486084618643025,4.134595228791173,4.571021515447727,3.8589199005439956,0.626765678378075,0.5992512956164401,0.39559297384433245,0.5236955466435107,0.5264012050293492,0.5337666728662839,0.6192573235139708,0.4195974951897263,0.727562004440569,0.6732705203781242,0.9899274265831707,0.5630263026733271,0.023580283686800783,0.0,0.0,0.0,0.0,0.0,0.0,0.0,2.5661008459166945,4.578372093331056,4.655127096608048,3.476148615434714,0.5342483538027767,0.5604172738616215,0.520273129689041,0.6157856940833015,0.34180926196453104,0.7533627098522906,0.5847363558633125,0.35784250832178166,0.4037864144582688,0.846652194717383,0.9441938692611487,0.7596551214599795,0.47435927359988117,0.0,0.0,0.0,0.0,0.0,0.0,0.0,2.645972588163668,4.688024364793615,4.822125075894386,3.068807983779073,0.6702323899600927,0.5660924794396367,0.47334731003313846,0.5051035918914868,0.5330494291432388,0.5493722896592238,0.5358656678390598,0.6674891280160992,0.5926232361499715,0.6744596864958662,0.0,0.0,0.0,0.0,0.0,0.0,0.0,0.0,0.0,0.0,2.879282199973787,4.561755913172426,4.301841616314074,3.3753077993369707,0.49829715977838485,0.4492804947605922,0.6483579037354474,0.5113454445576452,0.5571991331111559,0.6236623818533771,0.5229655163503671,0.5714534911049823,0.4146360811592108,0.6909774192020685,0.0,0.0,0.0,0.0,0.0,0.0,0.0,0.0,0.0,0.0,2.4779700222051133,4.5768046144442955,4.822125075894386,3.3555808600825,0.7236325650596676,0.5734355878277401,0.572906990019491,0.4272967302938845,0.6788682194284107,0.5926085624267188,0.4486084520706539,0.5032143842919254,0.43485018426008604,0.6082060461906873,0.0,0.0,0.0,0.0,0.0,0.0,0.0,0.0,0.0,0.0,2.8598078349093505,4.647560213251601,4.5878526467833325,3.1215627110737003,0.5908109477471881,0.5593247983851902,0.5965855900319944
4.88033851026865,2.6911321606880474,0.562587828520138,0.5794027254367607,0.41986519800153244,0.5917727914343247,0.5580323007138304,0.0,0.0,0.0,0.0,0.0,0.0,0.0,0.0,0.0,0.0,2.4467368367942424,4.3526972442756025,4.82606529613723,3.5348345330160966,0.499405802429881,0.5301286209167462,0.5314921494963666,0.37060761288882144,0.9376974219189191,0.3296308949834166,0.6387495867206512,0.6024466023298295,0.41612781726776493,0.769038573965036,0.0,0.0,0.0,0.0,0.0,0.0,0.0,0.0,0.0,0.0,2.2456759181899733,4.927918912774669,4.810632407011464,3.103964476878582,0.509578476557661,0.633382863268299,0.6358805345902446,0.466269730218218,0.414236593671056,0.5228753281175484,0.6203208851233664,0.4905686298785708,0.5989044618235871,0.8931529430645992,1.0249671491635723,0.7736040827854568,0.0,0.0,0.0,0.0,0.0,0.0,0.0,0.0,2.594927623050059,4.362192060653266,4.652076749018037,3.490258721864974,0.54341885570313,0.6136444182210421,0.6063349019197263,0.5174169378059243,0.5786514155069638,0.506573631502409,0.4822073198636573,0.5593924142117028,0.6101595044568366,0.6960934385934578,1.2860903696059773,0.9592992553861777,0.20227456075182992,0.0,0.0,0.0,0.0,0.0,0.0,0.0,2.195070956482902,4.735373058557515,4.8511306739212525,3.1304157731009017,0.7363655382787931,0.5103707388285282,0.6042445510080325,0.5151505758851957,0.5056414305844638,0.6388093170077183,0.6545818712334388,0.5132115303637524,0.15497571242508454,0.7103664068975934,0.0,0.0,0.0,0.0,0.0,0.0,0.0,0.0,0.0,0.0,2.6737997096596207,4.38679742584181,4.82903006198265,3.191751676994731,0.573543927990002,0.5486661565319102,0.6501338739066137,0.5650906413386816,0.5509500483870043,0.6007836210762838,0.5292367859284319,0.5691306855985175,0.4477745528039807,0.8370811689009904,0.0,0.0,0.0,0.0,0.0,0.0,0.0,0.0,0.0,0.0,2.5958920972780684,4.79040674002435,4.504122174347418,3.084726541272822,0.6630218803758618,0.6473505925111854,0.5662177204716606,0.4469215795198366,0.5329351492276831,0.3862487134274577,0.6471677139801209,0.6212501496446247,0.48692087683081753,0.7575581287748467,0.0,0.0,0.0,0.0,0.0,0.0,0.0,0.0,0.0,0.0,2.776501735542686,4.925893589686483,4.884601097003733,2.459172270258363,0.5768347816649756,0.6699744845959916,0.581931587580774
4.811261368196023,2.872969367463343,0.6573775218033239,0.6407002730832274,0.5417339802961774,0.492520403125872,0.6783824258413,0.0,0.0,0.0,0.0,0.0,0.0,0.0,0.0,0.0,0.0,2.5956463550835007,5.211438182733175,5.105757628520646,2.701669802744303,0.4567556531550689,0.6240560950161375,0.6081995115799763,0.7073241354331411,0.5782520128954972,0.4467504069242368,0.5729976020340054,0.5774439755441179,0.5774831068354247,0.8051899971778684,0.0,0.0,0.0,0.0,0.0,0.0,0.0,0.0,0.0,0.0,1.9898043353611836,4.79420310795505,5.199490793478653,3.6970231681101042,0.47360083327220687,0.7170375482690265,0.45668471357246976,0.6142877286443742,0.46784552177572014,0.6945195551817085,0.5379463112098273,0.6419243100331498,0.5083051580871499,0.8564002847563768,1.0959506995232202,1.1009798270018503,0.3881996765488722,0.0,0.0,0.0,0.3929587995969559,0.0,0.0,0.0,2.160743147614484,3.605318410061521,4.98667383962618,4.622905586832378,0.7651109889841355,0.5499177180451768,0.5487373975264014,0.6390638264467677,0.41395899762368804,0.7209888122968603,0.4020921389169655,0.7596277039820319,0.3864139143765025,1.0463120417645615,1.0676651241617883,1.170613737212765,0.6714203274622594,0.0,0.0,0.0,0.0,0.0,0.0,0.0,2.6362707564841394,4.781791476170455,5.211438182733175,2.8843279917473725,0.5286974840311816,0.6859916516661732,0.551816913646413,0.44809771000362175,0.5279427122144252,0.5630553405790953,0.6436712870924639,0.5707274999532133,0.5335826390321244,0.4532492268320821,0.0,0.0,0.0,0.0,0.0,0.0,0.0,0.0,0.0,0.0,3.001079340596781,5.003900635544724,5.134202996475131,2.6321763296665965,0.5437730212776096,0.6671350173452554,0.7408307235993941,0.5472109122855905,0.3031243096164938,0.8365167543244325,0.5690053174997501,0.5267723150162558,0.07218258771422947,0.8693553896329228,0.0,0.0,0.0,0.0,0.0,0.0,0.0,0.0,0.0,0.0,2.220518699249086,5.211438182733175,5.149750462784723,3.0543156475846107,0.7391496688397945,0.45066200480529106,0.7146086353081147,0.5860408084955915,0.7090311490227146,0.4275097819692975,0.7366155649899637,0.5757377859625035,0.46872780899107436,0.7709297121413927,0.0,0.0,0.0,0.0,0.0,0.0,0.0,0.0,0.0,0.0,3.006686529428111,4.912871725448037,5.106896679114164,2.576310225351785,0.3533753102753594,0.7339733983018709,0.7150686324245444
4.63782111762433,2.925184679389748,0.6541063143676875,0.42814248702851254,0.588547411589334,0.5431580558146873,0.5299056427463634,0.0,0.0,0.0,0.0,0.0,0.0,0.0,0.0,0.0,0.0,2.499716803428546,4.795953607226663,4.289710633552539,3.793436563596257,0.5952292217519625,0.5125367758440781,0.49956994910510605,0.6118069471998053,0.3962740696219724,0.5962075010026033,0.33388902765133016,0.779413112426409,0.5324258982378414,0.6519079444532776,0.0,0.0,0.0,0.0,0.0,0.0,0.0,0.0,0.0,0.0,2.563631675222007,4.754282730148261,4.495317794315983,3.73815163183897,0.410843723220492,0.5933554700880578,0.5119127525122645,0.5363967715544169,0.5828078171798502,0.4623478354577074,0.4153921695166873,0.6912825472228,0.40248455262601873,0.7294013962135384,0.9923090876628722,0.9132843252812136,0.0810459303147315,0.0,0.0,0.0,0.11577535493578262,0.0,0.0,0.0,2.6629180286555054,4.576781162765193,4.398003684031261,3.686894810871997,0.4366104465748021,0.7320460731238253,0.5296839465070565,0.39873936697990797,0.4687234606877313,0.6103812836375851,0.4310034088741144,0.7750611509816463,0.401357090935384,0.6967986090780665,1.1869692705463633,1.000613328900945,0.26878790783637496,0.020881960942688238,0.0,0.0,0.0,0.0,0.0,0.0,2.733724897613489,4.305554829150628,4.616923957305921,3.7878015421400013,0.5593782373592182,0.5557891498724646,0.5598381373638825,0.41332265107192306,0.6985498189402182,0.4146888845580481,0.6434416966688323,0.5315819990714705,0.5259632753647694,0.6968993475874344,0.0,0.0,0.0,0.0,0.0,0.0,0.0,0.0,0.0,0.0,3.043142654062862,4.795953607226663,4.675498733167138,2.9911806029139107,0.6185351175421419,0.5102168556603947,0.4789486134237563,0.5400119771065194,0.5636841916558892,0.498375434098851,0.5844056916650378,0.6135568275261687,0.25582541136633546,0.3348599223447809,0.0,0.0,0.0,0.0,0.0,0.0,0.0,0.0,0.0,0.0,2.3115171239852756,4.650018099179035,4.545014268241273,4.046743162037347,0.4928898347993731,0.5427485953670343,0.5719244166509545,0.4968668382434812,0.5374448365481344,0.4923155189596738,0.6104106214362145,0.3943019665472827,0.668148418961759,0.5915815593270846,0.0,0.0,0.0,0.0,0.0,0.0,0.0,0.0,0.0,0.0,2.228144839517359,4.371940585644085,4.795953607226663,4.148513247444946,0.5912285305755258,0.5955120435672571,0.6933256400005725
4.944410484693612,2.811725006680508,0.6197540257148056,0.5574924085955816,0.6601447919933621,0.3523936764074991,0.383071833095418,0.0,0.0,0.0,0.0,0.0,0.0,0.0,0.0,0.0,0.0,2.558999231596407,4.5916756674503745,5.007072611018363,3.233102007939701,0.6838773155709685,0.6244725837632895,0.5163934333884799,0.5223460100877526,0.7211966100513639,0.5407419690291978,0.5278472578605039,0.5738555791285022,0.6347745175438749,0.5573493050408378,0.0,0.0,0.0,0.0,0.0,0.0,0.0,0.0,0.0,0.0,2.271510486588036,5.007072611018363,5.007072611018363,3.281624835651644,0.7312473410653172,0.4644181283042826,0.6539785293652713,0.4759821884428271,0.6831574587796684,0.5943660253404368,0.5388251429102949,0.600309033149257,0.6087337788579865,0.8133626236756065,1.127334568409391,0.8037569203286719,0.0,0.0,0.0,0.0,0.0,0.0,0.0,0.0,2.6235934271101344,4.7660848231066995,4.953791733452291,3.2832643139532167,0.39437813277832573,0.7135145878955592,0.3804388223847118,0.7014408230092157,0.600361483488546,0.2836578953498815,0.8071994358596118,0.32053531255476847,0.6606118817730326,0.6322342904941322,1.1282244743717902,1.144273304569456,0.43864217603312206,0.0,0.0,0.0,0.0,0.0,0.0,0.0,2.385202161419417,4.822513160907281,4.924015602683328,3.393327458562601,0.4288683017408467,0.44970246432557753,0.6873044617951852,0.47409613042953563,0.5660339803436029,0.4687861715582491,0.5779366219147074,0.6840327596251865,0.41786441315208034,0.8650514756911334,0.0,0.0,0.0,0.0,0.0,0.0,0.0,0.0,0.0,0.0,2.5095035481130603,4.75690712921127,4.746175635091042,3.5287704622981746,0.5976339751288094,0.5506369053353976,0.5010910190793677,0.664701080268724,0.5559333874734531,0.45466321284739425,0.5854940822478271,0.591960516232504,0.663540208542615,0.6535801680660022,0.0,0.0,0.0,0.0,0.0,0.0,0.0,0.0,0.0,0.0,2.548665468810655,4.745296868727913,4.797468270166225,3.6082948687284455,0.5491692516347507,0.5592181027420329,0.45241030214162414,0.4689196021052528,0.6162094583755582,0.5205554477940602,0.41835471813105185,0.8273844592875854,0.47929941558316125,0.7120479225832897,0.0,0.0,0.0,0.0,0.0,0.0,0.0,0.0,0.0,0.0,2.337523778010569,4.498105371388144,4.870302543203881,3.763900687270311,0.7111996491917659,0.631757261105682,0.651686474755586
4.9096415228556705,2.582118483061196,0.6403777790819732,0.6604101841535712,0.5961753428339678,0.5548277613444488,0.5008618415001687,0.0,0.0,0.0,0.0,0.0,0.0,0.0,0.0,0.0,0.0,2.637171972397949,4.602092467759512,5.031542832523141,2.953701658949321,0.46393445429160274,0.5396041165214542,0.33640966671545597,0.5953880162477408,0.7831885967223968,0.5271334371186258,0.5603715622553255,0.5819176810064624,0.5508455271457999,0.6802579672441035,0.0,0.0,0.0,0.0,0.0,0.0,0.0,0.0,0.0,0.0,2.106271327724201,4.944030581253064,4.851098998058658,3.4531692030691543,0.5302640850177935,0.6742589124917995,0.6495146466165755,0.48465133864960436,0.6436518461250423,0.5770074362778271,0.6653654498686948,0.5972344476857104,0.6228986716371695,0.6759224996020476,1.254402114731565,0.5840957934034731,0.16225086475759554,0.0,0.0,0.0,0.23348589447981283,0.0,0.0,0.0,2.4763834430477294,4.9206905325613715,5.149958479212986,2.612317674216626,0.7148256251519851,0.6131808241178485,0.4167186813093624,0.7147610888092918,0.494626442160225,0.44935737558364386,0.5883528595634784,0.47337528271945084,0.6525716528478955,0.7212811359280282,1.018519811490799,1.2193913489089105,0.3398425165543141,0.0,0.0,0.0,0.0,0.0,0.0,0.0,2.5556527059753336,4.964254669090288,5.060643706431846,2.881812975649702,0.6825259925180586,0.41417142803008056,0.62536288734598,0.619478975959338,0.37392183260201095,0.7315175730503554,0.6582801007572351,0.5443343570170084,0.4361797055315267,0.6980842950565798,0.0,0.0,0.0,0.0,0.0,0.0,0.0,0.0,0.0,0.0,2.92117624105205,5.136338536526442,5.084123018317319,2.2026690941956386,0.5779181326329086,0.6036954710682926,0.5926801729940774,0.6823475389791708,0.5990546146542306,0.5525762393793332,0.5261815344036198,0.4712218734193834,0.4820905431700364,0.834966688209839,0.0,0.0,0.0,0.0,0.0,0.0,0.0,0.0,0.0,0.0,2.329526359381653,4.814207691802249,4.948062859629337,3.4402385256481676,0.7441996810432144,0.4272990220655096,0.6353848722626649,0.5908013486226249,0.5793861283121132,0.513967338000293,0.4763167702417872,0.6581208840378476,0.5418659123984044,0.5792076959293952,0.0,0.0,0.0,0.0,0.0,0.0,0.0,0.0,0.0,0.0,2.8713049916736653,5.1485336190774,4.666532290774121,2.59619731723517,0.7109803049089001,0.5311037357347345,0.6910427575085355
4.580769420042819,2.9693336048665517,0.7134068502906468,0.41692668190019644,0.6273016555242156,0.40275306756824775,0.6359778978970012,0.0,0.0,0.0,0.0,0.0,0.0,0.0,0.0,0.0,0.0,2.6423246843388872,4.753485304550137,4.544091982349979,3.350685894349836,0.5174604532059738,0.5354090539016735,0.39073459948717837,0.6165004644886678,0.6477828998399985,0.4229288228574113,0.6679726442473808,0.4606638472338576,0.6859754909684279,0.927632031211015,0.0,0.0,0.0,0.0,0.0,0.0,0.0,0.0,0.0,0.0,2.422074224663768,4.565597512799574,4.770281060683884,3.533701906622734,0.7995218675542594,0.5585050008383475,0.5975769022684718,0.4892929495862512,0.5784552835606067,0.3861631809306279,0.4817264674455392,0.7318160520425344,0.5002475080737172,0.8523848976000972,1.0011844117817892,0.784828134513732,0.0,0.0,0.0,0.0,0.10102724058339249,0.0,0.0,0.0,2.2930890969289752,4.854138924007312,4.854997129846854,3.429220216522316,0.3472549339697973,0.7382530325278209,0.5803329813057068,0.4992191773091777,0.4095915099124995,0.6075624442240866,0.5852081773150869,0.5392950576956987,0.21017189855386342,0.6035647852029999,1.2831427550319037,0.9870671241256765,0.3917252223627461,0.0,0.0,0.0,0.0,0.0,0.0,0.0,2.6898709318176777,4.597730414167694,4.812431261800636,3.3318185719424775,0.36459410872800385,0.6174708115994776,0.5575669903568938,0.6695499592574067,0.3173568001041475,0.553330725973906,0.48980910455519716,0.46782073285703457,0.6153239222484201,0.4037232506706836,0.0,0.0,0.0,0.0,0.0,0.0,0.0,0.0,0.0,0.0,2.6219194735248736,4.923724263197468,4.512915789003085,3.3022596236159587,0.6785943347066743,0.4351655540111702,0.7132435747701134,0.5265192554509639,0.5296033793125455,0.5011463576359102,0.8022253331488672,0.5648272547693348,0.260329364545584,0.46053052044067844,0.0,0.0,0.0,0.0,0.0,0.0,0.0,0.0,0.0,0.0,2.367756657413656,4.568284729907834,4.803249399719312,3.451270068889298,0.7989219861397236,0.5356047299134739,0.5922605096790491,0.5289252836477344,0.44876388209859464,0.6392762957831062,0.7161473412684178,0.5025611971557604,0.5019951071708687,0.7402429905190057,0.0,0.0,0.0,0.0,0.0,0.0,0.0,0.0,0.0,0.0,2.795162230426938,4.553942866724207,4.466946728459806,3.708300755986111,0.531645095596347,0.5197314048481351,0.38925071325427923
4.173254535712568,3.4991537402496156,0.5388849600434794,0.29320694473314146,0.489025026997592,0.4425539097271221,0.49885264917729527,0.0,0.0,0.0,0.0,0.0,0.0,0.0,0.0,0.0,0.0,2.69792531724442,4.356874779543771,4.30173934184953,3.975711164970728,0.641034207820957,0.5087182990520935,0.4300559290408071,0.3271134697142391,0.35499191467533464,0.6309953326482444,0.6171450519419842,0.4903209147668876,0.4983840548700403,0.5802607908945516,0.0,0.0,0.0,0.0,0.0,0.0,0.0,0.0,0.0,0.0,2.3527527649413944,4.043174289970092,4.14868459328357,4.250972998721819,1.205153173978088,0.4407256482292392,0.4580483876620318,0.6741234413502016,0.5411653253646318,0.4098874653578949,0.44242605391203577,0.5970219855723564,0.5767204819055174,0.7099044930568527,0.961896280856231,0.920092983974169,0.34022257642864623,0.0,0.0,0.0,0.0,0.0,0.0,0.0,2.5285278704927814,3.7305843369564413,4.412694028819416,4.245096279770504,0.9314091271800501,0.2593173566180647,0.5373360200821428,0.6236212449405071,0.547501499489429,0.4408637981793305,0.374188139177194,0.5668471428256013,0.561294584045011,0.7218832474583714,0.8572897440755546,1.0492480512896734,0.36901623159757513,0.0,0.0,0.0,0.0,0.0,0.0,0.0,2.830767839288095,4.447671720897962,4.139687070880124,3.960258004300509,0.45295758613714576,0.4057538087902287,0.4440191685732197,0.36068397381804307,0.5809721168356732,0.45698097837631196,0.6487303777415263,0.4672702822101695,0.2782909649120437,0.7298939051192637,0.0,0.0,0.0,0.0,0.0,0.0,0.0,0.0,0.0,0.0,2.8889816365098,4.174631791157864,4.19429202268898,4.0143621645408665,0.611986471324708,0.3529408243752666,0.5301045377761493,0.4396063837691602,0.44417661263230424,0.6271705501700033,0.495938582284624,0.5188554149849869,0.4069445163002343,0.7105060007548597,0.0,0.0,0.0,0.0,0.0,0.0,0.0,0.0,0.0,0.0,2.5774517967473702,4.43607738028852,4.486148661443807,3.9653852758015837,0.6913671729863089,0.3534220503652309,0.7150879590951695,0.39786886932942667,0.6042546606415888,0.3632866096528843,0.6738829278177354,0.4539960040325818,0.5119945533185848,0.598137117711528,0.0,0.0,0.0,0.0,0.0,0.0,0.0,0.0,0.0,0.0,2.64472436959837,3.8576552652492238,4.20866424396176,4.412843957863101,0.7644257211270891,0.24905402054290693,0.7273294559031924
4.2540659234098674,3.248737040920786,0.5069277053551098,0.4554114054114049,0.6225591231680168,0.4453845095839863,0.7231768940860153,0.0,0.0,0.0,0.0,0.0,0.0,0.0,0.0,0.0,0.0,2.5345030781972113,4.062343179414143,4.316711916217128,4.216821959539063,0.5999280222502039,0.5679305958585613,0.587392133899572,0.5771422714723304,0.5423778072255028,0.5608769925740948,0.2507346733597197,0.801402877266988,0.3216197830663428,0.6947325650975021,0.0,0.0,0.0,0.0,0.0,0.0,0.0,0.0,0.0,0.0,2.5006288144745485,4.367117587631187,4.644457841125804,3.3584004195846,0.5359634197653641,0.6399189218959749,0.5297733386155912,0.5543036134008212,0.48696491812458875,0.6309901950252771,0.36894829180033184,0.6176443339217679,0.3629831320443304,0.8127306438544694,0.9949328072885149,0.6433198815954686,0.19453029976460634,0.0,0.0,0.0,0.012215763043301301,0.0,0.0,0.0,2.283882677678146,4.618484457578613,4.447633942318093,3.8266553422499436,0.4592853971435954,0.48125036679535504,0.525976000603202,0.5904020075855768,0.45181735727441247,0.40740141855007883,0.5436281955986283,0.6611720080620508,0.5591993728943752,0.6618485762100628,1.093426996916287,0.9952968586049689,0.4319961780730359,0.0,0.0,0.0,0.0,0.0,0.0,0.0,2.7378268367608647,4.54405845140305,4.505549411957682,3.566040393036241,0.46787602441194526,0.5801923789846231,0.4973431556828529,0.572099667184611,0.49320798786277464,0.48589650639019044,0.626168709746924,0.5060773773999048,0.2701837387760291,0.801025823570189,0.0,0.0,0.0,0.0,0.0,0.0,0.0,0.0,0.0,0.0,3.066911452016808,4.558539075338619,4.215321933637682,3.333362604579798,0.4261698080308642,0.4497878722398359,0.6473443665900707,0.4071447252751461,0.4953239672804015,0.6744747642035661,0.5488107371959916,0.4863666374186242,0.6043491169831068,0.6656726342194839,0.0,0.0,0.0,0.0,0.0,0.0,0.0,0.0,0.0,0.0,2.622960546636631,4.329628350972426,4.229280056708418,3.7026571398821884,0.6652192134152665,0.5170350156543491,0.5280698444778451,0.3576383762588105,0.6548817641533606,0.299424769224608,0.715357153700205,0.6000727536349608,0.590486578701289,0.5013410544783262,0.0,0.0,0.0,0.0,0.0,0.0,0.0,0.0,0.0,0.0,2.896895690587858,4.653362883185177,4.379848911578578,3.4419490005290294,0.5458325167506761,0.4759635241778623,0.32394153316353275
4.70215497601169,2.60711785168352,0.7051364051691498,0.49354312107472587,0.4486456866590792,0.453789487106475,0.7626526933417906,0.0,0.0,0.0,0.0,0.0,0.0,0.0,0.0,0.0,0.0,2.7563991848923273,4.6195533889500435,4.493946006305019,3.361041346350122,0.6511050959781977,0.5685686915491612,0.5134922500568618,0.6476783505562231,0.40905296790094997,0.676699547918495,0.6070963012527043,0.39818309071261654,0.25926357742361295,0.658913130516229,0.0,0.0,0.0,0.0,0.0,0.0,0.0,0.0,0.0,0.0,2.2666536810754225,4.048345335852453,4.331947147125797,4.451619294006486,0.40641052018275753,0.507707275399742,0.6678346985970334,0.4025712509493467,0.5216298662962221,0.47668526192003524,0.6026656705186746,0.49961779979863863,0.4480332771516453,0.769199110967055,1.009422825823231,0.4689622307005976,0.18355369535789656,0.0,0.0,0.0,0.2545351142336794,0.0,0.0,0.0,2.6095412812585312,4.0513395166275155,4.523753008406946,3.7381045194751317,0.5237540825170335,0.29372925714393483,0.7528816322177563,0.44961836691981116,0.3407350013845009,0.6255593452109669,0.5484119012468951,0.5781403239885861,0.6342197756328478,0.5401582250096393,0.8486714748328232,1.3335350649323807,0.42128742912385597,0.0,0.0,0.0,0.0,0.0,0.0,0.0,2.6451500886292827,4.70215497601169,4.494479915574675,3.2508652611214686,0.44154479969386196,0.4804017882735977,0.5887180119219517,0.5803925225790744,0.5646297348000894,0.2687068081004916,0.7414293205159725,0.5188125234383033,0.4965513768326799,0.7778105649281447,0.0,0.0,0.0,0.0,0.0,0.0,0.0,0.0,0.0,0.0,2.631253771539331,4.363281658617306,4.342609884600885,3.733094538967585,0.6406741330447933,0.34130321299692357,0.6589451441664732,0.5148389363372491,0.5353931432117417,0.5427531911804003,0.5064099991670171,0.5647006299683855,0.5260772846351853,0.7080555141816646,0.0,0.0,0.0,0.0,0.0,0.0,0.0,0.0,0.0,0.0,2.1221965107407774,4.362283980854625,4.70215497601169,3.8677471372333905,0.594868878536339,0.43161613035530905,0.4016013033853686,0.7192034567806389,0.3502427231271636,0.7859677209739406,0.4869062257556873,0.514001206691516,0.3402706701136875,0.9050583575700895,0.0,0.0,0.0,0.0,0.0,0.0,0.0,0.0,0.0,0.0,2.839676036726177,4.298125350115493,4.397976148195816,3.723637576176467,0.413408240779934,0.5779961990379476,0.4441807402643824
4.846052569644015,2.6949614189283326,0.6182673181336149,0.5406471252023356,0.5845080063701145,0.40963020252761906,0.6218265437469883,0.0,0.0,0.0,0.0,0.0,0.0,0.0,0.0,0.0,0.0,2.606978435893172,5.163355129633845,4.86378545133538,2.7076816815387406,0.5002013246104741,0.5963452486802918,0.5796200543943296,0.7494645804022032,0.6506588790027034,0.5918447941854463,0.5266480672387264,0.5642363997782707,0.6618670495642982,0.4542180283367099,0.0,0.0,0.0,0.0,0.0,0.0,0.0,0.0,0.0,0.0,2.409509545091801,5.124405367463677,5.037657865801758,2.7029616435454122,0.7435221413059264,0.6522309796851111,0.4826096953830224,0.5558265856499887,0.6053396425776933,0.4310503103171373,0.6276208757569935,0.6501308955990813,0.46155682979033996,0.44394751266801424,1.2745030582954056,0.748522122431335,0.13778747757957946,0.0,0.0,0.0,0.21195666991090256,0.0,0.0,0.0,2.3683697184883528,4.612936433391343,5.025005879158667,3.4410122125163163,0.5832906196367869,0.5405921534241955,0.5288980278981477,0.517586552411775,0.6570185659551526,0.6036728756199494,0.5378072902690355,0.4899085581344682,0.572985497343259,0.6403739492980227,0.8168090271095618,0.576785129570938,0.25654717329158877,0.0,0.0,0.0,0.0,0.0,0.0,0.0,2.749346493942948,4.604637200002451,4.984526510310964,3.087059208151961,0.4407038390253964,0.6843477912128288,0.6219674585890705,0.6728840578904013,0.6213237339326059,0.3452107171939019,0.5533198148188018,0.5043471820043016,0.7142457945739558,0.6737598855181991,0.0,0.0,0.0,0.0,0.0,0.0,0.0,0.0,0.0,0.0,2.3620515997267324,5.023281169801158,4.908430014194328,3.1601686343547204,0.4964470111424097,0.5366446277958832,0.5413734850275199,0.5580457961264655,0.5693396574838262,0.595303575587084,0.6088496929901096,0.5006875736756812,0.38495848636369373,0.5615393947080332,0.0,0.0,0.0,0.0,0.0,0.0,0.0,0.0,0.0,0.0,2.125203518182502,5.163355129633845,5.163355129633845,2.930766392774268,0.6221371149694247,0.5689260331473052,0.6256137258559944,0.5112902775782749,0.6542581818415087,0.6000515477666079,0.524318979339229,0.47835835649396447,0.5346507358658714,0.7318663473796103,0.0,0.0,0.0,0.0,0.0,0.0,0.0,0.0,0.0,0.0,2.5998510209137375,4.701579876211212,4.967877186316927,3.109298730586545,0.5516646989220455,0.6684981450814012,0.5087107622144419
4.925792547166957,2.513543243487795,0.5515457777777204,0.5763351699317979,0.4408120578951423,0.24679868291328583,0.6249327058274332,0.0,0.0,0.0,0.0,0.0,0.0,0.0,0.0,0.0,0.0,2.2618935330380463,4.868252597090671,5.106320791810492,3.0623861461143287,0.5476151596293574,0.6969821325812374,0.6470147597633623,0.6307502351533091,0.42139098790810586,0.7053402445593845,0.5273888299168964,0.6516746519903474,0.5401824463016069,0.7913717387811605,0.0,0.0,0.0,0.0,0.0,0.0,0.0,0.0,0.0,0.0,2.296639081957216,5.091234231056327,5.121075457311674,2.7169702555089397,0.6464919630364281,0.4047061900929646,0.6817609554969378,0.6490432978265882,0.5037120978863103,0.6064996165184409,0.4729016095369235,0.7590924968909688,0.3309596059098219,0.8247218762944353,1.1576872459177416,0.5373156772772071,0.1055817957299805,0.0,0.0,0.0,0.1535112495023938,0.0,0.0,0.0,2.549713499109201,4.832487588397591,5.077939904435604,2.8374448214770545,0.5398714520094211,0.514291143823415,0.44620118823986504,0.5753841823562408,0.6194313061688063,0.4929888640238704,0.5050983292829127,0.3629775666970715,0.577249357024279,0.7770698470817279,0.883481362773356,1.220600872594364,0.2509312557562452,0.0,0.0,0.0,0.0,0.0,0.0,0.0,2.5492604432390036,4.772722199185427,4.72927635598133,3.193331851730869,0.5735267042260405,0.5167584820951739,0.5077468453578454,0.5768535471218735,0.4278673551139429,0.6756201473439107,0.5803316673914182,0.4654069580224333,0.6139310067759005,0.7160915199502602,0.0,0.0,0.0,0.0,0.0,0.0,0.0,0.0,0.0,0.0,2.4261781578259254,4.940517849955437,4.95527071334416,2.863405779591514,0.5349508408541197,0.5379641019500196,0.46238286348485735,0.6249283097808204,0.6486357498112758,0.6662257912082333,0.5886671563101391,0.625116909348905,0.6087885020707321,0.7358779722107133,0.0,0.0,0.0,0.0,0.0,0.0,0.0,0.0,0.0,0.0,2.2582194887539333,4.501863603297809,4.907982988134864,3.4763415339844057,0.636441699490001,0.7196467085539465,0.5260823434121343,0.4715605548755052,0.5765573449365398,0.6792679330307467,0.6331474337741547,0.5223266579381582,0.5624206519349765,0.6514392402268323,0.0,0.0,0.0,0.0,0.0,0.0,0.0,0.0,0.0,0.0,2.5337655182814025,5.052814416182171,5.0700317197416584,2.3835908940518733,0.5283333195590694,0.8126312563296877,0.4435554452356429
4.573443099999111,2.9639917920477847,0.49664907365856514,0.48542109658779065,0.568907240407498,0.40536490992675017,0.622370716164701,0.0,0.0,0.0,0.0,0.0,0.0,0.0,0.0,0.0,0.0,2.4542906160392057,4.0507935408571365,4.454676907416788,4.231297580038808,0.54160665308909,0.5248195892045571,0.5051138303248304,0.5168244175584863,0.5114374520679441,0.46189201705417016,0.41718313479467817,0.5065110427028343,0.528168688978076,0.5372541226466109,0.0,0.0,0.0,0.0,0.0,0.0,0.0,0.0,0.0,0.0,2.0184915270378205,4.4371961635626755,4.493166641173606,4.383367878220268,0.43103303753758415,0.7216348364918754,0.43464007700548907,0.6024826543282171,0.6596082114115134,0.5101953318977718,0.4828640638527673,0.5641307702048097,0.2424350686293879,0.8919865128396559,0.8898302791139477,0.595060098383291,0.25175016639863945,0.0,0.0,0.0,0.1428512388393166,0.0,0.0,0.0,2.5743940715365774,4.247329271332597,4.294016837319382,4.128110317855277,0.5868539593579633,0.4963971619181529,0.5599009357272751,0.5516467784939371,0.5000363839135292,0.47788854300759137,0.49784045690414636,0.5025615764401404,0.4795771751144646,0.7783948634484577,1.0950058110880794,1.1425963337712588,0.2822347283049477,0.0,0.0,0.0,0.0,0.0,0.0,0.0,2.551846901463369,4.269183120943534,4.551502952279658,3.832986889797331,0.5520824159944149,0.48190621005139445,0.4702141100616761,0.5660903093465736,0.5199274372022985,0.4796680918650643,0.49122350098236484,0.48187008739237647,0.42891624524871286,0.7358388179848768,0.0,0.0,0.0,0.0,0.0,0.0,0.0,0.0,0.0,0.0,2.7348145389039944,4.4893461718311745,4.609894656245708,3.4569675149553487,0.5478665136556355,0.544257101995707,0.5192782138253826,0.5716711159463149,0.5255172978988696,0.3576548865135173,0.6232298892697784,0.43035954274230764,0.6764595602356196,0.6593445963241462,0.0,0.0,0.0,0.0,0.0,0.0,0.0,0.0,0.0,0.0,2.5830450781976295,4.44552824576677,4.496797287098089,3.5473694759356498,0.7899431580127717,0.5166648370135575,0.5711634049589827,0.5056346821172153,0.5571855316412424,0.3913216588355643,0.6064025040150957,0.6085290860075456,0.4131812358965549,0.5105348000845812,0.0,0.0,0.0,0.0,0.0,0.0,0.0,0.0,0.0,0.0,2.2192133393546083,4.406849981168639,4.548345127358734,4.052256895847283,0.5395628724170074,0.466699238554493,0.5209971510340313
5.083120716067812,2.442721833881454,0.5866003689847714,0.6174526479367439,0.6387122816615227,0.6218279087319316,0.7975631399991111,0.0,0.0,0.0,0.0,0.0,0.0,0.0,0.0,0.0,0.0,2.4658086477407517,4.793282178147772,4.6154031365823185,3.2643119445829907,0.7764558510261157,0.5477110573774601,0.6415285461518719,0.6322953736046121,0.5121094304440684,0.4710151985207172,0.4496578885127268,0.5191003691590073,0.29779372847435415,0.8437077695799227,0.0,0.0,0.0,0.0,0.0,0.0,0.0,0.0,0.0,0.0,2.2742994389241478,4.421457792400056,4.717049983316095,3.5610786181351757,0.7431149702058992,0.4739152695575675,0.6407419194980062,0.45040764974817493,0.6231110596555844,0.6420445401597371,0.4280571677950654,0.8065339708363016,0.5230138176267827,0.6557005988226514,1.112752177944527,0.5501533578405303,0.0,0.0,0.0,0.0,0.0,0.0,0.0,0.0,2.3078633991138773,4.885691255214297,4.527367978686973,3.5519925065972737,0.5960418833949548,0.6884887829422436,0.5788185178253223,0.5097645013284979,0.6212431020229949,0.5763925374276311,0.502281784529758,0.5145263205649295,0.71183675124147,0.6498341233154505,1.0617086428893814,1.1520124929014317,0.3628935083180855,0.0,0.0,0.0,0.0,0.0,0.0,0.0,2.56016170260172,5.083120716067812,4.63205018645274,2.890725035503018,0.6860498035682718,0.6472113541668858,0.5301130115668057,0.4463996341371106,0.67495365538092,0.5961711190931411,0.4823476814842188,0.4791063997559768,0.680735206659935,0.7504068478903954,0.0,0.0,0.0,0.0,0.0,0.0,0.0,0.0,0.0,0.0,2.8369698321794505,4.346271899204918,4.895013476910632,3.217608671345348,0.5301154562351722,0.6573039785067,0.4655643738983806,0.6713332278843117,0.5108017887797871,0.3837253342940961,0.5852850079408785,0.552587703459642,0.5324738890862643,0.8569770639052399,0.0,0.0,0.0,0.0,0.0,0.0,0.0,0.0,0.0,0.0,2.294260108099385,5.050126215266704,4.971967041128158,2.805048527824988,0.6327066897080259,0.6031314128460777,0.5531547864099535,0.484491767383759,0.7424305814817229,0.5418792074289015,0.49846968343250386,0.50521100182253,0.31283161233857937,0.667105119674254,0.0,0.0,0.0,0.0,0.0,0.0,0.0,0.0,0.0,0.0,2.771845788716611,4.88862861042757,4.887102703433353,2.89968238867722,0.6265322583392521,0.4465555912383321,0.7129838043828514
4.838898975618358,2.6025143108891813,0.5383081448188817,0.6892989102240473,0.5794324367044401,0.5873026369438734,0.7133977960182724,0.0,0.0,0.0,0.0,0.0,0.0,0.0,0.0,0.0,0.0,2.553535014216237,4.683027921739939,4.873242424365293,3.153748821294672,0.40412826457116624,0.7848394881480364,0.5487151998056463,0.4712833229977284,0.4872174887365926,0.450336130846914,0.6966236016696524,0.3481883076590854,0.4459234422905012,0.6472366253782296,0.0,0.0,0.0,0.0,0.0,0.0,0.0,0.0,0.0,0.0,2.488327374249178,4.687981624101623,4.444706334234734,3.4960566694615673,0.4617414420398842,0.3860756160840005,0.7704951109205139,0.5358371782056202,0.540853412390394,0.5600159140196115,0.5659132068932069,0.4243895626277133,0.4588874416156398,0.9076479923077403,1.0601805845597405,0.742616224035185,0.004191165302775258,0.0,0.0,0.0,0.0,0.0,0.0,0.0,2.5383595303213724,4.315226972890402,4.673285394545878,3.5608091321966455,0.5303293312857006,0.41890242314232096,0.7158672291182413,0.5990438354263702,0.47821067084200003,0.5184079039765959,0.7615916223301759,0.6095685755067557,0.4729737200722359,0.8096462353017582,0.9016284965052326,1.2400100933761151,0.264218017245389,0.0,0.0,0.0,0.0,0.0,0.0,0.0,2.549947752982365,4.673786567165381,4.832817502136,3.1856151140025735,0.4963535012579413,0.5817553286004775,0.3470298378256196,0.35380813626772534,0.5352810571650314,0.41776817612866324,0.4281881003072761,0.616942592627621,0.5263175509858595,0.6531299314813094,0.0,0.0,0.0,0.0,0.0,0.0,0.0,0.0,0.0,0.0,2.9811018446173154,4.748194725092004,4.6133568051504685,2.9322771580904745,0.49087125722646097,0.6742497860643993,0.4386709337396997,0.6467989112711483,0.5997422547430108,0.4485777405138902,0.549607309101862,0.3206493867936925,0.27874904074571183,0.83202827228987,0.0,0.0,0.0,0.0,0.0,0.0,0.0,0.0,0.0,0.0,2.4006074205558448,4.537374827805692,4.725634685089063,3.194064384647965,0.7956333321354644,0.6355368927703218,0.4919725746213364,0.46201836549950737,0.5452231150653656,0.6269422207721588,0.5042749862109259,0.5390865132936316,0.6103687073393486,0.5591924477949879,0.0,0.0,0.0,0.0,0.0,0.0,0.0,0.0,0.0,0.0,2.870690515916764,4.906218321423925,4.906218321423925,2.5333344874857064,0.5108869382382605,0.6774520173655468,0.5533544354407094
4.618134559322335,3.0050147865754613,0.47894991008221677,0.5705460738441616,0.5291600004956419,0.22715777242678614,0.8282514806660817,0.0,0.0,0.0,0.0,0.0,0.0,0.0,0.0,0.0,0.0,2.765348408285228,4.495616715249715,4.370262381113769,3.546044953010647,0.6723250672565085,0.4149766288691129,0.6225844508094477,0.5170252248469356,0.6181362318814818,0.4280657333990373,0.4734673301626007,0.34822631315547103,0.2008223375513512,0.9429580504520274,0.0,0.0,0.0,0.0,0.0,0.0,0.0,0.0,0.0,0.0,1.9903269232628396,4.228175887052565,4.327557372571824,4.400685861201144,0.7861463414685615,0.5618789533333346,0.5982979658546136,0.4383187073356879,0.5632596579362001,0.4776235664884321,0.5238672160921788,0.5268156660149835,0.4853592899703394,0.4395360234372552,0.9960109698066226,0.9550866879631066,0.0,0.0,0.0,0.0,0.0,0.0,0.0,0.0,2.591758470062665,4.326135783372571,4.552171697777058,3.7678819845527927,0.5695384380609019,0.5694651598953604,0.5695920978168465,0.5394350318613238,0.5962893137383908,0.4263026553385321,0.6232188575485487,0.6384509162405565,0.4564000387332773,0.6636931599246724,0.9985184030703049,1.0337073272091983,0.1704786958928235,0.0,0.0,0.0,0.0,0.0,0.0,0.0,2.856777362931644,4.512958666037307,4.452880725949997,3.6431363492356232,0.5798878512685404,0.3316396395203406,0.5691498251135655,0.5996832807296208,0.5857805313727407,0.5073145424833776,0.4835719249509621,0.5767056545811264,0.4356564292453933,0.6321495914502125,0.0,0.0,0.0,0.0,0.0,0.0,0.0,0.0,0.0,0.0,3.03874205882292,4.2204868218338705,4.537443374824376,3.3395421411072936,0.5108853910981366,0.6515719691362741,0.44933298358390933,0.547322365753964,0.4858704121024711,0.4943966424525229,0.47895798058697864,0.4328128327461892,0.6112753645094794,0.36913360329761336,0.0,0.0,0.0,0.0,0.0,0.0,0.0,0.0,0.0,0.0,2.149916954286831,4.364740677798642,4.42948868181833,4.2887004687053585,0.49062606385663404,0.49138138455525865,0.6323889956600514,0.479976959910746,0.45506820550847515,0.41762465536677995,0.5505245875442154,0.6007053355635976,0.5182542832692327,0.7086874897353234,0.0,0.0,0.0,0.0,0.0,0.0,0.0,0.0,0.0,0.0,2.722239815002631,4.535310089330948,4.430960814460317,3.634945964335911,0.5216705126322752,0.5054058710345742,0.5459657067168063
4.742817913033061,2.690820034255228,0.5166670684277139,0.4468253000978599,0.5948596767590066,0.5223869489405384,0.6673185689172441,0.0,0.0,0.0,0.0,0.0,0.0,0.0,0.0,0.0,0.0,2.5357518664600054,4.730556944277654,4.710585963139475,3.3158668515252203,0.4931936056660224,0.49695831344987795,0.7187053308548557,0.42115210879439674,0.5941268039768687,0.42820928886297926,0.7106207414325524,0.26140016753220535,0.7435852938198673,0.6246622591023062,0.0,0.0,0.0,0.0,0.0,0.0,0.0,0.0,0.0,0.0,2.104718253500139,4.535927310964192,4.639018777989176,3.9679649261407266,0.5112933566512325,0.4495030811810821,0.5249779712442584,0.6011943093350978,0.47752771841880254,0.5156653443777475,0.561252099773812,0.6293898814877184,0.5334013683432632,0.6614037441675519,1.142162259024654,0.9500434073366422,0.19691273757691619,0.0,0.0,0.0,0.13474128508259492,0.0,0.0,0.0,2.7499912264638726,4.060584348360982,4.683970819935728,3.671804145385728,0.5810182266572741,0.499297310175405,0.534897501195261,0.4681907328476953,0.3769601527278509,0.6686024998923592,0.5088911875742448,0.5249376475322868,0.33921199171638206,0.7259137083487073,0.8930316077942906,0.947795849643084,0.4649265874792192,0.0,0.0,0.0,0.0,0.0,0.0,0.0,2.61838591717712,4.553266127621633,4.619662576981516,3.302699982852398,0.5520789336284371,0.5091666096868406,0.4145983214138565,0.5389882243464876,0.5677529866870838,0.5843849141862498,0.3855275296206913,0.5232070156326886,0.28159747193149326,0.8616072580284113,0.0,0.0,0.0,0.0,0.0,0.0,0.0,0.0,0.0,0.0,2.6163237144693317,4.605751398625882,4.421840064842564,3.4397542398096896,0.6219935983093081,0.4738743635478337,0.5162808247244407,0.5910158159718056,0.5793649404238209,0.48851405769620565,0.39607669301126064,0.5863064390370993,0.3220197310611097,1.022208459246555,0.0,0.0,0.0,0.0,0.0,0.0,0.0,0.0,0.0,0.0,2.3646172207426748,4.173086492299691,4.675989770836727,3.90988321153309,0.80568687137521,0.5002397466369919,0.5186298870284924,0.40950374019251845,0.49203294738147857,0.5413633258948267,0.4301817701023396,0.5902336568157638,0.4962481846079495,0.4622150402494461,0.0,0.0,0.0,0.0,0.0,0.0,0.0,0.0,0.0,0.0,2.9191413860864035,4.597100221001709,4.692559429472626,3.1321221021872745,0.527882177163892,0.6269104809671269,0.43442635241849653
5.037443736181295,2.5456497425612925,0.5713677121895124,0.559801285076855,0.5673197041797621,0.2567782732418258,0.5953160417810484,0.0,0.0,0.0,0.0,0.0,0.0,0.0,0.0,0.0,0.0,2.565256735695396,4.980926700628203,4.708300125375109,3.007549934929051,0.6207675976142345,0.5778158391480921,0.47589486202973924,0.6262249151874997,0.5450082642501607,0.5960979248495091,0.551693373958971,0.5550919023646322,0.6305983350037888,0.6699985852727014,0.0,0.0,0.0,0.0,0.0,0.0,0.0,0.0,0.0,0.0,2.1816152197007557,5.0817862704869565,4.983444326208566,3.1901483662009573,0.6274908976535192,0.5025719465228462,0.5941416938085062,0.42782208476591516,0.3940932668189776,0.8195302665096497,0.45880093817336765,0.7412976196143091,0.6231435615204803,0.45627304148595194,1.2301263149493376,0.45927419031249866,0.0,0.0,0.0,0.0,0.0,0.0,0.0,0.0,2.4680297648111535,5.0817862704869565,4.8618892385192645,2.885586647491356,0.3663965427310403,0.7371432009644416,0.6360182110614312,0.5808896184463836,0.5453022507435388,0.6644053651865359,0.6555371832634102,0.5173212868948762,0.5261812326509638,0.756262182319485,1.2672760180032174,1.105366529761261,0.0,0.0,0.0,0.0,0.0,0.0,0.0,0.0,2.62930369692387,4.6150447100279,4.514758778020214,3.5439915821651686,0.43406792307995595,0.5733525176516974,0.4976473863226403,0.5624724309124036,0.5876673323210484,0.5411115996644239,0.7045341091304138,0.4313570153420426,0.56567359460964,0.6342701419575454,0.0,0.0,0.0,0.0,0.0,0.0,0.0,0.0,0.0,0.0,2.624915392394635,5.0437700997547275,4.94562657546473,2.4556895473212808,0.8186781661776,0.5144421805262139,0.6390475294527895,0.5335560658559123,0.4576013527125071,0.6053682051019614,0.5379647417067365,0.5824295419142508,0.5773466813806093,0.8056253903424878,0.0,0.0,0.0,0.0,0.0,0.0,0.0,0.0,0.0,0.0,2.3995153490106,4.620424284825082,4.989763416730679,3.39310233106832,0.7215566931938405,0.5885057039052838,0.5203167313622709,0.6803265986020441,0.48044016294813663,0.5357420972153267,0.6230025408171975,0.5953743456291128,0.5747379280854114,0.6583065233467018,0.0,0.0,0.0,0.0,0.0,0.0,0.0,0.0,0.0,0.0,2.5808588648222095,5.03445184178116,5.026369660750661,2.68016591052657,0.536115493870034,0.5730266940626596,0.7384419697335535
4.6084647032744535,2.900307126446387,0.5435957515648796,0.4033875349453029,0.5379426530309794,0.7126120383881965,0.6411810556532981,0.0,0.0,0.0,0.0,0.0,0.0,0.0,0.0,0.0,0.0,2.5107326803109435,4.005368820857655,4.112718084584525,4.087624159097892,0.8215589586201334,0.6008946013110065,0.4813245500588292,0.4162256798098004,0.489485287140407,0.3690892085634593,0.656235591032583,0.5222719925864895,0.5869320548587968,0.534538825628843,0.0,0.0,0.0,0.0,0.0,0.0,0.0,0.0,0.0,0.0,2.439113439366921,4.114149628705148,4.63824709894867,3.8490906158645712,0.47660441427889777,0.6114198060207262,0.5048462447994799,0.6084530622459773,0.6052841191184865,0.3592596425576574,0.6310682579655954,0.5575818605649495,0.44623500002173844,0.6326022262814612,1.2136172821183122,1.0183794181027324,0.2871574145286804,0.0,0.0,0.0,0.09997247551510746,0.0,0.0,0.0,2.665496550759529,4.703369183037198,4.4376290490941654,3.3772622175932723,0.5560847369056913,0.45645687481427266,0.39520576303124133,0.6536383455376523,0.44587208091745206,0.4661677043516507,0.6819452637642661,0.4682047057995296,0.40703023826746393,0.8408521745528914,0.8351790314272058,1.1903609491193772,0.4886508141841066,0.0,0.0,0.0,0.0,0.0,0.0,0.0,2.547595062184227,4.703369183037198,4.650176122869883,3.3315693973927383,0.5335942275738806,0.5754712879822335,0.502944189688718,0.3781939781793443,0.6536863928073897,0.5736355504178684,0.5807763784343918,0.4057129296809243,0.5002248572944578,0.7635339620906197,0.0,0.0,0.0,0.0,0.0,0.0,0.0,0.0,0.0,0.0,2.9900314561845445,4.276851732830421,4.512578932431655,3.2003020369184223,0.5456532134403476,0.6319109156709837,0.36969124546978716,0.7021078651003291,0.46587644013013507,0.5062386817431875,0.5147974049109165,0.35590026606504166,0.44395592281749185,0.6506549998725089,0.0,0.0,0.0,0.0,0.0,0.0,0.0,0.0,0.0,0.0,2.5602533981957847,4.297013384522035,4.606307408651452,3.6424971895397125,0.4963087998344244,0.6629704500723509,0.5560967722429784,0.4938969740639732,0.5565730880218852,0.5091700270532883,0.36138280837273823,0.6803678054952087,0.48508309774780667,0.927927630809549,0.0,0.0,0.0,0.0,0.0,0.0,0.0,0.0,0.0,0.0,2.9428522145011105,4.640843995787961,4.252205031826109,3.2518621469091054,0.6327110073881432,0.5445661222632082,0.5451644065698638
3.9668958266142327,3.4375315810860125,0.32682478843012003,0.6266505139040033,0.5384481075412433,0.4350126727525773,0.6323097810694793,0.0,0.0,0.0,0.0,0.0,0.0,0.0,0.0,0.0,0.0,2.6672027959236724,3.8316506508080876,4.410891002131782,4.089455626741272,0.7878039188550348,0.5562867966638957,0.44849778834739695,0.5921256619010893,0.4418496417739673,0.2891144055679303,0.5509373595385559,0.3804898096282194,0.27657998151448104,0.921896166562908,0.0,0.0,0.0,0.0,0.0,0.0,0.0,0.0,0.0,0.0,1.7913601390910023,3.7459272101488814,4.207151539546893,4.329253898757233,1.551400197967854,0.4840100217632318,0.3049628308287874,0.7797343823339267,0.40753430951498026,0.5647206306861997,0.3587620443517163,0.4410218897109834,0.7749572594486589,0.5084683439213534,1.049582940893322,0.7989212848502856,0.0,0.0,0.0,0.0,0.0,0.0,0.0,0.0,2.6602515135742753,4.31587781676534,4.1773265633575924,4.0975246848640445,0.4093806936715389,0.6562119374952033,0.4620775433507002,0.5036198145196329,0.606814043806282,0.4900361536384258,0.6046940322887876,0.49999678002790576,0.47955549196789987,0.5225083324067993,1.0807724064071789,1.2311395669451617,0.2708396191398634,0.0,0.0,0.0,0.0,0.0,0.0,0.0,2.786982710363682,4.321961763746542,4.188345744387611,3.810499627020434,0.5798126846047841,0.41191050752553304,0.21447653923768645,0.8549114971280957,0.5000609121567249,0.23635143099105566,0.717548279075306,0.5171483557738209,0.47617874709654084,0.7059235125946653,0.0,0.0,0.0,0.0,0.0,0.0,0.0,0.0,0.0,0.0,2.8612640783791408,4.318264370794183,4.30047193784835,3.725333212948252,0.5022895507574635,0.5252929750904022,0.49567378281836966,0.30962659334348674,0.5299905358033641,0.6165585501361478,0.41056943169204985,0.31597961362738713,0.6374026065989863,0.6782060597188639,0.0,0.0,0.0,0.0,0.0,0.0,0.0,0.0,0.0,0.0,2.672106089667092,4.422680626596299,4.301378766387456,3.902132128583551,0.488807225127825,0.5476231892023243,0.41846436350215876,0.5002647236760893,0.4327104430011884,0.565093844536598,0.4703257138061415,0.6476670175639574,0.4384758364334221,0.4089418242728202,0.0,0.0,0.0,0.0,0.0,0.0,0.0,0.0,0.0,0.0,2.6901939872826284,4.082805123919869,4.4438411654668135,4.03151146688127,0.49386494800981207,0.4601784697706139,0.5650182950394633
4.867429635675933,2.5490681514167632,0.6493236502268749,0.4678759244273023,0.6025769140042313,0.49680858390154786,0.7172608030689477,0.0,0.0,0.0,0.0,0.0,0.0,0.0,0.0,0.0,0.0,2.1388097133494623,4.625009397394116,4.82672863594939,3.6102904118299013,0.5865888179038127,0.43851283890875703,0.6533231268637375,0.4955021445313885,0.6997558300523465,0.5715774985868631,0.5840952575832948,0.4298053630289415,0.10320940488277203,0.935922639519294,0.0,0.0,0.0,0.0,0.0,0.0,0.0,0.0,0.0,0.0,1.7112084877090359,4.200123636112528,4.938353242792447,4.085277599858433,0.7685113921757556,0.4118961970396239,0.7500902715629298,0.5746686802093206,0.5626580788371479,0.542543676581548,0.7028007632656332,0.49747387569712853,0.4722284096053295,0.7925549134940049,1.1310507796695397,0.6443936291820841,0.0,0.0,0.0,0.0,0.0,0.0,0.0,0.0,2.2213764437700423,4.2704288592639665,4.939471936888065,3.6634224109411355,0.6731622586961762,0.5581190705517848,0.44571102853071687,0.7272254440502002,0.53065578502795,0.6113911298421396,0.5002191481941469,0.5854056514310307,0.3720279084702087,0.6776398777613181,1.36232927341708,0.7275153649290259,0.0,0.0,0.0,0.0,0.0,0.0,0.0,0.0,2.220465840649556,5.0050829901682405,4.966032757548818,3.0560804780306303,0.6149447986532802,0.7404160354807713,0.6532075287376198,0.4462198106773787,0.6911485224402383,0.44422130396323567,0.6037094600974061,0.5613698396412757,0.48185879794094694,0.6344711319995592,0.0,0.0,0.0,0.0,0.0,0.0,0.0,0.0,0.0,0.0,2.843128234540167,4.577744289907246,4.8236894216537,2.9781031742771717,0.46953054512094716,0.6935689280868392,0.5598298265751191,0.5893148910358866,0.5090603958636997,0.5916452372688834,0.4925547657502387,0.5482820969872971,0.398158383156883,0.7610891277266891,0.0,0.0,0.0,0.0,0.0,0.0,0.0,0.0,0.0,0.0,2.217592168460503,4.4107936881745715,4.878705960707178,3.778105485806405,0.5550251950567706,0.5162639370850263,0.609211511215488,0.5853067390899589,0.49373869083677796,0.4536336233736497,0.6006624141839885,0.30699403070446435,0.7871116150015824,0.6288427965964991,0.0,0.0,0.0,0.0,0.0,0.0,0.0,0.0,0.0,0.0,2.3487467305882213,4.786196095859379,4.74996542119508,3.326807308861378,0.5787005861718676,0.6585413063281134,0.4665641999886212
4.656220017301972,2.8946106063882038,0.5648053067723565,0.5716708371212431,0.5336829570302487,0.5130499589392135,0.3940538745384865,0.0,0.0,0.0,0.0,0.0,0.0,0.0,0.0,0.0,0.0,2.690495439934897,4.247540370548215,4.795670180454641,3.382614648812716,0.7153613488661745,0.440774917602906,0.5326391993300303,0.6135734261954392,0.5499276855138623,0.48344953464794566,0.5968164449497295,0.5919571453073951,0.1809838481163644,0.889392946611938,0.0,0.0,0.0,0.0,0.0,0.0,0.0,0.0,0.0,0.0,2.1712134558701615,4.573324779824108,4.795670180454641,3.6125852106388154,0.4609410739973448,0.7005763400459366,0.6092807699668208,0.4926890027894128,0.4044755730435549,0.6446877487105216,0.5092719411055356,0.49750353628360655,0.5611907473694111,0.6448796702574278,1.2542476814432624,0.9359617614728961,0.0,0.0,0.0,0.0,0.0,0.0,0.0,0.0,2.385503866137904,4.588177831876882,4.609638687699824,3.7528599328605967,0.5023674826428128,0.5642968012916219,0.5152107505634455,0.5424697003336671,0.5371164164746544,0.5770789783813749,0.30907079069547805,0.7489073363370428,0.41275776790927077,0.6751984351569205,1.2778995364713062,1.1140222771989323,0.2579278167678023,0.0,0.0,0.0,0.0,0.0,0.0,0.0,2.744501622328843,4.447258475930854,4.764299436776634,3.2874509373607994,0.46480106389181264,0.5253575938922459,0.635142543297349,0.34246358427204526,0.7282157209200805,0.5418543523720092,0.5809322513010852,0.4536608102174386,0.42973468112457947,0.5141946733917507,0.0,0.0,0.0,0.0,0.0,0.0,0.0,0.0,0.0,0.0,2.783855890939313,4.671276197586942,4.756325439141008,3.0843809457388365,0.5470913337000742,0.532764939495872,0.5945373300352129,0.5174063851647864,0.5149799012757801,0.5183296027302643,0.5277087293945103,0.5292281804980814,0.5281591233754106,0.7172061791366904,0.0,0.0,0.0,0.0,0.0,0.0,0.0,0.0,0.0,0.0,2.0409968972084758,4.450986718715218,4.341807750188836,4.140596645646786,0.504297272423506,0.782119752772898,0.47863945250528095,0.5398829844508488,0.5690421091889087,0.5699538947647049,0.6399730664903035,0.3684508060678929,0.8013013891709261,0.57751813889309,0.0,0.0,0.0,0.0,0.0,0.0,0.0,0.0,0.0,0.0,2.850188225881138,4.309050934948518,4.681012646262015,3.474293165628935,0.2946822009040099,0.6703703620459724,0.5928162656724657
4.681059990519334,2.856843593273317,0.5398987686148178,0.4915114104189255,0.5447998268521591,0.46683305934197306,0.5931008874556065,0.0,0.0,0.0,0.0,0.0,0.0,0.0,0.0,0.0,0.0,2.430703825083089,4.82784402172442,4.814425447335609,3.1243612367069034,0.5375162413638961,0.5667716849849161,0.5711011402253233,0.5845921962899429,0.37613953961674096,0.552949195793043,0.6094200558868149,0.4851985626896392,0.5736072973401593,0.8071809521673556,0.0,0.0,0.0,0.0,0.0,0.0,0.0,0.0,0.0,0.0,2.2115082206219654,4.917818512884016,4.917818512884016,3.407437099613386,0.601195599078749,0.44009290127492573,0.5957073744594911,0.7874471642537922,0.5392980789802994,0.6482046598471508,0.37322608225554943,0.45783334778665485,0.4911131577276946,0.8047793695933115,0.9717766504631873,0.7220028028809935,0.010785271606113866,0.0,0.0,0.0,0.0,0.0,0.0,0.0,2.2454964355873663,4.514741904294346,4.917818512884016,3.619900724756229,0.39984587773007696,0.688562611223819,0.4555737521642866,0.631624417195156,0.6986444265257561,0.5715593024250711,0.49867275626047086,0.7149633827053163,0.3538108981094421,0.7909249811437028,1.1514725115964766,1.1218884032785603,0.15172819271246551,0.0,0.0,0.0,0.0,0.0,0.0,0.0,2.5736217797437613,4.262431912290989,4.887511250509822,3.556917244473499,0.577854555690629,0.41704872618321537,0.6323394894491362,0.5585631983653423,0.6467140639648944,0.49422681525759943,0.6352057640301835,0.48847036549664086,0.2595542337461737,0.7182497858288907,0.0,0.0,0.0,0.0,0.0,0.0,0.0,0.0,0.0,0.0,2.4859926375597348,4.816713008642512,4.7289260586153326,3.366795393391614,0.6426531740942009,0.4407484514853335,0.7406962754421037,0.6469337629290557,0.556463079511526,0.6068507172374228,0.41387730756016006,0.6015867253286263,0.43940973211107465,0.9586918055347892,0.0,0.0,0.0,0.0,0.0,0.0,0.0,0.0,0.0,0.0,2.234148743581936,4.392558424977,4.67245664085561,3.8358048327247967,0.7092578949015461,0.5989216013850706,0.5532274670168797,0.5839922884138352,0.3977604796446531,0.6449819028642599,0.42739139589322916,0.6815805001805334,0.45153215512259703,0.7349960094676753,0.0,0.0,0.0,0.0,0.0,0.0,0.0,0.0,0.0,0.0,2.8610857346486576,4.362589228559252,4.893771509055804,3.2299382444221445,0.4400044255200248,0.5076950906921265,0.7244264354977253
4.7309762910323006,2.655196963744155,0.4025897224894254,0.5841976369745331,0.5161554609863556,0.5679212544372655,0.8221474300588671,0.0,0.0,0.0,0.0,0.0,0.0,0.0,0.0,0.0,0.0,2.2853524098330293,4.575638575457288,4.421102367118147,3.5825570519730645,0.5827948066902289,0.4982100184873812,0.5514226331999165,0.5583478578138952,0.6714738750105192,0.5221367867672606,0.584610025612936,0.5266737637677315,0.6346570055424392,0.5685140483506472,0.0,0.0,0.0,0.0,0.0,0.0,0.0,0.0,0.0,0.0,2.057231014763015,4.29444349203805,4.508004153967659,4.125536546503947,0.709242862831946,0.49479428076349463,0.5633167644834438,0.5423090605436883,0.5192402457027485,0.5068291408515568,0.4564281481176414,0.5446150122309157,0.5258489474576993,0.7188534095473154,0.9597992330326672,0.323428286300363,0.19492624796677482,0.0,0.0,0.0,0.0,0.0,0.0,0.0,2.3005085667294107,4.390019777357844,4.417147864543549,4.010330296266987,0.6482211774472411,0.4973728466912677,0.49177513841380777,0.570018148782887,0.5484931246596494,0.355787908180183,0.6740095232180053,0.47907563007503917,0.5873633586500637,0.4137176828612064,1.2519176735022208,1.1397717298669143,0.19346395762463686,0.0,0.0,0.0,0.0,0.0,0.0,0.0,2.684484319418849,4.7309762910323006,4.642205086752889,2.7547958621195914,0.5412887501278658,0.5859920558618831,0.5822824270657017,0.4796800142481631,0.44617721402421595,0.5274071161752896,0.6614434816046137,0.5654857286333381,0.21122047724734627,0.8856161185255131,0.0,0.0,0.0,0.0,0.0,0.0,0.0,0.0,0.0,0.0,2.5907605019553013,4.689085097339744,4.588376084224407,2.9450438874521785,0.48275822040857974,0.6175665848073515,0.4952308845993989,0.48070596505596336,0.5780134979474492,0.5303938276388128,0.4617827583040641,0.6232788989809898,0.39777717908339905,0.6681747060457119,0.0,0.0,0.0,0.0,0.0,0.0,0.0,0.0,0.0,0.0,2.5654943581926295,4.418736722689301,4.3297939586796135,3.394012225798042,0.691740264810773,0.4533497741478262,0.42700360117025754,0.47549536962880357,0.7285673965027636,0.5231441597698873,0.41121466753338054,0.5203092417658313,0.6394453420851449,0.7195372902378316,0.0,0.0,0.0,0.0,0.0,0.0,0.0,0.0,0.0,0.0,2.4944042146085645,4.7309762910323006,4.672811893429861,3.3189662510352886,0.5740601726031954,0.5306753362861707,0.4043813298311814
4.7957557223704494,2.6579908902759617,0.5489964167592432,0.6005229359540674,0.5430231873263115,0.4826639947264406,0.594362580106789,0.0,0.0,0.0,0.0,0.0,0.0,0.0,0.0,0.0,0.0,2.62093724885952,4.208773377427057,4.515274832349814,3.564912601925824,0.728753292889677,0.49103822627918814,0.5778984004387652,0.5609254358795431,0.29975770616329933,0.7083051243649504,0.5983272616797783,0.4933721485317335,0.20118332353364488,1.0175672556066662,0.0,0.0,0.0,0.0,0.0,0.0,0.0,0.0,0.0,0.0,2.067975993108039,4.438202802576857,4.711887476669635,4.090159410352595,0.46826459647517155,0.5775904405654889,0.6190793927165521,0.6208410055521428,0.535151891688533,0.5350196700276368,0.5338282855122752,0.4932023347653295,0.44688154271714375,0.5203554229434988,1.2037622724375925,0.5964820580160715,0.0,0.0,0.0,0.0,0.09098290275980563,0.0,0.0,0.0,2.2605125368385863,4.05624284108349,4.744687446515984,4.207110426170473,0.48332147176327356,0.5068208371224876,0.5386262180161632,0.49468773697318014,0.6765719128721351,0.6903678806758097,0.5300050219543471,0.5746567746261881,0.6194951250556348,0.4929398066584429,1.2440633136932802,1.1164625756511775,0.24912241996027262,0.0,0.0,0.0,0.0,0.0,0.0,0.0,2.795180736031641,4.752249332725737,4.552847012889597,3.201051134915213,0.5643645219022455,0.37192867704335814,0.4884232262621938,0.6351156831725774,0.3473321440918874,0.7244646961303863,0.3939935375767052,0.554541325826291,0.24275367047633334,1.070667271841111,0.0,0.0,0.0,0.0,0.0,0.0,0.0,0.0,0.0,0.0,2.7806239813274365,4.4191798764384576,4.7315667038601354,3.2821313388661624,0.5505629323621992,0.43905254672362254,0.6056325711286632,0.5949724017718218,0.38829989059527137,0.5973076415867414,0.6828118098450946,0.4412545092425721,0.2349364461211276,0.8407522906479552,0.0,0.0,0.0,0.0,0.0,0.0,0.0,0.0,0.0,0.0,2.6800506936258834,4.302849998349476,4.478117659783331,3.7118521037056667,0.7023910017228171,0.46772863996910297,0.46626445727559057,0.6114467318075227,0.5416102997048443,0.5382527179535024,0.4191086484531414,0.6833599959484128,0.5489637274862886,0.7361963028934978,0.0,0.0,0.0,0.0,0.0,0.0,0.0,0.0,0.0,0.0,2.5633222230753807,4.7956358839052005,4.631561972177727,3.255320628266667,0.5198055815085646,0.46326932486628103,0.5748106773331821
4.654322568485139,3.0083923226759572,0.5567170492065325,0.6994471162852863,0.5157252881613736,0.27934122885070356,0.634426282474589,0.0,0.0,0.0,0.0,0.0,0.0,0.0,0.0,0.0,0.0,2.0594315287424463,4.424558381569563,4.704127712960733,4.046703151991776,0.49525178414563104,0.39838327544159396,0.8063700377059212,0.46078216426336127,0.5950511945990037,0.49208185413141353,0.5427856599852018,0.41118261563607805,0.4434333491036877,0.95347302173141,0.0,0.0,0.0,0.0,0.0,0.0,0.0,0.0,0.0,0.0,2.145275652513097,4.847195931850392,4.703626152758142,3.527439209943867,0.24035588128189583,0.933598018370312,0.5704121254293201,0.5749388569506695,0.2784815848647412,0.7735832064452792,0.4033792567671802,0.6652376641385119,0.4504732171658128,0.49287531990469624,1.0974389380139773,0.48296547720074606,0.0,0.0,0.0,0.0,0.0,0.0,0.0,0.0,2.1140657628720616,4.637838122876822,4.5493750562289765,3.948086686343128,0.39957317143804993,0.7947460107351054,0.539382030480331,0.6767443158513572,0.45135407527168936,0.5521277870292152,0.6948386093932882,0.5039572910913989,0.6452154126396822,0.7458100112945927,1.241298614490674,1.075919212351021,0.0,0.0,0.0,0.0,0.0,0.0,0.0,0.0,2.4283919608368447,4.824179157335299,4.917286352213778,3.2437550807720505,0.641438430987568,0.5741653806258229,0.403157822152971,0.7640123235962154,0.3543525533336323,0.6731536893926421,0.42851950301873964,0.5990787795289227,0.16540614111470112,1.139443324620669,0.0,0.0,0.0,0.0,0.0,0.0,0.0,0.0,0.0,0.0,2.531675608210585,4.861523286311664,4.631627225958697,3.2965335205460256,0.6389405703665989,0.5708294730039519,0.4834358340019774,0.5589944052618235,0.5494331421380448,0.7232986633768836,0.5266119424702346,0.4269995311593378,0.6437083210429488,0.6806829907869325,0.0,0.0,0.0,0.0,0.0,0.0,0.0,0.0,0.0,0.0,2.2854980410165098,4.874399320978151,4.710272563196422,3.584946663868322,0.6303403524399099,0.46610183833478414,0.4771314209500879,0.8003724306418469,0.5168952099747782,0.470161155424858,0.6383301498701339,0.5144778846976543,0.7010586383778625,0.729156017900416,0.0,0.0,0.0,0.0,0.0,0.0,0.0,0.0,0.0,0.0,2.253267023915816,4.611332277907504,4.727276288816389,3.796299596167076,0.6097886823237733,0.6734174941638316,0.47669714676907565
4.688016208569117,2.923497707146551,0.5805668980997416,0.5014635151648351,0.6795515388627013,0.44044350709072466,0.6071951057199849,0.0,0.0,0.0,0.0,0.0,0.0,0.0,0.0,0.0,0.0,2.671383160419813,4.801389189683027,4.915634758094022,2.797697465398406,0.6657383845600431,0.39869021097426094,0.596342698362245,0.6235123234256866,0.425226168198018,0.693177137571335,0.49700332135547737,0.5808038746766966,0.6735293035589581,0.7093863089582296,0.0,0.0,0.0,0.0,0.0,0.0,0.0,0.0,0.0,0.0,2.169979728838757,4.399656586263852,4.302526435359261,4.390029381072421,0.6352099516928266,0.47715204664956695,0.53682642726225,0.5569042718523681,0.6199834300001795,0.43902029613098165,0.6088440041292095,0.6172571347200322,0.6652389611419438,0.6410076722225053,1.144902800028877,0.8291323852621115,0.190731607855259,0.0,0.0,0.0,0.060572105081410754,0.0,0.0,0.0,2.5535096661663954,4.940129608490316,4.837935817158967,3.312621571509914,0.6259472965503018,0.6008147267664034,0.32103929742992365,0.7902729257050792,0.5098825412885032,0.6439000067632354,0.5119106612781711,0.36005420750438477,0.708340462187077,0.6278523610748346,1.083027300144779,1.0697179074197325,0.31554623703410556,0.0,0.0,0.0,0.0,0.0,0.0,0.0,2.5890221427463596,4.646973272817443,4.699071226530973,3.3494431277452397,0.5129898168509922,0.7115300495745138,0.46845130416735425,0.5684079741638192,0.5961340421145803,0.3742246097917946,0.5534200813762413,0.7372258038417961,0.309320902428235,0.6963422599881594,0.0,0.0,0.0,0.0,0.0,0.0,0.0,0.0,0.0,0.0,2.699778209703943,4.991023099529733,4.503315376858689,3.2138173074555287,0.5074006022343601,0.46673559733218994,0.5718878448909971,0.40524909564052947,0.6255747211541302,0.6895553542804657,0.4661153590003684,0.758471710589075,0.5652238449502526,0.6348180281568558,0.0,0.0,0.0,0.0,0.0,0.0,0.0,0.0,0.0,0.0,2.5286391964650923,4.867809105755117,4.418740515807426,3.703493791043132,0.5742697094273274,0.5731600534237242,0.26140044349358066,0.8146794133746347,0.694846694775078,0.6250306965373016,0.35105748776476287,0.5944546465497291,0.5888367104551723,0.35039858881424135,0.0,0.0,0.0,0.0,0.0,0.0,0.0,0.0,0.0,0.0,2.5815988844209183,4.863098023899506,4.93744024919411,3.091225742890508,0.35668588189830347,0.7970216331781993,0.5491897819896656
4.479642508531361,3.1034043732576886,0.5562734851544329,0.5640962274383089,0.5600951745485826,0.2333087700416686,0.8431571004149185,0.0,0.0,0.0,0.0,0.0,0.0,0.0,0.0,0.0,0.0,2.4499284498080316,3.5120186141602883,4.349210922621786,3.8880978384735525,1.2360284810874247,0.6373653450516522,0.44259565596593636,0.4329896215217668,0.5205491152578546,0.5403520475100325,0.46796800931860005,0.5422813665065204,0.15420169484197785,1.007320117403583,0.0,0.0,0.0,0.0,0.0,0.0,0.0,0.0,0.0,0.0,2.3049495150972583,4.131238197565127,4.324981871050479,4.299341839279802,0.4934027270205964,0.5699827027538306,0.6441062817700622,0.36804291432551306,0.6597781026284782,0.40742214462146503,0.5083591112076264,0.41638099364097214,0.4167323003155673,0.621447503073458,0.8987658973821837,0.6525421993029976,0.0,0.0,0.0,0.0,0.0,0.0,0.0,0.0,2.45291295767891,4.459331275424557,4.05074730670831,4.174744017679855,0.37680953801795325,0.5875628455707196,0.3844760693397688,0.4914321329796185,0.6943979996427522,0.5602682982485621,0.5014161966379039,0.5512907246021199,0.4552528604394258,0.6512302996093708,1.1417838069719233,0.8230930057486141,0.4778254346387126,0.0,0.0,0.0,0.0,0.0,0.0,0.0,2.5951836816925766,4.207929537676931,4.055991335867727,4.272719697631284,0.7059207626016741,0.5357485266386368,0.3625114633813224,0.4519072778892737,0.5723675233137445,0.5698648181067043,0.6042268510415476,0.5423555264258103,0.1866361745542069,0.6042091009341375,0.0,0.0,0.0,0.0,0.0,0.0,0.0,0.0,0.0,0.0,2.8618279845733507,4.270306865850576,4.479642508531361,3.420243217333978,0.529102980124784,0.5838466732243504,0.5386286201142642,0.3656293989370033,0.5586993227713332,0.6168182898118408,0.40405528910969474,0.5729088954520227,0.20705651517410922,0.57568061275059,0.0,0.0,0.0,0.0,0.0,0.0,0.0,0.0,0.0,0.0,2.660953369499163,3.8945825958034708,4.08723502600528,4.2736806901600355,0.7798119139821549,0.40737853246552097,0.5037872140946925,0.5252510105419361,0.4899158758314302,0.651682514578096,0.5488396799828574,0.4137090005961155,0.6505300687353882,0.6139675748139667,0.0,0.0,0.0,0.0,0.0,0.0,0.0,0.0,0.0,0.0,2.8668166511820985,4.384692413365307,3.7498127319607093,4.0864644855376415,0.5587940901653974,0.5149219767497807,0.4980640682886143
4.883565229337928,2.6022528233438065,0.7043029041086839,0.31387725119645554,0.6498259397024344,0.39872969725160573,0.9001938863279937,0.0,0.0,0.0,0.0,0.0,0.0,0.0,0.0,0.0,0.0,2.695029235856672,4.722225601862387,4.298555103366358,3.5757251406206922,0.3216374139617863,0.7800675305469417,0.48666156815154565,0.5663890417614681,0.47343436719124565,0.45136875764470685,0.33442873294040054,0.7448933408719729,0.0,0.8980074857831557,0.0,0.0,0.0,0.0,0.0,0.0,0.0,0.0,0.0,0.0,2.3991250214944726,4.29028578673348,4.566474338240539,4.050941870049403,0.6118980740580318,0.30661110418806586,0.6702675802983317,0.4764903541189823,0.5345914350407133,0.5990740737620641,0.6424576587814472,0.5133942775922955,0.4910846380761715,0.7509630482922296,0.7793575600537278,0.6638218612426883,0.024912671290511397,0.0,0.0,0.0,0.1867550129547606,0.0,0.0,0.0,2.4676331565666287,4.315144900018068,4.427300283931624,4.0599659423773735,0.5942246434457558,0.4012253037796153,0.7933334527138278,0.5506551142549677,0.43552751690875713,0.7030675780548341,0.35009795691704254,0.7414996451914849,0.5970660638698864,0.6342864852839892,1.0726563359298198,0.985002856500719,0.3797038761926892,0.0,0.0,0.0,0.0,0.0,0.0,0.0,2.3061812926830605,4.868183636578056,4.736923439337574,3.491699481533772,0.6128968536777128,0.3607515818995358,0.8211783993292527,0.5560405351794966,0.5862726028572981,0.5070345678176151,0.6048020409555114,0.45718347036675433,0.558526966721218,0.892219212251469,0.0,0.0,0.0,0.0,0.0,0.0,0.0,0.0,0.0,0.0,2.5400394965502775,4.557015326981205,4.738103475966238,3.3258172981412546,0.585772196015216,0.5785430938352716,0.613277748416246,0.5138502761767518,0.5121413777135885,0.5174065567384304,0.7065671583839157,0.6459852007251584,0.33828928280471415,0.7803443447824305,0.0,0.0,0.0,0.0,0.0,0.0,0.0,0.0,0.0,0.0,2.449107270672595,4.631462996984265,4.595423748373987,3.417919710079318,0.6022503249618725,0.5784453467292314,0.5689079011019502,0.5386060520075636,0.5136915412902954,0.5630162576825775,0.501903356180599,0.4911485915474749,0.4591123319230353,0.5823309360869878,0.0,0.0,0.0,0.0,0.0,0.0,0.0,0.0,0.0,0.0,2.8273604307362374,4.883565229337928,4.860314921238165,2.897035691988421,0.5124785554300976,0.6754735004334091,0.48168639257344426
4.908027179944198,2.7899990802602748,0.6463309997207387,0.6737666602817638,0.4606917610046064,0.5258281225697627,0.6543593076027636,0.0,0.0,0.0,0.0,0.0,0.0,0.0,0.0,0.0,0.0,2.76000511172679,5.058461096384314,4.873111491592275,2.8214409242791647,0.61130671599123,0.6153131317607097,0.5797131285318803,0.5640428556181214,0.48373105066597333,0.3246116900379621,0.6354619852404175,0.5978710453838428,0.6109181011821341,0.6476942768409555,0.0,0.0,0.0,0.0,0.0,0.0,0.0,0.0,0.0,0.0,2.460838978752605,4.5437833011006425,4.489717560014412,3.8155538201781485,0.4644172467817696,0.5278061497643911,0.6977630306535026,0.521765396684602,0.5074173101439182,0.6322618014349907,0.5027255727101528,0.4950730059476652,0.4066513749864043,0.8008205125916303,0.7506023982317357,0.8419628621474722,0.3690076838471903,0.0,0.0,0.0,0.26052351384359795,0.0,0.0,0.0,2.593766431442454,4.594999026117891,4.89424031237457,3.4213926391890075,0.6626586709698682,0.47235391403363775,0.5784905852619295,0.3712209402693282,0.7284831079412154,0.5804621236027294,0.3577777025779535,0.5253454568604223,0.8284906819432221,0.6281050912459188,0.842060795148037,1.127517673244805,0.4775470592950324,0.0,0.0,0.0,0.0,0.0,0.0,0.0,2.666496688978889,5.021494259485059,5.058461096384314,2.595107706033353,0.8237498332075405,0.6670703273315158,0.43793156216758033,0.7092450698156368,0.8133419863798352,0.5223036793544216,0.5307918276072199,0.4618685901598029,0.4172759771578607,0.6570998460646518,0.0,0.0,0.0,0.0,0.0,0.0,0.0,0.0,0.0,0.0,2.6790096825096583,4.905545075159214,4.873889347445225,2.9714427504342695,0.5502003176158391,0.6147662538603172,0.5295054592189545,0.6484966899246598,0.6409556462467139,0.3003277170838008,0.769608323684954,0.6111685941900626,0.6233599946250574,0.5849776051595496,0.0,0.0,0.0,0.0,0.0,0.0,0.0,0.0,0.0,0.0,2.7192085347592405,4.880925537161992,4.9219768304351215,2.8827433149491997,0.7393595129180296,0.5860295724575568,0.43657912208845817,0.6466306610962066,0.4893199824420689,0.6408474457252389,0.4760290151961049,0.5491418363187532,0.2876027435462902,0.704150180578248,0.0,0.0,0.0,0.0,0.0,0.0,0.0,0.0,0.0,0.0,2.465606900052115,5.006292053285627,5.033040748074968,2.891473704374213,0.5865557576523598,0.37577520731230507,0.8572233107566486
4.628435038724956,3.184776484753994,0.4604605299800773,0.6605656446781436,0.6166441725440697,0.6196212446180613,0.5822619349486494,0.0,0.0,0.0,0.0,0.0,0.0,0.0,0.0,0.0,0.0,2.60394826671628,4.856629582592477,4.769450809569621,3.4437363863338177,0.49311450787470174,0.596575305553113,0.41602724950796316,0.43471626812725783,0.7306318799837048,0.5294690240039518,0.46299091783082247,0.6279572987362609,0.568547396172314,0.6689846598891055,0.0,0.0,0.0,0.0,0.0,0.0,0.0,0.0,0.0,0.0,2.594549527918715,4.75488348744673,4.9017648521195,3.393328977161978,0.637594186346331,0.6047448573496894,0.5236682509030024,0.5529649243064655,0.6077995621094012,0.573271791406002,0.49888475035171626,0.5817727280730234,0.5739125519903873,0.7322433926140993,0.8267281484384316,0.8500985012311002,0.5213792758733611,0.0,0.0,0.0,0.29249182020715764,0.023242270000714882,0.0,0.0,2.8116417774737523,4.833798154151672,4.878185131693924,3.0551376767343106,0.5123072176608693,0.534532719012069,0.48352577144705977,0.440807285426996,0.5604371068538413,0.6278736958707003,0.6748424265102069,0.40509808021103116,0.6196562628064577,0.6901713924178898,1.2571917909612347,0.9970926738253514,0.6591465837435759,0.0,0.0,0.0,0.0,0.0,0.0,0.0,2.6057211211328064,4.414182978742443,4.767493189984355,3.7622736229685394,0.6148081315432805,0.4818661457188682,0.5749407403846177,0.420043491401094,0.6427191248076941,0.44577790213492285,0.573697416037082,0.5160646083397717,0.445805832232282,0.7825403442071854,0.0,0.0,0.0,0.0,0.0,0.0,0.0,0.0,0.0,0.0,3.1835063512611255,4.699296683318291,4.555533674917868,3.239292766349047,0.48705450598590644,0.6502751326597958,0.44420461294218594,0.7283251464675348,0.5834074064440188,0.522019222014868,0.5705576027631214,0.45904879897991124,0.6133404809055701,0.7055996686497358,0.0,0.0,0.0,0.0,0.0,0.0,0.0,0.0,0.0,0.0,2.8433467867672135,4.594476581237009,4.9017648521195,3.283179824405559,0.5751813182873926,0.4314709021830603,0.7192522904153412,0.5558569582831788,0.4149662743506135,0.6573349383278925,0.5395802243048365,0.6042735884693006,0.49152800320725243,0.6625947406467156,0.0,0.0,0.0,0.0,0.0,0.0,0.0,0.0,0.0,0.0,2.530371030635661,4.477032003868104,4.820750038678653,3.467259982262992,0.705102462179818,0.49087773951107666,0.5037688592850007
5.18267974129264,2.6293566669670985,0.6474754161347388,0.4606295497891901,0.5123375399971205,0.7044741527689793,0.5837322849337587,0.0,0.0,0.0,0.0,0.0,0.0,0.0,0.0,0.0,0.0,2.3212024798065904,4.822650592508813,5.18267974129264,3.362961735720304,0.6955554149337355,0.5657591191451243,0.4987434231438275,0.6332374516133146,0.5606146551692982,0.5950061724333459,0.3568149730144724,0.594405030534426,0.3026559029402389,0.9579766542771608,0.0,0.0,0.0,0.0,0.0,0.0,0.0,0.0,0.0,0.0,2.1589107503341283,5.18267974129264,5.18267974129264,3.2226001899674834,0.5088208356305652,0.5376104130579671,0.6949108514379452,0.5202710156154112,0.5705842668257863,0.579322906500179,0.426414741477459,0.7184838275342887,0.5330036149523898,0.790285012300258,1.0637173839628407,0.5769838998057004,0.0,0.0,0.0,0.0,0.06734112421041694,0.0,0.0,0.0,2.5962813130427893,5.1666953030137295,4.974984322263346,3.0526015565399143,0.6289570085004059,0.4812729798939571,0.4009676398094232,0.7478994916633529,0.5191142764332771,0.48265334860452275,0.6104928544574562,0.5699599583338545,0.2683554955665233,0.9651544008486856,0.9841662415611339,1.039304432811674,0.3449030992183675,0.0,0.0,0.0,0.0,0.0,0.0,0.0,2.6777609774105198,4.857729028597436,4.682510829364721,3.3978283950893964,0.3461741642962851,0.7614324867964425,0.658901128525833,0.383281286882489,0.7873798906605809,0.37745939616365753,0.6042567816301665,0.49854347847062025,0.5716297092379004,0.44997639482677343,0.0,0.0,0.0,0.0,0.0,0.0,0.0,0.0,0.0,0.0,2.689185574686647,4.9171484386146656,4.963836207870141,3.1913790569631533,0.5797901624159488,0.565035850810877,0.5235134731695379,0.5755016735826266,0.8034029930856176,0.646292374104696,0.48074294615975705,0.6136758509038422,0.3634073893978472,0.6839300690276889,0.0,0.0,0.0,0.0,0.0,0.0,0.0,0.0,0.0,0.0,2.6286192811425995,4.88817442022057,4.298211000802615,3.8535361752767163,0.702373479242928,0.6293665826082625,0.6206782056691788,0.7024209606908802,0.5495952179337149,0.638208247327327,0.6506202667063795,0.3369052105026453,0.5157744428765176,0.7008994890438567,0.0,0.0,0.0,0.0,0.0,0.0,0.0,0.0,0.0,0.0,1.9844588249006936,4.967553137399749,4.685157143246995,4.011163630580999,0.572747933465358,0.6440054539497939,0.3577101137360434
5.401972864013653,2.010076371447121,0.717633698960362,0.5931514201742827,0.5627188014676551,0.8138591460123721,0.5670124503161391,0.0,0.0,0.0,0.0,0.0,0.0,0.0,0.0,0.0,0.0,2.954055752940982,4.570596646801135,5.343517966882733,2.323868386661189,0.7002957653529325,0.6036381280788419,0.5511593733332409,0.6896662623185095,0.504140357858938,0.4771951079323689,0.5908273656208386,0.48660125324567355,0.6086116768472571,0.5748496367575111,0.0,0.0,0.0,0.0,0.0,0.0,0.0,0.0,0.0,0.0,2.403224099199845,5.365096007833131,5.427618795319825,2.118099172850453,0.48250648177360583,0.5536854667636578,0.6964928466763605,0.6880329848810353,0.6872673059372588,0.5085542658714772,0.591374890471469,0.7391270064697564,0.639385958271218,0.8166234026350585,1.2911798149732454,1.0823832707661252,0.4086628938341884,0.0,0.0,0.0,0.14354588565026055,0.09824195579480843,0.0,0.0,2.6374587214371332,5.25111606850852,5.230993583588517,2.0361519368295715,0.7437520750627536,0.4730582049528975,0.7495687638159061,0.5762263497524089,0.6029803599826218,0.7321785898813264,0.6415564685311265,0.4805135209157986,0.602281074757014,0.4573579152354722,1.1521202564213198,1.322706693656377,0.8009762446807352,0.012807710135691153,0.0,0.0,0.0,0.0,0.0,0.0,2.8082150680383484,5.262483717386031,4.891732760201986,2.371065371352696,0.6856739206945109,0.7396769443927382,0.6192034720866606,0.5966463378795317,0.5850060332712868,0.5403873947950003,0.6525729914537478,0.6193185972079126,0.6353563546129082,0.8375855364517578,0.0,0.0,0.0,0.0,0.0,0.0,0.0,0.0,0.0,0.0,2.6253594530889,5.343257380702041,5.191644386885043,2.126548392968057,0.5719864076000843,0.5885174535122155,0.41794657731460594,0.7607760839829598,0.5778182827367614,0.6713443689967812,0.5813333447890765,0.6984844945166511,0.09689937233222667,1.1326714232048052,0.0,0.0,0.0,0.0,0.0,0.0,0.0,0.0,0.0,0.0,2.4778456870881858,4.753652790571858,5.021720268229908,3.2271793790666132,0.5537751610596443,0.6616371781562111,0.6813198439088625,0.5506702891306577,0.7372636575343627,0.3965380979476968,0.7609803188666922,0.5784173129728578,0.5183264255997767,0.8904289569893157,0.0,0.0,0.0,0.0,0.0,0.0,0.0,0.0,0.0,0.0,3.051619214017915,5.140161853691829,5.395210590715314,1.8690505474180172,0.7224140736758806,0.4452761239138894,0.6656401072681882
4.78199694031594,2.8214870879544574,0.5793532042368789,0.4900268418899992,0.5260449093394427,0.515200975231465,0.5634384249891807,0.0,0.0,0.0,0.0,0.0,0.0,0.0,0.0,0.0,0.0,2.668196197541878,3.9259548575874974,4.377958804822025,4.316975451831176,0.6592983020837371,0.45540176084712575,0.696659909403063,0.37539996859196184,0.6646162812835116,0.5965249384420269,0.6281064664943731,0.572624902572458,0.6497804841639934,0.7341937974227737,0.0,0.0,0.0,0.0,0.0,0.0,0.0,0.0,0.0,0.0,2.4268122732250084,4.287107579540626,4.487752903466468,4.16303221287513,0.5104044255254735,0.5761571453414362,0.610661691646042,0.48404533184045456,0.657470940097434,0.5107021695248747,0.6479289301276651,0.6165100292597329,0.5602985282496329,0.7326364282540507,0.5879916230509483,0.667407421062487,0.24421919164540462,0.0,0.0,0.0,0.0,0.0,0.0,0.0,2.2096205260942416,4.324373450949125,4.689348548813101,3.9848852206233527,0.6257781805560007,0.5726228203445859,0.5641571250620151,0.6265894542197425,0.4393561091662251,0.7019882687550407,0.4463612907298592,0.6480786474875625,0.5407402307018595,0.4359529474586969,1.2603293483680655,0.822692854240378,0.4296320109525027,0.0,0.0,0.0,0.0,0.0,0.0,0.0,2.413469107999618,4.579183951271013,4.220496752935028,4.0936161810613525,0.5166984847828935,0.6598834288731482,0.601971742961669,0.4901131007225891,0.5583609961839675,0.4144031286564338,0.6738772594178858,0.5072039592412607,0.43499718441717145,0.9214842856708813,0.0,0.0,0.0,0.0,0.0,0.0,0.0,0.0,0.0,0.0,2.8901605415349794,4.646195372033112,4.487145827251278,3.2787740774905116,0.4846220635682753,0.6078276183538575,0.40145946315369535,0.574240412210662,0.6301827576299884,0.5810296080699147,0.5519035196084505,0.4946317090176354,0.20363197022293256,0.8481114018210721,0.0,0.0,0.0,0.0,0.0,0.0,0.0,0.0,0.0,0.0,2.2483039263121585,4.823631603130663,4.745669087748924,3.7009922462148177,0.49958101385416176,0.5986375480423889,0.43878141460483944,0.46659133723751767,0.43614292504925084,0.4357496032421269,0.5415576984724537,0.6127636816429847,0.5904495520922888,0.8362499742916923,0.0,0.0,0.0,0.0,0.0,0.0,0.0,0.0,0.0,0.0,2.8209437770607364,4.7502440480153485,4.534174796689167,3.2377394820446668,0.6331583191286158,0.6116913134459062,0.4264924693036196
4.936086695421204,2.545230913070234,0.5742524613819691,0.6027570703092631,0.526117698725229,0.45257568819302496,0.6112509342937981,0.0,0.0,0.0,0.0,0.0,0.0,0.0,0.0,0.0,0.0,2.8148742246253753,4.686313180342493,4.742801626430213,3.0065422916035875,0.46789805507722326,0.5893587820335292,0.6809485475467342,0.37572229392037,0.6709193982102971,0.5306246155934752,0.5586393026351404,0.548618273737705,0.47492600268024354,0.5011261900685979,0.0,0.0,0.0,0.0,0.0,0.0,0.0,0.0,0.0,0.0,2.082401913223277,4.508295870342932,4.574109727038013,3.9299285368013384,0.4308870389584627,0.5773840854888126,0.47685365339264835,0.6070659432081591,0.603518039345428,0.6343420912925255,0.6046534017779303,0.34850749214037574,0.5605260688672805,0.8345633514342704,1.0624639650728174,1.033757859510148,0.41351416770934196,0.0,0.0,0.0,0.11497257120155865,0.0,0.0,0.0,2.2546553173275354,4.544282571280948,4.8603556526670095,3.6366632972094464,0.5279747822243586,0.5886176999511186,0.5117444442421389,0.5706921782629759,0.5415274521792508,0.3892763827910509,0.6191698086206612,0.5336594866009882,0.40857917175134423,0.5303033427264108,1.226495564856144,1.0822633420639856,0.4070208599665417,0.0,0.0,0.0,0.0,0.0,0.0,0.0,2.5152615488965746,4.983293071130579,4.91728556853698,2.7861023586292584,0.7069874295414768,0.7670240202532986,0.6474464248902833,0.48921538363450384,0.6923599947922492,0.4251176605839903,0.634565681317512,0.5647444063111333,0.5278428211689551,0.6130339114088965,0.0,0.0,0.0,0.0,0.0,0.0,0.0,0.0,0.0,0.0,2.9809472919224373,4.884471050808727,4.838275944576706,2.5588402223435818,0.48325981348822117,0.4570221746172273,0.46633799328869363,0.34100174547458395,0.7236536560820352,0.5468514358414194,0.47816866531825075,0.40845224700894717,0.7424438163270269,0.5747790360417556,0.0,0.0,0.0,0.0,0.0,0.0,0.0,0.0,0.0,0.0,2.5140593863030816,4.969008571328947,4.759281334002249,2.9233990392729994,0.6075847030430238,0.4850159686955047,0.578285733990959,0.35507560948715294,0.6657613939060825,0.5706122299985846,0.5819520830117026,0.61475759378309,0.46020424625579937,0.6421238583833643,0.0,0.0,0.0,0.0,0.0,0.0,0.0,0.0,0.0,0.0,2.8776374791872876,4.920608292849104,4.974349548014984,2.5412350431769752,0.35886679097651064,0.5592788330293882,0.6913158590975961
5.186388695236263,2.4219405550666453,0.4220794144525991,0.9647128225777409,0.5700594667746256,0.6238197827286691,0.6489790835548551,0.0,0.0,0.0,0.0,0.0,0.0,0.0,0.0,0.0,0.0,2.562636143249078,5.186388695236263,4.809350607650386,2.8433435141793173,0.35756966230131465,0.6312174684558809,0.6659718669574708,0.5915615296905053,0.5393709140822079,0.5456301135024253,0.6935675975604183,0.6558812737035719,0.5109314653550107,0.8450620563809704,0.0,0.0,0.0,0.0,0.0,0.0,0.0,0.0,0.0,0.0,2.589960217189827,4.664228371726541,4.963647266203589,3.1467331591311485,0.5912885374329471,0.54814076133085,0.6980012042664474,0.6697770691952225,0.541875455810413,0.5974846532956479,0.6275813312864752,0.557039407370632,0.5921310427375926,0.538722568593295,1.0963958064647006,0.7110111629243905,0.0,0.0,0.0,0.0,0.0778384144137691,0.0,0.0,0.0,2.7638124283560144,4.875952278103291,5.0569692969806415,2.6345375541680607,0.737964472444345,0.616800003630177,0.3766590499646996,0.5714204929196912,0.6409445619126184,0.5697883201588114,0.5222745245726536,0.5879657713393859,0.5487213266122061,0.7667072147560945,0.8356772881278705,1.2368205573009492,0.50512341160296,0.0,0.0,0.0,0.0,0.0,0.0,0.0,2.6712264241737804,4.611269392360921,4.829885187626173,3.2148309690957424,0.5139396519610657,0.5265626876804512,0.4516583958506681,0.575056282491832,0.6317972668921078,0.5342186263246803,0.6115444687980879,0.4478457194171206,0.5201206573440027,0.3826880632799302,0.0,0.0,0.0,0.0,0.0,0.0,0.0,0.0,0.0,0.0,2.9412995805933067,4.851341128541708,4.823369535610403,2.727816373604125,0.7575197226906947,0.5504609569591293,0.3914087521816323,0.7913740650620062,0.720342222166769,0.7117081824276363,0.510561060381525,0.5378763999504768,0.7189407117449271,0.819864980159922,0.0,0.0,0.0,0.0,0.0,0.0,0.0,0.0,0.0,0.0,2.6900010724535677,4.868899518593907,4.608218794456732,3.1437329694482705,0.4949164193666905,0.6325085025107956,0.6302542862704167,0.5882952420711693,0.5713947671185133,0.37032769479853167,0.6994748934312313,0.6586020149707971,0.3890612769363861,0.6044533525302503,0.0,0.0,0.0,0.0,0.0,0.0,0.0,0.0,0.0,0.0,2.2472609165177717,4.888809780909432,5.10629402132792,3.083091797572321,0.5435639874324801,0.5590152417535931,0.43238628683894975
4.867470559231767,2.8767443178243464,0.6500647649066312,0.5450934567064486,0.4805115442630015,0.442589209433892,0.6872329148179688,0.0,0.0,0.0,0.0,0.0,0.0,0.0,0.0,0.0,0.0,1.5484521888809524,4.661641951408038,4.722720351564606,4.457009128074883,0.5710564618220837,0.6066410451749065,0.5770491218978158,0.5295718496349888,0.5017930485937528,0.5945920432776074,0.558145703882966,0.5601377578726323,0.286678562968879,0.9041783072372414,0.0,0.0,0.0,0.0,0.0,0.0,0.0,0.0,0.0,0.0,2.435260531559539,4.798613418493883,4.760428690462066,3.4715041306590315,0.6678078880780958,0.655838476321056,0.43728918122761773,0.7241670611821075,0.5365394364771844,0.703731941830449,0.620880881160447,0.5456588808504814,0.5937587188490094,0.5873160255494896,1.2142500122155522,0.6258430009287306,0.01800812597496204,0.0,0.0,0.0,0.0,0.0,0.0,0.0,2.1104044103389943,4.625595016755714,4.973722960548709,3.8334154328788017,0.6430642707108618,0.4109121306703456,0.7076576241945348,0.577324096721357,0.6082779718601686,0.6563960301256486,0.5165367176624962,0.5432578239078959,0.5020230873219084,0.6593472111885337,1.093387738028106,1.1032118056406395,0.3865860326816204,0.0,0.0,0.0,0.0,0.0,0.0,0.0,2.520862874824908,4.52729443751054,4.66852730726521,3.7143282857134414,0.58241678447694,0.48572336924578086,0.5791436202966473,0.6013704281865483,0.4239408029012143,0.5031354577023472,0.393606476190705,0.7401728498512432,0.3362273202583521,0.8137551147404611,0.0,0.0,0.0,0.0,0.0,0.0,0.0,0.0,0.0,0.0,2.7938691927938177,4.973722960548709,4.58894793719061,2.976596079251609,0.5567815668043599,0.6171185379306734,0.5109488035560128,0.5107465890596814,0.552261466663458,0.7136913393339522,0.625177104461251,0.595009678595394,0.5527844413081022,0.7182838625315021,0.0,0.0,0.0,0.0,0.0,0.0,0.0,0.0,0.0,0.0,2.464689582789589,4.882412678462332,4.915527004523434,3.3831449396294992,0.6603197595076218,0.643379019756234,0.5749063579089018,0.3313106999695802,0.8386772753965585,0.4855085478806174,0.6318332737843201,0.5572239553155572,0.1706923324513625,0.43264724125999443,0.0,0.0,0.0,0.0,0.0,0.0,0.0,0.0,0.0,0.0,2.668228953296164,4.406540152205942,4.869704635209847,3.5682498373178584,0.5048645819760528,0.2737796088350808,0.7083102469197281
5.1208386243977815,2.3684517655981083,0.6149462974988541,0.6196000038884154,0.583280836313343,0.6300647597765137,0.5700815676865876,0.0,0.0,0.0,0.0,0.0,0.0,0.0,0.0,0.0,0.0,2.257317310052794,4.578358198784011,4.855668474298692,3.6658492237464744,0.3151623458858151,0.7697638754779049,0.527495469001223,0.3875502732271584,0.7235270800327659,0.48387948181811485,0.6964036446190353,0.48442452225482135,0.38415790278460243,0.8908317335891144,0.0,0.0,0.0,0.0,0.0,0.0,0.0,0.0,0.0,0.0,1.9225462700101814,4.575045969189462,4.441025603468177,4.327303318146662,0.6932079889579897,0.6070684111055149,0.5375347967546936,0.6323607228712809,0.5099521426658357,0.4131229926414871,0.756803299823336,0.680779844624503,0.27867800516771174,0.9066803544686068,1.0079552378593304,0.5310513092654309,0.0,0.0,0.0,0.0,0.0,0.0,0.0,0.0,2.1870045895181365,5.1208386243977815,4.730647956729895,3.5557934842318932,0.5512287618318091,0.634392961709739,0.6427262873002254,0.4719637731064607,0.622645195864998,0.6048982875172357,0.5280939614425492,0.5467492746925968,0.5851546413789349,0.6665812812030989,1.2574891889753725,0.9239976332045928,0.24986898571844485,0.0,0.0,0.0,0.0,0.0,0.0,0.0,2.585562594959215,4.8307181145464835,5.1208386243977815,2.887844201300834,0.6710031707311865,0.49957501032101753,0.5954673071749564,0.587452221678357,0.49781300207521917,0.5253421003641392,0.44599662180706523,0.5032534125274699,0.7560686975626923,0.7579847102265224,0.0,0.0,0.0,0.0,0.0,0.0,0.0,0.0,0.0,0.0,2.6311136729423517,4.690299799267617,5.038156780163168,2.9924225416169477,0.4242656731078418,0.5179161306968855,0.5764091637475511,0.38058394294843884,0.5257413748210739,0.7230275470909684,0.5284131802029562,0.5342227036667325,0.5439745051358684,0.6919743941332621,0.0,0.0,0.0,0.0,0.0,0.0,0.0,0.0,0.0,0.0,2.465422277669618,4.955099453242822,5.08577166938195,2.8743995485177085,0.5210126021370993,0.6464011607057311,0.5311573869300024,0.6473595133730013,0.5516175152706596,0.5097200848426949,0.6679256113824602,0.5504089539438155,0.4390105189705218,0.7015357073498866,0.0,0.0,0.0,0.0,0.0,0.0,0.0,0.0,0.0,0.0,2.543922672342997,4.961667312726029,4.861786116490955,3.1275975501939812,0.5795567442269938,0.596318221783661,0.3552272735424956
4.830785369795479,2.839564170183254,0.47955393860646467,0.7004346510956085,0.5873056920478045,0.4977200717012278,0.7541832852817437,0.0,0.0,0.0,0.0,0.0,0.0,0.0,0.0,0.0,0.0,2.5332963861784354,4.0786254222082965,5.153139509043563,3.6984812436931254,0.5427135768244471,0.5050268516090832,0.5902871890032299,0.7232322095123969,0.6401972872123365,0.6650985337908065,0.5190957118108629,0.5073432555326296,0.4290873418867714,0.8563530782710078,0.0,0.0,0.0,0.0,0.0,0.0,0.0,0.0,0.0,0.0,1.5515296588787173,5.149639264073385,5.203214085295944,3.7840641180628216,0.7884159066767035,0.5501063815372774,0.45682671845020717,0.7773180086849729,0.6196696883478836,0.5882996062782468,0.6505310198913766,0.6195563745329636,0.30360222762746586,0.8031634314406236,1.4702142161567917,0.512785633311407,0.16472641313261427,0.0,0.0,0.0,0.0,0.0,0.0,0.0,2.433357976076234,5.242086834017434,5.145878175503142,2.7105710119379576,0.66960571888669,0.5462738601866185,0.6369074369356872,0.6327312712777837,0.4678657398823174,0.6165060119746769,0.4333834864226632,0.4948734859167009,0.6678543084608124,0.5767785321680341,1.1986143894105827,0.7814045173648125,0.0,0.0,0.0,0.0,0.0,0.0,0.0,0.0,2.6479115135959255,5.242086834017434,5.217233108839302,2.5173391823402502,0.6590914089012407,0.4624827244304267,0.4939301272807792,0.6447820248075081,0.4608185648524672,0.4669034943153513,0.4664890546152333,0.7640829027680069,0.5099061416701405,0.7528634821376681,0.0,0.0,0.0,0.0,0.0,0.0,0.0,0.0,0.0,0.0,2.555841900551125,5.195627955204194,5.076832195860894,2.957019744543056,0.43845898707381564,0.7009054828496876,0.6451010362798622,0.6070520455471475,0.5072302346017403,0.5730094635406969,0.45128041209876996,0.6512295995846682,0.2657145550259774,0.8017687113415137,0.0,0.0,0.0,0.0,0.0,0.0,0.0,0.0,0.0,0.0,2.4650921351645128,4.54390178399517,4.983361219313674,3.307336331737767,0.6967871330487654,0.47305369927027274,0.6519611078178872,0.6400727672575075,0.5241341550496812,0.7274419668004627,0.590663841670407,0.6431321214293665,0.49503887113635875,0.7855025120043468,0.0,0.0,0.0,0.0,0.0,0.0,0.0,0.0,0.0,0.0,2.65215307811114,5.0493536427890415,4.733332398658262,2.9726304257760434,0.5659087102599498,0.6429627741286731,0.4164015706763868
5.101795763469687,2.4115066985407174,0.5797913213316798,0.5837867646843158,0.673041738658586,0.6818004859410367,0.6406881301099984,0.0,0.0,0.0,0.0,0.0,0.0,0.0,0.0,0.0,0.0,2.6087944227319992,5.1615935211708885,5.221889610947169,2.3650488723696146,0.557644894000439,0.6357696897891706,0.37982253605040817,0.7963372722295737,0.48966005590017786,0.6262571292809901,0.46489165784630787,0.5706280422453732,0.1534856754746825,0.8741902879261477,0.0,0.0,0.0,0.0,0.0,0.0,0.0,0.0,0.0,0.0,2.0517896340461874,5.221889610947169,5.015224372276653,3.1620108231771167,0.5495135087392183,0.5242662036560813,0.5711192105263149,0.6261071636907762,0.6946763799802912,0.5081409365394726,0.589714505971201,0.5782346928057638,0.41179127205911437,0.7862718192446253,1.3381611583345092,0.8768601682324373,0.3036049400646821,0.0,0.0,0.0,0.0,0.0,0.0,0.0,2.499659606253716,4.465556018970808,4.790771584858539,3.6229132863974884,0.4017826796802337,0.6681001664011019,0.6142400811058496,0.44173480537462567,0.7546129152947614,0.6208158885459177,0.30303808436112445,0.9230000985018659,0.5856309299998811,0.6008226561268684,1.2413962116922908,0.9866540580965925,0.46156963574643406,0.0,0.0,0.0,0.0,0.0,0.0,0.0,2.6210494339707004,5.221889610947169,5.183164253589238,2.428711888113978,0.42817927057833727,0.5818094307171949,0.5015874936473085,0.7605041791911731,0.6029841640306524,0.6994185361965402,0.5332709783984219,0.7022939531502038,0.5597621392616916,0.6065129355627992,0.0,0.0,0.0,0.0,0.0,0.0,0.0,0.0,0.0,0.0,2.8716169960165665,4.667130658067918,5.056351031370916,2.653372687542226,0.4746742267352615,0.6558972352291257,0.5692148294531536,0.45349944748073445,0.6267882085679125,0.6418035546021811,0.6145250605262595,0.4628724351103881,0.26006902210339766,1.1437749522820997,0.0,0.0,0.0,0.0,0.0,0.0,0.0,0.0,0.0,0.0,2.2071288004346767,5.091214648548894,5.062004494846608,2.8706073013378637,0.9404745399659582,0.41685895885851054,0.6665472686946103,0.43615884577334507,0.7213137476435201,0.4797713481812169,0.48579281222701,0.8224616103466025,0.6279033634260791,0.5798021359397103,0.0,0.0,0.0,0.0,0.0,0.0,0.0,0.0,0.0,0.0,2.8024814768486612,5.112785212430519,4.776444410154266,2.8605029995607705,0.5087227609043975,0.7061503478702339,0.6736482223787281
4.71637108085777,3.0214293978624256,0.3919245326440137,0.62189822019597,0.7321764858660061,0.22540220965810456,0.8862259589511137,0.0,0.0,0.0,0.0,0.0,0.0,0.0,0.0,0.0,0.0,2.340148715079426,4.801842577639539,4.740551488491966,3.742644048901864,0.5630565832521306,0.6732946248737927,0.5904867091215892,0.6617256379873108,0.5952937091762366,0.6393999887895839,0.4006700628380589,0.5376393256240045,0.7463742219666556,0.7733529575097104,0.0,0.0,0.0,0.0,0.0,0.0,0.0,0.0,0.0,0.0,2.1518219770107647,4.855331608083825,4.841740634047688,3.8083827332249873,0.5440999337913468,0.6324109049817843,0.6471965082242087,0.6308579732716721,0.4801259493167686,0.5503856706512795,0.5528494689381019,0.3310164888420937,0.6294561411056356,0.7545347423871491,0.8000930286333716,0.5912025717565041,0.0,0.0,0.0,0.0,0.05318000862713233,0.0,0.0,0.0,2.091031511557306,4.755500749466305,4.909532789858347,3.7243601987664414,0.650988929948568,0.550542815212048,0.5297279222851871,0.3543712222786255,0.637031640813654,0.4230740553245491,0.6738851511851656,0.5151826820844545,0.5902973419343671,0.6605769625323592,0.9211858840591134,0.6427076695650396,0.0,0.0,0.0,0.0,0.0,0.0,0.0,0.0,2.5161338461191614,4.599340719368478,4.638152544008954,3.8259792838345317,0.5516181504206912,0.631113083186957,0.40375450095890403,0.6416520398976409,0.6918574209616436,0.5766548867136883,0.3157612100826848,0.738588004800824,0.5476809714675956,0.7148846018323559,0.0,0.0,0.0,0.0,0.0,0.0,0.0,0.0,0.0,0.0,2.812888668031512,4.7640794796321915,4.9531046443788425,3.198020344471259,0.6141849711114212,0.6312427326750423,0.5718464259274546,0.48622433954896416,0.5352007268201501,0.6278590160077373,0.4844010991224193,0.6256418796996762,0.2569972133031108,0.5956938775537923,0.0,0.0,0.0,0.0,0.0,0.0,0.0,0.0,0.0,0.0,2.231832681268047,4.852573407611898,4.9531046443788425,3.5653260421482633,0.4463829852260147,0.6641832192538901,0.5785879478694398,0.2572974352377162,0.817959336462239,0.5757603847074406,0.5354756985354934,0.46147545220232494,0.5267441142431618,0.5813508052291922,0.0,0.0,0.0,0.0,0.0,0.0,0.0,0.0,0.0,0.0,2.6988226681689573,4.451253118055254,3.900995401113283,4.40932518045663,0.4590770403005457,0.5261434781609754,0.47784817176809163
5.047862764357193,2.442119035016912,0.3351279816380848,0.4852166882801627,0.5843294723563898,0.3970276563107842,0.702178254409457,0.0,0.0,0.0,0.0,0.0,0.0,0.0,0.0,0.0,0.0,2.5095227125735393,4.613853009757022,5.050376332098187,3.0636306153909887,0.5464232225187738,0.5616925840923372,0.5067627963891383,0.509488072938879,0.5387430441125292,0.40366524164300915,0.6671266231705214,0.6539433088622061,0.5841888592496275,0.6372979639663651,0.0,0.0,0.0,0.0,0.0,0.0,0.0,0.0,0.0,0.0,2.4770545072018666,4.792267701152886,4.74526560932784,3.2154540425246854,0.5810043757932333,0.4494493064924232,0.7630521525626072,0.6265629603749074,0.423205768927553,0.7653138346903439,0.5309748881453851,0.6354480903828859,0.512696846639422,0.8520895557802352,1.2430675329062035,1.0834545625276046,0.45011519304139647,0.0,0.0,0.0,0.44544794483322303,0.028218000992906056,0.0,0.0,2.7677368073045634,4.8471672879075935,4.925324435233178,2.5237311812691203,0.4043781322044071,0.5351530857357326,0.6142192679375227,0.6279264391611916,0.32699931308662405,0.7158812238276561,0.5964492917195455,0.4119047507483683,0.5294775203587722,0.5944985316303317,1.3540796410976288,0.9925331541128193,0.7192660736846368,0.1867000924472304,0.0,0.0,0.0,0.0,0.0,0.0,2.5620329053727926,4.619458457559713,4.573423479611729,3.211713750847574,0.7191455320444923,0.39361386013834226,0.6699112224626672,0.49873290991563624,0.5839836332949178,0.5168806968882445,0.42635027198798225,0.8673154120402822,0.3841649648921271,0.9931981628106488,0.0,0.0,0.0,0.0,0.0,0.0,0.0,0.0,0.0,0.0,2.8774671033925885,4.692577951314317,4.983119318979085,2.708802381043721,0.5849637731060756,0.46552821100531916,0.6492477804901072,0.5181377281956581,0.35555276509387934,0.6837050252722267,0.579536131206311,0.5308282927032691,0.07961041931114088,0.8923822746524328,0.0,0.0,0.0,0.0,0.0,0.0,0.0,0.0,0.0,0.0,2.7025828916462773,4.823405876461667,4.695433712858942,2.799297578466699,0.5964519628722056,0.5007353340427918,0.6836291824860222,0.6301761462954507,0.5609588627483019,0.6812777759457581,0.6383990367195455,0.576787448722942,0.623746405971319,0.4609860700004133,0.0,0.0,0.0,0.0,0.0,0.0,0.0,0.0,0.0,0.0,2.824051809961425,4.406638444740229,4.833942325116535,3.108291642215848,0.5837823808601752,0.5534739510534029,0.6351073617410514
5.396605942606075,2.3319909602897515,0.6769710937722732,0.5746922553064544,0.4714053942104736,0.7913046314099066,0.4946277444238021,0.0,0.0,0.0,0.0,0.0,0.0,0.0,0.0,0.0,0.0,2.5953696935638155,5.230929656646554,5.231406739141171,2.6277220555213776,0.46542703793273305,0.7142222664481802,0.7639334320960101,0.6617958985690935,0.6385648681377668,0.7504172231805235,0.5501379381527193,0.3681244969206634,0.5719646477974942,0.9498447380964999,0.0,0.0,0.0,0.0,0.0,0.0,0.0,0.0,0.0,0.0,2.2164812740703095,5.399068296454236,5.407221197840654,2.8624021137201865,0.5890481268839234,0.5856720606909402,0.611178291719696,0.6970147022080928,0.6076236263447212,0.5348943905420993,0.6303668463673721,0.5371467269073287,0.6374404698557953,0.6207942418445634,1.1254226118155086,0.9508977835341492,0.0277798850234782,0.0,0.0,0.0,0.22597292593018992,0.0,0.0,0.0,2.6023345305050816,4.990360914858995,5.0804688696296845,2.8149755371992904,0.7416906637925712,0.5515066120415038,0.5438307314558423,0.6705868253424503,0.44606369317750466,0.7874013975300009,0.5826033073082681,0.6313966596084447,0.4431116645940134,0.6823947963391372,1.3351909729350242,1.2894106436836397,0.2395460955408364,0.0,0.0,0.0,0.0,0.0,0.0,0.0,2.516694355131067,4.810602250049023,5.248688743863691,2.946924331625687,0.7087499553624421,0.6106123394968964,0.5956195408492806,0.48660878295939447,0.6612870509607,0.5287272821350713,0.5774099342365315,0.638549338107573,0.4521224773940635,0.7792411988018353,0.0,0.0,0.0,0.0,0.0,0.0,0.0,0.0,0.0,0.0,2.335882191392031,5.407221197840654,5.32660999772039,2.467763237338951,0.6971226685732319,0.5485808286410538,0.593849907527589,0.6362024708580607,0.415619848410749,0.6078385370440936,0.482664417484585,0.6544900079152812,0.5501216703117406,1.0672567981027796,0.0,0.0,0.0,0.0,0.0,0.0,0.0,0.0,0.0,0.0,2.5936069043947305,4.800732014047982,5.174588901581387,3.128100052357873,0.6442065712199947,0.5361987569307741,0.7069564296723055,0.5748768435148431,0.7281825366892599,0.5867594596076078,0.49194117682053834,0.6482782326189701,0.6616227180690393,0.7451209443949912,0.0,0.0,0.0,0.0,0.0,0.0,0.0,0.0,0.0,0.0,2.7404806226715506,5.154122459370431,4.9548852954567435,2.6874672460973197,0.6035006884138523,0.5727063343841873,0.6462738658438787
5.463599491369399,2.3137759211969513,0.5529861890334269,0.5919451288081643,0.6894177933786089,0.6298711551703965,0.7757504376681812,0.0,0.0,0.0,0.0,0.0,0.0,0.0,0.0,0.0,0.0,2.6336546997559287,4.842171395458903,5.435130917626987,2.766096229598113,0.5945939883549173,0.5593510769979154,0.4508454166775103,0.770670923973568,0.685584095297042,0.6334551816485796,0.627531910175357,0.6948374330320806,0.5309903485984491,0.8481686171242035,0.0,0.0,0.0,0.0,0.0,0.0,0.0,0.0,0.0,0.0,2.659905538492511,5.071379469845593,5.220865630877858,2.641513933865925,0.7800692163021293,0.5985846243909093,0.5610782337073863,0.6154531026236609,0.5599140589158605,0.649648856978846,0.4303065018875408,0.6735435551441005,0.6210428095777814,0.6486914443168228,1.1654077071257507,0.7522716985741749,0.5234966809292292,0.0,0.0,0.03372630148490785,0.4831907529800752,0.0,0.0,0.0,2.761062047525259,5.2388855632284885,5.279361940621974,2.006536526724809,0.5323284176217606,0.794837823546043,0.6006234669875105,0.6639622607188808,0.6829006400267073,0.48709573557089625,0.7579153068351364,0.5120589245201148,0.700945269771115,0.35366287730733065,1.5738172630062512,1.1473746261222628,0.5601430186649115,0.21732194092895085,0.0,0.0,0.0,0.0,0.0,0.0,2.7208588634637336,5.262456073671965,5.443932412407827,2.1359352643224048,0.5873168602595751,0.6192976721888048,0.6468681286403367,0.529545875180049,0.7329956987240601,0.4641215222226192,0.6178169822310718,0.6522144570042409,0.47753324763299326,0.8897344894671347,0.0,0.0,0.0,0.0,0.0,0.0,0.0,0.0,0.0,0.0,3.0201738528889255,5.381589101544509,5.194591028684643,1.9619254092942093,0.599949627867321,0.4754358423758098,0.8026566957938023,0.6851812382002702,0.3956505239208846,0.7966444441679131,0.6852947542781813,0.5238008745977226,0.4844658538219248,0.7762519082362376,0.0,0.0,0.0,0.0,0.0,0.0,0.0,0.0,0.0,0.0,2.717738325589207,4.875298702935658,5.06525233135861,2.690921204991667,0.69894965796613,0.46806957646697883,0.7300126999783407,0.7538242023469045,0.6664948683440468,0.6377116890110693,0.5682921096189579,0.7027317666634176,0.582659409192516,0.42572594006878584,0.0,0.0,0.0,0.0,0.0,0.0,0.0,0.0,0.0,0.0,2.926375828868625,5.233603735992703,5.467171446873028,1.8332655861768195,0.8592454996625326,0.4719296338160452,0.48235278746822735
4.7019784929506985,2.6696861220363823,0.5648499555683033,0.6126307220222826,0.4168798748907032,0.6707036286545519,0.7272014854062845,0.0,0.0,0.0,0.0,0.0,0.0,0.0,0.0,0.0,0.0,2.6502560347043875,5.108381487475332,5.108381487475332,2.4165579069572156,0.7540244328842857,0.5771447645634588,0.53066748345446,0.6167991747460776,0.6015859054439161,0.3289170733782468,0.7236755951652778,0.5170618478192117,0.04521694017589547,0.963046115938412,0.0,0.0,0.0,0.0,0.0,0.0,0.0,0.0,0.0,0.0,2.3358346128614835,4.419042511340196,5.024385608092385,3.4100682255292205,0.6093525693489971,0.6703616973663044,0.5102301608608724,0.5153576235782042,0.45090457521513366,0.8078148907597037,0.5731478160730021,0.4389857554935315,0.6530936782859464,0.7180015980432399,1.1413672841675349,0.7486456010577485,0.10329791134614175,0.0,0.0,0.0,0.0,0.0,0.0,0.0,2.3141241485405546,4.8654112078781155,4.955617163951456,3.1550997921018658,0.4769944292919773,0.6663340497274496,0.5947966917562675,0.5555622044550589,0.6880651456270979,0.47951531558736077,0.48553204675649153,0.5093375644093256,0.561191498223727,0.7684134857292868,1.3745149785531254,0.8678644497254346,0.0,0.0,0.0,0.0,0.0,0.0,0.0,0.0,2.75561563830951,4.893285497258957,4.940767034473685,2.570999621936875,0.6557852328467489,0.6138796507261922,0.6339182737291623,0.6126728777920789,0.4738496852958242,0.6884709719849662,0.57179079383847,0.5815131358544646,0.4935491085214018,0.6966073874444715,0.0,0.0,0.0,0.0,0.0,0.0,0.0,0.0,0.0,0.0,2.718168725879513,3.890838178395562,4.9616500919514435,3.6321043777476287,0.7062903784630977,0.6276333017351126,0.5226586696043263,0.6211109218875093,0.528934521248586,0.4733245831125879,0.782396348717766,0.28383498486460973,0.7005865492360153,0.7840493474916718,0.0,0.0,0.0,0.0,0.0,0.0,0.0,0.0,0.0,0.0,2.2082760632114167,4.7835042500162075,5.072537106624344,3.458401499036501,0.7786342502778644,0.4806403903836525,0.43785019269526476,0.5030548039135307,0.4702572502714209,0.652649483365925,0.3758087066888112,0.4948733462508879,0.6678891471305846,0.9533728167211728,0.0,0.0,0.0,0.0,0.0,0.0,0.0,0.0,0.0,0.0,2.35689948972093,5.017670851930589,5.108381487475332,2.7834805814393326,0.6307355934057752,0.5290368205087584,0.6766421882948037
4.679319312822598,2.837687885243654,0.480322375322369,0.4539169816686193,0.6098712400862739,0.5814513031014101,0.7790197507862997,0.0,0.0,0.0,0.0,0.0,0.0,0.0,0.0,0.0,0.0,2.212356942854508,4.231572167860392,4.679319312822598,4.0796849879550035,0.6008393675925916,0.5676820067651731,0.44794114534251295,0.40226669860254743,0.7549991693243042,0.3147397758999858,0.6558773824859196,0.521945745167208,0.19239021273599335,0.9315404127514455,0.0,0.0,0.0,0.0,0.0,0.0,0.0,0.0,0.0,0.0,2.4287740666089386,4.447412632383946,4.477704437413154,3.967801093159698,0.4612736394813502,0.5026128428525602,0.5288362045233861,0.48315243757786897,0.5346959680655692,0.6085373745896929,0.5839956488278626,0.42306786419318326,0.5974426898588052,0.7742857741954468,1.1944855056145045,0.5702756689755523,0.2391467399575009,0.0,0.0,0.0,0.0,0.0,0.0,0.0,2.3706999300282154,4.406834318216325,4.614819153054969,3.9631496273445324,0.6629054569543967,0.47421510884858087,0.4511243525608652,0.5617790986244937,0.5087244957318995,0.5493892553883921,0.4925013147158209,0.47727223249903455,0.4178413353317403,0.47182257725367277,0.9187897240557561,0.7547057303307539,0.2856867804322718,0.0,0.0,0.0,0.0,0.0,0.0,0.0,2.4663227239086254,4.430701237077218,4.437161593618616,3.7612967779685524,0.47494854793995006,0.5573876612490464,0.4741001472550237,0.48465782131496304,0.4529804753326777,0.6309339271908282,0.3853937852933229,0.6047988140452049,0.5098675849620343,0.5080381555359468,0.0,0.0,0.0,0.0,0.0,0.0,0.0,0.0,0.0,0.0,2.99112422649129,4.594123972305369,4.5055396823221034,3.022447289315435,0.6187652742983734,0.35786541303718644,0.7382059325052853,0.4916105568878158,0.4288217373224823,0.518329000063233,0.5314259637434308,0.2520523622942797,0.7291022713982653,0.6328479524333903,0.0,0.0,0.0,0.0,0.0,0.0,0.0,0.0,0.0,0.0,1.4776741149431416,4.679319312822598,4.578646254376158,4.465187248650064,0.5547540239907406,0.5146547995963976,0.5178003255004061,0.46544279730779753,0.6058241076612134,0.4864672999524085,0.5607103121627236,0.4772478653480686,0.03466711544714946,0.9386512034956535,0.0,0.0,0.0,0.0,0.0,0.0,0.0,0.0,0.0,0.0,2.7758610620834476,4.458235724142782,4.250754824125904,3.6669700869563733,0.6981143604803789,0.5594384807367782,0.5728484865086678
